ISO-10303-21;
HEADER;
FILE_DESCRIPTION (( 'STEP AP214' ),
    '1' );
FILE_NAME ('Single Fin & Control Surface Assembly.STEP',
    '2025-09-10T23:46:56',
    ( '' ),
    ( '' ),
    'SwSTEP 2.0',
    'SolidWorks 2025',
    '' );
FILE_SCHEMA (( 'AUTOMOTIVE_DESIGN' ));
ENDSEC;

DATA;
#1 = EDGE_CURVE ( 'NONE', #50, #702, #1486, .T. ) ;
#2 = CARTESIAN_POINT ( 'NONE',  ( -1.597982902993558163, 0.01999999956917482974, 0.6810328921520856227 ) ) ;
#3 = CARTESIAN_POINT ( 'NONE',  ( -1.460930218920126089, -4.308296879305095141E-10, -0.3095308674255146664 ) ) ;
#4 = CARTESIAN_POINT ( 'NONE',  ( -1.660614899011466417, 0.2349999999999988209, -0.2298469568583513256 ) ) ;
#5 = DIRECTION ( 'NONE',  ( 1.000000000000000000, 0.000000000000000000, 0.000000000000000000 ) ) ;
#6 = ORIENTED_EDGE ( 'NONE', *, *, #595, .F. ) ;
#7 = DIRECTION ( 'NONE',  ( -0.9905638349724136260, 0.000000000000000000, -0.1370521391469129990 ) ) ;
#8 = CARTESIAN_POINT ( 'NONE',  ( -1.798600661861456063, 0.09873244809908147956, 0.6330853583062943102 ) ) ;
#9 = LINE ( 'NONE', #1807, #816 ) ;
#10 = CARTESIAN_POINT ( 'NONE',  ( -1.002523505005536775, 0.000000000000000000, -4.822976775338962518 ) ) ;
#11 = EDGE_CURVE ( 'NONE', #1244, #1606, #161, .T. ) ;
#12 = PRODUCT_RELATED_PRODUCT_CATEGORY ( 'part', '', ( #1359 ) ) ;
#13 = DIRECTION ( 'NONE',  ( 0.000000000000000000, 0.000000000000000000, 1.000000000000000000 ) ) ;
#14 = ORIENTED_EDGE ( 'NONE', *, *, #890, .T. ) ;
#15 =( LENGTH_UNIT ( ) NAMED_UNIT ( * ) SI_UNIT ( $, .METRE. ) );
#16 = CARTESIAN_POINT ( 'NONE',  ( -1.820488102683572862, 0.1756413874296984257, 0.6502475833090843871 ) ) ;
#17 = EDGE_LOOP ( 'NONE', ( #894, #1423, #32, #1854 ) ) ;
#18 = DIRECTION ( 'NONE',  ( -0.9905638349724136260, 0.000000000000000000, -0.1370521391469132488 ) ) ;
#19 = LINE ( 'NONE', #1312, #1573 ) ;
#20 = CARTESIAN_POINT ( 'NONE',  ( -1.661716247617264886, 0.2138036376662700855, -0.3373111616097392851 ) ) ;
#21 = EDGE_CURVE ( 'NONE', #1071, #996, #1185, .T. ) ;
#22 = ORIENTED_EDGE ( 'NONE', *, *, #614, .T. ) ;
#23 = ORIENTED_EDGE ( 'NONE', *, *, #1553, .F. ) ;
#24 = AXIS2_PLACEMENT_3D ( 'NONE', #1307, #904, #316 ) ;
#25 = CARTESIAN_POINT ( 'NONE',  ( -1.756612622162986304, 0.3088588993960642570, 0.6590852482175069138 ) ) ;
#26 = AXIS2_PLACEMENT_3D ( 'NONE', #937, #1338, #497 ) ;
#27 = CARTESIAN_POINT ( 'NONE',  ( -1.494368703985833324, -0.000000000000000000, 0.02908151902527262439 ) ) ;
#28 = CARTESIAN_POINT ( 'NONE',  ( -1.759779979957923679, 0.3577939392393400531, 0.7091233225836500731 ) ) ;
#29 = CARTESIAN_POINT ( 'NONE',  ( -1.728906141130344798, 0.1592649352610025770, -0.02692415052041296358 ) ) ;
#30 = AXIS2_PLACEMENT_3D ( 'NONE', #847, #1422, #1280 ) ;
#31 = DIRECTION ( 'NONE',  ( 0.000000000000000000, 1.000000000000000000, 0.000000000000000000 ) ) ;
#32 = ORIENTED_EDGE ( 'NONE', *, *, #1175, .F. ) ;
#33 = EDGE_CURVE ( 'NONE', #1132, #75, #640, .T. ) ;
#34 = ORIENTED_EDGE ( 'NONE', *, *, #1243, .F. ) ;
#35 = AXIS2_PLACEMENT_3D ( 'NONE', #205, #967, #391 ) ;
#36 = CARTESIAN_POINT ( 'NONE',  ( -1.783917880893029162, 0.07217413300350422611, 0.6351168341883596247 ) ) ;
#37 = CARTESIAN_POINT ( 'NONE',  ( -1.571144056089061269, 0.3750000000000000555, -0.005096550450233782587 ) ) ;
#38 = CIRCLE ( 'NONE', #216, 0.02000000000000005940 ) ;
#39 = CARTESIAN_POINT ( 'NONE',  ( -1.571144056076350770, -7.513341777800597059E-13, -0.005096550451109333087 ) ) ;
#40 = CARTESIAN_POINT ( 'NONE',  ( -1.447770976675614385, 0.3550000000000000377, -0.3077101848652816218 ) ) ;
#41 = PRODUCT_DEFINITION_CONTEXT ( 'detailed design', #1174, 'design' ) ;
#42 = ORIENTED_EDGE ( 'NONE', *, *, #636, .T. ) ;
#43 = EDGE_LOOP ( 'NONE', ( #1615, #291 ) ) ;
#44 = CARTESIAN_POINT ( 'NONE',  ( -1.818521119050481749, 0.1874999999988234134, 0.6303292095613886037 ) ) ;
#45 = CARTESIAN_POINT ( 'NONE',  ( -1.447770976675614385, 0.3550000000000000377, -0.3077101848652816218 ) ) ;
#46 = EDGE_CURVE ( 'NONE', #1494, #1026, #541, .T. ) ;
#47 = CARTESIAN_POINT ( 'NONE',  ( -1.591675722780208524, 0.3750000000000000555, 0.7323818418557072052 ) ) ;
#48 = CARTESIAN_POINT ( 'NONE',  ( 4.244135283888759602, 0.3750000000000000555, -4.822976775338963407 ) ) ;
#49 = DIRECTION ( 'NONE',  ( -0.000000000000000000, -1.000000000000000000, -0.000000000000000000 ) ) ;
#50 = VERTEX_POINT ( 'NONE', #88 ) ;
#51 = VECTOR ( 'NONE', #544, 39.37007874015748854 ) ;
#52 = CARTESIAN_POINT ( 'NONE',  ( -1.449081231694866689, 0.002155461927803720146, -0.2982401302960280276 ) ) ;
#53 = PRODUCT_DEFINITION_FORMATION_WITH_SPECIFIED_SOURCE ( 'ANY', '', #1359, .NOT_KNOWN. ) ;
#54 = ADVANCED_FACE ( 'NONE', ( #530 ), #229, .T. ) ;
#55 = CARTESIAN_POINT ( 'NONE',  ( -1.711862439607401809, 0.07029437251761389005, -0.02456602308687269240 ) ) ;
#56 = CIRCLE ( 'NONE', #1128, 0.03124999999999983694 ) ;
#57 = CARTESIAN_POINT ( 'NONE',  ( -1.621134049124997034, 0.3072697470017816679, -0.3316963017508540723 ) ) ;
#58 = ORIENTED_EDGE ( 'NONE', *, *, #1848, .T. ) ;
#59 = CARTESIAN_POINT ( 'NONE',  ( -1.686951065469032285, 0.1874999999989268307, -0.3206120720120408385 ) ) ;
#60 = AXIS2_PLACEMENT_3D ( 'NONE', #398, #1522, #525 ) ;
#61 = CARTESIAN_POINT ( 'NONE',  ( -1.096705793903441473, 0.02000000000000000042, 0.7301979215896249320 ) ) ;
#62 = CARTESIAN_POINT ( 'NONE',  ( -1.002523505005535442, 0.3750000000000001110, -4.822976775338962518 ) ) ;
#63 = CARTESIAN_POINT ( 'NONE',  ( -1.759779979957923679, 0.01720606076065992612, 0.7091233225836498510 ) ) ;
#64 = APPLICATION_CONTEXT ( 'automotive_design' ) ;
#65 = CARTESIAN_POINT ( 'NONE',  ( -1.504461278910294686, 0.3737550762595810983, -0.2953632039055331671 ) ) ;
#66 = ADVANCED_FACE ( 'NONE', ( #68 ), #939, .F. ) ;
#67 = ORIENTED_EDGE ( 'NONE', *, *, #1156, .T. ) ;
#68 = FACE_OUTER_BOUND ( 'NONE', #1230, .T. ) ;
#69 = DIRECTION ( 'NONE',  ( -0.1370521391469130545, -0.000000000000000000, 0.9905638349724138481 ) ) ;
#70 = LINE ( 'NONE', #78, #528 ) ;
#71 = DIRECTION ( 'NONE',  ( 0.1370521391469138317, 0.000000000000000000, -0.9905638349724137370 ) ) ;
#72 = VERTEX_POINT ( 'NONE', #1085 ) ;
#73 = FACE_BOUND ( 'NONE', #824, .T. ) ;
#74 = CARTESIAN_POINT ( 'NONE',  ( -1.633294672446420570, 0.2914252260492870561, -0.3333788176884638355 ) ) ;
#75 = VERTEX_POINT ( 'NONE', #198 ) ;
#76 = LENGTH_MEASURE_WITH_UNIT ( LENGTH_MEASURE( 0.02539999999999999897 ), #931 );
#77 = CARTESIAN_POINT ( 'NONE',  ( -1.666201804316419732, 0.1687104552493951803, -4.822976775338962518 ) ) ;
#78 = CARTESIAN_POINT ( 'NONE',  ( -0.9623946975394667147, 0.3750000000000000555, -0.2405546366833404837 ) ) ;
#79 = CARTESIAN_POINT ( 'NONE',  ( -1.816382008979485096, 0.2178827629621374884, 0.6306251719222647489 ) ) ;
#80 = LINE ( 'NONE', #1783, #1485 ) ;
#81 = ORIENTED_EDGE ( 'NONE', *, *, #1699, .T. ) ;
#82 = VECTOR ( 'NONE', #949, 39.37007874015748854 ) ;
#83 = CARTESIAN_POINT ( 'NONE',  ( -1.096705793903441695, 0.3550000000000000377, 0.7301979215896249320 ) ) ;
#84 = AXIS2_PLACEMENT_3D ( 'NONE', #1305, #527, #946 ) ;
#85 = CIRCLE ( 'NONE', #335, 0.02000000000000005940 ) ;
#86 = CARTESIAN_POINT ( 'NONE',  ( -1.513331027630166803, 0.3526531153990760670, -0.3167809230738415915 ) ) ;
#87 = ORIENTED_EDGE ( 'NONE', *, *, #1392, .F. ) ;
#88 = CARTESIAN_POINT ( 'NONE',  ( -1.584823115823130513, 0.01999999999999999001, 0.6828536501070485709 ) ) ;
#89 = DIRECTION ( 'NONE',  ( 0.9691759639880594968, 0.2463695411933373158, 0.000000000000000000 ) ) ;
#90 = CARTESIAN_POINT ( 'NONE',  ( -1.770346811593345393, 0.2914252260484812562, 0.6571850172839480697 ) ) ;
#91 = EDGE_CURVE ( 'NONE', #902, #669, #1824, .T. ) ;
#92 = AXIS2_PLACEMENT_3D ( 'NONE', #1662, #1651, #941 ) ;
#93 = CARTESIAN_POINT ( 'NONE',  ( -1.703853396884340343, 0.2349999999999988209, 0.6663848935597723733 ) ) ;
#94 = CARTESIAN_POINT ( 'NONE',  ( 3.928947472379699324, 0.3750000000000000555, -2.772927436059439366 ) ) ;
#95 = EDGE_CURVE ( 'NONE', #166, #930, #1803, .T. ) ;
#96 = ORIENTED_EDGE ( 'NONE', *, *, #1632, .F. ) ;
#97 = FACE_OUTER_BOUND ( 'NONE', #803, .T. ) ;
#98 = CARTESIAN_POINT ( 'NONE',  ( -1.501720236120269281, 0.3737550760992575105, -0.3151744806040095992 ) ) ;
#99 = DIRECTION ( 'NONE',  ( 1.000000000000000000, 0.000000000000000000, 0.000000000000000000 ) ) ;
#100 = ORIENTED_EDGE ( 'NONE', *, *, #91, .T. ) ;
#101 = CARTESIAN_POINT ( 'NONE',  ( -1.774017547118488913, 0.2857433160230609115, 0.6566771427399745731 ) ) ;
#102 = CARTESIAN_POINT ( 'NONE',  ( -1.717807931857924020, 0.2349999999999988209, 0.7672432804826672115 ) ) ;
#103 = CARTESIAN_POINT ( 'NONE',  ( 3.110882696689250437, 0.3750000000000000555, -1.876586946750529616 ) ) ;
#104 = LINE ( 'NONE', #1705, #490 ) ;
#105 = ORIENTED_EDGE ( 'NONE', *, *, #1279, .T. ) ;
#106 = EDGE_CURVE ( 'NONE', #1269, #218, #453, .T. ) ;
#107 = CARTESIAN_POINT ( 'NONE',  ( -1.494368703985821778, 0.3750000000000000555, 0.02908151902529932872 ) ) ;
#108 = CARTESIAN_POINT ( 'NONE',  ( 3.239369077139482744, 0.000000000000000000, -2.805240542037167550 ) ) ;
#109 = CARTESIAN_POINT ( 'NONE',  ( -1.684586312814985609, 0.2133175737403605055, -0.3202848902612391302 ) ) ;
#110 = MANIFOLD_SOLID_BREP ( 'Fillet3', #1761 ) ;
#111 = ORIENTED_EDGE ( 'NONE', *, *, #1667, .F. ) ;
#112 = DIRECTION ( 'NONE',  ( 0.000000000000000000, 1.000000000000000000, 0.000000000000000000 ) ) ;
#113 = CARTESIAN_POINT ( 'NONE',  ( -1.652575381731639981, 0.3725527356457775663, 0.6734796020679445494 ) ) ;
#114 = DIRECTION ( 'NONE',  ( 0.9905638349724136260, 0.000000000000000000, 0.1370521391469139427 ) ) ;
#115 = CARTESIAN_POINT ( 'NONE',  ( -1.663367506315588384, 0.1742851126995173250, -0.3375396259740742755 ) ) ;
#116 = AXIS2_PLACEMENT_3D ( 'NONE', #1638, #1506, #979 ) ;
#117 = ORIENTED_EDGE ( 'NONE', *, *, #495, .F. ) ;
#118 = CARTESIAN_POINT ( 'NONE',  ( -1.698586662687054494, 0.01259035707769580632, 0.6469230657286990649 ) ) ;
#119 = CYLINDRICAL_SURFACE ( 'NONE', #1037, 0.03124999999999983694 ) ;
#120 = ADVANCED_FACE ( 'NONE', ( #1357 ), #1374, .T. ) ;
#121 = CARTESIAN_POINT ( 'NONE',  ( -1.657161836214775308, 0.2365352488884790438, -0.3366810236991585881 ) ) ;
#122 = ORIENTED_EDGE ( 'NONE', *, *, #1632, .T. ) ;
#123 = SHAPE_REPRESENTATION_RELATIONSHIP ( 'NONE' , 'NONE' ,  #1372, #1753 ) ;
#124 = CARTESIAN_POINT ( 'NONE',  ( -1.732876852582504235, 0.3488989964916364706, 0.6421787537409573421 ) ) ;
#125 = DIRECTION ( 'NONE',  ( 0.1370521391469137762, -0.000000000000000000, -0.9905638349724135150 ) ) ;
#126 = CARTESIAN_POINT ( 'NONE',  ( -1.649607500476356403, 0.02226825214717643997, 0.6738902313080086248 ) ) ;
#127 = ORIENTED_EDGE ( 'NONE', *, *, #495, .T. ) ;
#128 = DIRECTION ( 'NONE',  ( -0.9691759639880594968, 0.2463695411933377044, 0.000000000000000000 ) ) ;
#129 = CARTESIAN_POINT ( 'NONE',  ( -1.621134049124501431, 0.06773025299780183195, -0.3316963017507855160 ) ) ;
#130 = EDGE_LOOP ( 'NONE', ( #1414, #1076, #22 ) ) ;
#131 = STYLED_ITEM ( 'NONE', ( #652 ), #110 ) ;
#132 =( NAMED_UNIT ( * ) SI_UNIT ( $, .STERADIAN. ) SOLID_ANGLE_UNIT ( ) );
#133 = EDGE_CURVE ( 'NONE', #1569, #243, #1645, .T. ) ;
#134 = CARTESIAN_POINT ( 'NONE',  ( -1.801341704536028487, 0.2762675518554269516, 0.6528966350206948377 ) ) ;
#135 = DIRECTION ( 'NONE',  ( 0.9905638349724141811, -0.000000000000000000, 0.1370521391469096961 ) ) ;
#136 = AXIS2_PLACEMENT_3D ( 'NONE', #644, #1220, #1091 ) ;
#137 = CARTESIAN_POINT ( 'NONE',  ( -1.793418392396925798, 0.1353598282265587593, 0.6539928863066245546 ) ) ;
#138 = ORIENTED_EDGE ( 'NONE', *, *, #789, .T. ) ;
#139 = CARTESIAN_POINT ( 'NONE',  ( -1.584823115823229989, 0.02000000000000000042, 0.6828536501070353593 ) ) ;
#140 = DIRECTION ( 'NONE',  ( 1.000000000000000000, 0.000000000000000000, 0.000000000000000000 ) ) ;
#141 = ORIENTED_EDGE ( 'NONE', *, *, #1156, .F. ) ;
#142 = CARTESIAN_POINT ( 'NONE',  ( -1.652347827312049544, 0.07217413300254209296, -0.3158244473852288570 ) ) ;
#143 = CARTESIAN_POINT ( 'NONE',  ( 0.8168205176577726379, 0.1875000000000000555, -1.322976775338963407 ) ) ;
#144 = SPHERICAL_SURFACE ( 'NONE', #84, 0.02000000000000000042 ) ;
#145 = DIRECTION ( 'NONE',  ( 0.1370521391469138317, 0.000000000000000000, -0.9905638349724136260 ) ) ;
#146 = ORIENTED_EDGE ( 'NONE', *, *, #1028, .T. ) ;
#147 = ADVANCED_FACE ( 'NONE', ( #1205 ), #1621, .T. ) ;
#148 = DIRECTION ( 'NONE',  ( -0.9905638349724136260, -0.000000000000000000, -0.1370521391469132211 ) ) ;
#149 = CARTESIAN_POINT ( 'NONE',  ( -1.683435963535965252, 0.1993586125692536903, -0.3403162516639546276 ) ) ;
#150 = CARTESIAN_POINT ( 'NONE',  ( -1.811480717267728524, 0.1874999999998110123, 0.6493057321600540499 ) ) ;
#151 = CIRCLE ( 'NONE', #972, 0.02000000000000006981 ) ;
#152 = VERTEX_POINT ( 'NONE', #354 ) ;
#153 = CARTESIAN_POINT ( 'NONE',  ( -0.9769751910255164429, 0.3550000000000000377, -0.1351720455524605125 ) ) ;
#154 = EDGE_CURVE ( 'NONE', #763, #930, #1027, .T. ) ;
#155 = VECTOR ( 'NONE', #148, 39.37007874015748854 ) ;
#156 = FACE_OUTER_BOUND ( 'NONE', #623, .T. ) ;
#157 = EDGE_CURVE ( 'NONE', #459, #166, #356, .T. ) ;
#158 = CARTESIAN_POINT ( 'NONE',  ( -1.829411043173587936, 0.1350000000000000366, 0.6994893284604479788 ) ) ;
#159 = VECTOR ( 'NONE', #238, 39.37007874015748143 ) ;
#160 = DIRECTION ( 'NONE',  ( 0.2426410909116986370, -0.9545088733307246498, -0.1733150649369274710 ) ) ;
#161 =( BOUNDED_CURVE ( )  B_SPLINE_CURVE ( 3, ( #283, #1470, #753, #613 ),
 .UNSPECIFIED., .F., .F. ) 
 B_SPLINE_CURVE_WITH_KNOTS ( ( 4, 4 ),
 ( 0.000000000000000000, 1.268008348124253226 ),
 .UNSPECIFIED. ) 
 CURVE ( )  GEOMETRIC_REPRESENTATION_ITEM ( )  RATIONAL_B_SPLINE_CURVE ( ( 1.000000000000000000, 0.8704413324986548517, 0.8704413324986548517, 1.000000000000000000 ) ) 
 REPRESENTATION_ITEM ( '' )  );
#162 = UNCERTAINTY_MEASURE_WITH_UNIT (LENGTH_MEASURE( 1.000000000000000082E-05 ), #369, 'distance_accuracy_value', 'NONE');
#163 = ORIENTED_EDGE ( 'NONE', *, *, #1630, .F. ) ;
#164 = CYLINDRICAL_SURFACE ( 'NONE', #432, 0.02000000000000006981 ) ;
#165 = CARTESIAN_POINT ( 'NONE',  ( -1.582082073040234294, 0.000000000000000000, 0.6630423734075389097 ) ) ;
#166 = VERTEX_POINT ( 'NONE', #1370 ) ;
#167 = ADVANCED_FACE ( 'NONE', ( #97 ), #119, .F. ) ;
#168 = DIRECTION ( 'NONE',  ( 0.000000000000000000, 0.000000000000000000, 1.000000000000000000 ) ) ;
#169 = DIRECTION ( 'NONE',  ( 0.1370521391469138039, -0.000000000000000000, -0.9905638349724135150 ) ) ;
#170 = CARTESIAN_POINT ( 'NONE',  ( -1.656366253250102449, 0.2396401717729691183, -0.3365709486658011174 ) ) ;
#171 = ORIENTED_EDGE ( 'NONE', *, *, #574, .T. ) ;
#172 = ORIENTED_EDGE ( 'NONE', *, *, #1848, .F. ) ;
#173 = CARTESIAN_POINT ( 'NONE',  ( -1.712834919457182581, 0.3373566013173398548, 0.6651422307066113815 ) ) ;
#174 = CARTESIAN_POINT ( 'NONE',  ( -1.813459991206661126, 0.1336093518758795506, 0.6512199766850031990 ) ) ;
#175 = ORIENTED_EDGE ( 'NONE', *, *, #1290, .F. ) ;
#176 = CARTESIAN_POINT ( 'NONE',  ( -1.581409889432865867, 0.3750000000000000555, 0.3636426457022607361 ) ) ;
#177 = DIRECTION ( 'NONE',  ( -0.000000000000000000, -1.000000000000000000, -0.000000000000000000 ) ) ;
#178 = EDGE_CURVE ( 'NONE', #915, #1044, #1781, .T. ) ;
#179 = CARTESIAN_POINT ( 'NONE',  ( 3.959902592222587003, 0.3750000000000000555, -2.768644556711098215 ) ) ;
#180 = VERTEX_POINT ( 'NONE', #1140 ) ;
#181 = ORIENTED_EDGE ( 'NONE', *, *, #1310, .T. ) ;
#182 = CARTESIAN_POINT ( 'NONE',  ( -0.9651357403224049003, 0.02000000000000000042, -0.2207433599838921623 ) ) ;
#183 = VECTOR ( 'NONE', #844, 39.37007874015748143 ) ;
#184 = AXIS2_PLACEMENT_3D ( 'NONE', #307, #1600, #325 ) ;
#185 = PLANE ( 'NONE',  #1391 ) ;
#186 = CARTESIAN_POINT ( 'NONE',  ( -1.728906141132663832, 0.1350000000000000366, -0.02692415051826951497 ) ) ;
#187 = CARTESIAN_POINT ( 'NONE',  ( -1.683359199422348906, 0.1874999999993403055, -0.3306750710246922353 ) ) ;
#188 = ORIENTED_EDGE ( 'NONE', *, *, #605, .T. ) ;
#189 = CARTESIAN_POINT ( 'NONE',  ( 3.818567573727331688, 0.3750000000000000555, -1.747125601895797464 ) ) ;
#190 = EDGE_CURVE ( 'NONE', #75, #771, #245, .T. ) ;
#191 = FACE_OUTER_BOUND ( 'NONE', #397, .T. ) ;
#192 = VECTOR ( 'NONE', #812, 39.37007874015748854 ) ;
#193 = CARTESIAN_POINT ( 'NONE',  ( 3.106599817340909286, 0.3750000000000000555, -1.845631826907641715 ) ) ;
#194 = CARTESIAN_POINT ( 'NONE',  ( -1.657161836214645412, 0.1384647511103053452, -0.3366810236991405469 ) ) ;
#195 = CARTESIAN_POINT ( 'NONE',  ( -1.779158592155280383, 0.1592649352665679308, 0.3362825889695022497 ) ) ;
#196 = DIRECTION ( 'NONE',  ( -0.1370521391469130545, -0.000000000000000000, 0.9905638349724136260 ) ) ;
#197 = EDGE_LOOP ( 'NONE', ( #337, #963, #573, #1484 ) ) ;
#198 = CARTESIAN_POINT ( 'NONE',  ( -1.584823115823214001, 0.3550000000000000377, 0.6828536501070371356 ) ) ;
#199 = CARTESIAN_POINT ( 'NONE',  ( 3.924664593031358173, 0.000000000000000000, -2.741972316216551686 ) ) ;
#200 = CARTESIAN_POINT ( 'NONE',  ( 3.239369077139482744, 0.000000000000000000, -2.805240542037167550 ) ) ;
#201 = CARTESIAN_POINT ( 'NONE',  ( -1.678653690111983066, 0.1592649352637058591, -0.3901308900092080312 ) ) ;
#202 = CARTESIAN_POINT ( 'NONE',  ( -1.669511704506063898, 0.1874999999991580901, -0.3383897231365384783 ) ) ;
#203 = LINE ( 'NONE', #1363, #611 ) ;
#204 = EDGE_LOOP ( 'NONE', ( #1779, #408, #117, #1254 ) ) ;
#205 = CARTESIAN_POINT ( 'NONE',  ( 3.783329574536102413, 0.3750000000000000555, -1.720453361401250492 ) ) ;
#206 = CARTESIAN_POINT ( 'NONE',  ( -1.800419645462844498, 0.2007148872996284694, 0.6530242089982919440 ) ) ;
#207 = DIRECTION ( 'NONE',  ( 0.2426410909116990811, 0.9545088733307246498, -0.1733150649369277763 ) ) ;
#208 = ADVANCED_FACE ( 'NONE', ( #1107 ), #964, .T. ) ;
#209 = CARTESIAN_POINT ( 'NONE',  ( -1.546033618812642230, 0.3678343387256698405, -0.3011150574578381200 ) ) ;
#210 = ORIENTED_EDGE ( 'NONE', *, *, #46, .T. ) ;
#211 = DIRECTION ( 'NONE',  ( 0.000000000000000000, 0.000000000000000000, -1.000000000000000000 ) ) ;
#212 = DIRECTION ( 'NONE',  ( 0.9905638349724150693, 0.000000000000000000, 0.1370521391469029515 ) ) ;
#213 = CARTESIAN_POINT ( 'NONE',  ( -1.581369792213672909, 0.2349999999999988209, -0.2188827857265981669 ) ) ;
#214 = CARTESIAN_POINT ( 'NONE',  ( -1.609022626896318586, 0.01720606076065993306, -0.3804968958860059369 ) ) ;
#215 = EDGE_CURVE ( 'NONE', #702, #1132, #1094, .T. ) ;
#216 = AXIS2_PLACEMENT_3D ( 'NONE', #523, #456, #1070 ) ;
#217 = CARTESIAN_POINT ( 'NONE',  ( -1.601306799000678627, 0.3488989964922977194, -0.3087625278325956679 ) ) ;
#218 = VERTEX_POINT ( 'NONE', #559 ) ;
#219 =( NAMED_UNIT ( * ) PLANE_ANGLE_UNIT ( ) SI_UNIT ( $, .RADIAN. ) );
#220 = CARTESIAN_POINT ( 'NONE',  ( -0.9651357403224049003, 0.02000000000000000042, -0.2207433599838921623 ) ) ;
#221 = CARTESIAN_POINT ( 'NONE',  ( -1.611472254570697871, 0.3749850144239971761, 0.6791665364221981527 ) ) ;
#222 = CARTESIAN_POINT ( 'NONE',  ( -1.811434501721560286, 0.2484134232314344215, 0.6313096976733855170 ) ) ;
#223 = DIRECTION ( 'NONE',  ( -0.9691759639880594968, 0.2463695411933377044, 0.000000000000000000 ) ) ;
#224 = ORIENTED_EDGE ( 'NONE', *, *, #615, .T. ) ;
#225 = PRODUCT ( 'zphr-aerod-Single Fin-v2_1', 'zphr-aerod-Single Fin-v2_1', '', ( #665 ) ) ;
#226 = CARTESIAN_POINT ( 'NONE',  ( -1.460930763846430169, 0.3550000004306158585, -0.3095309428202988045 ) ) ;
#227 = ADVANCED_FACE ( 'NONE', ( #1381 ), #1717, .T. ) ;
#228 = DIRECTION ( 'NONE',  ( -0.5812381937190961301, -0.000000000000000000, -0.8137334712067351150 ) ) ;
#229 = CYLINDRICAL_SURFACE ( 'NONE', #35, 0.03125000000000011102 ) ;
#230 = DIRECTION ( 'NONE',  ( -0.8137334712067357811, 0.000000000000000000, 0.5812381937190952419 ) ) ;
#231 = ADVANCED_FACE ( 'NONE', ( #1117, #73 ), #988, .F. ) ;
#232 = CARTESIAN_POINT ( 'NONE',  ( -1.758435396406491824, 0.3317762204293601691, 0.6386425322668600746 ) ) ;
#233 = CARTESIAN_POINT ( 'NONE',  ( 3.079927576846362758, 0.3750000000000000555, -1.880869826098870323 ) ) ;
#234 = CARTESIAN_POINT ( 'NONE',  ( -1.447770976675721410, 0.01476401224401699408, -0.3077101848652963878 ) ) ;
#235 = ORIENTED_EDGE ( 'NONE', *, *, #913, .F. ) ;
#236 = AXIS2_PLACEMENT_3D ( 'NONE', #103, #676, #1114 ) ;
#237 =( GEOMETRIC_REPRESENTATION_CONTEXT ( 3 ) GLOBAL_UNCERTAINTY_ASSIGNED_CONTEXT ( ( #1133 ) ) GLOBAL_UNIT_ASSIGNED_CONTEXT ( ( #1711, #1868, #132 ) ) REPRESENTATION_CONTEXT ( 'NONE', 'WORKASPACE' ) );
#238 = DIRECTION ( 'NONE',  ( -0.000000000000000000, 1.000000000000000000, -0.000000000000000000 ) ) ;
#239 = MECHANICAL_DESIGN_GEOMETRIC_PRESENTATION_REPRESENTATION (  '', ( #819 ), #766 ) ;
#240 = CARTESIAN_POINT ( 'NONE',  ( -1.543292576053217235, 0.3678343388242356071, -0.3209263341605158026 ) ) ;
#241 = DIRECTION ( 'NONE',  ( 0.000000000000000000, 0.000000000000000000, -1.000000000000000000 ) ) ;
#242 = VECTOR ( 'NONE', #284, 39.37007874015748143 ) ;
#243 = VERTEX_POINT ( 'NONE', #1556 ) ;
#244 = CARTESIAN_POINT ( 'NONE',  ( -1.673387449422939266, 0.3692059785651368720, 0.6706000921399305481 ) ) ;
#245 = B_SPLINE_CURVE_WITH_KNOTS ( 'NONE', 3,
 ( #1566, #1276, #1680, #1856, #704, #998 ),
 .UNSPECIFIED., .F., .F.,
 ( 4, 2, 4 ),
 ( 0.000000000000000000, 0.5000000000000000000, 1.000000000000000000 ),
 .UNSPECIFIED. ) ;
#246 = ADVANCED_FACE ( 'NONE', ( #1130, #1231 ), #1835, .F. ) ;
#247 = DIRECTION ( 'NONE',  ( -0.000000000000000000, -1.000000000000000000, -0.000000000000000000 ) ) ;
#248 = CARTESIAN_POINT ( 'NONE',  ( -1.610825835013385943, 0.02001894508471882897, 0.6792559735486669581 ) ) ;
#249 = B_SPLINE_CURVE_WITH_KNOTS ( 'NONE', 3,
 ( #475, #606, #187, #1613, #202, #1757 ),
 .UNSPECIFIED., .F., .F.,
 ( 4, 2, 4 ),
 ( 0.000000000000000000, 0.0003973360114227526417, 0.0007946720228455052834 ),
 .UNSPECIFIED. ) ;
#250 = ORIENTED_EDGE ( 'NONE', *, *, #1788, .T. ) ;
#251 = CARTESIAN_POINT ( 'NONE',  ( -1.450512019458596313, 0.3750000000000000555, -0.2878989081658487881 ) ) ;
#252 = CARTESIAN_POINT ( 'NONE',  ( -1.449794416136047648, 0.3750000000000002220, -0.2930854882772683800 ) ) ;
#253 = CARTESIAN_POINT ( 'NONE',  ( -1.564275566355174840, 0.3624096430166186544, -0.3238294925487131271 ) ) ;
#254 = ORIENTED_EDGE ( 'NONE', *, *, #750, .F. ) ;
#255 = DIRECTION ( 'NONE',  ( 0.000000000000000000, -0.000000000000000000, 1.000000000000000000 ) ) ;
#256 = CARTESIAN_POINT ( 'NONE',  ( -1.786658923722899139, 0.3028258670316218426, 0.6549281108812992080 ) ) ;
#257 = FACE_OUTER_BOUND ( 'NONE', #1445, .T. ) ;
#258 = B_SPLINE_CURVE_WITH_KNOTS ( 'NONE', 3,
 ( #1147, #688, #1585, #1263, #293, #1842, #1413, #1723, #567, #555, #1126, #407, #985, #1552, #1447, #425, #1575, #261, #115, #281 ),
 .UNSPECIFIED., .F., .F.,
 ( 4, 2, 2, 2, 2, 2, 2, 2, 2, 4 ),
 ( 0.000000000000000000, 0.0009949163409427902623, 0.001989832681885580525, 0.002984749022828370787, 0.003979665363771161049, 0.004974581704713951745, 0.005472039875185339720, 0.005969498045656727696, 0.006964414386599511453, 0.007959330727542294343 ),
 .UNSPECIFIED. ) ;
#259 = DIRECTION ( 'NONE',  ( -0.9905638349724135150, -0.000000000000000000, -0.1370521391469141648 ) ) ;
#260 = ITEM_DEFINED_TRANSFORMATION ( 'NONE', 'NONE', #1385,  #1083 ) ;
#261 = CARTESIAN_POINT ( 'NONE',  ( -1.661709902314310483, 0.1611515904756592177, -0.3373102836881831657 ) ) ;
#262 = VERTEX_POINT ( 'NONE', #1812 ) ;
#263 = CARTESIAN_POINT ( 'NONE',  ( -1.701327705502120313, 0.01259035698352145745, 0.6667343424236963356 ) ) ;
#264 = CARTESIAN_POINT ( 'NONE',  ( 3.106599817340909286, 0.3750000000000000555, -1.845631826907641715 ) ) ;
#265 = CARTESIAN_POINT ( 'NONE',  ( -1.539208651073425527, 0.02674455579426292251, -0.3203612916717275549 ) ) ;
#266 = ORIENTED_EDGE ( 'NONE', *, *, #1619, .T. ) ;
#267 = CARTESIAN_POINT ( 'NONE',  ( -1.820488102683309739, 0.1993586125686796218, 0.6502475833085201717 ) ) ;
#268 = CARTESIAN_POINT ( 'NONE',  ( -0.9623946975394667147, 0.01999999999999999001, -0.2405546366833404837 ) ) ;
#269 = CARTESIAN_POINT ( 'NONE',  ( -1.779231698616843715, 0.09850197461307912128, 0.6559557247036439387 ) ) ;
#270 = ORIENTED_EDGE ( 'NONE', *, *, #1497, .F. ) ;
#271 = DIRECTION ( 'NONE',  ( -0.9905638349724135150, 0.000000000000000000, -0.1370521391469142758 ) ) ;
#272 = CARTESIAN_POINT ( 'NONE',  ( -1.096705793903441473, 0.3750000000000000555, 0.7301979215896248210 ) ) ;
#273 = EDGE_CURVE ( 'NONE', #1548, #1071, #1668, .T. ) ;
#274 = CARTESIAN_POINT ( 'NONE',  ( -1.460930763846179481, 0.01999999956917482974, -0.3095309428202641655 ) ) ;
#275 = AXIS2_PLACEMENT_3D ( 'NONE', #686, #1434, #1701 ) ;
#276 = ORIENTED_EDGE ( 'NONE', *, *, #508, .T. ) ;
#277 = LENGTH_MEASURE_WITH_UNIT ( LENGTH_MEASURE( 0.02539999999999999897 ), #1597 );
#278 = CARTESIAN_POINT ( 'NONE',  ( -1.735617895456248450, 0.3488989966297263434, 0.6619900304279218162 ) ) ;
#279 = CARTESIAN_POINT ( 'NONE',  ( -1.584527705155075461, 0.009560266824734375835, 0.6807185274737064251 ) ) ;
#280 = DIRECTION ( 'NONE',  ( 0.1370521391469142758, 0.000000000000000000, -0.9905638349724135150 ) ) ;
#281 = CARTESIAN_POINT ( 'NONE',  ( -1.664346186752814649, 0.1874999999993452182, -0.3376750339535779522 ) ) ;
#282 = AXIS2_PLACEMENT_3D ( 'NONE', #61, #509, #212 ) ;
#283 = CARTESIAN_POINT ( 'NONE',  ( -1.683179482342225919, 0.1875000000000000555, -4.822976775338964295 ) ) ;
#284 = DIRECTION ( 'NONE',  ( 0.000000000000000000, -1.000000000000000000, 0.000000000000000000 ) ) ;
#285 = SPHERICAL_SURFACE ( 'NONE', #1235, 0.02000000000000000042 ) ;
#286 = CARTESIAN_POINT ( 'NONE',  ( -1.638232622630951596, 0.05378291633286504808, -0.3138715000559063051 ) ) ;
#287 = DIRECTION ( 'NONE',  ( -1.000000000000000000, -0.000000000000000000, 9.130123557772678195E-17 ) ) ;
#288 = ADVANCED_FACE ( 'NONE', ( #376 ), #285, .T. ) ;
#289 = COLOUR_RGB ( '',0.7921568627450980005, 0.8196078431372548767, 0.9333333333333333481 ) ;
#290 = CARTESIAN_POINT ( 'NONE',  ( -1.742851974312311425, 0.2349999999999988209, 0.6609891398773871662 ) ) ;
#291 = ORIENTED_EDGE ( 'NONE', *, *, #1511, .F. ) ;
#292 = VECTOR ( 'NONE', #1062, 39.37007874015748854 ) ;
#293 = CARTESIAN_POINT ( 'NONE',  ( -1.512540816078533856, 0.02226679374415783952, -0.3166715912168663327 ) ) ;
#294 = CARTESIAN_POINT ( 'NONE',  ( 0.8168205176577724158, 0.1785689479899459364, -1.322976775338963629 ) ) ;
#295 = CARTESIAN_POINT ( 'NONE',  ( -1.558477778640670497, 0.03172743073144536352, -0.3230273239448111511 ) ) ;
#296 = CARTESIAN_POINT ( 'NONE',  ( -1.447770976675710974, 0.01999999999999999001, -0.3077101848652950000 ) ) ;
#297 = LENGTH_MEASURE_WITH_UNIT ( LENGTH_MEASURE( 0.02539999999999999897 ), #684 );
#298 = ORIENTED_EDGE ( 'NONE', *, *, #1392, .T. ) ;
#299 = ADVANCED_FACE ( 'NONE', ( #462 ), #144, .T. ) ;
#300 = DIRECTION ( 'NONE',  ( 0.9905638349724136260, -0.000000000000000000, 0.1370521391469134431 ) ) ;
#301 = CARTESIAN_POINT ( 'NONE',  ( -1.758186188271327444, 0.06773025299848652037, 0.6588675332216401559 ) ) ;
#302 = CARTESIAN_POINT ( 'NONE',  ( -1.635491579755622871, 0.05378291640513812449, -0.3336827767425100677 ) ) ;
#303 = CARTESIAN_POINT ( 'NONE',  ( 1.937027388591888277, 0.1875000000000000833, 0.3250249271509273452 ) ) ;
#304 = AXIS2_PLACEMENT_3D ( 'NONE', #1136, #1713, #1146 ) ;
#305 = PRODUCT_DEFINITION_FORMATION_WITH_SPECIFIED_SOURCE ( 'ANY', '', #225, .NOT_KNOWN. ) ;
#306 = EDGE_LOOP ( 'NONE', ( #1014, #552, #14, #181, #100, #1725, #1057, #1521, #1735, #1035, #87, #478, #722, #1420 ) ) ;
#307 = CARTESIAN_POINT ( 'NONE',  ( -1.096705793903441695, 0.01999999999999999001, 0.7301979215896250430 ) ) ;
#308 = AXIS2_PLACEMENT_3D ( 'NONE', #1444, #1013, #584 ) ;
#309 = ADVANCED_FACE ( 'NONE', ( #1768 ), #340, .F. ) ;
#310 = CARTESIAN_POINT ( 'NONE',  ( -1.806831361416257442, 0.1193518337833691517, 0.6319465776030228632 ) ) ;
#311 = CARTESIAN_POINT ( 'NONE',  ( -1.671648958122138096, 0.3750000000000000555, 0.7213169285294335209 ) ) ;
#312 = CARTESIAN_POINT ( 'NONE',  ( 0.8233220770361125984, 0.2036264612233965599, -1.322976775338963629 ) ) ;
#313 = CARTESIAN_POINT ( 'NONE',  ( -1.587695796015222482, 0.3319307814961363068, -0.3270698617817851539 ) ) ;
#314 = ORIENTED_EDGE ( 'NONE', *, *, #740, .F. ) ;
#315 = ORIENTED_EDGE ( 'NONE', *, *, #1332, .F. ) ;
#316 = DIRECTION ( 'NONE',  ( 0.000000000000000000, 0.000000000000000000, 1.000000000000000000 ) ) ;
#317 = CARTESIAN_POINT ( 'NONE',  ( -1.788138121108359346, 0.07871686497709666497, 0.6345329314363357120 ) ) ;
#318 = DIRECTION ( 'NONE',  ( 0.000000000000000000, 0.000000000000000000, 1.000000000000000000 ) ) ;
#319 = ORIENTED_EDGE ( 'NONE', *, *, #1497, .T. ) ;
#320 = CARTESIAN_POINT ( 'NONE',  ( -1.678653690111983066, 0.1350000000000000366, -0.3901308900092078646 ) ) ;
#321 = DIRECTION ( 'NONE',  ( 0.9905638349724136260, 0.000000000000000000, 0.1370521391469134431 ) ) ;
#322 = DIRECTION ( 'NONE',  ( 0.000000000000000000, -1.000000000000000000, 0.000000000000000000 ) ) ;
#323 = VERTEX_POINT ( 'NONE', #1215 ) ;
#324 = ORIENTED_EDGE ( 'NONE', *, *, #520, .F. ) ;
#325 = DIRECTION ( 'NONE',  ( 0.1370521391469096684, -8.537024980200797166E-16, -0.9905638349724141811 ) ) ;
#326 = DIRECTION ( 'NONE',  ( -0.9905638349724136260, 0.000000000000000000, -0.1370521391469139427 ) ) ;
#327 = CARTESIAN_POINT ( 'NONE',  ( -1.664576926872659124, 0.1908044351278568307, -0.3377069586270771695 ) ) ;
#328 = CARTESIAN_POINT ( 'NONE',  ( -1.779158592152950469, 0.2399999999999999911, 0.3362825889698246029 ) ) ;
#329 = EDGE_CURVE ( 'NONE', #1508, #1169, #1362, .T. ) ;
#330 = CARTESIAN_POINT ( 'NONE',  ( 3.787612453884443564, 0.000000000000000000, -1.751408481244138615 ) ) ;
#331 = CARTESIAN_POINT ( 'NONE',  ( -1.450512019458596313, 0.3750000000000000555, -0.2878989081658487881 ) ) ;
#332 = EDGE_LOOP ( 'NONE', ( #504, #1759, #1209, #1373 ) ) ;
#333 = ORIENTED_EDGE ( 'NONE', *, *, #133, .T. ) ;
#334 = FILL_AREA_STYLE ('',( #479 ) ) ;
#335 = AXIS2_PLACEMENT_3D ( 'NONE', #1864, #576, #872 ) ;
#336 = CARTESIAN_POINT ( 'NONE',  ( -1.817747059603100235, 0.1756413874331008429, 0.6304363066505108693 ) ) ;
#337 = ORIENTED_EDGE ( 'NONE', *, *, #1693, .F. ) ;
#338 = CARTESIAN_POINT ( 'NONE',  ( -1.661609988580135200, 0.3047056274847714241, -0.3877727625756676177 ) ) ;
#339 = CARTESIAN_POINT ( 'NONE',  ( -1.663367895285157383, 0.2007096351364576203, -0.3375396797910112379 ) ) ;
#340 = PLANE ( 'NONE',  #26 ) ;
#341 = B_SPLINE_CURVE_WITH_KNOTS ( 'NONE', 3,
 ( #493, #503, #52, #1530, #234, #1068 ),
 .UNSPECIFIED., .F., .F.,
 ( 4, 2, 4 ),
 ( 0.000000000000000000, 0.5000000000000000000, 1.000000000000000000 ),
 .UNSPECIFIED. ) ;
#342 = CARTESIAN_POINT ( 'NONE',  ( -1.096705793903441695, 0.3550000000000000377, 0.7301979215896249320 ) ) ;
#343 = ORIENTED_EDGE ( 'NONE', *, *, #969, .F. ) ;
#344 = ORIENTED_EDGE ( 'NONE', *, *, #520, .T. ) ;
#345 = DIRECTION ( 'NONE',  ( -0.1370521391469130545, 0.000000000000000000, 0.9905638349724136260 ) ) ;
#346 = CARTESIAN_POINT ( 'NONE',  ( 3.924664593031358173, 0.000000000000000000, -2.741972316216551686 ) ) ;
#347 = ORIENTED_EDGE ( 'NONE', *, *, #1642, .T. ) ;
#348 = CARTESIAN_POINT ( 'NONE',  ( -1.550980729973794991, 0.3457694024374163289, -0.3219900494948386149 ) ) ;
#349 = ORIENTED_EDGE ( 'NONE', *, *, #615, .F. ) ;
#350 = CARTESIAN_POINT ( 'NONE',  ( -1.440918369718603875, 0.000000000000000000, -0.3572383766139487493 ) ) ;
#351 = CARTESIAN_POINT ( 'NONE',  ( -0.9623946975394667147, 0.3550000000000000377, -0.2405546366833404281 ) ) ;
#352 = ADVANCED_FACE ( 'NONE', ( #810 ), #1383, .F. ) ;
#353 = DIRECTION ( 'NONE',  ( 0.1370521391469141648, 0.000000000000000000, -0.9905638349724135150 ) ) ;
#354 = CARTESIAN_POINT ( 'NONE',  ( -1.664854819456369261, 0.2349999999999988209, 0.6717806472421575803 ) ) ;
#355 = CARTESIAN_POINT ( 'NONE',  ( 3.759883315384822566, 0.000000000000000000, -1.322976775338963851 ) ) ;
#356 = CIRCLE ( 'NONE', #1417, 0.02000000000000005940 ) ;
#357 = ORIENTED_EDGE ( 'NONE', *, *, #95, .F. ) ;
#358 = CARTESIAN_POINT ( 'NONE',  ( -1.530485254800073802, -1.192352809998814209E-13, -0.2989638214921436221 ) ) ;
#359 = CYLINDRICAL_SURFACE ( 'NONE', #732, 0.01968503937007877805 ) ;
#360 = CARTESIAN_POINT ( 'NONE',  ( -1.789676742267800380, 0.2525067322730412678, 0.6545105724324767893 ) ) ;
#361 = VECTOR ( 'NONE', #813, 39.37007874015748143 ) ;
#362 = APPLICATION_PROTOCOL_DEFINITION ( 'draft international standard', 'automotive_design', 1998, #64 ) ;
#363 = DIRECTION ( 'NONE',  ( 0.000000000000000000, 1.000000000000000000, 0.000000000000000000 ) ) ;
#364 = EDGE_CURVE ( 'NONE', #536, #375, #491, .T. ) ;
#365 = CARTESIAN_POINT ( 'NONE',  ( -1.812367341641740515, 0.07029437251522872854, 0.7018474558939881147 ) ) ;
#366 = CARTESIAN_POINT ( 'NONE',  ( -0.9453244636229567455, 0.01999999999999999001, -0.2180023172009539212 ) ) ;
#367 = CIRCLE ( 'NONE', #1330, 0.03937008000000032787 ) ;
#368 = ORIENTED_EDGE ( 'NONE', *, *, #925, .F. ) ;
#369 =( CONVERSION_BASED_UNIT ( 'INCH', #76 ) LENGTH_UNIT ( ) NAMED_UNIT ( #1450 ) );
#370 = CARTESIAN_POINT ( 'NONE',  ( 1.741560539970608001, 0.1875000000000000555, -0.06220816641218457343 ) ) ;
#371 = DIRECTION ( 'NONE',  ( 0.9691759639880594968, -0.2463695411933377044, 0.000000000000000000 ) ) ;
#372 = CARTESIAN_POINT ( 'NONE',  ( 1.497476494994461449, 0.3750000000000001110, -1.322976775338963851 ) ) ;
#373 = APPLICATION_PROTOCOL_DEFINITION ( 'draft international standard', 'automotive_design', 1998, #755 ) ;
#374 = DIRECTION ( 'NONE',  ( 0.1370521391469138317, 0.000000000000000000, -0.9905638349724136260 ) ) ;
#375 = VERTEX_POINT ( 'NONE', #143 ) ;
#376 = FACE_OUTER_BOUND ( 'NONE', #130, .T. ) ;
#377 = AXIS2_PLACEMENT_3D ( 'NONE', #1523, #1257, #505 ) ;
#378 = CARTESIAN_POINT ( 'NONE',  ( -1.663882587443214378, 0.2830349440153356877, -0.3174203703279726563 ) ) ;
#379 = VERTEX_POINT ( 'NONE', #759 ) ;
#380 = CARTESIAN_POINT ( 'NONE',  ( -1.491170820736965830, 0.000000000000000000, 0.005968362875164342531 ) ) ;
#381 = CARTESIAN_POINT ( 'NONE',  ( 0.8337981956835771591, 0.1687104552493951526, -1.322976775338963851 ) ) ;
#382 = CARTESIAN_POINT ( 'NONE',  ( -1.638772375267449455, 0.3737550760991908971, 0.6753893543682758516 ) ) ;
#383 = CARTESIAN_POINT ( 'NONE',  ( -1.582082073040226966, 0.3750000000000000555, 0.6630423734075897579 ) ) ;
#384 = PRODUCT_CONTEXT ( 'NONE', #1431, 'mechanical' ) ;
#385 = FACE_BOUND ( 'NONE', #1715, .T. ) ;
#386 = ORIENTED_EDGE ( 'NONE', *, *, #1239, .F. ) ;
#387 = CARTESIAN_POINT ( 'NONE',  ( -1.448066387343669881, 0.3654397331752658462, -0.3055750622319392540 ) ) ;
#388 = CARTESIAN_POINT ( 'NONE',  ( -1.500286841923602399, 0.3537997479740856988, -0.3149761594721459113 ) ) ;
#389 = EDGE_CURVE ( 'NONE', #1865, #1494, #1480, .T. ) ;
#390 = ORIENTED_EDGE ( 'NONE', *, *, #389, .F. ) ;
#391 = DIRECTION ( 'NONE',  ( 0.000000000000000000, 0.000000000000000000, 1.000000000000000000 ) ) ;
#392 = CARTESIAN_POINT ( 'NONE',  ( -1.738803386089450731, 0.01498373740367692393, 0.6413587721648120743 ) ) ;
#393 = CARTESIAN_POINT ( 'NONE',  ( -1.810718948591933497, 0.2413906481558192596, 0.6314086999623262919 ) ) ;
#394 = LINE ( 'NONE', #1542, #1655 ) ;
#395 = PRODUCT_CONTEXT ( 'NONE', #1401, 'mechanical' ) ;
#396 = CARTESIAN_POINT ( 'NONE',  ( -1.688032869120760449, 0.02923059756276625079, 0.6685737854775676281 ) ) ;
#397 = EDGE_LOOP ( 'NONE', ( #457, #1064, #434, #254 ) ) ;
#398 = CARTESIAN_POINT ( 'NONE',  ( -1.079635559986931614, 0.3750000000000000555, 0.7527502410720114945 ) ) ;
#399 = PLANE ( 'NONE',  #377 ) ;
#400 = AXIS2_PLACEMENT_3D ( 'NONE', #1636, #207, #223 ) ;
#401 = VERTEX_POINT ( 'NONE', #4 ) ;
#402 = DIRECTION ( 'NONE',  ( -0.9905638349724136260, 0.000000000000000000, -0.1370521391469129990 ) ) ;
#403 = ADVANCED_FACE ( 'NONE', ( #1756 ), #1604, .F. ) ;
#404 = CARTESIAN_POINT ( 'NONE',  ( -1.649834338924546229, 0.3725527354929873414, 0.6536683253718980069 ) ) ;
#405 = CARTESIAN_POINT ( 'NONE',  ( 0.8337981956835769370, 0.2062895447506048752, -1.322976775338963851 ) ) ;
#406 = CARTESIAN_POINT ( 'NONE',  ( -0.9651357403224049003, 0.01999999999999999001, -0.2207433599838921623 ) ) ;
#407 = CARTESIAN_POINT ( 'NONE',  ( -1.631843596201124846, 0.08151185249647255326, -0.3331780501089682822 ) ) ;
#408 = ORIENTED_EDGE ( 'NONE', *, *, #1751, .F. ) ;
#409 = FACE_OUTER_BOUND ( 'NONE', #197, .T. ) ;
#410 = DIRECTION ( 'NONE',  ( -1.000000000000000000, -6.829619984160637733E-15, 0.000000000000000000 ) ) ;
#411 = CARTESIAN_POINT ( 'NONE',  ( -1.513331027629909675, 0.02234688460097325816, -0.3167809230738061754 ) ) ;
#412 = SHAPE_REPRESENTATION_RELATIONSHIP ( 'NONE' , 'NONE' ,  #1187, #876 ) ;
#413 = CARTESIAN_POINT ( 'NONE',  ( -1.783917880893706176, 0.3028258669954598803, 0.6351168341882147406 ) ) ;
#414 = CARTESIAN_POINT ( 'NONE',  ( -1.756806509285895102, 0.2349999999999988209, 0.7618475268002820044 ) ) ;
#415 = CARTESIAN_POINT ( 'NONE',  ( -1.490498637130351467, 0.3750000000000000555, -0.2934313648290938770 ) ) ;
#416 = ADVANCED_FACE ( 'NONE', ( #892 ), #1160, .F. ) ;
#417 = ORIENTED_EDGE ( 'NONE', *, *, #1524, .T. ) ;
#418 = PLANE ( 'NONE',  #1880 ) ;
#419 = CARTESIAN_POINT ( 'NONE',  ( -1.449081231694759664, 0.3728445380721965852, -0.2982401302960131506 ) ) ;
#420 = CARTESIAN_POINT ( 'NONE',  ( -1.447770976675637256, -3.414809992080329023E-17, -0.3077101848652847305 ) ) ;
#421 = EDGE_LOOP ( 'NONE', ( #270, #1306, #344 ) ) ;
#422 = CARTESIAN_POINT ( 'NONE',  ( -1.669808853652273495, 0.3495293001418864343, 0.6710952184388994102 ) ) ;
#423 = FACE_OUTER_BOUND ( 'NONE', #850, .T. ) ;
#424 = CARTESIAN_POINT ( 'NONE',  ( 3.212696836644935772, 0.3750000000000000555, -2.840478541228396381 ) ) ;
#425 = CARTESIAN_POINT ( 'NONE',  ( -1.652624603121032099, 0.1224932677259363140, -0.3360532625399569318 ) ) ;
#426 = VERTEX_POINT ( 'NONE', #465 ) ;
#427 = EDGE_CURVE ( 'NONE', #1796, #72, #1589, .T. ) ;
#428 = CARTESIAN_POINT ( 'NONE',  ( -1.650383166777471544, 0.02234688460105693081, 0.6737829118985182442 ) ) ;
#429 = CARTESIAN_POINT ( 'NONE',  ( -1.587760588557999064, 0.01980162425580371879, -0.3068883052403222900 ) ) ;
#430 = CARTESIAN_POINT ( 'NONE',  ( -1.818521119050481749, 0.1874999999988234134, 0.6303292095613886037 ) ) ;
#431 = VECTOR ( 'NONE', #228, 39.37007874015748143 ) ;
#432 = AXIS2_PLACEMENT_3D ( 'NONE', #153, #1772, #7 ) ;
#433 = FACE_OUTER_BOUND ( 'NONE', #1154, .T. ) ;
#434 = ORIENTED_EDGE ( 'NONE', *, *, #448, .F. ) ;
#435 = CARTESIAN_POINT ( 'NONE',  ( -1.712862237355046169, 0.03765459202909671871, 0.6651384510649500648 ) ) ;
#436 = VECTOR ( 'NONE', #371, 39.37007874015748143 ) ;
#437 = CARTESIAN_POINT ( 'NONE',  ( -0.9651357403224051223, 0.3750000000000000555, -0.2207433599838921900 ) ) ;
#438 = ADVANCED_FACE ( 'NONE', ( #1451 ), #865, .F. ) ;
#439 = CARTESIAN_POINT ( 'NONE',  ( -1.663711276270666950, 0.1973778085825450834, -0.3375871891962051730 ) ) ;
#440 = LINE ( 'NONE', #1018, #666 ) ;
#441 = EDGE_CURVE ( 'NONE', #401, #1093, #19, .T. ) ;
#442 = DIRECTION ( 'NONE',  ( -0.9905638349724134040, 0.000000000000000000, -0.1370521391469141648 ) ) ;
#443 = VERTEX_POINT ( 'NONE', #10 ) ;
#444 = CARTESIAN_POINT ( 'NONE',  ( 3.239369077139482744, 0.000000000000000000, -2.836490542037167550 ) ) ;
#445 = CARTESIAN_POINT ( 'NONE',  ( -1.735617895455329851, 0.02610100336997922196, 0.6619900304280588177 ) ) ;
#446 = CARTESIAN_POINT ( 'NONE',  ( -1.598565756307817276, 0.02610100336962964396, -0.3285738045444538957 ) ) ;
#447 = CARTESIAN_POINT ( 'NONE',  ( 0.000000000000000000, 0.000000000000000000, 0.000000000000000000 ) ) ;
#448 = EDGE_CURVE ( 'NONE', #180, #467, #451, .T. ) ;
#449 = ORIENTED_EDGE ( 'NONE', *, *, #605, .F. ) ;
#450 = DIRECTION ( 'NONE',  ( -0.5812381937190960191, -0.000000000000000000, -0.8137334712067352260 ) ) ;
#451 = B_SPLINE_CURVE_WITH_KNOTS ( 'NONE', 3,
 ( #604, #455, #150, #749, #1326, #430 ),
 .UNSPECIFIED., .F., .F.,
 ( 4, 2, 4 ),
 ( -1.169063798574702924E-05, 0.0003892667180692536174, 0.0007902240741242543302 ),
 .UNSPECIFIED. ) ;
#452 = CARTESIAN_POINT ( 'NONE',  ( -1.748546209790922790, 0.05876552211841942763, 0.6602012985232037501 ) ) ;
#453 = B_SPLINE_CURVE_WITH_KNOTS ( 'NONE', 5,
 ( #59, #1111, #1791, #1077, #647, #358, #517, #1248 ),
 .UNSPECIFIED., .F., .F.,
 ( 6, 2, 6 ),
 ( 0.000000000000000000, 0.003752714707269710123, 0.008812454719987105473 ),
 .UNSPECIFIED. ) ;
#454 = CARTESIAN_POINT ( 'NONE',  ( -1.683435963536674018, 0.1756413874292430122, -0.3403162516637908697 ) ) ;
#455 = CARTESIAN_POINT ( 'NONE',  ( -1.806610922497095872, 0.1875000000004813927, 0.6521675981150365509 ) ) ;
#456 = DIRECTION ( 'NONE',  ( -0.000000000000000000, -1.000000000000000000, 0.000000000000000000 ) ) ;
#457 = ORIENTED_EDGE ( 'NONE', *, *, #190, .T. ) ;
#458 = EDGE_CURVE ( 'NONE', #243, #443, #1010, .T. ) ;
#459 = VERTEX_POINT ( 'NONE', #589 ) ;
#460 = DIRECTION ( 'NONE',  ( 0.9905638349724140701, 0.000000000000000000, 0.1370521391469101125 ) ) ;
#461 = CARTESIAN_POINT ( 'NONE',  ( -1.719330642139485388, 0.01980162425607144561, 0.6440529763330573587 ) ) ;
#462 = FACE_OUTER_BOUND ( 'NONE', #738, .T. ) ;
#463 = FACE_OUTER_BOUND ( 'NONE', #494, .T. ) ;
#464 = AXIS2_PLACEMENT_3D ( 'NONE', #834, #1256, #410 ) ;
#465 = CARTESIAN_POINT ( 'NONE',  ( 3.208413957296595065, 0.000000000000000000, -2.809523421385508701 ) ) ;
#466 = CYLINDRICAL_SURFACE ( 'NONE', #1764, 0.03124999999999983694 ) ;
#467 = VERTEX_POINT ( 'NONE', #1738 ) ;
#468 = ORIENTED_EDGE ( 'NONE', *, *, #1564, .T. ) ;
#469 =( NAMED_UNIT ( * ) PLANE_ANGLE_UNIT ( ) SI_UNIT ( $, .RADIAN. ) );
#470 = VECTOR ( 'NONE', #496, 39.37007874015748143 ) ;
#471 = CARTESIAN_POINT ( 'NONE',  ( -1.795452641023677742, 0.09196505598432369588, 0.6335209112456261504 ) ) ;
#472 = EDGE_CURVE ( 'NONE', #426, #1475, #440, .T. ) ;
#473 = CARTESIAN_POINT ( 'NONE',  ( -1.687085855742927798, 0.1894814690088994502, -0.3206307212850110777 ) ) ;
#474 = CARTESIAN_POINT ( 'NONE',  ( -1.678653690111983066, 0.2399999999999999911, -0.3901308900092080312 ) ) ;
#475 = CARTESIAN_POINT ( 'NONE',  ( -1.686951065469032285, 0.1874999999989268307, -0.3206120720120408385 ) ) ;
#476 = DIRECTION ( 'NONE',  ( -0.1370521391469142758, 0.000000000000000000, 0.9905638349724135150 ) ) ;
#477 = ORIENTED_EDGE ( 'NONE', *, *, #329, .F. ) ;
#478 = ORIENTED_EDGE ( 'NONE', *, *, #943, .F. ) ;
#479 = FILL_AREA_STYLE_COLOUR ( '', #1237 ) ;
#480 = CARTESIAN_POINT ( 'NONE',  ( -1.786658923722238779, 0.07217413296732219652, 0.6549281108815108166 ) ) ;
#481 = EDGE_CURVE ( 'NONE', #152, #1233, #203, .T. ) ;
#482 = CARTESIAN_POINT ( 'NONE',  ( -1.812367341641740515, 0.3047056274847713131, 0.7018474558939881147 ) ) ;
#483 = CARTESIAN_POINT ( 'NONE',  ( -1.652642635447262531, 0.2524530623232517090, -0.3360557574512348933 ) ) ;
#484 = B_SPLINE_CURVE_WITH_KNOTS ( 'NONE', 3,
 ( #701, #1003, #1734, #137, #1714, #545, #269, #1115, #849, #1689, #1426, #1543, #435, #396, #840, #126, #1853, #248, #829, #1403 ),
 .UNSPECIFIED., .F., .F.,
 ( 4, 2, 2, 2, 2, 2, 2, 2, 2, 4 ),
 ( 0.000000000000000000, 0.001004939933802351465, 0.002009879867604702931, 0.002512349834505879422, 0.003014819801407056347, 0.004019759735209397188, 0.005024699669011737160, 0.006029639602814078000, 0.007034579536616418841, 0.008039519470418759681 ),
 .UNSPECIFIED. ) ;
#485 = ORIENTED_EDGE ( 'NONE', *, *, #678, .F. ) ;
#486 = CIRCLE ( 'NONE', #1384, 0.02000000000000006981 ) ;
#487 = ORIENTED_EDGE ( 'NONE', *, *, #458, .T. ) ;
#488 = AXIS2_PLACEMENT_3D ( 'NONE', #1859, #1025, #1304 ) ;
#489 = CARTESIAN_POINT ( 'NONE',  ( -1.581369792213673575, 0.2349999999999988209, -0.2188827857265982224 ) ) ;
#490 = VECTOR ( 'NONE', #713, 39.37007874015748143 ) ;
#491 =( BOUNDED_CURVE ( )  B_SPLINE_CURVE ( 3, ( #734, #312, #1596, #1612 ),
 .UNSPECIFIED., .F., .F. ) 
 B_SPLINE_CURVE_WITH_KNOTS ( ( 4, 4 ),
 ( 5.015176959055362538, 6.283185307179586232 ),
 .UNSPECIFIED. ) 
 CURVE ( )  GEOMETRIC_REPRESENTATION_ITEM ( )  RATIONAL_B_SPLINE_CURVE ( ( 1.000000000000000000, 0.8704413324986606249, 0.8704413324986606249, 1.000000000000000000 ) ) 
 REPRESENTATION_ITEM ( '' )  );
#492 = AXIS2_PLACEMENT_3D ( 'NONE', #978, #851, #690 ) ;
#493 = CARTESIAN_POINT ( 'NONE',  ( -1.450512019458610080, 0.000000000000000000, -0.2878989081658922533 ) ) ;
#494 = EDGE_LOOP ( 'NONE', ( #752, #1706, #235, #612 ) ) ;
#495 = EDGE_CURVE ( 'NONE', #50, #1192, #1496, .T. ) ;
#496 = DIRECTION ( 'NONE',  ( -0.9905638349724135150, -0.000000000000000000, -0.1370521391469141648 ) ) ;
#497 = DIRECTION ( 'NONE',  ( -0.1370521391469141648, 0.000000000000000000, 0.9905638349724135150 ) ) ;
#498 = EDGE_CURVE ( 'NONE', #323, #401, #1813, .T. ) ;
#499 = ORIENTED_EDGE ( 'NONE', *, *, #634, .F. ) ;
#500 = ADVANCED_FACE ( 'NONE', ( #423 ), #728, .F. ) ;
#501 = CARTESIAN_POINT ( 'NONE',  ( 3.928947472379699324, 0.000000000000000000, -2.741677436059439810 ) ) ;
#502 = CARTESIAN_POINT ( 'NONE',  ( -1.740116684615172771, 0.1875000000000000833, -4.822976775338962518 ) ) ;
#503 = CARTESIAN_POINT ( 'NONE',  ( -1.449794416136155117, -1.785772217538100954E-17, -0.2930854882772832015 ) ) ;
#504 = ORIENTED_EDGE ( 'NONE', *, *, #814, .F. ) ;
#505 = DIRECTION ( 'NONE',  ( -1.000000000000000000, 0.000000000000000000, -0.000000000000000000 ) ) ;
#506 = VERTEX_POINT ( 'NONE', #1840 ) ;
#507 = DIRECTION ( 'NONE',  ( 0.000000000000000000, 1.000000000000000000, 0.000000000000000000 ) ) ;
#508 = EDGE_CURVE ( 'NONE', #764, #811, #1732, .T. ) ;
#509 = DIRECTION ( 'NONE',  ( -0.1370521391469039230, 0.000000000000000000, 0.9905638349724149583 ) ) ;
#510 = APPLICATION_PROTOCOL_DEFINITION ( 'draft international standard', 'automotive_design', 1998, #1174 ) ;
#511 = DIRECTION ( 'NONE',  ( 0.000000000000000000, 0.000000000000000000, 1.000000000000000000 ) ) ;
#512 = B_SPLINE_CURVE_WITH_KNOTS ( 'NONE', 3,
 ( #1194, #1333, #1162, #1616, #1022, #1471, #1315, #173, #1593, #754, #25, #879, #616, #739, #1746, #360, #661, #1635, #206, #1487 ),
 .UNSPECIFIED., .F., .F.,
 ( 4, 2, 2, 2, 2, 2, 2, 2, 2, 4 ),
 ( 0.000000000000000000, 0.0009949163409433358328, 0.001989832681886671666, 0.002984749022830007498, 0.003979665363773343331, 0.004974581704716679598, 0.005472039875188353802, 0.005969498045660027140, 0.006964414386603386825, 0.007959330727546745643 ),
 .UNSPECIFIED. ) ;
#513 = CARTESIAN_POINT ( 'NONE',  ( -1.559987741130820282, 0.3644422858656276021, -0.3030457178010556585 ) ) ;
#514 = CARTESIAN_POINT ( 'NONE',  ( 2.674620568201525828, 0.3750000000000001110, 0.3250249271509273452 ) ) ;
#515 = AXIS2_PLACEMENT_3D ( 'NONE', #272, #822, #1691 ) ;
#516 = EDGE_LOOP ( 'NONE', ( #324, #1097, #976, #1176 ) ) ;
#517 = CARTESIAN_POINT ( 'NONE',  ( -1.490498637129322068, 0.000000000000000000, -0.2934313648290067800 ) ) ;
#518 = DIRECTION ( 'NONE',  ( 1.000000000000000000, 0.000000000000000000, 0.000000000000000000 ) ) ;
#519 = CARTESIAN_POINT ( 'NONE',  ( -1.597982902993722254, 0.3550000004310189250, 0.6810328921520623080 ) ) ;
#520 = EDGE_CURVE ( 'NONE', #166, #1132, #1324, .T. ) ;
#521 = CARTESIAN_POINT ( 'NONE',  ( -1.672520265270288187, 0.1193518336942751557, -0.3388059807000760593 ) ) ;
#522 = AXIS2_PLACEMENT_3D ( 'NONE', #303, #160, #1172 ) ;
#523 = CARTESIAN_POINT ( 'NONE',  ( -1.096705793903441695, 0.3550000000000000377, 0.7301979215896250430 ) ) ;
#524 = EDGE_LOOP ( 'NONE', ( #1436, #1827, #1053, #1110 ) ) ;
#525 = DIRECTION ( 'NONE',  ( -0.9905638349724136260, 0.000000000000000000, -0.1370521391469132211 ) ) ;
#526 = CARTESIAN_POINT ( 'NONE',  ( -1.653827024594924699, 0.2962831349382480939, -0.3362196268158730295 ) ) ;
#527 = DIRECTION ( 'NONE',  ( 4.228234101821508061E-16, 1.000000000000000000, 5.850087677435337015E-17 ) ) ;
#528 = VECTOR ( 'NONE', #1101, 39.37007874015748143 ) ;
#529 = ORIENTED_EDGE ( 'NONE', *, *, #1290, .T. ) ;
#530 = FACE_OUTER_BOUND ( 'NONE', #1292, .T. ) ;
#531 = CARTESIAN_POINT ( 'NONE',  ( -1.816382008979211093, 0.1571172370359572579, 0.6306251719221995788 ) ) ;
#532 = CARTESIAN_POINT ( 'NONE',  ( -1.683179482342225031, 0.1785689479899456589, -4.822976775338963407 ) ) ;
#533 = CARTESIAN_POINT ( 'NONE',  ( -1.566801257737426623, 0.2349999999999988209, -0.3241789414126421964 ) ) ;
#534 = FACE_OUTER_BOUND ( 'NONE', #549, .T. ) ;
#535 = MECHANICAL_DESIGN_GEOMETRIC_PRESENTATION_REPRESENTATION (  '', ( #131 ), #950 ) ;
#536 = VERTEX_POINT ( 'NONE', #405 ) ;
#537 = ADVANCED_FACE ( 'NONE', ( #257 ), #1411, .F. ) ;
#538 = CARTESIAN_POINT ( 'NONE',  ( -1.450512019458596313, 0.3750000000000000555, -0.2878989081658487881 ) ) ;
#539 = VECTOR ( 'NONE', #681, 39.37007874015748854 ) ;
#540 = CARTESIAN_POINT ( 'NONE',  ( -1.653582872294861783, 0.2495807010959464056, -0.3361858464638947108 ) ) ;
#541 = LINE ( 'NONE', #501, #1283 ) ;
#542 = CARTESIAN_POINT ( 'NONE',  ( 1.741560539970608001, 0.1875000000000000555, -0.06220816641218457343 ) ) ;
#543 = CARTESIAN_POINT ( 'NONE',  ( -1.790879163741958324, 0.2962831349373594714, 0.6543442081564786461 ) ) ;
#544 = DIRECTION ( 'NONE',  ( 0.1370521391469130545, 0.000000000000000000, -0.9905638349724136260 ) ) ;
#545 = CARTESIAN_POINT ( 'NONE',  ( -1.782102177371090557, 0.1043953449733941996, 0.6555585718501323322 ) ) ;
#546 = ORIENTED_EDGE ( 'NONE', *, *, #1008, .T. ) ;
#547 = ADVANCED_FACE ( 'NONE', ( #1052 ), #770, .T. ) ;
#548 = CARTESIAN_POINT ( 'NONE',  ( -1.638232622631650148, 0.3212170836664197116, -0.3138715000560147739 ) ) ;
#549 = EDGE_LOOP ( 'NONE', ( #744, #922 ) ) ;
#550 = LINE ( 'NONE', #1249, #1811 ) ;
#551 = CARTESIAN_POINT ( 'NONE',  ( -1.703853396884340343, 0.2349999999999988209, 0.6663848935597723733 ) ) ;
#552 = ORIENTED_EDGE ( 'NONE', *, *, #389, .T. ) ;
#553 = CARTESIAN_POINT ( 'NONE',  ( -1.818521119050481749, 0.1874999999988234134, 0.6303292095613886037 ) ) ;
#554 = APPLICATION_PROTOCOL_DEFINITION ( 'draft international standard', 'automotive_design', 1998, #1431 ) ;
#555 = CARTESIAN_POINT ( 'NONE',  ( -1.609861248693113200, 0.05745422920987093562, -0.3301366229509421490 ) ) ;
#556 = ORIENTED_EDGE ( 'NONE', *, *, #582, .T. ) ;
#557 = VECTOR ( 'NONE', #125, 39.37007874015749564 ) ;
#558 = CARTESIAN_POINT ( 'NONE',  ( -1.649834338924353272, 0.002447264507066864835, 0.6536683253719585140 ) ) ;
#559 = CARTESIAN_POINT ( 'NONE',  ( -1.450512019458610080, 0.000000000000000000, -0.2878989081658922533 ) ) ;
#560 = CARTESIAN_POINT ( 'NONE',  ( -1.684344812960051563, 0.1855185309895884260, -0.3404419979845003108 ) ) ;
#561 = VECTOR ( 'NONE', #128, 39.37007874015748854 ) ;
#562 = DIRECTION ( 'NONE',  ( 5.850087677435636536E-17, 1.000000000000000000, -4.228234101821514471E-16 ) ) ;
#563 = EDGE_CURVE ( 'NONE', #915, #1269, #660, .T. ) ;
#564 = DIRECTION ( 'NONE',  ( 0.1370521391469138317, 0.000000000000000000, -0.9905638349724137370 ) ) ;
#565 = DIMENSIONAL_EXPONENTS ( 1.000000000000000000, 0.000000000000000000, 0.000000000000000000, 0.000000000000000000, 0.000000000000000000, 0.000000000000000000, 0.000000000000000000 ) ;
#566 = CARTESIAN_POINT ( 'NONE',  ( -0.9651357403224049003, 0.01999999999999999001, -0.2207433599838921900 ) ) ;
#567 = CARTESIAN_POINT ( 'NONE',  ( -1.587666751826150469, 0.04305461986003166625, -0.3270658432944330563 ) ) ;
#568 = EDGE_LOOP ( 'NONE', ( #105, #449, #1614, #1462 ) ) ;
#569 = CARTESIAN_POINT ( 'NONE',  ( 0.8168205176577726379, 0.1875000000000000555, -1.322976775338963407 ) ) ;
#570 = CARTESIAN_POINT ( 'NONE',  ( -1.552054936088453907, 0.02986730899917856494, -0.3221386741878676241 ) ) ;
#571 = CARTESIAN_POINT ( 'NONE',  ( 30.60074134357149944, 35.32753776724816674, 52.57003306580524793 ) ) ;
#572 = CARTESIAN_POINT ( 'NONE',  ( -1.701327705502758691, 0.3624096430163755156, 0.6667343424236126248 ) ) ;
#573 = ORIENTED_EDGE ( 'NONE', *, *, #1267, .T. ) ;
#574 = EDGE_CURVE ( 'NONE', #180, #50, #484, .T. ) ;
#575 = CARTESIAN_POINT ( 'NONE',  ( -0.9453244636229565234, 0.000000000000000000, -0.2180023172009538657 ) ) ;
#576 = DIRECTION ( 'NONE',  ( 0.000000000000000000, -1.000000000000000000, 0.000000000000000000 ) ) ;
#577 = DIRECTION ( 'NONE',  ( 0.9905638349724136260, 0.000000000000000000, 0.1370521391469132211 ) ) ;
#578 = LINE ( 'NONE', #1428, #561 ) ;
#579 = CARTESIAN_POINT ( 'NONE',  ( -1.515523242583849406, 0.002447264354095029116, -0.3170842329043466745 ) ) ;
#580 = CARTESIAN_POINT ( 'NONE',  ( -1.637338981070770361, 0.3537997479740571660, 0.6755876755002327982 ) ) ;
#581 = CARTESIAN_POINT ( 'NONE',  ( 1.736784140543212285, 0.1687104552493952636, -0.05879645253547337302 ) ) ;
#582 = EDGE_CURVE ( 'NONE', #1395, #1341, #104, .T. ) ;
#583 = ORIENTED_EDGE ( 'NONE', *, *, #1226, .F. ) ;
#584 = DIRECTION ( 'NONE',  ( 0.000000000000000000, 0.000000000000000000, 1.000000000000000000 ) ) ;
#585 = EDGE_CURVE ( 'NONE', #1169, #1606, #1284, .T. ) ;
#586 = AXIS2_PLACEMENT_3D ( 'NONE', #93, #1378, #1551 ) ;
#587 = ORIENTED_EDGE ( 'NONE', *, *, #498, .F. ) ;
#588 = CARTESIAN_POINT ( 'NONE',  ( -1.675261307835600011, 0.2556481662158058832, -0.3189947039705391951 ) ) ;
#589 = CARTESIAN_POINT ( 'NONE',  ( -1.096705793903441695, 0.3550000000000000377, 0.7501979215896251718 ) ) ;
#590 = AXIS2_PLACEMENT_3D ( 'NONE', #1166, #597, #321 ) ;
#591 = VECTOR ( 'NONE', #1273, 39.37007874015748854 ) ;
#592 = VECTOR ( 'NONE', #997, 39.37007874015748143 ) ;
#593 = ORIENTED_EDGE ( 'NONE', *, *, #1008, .F. ) ;
#594 = CARTESIAN_POINT ( 'NONE',  ( -1.595241315289618544, 1.243456999126538008E-17, 0.6612216908462101861 ) ) ;
#595 = EDGE_CURVE ( 'NONE', #1264, #702, #85, .T. ) ;
#596 = CARTESIAN_POINT ( 'NONE',  ( -1.567016609105400082, 0.01259035707749062323, -0.3040182158447636840 ) ) ;
#597 = DIRECTION ( 'NONE',  ( -0.1370521391469134431, 0.000000000000000000, 0.9905638349724136260 ) ) ;
#598 =( NAMED_UNIT ( * ) SI_UNIT ( $, .STERADIAN. ) SOLID_ANGLE_UNIT ( ) );
#599 = ORIENTED_EDGE ( 'NONE', *, *, #1619, .F. ) ;
#600 = CARTESIAN_POINT ( 'NONE',  ( 2.425433683198269019, 0.000000000000000000, -0.02383671185363079106 ) ) ;
#601 = CARTESIAN_POINT ( 'NONE',  ( -1.810718948591635957, 0.1336093518427288462, 0.6314086999623599317 ) ) ;
#602 = ORIENTED_EDGE ( 'NONE', *, *, #481, .T. ) ;
#603 = CARTESIAN_POINT ( 'NONE',  ( -1.684586312814955633, 0.1616824262582568228, -0.3202848902612557280 ) ) ;
#604 = CARTESIAN_POINT ( 'NONE',  ( -1.801398325900104735, 0.1874999999998129829, 0.6528888010187836599 ) ) ;
#605 = EDGE_CURVE ( 'NONE', #72, #1066, #258, .T. ) ;
#606 = CARTESIAN_POINT ( 'NONE',  ( -1.686226123534838361, 0.1874999999993433586, -0.3258516929837117493 ) ) ;
#607 = ORIENTED_EDGE ( 'NONE', *, *, #1298, .T. ) ;
#608 = CYLINDRICAL_SURFACE ( 'NONE', #1210, 0.02000000000000000042 ) ;
#609 = CARTESIAN_POINT ( 'NONE',  ( -1.684344812960016924, 0.1894814690088973130, -0.3404419979844957034 ) ) ;
#610 = CARTESIAN_POINT ( 'NONE',  ( -1.635610090719062049, 0.2879013612620842100, -0.3336991736474461123 ) ) ;
#611 = VECTOR ( 'NONE', #1648, 39.37007874015749564 ) ;
#612 = ORIENTED_EDGE ( 'NONE', *, *, #563, .T. ) ;
#613 = CARTESIAN_POINT ( 'NONE',  ( -1.666201804316419954, 0.2062895447506048474, -4.822976775338962518 ) ) ;
#614 = EDGE_CURVE ( 'NONE', #1404, #166, #1539, .T. ) ;
#615 = EDGE_CURVE ( 'NONE', #1794, #1873, #721, .T. ) ;
#616 = CARTESIAN_POINT ( 'NONE',  ( -1.772636397565538591, 0.2879416298801111829, 0.6568682354227785014 ) ) ;
#617 = FACE_OUTER_BOUND ( 'NONE', #990, .T. ) ;
#618 = ORIENTED_EDGE ( 'NONE', *, *, #614, .F. ) ;
#619 = CARTESIAN_POINT ( 'NONE',  ( -1.728906141130334140, 0.2157350647402695720, -0.02692415051794718600 ) ) ;
#620 = CARTESIAN_POINT ( 'NONE',  ( -1.829411043173587936, 0.1996324676318528279, 0.6994893284604477568 ) ) ;
#621 = CARTESIAN_POINT ( 'NONE',  ( 3.928947472379699324, 0.000000000000000000, -2.772927436059439366 ) ) ;
#622 = VECTOR ( 'NONE', #577, 39.37007874015748854 ) ;
#623 = EDGE_LOOP ( 'NONE', ( #1684, #871, #986, #646 ) ) ;
#624 = ORIENTED_EDGE ( 'NONE', *, *, #908, .T. ) ;
#625 = CARTESIAN_POINT ( 'NONE',  ( -1.685506297069328863, 0.3550000000000000377, -0.3406026982605871445 ) ) ;
#626 = EDGE_CURVE ( 'NONE', #426, #764, #1870, .T. ) ;
#627 = AXIS2_PLACEMENT_3D ( 'NONE', #1311, #768, #168 ) ;
#628 = CARTESIAN_POINT ( 'NONE',  ( -1.774017547117885174, 0.08925668397597188997, 0.6566771427400587280 ) ) ;
#629 = DIRECTION ( 'NONE',  ( 0.9905638349724137370, 0.000000000000000000, 0.1370521391469132488 ) ) ;
#630 = DIRECTION ( 'NONE',  ( 9.130123557772678195E-17, -0.000000000000000000, 1.000000000000000000 ) ) ;
#631 = VERTEX_POINT ( 'NONE', #1608 ) ;
#632 = ORIENTED_EDGE ( 'NONE', *, *, #1281, .F. ) ;
#633 = LINE ( 'NONE', #502, #436 ) ;
#634 = EDGE_CURVE ( 'NONE', #1475, #1548, #1785, .T. ) ;
#635 = CARTESIAN_POINT ( 'NONE',  ( -1.783247308596882963, 0.1069117725971993615, 0.6554001341214787946 ) ) ;
#636 = EDGE_CURVE ( 'NONE', #379, #702, #975, .T. ) ;
#637 = CARTESIAN_POINT ( 'NONE',  ( -1.076894517203993207, 0.3750000000000000555, 0.7329389643725631176 ) ) ;
#638 = ORIENTED_EDGE ( 'NONE', *, *, #1582, .F. ) ;
#639 = AXIS2_PLACEMENT_3D ( 'NONE', #748, #629, #1181 ) ;
#640 = LINE ( 'NONE', #1365, #192 ) ;
#641 = AXIS2_PLACEMENT_3D ( 'NONE', #653, #112, #1509 ) ;
#642 = CARTESIAN_POINT ( 'NONE',  ( -1.676677922963884848, 0.1713735387766029961, -4.822976775338963407 ) ) ;
#643 = VECTOR ( 'NONE', #1360, 39.37007874015748854 ) ;
#644 = CARTESIAN_POINT ( 'NONE',  ( -1.581369792213673575, 0.2349999999999988209, -0.2188827857265982224 ) ) ;
#645 = CARTESIAN_POINT ( 'NONE',  ( -1.652347827312624418, 0.3028258669964173921, -0.3158244473852717671 ) ) ;
#646 = ORIENTED_EDGE ( 'NONE', *, *, #1498, .F. ) ;
#647 = CARTESIAN_POINT ( 'NONE',  ( -1.607233332508709589, 0.01498373740352063575, -0.3095825094089443286 ) ) ;
#648 = CARTESIAN_POINT ( 'NONE',  ( -1.774664434524230394, 0.1874999999975802689, 0.3133487823701676112 ) ) ;
#649 = DIRECTION ( 'NONE',  ( 0.000000000000000000, 0.000000000000000000, 1.000000000000000000 ) ) ;
#650 = CARTESIAN_POINT ( 'NONE',  ( -1.477161158198528890, 0.3749850142636544925, -0.2915860218497397516 ) ) ;
#651 = EDGE_LOOP ( 'NONE', ( #1145, #1816, #992, #1161 ) ) ;
#652 = PRESENTATION_STYLE_ASSIGNMENT (( #1526 ) ) ;
#653 = CARTESIAN_POINT ( 'NONE',  ( 0.000000000000000000, 0.3750000000000000555, 0.000000000000000000 ) ) ;
#654 = CYLINDRICAL_SURFACE ( 'NONE', #1736, 0.03124999999999983694 ) ;
#655 = CARTESIAN_POINT ( 'NONE',  ( 3.079927576846362758, 0.000000000000000000, -1.880869826098870323 ) ) ;
#656 = DIRECTION ( 'NONE',  ( -0.9905638349724136260, 0.000000000000000000, -0.1370521391469133043 ) ) ;
#657 = CARTESIAN_POINT ( 'NONE',  ( -1.636965407971516351, 0.2857433160239690184, -0.3338866922324310593 ) ) ;
#658 = EDGE_LOOP ( 'NONE', ( #1536, #315, #1671, #1493 ) ) ;
#659 = SURFACE_SIDE_STYLE ('',( #1098 ) ) ;
#660 = B_SPLINE_CURVE_WITH_KNOTS ( 'NONE', 5,
 ( #331, #415, #974, #994, #1253, #1137, #1833, #1562 ),
 .UNSPECIFIED., .F., .F.,
 ( 6, 2, 6 ),
 ( 0.000000000000000000, 0.005025184311680678910, 0.008752269700667567390 ),
 .UNSPECIFIED. ) ;
#661 = CARTESIAN_POINT ( 'NONE',  ( -1.793402664686964743, 0.2397019379824945895, 0.6539950623564847465 ) ) ;
#662 = EDGE_CURVE ( 'NONE', #1548, #1329, #916, .T. ) ;
#663 = VECTOR ( 'NONE', #1002, 39.37007874015748854 ) ;
#664 = CARTESIAN_POINT ( 'NONE',  ( 4.244135283888759602, 0.3750000000000000555, -4.822976775338963407 ) ) ;
#665 = PRODUCT_CONTEXT ( 'NONE', #755, 'mechanical' ) ;
#666 = VECTOR ( 'NONE', #1208, 39.37007874015748854 ) ;
#667 = DIRECTION ( 'NONE',  ( 0.5812381937190960191, 1.655245454330673518E-17, 0.8137334712067351150 ) ) ;
#668 = PRESENTATION_LAYER_ASSIGNMENT (  '', '', ( #819 ) ) ;
#669 = VERTEX_POINT ( 'NONE', #444 ) ;
#670 = CARTESIAN_POINT ( 'NONE',  ( -1.646195169450394458, 0.2680882274025769840, -0.3351637008509931737 ) ) ;
#671 = AXIS2_PLACEMENT_3D ( 'NONE', #1550, #564, #710 ) ;
#672 = ORIENTED_EDGE ( 'NONE', *, *, #706, .T. ) ;
#673 = CARTESIAN_POINT ( 'NONE',  ( -0.9769751910255164429, 0.3750000000000000555, -0.1351720455524605125 ) ) ;
#674 = CARTESIAN_POINT ( 'NONE',  ( -1.582082073040234294, 0.000000000000000000, 0.6630423734075389097 ) ) ;
#675 = CARTESIAN_POINT ( 'NONE',  ( -1.788138121109013490, 0.2962831350217625115, 0.6345329314362225803 ) ) ;
#676 = DIRECTION ( 'NONE',  ( -0.000000000000000000, -1.000000000000000000, -0.000000000000000000 ) ) ;
#677 = DIRECTION ( 'NONE',  ( 0.9905638349724141811, 0.000000000000000000, 0.1370521391469096684 ) ) ;
#678 = EDGE_CURVE ( 'NONE', #1634, #1796, #912, .T. ) ;
#679 = ORIENTED_EDGE ( 'NONE', *, *, #877, .F. ) ;
#680 = DIRECTION ( 'NONE',  ( 0.000000000000000000, -1.000000000000000000, 0.000000000000000000 ) ) ;
#681 = DIRECTION ( 'NONE',  ( 0.1370521391469142758, 0.000000000000000000, -0.9905638349724135150 ) ) ;
#682 =( BOUNDED_CURVE ( )  B_SPLINE_CURVE ( 3, ( #569, #294, #833, #1855 ),
 .UNSPECIFIED., .F., .T. ) 
 B_SPLINE_CURVE_WITH_KNOTS ( ( 4, 4 ),
 ( 0.000000000000000000, 1.268008348124230134 ),
 .UNSPECIFIED. ) 
 CURVE ( )  GEOMETRIC_REPRESENTATION_ITEM ( )  RATIONAL_B_SPLINE_CURVE ( ( 1.000000000000000000, 0.8704413324986592926, 0.8704413324986592926, 1.000000000000000000 ) ) 
 REPRESENTATION_ITEM ( '' )  );
#683 = ORIENTED_EDGE ( 'NONE', *, *, #1681, .F. ) ;
#684 =( LENGTH_UNIT ( ) NAMED_UNIT ( * ) SI_UNIT ( $, .METRE. ) );
#685 = CARTESIAN_POINT ( 'NONE',  ( -1.818655909324434994, 0.1855185309889537393, 0.6303105602884484515 ) ) ;
#686 = CARTESIAN_POINT ( 'NONE',  ( 3.239369077139482744, 0.3750000000000000555, -2.805240542037167550 ) ) ;
#687 = CARTESIAN_POINT ( 'NONE',  ( 3.239369077139482744, 0.3750000000000000555, -2.805240542037167550 ) ) ;
#688 = CARTESIAN_POINT ( 'NONE',  ( -1.460770346647816131, 0.02000000000000000389, -0.3095087478648101409 ) ) ;
#689 = ORIENTED_EDGE ( 'NONE', *, *, #943, .T. ) ;
#690 = DIRECTION ( 'NONE',  ( 0.000000000000000000, 0.000000000000000000, 1.000000000000000000 ) ) ;
#691 = CARTESIAN_POINT ( 'NONE',  ( -1.447770976675614385, 0.3602359877559832557, -0.3077101848652816218 ) ) ;
#692 = PRODUCT_DEFINITION_SHAPE ( 'NONE', 'NONE',  #1881 ) ;
#693 = ADVANCED_FACE ( 'NONE', ( #1045 ), #164, .T. ) ;
#694 = CARTESIAN_POINT ( 'NONE',  ( -1.518264285342666442, 0.002447264506980979977, -0.2972729562015494764 ) ) ;
#695 = APPLICATION_CONTEXT ( 'automotive_design' ) ;
#696 = ORIENTED_EDGE ( 'NONE', *, *, #472, .F. ) ;
#697 = CYLINDRICAL_SURFACE ( 'NONE', #1878, 0.01968503937007877805 ) ;
#698 = CARTESIAN_POINT ( 'NONE',  ( -1.798193683957267197, 0.2830349440989712306, 0.6533321879243069175 ) ) ;
#699 = CARTESIAN_POINT ( 'NONE',  ( 3.759883315384822566, 0.3750000000000000555, -1.322976775338963851 ) ) ;
#700 = CARTESIAN_POINT ( 'NONE',  ( 3.759883315384822566, 0.3750000000000000555, -1.322976775338963851 ) ) ;
#701 = CARTESIAN_POINT ( 'NONE',  ( -1.801398325900104735, 0.1874999999998129829, 0.6528888010187836599 ) ) ;
#702 = VERTEX_POINT ( 'NONE', #1477 ) ;
#703 = CARTESIAN_POINT ( 'NONE',  ( -1.714316297794809874, 0.03825817430090035914, 0.6649372705991564159 ) ) ;
#704 = CARTESIAN_POINT ( 'NONE',  ( -1.582799676362779850, 0.3750000000000000555, 0.6682289535190240048 ) ) ;
#705 = CARTESIAN_POINT ( 'NONE',  ( -1.577264158647584402, 0.03825817430065057978, -0.3256265643732143555 ) ) ;
#706 = EDGE_CURVE ( 'NONE', #1044, #763, #1178, .T. ) ;
#707 = ORIENTED_EDGE ( 'NONE', *, *, #626, .T. ) ;
#708 = DIRECTION ( 'NONE',  ( 1.000000000000000000, 0.000000000000000000, 0.000000000000000000 ) ) ;
#709 = DIRECTION ( 'NONE',  ( 0.000000000000000000, 0.000000000000000000, 1.000000000000000000 ) ) ;
#710 = DIRECTION ( 'NONE',  ( -0.9905638349724136260, 0.000000000000000000, -0.1370521391469133043 ) ) ;
#711 = CARTESIAN_POINT ( 'NONE',  ( -1.583512860803985456, 0.002155461927803771320, 0.6733835955377802662 ) ) ;
#712 = DIRECTION ( 'NONE',  ( -0.1370521391469130823, 0.000000000000000000, 0.9905638349724137370 ) ) ;
#713 = DIRECTION ( 'NONE',  ( -0.000000000000000000, 1.000000000000000000, -0.000000000000000000 ) ) ;
#714 = EDGE_LOOP ( 'NONE', ( #529, #607, #347, #556 ) ) ;
#715 = CARTESIAN_POINT ( 'NONE',  ( -1.608731211780380699, 1.498573637108344318E-05, 0.6593552597236879143 ) ) ;
#716 = VECTOR ( 'NONE', #795, 39.37007874015748854 ) ;
#717 = CARTESIAN_POINT ( 'NONE',  ( -1.676407852060031178, 0.2413906481232737378, -0.3393438582873886111 ) ) ;
#718 = AXIS2_PLACEMENT_3D ( 'NONE', #1354, #630, #1198 ) ;
#719 = LENGTH_MEASURE_WITH_UNIT ( LENGTH_MEASURE( 0.02539999999999999897 ), #885 );
#720 = CARTESIAN_POINT ( 'NONE',  ( -1.772543718903601517, 0.3212170835931580370, 0.6568810582298179046 ) ) ;
#721 = LINE ( 'NONE', #581, #735 ) ;
#722 = ORIENTED_EDGE ( 'NONE', *, *, #740, .T. ) ;
#723 = CARTESIAN_POINT ( 'NONE',  ( -1.584823115823230211, -1.365923996832131609E-16, 0.6828536501070353593 ) ) ;
#724 = EDGE_LOOP ( 'NONE', ( #696, #707, #81, #875 ) ) ;
#725 = CARTESIAN_POINT ( 'NONE',  ( -1.656568067527498300, 0.07871686497622137901, -0.3164083501372147444 ) ) ;
#726 =( CONVERSION_BASED_UNIT ( 'INCH', #277 ) LENGTH_UNIT ( ) NAMED_UNIT ( #565 ) );
#727 = MANIFOLD_SOLID_BREP ( 'Fillet32', #863 ) ;
#728 = CYLINDRICAL_SURFACE ( 'NONE', #1086, 0.03937008000000032787 ) ;
#729 = ORIENTED_EDGE ( 'NONE', *, *, #1332, .T. ) ;
#730 = CARTESIAN_POINT ( 'NONE',  ( -1.597982358067409736, -4.306641553456818703E-10, 0.6810329675462094556 ) ) ;
#731 = AXIS2_PLACEMENT_3D ( 'NONE', #406, #1852, #1519 ) ;
#732 = AXIS2_PLACEMENT_3D ( 'NONE', #542, #1804, #230 ) ;
#733 = CARTESIAN_POINT ( 'NONE',  ( -1.664576926872670670, 0.1841955648706488646, -0.3377069586270786128 ) ) ;
#734 = CARTESIAN_POINT ( 'NONE',  ( 0.8337981956835769370, 0.2062895447506048752, -1.322976775338963851 ) ) ;
#735 = VECTOR ( 'NONE', #1291, 39.37007874015748143 ) ;
#736 =( NAMED_UNIT ( * ) PLANE_ANGLE_UNIT ( ) SI_UNIT ( $, .RADIAN. ) );
#737 = VECTOR ( 'NONE', #1602, 39.37007874015748143 ) ;
#738 = EDGE_LOOP ( 'NONE', ( #1838, #1476, #1036 ) ) ;
#739 = CARTESIAN_POINT ( 'NONE',  ( -1.779208524719570361, 0.2765427881461235415, 0.6559589309908935295 ) ) ;
#740 = EDGE_CURVE ( 'NONE', #1531, #443, #1297, .T. ) ;
#741 = CARTESIAN_POINT ( 'NONE',  ( 0.01183945070311135175, 0.3550000000000000377, -0.08557131443143152494 ) ) ;
#742 = CARTESIAN_POINT ( 'NONE',  ( -1.679148895010642351, 0.1336093518422565019, -0.3195325816112051798 ) ) ;
#743 = DIRECTION ( 'NONE',  ( 0.000000000000000000, -0.000000000000000000, -1.000000000000000000 ) ) ;
#744 = ORIENTED_EDGE ( 'NONE', *, *, #1226, .T. ) ;
#745 =( BOUNDED_CURVE ( )  B_SPLINE_CURVE ( 3, ( #1503, #642, #532, #1792 ),
 .UNSPECIFIED., .F., .F. ) 
 B_SPLINE_CURVE_WITH_KNOTS ( ( 4, 4 ),
 ( 5.015176959055320793, 6.283185307179586232 ),
 .UNSPECIFIED. ) 
 CURVE ( )  GEOMETRIC_REPRESENTATION_ITEM ( )  RATIONAL_B_SPLINE_CURVE ( ( 1.000000000000000000, 0.8704413324986524092, 0.8704413324986524092, 1.000000000000000000 ) ) 
 REPRESENTATION_ITEM ( '' )  );
#746 = DIRECTION ( 'NONE',  ( 0.9905638349724136260, -0.000000000000000000, 0.1370521391469132488 ) ) ;
#747 = CARTESIAN_POINT ( 'NONE',  ( -1.818655909324352393, 0.1894814690093750142, 0.6303105602884681025 ) ) ;
#748 = CARTESIAN_POINT ( 'NONE',  ( -0.1197306028779253489, 0.3550000000000000377, 0.8653699671420855832 ) ) ;
#749 = CARTESIAN_POINT ( 'NONE',  ( -1.817796901957401845, 0.1874999999998091527, 0.6409879522908923377 ) ) ;
#750 = EDGE_CURVE ( 'NONE', #75, #180, #512, .T. ) ;
#751 = LINE ( 'NONE', #1034, #1287 ) ;
#752 = ORIENTED_EDGE ( 'NONE', *, *, #814, .T. ) ;
#753 = CARTESIAN_POINT ( 'NONE',  ( -1.676677922963885070, 0.2036264612233969484, -4.822976775338963407 ) ) ;
#754 = CARTESIAN_POINT ( 'NONE',  ( -1.746913387840456577, 0.3175457707894546178, 0.6604272120214124131 ) ) ;
#755 = APPLICATION_CONTEXT ( 'automotive_design' ) ;
#756 = CARTESIAN_POINT ( 'NONE',  ( -1.799257269957690974, 0.1645029886622108584, 0.6531850326058667999 ) ) ;
#757 = VERTEX_POINT ( 'NONE', #199 ) ;
#758 = CARTESIAN_POINT ( 'NONE',  ( -1.609022626896318586, 0.3577939392393401086, -0.3804968958860057704 ) ) ;
#759 = CARTESIAN_POINT ( 'NONE',  ( -1.096705793903441473, 0.000000000000000000, 0.7301979215896249320 ) ) ;
#760 = DIRECTION ( 'NONE',  ( 0.000000000000000000, 0.000000000000000000, 1.000000000000000000 ) ) ;
#761 = VECTOR ( 'NONE', #884, 39.37007874015748854 ) ;
#762 = EDGE_CURVE ( 'NONE', #379, #1264, #1663, .T. ) ;
#763 = VERTEX_POINT ( 'NONE', #351 ) ;
#764 = VERTEX_POINT ( 'NONE', #1211 ) ;
#765 = PRESENTATION_STYLE_ASSIGNMENT (( #1030 ) ) ;
#766 =( GEOMETRIC_REPRESENTATION_CONTEXT ( 3 ) GLOBAL_UNCERTAINTY_ASSIGNED_CONTEXT ( ( #1328 ) ) GLOBAL_UNIT_ASSIGNED_CONTEXT ( ( #1055, #469, #1454 ) ) REPRESENTATION_CONTEXT ( 'NONE', 'WORKASPACE' ) );
#767 = CARTESIAN_POINT ( 'NONE',  ( -1.770346811592784952, 0.08357477395067428039, 0.6571850172840256743 ) ) ;
#768 = DIRECTION ( 'NONE',  ( -0.000000000000000000, -1.000000000000000000, 0.000000000000000000 ) ) ;
#769 = CARTESIAN_POINT ( 'NONE',  ( -1.642179559470395178, 0.2764980253868584703, -0.3346081102688340803 ) ) ;
#770 = SPHERICAL_SURFACE ( 'NONE', #1300, 0.02000000000000000042 ) ;
#771 = VERTEX_POINT ( 'NONE', #783 ) ;
#772 = EDGE_CURVE ( 'NONE', #763, #1796, #70, .T. ) ;
#773 = ORIENTED_EDGE ( 'NONE', *, *, #582, .F. ) ;
#774 = DIRECTION ( 'NONE',  ( -1.000000000000000000, -0.000000000000000000, 9.130123557772678195E-17 ) ) ;
#775 = ADVANCED_FACE ( 'NONE', ( #1078 ), #1088, .F. ) ;
#776 = AXIS2_PLACEMENT_3D ( 'NONE', #927, #1499, #649 ) ;
#777 = CARTESIAN_POINT ( 'NONE',  ( 0.000000000000000000, 0.000000000000000000, 0.000000000000000000 ) ) ;
#778 = CARTESIAN_POINT ( 'NONE',  ( -1.678653690111983066, 0.1753675323681471165, -0.3901308900092078646 ) ) ;
#779 = CARTESIAN_POINT ( 'NONE',  ( -1.779158592155280383, 0.1996324676332839332, 0.3362825889695022497 ) ) ;
#780 = LINE ( 'NONE', #1347, #1104 ) ;
#781 = ORIENTED_EDGE ( 'NONE', *, *, #995, .F. ) ;
#782 = DIRECTION ( 'NONE',  ( 0.000000000000000000, 1.000000000000000000, 0.000000000000000000 ) ) ;
#783 = CARTESIAN_POINT ( 'NONE',  ( -1.582082073040226966, 0.3750000000000000555, 0.6630423734075897579 ) ) ;
#784 = DIRECTION ( 'NONE',  ( 0.000000000000000000, 1.000000000000000000, 0.000000000000000000 ) ) ;
#785 = CARTESIAN_POINT ( 'NONE',  ( 3.212696836644935772, 0.000000000000000000, -2.840478541228396381 ) ) ;
#786 = ORIENTED_EDGE ( 'NONE', *, *, #1255, .T. ) ;
#787 = DIRECTION ( 'NONE',  ( 0.1370521391469138317, -0.000000000000000000, -0.9905638349724136260 ) ) ;
#788 = CARTESIAN_POINT ( 'NONE',  ( -0.1197306028779253489, 0.3750000000000000555, 0.8653699671420855832 ) ) ;
#789 = EDGE_CURVE ( 'NONE', #1569, #1169, #1342, .T. ) ;
#790 = CARTESIAN_POINT ( 'NONE',  ( -1.829411043173587936, 0.1592649352637056370, 0.6994893284604477568 ) ) ;
#791 = PRODUCT_DEFINITION_SHAPE ( 'NONE', 'NONE',  #1050 ) ;
#792 = CARTESIAN_POINT ( 'NONE',  ( -1.539076353070325531, 0.3692059786417121181, -0.3001524661346401390 ) ) ;
#793 = CARTESIAN_POINT ( 'NONE',  ( -1.584823115823130513, 0.01999999999999999001, 0.6828536501070485709 ) ) ;
#794 = ORIENTED_EDGE ( 'NONE', *, *, #750, .T. ) ;
#795 = DIRECTION ( 'NONE',  ( 0.1370521391469130545, 0.000000000000000000, -0.9905638349724136260 ) ) ;
#796 = SPHERICAL_SURFACE ( 'NONE', #1061, 0.02000000000000000042 ) ;
#797 = DIRECTION ( 'NONE',  ( -0.9905638349724136260, 0.000000000000000000, -0.1370521391469139427 ) ) ;
#798 = CARTESIAN_POINT ( 'NONE',  ( 3.212696836644935772, 0.000000000000000000, -2.840478541228396381 ) ) ;
#799 = ORIENTED_EDGE ( 'NONE', *, *, #508, .F. ) ;
#800 = CARTESIAN_POINT ( 'NONE',  ( -1.659275077918496821, 0.01720606075982509739, -0.01729015639689278003 ) ) ;
#801 = CARTESIAN_POINT ( 'NONE',  ( -1.649606784575804674, 0.3028258670324910917, -0.3356357240910423645 ) ) ;
#802 = EDGE_CURVE ( 'NONE', #1873, #443, #633, .T. ) ;
#803 = EDGE_LOOP ( 'NONE', ( #928, #624, #1790, #924 ) ) ;
#804 = FACE_OUTER_BOUND ( 'NONE', #17, .T. ) ;
#805 = CARTESIAN_POINT ( 'NONE',  ( -1.611139157313674186, 0.3549801151621728157, 0.6792126229941841675 ) ) ;
#806 = LINE ( 'NONE', #1272, #881 ) ;
#807 = CARTESIAN_POINT ( 'NONE',  ( 3.759883315384822566, 0.3750000000000000555, -1.322976775338963851 ) ) ;
#808 = EDGE_LOOP ( 'NONE', ( #266, #468, #1120, #1105 ) ) ;
#809 = CARTESIAN_POINT ( 'NONE',  ( -1.611494070644572618, 0.3162344778816466029, -0.3303625364492880911 ) ) ;
#810 = FACE_OUTER_BOUND ( 'NONE', #1750, .T. ) ;
#811 = VERTEX_POINT ( 'NONE', #1495 ) ;
#812 = DIRECTION ( 'NONE',  ( -0.9905638349724136260, -0.000000000000000000, -0.1370521391469132211 ) ) ;
#813 = DIRECTION ( 'NONE',  ( 0.000000000000000000, 1.000000000000000000, 0.000000000000000000 ) ) ;
#814 = EDGE_CURVE ( 'NONE', #1269, #467, #917, .T. ) ;
#815 = CARTESIAN_POINT ( 'NONE',  ( -1.748546209791706829, 0.3162344778809476065, 0.6602012985230959474 ) ) ;
#816 = VECTOR ( 'NONE', #18, 39.37007874015748854 ) ;
#817 = CARTESIAN_POINT ( 'NONE',  ( -0.9651357403224049003, 0.000000000000000000, -0.2207433599838921623 ) ) ;
#818 = DIRECTION ( 'NONE',  ( -0.9905638349724135150, 0.000000000000000000, -0.1370521391469141648 ) ) ;
#819 = STYLED_ITEM ( 'NONE', ( #765 ), #727 ) ;
#820 = ORIENTED_EDGE ( 'NONE', *, *, #364, .T. ) ;
#821 = AXIS2_PLACEMENT_3D ( 'NONE', #798, #353, #818 ) ;
#822 = DIRECTION ( 'NONE',  ( 0.000000000000000000, -1.000000000000000000, 0.000000000000000000 ) ) ;
#823 = CARTESIAN_POINT ( 'NONE',  ( -1.577264158648068237, 0.3367418256993505166, -0.3256265643732811355 ) ) ;
#824 = EDGE_LOOP ( 'NONE', ( #1459, #836 ) ) ;
#825 = DIRECTION ( 'NONE',  ( 0.000000000000000000, 1.000000000000000000, 0.000000000000000000 ) ) ;
#826 = CARTESIAN_POINT ( 'NONE',  ( -1.799257269957737604, 0.2104970113363567041, 0.6531850326058605827 ) ) ;
#827 = ADVANCED_FACE ( 'NONE', ( #1798 ), #1202, .F. ) ;
#828 = DIRECTION ( 'NONE',  ( 0.1370521391469138317, 0.000000000000000000, -0.9905638349724136260 ) ) ;
#829 = CARTESIAN_POINT ( 'NONE',  ( -1.597825424056036336, 0.01999999999999999001, 0.6810546805765111955 ) ) ;
#830 = ADVANCED_FACE ( 'NONE', ( #1518 ), #654, .F. ) ;
#831 = ADVANCED_FACE ( 'NONE', ( #1349 ), #926, .T. ) ;
#832 = ORIENTED_EDGE ( 'NONE', *, *, #1, .T. ) ;
#833 = CARTESIAN_POINT ( 'NONE',  ( 0.8233220770361125984, 0.1713735387766034679, -1.322976775338963629 ) ) ;
#834 = CARTESIAN_POINT ( 'NONE',  ( -0.9651357403224049003, 0.3550000000000000377, -0.2207433599838921623 ) ) ;
#835 = CARTESIAN_POINT ( 'NONE',  ( -1.567016609106003155, 0.3624096429225013294, -0.3040182158448821448 ) ) ;
#836 = ORIENTED_EDGE ( 'NONE', *, *, #867, .T. ) ;
#837 = CARTESIAN_POINT ( 'NONE',  ( 3.814284694378990537, 0.3750000000000000555, -1.716170482052909563 ) ) ;
#838 = CARTESIAN_POINT ( 'NONE',  ( -1.798600661861926575, 0.2762675518996998147, 0.6330853583061658574 ) ) ;
#839 = LINE ( 'NONE', #700, #1353 ) ;
#840 = CARTESIAN_POINT ( 'NONE',  ( -1.675208737022348959, 0.02629616824784114515, 0.6703481029669992042 ) ) ;
#841 = EDGE_LOOP ( 'NONE', ( #1453, #546, #146, #122 ) ) ;
#842 = EDGE_CURVE ( 'NONE', #1873, #1244, #745, .T. ) ;
#843 = CARTESIAN_POINT ( 'NONE',  ( 3.787612453884443564, 0.3750000000000000555, -1.751408481244138615 ) ) ;
#844 = DIRECTION ( 'NONE',  ( 0.000000000000000000, 1.000000000000000000, 0.000000000000000000 ) ) ;
#845 = CARTESIAN_POINT ( 'NONE',  ( -1.559987741130210548, 0.01055771413437263211, -0.3030457178009620112 ) ) ;
#846 = ORIENTED_EDGE ( 'NONE', *, *, #1836, .T. ) ;
#847 = CARTESIAN_POINT ( 'NONE',  ( 3.928947472379699324, 0.000000000000000000, -2.772927436059439366 ) ) ;
#848 = DIRECTION ( 'NONE',  ( 0.1370521391469142758, 0.000000000000000000, -0.9905638349724135150 ) ) ;
#849 = CARTESIAN_POINT ( 'NONE',  ( -1.768922758012818397, 0.08154949076989352619, 0.6573820460695553036 ) ) ;
#850 = EDGE_LOOP ( 'NONE', ( #1142, #602, #1285, #23 ) ) ;
#851 = DIRECTION ( 'NONE',  ( -0.000000000000000000, -1.000000000000000000, -0.000000000000000000 ) ) ;
#852 = ADVANCED_FACE ( 'NONE', ( #191 ), #935, .T. ) ;
#853 = CARTESIAN_POINT ( 'NONE',  ( -1.474420115422817590, 1.498557601450906993E-05, -0.3113972985501992086 ) ) ;
#854 = ORIENTED_EDGE ( 'NONE', *, *, #1591, .T. ) ;
#855 = PRODUCT_RELATED_PRODUCT_CATEGORY ( 'part', '', ( #1095 ) ) ;
#856 = AXIS2_PLACEMENT_3D ( 'NONE', #489, #787, #797 ) ;
#857 = CARTESIAN_POINT ( 'NONE',  ( -1.722071684859042051, 0.3551983755553109190, 0.6638642530412930398 ) ) ;
#858 = DIRECTION ( 'NONE',  ( -0.9905638349724136260, 0.000000000000000000, -0.1370521391469139427 ) ) ;
#859 = FACE_OUTER_BOUND ( 'NONE', #919, .T. ) ;
#860 = CARTESIAN_POINT ( 'NONE',  ( -1.096705793903441695, 0.3550000000000000377, 0.7301979215896248210 ) ) ;
#861 = ORIENTED_EDGE ( 'NONE', *, *, #1788, .F. ) ;
#862 = FACE_OUTER_BOUND ( 'NONE', #204, .T. ) ;
#863 = CLOSED_SHELL ( 'NONE', ( #1822, #899, #167, #537, #1343, #1418, #956, #1806, #1776, #1119, #416, #403, #309, #1106, #830, #1302, #54, #352, #1808 ) ) ;
#864 = CARTESIAN_POINT ( 'NONE',  ( -1.546033618812336918, 0.007165661274392539325, -0.3011150574577314831 ) ) ;
#865 = PLANE ( 'NONE',  #1006 ) ;
#866 = CIRCLE ( 'NONE', #136, 0.07999999999999973799 ) ;
#867 = EDGE_CURVE ( 'NONE', #152, #898, #367, .T. ) ;
#868 = CYLINDRICAL_SURFACE ( 'NONE', #308, 0.03124999999999983694 ) ;
#869 = CARTESIAN_POINT ( 'NONE',  ( -1.582799676362697250, 9.737544118041553696E-18, 0.6682289535190356622 ) ) ;
#870 = SHAPE_REPRESENTATION ( 'Single Fin & Control Surface Assembly', ( #1695, #488, #1385 ), #1456 ) ;
#871 = ORIENTED_EDGE ( 'NONE', *, *, #706, .F. ) ;
#872 = DIRECTION ( 'NONE',  ( 0.000000000000000000, 0.000000000000000000, -1.000000000000000000 ) ) ;
#873 = CARTESIAN_POINT ( 'NONE',  ( -1.694298837471325259, 0.01055771423314515352, 0.6677068404751607122 ) ) ;
#874 = CARTESIAN_POINT ( 'NONE',  ( -1.504461278909843269, 0.001244923740404660318, -0.2953632039054502889 ) ) ;
#875 = ORIENTED_EDGE ( 'NONE', *, *, #1681, .T. ) ;
#876 = ADVANCED_BREP_SHAPE_REPRESENTATION ( '', ( #110, #1083 ), #237 ) ;
#877 = EDGE_CURVE ( 'NONE', #1138, #1233, #1429, .T. ) ;
#878 =( BOUNDED_SURFACE ( )  B_SPLINE_SURFACE ( 3, 2, ( 
 ( #1232, #1118, #1096 ),
 ( #226, #1507, #1109 ),
 ( #980, #1682, #650 ),
 ( #388, #98, #65 ),
 ( #86, #1533, #1214 ),
 ( #1361, #1075, #792 ),
 ( #1647, #240, #209 ),
 ( #1222, #1801, #513 ),
 ( #1547, #253, #835 ),
 ( #823, #1658, #1815 ),
 ( #1513, #1371, #217 ),
 ( #809, #945, #1837 ),
 ( #57, #965, #548 ),
 ( #74, #801, #645 ),
 ( #657, #526, #1670 ),
 ( #1397, #1382, #378 ),
 ( #670, #1246, #1825 ),
 ( #540, #1407, #588 ),
 ( #121, #717, #1449 ),
 ( #1846, #1017, #109 ),
 ( #439, #149, #1588 ),
 ( #733, #560, #1165 ) ),
 .UNSPECIFIED., .F., .F., .T. ) 
 B_SPLINE_SURFACE_WITH_KNOTS ( ( 4, 2, 2, 2, 2, 2, 2, 2, 2, 2, 4 ),
 ( 3, 3 ),
 ( 0.000000000000000000, 0.001007135000706611133, 0.002014270001413222266, 0.002517837501766527833, 0.003021405002119833400, 0.004028540002826444533, 0.005035675003533055666, 0.005539242503886361232, 0.006042810004239666799, 0.007049945004946277932, 0.008057080005652889065 ),
 ( 0.000000000000000000, 1.000000000000000000 ),
 .UNSPECIFIED. ) 
 GEOMETRIC_REPRESENTATION_ITEM ( )  RATIONAL_B_SPLINE_SURFACE ( (
 ( 1.000000000000000000, 0.7071067811865475727, 1.000000000000000000),
 ( 1.000000000000000000, 0.7071067811865475727, 1.000000000000000000),
 ( 1.000000000000000000, 0.7071067811865956454, 1.000000000000000000),
 ( 1.000000000000000000, 0.7071067811865956454, 1.000000000000000000),
 ( 1.000000000000000000, 0.7071067811869329311, 1.000000000000000000),
 ( 1.000000000000000000, 0.7071067811869329311, 1.000000000000000000),
 ( 1.000000000000000000, 0.7071067811871675213, 1.000000000000000000),
 ( 1.000000000000000000, 0.7071067811871675213, 1.000000000000000000),
 ( 1.000000000000000000, 0.7071067811873944509, 1.000000000000000000),
 ( 1.000000000000000000, 0.7071067811873944509, 1.000000000000000000),
 ( 1.000000000000000000, 0.7071067811876593501, 1.000000000000000000),
 ( 1.000000000000000000, 0.7071067811876593501, 1.000000000000000000),
 ( 1.000000000000000000, 0.7071067811874705011, 1.000000000000000000),
 ( 1.000000000000000000, 0.7071067811874705011, 1.000000000000000000),
 ( 1.000000000000000000, 0.7071067811871223352, 1.000000000000000000),
 ( 1.000000000000000000, 0.7071067811871223352, 1.000000000000000000),
 ( 1.000000000000000000, 0.7071067811866837971, 1.000000000000000000),
 ( 1.000000000000000000, 0.7071067811866837971, 1.000000000000000000),
 ( 1.000000000000000000, 0.7071067811858623431, 1.000000000000000000),
 ( 1.000000000000000000, 0.7071067811858623431, 1.000000000000000000),
 ( 1.000000000000000000, 0.7071067811855856755, 1.000000000000000000),
 ( 1.000000000000000000, 0.7071067811855856755, 1.000000000000000000) ) ) 
 REPRESENTATION_ITEM ( '' )  SURFACE ( )  );
#879 = CARTESIAN_POINT ( 'NONE',  ( -1.768895735348017251, 0.2934881475025186148, 0.6573857848634477863 ) ) ;
#880 = CARTESIAN_POINT ( 'NONE',  ( -1.794213975361551805, 0.1384647511109205753, 0.6538828112732741893 ) ) ;
#881 = VECTOR ( 'NONE', #1102, 39.37007874015748143 ) ;
#882 = ORIENTED_EDGE ( 'NONE', *, *, #925, .T. ) ;
#883 = CARTESIAN_POINT ( 'NONE',  ( -1.531157438413007998, 0.3750000000000000555, 0.0004359062129030146730 ) ) ;
#884 = DIRECTION ( 'NONE',  ( -0.9905638349724136260, 0.000000000000000000, -0.1370521391469132488 ) ) ;
#885 =( LENGTH_UNIT ( ) NAMED_UNIT ( * ) SI_UNIT ( $, .METRE. ) );
#886 = AXIS2_PLACEMENT_3D ( 'NONE', #200, #1644, #1504 ) ;
#887 = ORIENTED_EDGE ( 'NONE', *, *, #33, .T. ) ;
#888 = CARTESIAN_POINT ( 'NONE',  ( 3.818567573727331688, 0.000000000000000000, -1.747125601895797464 ) ) ;
#889 = CARTESIAN_POINT ( 'NONE',  ( -1.726339132889196160, 0.04388803876140084936, 0.6632738187244550110 ) ) ;
#890 = EDGE_CURVE ( 'NONE', #1494, #757, #1245, .T. ) ;
#891 = CARTESIAN_POINT ( 'NONE',  ( -1.709527528935799845, 0.3577939392402941787, 0.3459165830907963701 ) ) ;
#892 = FACE_OUTER_BOUND ( 'NONE', #651, .T. ) ;
#893 = LINE ( 'NONE', #785, #470 ) ;
#894 = ORIENTED_EDGE ( 'NONE', *, *, #1060, .F. ) ;
#895 = VERTEX_POINT ( 'NONE', #1583 ) ;
#896 = LENGTH_MEASURE_WITH_UNIT ( LENGTH_MEASURE( 0.02539999999999999897 ), #15 );
#897 = CARTESIAN_POINT ( 'NONE',  ( -1.816156366396220134, 0.1616824262586142869, 0.6306563913122409382 ) ) ;
#898 = VERTEX_POINT ( 'NONE', #290 ) ;
#899 = ADVANCED_FACE ( 'NONE', ( #433 ), #868, .T. ) ;
#900 = CARTESIAN_POINT ( 'NONE',  ( -1.779158592155280383, 0.1753675323662390595, 0.3362825889701383519 ) ) ;
#901 = CARTESIAN_POINT ( 'NONE',  ( -1.473773695866004374, 0.3549810549152913053, -0.3113078614236819974 ) ) ;
#902 = VERTEX_POINT ( 'NONE', #1150 ) ;
#903 = ORIENTED_EDGE ( 'NONE', *, *, #626, .F. ) ;
#904 = DIRECTION ( 'NONE',  ( 0.000000000000000000, 1.000000000000000000, 0.000000000000000000 ) ) ;
#905 = CARTESIAN_POINT ( 'NONE',  ( -1.732876852581694216, 0.02610100350807366062, 0.6421787537410454938 ) ) ;
#906 = CARTESIAN_POINT ( 'NONE',  ( -1.779158592155280383, 0.2157350647329550897, 0.3362825889701383519 ) ) ;
#907 = CARTESIAN_POINT ( 'NONE',  ( -1.678653690111983066, 0.1996324676318529112, -0.3901308900092080312 ) ) ;
#908 = EDGE_CURVE ( 'NONE', #811, #669, #1576, .T. ) ;
#909 = VECTOR ( 'NONE', #518, 39.37007874015748143 ) ;
#910 = CARTESIAN_POINT ( 'NONE',  ( -1.619589711732184689, 0.3088299303343526314, -0.3314826307729960564 ) ) ;
#911 = AXIS2_PLACEMENT_3D ( 'NONE', #1406, #1845, #1708 ) ;
#912 = CIRCLE ( 'NONE', #1814, 0.01999999999999999001 ) ;
#913 = EDGE_CURVE ( 'NONE', #915, #771, #1698, .T. ) ;
#914 = EDGE_LOOP ( 'NONE', ( #127, #593, #42, #947 ) ) ;
#915 = VERTEX_POINT ( 'NONE', #1716 ) ;
#916 = LINE ( 'NONE', #888, #1733 ) ;
#917 = B_SPLINE_CURVE_WITH_KNOTS ( 'NONE', 3,
 ( #1238, #951, #648, #44 ),
 .UNSPECIFIED., .F., .F.,
 ( 4, 4 ),
 ( 0.02000000000003126360, 0.9799999999999779998 ),
 .UNSPECIFIED. ) ;
#918 = CARTESIAN_POINT ( 'NONE',  ( 3.928947472379699324, 0.3750000000000000555, -2.741677436059439810 ) ) ;
#919 = EDGE_LOOP ( 'NONE', ( #67, #773, #1469, #1649 ) ) ;
#920 = CARTESIAN_POINT ( 'NONE',  ( -1.663711276271492512, 0.1776221914159960835, -0.3375871891963195814 ) ) ;
#921 = PLANE ( 'NONE',  #718 ) ;
#922 = ORIENTED_EDGE ( 'NONE', *, *, #498, .T. ) ;
#923 =( REPRESENTATION_RELATIONSHIP ('NONE','NONE', #870, #1372 ) REPRESENTATION_RELATIONSHIP_WITH_TRANSFORMATION ( #1704 )SHAPE_REPRESENTATION_RELATIONSHIP( ) );
#924 = ORIENTED_EDGE ( 'NONE', *, *, #1564, .F. ) ;
#925 = EDGE_CURVE ( 'NONE', #375, #1794, #682, .T. ) ;
#926 = CYLINDRICAL_SURFACE ( 'NONE', #92, 0.02000000000000001082 ) ;
#927 = CARTESIAN_POINT ( 'NONE',  ( 3.783329574536102413, 0.3750000000000000555, -1.720453361401250492 ) ) ;
#928 = ORIENTED_EDGE ( 'NONE', *, *, #1591, .F. ) ;
#929 = CARTESIAN_POINT ( 'NONE',  ( -1.499664091449472769, 0.3538405119458386539, -0.3148899971455791369 ) ) ;
#930 = VERTEX_POINT ( 'NONE', #437 ) ;
#931 =( LENGTH_UNIT ( ) NAMED_UNIT ( * ) SI_UNIT ( $, .METRE. ) );
#932 = CARTESIAN_POINT ( 'NONE',  ( -1.595241315289900319, 0.3750000000000000555, 0.6612216908471025834 ) ) ;
#933 = CARTESIAN_POINT ( 'NONE',  ( -1.620368369641643991, 0.2349999999999988209, -0.2242785394089833462 ) ) ;
#934 = DIRECTION ( 'NONE',  ( -0.1370521391469096684, 0.000000000000000000, 0.9905638349724141811 ) ) ;
#935 =( BOUNDED_SURFACE ( )  B_SPLINE_SURFACE ( 3, 2, ( 
 ( #1367, #1227, #1073 ),
 ( #932, #1805, #519 ),
 ( #1675, #221, #805 ),
 ( #1377, #382, #580 ),
 ( #404, #113, #1134 ),
 ( #1720, #244, #422 ),
 ( #1860, #960, #1259 ),
 ( #1001, #1152, #1289 ),
 ( #1528, #572, #1830 ),
 ( #1559, #857, #1571 ),
 ( #124, #278, #1712 ),
 ( #232, #1410, #815 ),
 ( #1251, #720, #1390 ),
 ( #413, #256, #90 ),
 ( #675, #543, #101 ),
 ( #1433, #698, #1144 ),
 ( #838, #134, #1869 ),
 ( #1730, #1113, #1687 ),
 ( #393, #970, #1271 ),
 ( #1850, #1540, #826 ),
 ( #1400, #267, #983 ),
 ( #685, #991, #1839 ) ),
 .UNSPECIFIED., .F., .F., .F. ) 
 B_SPLINE_SURFACE_WITH_KNOTS ( ( 4, 2, 2, 2, 2, 2, 2, 2, 2, 2, 4 ),
 ( 3, 3 ),
 ( 0.000000000000000000, 0.001007135000706131699, 0.002014270001412263398, 0.002517837501765329139, 0.003021405002118395314, 0.004028540002824526796, 0.005035675003530658278, 0.005539242503883724453, 0.006042810004236790627, 0.007049945004942922110, 0.008057080005649053592 ),
 ( 0.000000000000000000, 1.000000000000000000 ),
 .UNSPECIFIED. ) 
 GEOMETRIC_REPRESENTATION_ITEM ( )  RATIONAL_B_SPLINE_SURFACE ( (
 ( 1.000000000000000000, 0.7071067811865475727, 1.000000000000000000),
 ( 1.000000000000000000, 0.7071067811865475727, 1.000000000000000000),
 ( 1.000000000000000000, 0.7071067811866411645, 1.000000000000000000),
 ( 1.000000000000000000, 0.7071067811866411645, 1.000000000000000000),
 ( 1.000000000000000000, 0.7071067811868987363, 1.000000000000000000),
 ( 1.000000000000000000, 0.7071067811868987363, 1.000000000000000000),
 ( 1.000000000000000000, 0.7071067811869991004, 1.000000000000000000),
 ( 1.000000000000000000, 0.7071067811869991004, 1.000000000000000000),
 ( 1.000000000000000000, 0.7071067811869997666, 1.000000000000000000),
 ( 1.000000000000000000, 0.7071067811869997666, 1.000000000000000000),
 ( 1.000000000000000000, 0.7071067811864835129, 1.000000000000000000),
 ( 1.000000000000000000, 0.7071067811864835129, 1.000000000000000000),
 ( 1.000000000000000000, 0.7071067811855139551, 1.000000000000000000),
 ( 1.000000000000000000, 0.7071067811855139551, 1.000000000000000000),
 ( 1.000000000000000000, 0.7071067811853272156, 1.000000000000000000),
 ( 1.000000000000000000, 0.7071067811853272156, 1.000000000000000000),
 ( 1.000000000000000000, 0.7071067811854961915, 1.000000000000000000),
 ( 1.000000000000000000, 0.7071067811854961915, 1.000000000000000000),
 ( 1.000000000000000000, 0.7071067811864789610, 1.000000000000000000),
 ( 1.000000000000000000, 0.7071067811864789610, 1.000000000000000000),
 ( 1.000000000000000000, 0.7071067811872517872, 1.000000000000000000),
 ( 1.000000000000000000, 0.7071067811872517872, 1.000000000000000000) ) ) 
 REPRESENTATION_ITEM ( '' )  SURFACE ( )  );
#936 = FACE_OUTER_BOUND ( 'NONE', #658, .T. ) ;
#937 = CARTESIAN_POINT ( 'NONE',  ( 3.212696836644935772, 0.000000000000000000, -2.840478541228396381 ) ) ;
#938 = ORIENTED_EDGE ( 'NONE', *, *, #802, .F. ) ;
#939 = CYLINDRICAL_SURFACE ( 'NONE', #1669, 0.03937008000000032787 ) ;
#940 = CARTESIAN_POINT ( 'NONE',  ( -0.9623946975394667147, 0.01999999999999999001, -0.2405546366833404281 ) ) ;
#941 = DIRECTION ( 'NONE',  ( 0.1370521391469168293, 0.000000000000000000, -0.9905638349724130709 ) ) ;
#942 = DIRECTION ( 'NONE',  ( 0.000000000000000000, 0.000000000000000000, 1.000000000000000000 ) ) ;
#943 = EDGE_CURVE ( 'NONE', #1531, #895, #1448, .T. ) ;
#944 = CARTESIAN_POINT ( 'NONE',  ( -1.762114890615800622, 0.07029437251403609921, 0.3386407164011343007 ) ) ;
#945 = CARTESIAN_POINT ( 'NONE',  ( -1.624124299951391182, 0.3317762202920630510, -0.3321100259934222643 ) ) ;
#946 = DIRECTION ( 'NONE',  ( 0.1370521391469029793, 0.000000000000000000, -0.9905638349724151803 ) ) ;
#947 = ORIENTED_EDGE ( 'NONE', *, *, #1, .F. ) ;
#948 =( NAMED_UNIT ( * ) SI_UNIT ( $, .STERADIAN. ) SOLID_ANGLE_UNIT ( ) );
#949 = DIRECTION ( 'NONE',  ( 0.1370521391469138039, -0.000000000000000000, -0.9905638349724135150 ) ) ;
#950 =( GEOMETRIC_REPRESENTATION_CONTEXT ( 3 ) GLOBAL_UNCERTAINTY_ASSIGNED_CONTEXT ( ( #162 ) ) GLOBAL_UNIT_ASSIGNED_CONTEXT ( ( #369, #219, #948 ) ) REPRESENTATION_CONTEXT ( 'NONE', 'WORKASPACE' ) );
#951 = CARTESIAN_POINT ( 'NONE',  ( -1.730807749995215028, 0.1875000000004393708, -0.003631644820000042972 ) ) ;
#952 = DIRECTION ( 'NONE',  ( 0.000000000000000000, 0.000000000000000000, 1.000000000000000000 ) ) ;
#953 = DIRECTION ( 'NONE',  ( 0.000000000000000000, -1.000000000000000000, -0.000000000000000000 ) ) ;
#954 = VECTOR ( 'NONE', #196, 39.37007874015748854 ) ;
#955 = ORIENTED_EDGE ( 'NONE', *, *, #1511, .T. ) ;
#956 = ADVANCED_FACE ( 'NONE', ( #409 ), #418, .F. ) ;
#957 = EDGE_LOOP ( 'NONE', ( #368, #1624, #1386, #349 ) ) ;
#958 = CARTESIAN_POINT ( 'NONE',  ( -1.581409889432865867, 0.000000000000000000, 0.3636426457016245783 ) ) ;
#959 = CARTESIAN_POINT ( 'NONE',  ( -1.662055308382197616, 8.725112288777302550E-14, 0.6519774600813535992 ) ) ;
#960 = CARTESIAN_POINT ( 'NONE',  ( -1.680344715200889016, 0.3678343388240448153, 0.6696375008118512495 ) ) ;
#961 = CARTESIAN_POINT ( 'NONE',  ( -1.666201804316419954, 0.2062895447506048474, -4.822976775338962518 ) ) ;
#962 = LINE ( 'NONE', #788, #643 ) ;
#963 = ORIENTED_EDGE ( 'NONE', *, *, #1352, .T. ) ;
#964 = SPHERICAL_SURFACE ( 'NONE', #464, 0.02000000000000000042 ) ;
#965 = CARTESIAN_POINT ( 'NONE',  ( -1.635491579756372937, 0.3212170835941765001, -0.3336827767426461810 ) ) ;
#966 = ORIENTED_EDGE ( 'NONE', *, *, #1239, .T. ) ;
#967 = DIRECTION ( 'NONE',  ( 0.000000000000000000, 1.000000000000000000, 0.000000000000000000 ) ) ;
#968 = LINE ( 'NONE', #1087, #82 ) ;
#969 = EDGE_CURVE ( 'NONE', #1329, #1679, #977, .T. ) ;
#970 = CARTESIAN_POINT ( 'NONE',  ( -1.813459991207132527, 0.2413906481227047762, 0.6512199766849928739 ) ) ;
#971 = CIRCLE ( 'NONE', #1877, 0.03124999999999983694 ) ;
#972 = AXIS2_PLACEMENT_3D ( 'NONE', #1366, #69, #402 ) ;
#973 = LINE ( 'NONE', #1282, #1455 ) ;
#974 = CARTESIAN_POINT ( 'NONE',  ( -1.530485254802167683, 0.3750000000000000555, -0.2989638214922308301 ) ) ;
#975 = CIRCLE ( 'NONE', #184, 0.02000000000000005940 ) ;
#976 = ORIENTED_EDGE ( 'NONE', *, *, #190, .F. ) ;
#977 = CIRCLE ( 'NONE', #492, 0.03125000000000011102 ) ;
#978 = CARTESIAN_POINT ( 'NONE',  ( 3.783329574536102413, 0.000000000000000000, -1.720453361401250492 ) ) ;
#979 = DIRECTION ( 'NONE',  ( 0.1370521391469101402, 0.000000000000000000, -0.9905638349724141811 ) ) ;
#980 = CARTESIAN_POINT ( 'NONE',  ( -1.474087018165691765, 0.3549801151621789774, -0.3113512119780817988 ) ) ;
#981 = PRODUCT_DEFINITION_SHAPE ( 'NONE', 'NONE',  #1320 ) ;
#982 = PLANE ( 'NONE',  #1535 ) ;
#983 = CARTESIAN_POINT ( 'NONE',  ( -1.800763415418244806, 0.1973778085818941319, 0.6529766457761162490 ) ) ;
#984 = CARTESIAN_POINT ( 'NONE',  ( 1.497476494994460339, 0.000000000000000000, -1.322976775338964073 ) ) ;
#985 = CARTESIAN_POINT ( 'NONE',  ( -1.635584258418713688, 0.08705837011884588750, -0.3336955995496472815 ) ) ;
#986 = ORIENTED_EDGE ( 'NONE', *, *, #178, .F. ) ;
#987 = CARTESIAN_POINT ( 'NONE',  ( -1.652575381731414383, 0.002447264354148692787, 0.6734796020680934303 ) ) ;
#988 = PLANE ( 'NONE',  #60 ) ;
#989 = CARTESIAN_POINT ( 'NONE',  ( -1.539076353069906089, 0.005794021358314803936, -0.3001524661345550959 ) ) ;
#990 = EDGE_LOOP ( 'NONE', ( #172, #583, #1843, #1563 ) ) ;
#991 = CARTESIAN_POINT ( 'NONE',  ( -1.821396952107328771, 0.1855185309889511025, 0.6501218369878628556 ) ) ;
#992 = ORIENTED_EDGE ( 'NONE', *, *, #1760, .T. ) ;
#993 = FACE_OUTER_BOUND ( 'NONE', #1000, .T. ) ;
#994 = CARTESIAN_POINT ( 'NONE',  ( -1.607233332509445445, 0.3600162625959316687, -0.3095825094091443908 ) ) ;
#995 = EDGE_CURVE ( 'NONE', #1531, #1794, #578, .T. ) ;
#996 = VERTEX_POINT ( 'NONE', #843 ) ;
#997 = DIRECTION ( 'NONE',  ( 1.000000000000000000, 0.000000000000000000, 0.000000000000000000 ) ) ;
#998 = CARTESIAN_POINT ( 'NONE',  ( -1.582082073040226966, 0.3750000000000000555, 0.6630423734075897579 ) ) ;
#999 = CARTESIAN_POINT ( 'NONE',  ( -1.447770976675637034, 0.02000000000000000042, -0.3077101848652847305 ) ) ;
#1000 = EDGE_LOOP ( 'NONE', ( #1834, #1740, #1331, #1340 ) ) ;
#1001 = CARTESIAN_POINT ( 'NONE',  ( -1.691557794712555740, 0.3644422858653762476, 0.6478955637723823324 ) ) ;
#1002 = DIRECTION ( 'NONE',  ( -0.1370521391469141370, 0.000000000000000000, 0.9905638349724135150 ) ) ;
#1003 = CARTESIAN_POINT ( 'NONE',  ( -1.800420034432407279, 0.1742903648627744662, 0.6530241551813562584 ) ) ;
#1004 = AXIS2_PLACEMENT_3D ( 'NONE', #447, #1876, #708 ) ;
#1005 = ORIENTED_EDGE ( 'NONE', *, *, #1744, .F. ) ;
#1006 = AXIS2_PLACEMENT_3D ( 'NONE', #1461, #1467, #743 ) ;
#1007 = CARTESIAN_POINT ( 'NONE',  ( -1.680344715200298378, 0.007165661175896977791, 0.6696375008119186401 ) ) ;
#1008 = EDGE_CURVE ( 'NONE', #379, #1192, #1437, .T. ) ;
#1009 = CARTESIAN_POINT ( 'NONE',  ( -1.585019545710823374, 0.01980162444413356010, -0.3266995819308701754 ) ) ;
#1010 = LINE ( 'NONE', #1580, #1424 ) ;
#1011 =( NAMED_UNIT ( * ) SI_UNIT ( $, .STERADIAN. ) SOLID_ANGLE_UNIT ( ) );
#1012 = VECTOR ( 'NONE', #450, 39.37007874015748854 ) ;
#1013 = DIRECTION ( 'NONE',  ( 0.000000000000000000, 1.000000000000000000, 0.000000000000000000 ) ) ;
#1014 = ORIENTED_EDGE ( 'NONE', *, *, #1267, .F. ) ;
#1015 = CARTESIAN_POINT ( 'NONE',  ( -1.740116684615172771, 0.1875000000000000833, -4.822976775338962518 ) ) ;
#1016 = CARTESIAN_POINT ( 'NONE',  ( -1.670646406651445037, 0.005794021358412600707, 0.6507888154388508095 ) ) ;
#1017 = CARTESIAN_POINT ( 'NONE',  ( -1.681845270199887832, 0.2133175737734983868, -0.3400961669839715484 ) ) ;
#1018 = CARTESIAN_POINT ( 'NONE',  ( 3.212696836644935772, 0.000000000000000000, -2.840478541228396381 ) ) ;
#1019 = ADVANCED_FACE ( 'NONE', ( #862 ), #1652, .T. ) ;
#1020 = CARTESIAN_POINT ( 'NONE',  ( 0.000000000000000000, 0.000000000000000000, 0.000000000000000000 ) ) ;
#1021 = EDGE_LOOP ( 'NONE', ( #599, #966, #1502, #1355, #138, #477, #846, #1598, #1637, #1247, #1627, #1659, #276, #854 ) ) ;
#1022 = CARTESIAN_POINT ( 'NONE',  ( -1.649592955226128144, 0.3527332062558182768, 0.6738922437554523137 ) ) ;
#1023 = CARTESIAN_POINT ( 'NONE',  ( -1.769802676212143488, 0.05378291633376423853, 0.6370697815175155876 ) ) ;
#1024 = CARTESIAN_POINT ( 'NONE',  ( -1.626865342824159733, 0.04322377956920733788, -0.3122987493064195985 ) ) ;
#1025 = DIRECTION ( 'NONE',  ( 0.000000000000000000, 0.000000000000000000, 1.000000000000000000 ) ) ;
#1026 = VERTEX_POINT ( 'NONE', #918 ) ;
#1027 = CIRCLE ( 'NONE', #116, 0.01999999999999999001 ) ;
#1028 = EDGE_CURVE ( 'NONE', #1192, #218, #1601, .T. ) ;
#1029 = PRODUCT_RELATED_PRODUCT_CATEGORY ( 'part', '', ( #225 ) ) ;
#1030 = SURFACE_STYLE_USAGE ( .BOTH. , #1322 ) ;
#1031 = DIRECTION ( 'NONE',  ( -0.9905638349724137370, 0.000000000000000000, -0.1370521391469132766 ) ) ;
#1032 = VERTEX_POINT ( 'NONE', #1626 ) ;
#1033 = CARTESIAN_POINT ( 'NONE',  ( -1.667030608280662962, 0.09873244809831363544, -0.3178559232672866774 ) ) ;
#1034 = CARTESIAN_POINT ( 'NONE',  ( -0.9425834208400185599, 0.3550000000000000377, -0.2378135939004022148 ) ) ;
#1035 = ORIENTED_EDGE ( 'NONE', *, *, #969, .T. ) ;
#1036 = ORIENTED_EDGE ( 'NONE', *, *, #636, .F. ) ;
#1037 = AXIS2_PLACEMENT_3D ( 'NONE', #108, #680, #1396 ) ;
#1038 = CARTESIAN_POINT ( 'NONE',  ( -1.761176439097810409, 0.04322377970799833047, 0.6584538089789006010 ) ) ;
#1039 = CARTESIAN_POINT ( 'NONE',  ( -1.675261307835445690, 0.1193518337828763792, -0.3189947039705536835 ) ) ;
#1040 = DIRECTION ( 'NONE',  ( 0.000000000000000000, 0.000000000000000000, 1.000000000000000000 ) ) ;
#1041 = CARTESIAN_POINT ( 'NONE',  ( -1.512555361329184000, 0.3527317478529073957, -0.3166736036643694741 ) ) ;
#1042 = CIRCLE ( 'NONE', #776, 0.03125000000000011102 ) ;
#1043 = EDGE_LOOP ( 'NONE', ( #188, #729, #672, #1558, #1745 ) ) ;
#1044 = VERTEX_POINT ( 'NONE', #45 ) ;
#1045 = FACE_OUTER_BOUND ( 'NONE', #1696, .T. ) ;
#1046 = ADVANCED_FACE ( 'NONE', ( #156 ), #608, .T. ) ;
#1047 = CARTESIAN_POINT ( 'NONE',  ( -1.818897409347040250, 0.1616824262254690225, 0.6504676679884703328 ) ) ;
#1048 = CARTESIAN_POINT ( 'NONE',  ( -1.659275077918485941, 0.3577939392371139449, -0.01729015639601731019 ) ) ;
#1049 = DIRECTION ( 'NONE',  ( -0.000000000000000000, -1.000000000000000000, -0.000000000000000000 ) ) ;
#1050 = PRODUCT_DEFINITION ( 'UNKNOWN', '', #305, #1199 ) ;
#1051 = DIRECTION ( 'NONE',  ( -0.000000000000000000, -1.000000000000000000, -0.000000000000000000 ) ) ;
#1052 = FACE_OUTER_BOUND ( 'NONE', #421, .T. ) ;
#1053 = ORIENTED_EDGE ( 'NONE', *, *, #95, .T. ) ;
#1054 = ORIENTED_EDGE ( 'NONE', *, *, #215, .F. ) ;
#1055 =( CONVERSION_BASED_UNIT ( 'INCH', #896 ) LENGTH_UNIT ( ) NAMED_UNIT ( #1872 ) );
#1056 = CARTESIAN_POINT ( 'NONE',  ( -1.450512019458610080, 0.000000000000000000, -0.2878989081658922533 ) ) ;
#1057 = ORIENTED_EDGE ( 'NONE', *, *, #472, .T. ) ;
#1058 = CARTESIAN_POINT ( 'NONE',  ( -1.491170820736954505, 0.3750000000000000555, 0.005968362876039893031 ) ) ;
#1059 = CIRCLE ( 'NONE', #236, 0.03125000000000011102 ) ;
#1060 = EDGE_CURVE ( 'NONE', #375, #1244, #1747, .T. ) ;
#1061 = AXIS2_PLACEMENT_3D ( 'NONE', #220, #562, #1376 ) ;
#1062 = DIRECTION ( 'NONE',  ( 0.1370521391469142758, 0.000000000000000000, -0.9905638349724135150 ) ) ;
#1063 = AXIS2_PLACEMENT_3D ( 'NONE', #860, #1435, #677 ) ;
#1064 = ORIENTED_EDGE ( 'NONE', *, *, #1599, .F. ) ;
#1065 = VECTOR ( 'NONE', #1379, 39.37007874015748143 ) ;
#1066 = VERTEX_POINT ( 'NONE', #1754 ) ;
#1067 = DIRECTION ( 'NONE',  ( -0.9905638349724137370, 0.000000000000000000, -0.1370521391469130823 ) ) ;
#1068 = CARTESIAN_POINT ( 'NONE',  ( -1.447770976675637034, 0.01999999999999999001, -0.3077101848652847305 ) ) ;
#1069 = EDGE_LOOP ( 'NONE', ( #141, #1432, #1005 ) ) ;
#1070 = DIRECTION ( 'NONE',  ( 0.000000000000000000, 0.000000000000000000, 1.000000000000000000 ) ) ;
#1071 = VERTEX_POINT ( 'NONE', #193 ) ;
#1072 = DIRECTION ( 'NONE',  ( 0.1370521391469138039, -0.000000000000000000, -0.9905638349724135150 ) ) ;
#1073 = CARTESIAN_POINT ( 'NONE',  ( -1.584823115823213557, 0.3550000000000000377, 0.6828536501070370246 ) ) ;
#1074 = FACE_OUTER_BOUND ( 'NONE', #808, .T. ) ;
#1075 = CARTESIAN_POINT ( 'NONE',  ( -1.536335310275323440, 0.3692059785652396231, -0.3199637428323973687 ) ) ;
#1076 = ORIENTED_EDGE ( 'NONE', *, *, #1255, .F. ) ;
#1077 = CARTESIAN_POINT ( 'NONE',  ( -1.657026396955870728, 0.05717926299289768227, -0.3164717635450233768 ) ) ;
#1078 = FACE_OUTER_BOUND ( 'NONE', #1314, .T. ) ;
#1079 = ADVANCED_FACE ( 'NONE', ( #617 ), #1186, .F. ) ;
#1080 = SHAPE_DEFINITION_REPRESENTATION ( #981, #1187 ) ;
#1081 = LINE ( 'NONE', #346, #1065 ) ;
#1082 = LINE ( 'NONE', #355, #539 ) ;
#1083 = AXIS2_PLACEMENT_3D ( 'NONE', #1421, #13, #1570 ) ;
#1084 = ORIENTED_EDGE ( 'NONE', *, *, #1760, .F. ) ;
#1085 = CARTESIAN_POINT ( 'NONE',  ( -1.447770976675637034, 0.01999999999999999001, -0.3077101848652847305 ) ) ;
#1086 = AXIS2_PLACEMENT_3D ( 'NONE', #102, #1879, #442 ) ;
#1087 = CARTESIAN_POINT ( 'NONE',  ( -1.502124685415880734, 0.2349999999999988209, -0.2079186145948451470 ) ) ;
#1088 = CYLINDRICAL_SURFACE ( 'NONE', #856, 0.07999999999999973799 ) ;
#1089 = CYLINDRICAL_SURFACE ( 'NONE', #639, 0.01999999999999993450 ) ;
#1090 = APPLICATION_PROTOCOL_DEFINITION ( 'draft international standard', 'automotive_design', 1998, #1401 ) ;
#1091 = DIRECTION ( 'NONE',  ( -0.9905638349724136260, 0.000000000000000000, -0.1370521391469139427 ) ) ;
#1092 = ADVANCED_FACE ( 'NONE', ( #1478 ), #185, .T. ) ;
#1093 = VERTEX_POINT ( 'NONE', #1809 ) ;
#1094 = LINE ( 'NONE', #1266, #159 ) ;
#1095 = PRODUCT ( 'zphr-aerod-Control Surface -v2_1', 'zphr-aerod-Control Surface -v2_1', '', ( #395 ) ) ;
#1096 = CARTESIAN_POINT ( 'NONE',  ( -1.450512019458552571, 0.3750000000000002220, -0.2878989081658333005 ) ) ;
#1097 = ORIENTED_EDGE ( 'NONE', *, *, #1167, .F. ) ;
#1098 = SURFACE_STYLE_FILL_AREA ( #1660 ) ;
#1099 = CARTESIAN_POINT ( 'NONE',  ( -1.811434501721155277, 0.1265865767671910946, 0.6313096976732458510 ) ) ;
#1100 = AXIS2_PLACEMENT_3D ( 'NONE', #1234, #507, #1641 ) ;
#1101 = DIRECTION ( 'NONE',  ( 0.000000000000000000, -1.000000000000000000, 0.000000000000000000 ) ) ;
#1102 = DIRECTION ( 'NONE',  ( 0.000000000000000000, -1.000000000000000000, -0.000000000000000000 ) ) ;
#1103 = LINE ( 'NONE', #807, #1541 ) ;
#1104 = VECTOR ( 'NONE', #49, 39.37007874015748143 ) ;
#1105 = ORIENTED_EDGE ( 'NONE', *, *, #1148, .T. ) ;
#1106 = ADVANCED_FACE ( 'NONE', ( #1074 ), #1203, .F. ) ;
#1107 = FACE_OUTER_BOUND ( 'NONE', #1069, .T. ) ;
#1108 = EDGE_CURVE ( 'NONE', #1032, #895, #1103, .T. ) ;
#1109 = CARTESIAN_POINT ( 'NONE',  ( -1.463671261708432647, 0.3750000000000002220, -0.2897195907268215742 ) ) ;
#1110 = ORIENTED_EDGE ( 'NONE', *, *, #1498, .T. ) ;
#1111 = CARTESIAN_POINT ( 'NONE',  ( -1.684811955397855776, 0.1571172370354309011, -0.3203161096513100770 ) ) ;
#1112 = CARTESIAN_POINT ( 'NONE',  ( -1.622068690711247374, 0.000000000000000000, 0.6575099167444906634 ) ) ;
#1113 = CARTESIAN_POINT ( 'NONE',  ( -1.809572404417455704, 0.2556481663038058239, 0.6517578542724745683 ) ) ;
#1114 = DIRECTION ( 'NONE',  ( 0.000000000000000000, 0.000000000000000000, 1.000000000000000000 ) ) ;
#1115 = CARTESIAN_POINT ( 'NONE',  ( -1.772662229865459960, 0.08709863873796572231, 0.6568646613250392896 ) ) ;
#1116 = ORIENTED_EDGE ( 'NONE', *, *, #1168, .F. ) ;
#1117 = FACE_OUTER_BOUND ( 'NONE', #1774, .T. ) ;
#1118 = CARTESIAN_POINT ( 'NONE',  ( -1.447770976675614163, 0.3750000000000002776, -0.3077101848652815663 ) ) ;
#1119 = ADVANCED_FACE ( 'NONE', ( #1394 ), #1212, .F. ) ;
#1120 = ORIENTED_EDGE ( 'NONE', *, *, #1310, .F. ) ;
#1121 = DIRECTION ( 'NONE',  ( 0.1370521391469132488, 0.000000000000000000, -0.9905638349724137370 ) ) ;
#1122 = CIRCLE ( 'NONE', #304, 0.07999999999999973799 ) ;
#1123 = PRODUCT_DEFINITION_FORMATION_WITH_SPECIFIED_SOURCE ( 'ANY', '', #1095, .NOT_KNOWN. ) ;
#1124 = DIRECTION ( 'NONE',  ( -0.1370521391469139705, 1.691293640728604802E-15, 0.9905638349724136260 ) ) ;
#1125 = APPLICATION_PROTOCOL_DEFINITION ( 'draft international standard', 'automotive_design', 1998, #695 ) ;
#1126 = CARTESIAN_POINT ( 'NONE',  ( -1.619560483015900276, 0.06614110060313421746, -0.3314785867548821208 ) ) ;
#1127 = ORIENTED_EDGE ( 'NONE', *, *, #1216, .F. ) ;
#1128 = AXIS2_PLACEMENT_3D ( 'NONE', #94, #784, #1350 ) ;
#1129 = CARTESIAN_POINT ( 'NONE',  ( -1.676260790220754471, 0.02674455579436612468, 0.6702025433006285615 ) ) ;
#1130 = FACE_OUTER_BOUND ( 'NONE', #1043, .T. ) ;
#1131 = CARTESIAN_POINT ( 'NONE',  ( -1.450512019458575219, 0.000000000000000000, -0.2878989081658364646 ) ) ;
#1132 = VERTEX_POINT ( 'NONE', #1799 ) ;
#1133 = UNCERTAINTY_MEASURE_WITH_UNIT (LENGTH_MEASURE( 1.000000000000000082E-05 ), #1711, 'distance_accuracy_value', 'NONE');
#1134 = CARTESIAN_POINT ( 'NONE',  ( -1.650383166777667610, 0.3526531153989538869, 0.6737829118984905996 ) ) ;
#1135 =( BOUNDED_SURFACE ( )  B_SPLINE_SURFACE ( 3, 2, ( 
 ( #1131, #420, #999 ),
 ( #1568, #3, #274 ),
 ( #1709, #853, #1737 ),
 ( #874, #1867, #1268 ),
 ( #694, #579, #411 ),
 ( #989, #1743, #1557 ),
 ( #864, #1288, #265 ),
 ( #845, #1419, #570 ),
 ( #596, #1728, #295 ),
 ( #429, #1009, #705 ),
 ( #1430, #446, #1277 ),
 ( #1024, #1579, #1595 ),
 ( #286, #302, #129 ),
 ( #142, #1441, #1857 ),
 ( #725, #1294, #1141 ),
 ( #1718, #1875, #1159 ),
 ( #1033, #1325, #1763 ),
 ( #1039, #521, #1171 ),
 ( #742, #1345, #194 ),
 ( #603, #1755, #1317 ),
 ( #1466, #454, #920 ),
 ( #473, #609, #327 ) ),
 .UNSPECIFIED., .F., .F., .T. ) 
 B_SPLINE_SURFACE_WITH_KNOTS ( ( 4, 2, 2, 2, 2, 2, 2, 2, 2, 2, 4 ),
 ( 3, 3 ),
 ( 0.000000000000000000, 0.001007135000701516684, 0.002014270001403033368, 0.002517837501753791493, 0.003021405002104550052, 0.004028540002806066736, 0.005035675003507582986, 0.005539242503858341979, 0.006042810004209100104, 0.007049945004910617222, 0.008057080005612133472 ),
 ( 0.000000000000000000, 1.000000000000000000 ),
 .UNSPECIFIED. ) 
 GEOMETRIC_REPRESENTATION_ITEM ( )  RATIONAL_B_SPLINE_SURFACE ( (
 ( 1.000000000000000000, 0.7071067811865469066, 1.000000000000000000),
 ( 1.000000000000000000, 0.7071067811865469066, 1.000000000000000000),
 ( 1.000000000000000000, 0.7071067811865897612, 1.000000000000000000),
 ( 1.000000000000000000, 0.7071067811865897612, 1.000000000000000000),
 ( 1.000000000000000000, 0.7071067811865469066, 1.000000000000000000),
 ( 1.000000000000000000, 0.7071067811865469066, 1.000000000000000000),
 ( 1.000000000000000000, 0.7071067811865276997, 1.000000000000000000),
 ( 1.000000000000000000, 0.7071067811865276997, 1.000000000000000000),
 ( 1.000000000000000000, 0.7071067811865658914, 1.000000000000000000),
 ( 1.000000000000000000, 0.7071067811865658914, 1.000000000000000000),
 ( 1.000000000000000000, 0.7071067811870241915, 1.000000000000000000),
 ( 1.000000000000000000, 0.7071067811870241915, 1.000000000000000000),
 ( 1.000000000000000000, 0.7071067811878292142, 1.000000000000000000),
 ( 1.000000000000000000, 0.7071067811878292142, 1.000000000000000000),
 ( 1.000000000000000000, 0.7071067811879575560, 1.000000000000000000),
 ( 1.000000000000000000, 0.7071067811879575560, 1.000000000000000000),
 ( 1.000000000000000000, 0.7071067811877582709, 1.000000000000000000),
 ( 1.000000000000000000, 0.7071067811877582709, 1.000000000000000000),
 ( 1.000000000000000000, 0.7071067811867671749, 1.000000000000000000),
 ( 1.000000000000000000, 0.7071067811867671749, 1.000000000000000000),
 ( 1.000000000000000000, 0.7071067811859778063, 1.000000000000000000),
 ( 1.000000000000000000, 0.7071067811859778063, 1.000000000000000000) ) ) 
 REPRESENTATION_ITEM ( '' )  SURFACE ( )  );
#1136 = CARTESIAN_POINT ( 'NONE',  ( -1.566801257737426623, 0.2349999999999988209, -0.3241789414126421964 ) ) ;
#1137 = CARTESIAN_POINT ( 'NONE',  ( -1.679864448140337085, 0.2484134232322829372, -0.3196315839001060422 ) ) ;
#1138 = VERTEX_POINT ( 'NONE', #933 ) ;
#1139 = CARTESIAN_POINT ( 'NONE',  ( 3.759883315384822566, 0.3750000000000000555, -1.322976775338963851 ) ) ;
#1140 = CARTESIAN_POINT ( 'NONE',  ( -1.801398325900104735, 0.1874999999998129829, 0.6528888010187836599 ) ) ;
#1141 = CARTESIAN_POINT ( 'NONE',  ( -1.636965407971203268, 0.08925668397518275732, -0.3338866922323875941 ) ) ;
#1142 = ORIENTED_EDGE ( 'NONE', *, *, #867, .F. ) ;
#1143 =( NAMED_UNIT ( * ) PLANE_ANGLE_UNIT ( ) SI_UNIT ( $, .RADIAN. ) );
#1144 = CARTESIAN_POINT ( 'NONE',  ( -1.780445709918967667, 0.2741005116018148113, 0.6557877568856901318 ) ) ;
#1145 = ORIENTED_EDGE ( 'NONE', *, *, #585, .T. ) ;
#1146 = DIRECTION ( 'NONE',  ( -0.9905638349724136260, 0.000000000000000000, -0.1370521391469139427 ) ) ;
#1147 = CARTESIAN_POINT ( 'NONE',  ( -1.447770976675637034, 0.01999999999999999001, -0.3077101848652847305 ) ) ;
#1148 = EDGE_CURVE ( 'NONE', #757, #506, #1081, .T. ) ;
#1149 = CARTESIAN_POINT ( 'NONE',  ( -1.079635559986931614, 0.01999999999999999001, 0.7527502410720114945 ) ) ;
#1150 = CARTESIAN_POINT ( 'NONE',  ( 3.243651956487823451, 0.000000000000000000, -2.836195661880055674 ) ) ;
#1151 = B_SPLINE_CURVE_WITH_KNOTS ( 'NONE', 5,
 ( #553, #79, #222, #1676, #1240, #1819, #1561, #383 ),
 .UNSPECIFIED., .F., .F.,
 ( 6, 2, 6 ),
 ( 0.000000000000000000, 0.003752714707318818409, 0.008812454720025625007 ),
 .UNSPECIFIED. ) ;
#1152 = CARTESIAN_POINT ( 'NONE',  ( -1.694298837471946761, 0.3644422857667669047, 0.6677068404750593489 ) ) ;
#1153 = CARTESIAN_POINT ( 'NONE',  ( 3.208413957296595065, 0.3750000000000000555, -2.809523421385508701 ) ) ;
#1154 = EDGE_LOOP ( 'NONE', ( #1440, #210, #386, #1364 ) ) ;
#1155 = AXIS2_PLACEMENT_3D ( 'NONE', #1826, #1683, #241 ) ;
#1156 = EDGE_CURVE ( 'NONE', #763, #1341, #1787, .T. ) ;
#1157 = AXIS2_PLACEMENT_3D ( 'NONE', #699, #1769, #476 ) ;
#1158 = DIRECTION ( 'NONE',  ( -0.1370521391469142758, 0.000000000000000000, 0.9905638349724135150 ) ) ;
#1159 = CARTESIAN_POINT ( 'NONE',  ( -1.643393570771866763, 0.1008994883962932992, -0.3347760780866975705 ) ) ;
#1160 = PLANE ( 'NONE',  #522 ) ;
#1161 = ORIENTED_EDGE ( 'NONE', *, *, #329, .T. ) ;
#1162 = CARTESIAN_POINT ( 'NONE',  ( -1.610819960225560399, 0.3549810722254325146, 0.6792567863708296461 ) ) ;
#1163 = CARTESIAN_POINT ( 'NONE',  ( -1.691557794711900709, 0.01055771413455603228, 0.6478955637724452821 ) ) ;
#1164 = EDGE_CURVE ( 'NONE', #669, #426, #1458, .T. ) ;
#1165 = CARTESIAN_POINT ( 'NONE',  ( -1.687085855742943563, 0.1855185309895848178, -0.3206307212849907051 ) ) ;
#1166 = CARTESIAN_POINT ( 'NONE',  ( 3.818567573727331688, 0.000000000000000000, -1.747125601895797464 ) ) ;
#1167 = EDGE_CURVE ( 'NONE', #771, #166, #962, .T. ) ;
#1168 = EDGE_CURVE ( 'NONE', #1026, #1319, #56, .T. ) ;
#1169 = VERTEX_POINT ( 'NONE', #62 ) ;
#1170 = DIRECTION ( 'NONE',  ( -0.1370521391469132766, 0.000000000000000000, 0.9905638349724136260 ) ) ;
#1171 = CARTESIAN_POINT ( 'NONE',  ( -1.653582872294837136, 0.1254192989028054261, -0.3361858464638912691 ) ) ;
#1172 = DIRECTION ( 'NONE',  ( 0.9691759639880594968, 0.2463695411933372603, 0.000000000000000000 ) ) ;
#1173 = DIRECTION ( 'NONE',  ( -0.1370521391469130545, -0.000000000000000000, 0.9905638349724136260 ) ) ;
#1174 = APPLICATION_CONTEXT ( 'automotive_design' ) ;
#1175 = EDGE_CURVE ( 'NONE', #1606, #536, #80, .T. ) ;
#1176 = ORIENTED_EDGE ( 'NONE', *, *, #33, .F. ) ;
#1177 = AXIS2_PLACEMENT_3D ( 'NONE', #1500, #1786, #934 ) ;
#1178 = LINE ( 'NONE', #625, #1481 ) ;
#1179 = CARTESIAN_POINT ( 'NONE',  ( 1.725542164553152569, 0.1875000000000000555, -0.05076646968543070682 ) ) ;
#1180 =( GEOMETRIC_REPRESENTATION_CONTEXT ( 3 ) GLOBAL_UNCERTAINTY_ASSIGNED_CONTEXT ( ( #1767 ) ) GLOBAL_UNIT_ASSIGNED_CONTEXT ( ( #1719, #1143, #598 ) ) REPRESENTATION_CONTEXT ( 'NONE', 'WORKASPACE' ) );
#1181 = DIRECTION ( 'NONE',  ( 0.1370521391469139427, 0.000000000000000000, -0.9905638349724136260 ) ) ;
#1182 = CARTESIAN_POINT ( 'NONE',  ( -1.076894517203993207, 0.01999999999999999001, 0.7329389643725630066 ) ) ;
#1183 = ORIENTED_EDGE ( 'NONE', *, *, #1281, .T. ) ;
#1184 = VECTOR ( 'NONE', #774, 39.37007874015748143 ) ;
#1185 = LINE ( 'NONE', #189, #1250 ) ;
#1186 = CYLINDRICAL_SURFACE ( 'NONE', #1702, 0.07999999999999973799 ) ;
#1187 = SHAPE_REPRESENTATION ( 'zphr-aerod-Control Surface -v2_1', ( #1083 ), #237 ) ;
#1188 = CARTESIAN_POINT ( 'NONE',  ( -1.631662340451173199, 0.3750000000000000555, 0.7268493851925703630 ) ) ;
#1189 = VECTOR ( 'NONE', #1049, 39.37007874015748143 ) ;
#1190 = CARTESIAN_POINT ( 'NONE',  ( 3.759883315384822566, 0.000000000000000000, -1.322976775338963851 ) ) ;
#1191 = AXIS2_PLACEMENT_3D ( 'NONE', #213, #71, #656 ) ;
#1192 = VERTEX_POINT ( 'NONE', #1821 ) ;
#1193 = ORIENTED_EDGE ( 'NONE', *, *, #481, .F. ) ;
#1194 = CARTESIAN_POINT ( 'NONE',  ( -1.584823115823214001, 0.3550000000000000377, 0.6828536501070371356 ) ) ;
#1195 = CARTESIAN_POINT ( 'NONE',  ( -1.798193683956742950, 0.09196505589985255746, 0.6533321879243696451 ) ) ;
#1196 = ADVANCED_FACE ( 'NONE', ( #385, #534 ), #1665, .T. ) ;
#1197 = CARTESIAN_POINT ( 'NONE',  ( -1.829411043173587936, 0.2157350647362944185, 0.6994893284604479788 ) ) ;
#1198 = DIRECTION ( 'NONE',  ( 1.000000000000000000, 0.000000000000000000, -9.130123557772678195E-17 ) ) ;
#1199 = PRODUCT_DEFINITION_CONTEXT ( 'detailed design', #695, 'design' ) ;
#1200 = ORIENTED_EDGE ( 'NONE', *, *, #1108, .T. ) ;
#1201 = ORIENTED_EDGE ( 'NONE', *, *, #585, .F. ) ;
#1202 = PLANE ( 'NONE',  #1578 ) ;
#1203 = PLANE ( 'NONE',  #821 ) ;
#1204 = EDGE_CURVE ( 'NONE', #218, #72, #341, .T. ) ;
#1205 = FACE_OUTER_BOUND ( 'NONE', #914, .T. ) ;
#1206 = CIRCLE ( 'NONE', #1694, 0.07999999999999973799 ) ;
#1207 = FACE_OUTER_BOUND ( 'NONE', #1514, .T. ) ;
#1208 = DIRECTION ( 'NONE',  ( -0.1370521391469141370, 0.000000000000000000, 0.9905638349724135150 ) ) ;
#1209 = ORIENTED_EDGE ( 'NONE', *, *, #1028, .F. ) ;
#1210 = AXIS2_PLACEMENT_3D ( 'NONE', #741, #1031, #1170 ) ;
#1211 = CARTESIAN_POINT ( 'NONE',  ( 3.208413957296595065, 0.3750000000000000555, -2.809523421385508701 ) ) ;
#1212 = PLANE ( 'NONE',  #400 ) ;
#1213 = CARTESIAN_POINT ( 'NONE',  ( -1.728906141130344798, 0.1996324676305808177, -0.02692415052041296358 ) ) ;
#1214 = CARTESIAN_POINT ( 'NONE',  ( -1.518264285342835862, 0.3725527354930515678, -0.2972729562015845040 ) ) ;
#1215 = CARTESIAN_POINT ( 'NONE',  ( -1.502124685415880734, 0.2349999999999988209, -0.2079186145948451470 ) ) ;
#1216 = EDGE_CURVE ( 'NONE', #262, #996, #1042, .T. ) ;
#1217 = ORIENTED_EDGE ( 'NONE', *, *, #1164, .F. ) ;
#1218 = CARTESIAN_POINT ( 'NONE',  ( -1.631662340451173199, 0.000000000000000000, 0.7268493851925701410 ) ) ;
#1219 = CARTESIAN_POINT ( 'NONE',  ( 3.239369077139482744, 0.000000000000000000, -2.805240542037167550 ) ) ;
#1220 = DIRECTION ( 'NONE',  ( 0.1370521391469138317, 0.000000000000000000, -0.9905638349724136260 ) ) ;
#1221 = CARTESIAN_POINT ( 'NONE',  ( -1.671648958122138096, -2.304996744654222091E-17, 0.7213169285294332989 ) ) ;
#1222 = CARTESIAN_POINT ( 'NONE',  ( -1.552054936089074300, 0.3451326910008265525, -0.3221386741879537219 ) ) ;
#1223 = EDGE_LOOP ( 'NONE', ( #938, #1278, #1258, #1201, #1427, #333, #487 ) ) ;
#1224 = DIRECTION ( 'NONE',  ( 0.9905638349724136260, -0.000000000000000000, 0.1370521391469134431 ) ) ;
#1225 = FACE_OUTER_BOUND ( 'NONE', #957, .T. ) ;
#1226 = EDGE_CURVE ( 'NONE', #401, #323, #866, .T. ) ;
#1227 = CARTESIAN_POINT ( 'NONE',  ( -1.584823115823213779, 0.3750000000000000000, 0.6828536501070370246 ) ) ;
#1228 = CARTESIAN_POINT ( 'NONE',  ( 3.928947472379699324, 0.000000000000000000, -2.741677436059439810 ) ) ;
#1229 = CARTESIAN_POINT ( 'NONE',  ( -1.683179482342225919, 0.1875000000000000555, -4.822976775338964295 ) ) ;
#1230 = EDGE_LOOP ( 'NONE', ( #1193, #638, #1778, #1525 ) ) ;
#1231 = FACE_BOUND ( 'NONE', #43, .T. ) ;
#1232 = CARTESIAN_POINT ( 'NONE',  ( -1.447770976675614385, 0.3550000000000002598, -0.3077101848652815663 ) ) ;
#1233 = VERTEX_POINT ( 'NONE', #1368 ) ;
#1234 = CARTESIAN_POINT ( 'NONE',  ( 3.239369077139482744, 0.000000000000000000, -2.805240542037167550 ) ) ;
#1235 = AXIS2_PLACEMENT_3D ( 'NONE', #1438, #140, #318 ) ;
#1236 = CARTESIAN_POINT ( 'NONE',  ( -0.9651357403224049003, 0.3750000000000000555, -0.2207433599838921623 ) ) ;
#1237 = COLOUR_RGB ( '',0.7921568627450980005, 0.8196078431372548767, 0.9333333333333333481 ) ;
#1238 = CARTESIAN_POINT ( 'NONE',  ( -1.686951065469032285, 0.1874999999989268307, -0.3206120720120408385 ) ) ;
#1239 = EDGE_CURVE ( 'NONE', #506, #1026, #1587, .T. ) ;
#1240 = CARTESIAN_POINT ( 'NONE',  ( -1.738803386089948999, 0.3600162625963636565, 0.6413587721640918726 ) ) ;
#1241 = CONTEXT_DEPENDENT_SHAPE_REPRESENTATION ( #923, #692 ) ;
#1242 = DIRECTION ( 'NONE',  ( 0.000000000000000000, -0.000000000000000000, -1.000000000000000000 ) ) ;
#1243 = EDGE_CURVE ( 'NONE', #1233, #1138, #1611, .T. ) ;
#1244 = VERTEX_POINT ( 'NONE', #1229 ) ;
#1245 = CIRCLE ( 'NONE', #30, 0.03124999999999983694 ) ;
#1246 = CARTESIAN_POINT ( 'NONE',  ( -1.664289565389096337, 0.2762675518561996668, -0.3376671999516036027 ) ) ;
#1247 = ORIENTED_EDGE ( 'NONE', *, *, #21, .F. ) ;
#1248 = CARTESIAN_POINT ( 'NONE',  ( -1.450512019458610080, 0.000000000000000000, -0.2878989081658922533 ) ) ;
#1249 = CARTESIAN_POINT ( 'NONE',  ( 1.865577155519111630, 0.4685730911786621933, -1.322976775338963851 ) ) ;
#1250 = VECTOR ( 'NONE', #1224, 39.37007874015748854 ) ;
#1251 = CARTESIAN_POINT ( 'NONE',  ( -1.769802676213010573, 0.3212170836653744921, 0.6370697815174872769 ) ) ;
#1252 = LINE ( 'NONE', #414, #557 ) ;
#1253 = CARTESIAN_POINT ( 'NONE',  ( -1.657026396955707304, 0.3178207370071872151, -0.3164717635449707522 ) ) ;
#1254 = ORIENTED_EDGE ( 'NONE', *, *, #574, .F. ) ;
#1255 = EDGE_CURVE ( 'NONE', #1404, #459, #38, .T. ) ;
#1256 = DIRECTION ( 'NONE',  ( -1.166092728201162799E-29, 1.707404996040165350E-15, 1.000000000000000000 ) ) ;
#1257 = DIRECTION ( 'NONE',  ( 0.000000000000000000, 0.000000000000000000, -1.000000000000000000 ) ) ;
#1258 = ORIENTED_EDGE ( 'NONE', *, *, #11, .T. ) ;
#1259 = CARTESIAN_POINT ( 'NONE',  ( -1.676260790221322461, 0.3482554442056117749, 0.6702025433005496247 ) ) ;
#1260 = DIRECTION ( 'NONE',  ( 0.1370521391469096684, 0.000000000000000000, -0.9905638349724141811 ) ) ;
#1261 = DIRECTION ( 'NONE',  ( -0.9905638349724136260, 0.000000000000000000, -0.1370521391469139427 ) ) ;
#1262 = PRODUCT_DEFINITION_SHAPE ( 'NONE', 'NONE',  #1727 ) ;
#1263 = CARTESIAN_POINT ( 'NONE',  ( -1.499652414091331432, 0.02115873230781305583, -0.3148883814931029423 ) ) ;
#1264 = VERTEX_POINT ( 'NONE', #1182 ) ;
#1265 = CARTESIAN_POINT ( 'NONE',  ( -1.582082073040291581, 0.000000000000000000, 0.6630423734075868714 ) ) ;
#1266 = CARTESIAN_POINT ( 'NONE',  ( -1.099446836686379880, 0.3750000000000000555, 0.7500091982890733089 ) ) ;
#1267 = EDGE_CURVE ( 'NONE', #1865, #243, #1749, .T. ) ;
#1268 = CARTESIAN_POINT ( 'NONE',  ( -1.500286841923094361, 0.02120025202591702476, -0.3149761594720754676 ) ) ;
#1269 = VERTEX_POINT ( 'NONE', #1483 ) ;
#1270 = CARTESIAN_POINT ( 'NONE',  ( 0.000000000000000000, 0.000000000000000000, 0.000000000000000000 ) ) ;
#1271 = CARTESIAN_POINT ( 'NONE',  ( -1.794213975361937941, 0.2365352488877059400, 0.6538828112732210096 ) ) ;
#1272 = CARTESIAN_POINT ( 'NONE',  ( 3.243651956487823451, 0.000000000000000000, -2.836195661880055674 ) ) ;
#1273 = DIRECTION ( 'NONE',  ( -0.9691759639880594968, -0.2463695411933373158, -0.000000000000000000 ) ) ;
#1274 = ORIENTED_EDGE ( 'NONE', *, *, #1538, .F. ) ;
#1275 = CARTESIAN_POINT ( 'NONE',  ( 3.239369077139482744, 0.000000000000000000, -2.836490542037167550 ) ) ;
#1276 = CARTESIAN_POINT ( 'NONE',  ( -1.584823115823214001, 0.3602359877559830337, 0.6828536501070371356 ) ) ;
#1277 = CARTESIAN_POINT ( 'NONE',  ( -1.589286993741843679, 0.04388803876103112428, -0.3272900162478983299 ) ) ;
#1278 = ORIENTED_EDGE ( 'NONE', *, *, #842, .T. ) ;
#1279 = EDGE_CURVE ( 'NONE', #1269, #1066, #249, .T. ) ;
#1280 = DIRECTION ( 'NONE',  ( 0.000000000000000000, 0.000000000000000000, 1.000000000000000000 ) ) ;
#1281 = EDGE_CURVE ( 'NONE', #996, #1329, #1639, .T. ) ;
#1282 = CARTESIAN_POINT ( 'NONE',  ( 3.212696836644935772, 0.3750000000000000555, -2.840478541228396381 ) ) ;
#1283 = VECTOR ( 'NONE', #782, 39.37007874015748143 ) ;
#1284 = LINE ( 'NONE', #1015, #591 ) ;
#1285 = ORIENTED_EDGE ( 'NONE', *, *, #1243, .T. ) ;
#1286 = CARTESIAN_POINT ( 'NONE',  ( -1.637338981070507016, 0.02120025202597346572, 0.6755876755002693246 ) ) ;
#1287 = VECTOR ( 'NONE', #1173, 39.37007874015748854 ) ;
#1288 = CARTESIAN_POINT ( 'NONE',  ( -1.543292576052916809, 0.007165661175801007685, -0.3209263341604232100 ) ) ;
#1289 = CARTESIAN_POINT ( 'NONE',  ( -1.689107075236567113, 0.3451326910006141113, 0.6684251607843795240 ) ) ;
#1290 = EDGE_CURVE ( 'NONE', #1341, #1404, #751, .T. ) ;
#1291 = DIRECTION ( 'NONE',  ( -0.5812381937190961301, 2.649294320951968228E-17, -0.8137334712067351150 ) ) ;
#1292 = EDGE_LOOP ( 'NONE', ( #343, #632, #1127, #861 ) ) ;
#1293 = CARTESIAN_POINT ( 'NONE',  ( -1.669808853651650438, 0.02547069985811135917, 0.6710952184389861186 ) ) ;
#1294 = CARTESIAN_POINT ( 'NONE',  ( -1.653827024594421768, 0.07871686506068333034, -0.3362196268158475498 ) ) ;
#1295 = CARTESIAN_POINT ( 'NONE',  ( 3.928947472379699324, 0.000000000000000000, -2.772927436059439366 ) ) ;
#1296 = ORIENTED_EDGE ( 'NONE', *, *, #441, .F. ) ;
#1297 = LINE ( 'NONE', #600, #1012 ) ;
#1298 = EDGE_CURVE ( 'NONE', #1404, #1264, #1318, .T. ) ;
#1299 = CIRCLE ( 'NONE', #586, 0.03937008000000032787 ) ;
#1300 = AXIS2_PLACEMENT_3D ( 'NONE', #342, #99, #709 ) ;
#1301 = CARTESIAN_POINT ( 'NONE',  ( -1.673387449422322648, 0.005794021434869868308, 0.6706000921399575265 ) ) ;
#1302 = ADVANCED_FACE ( 'NONE', ( #1207 ), #466, .T. ) ;
#1303 = FACE_OUTER_BOUND ( 'NONE', #568, .T. ) ;
#1304 = DIRECTION ( 'NONE',  ( 1.000000000000000000, 0.000000000000000000, 0.000000000000000000 ) ) ;
#1305 = CARTESIAN_POINT ( 'NONE',  ( -1.096705793903441695, 0.02000000000000000042, 0.7301979215896249320 ) ) ;
#1306 = ORIENTED_EDGE ( 'NONE', *, *, #157, .T. ) ;
#1307 = CARTESIAN_POINT ( 'NONE',  ( 3.110882696689250437, 0.000000000000000000, -1.876586946750529616 ) ) ;
#1308 = CARTESIAN_POINT ( 'NONE',  ( -1.801341704535597277, 0.09873244814334186659, 0.6528966350208604830 ) ) ;
#1309 = ORIENTED_EDGE ( 'NONE', *, *, #215, .T. ) ;
#1310 = EDGE_CURVE ( 'NONE', #757, #902, #893, .T. ) ;
#1311 = CARTESIAN_POINT ( 'NONE',  ( -1.096705793903441695, 0.3550000000000000377, 0.7301979215896250430 ) ) ;
#1312 = CARTESIAN_POINT ( 'NONE',  ( -1.660614899011466417, 0.2349999999999988209, -0.2298469568583513256 ) ) ;
#1313 = UNCERTAINTY_MEASURE_WITH_UNIT (LENGTH_MEASURE( 1.000000000000000082E-05 ), #726, 'distance_accuracy_value', 'NONE');
#1314 = EDGE_LOOP ( 'NONE', ( #587, #58, #955, #1296 ) ) ;
#1315 = CARTESIAN_POINT ( 'NONE',  ( -1.688009687067988152, 0.3457753385630289999, 0.6685769928931933892 ) ) ;
#1316 = CARTESIAN_POINT ( 'NONE',  ( -1.780445709918569985, 0.1008994883971540413, 0.6557877568857458650 ) ) ;
#1317 = CARTESIAN_POINT ( 'NONE',  ( -1.662205130810514797, 0.1645029886615920756, -0.3373788023665105218 ) ) ;
#1318 = LINE ( 'NONE', #637, #1674 ) ;
#1319 = VERTEX_POINT ( 'NONE', #179 ) ;
#1320 = PRODUCT_DEFINITION ( 'UNKNOWN', '', #1123, #41 ) ;
#1321 = EDGE_LOOP ( 'NONE', ( #1554, #1666, #485, #96 ) ) ;
#1322 = SURFACE_SIDE_STYLE ('',( #1741 ) ) ;
#1323 = CARTESIAN_POINT ( 'NONE',  ( -1.538225388513009939, 0.000000000000000000, 0.3460619462164183924 ) ) ;
#1324 = CIRCLE ( 'NONE', #1628, 0.02000000000000005940 ) ;
#1325 = CARTESIAN_POINT ( 'NONE',  ( -1.664289565388753500, 0.09873244814265264013, -0.3376671999515831191 ) ) ;
#1326 = CARTESIAN_POINT ( 'NONE',  ( -1.819245963237752894, 0.1874999999998098466, 0.6355681240532450316 ) ) ;
#1327 = FACE_OUTER_BOUND ( 'NONE', #1223, .T. ) ;
#1328 = UNCERTAINTY_MEASURE_WITH_UNIT (LENGTH_MEASURE( 1.000000000000000082E-05 ), #1055, 'distance_accuracy_value', 'NONE');
#1329 = VERTEX_POINT ( 'NONE', #330 ) ;
#1330 = AXIS2_PLACEMENT_3D ( 'NONE', #551, #1121, #1700 ) ;
#1331 = ORIENTED_EDGE ( 'NONE', *, *, #762, .F. ) ;
#1332 = EDGE_CURVE ( 'NONE', #1066, #1044, #1847, .T. ) ;
#1333 = CARTESIAN_POINT ( 'NONE',  ( -1.597822485795394876, 0.3550000000000000933, 0.6810550871075116142 ) ) ;
#1334 = CARTESIAN_POINT ( 'NONE',  ( -1.772543718902690246, 0.05378291640602757967, 0.6568810582297031075 ) ) ;
#1335 = FACE_OUTER_BOUND ( 'NONE', #516, .T. ) ;
#1336 = PRESENTATION_LAYER_ASSIGNMENT (  '', '', ( #131 ) ) ;
#1337 = CARTESIAN_POINT ( 'NONE',  ( -1.538156597875318887, 0.3487038317523059594, -0.3202157320053981016 ) ) ;
#1338 = DIRECTION ( 'NONE',  ( -0.9905638349724135150, 0.000000000000000000, -0.1370521391469141648 ) ) ;
#1339 = VECTOR ( 'NONE', #1051, 39.37007874015748143 ) ;
#1340 = ORIENTED_EDGE ( 'NONE', *, *, #1351, .F. ) ;
#1341 = VERTEX_POINT ( 'NONE', #1474 ) ;
#1342 = LINE ( 'NONE', #1358, #1184 ) ;
#1343 = ADVANCED_FACE ( 'NONE', ( #1327 ), #921, .F. ) ;
#1344 = DIRECTION ( 'NONE',  ( 0.000000000000000000, -1.000000000000000000, 0.000000000000000000 ) ) ;
#1345 = CARTESIAN_POINT ( 'NONE',  ( -1.676407852059749182, 0.1336093518754215004, -0.3393438582873288811 ) ) ;
#1346 = CARTESIAN_POINT ( 'NONE',  ( -1.829411043173587936, 0.2399999999999999911, 0.6994893284604477568 ) ) ;
#1347 = CARTESIAN_POINT ( 'NONE',  ( 3.959902592222587003, 0.3750000000000000555, -2.768644556711098659 ) ) ;
#1348 = ORIENTED_EDGE ( 'NONE', *, *, #1836, .F. ) ;
#1349 = FACE_OUTER_BOUND ( 'NONE', #1321, .T. ) ;
#1350 = DIRECTION ( 'NONE',  ( 0.000000000000000000, 0.000000000000000000, 1.000000000000000000 ) ) ;
#1351 = EDGE_CURVE ( 'NONE', #1634, #379, #1777, .T. ) ;
#1352 = EDGE_CURVE ( 'NONE', #1319, #1865, #780, .T. ) ;
#1353 = VECTOR ( 'NONE', #848, 39.37007874015748854 ) ;
#1354 = CARTESIAN_POINT ( 'NONE',  ( -1.740116684615172771, 0.3750000000000000555, -4.822976775338962518 ) ) ;
#1355 = ORIENTED_EDGE ( 'NONE', *, *, #1693, .T. ) ;
#1356 = AXIS2_PLACEMENT_3D ( 'NONE', #1510, #953, #511 ) ;
#1357 = FACE_OUTER_BOUND ( 'NONE', #332, .T. ) ;
#1358 = CARTESIAN_POINT ( 'NONE',  ( -1.740116684615172771, 0.3750000000000000555, -4.822976775338962518 ) ) ;
#1359 = PRODUCT ( 'Single Fin & Control Surface Assembly', 'Single Fin & Control Surface Assembly', '', ( #384 ) ) ;
#1360 = DIRECTION ( 'NONE',  ( 0.9905638349724136260, 0.000000000000000000, 0.1370521391469132211 ) ) ;
#1361 = CARTESIAN_POINT ( 'NONE',  ( -1.532756714504705853, 0.3495293001419912393, -0.3194686165334235106 ) ) ;
#1362 = LINE ( 'NONE', #514, #431 ) ;
#1363 = CARTESIAN_POINT ( 'NONE',  ( -1.678809354429953160, 0.2349999999999988209, 0.7726390341650524185 ) ) ;
#1364 = ORIENTED_EDGE ( 'NONE', *, *, #1148, .F. ) ;
#1365 = CARTESIAN_POINT ( 'NONE',  ( -1.079635559986931614, 0.3550000000000000377, 0.7527502410720114945 ) ) ;
#1366 = CARTESIAN_POINT ( 'NONE',  ( -0.9651357403224051223, 0.3550000000000000377, -0.2207433599838921900 ) ) ;
#1367 = CARTESIAN_POINT ( 'NONE',  ( -1.582082073040275372, 0.3750000000000000555, 0.6630423734075887587 ) ) ;
#1368 = CARTESIAN_POINT ( 'NONE',  ( -1.542371214785701827, 0.2349999999999988209, -0.2134870320442131264 ) ) ;
#1369 = ORIENTED_EDGE ( 'NONE', *, *, #21, .T. ) ;
#1370 = CARTESIAN_POINT ( 'NONE',  ( -1.096705793903441695, 0.3750000000000000555, 0.7301979215896249320 ) ) ;
#1371 = CARTESIAN_POINT ( 'NONE',  ( -1.598565756308464980, 0.3488989966302864509, -0.3285738045445212863 ) ) ;
#1372 = SHAPE_REPRESENTATION ( 'zphr-aerod-Single Fin-v2_1', ( #1083 ), #1180 ) ;
#1373 = ORIENTED_EDGE ( 'NONE', *, *, #1751, .T. ) ;
#1374 = B_SPLINE_SURFACE_WITH_KNOTS ( 'NONE', 5, 3, ( 
 ( #1375, #1672, #380, #350 ),
 ( #1218, #958, #1797, #1567 ),
 ( #1221, #1656, #39, #1800 ),
 ( #63, #1490, #800, #214 ),
 ( #365, #944, #55, #1512 ),
 ( #790, #195, #29, #201 ),
 ( #620, #779, #1213, #907 ),
 ( #1346, #328, #1765, #474 ) ),
 .UNSPECIFIED., .F., .F., .F.,
 ( 6, 2, 6 ),
 ( 4, 4 ),
 ( 0.000000000000000000, 0.5000000000000000000, 1.000000000000000000 ),
 ( -0.02667000000000001314, 0.001270000000000000729 ),
 .UNSPECIFIED. ) ;
#1375 = CARTESIAN_POINT ( 'NONE',  ( -1.591675722780208524, 0.000000000000000000, 0.7323818418557069831 ) ) ;
#1376 = DIRECTION ( 'NONE',  ( -0.9905638349724141811, 0.000000000000000000, -0.1370521391469096684 ) ) ;
#1377 = CARTESIAN_POINT ( 'NONE',  ( -1.636031332491600487, 0.3737550762595637788, 0.6555780776678749033 ) ) ;
#1378 = DIRECTION ( 'NONE',  ( 0.1370521391469132488, 0.000000000000000000, -0.9905638349724137370 ) ) ;
#1379 = DIRECTION ( 'NONE',  ( 0.000000000000000000, 1.000000000000000000, 0.000000000000000000 ) ) ;
#1380 = EDGE_LOOP ( 'NONE', ( #1369, #1183, #1623, #1770 ) ) ;
#1381 = FACE_OUTER_BOUND ( 'NONE', #1810, .T. ) ;
#1382 = CARTESIAN_POINT ( 'NONE',  ( -1.661141544810336157, 0.2830349440997726451, -0.3372316470481500628 ) ) ;
#1383 = CYLINDRICAL_SURFACE ( 'NONE', #1155, 0.03125000000000011102 ) ;
#1384 = AXIS2_PLACEMENT_3D ( 'NONE', #566, #1124, #1425 ) ;
#1385 = AXIS2_PLACEMENT_3D ( 'NONE', #571, #1442, #1452 ) ;
#1386 = ORIENTED_EDGE ( 'NONE', *, *, #842, .F. ) ;
#1387 = AXIS2_PLACEMENT_3D ( 'NONE', #1295, #177, #1040 ) ;
#1388 = PLANE ( 'NONE',  #641 ) ;
#1389 = VECTOR ( 'NONE', #1752, 39.37007874015748143 ) ;
#1390 = CARTESIAN_POINT ( 'NONE',  ( -1.758186188272048867, 0.3072697470007649256, 0.6588675332215403468 ) ) ;
#1391 = AXIS2_PLACEMENT_3D ( 'NONE', #777, #1344, #1242 ) ;
#1392 = EDGE_CURVE ( 'NONE', #895, #1679, #1082, .T. ) ;
#1393 = DIRECTION ( 'NONE',  ( -0.000000000000000000, -1.000000000000000000, -0.000000000000000000 ) ) ;
#1394 = FACE_OUTER_BOUND ( 'NONE', #1858, .T. ) ;
#1395 = VERTEX_POINT ( 'NONE', #366 ) ;
#1396 = DIRECTION ( 'NONE',  ( 0.000000000000000000, 0.000000000000000000, -1.000000000000000000 ) ) ;
#1397 = CARTESIAN_POINT ( 'NONE',  ( -1.643393570772155643, 0.2741005116026898336, -0.3347760780867377051 ) ) ;
#1398 = ORIENTED_EDGE ( 'NONE', *, *, #678, .T. ) ;
#1399 = CARTESIAN_POINT ( 'NONE',  ( 3.959902592222587003, 0.000000000000000000, -2.768644556711098215 ) ) ;
#1400 = CARTESIAN_POINT ( 'NONE',  ( -1.817747059603192383, 0.1993586125652814511, 0.6304363066502518542 ) ) ;
#1401 = APPLICATION_CONTEXT ( 'automotive_design' ) ;
#1402 = LINE ( 'NONE', #1831, #51 ) ;
#1403 = CARTESIAN_POINT ( 'NONE',  ( -1.584823115823130513, 0.01999999999999999001, 0.6828536501070485709 ) ) ;
#1404 = VERTEX_POINT ( 'NONE', #1795 ) ;
#1405 = CARTESIAN_POINT ( 'NONE',  ( -1.582082073040226966, 0.3750000000000000555, 0.6630423734075897579 ) ) ;
#1406 = CARTESIAN_POINT ( 'NONE',  ( -1.685506297069328863, 0.3750000000000000555, -0.3406026982605871445 ) ) ;
#1407 = CARTESIAN_POINT ( 'NONE',  ( -1.672520265270464934, 0.2556481663044036234, -0.3388059807001541635 ) ) ;
#1408 = ORIENTED_EDGE ( 'NONE', *, *, #1298, .F. ) ;
#1409 = CARTESIAN_POINT ( 'NONE',  ( 3.243651956487823451, 0.3750000000000000555, -2.836195661880055674 ) ) ;
#1410 = CARTESIAN_POINT ( 'NONE',  ( -1.761176439098628421, 0.3317762202912763470, 0.6584538089787986825 ) ) ;
#1411 = PLANE ( 'NONE',  #1157 ) ;
#1412 = CYLINDRICAL_SURFACE ( 'NONE', #1782, 0.01999999999999993450 ) ;
#1413 = CARTESIAN_POINT ( 'NONE',  ( -1.550957547920340129, 0.02922466143688796925, -0.3219868420791187624 ) ) ;
#1414 = ORIENTED_EDGE ( 'NONE', *, *, #157, .F. ) ;
#1415 = CARTESIAN_POINT ( 'NONE',  ( -1.582082073040202097, 0.000000000000000000, 0.6630423734075990838 ) ) ;
#1416 = CARTESIAN_POINT ( 'NONE',  ( -1.447770976675614385, 0.3550000000000000377, -0.3077101848652816218 ) ) ;
#1417 = AXIS2_PLACEMENT_3D ( 'NONE', #83, #1532, #1546 ) ;
#1418 = ADVANCED_FACE ( 'NONE', ( #1692 ), #399, .F. ) ;
#1419 = CARTESIAN_POINT ( 'NONE',  ( -1.557246698323753620, 0.01055771423296199621, -0.3228569944971689809 ) ) ;
#1420 = ORIENTED_EDGE ( 'NONE', *, *, #458, .F. ) ;
#1421 = CARTESIAN_POINT ( 'NONE',  ( 0.000000000000000000, 0.000000000000000000, 0.000000000000000000 ) ) ;
#1422 = DIRECTION ( 'NONE',  ( -0.000000000000000000, -1.000000000000000000, -0.000000000000000000 ) ) ;
#1423 = ORIENTED_EDGE ( 'NONE', *, *, #364, .F. ) ;
#1424 = VECTOR ( 'NONE', #287, 39.37007874015748143 ) ;
#1425 = DIRECTION ( 'NONE',  ( -0.9905638349724136260, 0.000000000000000000, -0.1370521391469129990 ) ) ;
#1426 = CARTESIAN_POINT ( 'NONE',  ( -1.746944539442251809, 0.05747869663301941046, 0.6604229019572719350 ) ) ;
#1427 = ORIENTED_EDGE ( 'NONE', *, *, #789, .F. ) ;
#1428 = CARTESIAN_POINT ( 'NONE',  ( 1.631515403808719622, -0.03407338367197846468, -1.322976775338963851 ) ) ;
#1429 = CIRCLE ( 'NONE', #671, 0.03937008000000032093 ) ;
#1430 = CARTESIAN_POINT ( 'NONE',  ( -1.601306799000051351, 0.02610100350761157539, -0.3087625278324715450 ) ) ;
#1431 = APPLICATION_CONTEXT ( 'automotive_design' ) ;
#1432 = ORIENTED_EDGE ( 'NONE', *, *, #154, .T. ) ;
#1433 = CARTESIAN_POINT ( 'NONE',  ( -1.795452641024196438, 0.2830349440145011330, 0.6335209112455461034 ) ) ;
#1434 = DIRECTION ( 'NONE',  ( -0.000000000000000000, -1.000000000000000000, -0.000000000000000000 ) ) ;
#1435 = DIRECTION ( 'NONE',  ( -0.1370521391469096961, -6.765174562914423153E-15, 0.9905638349724141811 ) ) ;
#1436 = ORIENTED_EDGE ( 'NONE', *, *, #913, .T. ) ;
#1437 = LINE ( 'NONE', #1415, #155 ) ;
#1438 = CARTESIAN_POINT ( 'NONE',  ( -1.096705793903441695, 0.3550000000000000377, 0.7301979215896249320 ) ) ;
#1439 = CIRCLE ( 'NONE', #627, 0.02000000000000005940 ) ;
#1440 = ORIENTED_EDGE ( 'NONE', *, *, #890, .F. ) ;
#1441 = CARTESIAN_POINT ( 'NONE',  ( -1.649606784575236018, 0.07217413296647218202, -0.3356357240909798589 ) ) ;
#1442 = DIRECTION ( 'NONE',  ( 0.000000000000000000, 0.000000000000000000, 1.000000000000000000 ) ) ;
#1443 = ADVANCED_FACE ( 'NONE', ( #936 ), #878, .T. ) ;
#1444 = CARTESIAN_POINT ( 'NONE',  ( 3.928947472379699324, 0.000000000000000000, -2.772927436059439366 ) ) ;
#1445 = EDGE_LOOP ( 'NONE', ( #298, #250, #163, #1200 ) ) ;
#1446 = ADVANCED_FACE ( 'NONE', ( #1303 ), #1135, .T. ) ;
#1447 = CARTESIAN_POINT ( 'NONE',  ( -1.645028159129689582, 0.1043483510610525578, -0.3350022359809747274 ) ) ;
#1448 = LINE ( 'NONE', #1565, #592 ) ;
#1449 = CARTESIAN_POINT ( 'NONE',  ( -1.679148895010745157, 0.2413906481563967421, -0.3195325816111373451 ) ) ;
#1450 = DIMENSIONAL_EXPONENTS ( 1.000000000000000000, 0.000000000000000000, 0.000000000000000000, 0.000000000000000000, 0.000000000000000000, 0.000000000000000000, 0.000000000000000000 ) ;
#1451 = FACE_OUTER_BOUND ( 'NONE', #524, .T. ) ;
#1452 = DIRECTION ( 'NONE',  ( 1.000000000000000000, 0.000000000000000000, 0.000000000000000000 ) ) ;
#1453 = ORIENTED_EDGE ( 'NONE', *, *, #1351, .T. ) ;
#1454 =( NAMED_UNIT ( * ) SI_UNIT ( $, .STERADIAN. ) SOLID_ANGLE_UNIT ( ) );
#1455 = VECTOR ( 'NONE', #259, 39.37007874015748143 ) ;
#1456 =( GEOMETRIC_REPRESENTATION_CONTEXT ( 3 ) GLOBAL_UNCERTAINTY_ASSIGNED_CONTEXT ( ( #1313 ) ) GLOBAL_UNIT_ASSIGNED_CONTEXT ( ( #726, #736, #1011 ) ) REPRESENTATION_CONTEXT ( 'NONE', 'WORKASPACE' ) );
#1457 = CARTESIAN_POINT ( 'NONE',  ( -1.821396952107236400, 0.1894814690093782061, 0.6501218369878752901 ) ) ;
#1458 = CIRCLE ( 'NONE', #886, 0.03124999999999983694 ) ;
#1459 = ORIENTED_EDGE ( 'NONE', *, *, #1582, .T. ) ;
#1460 = CARTESIAN_POINT ( 'NONE',  ( -1.520891605060533225, 0.3750000000000000555, -0.3683032899402223226 ) ) ;
#1461 = CARTESIAN_POINT ( 'NONE',  ( 0.000000000000000000, 0.3750000000000000555, 0.000000000000000000 ) ) ;
#1462 = ORIENTED_EDGE ( 'NONE', *, *, #106, .F. ) ;
#1463 = DIRECTION ( 'NONE',  ( 0.1370521391469101402, 0.000000000000000000, -0.9905638349724141811 ) ) ;
#1464 = ADVANCED_FACE ( 'NONE', ( #463 ), #1646, .T. ) ;
#1465 = CARTESIAN_POINT ( 'NONE',  ( -1.790635011441492175, 0.1254192989035587125, 0.6543779885085575510 ) ) ;
#1466 = CARTESIAN_POINT ( 'NONE',  ( -1.686177006021672087, 0.1756413874326730740, -0.3205049749231743128 ) ) ;
#1467 = DIRECTION ( 'NONE',  ( 0.000000000000000000, -1.000000000000000000, 0.000000000000000000 ) ) ;
#1468 = CARTESIAN_POINT ( 'NONE',  ( -1.575810098208265231, 0.3373454079711264986, -0.3254253839074818244 ) ) ;
#1469 = ORIENTED_EDGE ( 'NONE', *, *, #1524, .F. ) ;
#1470 = CARTESIAN_POINT ( 'NONE',  ( -1.683179482342225031, 0.1964310520100543966, -4.822976775338963407 ) ) ;
#1471 = CARTESIAN_POINT ( 'NONE',  ( -1.675188569967755559, 0.3487078336110051024, 0.6703508932343948956 ) ) ;
#1472 = CARTESIAN_POINT ( 'NONE',  ( -1.800763415418499935, 0.1776221914165110050, 0.6529766457760808329 ) ) ;
#1473 = CARTESIAN_POINT ( 'NONE',  ( -1.480904987389568550, 0.3750000000000000555, -0.3627708332770854804 ) ) ;
#1474 = CARTESIAN_POINT ( 'NONE',  ( -0.9453244636229567455, 0.3550000000000000377, -0.2180023172009539212 ) ) ;
#1475 = VERTEX_POINT ( 'NONE', #655 ) ;
#1476 = ORIENTED_EDGE ( 'NONE', *, *, #595, .T. ) ;
#1477 = CARTESIAN_POINT ( 'NONE',  ( -1.099446836686379880, 0.01999999999999999001, 0.7500091982890733089 ) ) ;
#1478 = FACE_OUTER_BOUND ( 'NONE', #841, .T. ) ;
#1479 = B_SPLINE_CURVE_WITH_KNOTS ( 'NONE', 5,
 ( #674, #1112, #959, #392, #1817, #1099, #531, #1549 ),
 .UNSPECIFIED., .F., .F.,
 ( 6, 2, 6 ),
 ( 0.000000000000000000, 0.005025184311675708060, 0.008752269700602340052 ),
 .UNSPECIFIED. ) ;
#1480 = CIRCLE ( 'NONE', #1387, 0.03124999999999983694 ) ;
#1481 = VECTOR ( 'NONE', #746, 39.37007874015748854 ) ;
#1482 = CARTESIAN_POINT ( 'NONE',  ( -1.728906141130334140, 0.1753675323700553124, -0.02692415051794718600 ) ) ;
#1483 = CARTESIAN_POINT ( 'NONE',  ( -1.686951065469032285, 0.1874999999989268307, -0.3206120720120408385 ) ) ;
#1484 = ORIENTED_EDGE ( 'NONE', *, *, #133, .F. ) ;
#1485 = VECTOR ( 'NONE', #667, 39.37007874015748143 ) ;
#1486 = LINE ( 'NONE', #1149, #622 ) ;
#1487 = CARTESIAN_POINT ( 'NONE',  ( -1.801398325900104735, 0.1874999999998129829, 0.6528888010187836599 ) ) ;
#1488 = CARTESIAN_POINT ( 'NONE',  ( -1.801629066019960312, 0.1908044351283636753, 0.6528568763452825552 ) ) ;
#1489 = CARTESIAN_POINT ( 'NONE',  ( -1.762114890615800622, 0.3047056274857254388, 0.3386407164062228414 ) ) ;
#1490 = CARTESIAN_POINT ( 'NONE',  ( -1.709527528935799845, 0.01720606076077918836, 0.3459165830946123732 ) ) ;
#1491 = CARTESIAN_POINT ( 'NONE',  ( -1.099446836686379880, 0.000000000000000000, 0.7500091982890734199 ) ) ;
#1492 = CARTESIAN_POINT ( 'NONE',  ( -1.584823115823130735, 0.01476401224401700796, 0.6828536501070484599 ) ) ;
#1493 = ORIENTED_EDGE ( 'NONE', *, *, #563, .F. ) ;
#1494 = VERTEX_POINT ( 'NONE', #1228 ) ;
#1495 = CARTESIAN_POINT ( 'NONE',  ( 3.239369077139482744, 0.3750000000000000555, -2.836490542037167550 ) ) ;
#1496 = B_SPLINE_CURVE_WITH_KNOTS ( 'NONE', 3,
 ( #793, #1492, #279, #711, #869, #1851 ),
 .UNSPECIFIED., .F., .F.,
 ( 4, 2, 4 ),
 ( 0.000000000000000000, 0.5000000000000000000, 1.000000000000000000 ),
 .UNSPECIFIED. ) ;
#1497 = EDGE_CURVE ( 'NONE', #459, #1132, #1439, .T. ) ;
#1498 = EDGE_CURVE ( 'NONE', #930, #915, #9, .T. ) ;
#1499 = DIRECTION ( 'NONE',  ( 0.000000000000000000, 1.000000000000000000, 0.000000000000000000 ) ) ;
#1500 = CARTESIAN_POINT ( 'NONE',  ( -1.076894517203993429, 0.01999999999999999001, 0.7329389643725631176 ) ) ;
#1501 = CARTESIAN_POINT ( 'NONE',  ( -1.460773284908588376, 0.3550000000000000933, -0.3095091543958280456 ) ) ;
#1502 = ORIENTED_EDGE ( 'NONE', *, *, #1168, .T. ) ;
#1503 = CARTESIAN_POINT ( 'NONE',  ( -1.666201804316419732, 0.1687104552493951803, -4.822976775338962518 ) ) ;
#1504 = DIRECTION ( 'NONE',  ( 0.000000000000000000, 0.000000000000000000, 1.000000000000000000 ) ) ;
#1505 = ADVANCED_FACE ( 'NONE', ( #1335 ), #1089, .T. ) ;
#1506 = DIRECTION ( 'NONE',  ( 0.9905638349724141811, 6.999178070011849305E-15, 0.1370521391469101402 ) ) ;
#1507 = CARTESIAN_POINT ( 'NONE',  ( -1.460930218920372115, 0.3750000004306671131, -0.3095308674255496384 ) ) ;
#1508 = VERTEX_POINT ( 'NONE', #372 ) ;
#1509 = DIRECTION ( 'NONE',  ( 0.000000000000000000, -0.000000000000000000, 1.000000000000000000 ) ) ;
#1510 = CARTESIAN_POINT ( 'NONE',  ( -0.9651357403224049003, 0.3550000000000000377, -0.2207433599838921900 ) ) ;
#1511 = EDGE_CURVE ( 'NONE', #631, #1093, #1206, .T. ) ;
#1512 = CARTESIAN_POINT ( 'NONE',  ( -1.661609988580135200, 0.07029437251522864527, -0.3877727625756677843 ) ) ;
#1513 = CARTESIAN_POINT ( 'NONE',  ( -1.589286993742459186, 0.3311119612389424316, -0.3272900162479834285 ) ) ;
#1514 = EDGE_LOOP ( 'NONE', ( #1592, #390, #1544, #1116 ) ) ;
#1515 = DIRECTION ( 'NONE',  ( -0.9905638349724134040, 0.000000000000000000, -0.1370521391469141648 ) ) ;
#1516 = DIRECTION ( 'NONE',  ( -0.8137334712067357811, 0.000000000000000000, 0.5812381937190952419 ) ) ;
#1517 = AXIS2_PLACEMENT_3D ( 'NONE', #1654, #363, #942 ) ;
#1518 = FACE_OUTER_BOUND ( 'NONE', #1584, .T. ) ;
#1519 = DIRECTION ( 'NONE',  ( 0.000000000000000000, 0.000000000000000000, -1.000000000000000000 ) ) ;
#1520 = DIRECTION ( 'NONE',  ( -0.000000000000000000, -1.000000000000000000, -0.000000000000000000 ) ) ;
#1521 = ORIENTED_EDGE ( 'NONE', *, *, #634, .T. ) ;
#1522 = DIRECTION ( 'NONE',  ( 0.1370521391469132211, 0.000000000000000000, -0.9905638349724136260 ) ) ;
#1523 = CARTESIAN_POINT ( 'NONE',  ( 0.7598833153848245647, 0.3750000000000000555, -1.322976775338963851 ) ) ;
#1524 = EDGE_CURVE ( 'NONE', #1796, #1395, #1534, .T. ) ;
#1525 = ORIENTED_EDGE ( 'NONE', *, *, #877, .T. ) ;
#1526 = SURFACE_STYLE_USAGE ( .BOTH. , #659 ) ;
#1527 = FACE_OUTER_BOUND ( 'NONE', #1021, .T. ) ;
#1528 = CARTESIAN_POINT ( 'NONE',  ( -1.698586662687732174, 0.3624096429222132265, 0.6469230657286330066 ) ) ;
#1529 = DIRECTION ( 'NONE',  ( 0.9905638349724136260, -0.000000000000000000, 0.1370521391469132488 ) ) ;
#1530 = CARTESIAN_POINT ( 'NONE',  ( -1.448066387343776462, 0.009560266824734323793, -0.3055750622319540200 ) ) ;
#1531 = VERTEX_POINT ( 'NONE', #984 ) ;
#1532 = DIRECTION ( 'NONE',  ( -1.000000000000000000, 0.000000000000000000, 0.000000000000000000 ) ) ;
#1533 = CARTESIAN_POINT ( 'NONE',  ( -1.515523242584023267, 0.3725527356459320538, -0.3170842329043487839 ) ) ;
#1534 = CIRCLE ( 'NONE', #731, 0.01999999999999999001 ) ;
#1535 = AXIS2_PLACEMENT_3D ( 'NONE', #1270, #825, #255 ) ;
#1536 = ORIENTED_EDGE ( 'NONE', *, *, #178, .T. ) ;
#1537 = FACE_OUTER_BOUND ( 'NONE', #1560, .T. ) ;
#1538 = EDGE_CURVE ( 'NONE', #1634, #1395, #486, .T. ) ;
#1539 = CIRCLE ( 'NONE', #1063, 0.02000000000000005940 ) ;
#1540 = CARTESIAN_POINT ( 'NONE',  ( -1.818897409347073779, 0.2133175737729556820, 0.6504676679884108248 ) ) ;
#1541 = VECTOR ( 'NONE', #1520, 39.37007874015748143 ) ;
#1542 = CARTESIAN_POINT ( 'NONE',  ( 3.079927576846362758, 0.000000000000000000, -1.880869826098870545 ) ) ;
#1543 = CARTESIAN_POINT ( 'NONE',  ( -1.724747935161914603, 0.04306921850410176666, 0.6634939731906595028 ) ) ;
#1544 = ORIENTED_EDGE ( 'NONE', *, *, #1352, .F. ) ;
#1545 = CARTESIAN_POINT ( 'NONE',  ( -1.538225388513000613, 0.3750000000000000555, 0.3460619462164493676 ) ) ;
#1546 = DIRECTION ( 'NONE',  ( 0.000000000000000000, 0.000000000000000000, 1.000000000000000000 ) ) ;
#1547 = CARTESIAN_POINT ( 'NONE',  ( -1.558477778641275791, 0.3432725692685471564, -0.3230273239448947509 ) ) ;
#1548 = VERTEX_POINT ( 'NONE', #1703 ) ;
#1549 = CARTESIAN_POINT ( 'NONE',  ( -1.818521119050481749, 0.1874999999988234134, 0.6303292095613886037 ) ) ;
#1550 = CARTESIAN_POINT ( 'NONE',  ( -1.581369792213672909, 0.2349999999999988209, -0.2188827857265981669 ) ) ;
#1551 = DIRECTION ( 'NONE',  ( -0.9905638349724134040, 0.000000000000000000, -0.1370521391469141648 ) ) ;
#1552 = CARTESIAN_POINT ( 'NONE',  ( -1.642156385572828947, 0.09845721185281947063, -0.3346049039815439108 ) ) ;
#1553 = EDGE_CURVE ( 'NONE', #898, #1138, #1252, .T. ) ;
#1554 = ORIENTED_EDGE ( 'NONE', *, *, #1204, .T. ) ;
#1555 = CARTESIAN_POINT ( 'NONE',  ( -1.695529917788132002, 0.03172743073161118227, 0.6675365110275268687 ) ) ;
#1556 = CARTESIAN_POINT ( 'NONE',  ( 4.244135283888759602, 0.000000000000000000, -4.822976775338963407 ) ) ;
#1557 = CARTESIAN_POINT ( 'NONE',  ( -1.532756714504278417, 0.02547069985801967903, -0.3194686165333645023 ) ) ;
#1558 = ORIENTED_EDGE ( 'NONE', *, *, #772, .T. ) ;
#1559 = CARTESIAN_POINT ( 'NONE',  ( -1.719330642140315835, 0.3551983757437082168, 0.6440529763329798651 ) ) ;
#1560 = EDGE_LOOP ( 'NONE', ( #1398, #417, #1274 ) ) ;
#1561 = CARTESIAN_POINT ( 'NONE',  ( -1.622068690711302885, 0.3750000000000000555, 0.6575099167444876658 ) ) ;
#1562 = CARTESIAN_POINT ( 'NONE',  ( -1.686951065469032285, 0.1874999999989268307, -0.3206120720120408385 ) ) ;
#1563 = ORIENTED_EDGE ( 'NONE', *, *, #1577, .T. ) ;
#1564 = EDGE_CURVE ( 'NONE', #1802, #902, #806, .T. ) ;
#1565 = CARTESIAN_POINT ( 'NONE',  ( 0.7598833153848245647, 0.000000000000000000, -1.322976775338963851 ) ) ;
#1566 = CARTESIAN_POINT ( 'NONE',  ( -1.584823115823214001, 0.3550000000000000377, 0.6828536501070371356 ) ) ;
#1567 = CARTESIAN_POINT ( 'NONE',  ( -1.480904987389568550, 0.000000000000000000, -0.3627708332770855915 ) ) ;
#1568 = CARTESIAN_POINT ( 'NONE',  ( -1.463671261708188620, 0.000000000000000000, -0.2897195907267926529 ) ) ;
#1569 = VERTEX_POINT ( 'NONE', #664 ) ;
#1570 = DIRECTION ( 'NONE',  ( 1.000000000000000000, 0.000000000000000000, 0.000000000000000000 ) ) ;
#1571 = CARTESIAN_POINT ( 'NONE',  ( -1.714316297795571709, 0.3367418256989190284, 0.6649372705990505006 ) ) ;
#1572 = CARTESIAN_POINT ( 'NONE',  ( -1.096705793903441695, 0.3550000000000000377, 0.7301979215896249320 ) ) ;
#1573 = VECTOR ( 'NONE', #169, 39.37007874015748854 ) ;
#1574 = CARTESIAN_POINT ( 'NONE',  ( 3.759883315384822566, 0.3750000000000000555, -1.322976775338963851 ) ) ;
#1575 = CARTESIAN_POINT ( 'NONE',  ( -1.656350525540074781, 0.1352980620165345760, -0.3365687726159323767 ) ) ;
#1576 = LINE ( 'NONE', #1275, #242 ) ;
#1577 = EDGE_CURVE ( 'NONE', #1093, #631, #1122, .T. ) ;
#1578 = AXIS2_PLACEMENT_3D ( 'NONE', #1780, #1067, #345 ) ;
#1579 = CARTESIAN_POINT ( 'NONE',  ( -1.624124299950495232, 0.04322377970723421947, -0.3321100259932763255 ) ) ;
#1580 = CARTESIAN_POINT ( 'NONE',  ( -1.740116684615172771, 0.000000000000000000, -4.822976775338962518 ) ) ;
#1581 = ADVANCED_FACE ( 'NONE', ( #993 ), #1412, .T. ) ;
#1582 = EDGE_CURVE ( 'NONE', #898, #152, #1299, .T. ) ;
#1583 = CARTESIAN_POINT ( 'NONE',  ( 3.759883315384822566, 0.000000000000000000, -1.322976775338963851 ) ) ;
#1584 = EDGE_LOOP ( 'NONE', ( #1640, #799, #903, #1217 ) ) ;
#1585 = CARTESIAN_POINT ( 'NONE',  ( -1.473767821077981210, 0.02001892777455501621, -0.3113070486014920535 ) ) ;
#1586 = CARTESIAN_POINT ( 'NONE',  ( -1.689107075235973365, 0.02986730899933126224, 0.6684251607844623466 ) ) ;
#1587 = CIRCLE ( 'NONE', #1517, 0.03124999999999983694 ) ;
#1588 = CARTESIAN_POINT ( 'NONE',  ( -1.686177006021713165, 0.1993586125658555197, -0.3205049749230578504 ) ) ;
#1589 = LINE ( 'NONE', #296, #761 ) ;
#1590 = DIRECTION ( 'NONE',  ( 0.000000000000000000, 0.000000000000000000, 1.000000000000000000 ) ) ;
#1591 = EDGE_CURVE ( 'NONE', #811, #1802, #971, .T. ) ;
#1592 = ORIENTED_EDGE ( 'NONE', *, *, #46, .F. ) ;
#1593 = CARTESIAN_POINT ( 'NONE',  ( -1.724718890973645280, 0.3319453801396633486, 0.6634979916779001341 ) ) ;
#1594 = CARTESIAN_POINT ( 'NONE',  ( -1.809572404416912583, 0.1193518336948053982, 0.6517578542723346802 ) ) ;
#1595 = CARTESIAN_POINT ( 'NONE',  ( -1.611494070643900267, 0.05876552211785063262, -0.3303625364491952210 ) ) ;
#1596 = CARTESIAN_POINT ( 'NONE',  ( 0.8168205176577725268, 0.1964310520100541468, -1.322976775338963629 ) ) ;
#1597 =( LENGTH_UNIT ( ) NAMED_UNIT ( * ) SI_UNIT ( $, .METRE. ) );
#1598 = ORIENTED_EDGE ( 'NONE', *, *, #1630, .T. ) ;
#1599 = EDGE_CURVE ( 'NONE', #467, #771, #1151, .T. ) ;
#1600 = DIRECTION ( 'NONE',  ( -0.9905638349724141811, -5.829160534524714602E-15, -0.1370521391469106398 ) ) ;
#1601 = B_SPLINE_CURVE_WITH_KNOTS ( 'NONE', 3,
 ( #165, #1323, #27, #1056 ),
 .UNSPECIFIED., .F., .F.,
 ( 4, 4 ),
 ( 0.02000000000006180514, 0.9800000000001009015 ),
 .UNSPECIFIED. ) ;
#1602 = DIRECTION ( 'NONE',  ( -0.5812381937190961301, 0.000000000000000000, -0.8137334712067351150 ) ) ;
#1603 = CARTESIAN_POINT ( 'NONE',  ( -1.621396507103830764, 0.3750000000000000555, 0.3581101890391240050 ) ) ;
#1604 = PLANE ( 'NONE',  #590 ) ;
#1605 = CARTESIAN_POINT ( 'NONE',  ( -1.664346186752814649, 0.1874999999993452182, -0.3376750339535779522 ) ) ;
#1606 = VERTEX_POINT ( 'NONE', #961 ) ;
#1607 = ORIENTED_EDGE ( 'NONE', *, *, #995, .T. ) ;
#1608 = CARTESIAN_POINT ( 'NONE',  ( -1.487556150939633781, 0.2349999999999988209, -0.3132147702808891210 ) ) ;
#1609 = CARTESIAN_POINT ( 'NONE',  ( -1.790879163741279756, 0.07871686506151483187, 0.6543442081565833401 ) ) ;
#1610 = CARTESIAN_POINT ( 'NONE',  ( -1.440918369718603875, 0.3750000000000000555, -0.3572383766139486383 ) ) ;
#1611 = CIRCLE ( 'NONE', #1191, 0.03937008000000032093 ) ;
#1612 = CARTESIAN_POINT ( 'NONE',  ( 0.8168205176577726379, 0.1875000000000000555, -1.322976775338963407 ) ) ;
#1613 = CARTESIAN_POINT ( 'NONE',  ( -1.675020128145398468, 0.1874999999993423316, -0.3369653553317886185 ) ) ;
#1614 = ORIENTED_EDGE ( 'NONE', *, *, #1204, .F. ) ;
#1615 = ORIENTED_EDGE ( 'NONE', *, *, #1577, .F. ) ;
#1616 = CARTESIAN_POINT ( 'NONE',  ( -1.636704553238919280, 0.3538412676921630640, 0.6756754534792180911 ) ) ;
#1617 =( REPRESENTATION_RELATIONSHIP ('NONE','NONE', #870, #1187 ) REPRESENTATION_RELATIONSHIP_WITH_TRANSFORMATION ( #260 )SHAPE_REPRESENTATION_RELATIONSHIP( ) );
#1618 = DIRECTION ( 'NONE',  ( 0.1370521391469138317, -0.000000000000000000, -0.9905638349724136260 ) ) ;
#1619 = EDGE_CURVE ( 'NONE', #506, #1802, #973, .T. ) ;
#1620 = CARTESIAN_POINT ( 'NONE',  ( -1.541423271761901415, 0.3750000000000000555, 0.3691751023653975783 ) ) ;
#1621 = CYLINDRICAL_SURFACE ( 'NONE', #1177, 0.02000000000000005940 ) ;
#1622 = CARTESIAN_POINT ( 'NONE',  ( -1.631870618866424483, 0.2934505092302102103, -0.3331817889029302648 ) ) ;
#1623 = ORIENTED_EDGE ( 'NONE', *, *, #662, .F. ) ;
#1624 = ORIENTED_EDGE ( 'NONE', *, *, #1060, .T. ) ;
#1625 = VECTOR ( 'NONE', #1529, 39.37007874015748854 ) ;
#1626 = CARTESIAN_POINT ( 'NONE',  ( 3.759883315384822566, 0.3750000000000000555, -1.322976775338963851 ) ) ;
#1627 = ORIENTED_EDGE ( 'NONE', *, *, #1667, .T. ) ;
#1628 = AXIS2_PLACEMENT_3D ( 'NONE', #1572, #135, #1260 ) ;
#1629 = CARTESIAN_POINT ( 'NONE',  ( -1.678653690111983066, 0.2157350647362941964, -0.3901308900092078646 ) ) ;
#1630 = EDGE_CURVE ( 'NONE', #1032, #262, #839, .T. ) ;
#1631 = CARTESIAN_POINT ( 'NONE',  ( 3.787612453884443564, 0.000000000000000000, -1.751408481244138615 ) ) ;
#1632 = EDGE_CURVE ( 'NONE', #218, #1634, #1863, .T. ) ;
#1633 = VERTEX_POINT ( 'NONE', #233 ) ;
#1634 = VERTEX_POINT ( 'NONE', #817 ) ;
#1635 = CARTESIAN_POINT ( 'NONE',  ( -1.798762041461447359, 0.2138484095234530202, 0.6532535512841999292 ) ) ;
#1636 = CARTESIAN_POINT ( 'NONE',  ( 1.687840503588632579, 0.1875000000000000833, -0.02383671185363079106 ) ) ;
#1637 = ORIENTED_EDGE ( 'NONE', *, *, #1216, .T. ) ;
#1638 = CARTESIAN_POINT ( 'NONE',  ( -0.9651357403224049003, 0.3550000000000000377, -0.2207433599838921623 ) ) ;
#1639 = LINE ( 'NONE', #1631, #1339 ) ;
#1640 = ORIENTED_EDGE ( 'NONE', *, *, #908, .F. ) ;
#1641 = DIRECTION ( 'NONE',  ( 0.000000000000000000, 0.000000000000000000, 1.000000000000000000 ) ) ;
#1642 = EDGE_CURVE ( 'NONE', #1264, #1395, #1402, .T. ) ;
#1643 = DIRECTION ( 'NONE',  ( 0.000000000000000000, -1.000000000000000000, 0.000000000000000000 ) ) ;
#1644 = DIRECTION ( 'NONE',  ( 0.000000000000000000, 1.000000000000000000, 0.000000000000000000 ) ) ;
#1645 = LINE ( 'NONE', #48, #1189 ) ;
#1646 = B_SPLINE_SURFACE_WITH_KNOTS ( 'NONE', 5, 3, ( 
 ( #1610, #1058, #1620, #47 ),
 ( #1473, #883, #176, #1188 ),
 ( #1460, #37, #1603, #311 ),
 ( #758, #1048, #891, #28 ),
 ( #338, #1775, #1489, #482 ),
 ( #1629, #619, #906, #1197 ),
 ( #778, #1482, #900, #1664 ),
 ( #320, #186, #1748, #158 ) ),
 .UNSPECIFIED., .F., .F., .F.,
 ( 6, 2, 6 ),
 ( 4, 4 ),
 ( 0.000000000000000000, 0.5000000000000000000, 1.000000000000000000 ),
 ( -0.003972216374373173722, 0.02396778362562683798 ),
 .UNSPECIFIED. ) ;
#1647 = CARTESIAN_POINT ( 'NONE',  ( -1.539208651073756373, 0.3482554442057882449, -0.3203612916717736847 ) ) ;
#1648 = DIRECTION ( 'NONE',  ( 0.1370521391469137762, -0.000000000000000000, -0.9905638349724135150 ) ) ;
#1649 = ORIENTED_EDGE ( 'NONE', *, *, #772, .F. ) ;
#1650 = LINE ( 'NONE', #1849, #909 ) ;
#1651 = DIRECTION ( 'NONE',  ( 0.9905638349724137370, 0.000000000000000000, 0.1370521391469132766 ) ) ;
#1652 =( BOUNDED_SURFACE ( )  B_SPLINE_SURFACE ( 3, 2, ( 
 ( #139, #723, #1265 ),
 ( #2, #730, #594 ),
 ( #1874, #1844, #715 ),
 ( #1286, #1866, #1726 ),
 ( #428, #987, #558 ),
 ( #1293, #1301, #1016 ),
 ( #1129, #1007, #1707 ),
 ( #1586, #873, #1163 ),
 ( #1555, #263, #118 ),
 ( #703, #1742, #461 ),
 ( #889, #445, #905 ),
 ( #452, #1038, #1773 ),
 ( #301, #1334, #1023 ),
 ( #767, #480, #36 ),
 ( #628, #1609, #317 ),
 ( #1316, #1195, #471 ),
 ( #635, #1308, #8 ),
 ( #1465, #1594, #310 ),
 ( #880, #174, #601 ),
 ( #756, #1047, #897 ),
 ( #1472, #16, #336 ),
 ( #1488, #1457, #747 ) ),
 .UNSPECIFIED., .F., .F., .T. ) 
 B_SPLINE_SURFACE_WITH_KNOTS ( ( 4, 2, 2, 2, 2, 2, 2, 2, 2, 2, 4 ),
 ( 3, 3 ),
 ( -2.537033083616080376E-15, 0.001007135000698436032, 0.002014270001399409097, 0.002517837501749895304, 0.003021405002100381945, 0.004028540002801355227, 0.005035675003502328509, 0.005539242503852815150, 0.006042810004203300923, 0.007049945004904273338, 0.008057080005605246620 ),
 ( 0.000000000000000000, 1.000000000000000000 ),
 .UNSPECIFIED. ) 
 GEOMETRIC_REPRESENTATION_ITEM ( )  RATIONAL_B_SPLINE_SURFACE ( (
 ( 1.000000000000000000, 0.7071067811865451302, 1.000000000000000000),
 ( 1.000000000000000000, 0.7071067811865451302, 1.000000000000000000),
 ( 1.000000000000000000, 0.7071067811865259234, 1.000000000000000000),
 ( 1.000000000000000000, 0.7071067811865259234, 1.000000000000000000),
 ( 1.000000000000000000, 0.7071067811865258124, 1.000000000000000000),
 ( 1.000000000000000000, 0.7071067811865258124, 1.000000000000000000),
 ( 1.000000000000000000, 0.7071067811865088260, 1.000000000000000000),
 ( 1.000000000000000000, 0.7071067811865088260, 1.000000000000000000),
 ( 1.000000000000000000, 0.7071067811864483188, 1.000000000000000000),
 ( 1.000000000000000000, 0.7071067811864483188, 1.000000000000000000),
 ( 1.000000000000000000, 0.7071067811860799468, 1.000000000000000000),
 ( 1.000000000000000000, 0.7071067811860799468, 1.000000000000000000),
 ( 1.000000000000000000, 0.7071067811855786811, 1.000000000000000000),
 ( 1.000000000000000000, 0.7071067811855786811, 1.000000000000000000),
 ( 1.000000000000000000, 0.7071067811855861196, 1.000000000000000000),
 ( 1.000000000000000000, 0.7071067811855861196, 1.000000000000000000),
 ( 1.000000000000000000, 0.7071067811858697816, 1.000000000000000000),
 ( 1.000000000000000000, 0.7071067811858697816, 1.000000000000000000),
 ( 1.000000000000000000, 0.7071067811867958186, 1.000000000000000000),
 ( 1.000000000000000000, 0.7071067811867958186, 1.000000000000000000),
 ( 1.000000000000000000, 0.7071067811873976705, 1.000000000000000000),
 ( 1.000000000000000000, 0.7071067811873976705, 1.000000000000000000) ) ) 
 REPRESENTATION_ITEM ( '' )  SURFACE ( )  );
#1653 = SHAPE_DEFINITION_REPRESENTATION ( #791, #1372 ) ;
#1654 = CARTESIAN_POINT ( 'NONE',  ( 3.928947472379699324, 0.3750000000000000555, -2.772927436059439366 ) ) ;
#1655 = VECTOR ( 'NONE', #247, 39.37007874015748143 ) ;
#1656 = CARTESIAN_POINT ( 'NONE',  ( -1.621396507103830764, 5.724356971043276179E-13, 0.3581101890384877362 ) ) ;
#1657 = AXIS2_PLACEMENT_3D ( 'NONE', #1721, #145, #858 ) ;
#1658 = CARTESIAN_POINT ( 'NONE',  ( -1.585019545711365829, 0.3551983755557990285, -0.3266995819310043458 ) ) ;
#1659 = ORIENTED_EDGE ( 'NONE', *, *, #1699, .F. ) ;
#1660 = FILL_AREA_STYLE ('',( #1685 ) ) ;
#1661 = DIRECTION ( 'NONE',  ( 0.000000000000000000, -1.000000000000000000, 0.000000000000000000 ) ) ;
#1662 = CARTESIAN_POINT ( 'NONE',  ( -1.688247339852267048, 0.01999999999999999001, -0.3207914215611388786 ) ) ;
#1663 = CIRCLE ( 'NONE', #282, 0.02000000000000004205 ) ;
#1664 = CARTESIAN_POINT ( 'NONE',  ( -1.829411043173587936, 0.1753675323681472553, 0.6994893284604479788 ) ) ;
#1665 = PLANE ( 'NONE',  #1862 ) ;
#1666 = ORIENTED_EDGE ( 'NONE', *, *, #427, .F. ) ;
#1667 = EDGE_CURVE ( 'NONE', #1071, #1633, #1059, .T. ) ;
#1668 = LINE ( 'NONE', #264, #183 ) ;
#1669 = AXIS2_PLACEMENT_3D ( 'NONE', #1828, #1072, #1515 ) ;
#1670 = CARTESIAN_POINT ( 'NONE',  ( -1.656568067527970811, 0.2962831350227165816, -0.3164083501372261242 ) ) ;
#1671 = ORIENTED_EDGE ( 'NONE', *, *, #1279, .F. ) ;
#1672 = CARTESIAN_POINT ( 'NONE',  ( -1.541423271761901415, 0.000000000000000000, 0.3691751023647614205 ) ) ;
#1673 = FACE_OUTER_BOUND ( 'NONE', #306, .T. ) ;
#1674 = VECTOR ( 'NONE', #322, 39.37007874015748143 ) ;
#1675 = CARTESIAN_POINT ( 'NONE',  ( -1.608731211780672243, 0.3749850142636349526, 0.6593552597237127832 ) ) ;
#1676 = CARTESIAN_POINT ( 'NONE',  ( -1.788596450535954618, 0.3178207370069977000, 0.6344695180286721303 ) ) ;
#1677 = CONTEXT_DEPENDENT_SHAPE_REPRESENTATION ( #1617, #1820 ) ;
#1678 = DIRECTION ( 'NONE',  ( -0.9905638349724135150, 0.000000000000000000, -0.1370521391469138039 ) ) ;
#1679 = VERTEX_POINT ( 'NONE', #1688 ) ;
#1680 = CARTESIAN_POINT ( 'NONE',  ( -1.584527705155158062, 0.3654397331752657352, 0.6807185274736948788 ) ) ;
#1681 = EDGE_CURVE ( 'NONE', #1633, #1475, #394, .T. ) ;
#1682 = CARTESIAN_POINT ( 'NONE',  ( -1.474420115422678146, 0.3749850144239725847, -0.3113972985501544666 ) ) ;
#1683 = DIRECTION ( 'NONE',  ( 0.000000000000000000, -1.000000000000000000, 0.000000000000000000 ) ) ;
#1684 = ORIENTED_EDGE ( 'NONE', *, *, #154, .F. ) ;
#1685 = FILL_AREA_STYLE_COLOUR ( '', #289 ) ;
#1686 = DIRECTION ( 'NONE',  ( -0.5812381937190961301, 0.000000000000000000, -0.8137334712067352260 ) ) ;
#1687 = CARTESIAN_POINT ( 'NONE',  ( -1.790635011441802149, 0.2495807010951924532, 0.6543779885085153625 ) ) ;
#1688 = CARTESIAN_POINT ( 'NONE',  ( 3.814284694378990537, 0.000000000000000000, -1.716170482052909563 ) ) ;
#1689 = CARTESIAN_POINT ( 'NONE',  ( -1.756641850878619460, 0.06617006966586776173, 0.6590812041994836834 ) ) ;
#1690 = ORIENTED_EDGE ( 'NONE', *, *, #273, .F. ) ;
#1691 = DIRECTION ( 'NONE',  ( 0.000000000000000000, 0.000000000000000000, -1.000000000000000000 ) ) ;
#1692 = FACE_OUTER_BOUND ( 'NONE', #1758, .T. ) ;
#1693 = EDGE_CURVE ( 'NONE', #1319, #1569, #1841, .T. ) ;
#1694 = AXIS2_PLACEMENT_3D ( 'NONE', #533, #828, #1261 ) ;
#1695 = AXIS2_PLACEMENT_3D ( 'NONE', #1020, #1590, #5 ) ;
#1696 = EDGE_LOOP ( 'NONE', ( #1710, #357, #618, #175 ) ) ;
#1697 = CYLINDRICAL_SURFACE ( 'NONE', #1784, 0.01999999999999999001 ) ;
#1698 = B_SPLINE_CURVE_WITH_KNOTS ( 'NONE', 3,
 ( #251, #107, #1545, #1405 ),
 .UNSPECIFIED., .F., .F.,
 ( 4, 4 ),
 ( 0.01999999999998025579, 0.9799999999999947642 ),
 .UNSPECIFIED. ) ;
#1699 = EDGE_CURVE ( 'NONE', #764, #1633, #1722, .T. ) ;
#1700 = DIRECTION ( 'NONE',  ( -0.9905638349724134040, 0.000000000000000000, -0.1370521391469141648 ) ) ;
#1701 = DIRECTION ( 'NONE',  ( 0.000000000000000000, 0.000000000000000000, 1.000000000000000000 ) ) ;
#1702 = AXIS2_PLACEMENT_3D ( 'NONE', #1762, #1618, #326 ) ;
#1703 = CARTESIAN_POINT ( 'NONE',  ( 3.106599817340909286, 0.000000000000000000, -1.845631826907641715 ) ) ;
#1704 = ITEM_DEFINED_TRANSFORMATION ( 'NONE', 'NONE', #488,  #1083 ) ;
#1705 = CARTESIAN_POINT ( 'NONE',  ( -0.9453244636229567455, 0.3750000000000000555, -0.2180023172009539212 ) ) ;
#1706 = ORIENTED_EDGE ( 'NONE', *, *, #1599, .T. ) ;
#1707 = CARTESIAN_POINT ( 'NONE',  ( -1.677603672393845002, 0.007165661274490356912, 0.6498262241157333197 ) ) ;
#1708 = DIRECTION ( 'NONE',  ( 0.9905638349724136260, 0.000000000000000000, 0.1370521391469132488 ) ) ;
#1709 = CARTESIAN_POINT ( 'NONE',  ( -1.477161158198667223, 1.498573634444005570E-05, -0.2915860218497782763 ) ) ;
#1710 = ORIENTED_EDGE ( 'NONE', *, *, #1744, .T. ) ;
#1711 =( CONVERSION_BASED_UNIT ( 'INCH', #719 ) LENGTH_UNIT ( ) NAMED_UNIT ( #1731 ) );
#1712 = CARTESIAN_POINT ( 'NONE',  ( -1.726339132889906036, 0.3311119612384302857, 0.6632738187243573114 ) ) ;
#1713 = DIRECTION ( 'NONE',  ( 0.1370521391469138317, 0.000000000000000000, -0.9905638349724136260 ) ) ;
#1714 = CARTESIAN_POINT ( 'NONE',  ( -1.789694774593920235, 0.1225469376764193319, 0.6545080775212144264 ) ) ;
#1715 = EDGE_LOOP ( 'NONE', ( #679, #34 ) ) ;
#1716 = CARTESIAN_POINT ( 'NONE',  ( -1.450512019458596313, 0.3750000000000000555, -0.2878989081658487881 ) ) ;
#1717 = CYLINDRICAL_SURFACE ( 'NONE', #515, 0.02000000000000005940 ) ;
#1718 = CARTESIAN_POINT ( 'NONE',  ( -1.663882587442864214, 0.09196505598348481136, -0.3174203703279653843 ) ) ;
#1719 =( CONVERSION_BASED_UNIT ( 'INCH', #297 ) LENGTH_UNIT ( ) NAMED_UNIT ( #1861 ) );
#1720 = CARTESIAN_POINT ( 'NONE',  ( -1.670646406652087634, 0.3692059786415614053, 0.6507888154388102864 ) ) ;
#1721 = CARTESIAN_POINT ( 'NONE',  ( -1.581369792213673575, 0.2349999999999988209, -0.2188827857265982224 ) ) ;
#1722 = LINE ( 'NONE', #424, #663 ) ;
#1723 = CARTESIAN_POINT ( 'NONE',  ( -1.575782780309631370, 0.03764339868245728665, -0.3254216042657134267 ) ) ;
#1724 = ADVANCED_FACE ( 'NONE', ( #859 ), #1697, .T. ) ;
#1725 = ORIENTED_EDGE ( 'NONE', *, *, #1164, .T. ) ;
#1726 = CARTESIAN_POINT ( 'NONE',  ( -1.636031332491352686, 0.001244923740459741909, 0.6555780776679612787 ) ) ;
#1727 = PRODUCT_DEFINITION ( 'UNKNOWN', '', #53, #1739 ) ;
#1728 = CARTESIAN_POINT ( 'NONE',  ( -1.564275566354580427, 0.01259035698332717362, -0.3238294925486605580 ) ) ;
#1729 = VECTOR ( 'NONE', #280, 39.37007874015748854 ) ;
#1730 = CARTESIAN_POINT ( 'NONE',  ( -1.806831361416656456, 0.2556481662151932621, 0.6319465776030334103 ) ) ;
#1731 = DIMENSIONAL_EXPONENTS ( 1.000000000000000000, 0.000000000000000000, 0.000000000000000000, 0.000000000000000000, 0.000000000000000000, 0.000000000000000000, 0.000000000000000000 ) ;
#1732 = CIRCLE ( 'NONE', #275, 0.03124999999999983694 ) ;
#1733 = VECTOR ( 'NONE', #300, 39.37007874015748854 ) ;
#1734 = CARTESIAN_POINT ( 'NONE',  ( -1.798768386764387772, 0.1611963623330536777, 0.6532526733626450310 ) ) ;
#1735 = ORIENTED_EDGE ( 'NONE', *, *, #662, .T. ) ;
#1736 = AXIS2_PLACEMENT_3D ( 'NONE', #1219, #1643, #1818 ) ;
#1737 = CARTESIAN_POINT ( 'NONE',  ( -1.474087018165866958, 0.02001988483780218001, -0.3113512119781059462 ) ) ;
#1738 = CARTESIAN_POINT ( 'NONE',  ( -1.818521119050481749, 0.1874999999988234134, 0.6303292095613886037 ) ) ;
#1739 = PRODUCT_DEFINITION_CONTEXT ( 'detailed design', #64, 'design' ) ;
#1740 = ORIENTED_EDGE ( 'NONE', *, *, #1642, .F. ) ;
#1741 = SURFACE_STYLE_FILL_AREA ( #334 ) ;
#1742 = CARTESIAN_POINT ( 'NONE',  ( -1.722071684858176521, 0.01980162444440426717, 0.6638642530414237131 ) ) ;
#1743 = CARTESIAN_POINT ( 'NONE',  ( -1.536335310274907107, 0.005794021434757728843, -0.3199637428323289234 ) ) ;
#1744 = EDGE_CURVE ( 'NONE', #1341, #930, #151, .T. ) ;
#1745 = ORIENTED_EDGE ( 'NONE', *, *, #427, .T. ) ;
#1746 = CARTESIAN_POINT ( 'NONE',  ( -1.782080298276419672, 0.2706516489378936186, 0.6555615989914646002 ) ) ;
#1747 = LINE ( 'NONE', #1179, #737 ) ;
#1748 = CARTESIAN_POINT ( 'NONE',  ( -1.779158592153037288, 0.1350000000000000366, 0.3362825889704487703 ) ) ;
#1749 = LINE ( 'NONE', #1190, #292 ) ;
#1750 = EDGE_LOOP ( 'NONE', ( #499, #683, #111, #1690 ) ) ;
#1751 = EDGE_CURVE ( 'NONE', #1192, #467, #1479, .T. ) ;
#1752 = DIRECTION ( 'NONE',  ( 0.000000000000000000, 1.000000000000000000, 0.000000000000000000 ) ) ;
#1753 = ADVANCED_BREP_SHAPE_REPRESENTATION ( '', ( #727, #1083 ), #1180 ) ;
#1754 = CARTESIAN_POINT ( 'NONE',  ( -1.664346186752814649, 0.1874999999993452182, -0.3376750339535779522 ) ) ;
#1755 = CARTESIAN_POINT ( 'NONE',  ( -1.681845270199951781, 0.1616824262250965982, -0.3400961669840007473 ) ) ;
#1756 = FACE_OUTER_BOUND ( 'NONE', #1380, .T. ) ;
#1757 = CARTESIAN_POINT ( 'NONE',  ( -1.664346186752814649, 0.1874999999993452182, -0.3376750339535779522 ) ) ;
#1758 = EDGE_LOOP ( 'NONE', ( #1084, #820, #882, #781, #689, #1771, #1348 ) ) ;
#1759 = ORIENTED_EDGE ( 'NONE', *, *, #106, .T. ) ;
#1760 = EDGE_CURVE ( 'NONE', #536, #1508, #550, .T. ) ;
#1761 = CLOSED_SHELL ( 'NONE', ( #547, #500, #775, #827, #246, #231, #438, #1092, #1079, #1196, #66, #120, #1464, #1046, #1443, #208, #1446, #693, #1724, #831, #1505, #288, #1871, #852, #227, #1581, #1019, #299, #147 ) ) ;
#1762 = CARTESIAN_POINT ( 'NONE',  ( -1.581369792213673575, 0.2349999999999988209, -0.2188827857265982224 ) ) ;
#1763 = CARTESIAN_POINT ( 'NONE',  ( -1.646195169450142659, 0.1069117725964112559, -0.3351637008509583127 ) ) ;
#1764 = AXIS2_PLACEMENT_3D ( 'NONE', #621, #31, #760 ) ;
#1765 = CARTESIAN_POINT ( 'NONE',  ( -1.728906141132328989, 0.2399999999999999911, -0.02692415052068750092 ) ) ;
#1766 = CARTESIAN_POINT ( 'NONE',  ( -1.645050038224598277, 0.2706046550264802342, -0.3350052631223399691 ) ) ;
#1767 = UNCERTAINTY_MEASURE_WITH_UNIT (LENGTH_MEASURE( 1.000000000000000082E-05 ), #1719, 'distance_accuracy_value', 'NONE');
#1768 = FACE_OUTER_BOUND ( 'NONE', #724, .T. ) ;
#1769 = DIRECTION ( 'NONE',  ( -0.9905638349724135150, 0.000000000000000000, -0.1370521391469142758 ) ) ;
#1770 = ORIENTED_EDGE ( 'NONE', *, *, #273, .T. ) ;
#1771 = ORIENTED_EDGE ( 'NONE', *, *, #1108, .F. ) ;
#1772 = DIRECTION ( 'NONE',  ( 0.1370521391469130823, 0.000000000000000000, -0.9905638349724137370 ) ) ;
#1773 = CARTESIAN_POINT ( 'NONE',  ( -1.758435396405533258, 0.04322377956994799542, 0.6386425322669687654 ) ) ;
#1774 = EDGE_LOOP ( 'NONE', ( #794, #171, #832, #1309, #887 ) ) ;
#1775 = CARTESIAN_POINT ( 'NONE',  ( -1.711862439601030239, 0.3047056274882697369, -0.02456602308440691829 ) ) ;
#1776 = ADVANCED_FACE ( 'NONE', ( #1673 ), #982, .F. ) ;
#1777 = LINE ( 'NONE', #1491, #954 ) ;
#1778 = ORIENTED_EDGE ( 'NONE', *, *, #1553, .T. ) ;
#1779 = ORIENTED_EDGE ( 'NONE', *, *, #448, .T. ) ;
#1780 = CARTESIAN_POINT ( 'NONE',  ( -0.9425834208400185599, 0.3750000000000000555, -0.2378135939004022148 ) ) ;
#1781 = B_SPLINE_CURVE_WITH_KNOTS ( 'NONE', 3,
 ( #538, #252, #419, #387, #691, #1416 ),
 .UNSPECIFIED., .F., .F.,
 ( 4, 2, 4 ),
 ( 0.000000000000000000, 0.5000000000000000000, 1.000000000000000000 ),
 .UNSPECIFIED. ) ;
#1782 = AXIS2_PLACEMENT_3D ( 'NONE', #268, #712, #114 ) ;
#1783 = CARTESIAN_POINT ( 'NONE',  ( 1.985971025546467983, 0.2062895447506049029, 0.2900651864690847459 ) ) ;
#1784 = AXIS2_PLACEMENT_3D ( 'NONE', #1236, #1661, #211 ) ;
#1785 = CIRCLE ( 'NONE', #24, 0.03125000000000011102 ) ;
#1786 = DIRECTION ( 'NONE',  ( -0.9905638349724137370, 0.000000000000000000, -0.1370521391469132488 ) ) ;
#1787 = CIRCLE ( 'NONE', #1356, 0.01999999999999999001 ) ;
#1788 = EDGE_CURVE ( 'NONE', #1679, #262, #1829, .T. ) ;
#1789 = CARTESIAN_POINT ( 'NONE',  ( -1.609892400295722892, 0.3175213033672255047, -0.3301409330151950927 ) ) ;
#1790 = ORIENTED_EDGE ( 'NONE', *, *, #91, .F. ) ;
#1791 = CARTESIAN_POINT ( 'NONE',  ( -1.679864448140237609, 0.1265865767667748443, -0.3196315839002244474 ) ) ;
#1792 = CARTESIAN_POINT ( 'NONE',  ( -1.683179482342225919, 0.1875000000000000555, -4.822976775338964295 ) ) ;
#1793 = CARTESIAN_POINT ( 'NONE',  ( -1.581369792213673575, 0.2349999999999988209, -0.2188827857265982224 ) ) ;
#1794 = VERTEX_POINT ( 'NONE', #381 ) ;
#1795 = CARTESIAN_POINT ( 'NONE',  ( -1.076894517203993207, 0.3550000000000000377, 0.7329389643725630066 ) ) ;
#1796 = VERTEX_POINT ( 'NONE', #940 ) ;
#1797 = CARTESIAN_POINT ( 'NONE',  ( -1.531157438406657967, 0.000000000000000000, 0.0004359062120275039088 ) ) ;
#1798 = FACE_OUTER_BOUND ( 'NONE', #714, .T. ) ;
#1799 = CARTESIAN_POINT ( 'NONE',  ( -1.099446836686379880, 0.3550000000000000377, 0.7500091982890733089 ) ) ;
#1800 = CARTESIAN_POINT ( 'NONE',  ( -1.520891605060533225, 1.792775245842172737E-17, -0.3683032899402224336 ) ) ;
#1801 = CARTESIAN_POINT ( 'NONE',  ( -1.557246698324362022, 0.3644422857669937788, -0.3228569944972027317 ) ) ;
#1802 = VERTEX_POINT ( 'NONE', #1409 ) ;
#1803 = LINE ( 'NONE', #673, #716 ) ;
#1804 = DIRECTION ( 'NONE',  ( -0.5812381937190961301, 0.000000000000000000, -0.8137334712067352260 ) ) ;
#1805 = CARTESIAN_POINT ( 'NONE',  ( -1.597982358067740360, 0.3750000004312084578, 0.6810329675474405819 ) ) ;
#1806 = ADVANCED_FACE ( 'NONE', ( #1527 ), #1388, .T. ) ;
#1807 = CARTESIAN_POINT ( 'NONE',  ( 0.01183945070311135002, 0.3750000000000000555, -0.08557131443143151106 ) ) ;
#1808 = ADVANCED_FACE ( 'NONE', ( #804 ), #359, .T. ) ;
#1809 = CARTESIAN_POINT ( 'NONE',  ( -1.646046364535219464, 0.2349999999999988209, -0.3351431125443952719 ) ) ;
#1810 = EDGE_LOOP ( 'NONE', ( #786, #319, #1054, #6, #1408 ) ) ;
#1811 = VECTOR ( 'NONE', #89, 39.37007874015748854 ) ;
#1812 = CARTESIAN_POINT ( 'NONE',  ( 3.814284694378990537, 0.3750000000000000555, -1.716170482052909563 ) ) ;
#1813 = CIRCLE ( 'NONE', #1657, 0.07999999999999973799 ) ;
#1814 = AXIS2_PLACEMENT_3D ( 'NONE', #182, #460, #1463 ) ;
#1815 = CARTESIAN_POINT ( 'NONE',  ( -1.587760588558551067, 0.3551983757441695699, -0.3068883052404703382 ) ) ;
#1816 = ORIENTED_EDGE ( 'NONE', *, *, #1175, .T. ) ;
#1817 = CARTESIAN_POINT ( 'NONE',  ( -1.788596450535379745, 0.05717926299251138017, 0.6344695180283527192 ) ) ;
#1818 = DIRECTION ( 'NONE',  ( 0.000000000000000000, 0.000000000000000000, -1.000000000000000000 ) ) ;
#1819 = CARTESIAN_POINT ( 'NONE',  ( -1.662055308382325514, 0.3750000000000000555, 0.6519774600813510457 ) ) ;
#1820 = PRODUCT_DEFINITION_SHAPE ( 'NONE', 'NONE',  #1882 ) ;
#1821 = CARTESIAN_POINT ( 'NONE',  ( -1.582082073040234294, 0.000000000000000000, 0.6630423734075389097 ) ) ;
#1822 = ADVANCED_FACE ( 'NONE', ( #1225 ), #697, .T. ) ;
#1823 = ORIENTED_EDGE ( 'NONE', *, *, #802, .T. ) ;
#1824 = CIRCLE ( 'NONE', #1100, 0.03124999999999983694 ) ;
#1825 = CARTESIAN_POINT ( 'NONE',  ( -1.667030608280945181, 0.2762675519005027835, -0.3178559232672515944 ) ) ;
#1826 = CARTESIAN_POINT ( 'NONE',  ( 3.110882696689250437, 0.000000000000000000, -1.876586946750529616 ) ) ;
#1827 = ORIENTED_EDGE ( 'NONE', *, *, #1167, .T. ) ;
#1828 = CARTESIAN_POINT ( 'NONE',  ( -1.717807931857924020, 0.2349999999999988209, 0.7672432804826672115 ) ) ;
#1829 = LINE ( 'NONE', #837, #361 ) ;
#1830 = CARTESIAN_POINT ( 'NONE',  ( -1.695529917788745511, 0.3432725692683099017, 0.6675365110274413816 ) ) ;
#1831 = CARTESIAN_POINT ( 'NONE',  ( -0.9425834208400185599, 0.01999999999999999001, -0.2378135939004022148 ) ) ;
#1832 = SHAPE_DEFINITION_REPRESENTATION ( #1262, #870 ) ;
#1833 = CARTESIAN_POINT ( 'NONE',  ( -1.684811955397976124, 0.2178827629629868368, -0.3203161096511701889 ) ) ;
#1834 = ORIENTED_EDGE ( 'NONE', *, *, #1538, .T. ) ;
#1835 = PLANE ( 'NONE',  #911 ) ;
#1836 = EDGE_CURVE ( 'NONE', #1508, #1032, #1650, .T. ) ;
#1837 = CARTESIAN_POINT ( 'NONE',  ( -1.626865342825105420, 0.3317762204301565321, -0.3122987493065854103 ) ) ;
#1838 = ORIENTED_EDGE ( 'NONE', *, *, #762, .T. ) ;
#1839 = CARTESIAN_POINT ( 'NONE',  ( -1.801629066020040026, 0.1841955648700308867, 0.6528568763452716750 ) ) ;
#1840 = CARTESIAN_POINT ( 'NONE',  ( 3.924664593031358173, 0.3750000000000000555, -2.741972316216551686 ) ) ;
#1841 = LINE ( 'NONE', #1574, #1729 ) ;
#1842 = CARTESIAN_POINT ( 'NONE',  ( -1.538136430820142841, 0.02629216638894719266, -0.3202129417379214193 ) ) ;
#1843 = ORIENTED_EDGE ( 'NONE', *, *, #441, .T. ) ;
#1844 = CARTESIAN_POINT ( 'NONE',  ( -1.611472254570407880, 1.498557600127028039E-05, 0.6791665364221797230 ) ) ;
#1845 = DIRECTION ( 'NONE',  ( -0.1370521391469132488, 0.000000000000000000, 0.9905638349724136260 ) ) ;
#1846 = CARTESIAN_POINT ( 'NONE',  ( -1.662205130810485043, 0.2104970113369911688, -0.3373788023665064695 ) ) ;
#1847 = B_SPLINE_CURVE_WITH_KNOTS ( 'NONE', 3,
 ( #1605, #339, #20, #170, #483, #1766, #769, #610, #1622, #910, #1789, #313, #1468, #348, #1337, #1041, #929, #901, #1501, #40 ),
 .UNSPECIFIED., .F., .F.,
 ( 4, 2, 2, 2, 2, 2, 2, 2, 2, 4 ),
 ( 0.000000000000000000, 0.001004939933807873957, 0.002009879867615747915, 0.002512349834519689122, 0.003014819801423629896, 0.004019759735231512310, 0.005024699669039393857, 0.006029639602847275404, 0.007034579536655158685, 0.008039519470463040232 ),
 .UNSPECIFIED. ) ;
#1848 = EDGE_CURVE ( 'NONE', #323, #631, #968, .T. ) ;
#1849 = CARTESIAN_POINT ( 'NONE',  ( 0.7598833153848245647, 0.3750000000000000555, -1.322976775338963851 ) ) ;
#1850 = CARTESIAN_POINT ( 'NONE',  ( -1.816156366396387556, 0.2133175737398396443, 0.6306563913121745468 ) ) ;
#1851 = CARTESIAN_POINT ( 'NONE',  ( -1.582082073040234294, 0.000000000000000000, 0.6630423734075389097 ) ) ;
#1852 = DIRECTION ( 'NONE',  ( 0.000000000000000000, -1.000000000000000000, 0.000000000000000000 ) ) ;
#1853 = CARTESIAN_POINT ( 'NONE',  ( -1.636716230596716004, 0.02115948805421393603, 0.6756738378267890255 ) ) ;
#1854 = ORIENTED_EDGE ( 'NONE', *, *, #11, .F. ) ;
#1855 = CARTESIAN_POINT ( 'NONE',  ( 0.8337981956835771591, 0.1687104552493951526, -1.322976775338963851 ) ) ;
#1856 = CARTESIAN_POINT ( 'NONE',  ( -1.583512860804068056, 0.3728445380721963076, 0.6733835955377686089 ) ) ;
#1857 = CARTESIAN_POINT ( 'NONE',  ( -1.633294672445985585, 0.08357477394983212071, -0.3333788176884036614 ) ) ;
#1858 = EDGE_LOOP ( 'NONE', ( #1607, #224, #1823, #314 ) ) ;
#1859 = CARTESIAN_POINT ( 'NONE',  ( 25.70253820985723436, 35.32753776724816674, 55.06990890877307265 ) ) ;
#1860 = CARTESIAN_POINT ( 'NONE',  ( -1.677603672394422540, 0.3678343387254852104, 0.6498262241156809171 ) ) ;
#1861 = DIMENSIONAL_EXPONENTS ( 1.000000000000000000, 0.000000000000000000, 0.000000000000000000, 0.000000000000000000, 0.000000000000000000, 0.000000000000000000, 0.000000000000000000 ) ;
#1862 = AXIS2_PLACEMENT_3D ( 'NONE', #1793, #374, #1678 ) ;
#1863 = LINE ( 'NONE', #575, #1625 ) ;
#1864 = CARTESIAN_POINT ( 'NONE',  ( -1.096705793903441695, 0.01999999999999999001, 0.7301979215896248210 ) ) ;
#1865 = VERTEX_POINT ( 'NONE', #1399 ) ;
#1866 = CARTESIAN_POINT ( 'NONE',  ( -1.638772375267202763, 0.001244923900827104744, 0.6753893543683685552 ) ) ;
#1867 = CARTESIAN_POINT ( 'NONE',  ( -1.501720236119816976, 0.001244923900739371972, -0.3151744806039212254 ) ) ;
#1868 =( NAMED_UNIT ( * ) PLANE_ANGLE_UNIT ( ) SI_UNIT ( $, .RADIAN. ) );
#1869 = CARTESIAN_POINT ( 'NONE',  ( -1.783247308597319281, 0.2680882274016942457, 0.6554001341214190646 ) ) ;
#1870 = LINE ( 'NONE', #1153, #1389 ) ;
#1871 = ADVANCED_FACE ( 'NONE', ( #1537 ), #796, .T. ) ;
#1872 = DIMENSIONAL_EXPONENTS ( 1.000000000000000000, 0.000000000000000000, 0.000000000000000000, 0.000000000000000000, 0.000000000000000000, 0.000000000000000000, 0.000000000000000000 ) ;
#1873 = VERTEX_POINT ( 'NONE', #77 ) ;
#1874 = CARTESIAN_POINT ( 'NONE',  ( -1.611139157313377090, 0.02001988483782506101, 0.6792126229942253568 ) ) ;
#1875 = CARTESIAN_POINT ( 'NONE',  ( -1.661141544809948023, 0.09196505589910053402, -0.3372316470480519190 ) ) ;
#1876 = DIRECTION ( 'NONE',  ( 0.000000000000000000, 0.000000000000000000, 1.000000000000000000 ) ) ;
#1877 = AXIS2_PLACEMENT_3D ( 'NONE', #687, #1393, #952 ) ;
#1878 = AXIS2_PLACEMENT_3D ( 'NONE', #370, #1686, #1516 ) ;
#1879 = DIRECTION ( 'NONE',  ( 0.1370521391469138039, -0.000000000000000000, -0.9905638349724135150 ) ) ;
#1880 = AXIS2_PLACEMENT_3D ( 'NONE', #1139, #271, #1158 ) ;
#1881 = NEXT_ASSEMBLY_USAGE_OCCURRENCE ( 'NAUO1', ' ', ' ', #1727, #1050, $ ) ;
#1882 = NEXT_ASSEMBLY_USAGE_OCCURRENCE ( 'NAUO2', ' ', ' ', #1727, #1320, $ ) ;
ENDSEC;
END-ISO-10303-21;
