ISO-10303-21;
HEADER;
FILE_DESCRIPTION (( 'STEP AP214' ),
    '1' );
FILE_NAME ('newshell_supersonic_trapezoid_assem_partified_cfd.STEP',
    '2025-10-08T18:02:12',
    ( '' ),
    ( '' ),
    'SwSTEP 2.0',
    'SolidWorks 2025',
    '' );
FILE_SCHEMA (( 'AUTOMOTIVE_DESIGN' ));
ENDSEC;

DATA;
#1 = PRESENTATION_LAYER_ASSIGNMENT (  '', '', ( #382 ) ) ;
#2 = DIRECTION ( 'NONE',  ( -1.000000000000000000, 0.000000000000000000, -2.636779683484744811E-16 ) ) ;
#3 = LINE ( 'NONE', #880, #407 ) ;
#4 = CARTESIAN_POINT ( 'NONE',  ( 119.7415670010119442, 9.464361290272613303, 55.52723780212635063 ) ) ;
#5 = B_SPLINE_CURVE_WITH_KNOTS ( 'NONE', 3,
 ( #375, #733, #292, #1100 ),
 .UNSPECIFIED., .F., .F.,
 ( 4, 4 ),
 ( 0.09876955160249757670, 1.000000000000000000 ),
 .UNSPECIFIED. ) ;
#6 = CARTESIAN_POINT ( 'NONE',  ( 0.000000000000000000, 0.000000000000000000, 0.000000000000000000 ) ) ;
#7 = CARTESIAN_POINT ( 'NONE',  ( 81.66804284266204661, 17.05521837690644205, 36.07230423220484994 ) ) ;
#8 = CARTESIAN_POINT ( 'NONE',  ( 83.65692844725455757, 24.98067272540408723, 36.56488305859014076 ) ) ;
#9 = VERTEX_POINT ( 'NONE', #38 ) ;
#10 = FILL_AREA_STYLE_COLOUR ( '', #141 ) ;
#11 = CARTESIAN_POINT ( 'NONE',  ( 133.6160953318518239, 19.80699881692795117, 31.47024557508979470 ) ) ;
#12 = CARTESIAN_POINT ( 'NONE',  ( 125.0225504913372561, 9.559073524309004810, 55.10210676238659033 ) ) ;
#13 = CARTESIAN_POINT ( 'NONE',  ( 95.06574380522066292, 10.21026945490979365, 24.79412658352429943 ) ) ;
#14 = ORIENTED_EDGE ( 'NONE', *, *, #699, .T. ) ;
#15 = CARTESIAN_POINT ( 'NONE',  ( 156.2938405260239847, 17.05521837690644205, 49.07540827180192622 ) ) ;
#16 = SURFACE_SIDE_STYLE ('',( #726 ) ) ;
#17 = CARTESIAN_POINT ( 'NONE',  ( 118.9809416843430228, 17.02188504357438603, 50.80378545631124609 ) ) ;
#18 = CARTESIAN_POINT ( 'NONE',  ( 130.3039532164974617, 20.18678812422340840, 45.47062940185639945 ) ) ;
#19 = EDGE_CURVE ( 'NONE', #960, #1091, #420, .T. ) ;
#20 = VECTOR ( 'NONE', #69, 1000.000000000000114 ) ;
#21 = FACE_BOUND ( 'NONE', #599, .T. ) ;
#22 = CARTESIAN_POINT ( 'NONE',  ( 102.4812400417265508, 9.921787647236111951, 23.25063439284045685 ) ) ;
#23 = AXIS2_PLACEMENT_3D ( 'NONE', #252, #424, #506 ) ;
#24 = CARTESIAN_POINT ( 'NONE',  ( 800.0000000000000000, 499.9999999999999432, 376.6075714273720223 ) ) ;
#25 = CARTESIAN_POINT ( 'NONE',  ( 34.57431805257817103, 9.269870705684279955, 38.28503005400631309 ) ) ;
#26 = CARTESIAN_POINT ( 'NONE',  ( 118.9809416843430228, 26.94131153746875995, 44.60414389762713938 ) ) ;
#27 =( GEOMETRIC_REPRESENTATION_CONTEXT ( 3 ) GLOBAL_UNCERTAINTY_ASSIGNED_CONTEXT ( ( #78 ) ) GLOBAL_UNIT_ASSIGNED_CONTEXT ( ( #1088, #480, #138 ) ) REPRESENTATION_CONTEXT ( 'NONE', 'WORKASPACE' ) );
#28 = DIRECTION ( 'NONE',  ( 1.445244750609761746E-16, 1.000000000000000000, 7.407222972072502922E-33 ) ) ;
#29 = CARTESIAN_POINT ( 'NONE',  ( 118.9809416843430228, 21.02188504357430787, 54.39417625693180014 ) ) ;
#30 = ORIENTED_EDGE ( 'NONE', *, *, #666, .T. ) ;
#31 = SURFACE_SIDE_STYLE ('',( #820 ) ) ;
#32 = FACE_OUTER_BOUND ( 'NONE', #477, .T. ) ;
#33 =( LENGTH_UNIT ( ) NAMED_UNIT ( * ) SI_UNIT ( .MILLI., .METRE. ) );
#34 = EDGE_LOOP ( 'NONE', ( #447, #742, #973, #432 ) ) ;
#35 = CARTESIAN_POINT ( 'NONE',  ( 157.6378123515650884, 11.69966282137445290, 28.26067781177878047 ) ) ;
#36 = ADVANCED_FACE ( 'NONE', ( #1084 ), #1003, .T. ) ;
#37 = APPLICATION_CONTEXT ( 'automotive_design' ) ;
#38 = CARTESIAN_POINT ( 'NONE',  ( 126.9747635175433089, 20.43128139186178771, 45.80378558499862152 ) ) ;
#39 = CARTESIAN_POINT ( 'NONE',  ( 203.3875653161078674, 9.269870705922114595, 38.32254111615500847 ) ) ;
#40 = DIRECTION ( 'NONE',  ( 1.000000000000000000, -1.445244750609761746E-16, 0.000000000000000000 ) ) ;
#41 = ORIENTED_EDGE ( 'NONE', *, *, #329, .T. ) ;
#42 = CARTESIAN_POINT ( 'NONE',  ( 109.1315981404876254, 17.02188504358566945, 50.80378545631125320 ) ) ;
#43 = CARTESIAN_POINT ( 'NONE',  ( 118.9809416843430228, 21.02188504357430787, 28.30378571368600404 ) ) ;
#44 = FACE_OUTER_BOUND ( 'NONE', #350, .T. ) ;
#45 = EDGE_LOOP ( 'NONE', ( #568, #898, #787, #682 ) ) ;
#46 = CARTESIAN_POINT ( 'NONE',  ( 118.9809416843430228, 38.78016449671735444, 37.20486079809661817 ) ) ;
#47 = FILL_AREA_STYLE_COLOUR ( '', #511 ) ;
#48 = SURFACE_STYLE_FILL_AREA ( #839 ) ;
#49 = CARTESIAN_POINT ( 'NONE',  ( 203.3875653161078958, 8.942157646380096025, 38.51110473853805871 ) ) ;
#50 =( NAMED_UNIT ( * ) SI_UNIT ( $, .STERADIAN. ) SOLID_ANGLE_UNIT ( ) );
#51 =( NAMED_UNIT ( * ) SI_UNIT ( $, .STERADIAN. ) SOLID_ANGLE_UNIT ( ) );
#52 = DIRECTION ( 'NONE',  ( -2.636779683484744811E-16, 4.727459956358172526E-33, 1.000000000000000000 ) ) ;
#53 = CARTESIAN_POINT ( 'NONE',  ( 47.97376095729514844, 11.35651082852364269, 40.24930694376902807 ) ) ;
#54 = VECTOR ( 'NONE', #28, 1000.000000000000000 ) ;
#55 = CARTESIAN_POINT ( 'NONE',  ( 112.9392241316862595, 9.559071461540447956, 55.10211704402372845 ) ) ;
#56 =( NAMED_UNIT ( * ) PLANE_ANGLE_UNIT ( ) SI_UNIT ( $, .RADIAN. ) );
#57 = PRESENTATION_STYLE_ASSIGNMENT (( #328 ) ) ;
#58 = AXIS2_PLACEMENT_3D ( 'NONE', #308, #412, #239 ) ;
#59 = STYLED_ITEM ( 'NONE', ( #57 ), #838 ) ;
#60 = CARTESIAN_POINT ( 'NONE',  ( 126.9747635175433089, 20.43128139186178771, 30.80378558499862862 ) ) ;
#61 =( NAMED_UNIT ( * ) SI_UNIT ( $, .STERADIAN. ) SOLID_ANGLE_UNIT ( ) );
#62 = CARTESIAN_POINT ( 'NONE',  ( 118.9809416843430370, 9.464361290272996996, 55.52723780212470928 ) ) ;
#63 = DIRECTION ( 'NONE',  ( 0.1357469278298366333, 0.9907435448110479825, 0.000000000000000000 ) ) ;
#64 = AXIS2_PLACEMENT_3D ( 'NONE', #589, #583, #150 ) ;
#65 = FACE_OUTER_BOUND ( 'NONE', #772, .T. ) ;
#66 = CARTESIAN_POINT ( 'NONE',  ( 160.5977462818849517, 10.83223263064498987, 28.94002177644944851 ) ) ;
#67 = UNCERTAINTY_MEASURE_WITH_UNIT (LENGTH_MEASURE( 1.000000000000000082E-05 ), #943, 'distance_accuracy_value', 'NONE');
#68 = CARTESIAN_POINT ( 'NONE',  ( 800.0000000000001137, 1.380666549982756397, 2.359223927328457648E-13 ) ) ;
#69 = DIRECTION ( 'NONE',  ( -0.9858266747532454799, 0.1350732418811559921, -0.09950370180387027585 ) ) ;
#70 = ORIENTED_EDGE ( 'NONE', *, *, #1058, .T. ) ;
#71 = PRESENTATION_STYLE_ASSIGNMENT (( #528 ) ) ;
#72 = ADVANCED_FACE ( 'NONE', ( #578 ), #129, .T. ) ;
#73 = CARTESIAN_POINT ( 'NONE',  ( 1.665334536937734811E-13, 500.0000000000000000, -300.0000000000000000 ) ) ;
#74 = SURFACE_STYLE_USAGE ( .BOTH. , #79 ) ;
#75 = CARTESIAN_POINT ( 'NONE',  ( 34.57431805257817103, 9.055218376908085176, 38.17446200795929911 ) ) ;
#76 = VERTEX_POINT ( 'NONE', #404 ) ;
#77 = SURFACE_STYLE_USAGE ( .BOTH. , #866 ) ;
#78 = UNCERTAINTY_MEASURE_WITH_UNIT (LENGTH_MEASURE( 1.000000000000000082E-05 ), #1088, 'distance_accuracy_value', 'NONE');
#79 = SURFACE_SIDE_STYLE ('',( #601 ) ) ;
#80 =( NAMED_UNIT ( * ) SI_UNIT ( $, .STERADIAN. ) SOLID_ANGLE_UNIT ( ) );
#81 = ORIENTED_EDGE ( 'NONE', *, *, #1029, .F. ) ;
#82 = STYLED_ITEM ( 'NONE', ( #739 ), #1012 ) ;
#83 =( NAMED_UNIT ( * ) PLANE_ANGLE_UNIT ( ) SI_UNIT ( $, .RADIAN. ) );
#84 = CARTESIAN_POINT ( 'NONE',  ( 203.3875653161078958, 9.121885043574751606, 38.42095455003789795 ) ) ;
#85 = B_SPLINE_CURVE_WITH_KNOTS ( 'NONE', 3,
 ( #186, #4, #805, #368, #632, #12, #986, #1064, #714, #199, #555, #904, #111, #545, #888, #99, #452, #799, #274, #358 ),
 .UNSPECIFIED., .F., .F.,
 ( 4, 2, 2, 2, 2, 2, 2, 2, 2, 4 ),
 ( 1.387778780781445676E-17, 0.002270634556718944055, 0.004541269113437874233, 0.009082538226875734588, 0.01362380734031359668, 0.01816507645375145530, 0.02724761468062717948, 0.03633015290750289672, 0.05449522936125442141, 0.07266030581500594610 ),
 .UNSPECIFIED. ) ;
#86 = FILL_AREA_STYLE ('',( #10 ) ) ;
#87 = DIRECTION ( 'NONE',  ( -0.000000000000000000, 0.8479983040050829146, 0.5299989400031880349 ) ) ;
#88 = ADVANCED_FACE ( 'NONE', ( #479 ), #135, .T. ) ;
#89 = CARTESIAN_POINT ( 'NONE',  ( 107.7876263149462943, 9.021885043608390831, 20.80378571368600404 ) ) ;
#90 = VERTEX_POINT ( 'NONE', #431 ) ;
#91 = CARTESIAN_POINT ( 'NONE',  ( 126.9875273681563215, 20.52443784706810348, 45.80378558499862152 ) ) ;
#92 = CARTESIAN_POINT ( 'NONE',  ( 163.2413782151380133, -9.544244841109728483, 34.80378488595742681 ) ) ;
#93 = ORIENTED_EDGE ( 'NONE', *, *, #381, .T. ) ;
#94 = CARTESIAN_POINT ( 'NONE',  ( 130.7100139315065519, 5.832789155831233252, 18.81060078381961986 ) ) ;
#95 = PLANE ( 'NONE',  #817 ) ;
#96 = CARTESIAN_POINT ( 'NONE',  ( 118.9809416843430228, 21.02188504357430787, 22.21339517043575285 ) ) ;
#97 = VECTOR ( 'NONE', #1131, 1000.000000000000000 ) ;
#98 = PRESENTATION_LAYER_ASSIGNMENT (  '', '', ( #548 ) ) ;
#99 = CARTESIAN_POINT ( 'NONE',  ( 160.5965232414392290, 10.83219657076449494, 47.66785115335232348 ) ) ;
#100 = CARTESIAN_POINT ( 'NONE',  ( 115.1974029169097520, 9.507375058806486479, 21.27217924936502058 ) ) ;
#101 = VERTEX_POINT ( 'NONE', #331 ) ;
#102 = PRODUCT_DEFINITION ( 'UNKNOWN', '', #144, #234 ) ;
#103 = LINE ( 'NONE', #577, #222 ) ;
#104 = CARTESIAN_POINT ( 'NONE',  ( -400.0000000000004547, 1.380666549982934699, -300.0000000000000568 ) ) ;
#105 = CARTESIAN_POINT ( 'NONE',  ( 118.9809416843430228, 26.94131152795532103, 32.00342726642421809 ) ) ;
#106 = VERTEX_POINT ( 'NONE', #939 ) ;
#107 = B_SPLINE_SURFACE_WITH_KNOTS ( 'NONE', 3, 3, ( 
 ( #635, #197, #842, #49 ),
 ( #299, #816, #114, #282 ),
 ( #720, #915, #659, #554 ),
 ( #639, #469, #403, #563 ),
 ( #758, #1021, #908, #1107 ),
 ( #17, #295, #475, #994 ),
 ( #999, #740, #901, #119 ),
 ( #26, #189, #376, #926 ),
 ( #211, #384, #109, #549 ),
 ( #387, #895, #464, #231 ) ),
 .UNSPECIFIED., .F., .F., .F.,
 ( 4, 3, 3, 4 ),
 ( 4, 4 ),
 ( -0.7972739719465543606, 0.000000000000000000, 1.000000000000000000, 2.479856623473643218 ),
 ( 0.000000000000000000, 1.000000000000000000 ),
 .UNSPECIFIED. ) ;
#108 = FILL_AREA_STYLE_COLOUR ( '', #852 ) ;
#109 = CARTESIAN_POINT ( 'NONE',  ( 154.3049549182350404, 24.98067273814152145, 40.04268810344279217 ) ) ;
#110 = CARTESIAN_POINT ( 'NONE',  ( 48.12024239727675479, 11.38066766951830999, 37.65166052589231072 ) ) ;
#111 = CARTESIAN_POINT ( 'NONE',  ( 142.8961395495511510, 10.21026950522779231, 51.81344455621906775 ) ) ;
#112 = CARTESIAN_POINT ( 'NONE',  ( 118.9809416843430228, 38.78016449671735444, 39.40271037190063907 ) ) ;
#113 = CARTESIAN_POINT ( 'NONE',  ( 34.57431805257817103, 9.220542151647768137, 38.31905963255252345 ) ) ;
#114 = CARTESIAN_POINT ( 'NONE',  ( 159.3813120198691138, 4.752039993869033196, 52.69102730239477950 ) ) ;
#115 = CARTESIAN_POINT ( 'NONE',  ( 189.8910418728369507, 11.37252288947675538, 39.60459421488899068 ) ) ;
#116 = CARTESIAN_POINT ( 'NONE',  ( 109.8035840532583052, 21.02188504357430787, 48.30378571368601825 ) ) ;
#117 = ORIENTED_EDGE ( 'NONE', *, *, #598, .T. ) ;
#118 = LINE ( 'NONE', #383, #288 ) ;
#119 = CARTESIAN_POINT ( 'NONE',  ( 203.3875653161078674, 9.121885043574751606, 38.38711878964495128 ) ) ;
#120 = AXIS2_PLACEMENT_3D ( 'NONE', #6, #611, #976 ) ;
#121 = FILL_AREA_STYLE ('',( #565 ) ) ;
#122 = VERTEX_POINT ( 'NONE', #602 ) ;
#123 =( NAMED_UNIT ( * ) SI_UNIT ( $, .STERADIAN. ) SOLID_ANGLE_UNIT ( ) );
#124 = FILL_AREA_STYLE_COLOUR ( '', #579 ) ;
#125 = CARTESIAN_POINT ( 'NONE',  ( 189.8416408860188369, 11.38066768359852432, 38.95581944659745233 ) ) ;
#126 = CARTESIAN_POINT ( 'NONE',  ( 34.57431805257817103, 9.121885043574751606, 38.33156349146391051 ) ) ;
#127 = ORIENTED_EDGE ( 'NONE', *, *, #522, .T. ) ;
#128 = CARTESIAN_POINT ( 'NONE',  ( 799.9999999999998863, 1.380666549982307645, 376.6075714273720791 ) ) ;
#129 = PLANE ( 'NONE',  #410 ) ;
#130 = ORIENTED_EDGE ( 'NONE', *, *, #342, .T. ) ;
#131 = CARTESIAN_POINT ( 'NONE',  ( 78.58057134883603112, 4.752039993945123442, 52.69102730234720156 ) ) ;
#132 = DIRECTION ( 'NONE',  ( -1.445244750609761992E-16, -1.000000000000000000, -4.150045189682317637E-32 ) ) ;
#133 = CARTESIAN_POINT ( 'NONE',  ( -400.0000000000001137, 1.765995118925047005E-14, 376.6075714273717381 ) ) ;
#134 = CARTESIAN_POINT ( 'NONE',  ( 155.2993977221295268, 21.01794555752397997, 34.08711216789850340 ) ) ;
#135 = PLANE ( 'NONE',  #591 ) ;
#136 = ORIENTED_EDGE ( 'NONE', *, *, #956, .F. ) ;
#137 = COLOUR_RGB ( '',1.000000000000000000, 1.000000000000000000, 1.000000000000000000 ) ;
#138 =( NAMED_UNIT ( * ) SI_UNIT ( $, .STERADIAN. ) SOLID_ANGLE_UNIT ( ) );
#139 = EDGE_CURVE ( 'NONE', #76, #536, #953, .T. ) ;
#140 = DIRECTION ( 'NONE',  ( 0.000000000000000000, 0.000000000000000000, 1.000000000000000000 ) ) ;
#141 = COLOUR_RGB ( '',1.000000000000000000, 1.000000000000000000, 1.000000000000000000 ) ;
#142 = CARTESIAN_POINT ( 'NONE',  ( 800.0000000000000000, 1.380666549982307645, 2.713059809639085331E-13 ) ) ;
#143 = CARTESIAN_POINT ( 'NONE',  ( 156.2938405260239847, 17.05521837690644205, 36.07230423220484994 ) ) ;
#144 = PRODUCT_DEFINITION_FORMATION_WITH_SPECIFIED_SOURCE ( 'ANY', '', #1069, .NOT_KNOWN. ) ;
#145 = CARTESIAN_POINT ( 'NONE',  ( 160.0317675705683200, 16.13941193538718011, 34.13714714942829431 ) ) ;
#146 = SURFACE_SIDE_STYLE ('',( #935 ) ) ;
#147 = EDGE_CURVE ( 'NONE', #593, #395, #885, .T. ) ;
#148 = CARTESIAN_POINT ( 'NONE',  ( 203.3875653161078674, 9.121885043574751606, 38.27600793590810468 ) ) ;
#149 = SURFACE_STYLE_FILL_AREA ( #743 ) ;
#150 = DIRECTION ( 'NONE',  ( 0.000000000000000000, 0.000000000000000000, 1.000000000000000000 ) ) ;
#151 = MECHANICAL_DESIGN_GEOMETRIC_PRESENTATION_REPRESENTATION (  '', ( #210 ), #627 ) ;
#152 = CARTESIAN_POINT ( 'NONE',  ( 156.2938405260240131, 17.05521837690644205, 30.25028189801746947 ) ) ;
#153 = CARTESIAN_POINT ( 'NONE',  ( 800.0000000000002274, 499.9999999999999432, -299.9999999999999432 ) ) ;
#154 =( NAMED_UNIT ( * ) PLANE_ANGLE_UNIT ( ) SI_UNIT ( $, .RADIAN. ) );
#155 = CARTESIAN_POINT ( 'NONE',  ( 126.9747635175433089, 20.43128139186178771, 30.80378558499862862 ) ) ;
#156 = VECTOR ( 'NONE', #52, 1000.000000000000000 ) ;
#157 = CARTESIAN_POINT ( 'NONE',  ( 118.9809416843430085, 9.464361222779098526, 21.08033332568885498 ) ) ;
#158 = CARTESIAN_POINT ( 'NONE',  ( 128.1582993154277119, 21.02188504357430787, 34.97045238035267545 ) ) ;
#159 = PRESENTATION_LAYER_ASSIGNMENT (  '', '', ( #1130 ) ) ;
#160 = CARTESIAN_POINT ( 'NONE',  ( 118.9809416843430228, 9.021885043574553009, 20.80378571368600404 ) ) ;
#161 = EDGE_CURVE ( 'NONE', #1142, #892, #1123, .T. ) ;
#162 = ORIENTED_EDGE ( 'NONE', *, *, #569, .F. ) ;
#163 = PRODUCT_DEFINITION_SHAPE ( 'NONE', 'NONE',  #102 ) ;
#164 = VECTOR ( 'NONE', #87, 1000.000000000000000 ) ;
#165 = CARTESIAN_POINT ( 'NONE',  ( 184.1123501044670547, 11.31933323821699489, 34.86133896842422786 ) ) ;
#166 = CARTESIAN_POINT ( 'NONE',  ( 107.2518694371890149, 5.832789155888064236, 18.81060078385513634 ) ) ;
#167 = ORIENTED_EDGE ( 'NONE', *, *, #679, .F. ) ;
#168 = FILL_AREA_STYLE ('',( #324 ) ) ;
#169 = CARTESIAN_POINT ( 'NONE',  ( 89.15443338084330094, 10.43223899628105933, 50.47730844380924253 ) ) ;
#170 = SURFACE_STYLE_USAGE ( .BOTH. , #1127 ) ;
#171 = VERTEX_POINT ( 'NONE', #674 ) ;
#172 = B_SPLINE_CURVE_WITH_KNOTS ( 'NONE', 3,
 ( #91, #622, #18, #804, #631, #290, #887, #367, #995, #984 ),
 .UNSPECIFIED., .F., .F.,
 ( 4, 2, 2, 2, 4 ),
 ( 0.003652873890752477044, 0.008677954438710003965, 0.01370303498666753175, 0.02375319608258266366, 0.04385351827441294481 ),
 .UNSPECIFIED. ) ;
#173 = MECHANICAL_DESIGN_GEOMETRIC_PRESENTATION_REPRESENTATION (  '', ( #1124 ), #190 ) ;
#174 = ADVANCED_FACE ( 'NONE', ( #766 ), #902, .T. ) ;
#175 = VECTOR ( 'NONE', #996, 1000.000000000000000 ) ;
#176 = FILL_AREA_STYLE ('',( #957 ) ) ;
#177 = DIRECTION ( 'NONE',  ( 3.391324762048856841E-16, 4.471856845213226073E-33, -1.000000000000000000 ) ) ;
#178 = CARTESIAN_POINT ( 'NONE',  ( 106.7161125594317639, 2.643693268167737198, 16.81741585402426864 ) ) ;
#179 = EDGE_LOOP ( 'NONE', ( #267, #1040, #737 ) ) ;
#180 = PRESENTATION_LAYER_ASSIGNMENT (  '', '', ( #610 ) ) ;
#181 = CARTESIAN_POINT ( 'NONE',  ( 86.30765285249539431, 26.00329381163393094, 38.30378571368600404 ) ) ;
#182 = AXIS2_PLACEMENT_3D ( 'NONE', #512, #930, #689 ) ;
#183 = EDGE_LOOP ( 'NONE', ( #127, #946, #442, #551 ) ) ;
#184 = ADVANCED_BREP_SHAPE_REPRESENTATION ( 'newshell_supersonic_trapezoid_assem_partified_cfd', ( #558, #120 ), #495 ) ;
#185 = B_SPLINE_CURVE_WITH_KNOTS ( 'NONE', 3,
 ( #1121, #165, #508, #242, #66, #686, #853, #1042, #408, #950, #587, #335, #928, #500, #524, #246, #435, #761, #1111, #157 ),
 .UNSPECIFIED., .F., .F.,
 ( 4, 2, 2, 2, 2, 2, 2, 2, 2, 4 ),
 ( 2.860979249076398407E-17, 0.01819051779996299842, 0.03638103559992596908, 0.04547629449990749084, 0.05457155339988901954, 0.05911918284987974226, 0.06366681229987045110, 0.06821444174986117381, 0.07048825647485651436, 0.07276207119985184102 ),
 .UNSPECIFIED. ) ;
#186 = CARTESIAN_POINT ( 'NONE',  ( 118.9809416843430370, 9.464361290272996996, 55.52723780212470928 ) ) ;
#187 = CARTESIAN_POINT ( 'NONE',  ( 34.57431805257817103, 9.121885043574751606, 38.22045238035229886 ) ) ;
#188 = EDGE_LOOP ( 'NONE', ( #306, #230, #251, #355 ) ) ;
#189 = CARTESIAN_POINT ( 'NONE',  ( 127.1638565115330834, 26.94131153745207286, 44.60414389762715359 ) ) ;
#190 =( GEOMETRIC_REPRESENTATION_CONTEXT ( 3 ) GLOBAL_UNCERTAINTY_ASSIGNED_CONTEXT ( ( #428 ) ) GLOBAL_UNIT_ASSIGNED_CONTEXT ( ( #1145, #451, #353 ) ) REPRESENTATION_CONTEXT ( 'NONE', 'WORKASPACE' ) );
#191 = CARTESIAN_POINT ( 'NONE',  ( 87.04096731170051271, 17.80009363855640458, 45.61895928546300638 ) ) ;
#192 = SURFACE_STYLE_USAGE ( .BOTH. , #476 ) ;
#193 = CARTESIAN_POINT ( 'NONE',  ( 53.84972097247921852, 11.31933205053661062, 34.86129114743658164 ) ) ;
#194 = ORIENTED_EDGE ( 'NONE', *, *, #1015, .F. ) ;
#195 = MECHANICAL_DESIGN_GEOMETRIC_PRESENTATION_REPRESENTATION (  '', ( #610 ), #763 ) ;
#196 = SURFACE_SIDE_STYLE ('',( #711 ) ) ;
#197 = CARTESIAN_POINT ( 'NONE',  ( 131.7815276870401533, -0.5454026197230874562, 61.78334024591039508 ) ) ;
#198 = CARTESIAN_POINT ( 'NONE',  ( 799.9999999999998863, -5.919557368284088821E-14, 376.6075714273720791 ) ) ;
#199 = CARTESIAN_POINT ( 'NONE',  ( 133.9934901603935771, 9.864714562368380513, 53.64508665127940645 ) ) ;
#200 = CARTESIAN_POINT ( 'NONE',  ( 34.57431805257813551, 9.121885043574751606, 38.43787230154698875 ) ) ;
#201 = CARTESIAN_POINT ( 'NONE',  ( 34.57431805257817103, 9.220542151647768137, 38.28851153744472668 ) ) ;
#202 = CARTESIAN_POINT ( 'NONE',  ( 166.6198510575256364, 15.11340460574046851, 39.47045248467902212 ) ) ;
#203 = CARTESIAN_POINT ( 'NONE',  ( 800.0000000000000000, -66.97833345001718897, 38.30378571368574114 ) ) ;
#204 = DIRECTION ( 'NONE',  ( -0.000000000000000000, 0.8479983040050829146, -0.5299989400031880349 ) ) ;
#205 = CARTESIAN_POINT ( 'NONE',  ( 135.2707515599988994, 19.60558196907874517, 31.63691371548551245 ) ) ;
#206 = CARTESIAN_POINT ( 'NONE',  ( 48.07084086769068421, 11.37252278587092391, 39.60459838649517650 ) ) ;
#207 = CARTESIAN_POINT ( 'NONE',  ( 81.66804284266204661, 17.05521837690644205, 46.35728952935355807 ) ) ;
#208 = CARTESIAN_POINT ( 'NONE',  ( 89.15573001490567151, 10.43219138077163244, 26.12996323882256888 ) ) ;
#209 = FILL_AREA_STYLE ('',( #124 ) ) ;
#210 = STYLED_ITEM ( 'NONE', ( #917 ), #501 ) ;
#211 = CARTESIAN_POINT ( 'NONE',  ( 118.9809416843430228, 32.86073803136321914, 40.90450233894302556 ) ) ;
#212 = EDGE_CURVE ( 'NONE', #940, #122, #309, .T. ) ;
#213 = FILL_AREA_STYLE_COLOUR ( '', #1144 ) ;
#214 = MECHANICAL_DESIGN_GEOMETRIC_PRESENTATION_REPRESENTATION (  '', ( #510 ), #487 ) ;
#215 = PRESENTATION_LAYER_ASSIGNMENT (  '', '', ( #893 ) ) ;
#216 = LINE ( 'NONE', #636, #175 ) ;
#217 = CARTESIAN_POINT ( 'NONE',  ( 126.9875273681563215, 20.52443784706810348, 45.80378558499862152 ) ) ;
#218 = CARTESIAN_POINT ( 'NONE',  ( 203.3875653161078674, 9.220542151806327524, 38.28851153755410763 ) ) ;
#219 = SURFACE_SIDE_STYLE ('',( #651 ) ) ;
#220 =( LENGTH_UNIT ( ) NAMED_UNIT ( * ) SI_UNIT ( .MILLI., .METRE. ) );
#221 = AXIS2_PLACEMENT_3D ( 'NONE', #543, #352, #967 ) ;
#222 = VECTOR ( 'NONE', #811, 1000.000000000000114 ) ;
#223 = CARTESIAN_POINT ( 'NONE',  ( 81.66804284266204661, 17.05521837690644205, 44.99823015812945926 ) ) ;
#224 = ORIENTED_EDGE ( 'NONE', *, *, #552, .F. ) ;
#225 = CARTESIAN_POINT ( 'NONE',  ( 129.5022711409690714, 13.02188504359702925, 23.30378571368600404 ) ) ;
#226 =( LENGTH_UNIT ( ) NAMED_UNIT ( * ) SI_UNIT ( .MILLI., .METRE. ) );
#227 = CARTESIAN_POINT ( 'NONE',  ( 118.9809416843430228, 17.02188504357438603, 50.80378545631124609 ) ) ;
#228 = CARTESIAN_POINT ( 'NONE',  ( 128.1582993154277119, 21.02188504357430787, 48.30378571368601825 ) ) ;
#229 = EDGE_CURVE ( 'NONE', #76, #423, #380, .T. ) ;
#230 = ORIENTED_EDGE ( 'NONE', *, *, #645, .F. ) ;
#231 = CARTESIAN_POINT ( 'NONE',  ( 203.3875653161078674, 9.269870705922114595, 38.28503005384224167 ) ) ;
#232 = COLOUR_RGB ( '',1.000000000000000000, 1.000000000000000000, 1.000000000000000000 ) ;
#233 = EDGE_CURVE ( 'NONE', #106, #76, #1148, .T. ) ;
#234 = PRODUCT_DEFINITION_CONTEXT ( 'detailed design', #37, 'design' ) ;
#235 = FACE_OUTER_BOUND ( 'NONE', #753, .T. ) ;
#236 = AXIS2_PLACEMENT_3D ( 'NONE', #181, #537, #877 ) ;
#237 = CARTESIAN_POINT ( 'NONE',  ( 118.9809416843430228, 9.021885043574553009, 20.80378571368600404 ) ) ;
#238 = CARTESIAN_POINT ( 'NONE',  ( 115.9531235787312085, 9.492638468807232499, 55.40132163940228338 ) ) ;
#239 = DIRECTION ( 'NONE',  ( -0.1357469278298366333, -0.9907435448110479825, 0.000000000000000000 ) ) ;
#240 = ORIENTED_EDGE ( 'NONE', *, *, #699, .F. ) ;
#241 = SURFACE_STYLE_FILL_AREA ( #692 ) ;
#242 = CARTESIAN_POINT ( 'NONE',  ( 166.4793343195202908, 10.99566978941973083, 30.40488156483024795 ) ) ;
#243 = CARTESIAN_POINT ( 'NONE',  ( 156.2938405260239847, 17.05521837690644205, 46.35728952935362202 ) ) ;
#244 = DIRECTION ( 'NONE',  ( 0.1357469278298366333, 0.9907435448110479825, -1.735990701098221031E-18 ) ) ;
#245 = FILL_AREA_STYLE_COLOUR ( '', #326 ) ;
#246 = CARTESIAN_POINT ( 'NONE',  ( 122.7629575985575343, 9.507342471625737090, 21.27203268942799852 ) ) ;
#247 = COLOUR_RGB ( '',1.000000000000000000, 1.000000000000000000, 1.000000000000000000 ) ;
#248 = ADVANCED_FACE ( 'NONE', ( #461 ), #459, .F. ) ;
#249 =( GEOMETRIC_REPRESENTATION_CONTEXT ( 3 ) GLOBAL_UNCERTAINTY_ASSIGNED_CONTEXT ( ( #673 ) ) GLOBAL_UNIT_ASSIGNED_CONTEXT ( ( #409, #649, #769 ) ) REPRESENTATION_CONTEXT ( 'NONE', 'WORKASPACE' ) );
#250 = UNCERTAINTY_MEASURE_WITH_UNIT (LENGTH_MEASURE( 1.000000000000000082E-05 ), #806, 'distance_accuracy_value', 'NONE');
#251 = ORIENTED_EDGE ( 'NONE', *, *, #598, .F. ) ;
#252 = CARTESIAN_POINT ( 'NONE',  ( 800.0000000000000000, -1.156195800487809531E-13, 2.109423746787795912E-13 ) ) ;
#253 = VECTOR ( 'NONE', #721, 1000.000000000000000 ) ;
#254 =( LENGTH_UNIT ( ) NAMED_UNIT ( * ) SI_UNIT ( .MILLI., .METRE. ) );
#255 = SURFACE_STYLE_FILL_AREA ( #168 ) ;
#256 =( GEOMETRIC_REPRESENTATION_CONTEXT ( 3 ) GLOBAL_UNCERTAINTY_ASSIGNED_CONTEXT ( ( #861 ) ) GLOBAL_UNIT_ASSIGNED_CONTEXT ( ( #1141, #286, #354 ) ) REPRESENTATION_CONTEXT ( 'NONE', 'WORKASPACE' ) );
#257 = CARTESIAN_POINT ( 'NONE',  ( -400.0000000000005684, 1.380666549982481284, -4.510758105426097994E-14 ) ) ;
#258 = VERTEX_POINT ( 'NONE', #128 ) ;
#259 = FILL_AREA_STYLE_COLOUR ( '', #232 ) ;
#260 = DIRECTION ( 'NONE',  ( 1.000000000000000000, -1.445244750609761992E-16, 2.636779683484744811E-16 ) ) ;
#261 = UNCERTAINTY_MEASURE_WITH_UNIT (LENGTH_MEASURE( 1.000000000000000082E-05 ), #553, 'distance_accuracy_value', 'NONE');
#262 = CARTESIAN_POINT ( 'NONE',  ( 53.84953329906923614, 11.31933324940710861, 41.74623220251925915 ) ) ;
#263 = CARTESIAN_POINT ( 'NONE',  ( 34.57431805257814261, 8.995309244510339752, 38.13313335832858542 ) ) ;
#264 = ORIENTED_EDGE ( 'NONE', *, *, #305, .F. ) ;
#265 = SURFACE_STYLE_FILL_AREA ( #439 ) ;
#266 = ORIENTED_EDGE ( 'NONE', *, *, #552, .T. ) ;
#267 = ORIENTED_EDGE ( 'NONE', *, *, #569, .T. ) ;
#268 = MECHANICAL_DESIGN_GEOMETRIC_PRESENTATION_REPRESENTATION (  '', ( #59 ), #1007 ) ;
#269 =( LENGTH_UNIT ( ) NAMED_UNIT ( * ) SI_UNIT ( .MILLI., .METRE. ) );
#270 =( NAMED_UNIT ( * ) SI_UNIT ( $, .STERADIAN. ) SOLID_ANGLE_UNIT ( ) );
#271 = CARTESIAN_POINT ( 'NONE',  ( 800.0000000000002274, 499.9999999999999432, -299.9999999999997726 ) ) ;
#272 = CARTESIAN_POINT ( 'NONE',  ( 118.9809416843430228, -0.5454026197839033641, 14.82423092408684262 ) ) ;
#273 = ORIENTED_EDGE ( 'NONE', *, *, #229, .F. ) ;
#274 = CARTESIAN_POINT ( 'NONE',  ( 184.1121623613589691, 11.31933206172688244, 41.74628002350616640 ) ) ;
#275 = DIRECTION ( 'NONE',  ( 2.636779683484744811E-16, -4.727459956358165683E-33, -1.000000000000000000 ) ) ;
#276 = ADVANCED_FACE ( 'NONE', ( #44 ), #749, .T. ) ;
#277 = CARTESIAN_POINT ( 'NONE',  ( 110.7100275540557845, 21.02188504357430787, 48.30378545631125320 ) ) ;
#278 = CARTESIAN_POINT ( 'NONE',  ( 163.2413782151380133, -9.544244841109728483, 41.80378628403982333 ) ) ;
#279 = CARTESIAN_POINT ( 'NONE',  ( 84.65137124955082015, 28.94339989965290982, 39.04265395326392962 ) ) ;
#280 = ORIENTED_EDGE ( 'NONE', *, *, #1095, .F. ) ;
#281 = CARTESIAN_POINT ( 'NONE',  ( -400.0000000000000000, 1.380666549982481284, 76.60757142737173808 ) ) ;
#282 = CARTESIAN_POINT ( 'NONE',  ( 203.3875653161078958, 8.968733445444980745, 38.49277127510352869 ) ) ;
#283 = B_SPLINE_SURFACE_WITH_KNOTS ( 'NONE', 3, 3, ( 
 ( #647, #1019, #312, #325 ),
 ( #318, #663, #1106, #938 ),
 ( #1011, #502, #152, #1034 ),
 ( #43, #840, #669, #1112 ),
 ( #490, #158, #143, #148 ),
 ( #1023, #848, #923, #764 ),
 ( #844, #228, #834, #1031 ),
 ( #516, #755, #243, #588 ),
 ( #933, #509, #854, #84 ),
 ( #809, #823, #15, #570 ) ),
 .UNSPECIFIED., .F., .F., .F.,
 ( 4, 3, 3, 4 ),
 ( 4, 4 ),
 ( -0.3045195271625119049, 0.000000000000000000, 1.000000000000000000, 1.304519527162304016 ),
 ( 0.000000000000000000, 1.000000000000000000 ),
 .UNSPECIFIED. ) ;
#284 = AXIS2_PLACEMENT_3D ( 'NONE', #948, #322, #514 ) ;
#285 = CARTESIAN_POINT ( 'NONE',  ( 118.9809416843430228, 21.02188504357430787, 48.30378545631124609 ) ) ;
#286 =( NAMED_UNIT ( * ) PLANE_ANGLE_UNIT ( ) SI_UNIT ( $, .RADIAN. ) );
#287 = ORIENTED_EDGE ( 'NONE', *, *, #850, .F. ) ;
#288 = VECTOR ( 'NONE', #638, 1000.000000000000114 ) ;
#289 =( LENGTH_UNIT ( ) NAMED_UNIT ( * ) SI_UNIT ( .MILLI., .METRE. ) );
#290 = CARTESIAN_POINT ( 'NONE',  ( 140.2318971705322213, 18.97834066577919998, 44.47062063505488538 ) ) ;
#291 = CARTESIAN_POINT ( 'NONE',  ( 111.4387555614961656, 9.603470417071486409, 21.70816100603271437 ) ) ;
#292 = CARTESIAN_POINT ( 'NONE',  ( 110.7100275513762995, 21.02188504357430787, 28.30378571368599694 ) ) ;
#293 = EDGE_CURVE ( 'NONE', #1036, #297, #1043, .T. ) ;
#294 = CARTESIAN_POINT ( 'NONE',  ( 110.7980268555547383, 26.94131152793863393, 44.60414390357304626 ) ) ;
#295 = CARTESIAN_POINT ( 'NONE',  ( 128.8302852281983917, 17.02188504358566945, 50.80378545631125320 ) ) ;
#296 = CARTESIAN_POINT ( 'NONE',  ( 189.9881224493603895, 11.35651082226111619, 36.35826423144697372 ) ) ;
#297 = VERTEX_POINT ( 'NONE', #153 ) ;
#298 = PRESENTATION_STYLE_ASSIGNMENT (( #321 ) ) ;
#299 = CARTESIAN_POINT ( 'NONE',  ( 118.9809416843430228, 2.643693268002248686, 59.79015531604402156 ) ) ;
#300 = COLOUR_RGB ( '',1.000000000000000000, 1.000000000000000000, 1.000000000000000000 ) ;
#301 = ORIENTED_EDGE ( 'NONE', *, *, #922, .T. ) ;
#302 = CARTESIAN_POINT ( 'NONE',  ( 118.9809416843430228, 32.86073801233634128, 40.90450235083483221 ) ) ;
#303 = DIRECTION ( 'NONE',  ( 1.000000000000000000, -1.445244750609761992E-16, 0.000000000000000000 ) ) ;
#304 = CARTESIAN_POINT ( 'NONE',  ( -400.0000000000006821, 1.380666549982481284, 376.6075714273717381 ) ) ;
#305 = EDGE_CURVE ( 'NONE', #536, #960, #959, .T. ) ;
#306 = ORIENTED_EDGE ( 'NONE', *, *, #229, .T. ) ;
#307 = PRESENTATION_STYLE_ASSIGNMENT (( #920 ) ) ;
#308 = CARTESIAN_POINT ( 'NONE',  ( 123.6116364226960940, -4.114367727916264705, 30.80378558499862862 ) ) ;
#309 = B_SPLINE_CURVE_WITH_KNOTS ( 'NONE', 3,
 ( #446, #807, #997, #1071, #100, #795, #291, #637, #612, #623, #22, #897, #13, #208, #619, #369, #561, #978, #193, #731 ),
 .UNSPECIFIED., .F., .F.,
 ( 4, 2, 2, 2, 2, 2, 2, 2, 2, 4 ),
 ( 0.000000000000000000, 0.002270634558230336195, 0.004541269116460672391, 0.009082538232921344781, 0.01362380734938201630, 0.01816507646584268956, 0.02724761469876403261, 0.03633015293168537913, 0.05449522939752803052, 0.07266030586337066111 ),
 .UNSPECIFIED. ) ;
#310 = CARTESIAN_POINT ( 'NONE',  ( 118.9809416843430228, 21.02188504357430787, 48.30378545631123899 ) ) ;
#311 = SURFACE_SIDE_STYLE ('',( #48 ) ) ;
#312 = CARTESIAN_POINT ( 'NONE',  ( 156.2938405260240131, 17.05521837690644205, 27.53216315556730009 ) ) ;
#313 = FILL_AREA_STYLE_COLOUR ( '', #896 ) ;
#314 =( LENGTH_UNIT ( ) NAMED_UNIT ( * ) SI_UNIT ( .MILLI., .METRE. ) );
#315 = CARTESIAN_POINT ( 'NONE',  ( 34.57431805257812840, 8.968733445445927543, 38.49277127510287499 ) ) ;
#316 = FILL_AREA_STYLE ('',( #47 ) ) ;
#317 = CARTESIAN_POINT ( 'NONE',  ( 118.9809416843430228, 21.02188504357430787, 48.30378545631124609 ) ) ;
#318 = CARTESIAN_POINT ( 'NONE',  ( 118.9809416843430228, 21.02188504357430787, 24.24352535151918531 ) ) ;
#319 = CARTESIAN_POINT ( 'NONE',  ( 203.3875653161078674, 9.088551710241418391, 38.19745719415580254 ) ) ;
#320 = STYLED_ITEM ( 'NONE', ( #1035 ), #174 ) ;
#321 = SURFACE_STYLE_USAGE ( .BOTH. , #400 ) ;
#322 = DIRECTION ( 'NONE',  ( -1.000000000000000000, 1.445244750609761746E-16, -2.636779683484744811E-16 ) ) ;
#323 = MECHANICAL_DESIGN_GEOMETRIC_PRESENTATION_REPRESENTATION (  '', ( #82 ), #819 ) ;
#324 = FILL_AREA_STYLE_COLOUR ( '', #794 ) ;
#325 = CARTESIAN_POINT ( 'NONE',  ( 203.3875653161078674, 9.121885043574751606, 38.16969912582499092 ) ) ;
#326 = COLOUR_RGB ( '',1.000000000000000000, 1.000000000000000000, 1.000000000000000000 ) ;
#327 = CARTESIAN_POINT ( 'NONE',  ( 118.9809416843430228, 17.02188504357438603, 25.80378571368600760 ) ) ;
#328 = SURFACE_STYLE_USAGE ( .BOTH. , #846 ) ;
#329 = EDGE_CURVE ( 'NONE', #780, #710, #776, .T. ) ;
#330 = DIRECTION ( 'NONE',  ( -0.000000000000000000, -0.000000000000000000, 1.000000000000000000 ) ) ;
#331 = CARTESIAN_POINT ( 'NONE',  ( -400.0000000000004547, 1.380666549982934699, -300.0000000000000568 ) ) ;
#332 = ORIENTED_EDGE ( 'NONE', *, *, #1095, .T. ) ;
#333 = CARTESIAN_POINT ( 'NONE',  ( 81.66804284266201819, 17.05521837690644205, 27.53216315556729299 ) ) ;
#334 = SURFACE_STYLE_FILL_AREA ( #316 ) ;
#335 = CARTESIAN_POINT ( 'NONE',  ( 131.0146522757145817, 9.754445658410919151, 22.42014053010366581 ) ) ;
#336 = UNCERTAINTY_MEASURE_WITH_UNIT (LENGTH_MEASURE( 1.000000000000000082E-05 ), #521, 'distance_accuracy_value', 'NONE');
#337 = CARTESIAN_POINT ( 'NONE',  ( 800.0000000000000000, 1.380666549982765723, 2.712630692092834540E-13 ) ) ;
#338 = VERTEX_POINT ( 'NONE', #867 ) ;
#339 = LINE ( 'NONE', #937, #97 ) ;
#340 = STYLED_ITEM ( 'NONE', ( #719 ), #949 ) ;
#341 = MECHANICAL_DESIGN_GEOMETRIC_PRESENTATION_REPRESENTATION (  '', ( #398 ), #249 ) ;
#342 = EDGE_CURVE ( 'NONE', #338, #1036, #3, .T. ) ;
#343 = DIRECTION ( 'NONE',  ( 1.000000000000000000, -1.445244750609761746E-16, 2.636779683484744811E-16 ) ) ;
#344 = CARTESIAN_POINT ( 'NONE',  ( 81.66804284266203240, 17.05521837690644205, 30.25028189801746237 ) ) ;
#345 =( NAMED_UNIT ( * ) PLANE_ANGLE_UNIT ( ) SI_UNIT ( $, .RADIAN. ) );
#346 = ORIENTED_EDGE ( 'NONE', *, *, #1073, .F. ) ;
#347 = CYLINDRICAL_SURFACE ( 'NONE', #221, 78.35899999999956833 ) ;
#348 = UNCERTAINTY_MEASURE_WITH_UNIT (LENGTH_MEASURE( 1.000000000000000082E-05 ), #33, 'distance_accuracy_value', 'NONE');
#349 = EDGE_CURVE ( 'NONE', #1091, #1047, #172, .T. ) ;
#350 = EDGE_LOOP ( 'NONE', ( #696, #346, #41, #301 ) ) ;
#351 = CARTESIAN_POINT ( 'NONE',  ( 109.8035840532582910, 21.02188504357430787, 22.21339517043574219 ) ) ;
#352 = DIRECTION ( 'NONE',  ( 1.000000000000000000, -1.445244750609761992E-16, 2.636779683484744811E-16 ) ) ;
#353 =( NAMED_UNIT ( * ) SI_UNIT ( $, .STERADIAN. ) SOLID_ANGLE_UNIT ( ) );
#354 =( NAMED_UNIT ( * ) SI_UNIT ( $, .STERADIAN. ) SOLID_ANGLE_UNIT ( ) );
#355 = ORIENTED_EDGE ( 'NONE', *, *, #233, .T. ) ;
#356 = SURFACE_STYLE_USAGE ( .BOTH. , #706 ) ;
#357 = CLOSED_SHELL ( 'NONE', ( #802, #803, #949, #1046, #756, #580, #625, #248, #174, #1012, #969, #36, #88, #932, #894, #501, #838, #276, #72 ) ) ;
#358 = CARTESIAN_POINT ( 'NONE',  ( 189.9881224113908900, 11.35651082852363913, 40.24930694376903517 ) ) ;
#359 = FILL_AREA_STYLE ('',( #1054 ) ) ;
#360 =( GEOMETRIC_REPRESENTATION_CONTEXT ( 3 ) GLOBAL_UNCERTAINTY_ASSIGNED_CONTEXT ( ( #67 ) ) GLOBAL_UNIT_ASSIGNED_CONTEXT ( ( #943, #406, #51 ) ) REPRESENTATION_CONTEXT ( 'NONE', 'WORKASPACE' ) );
#361 = CARTESIAN_POINT ( 'NONE',  ( 81.66804284266203240, 17.05521837690644205, 31.60934126924255239 ) ) ;
#362 = DIRECTION ( 'NONE',  ( 0.000000000000000000, 0.000000000000000000, -1.000000000000000000 ) ) ;
#363 = ORIENTED_EDGE ( 'NONE', *, *, #784, .T. ) ;
#364 = MECHANICAL_DESIGN_GEOMETRIC_PRESENTATION_REPRESENTATION (  '', ( #340 ), #493 ) ;
#365 =( NAMED_UNIT ( * ) PLANE_ANGLE_UNIT ( ) SI_UNIT ( $, .RADIAN. ) );
#366 = EDGE_CURVE ( 'NONE', #455, #258, #1059, .T. ) ;
#367 = CARTESIAN_POINT ( 'NONE',  ( 153.4387956202928649, 17.13519098166631238, 43.13713573877277696 ) ) ;
#368 = CARTESIAN_POINT ( 'NONE',  ( 122.0105711673507756, 9.492670343997563265, 55.40117917289173732 ) ) ;
#369 = CARTESIAN_POINT ( 'NONE',  ( 77.36536010440846667, 10.83219653785076986, 28.93971999972339404 ) ) ;
#370 = ORIENTED_EDGE ( 'NONE', *, *, #425, .T. ) ;
#371 = LINE ( 'NONE', #993, #730 ) ;
#372 = CARTESIAN_POINT ( 'NONE',  ( 140.2318971705321360, 18.97834066577920353, 32.13695053494234344 ) ) ;
#373 = FILL_AREA_STYLE ('',( #800 ) ) ;
#374 = ORIENTED_EDGE ( 'NONE', *, *, #922, .F. ) ;
#375 = CARTESIAN_POINT ( 'NONE',  ( 47.97376091932576969, 11.35651082226113573, 36.35826423144698794 ) ) ;
#376 = CARTESIAN_POINT ( 'NONE',  ( 155.2993977221295268, 21.01794555752397997, 42.52045900209874674 ) ) ;
#377 = MECHANICAL_DESIGN_GEOMETRIC_PRESENTATION_REPRESENTATION (  '', ( #1068 ), #575 ) ;
#378 = MECHANICAL_DESIGN_GEOMETRIC_PRESENTATION_REPRESENTATION (  '', ( #548 ), #360 ) ;
#379 = PRESENTATION_STYLE_ASSIGNMENT (( #192 ) ) ;
#380 = LINE ( 'NONE', #92, #798 ) ;
#381 = EDGE_CURVE ( 'NONE', #122, #520, #687, .T. ) ;
#382 = STYLED_ITEM ( 'NONE', ( #955 ), #894 ) ;
#383 = CARTESIAN_POINT ( 'NONE',  ( 123.6116364226960940, -4.114367727916264705, 45.80378558499862152 ) ) ;
#384 = CARTESIAN_POINT ( 'NONE',  ( 126.1694137076384266, 32.86073803132983073, 40.90450233894303977 ) ) ;
#385 = ORIENTED_EDGE ( 'NONE', *, *, #293, .T. ) ;
#386 = SURFACE_STYLE_USAGE ( .BOTH. , #31 ) ;
#387 = CARTESIAN_POINT ( 'NONE',  ( 118.9809416843430228, 38.78016452525766766, 37.20486078025891885 ) ) ;
#388 = ORIENTED_EDGE ( 'NONE', *, *, #1073, .T. ) ;
#389 = CARTESIAN_POINT ( 'NONE',  ( 127.1638565115330834, 26.94131153745207286, 32.00342727237009655 ) ) ;
#390 = SURFACE_STYLE_USAGE ( .BOTH. , #656 ) ;
#391 = CARTESIAN_POINT ( 'NONE',  ( 118.9809416843430228, 9.021885043574553009, 55.80378545631124609 ) ) ;
#392 = VECTOR ( 'NONE', #244, 1000.000000000000114 ) ;
#393 = CARTESIAN_POINT ( 'NONE',  ( 118.9809416843430370, 9.464361290272996996, 55.52723780212470928 ) ) ;
#394 = VECTOR ( 'NONE', #330, 1000.000000000000000 ) ;
#395 = VERTEX_POINT ( 'NONE', #910 ) ;
#396 = CARTESIAN_POINT ( 'NONE',  ( 126.1694137076384266, 32.86073803132983073, 35.70306883105421036 ) ) ;
#397 = CARTESIAN_POINT ( 'NONE',  ( 81.66804284266203240, 17.05521837690644205, 44.99822990075470130 ) ) ;
#398 = STYLED_ITEM ( 'NONE', ( #307 ), #276 ) ;
#399 = LINE ( 'NONE', #133, #54 ) ;
#400 = SURFACE_SIDE_STYLE ('',( #505 ) ) ;
#401 = ORIENTED_EDGE ( 'NONE', *, *, #349, .T. ) ;
#402 = CARTESIAN_POINT ( 'NONE',  ( 128.8302852281983917, 17.02188504358566945, 25.80378571368600049 ) ) ;
#403 = CARTESIAN_POINT ( 'NONE',  ( 158.3097982643356545, 9.021885043608456556, 50.02122508695035918 ) ) ;
#404 = CARTESIAN_POINT ( 'NONE',  ( 166.6045053099852566, 15.00140427866832127, 34.80378488595742681 ) ) ;
#405 = EDGE_LOOP ( 'NONE', ( #473, #818, #704 ) ) ;
#406 =( NAMED_UNIT ( * ) PLANE_ANGLE_UNIT ( ) SI_UNIT ( $, .RADIAN. ) );
#407 = VECTOR ( 'NONE', #275, 1000.000000000000000 ) ;
#408 = CARTESIAN_POINT ( 'NONE',  ( 139.9367730855923639, 10.09418331772099187, 24.14990562490194748 ) ) ;
#409 =( LENGTH_UNIT ( ) NAMED_UNIT ( * ) SI_UNIT ( .MILLI., .METRE. ) );
#410 = AXIS2_PLACEMENT_3D ( 'NONE', #918, #829, #40 ) ;
#411 = CARTESIAN_POINT ( 'NONE',  ( 118.2214563919935131, 9.464361290272631067, 55.52723780212630800 ) ) ;
#412 = DIRECTION ( 'NONE',  ( -0.9907435448110479825, 0.1357469278298366333, 0.000000000000000000 ) ) ;
#413 = EDGE_CURVE ( 'NONE', #892, #297, #702, .T. ) ;
#414 = MECHANICAL_DESIGN_GEOMETRIC_PRESENTATION_REPRESENTATION (  '', ( #382 ), #1113 ) ;
#415 = PRESENTATION_STYLE_ASSIGNMENT (( #77 ) ) ;
#416 = MECHANICAL_DESIGN_GEOMETRIC_PRESENTATION_REPRESENTATION (  '', ( #613 ), #985 ) ;
#417 = DIRECTION ( 'NONE',  ( -1.445244750609761746E-16, -1.000000000000000000, -5.348479994485331912E-32 ) ) ;
#418 =( NAMED_UNIT ( * ) SI_UNIT ( $, .STERADIAN. ) SOLID_ANGLE_UNIT ( ) );
#419 = CARTESIAN_POINT ( 'NONE',  ( 150.9209160723215177, 17.80009363646889753, 30.98861188627383711 ) ) ;
#420 = B_SPLINE_CURVE_WITH_KNOTS ( 'NONE', 3,
 ( #748, #641, #1001, #217 ),
 .UNSPECIFIED., .F., .F.,
 ( 4, 4 ),
 ( 0.000000000000000000, 0.01500000000000000291 ),
 .UNSPECIFIED. ) ;
#421 = LINE ( 'NONE', #678, #975 ) ;
#422 = CARTESIAN_POINT ( 'NONE',  ( 34.57431805257817103, 9.088551710241418391, 38.19745719415580254 ) ) ;
#423 = VERTEX_POINT ( 'NONE', #658 ) ;
#424 = DIRECTION ( 'NONE',  ( -1.000000000000000000, 1.445244750609761746E-16, -2.636779683484744811E-16 ) ) ;
#425 = EDGE_CURVE ( 'NONE', #827, #593, #947, .T. ) ;
#426 =( NAMED_UNIT ( * ) SI_UNIT ( $, .STERADIAN. ) SOLID_ANGLE_UNIT ( ) );
#427 = DIRECTION ( 'NONE',  ( 1.000000000000000000, -1.445244750609761992E-16, 2.636779683484744811E-16 ) ) ;
#428 = UNCERTAINTY_MEASURE_WITH_UNIT (LENGTH_MEASURE( 1.000000000000000082E-05 ), #1145, 'distance_accuracy_value', 'NONE');
#429 = LINE ( 'NONE', #525, #1077 ) ;
#430 = CARTESIAN_POINT ( 'NONE',  ( 109.8035840532582910, 21.02188504357430787, 26.27365553260257869 ) ) ;
#431 = CARTESIAN_POINT ( 'NONE',  ( 118.9809416843430228, 21.02188504357430787, 48.30378545631124609 ) ) ;
#432 = ORIENTED_EDGE ( 'NONE', *, *, #1015, .T. ) ;
#433 = FACE_BOUND ( 'NONE', #1149, .T. ) ;
#434 = VECTOR ( 'NONE', #140, 1000.000000000000000 ) ;
#435 = CARTESIAN_POINT ( 'NONE',  ( 122.0087597919806228, 9.492638401906804191, 21.20624948874737825 ) ) ;
#436 = STYLED_ITEM ( 'NONE', ( #879 ), #969 ) ;
#437 = CARTESIAN_POINT ( 'NONE',  ( 108.4408491724652777, 9.701118624898871445, 54.44222012010664002 ) ) ;
#438 = ORIENTED_EDGE ( 'NONE', *, *, #147, .T. ) ;
#439 = FILL_AREA_STYLE ('',( #1048 ) ) ;
#440 = DIRECTION ( 'NONE',  ( 1.000000000000000000, -1.445244750609761992E-16, 2.636779683484744811E-16 ) ) ;
#441 = CARTESIAN_POINT ( 'NONE',  ( 34.57431805257817103, 9.269870705684279955, 38.32254111599094415 ) ) ;
#442 = ORIENTED_EDGE ( 'NONE', *, *, #293, .F. ) ;
#443 = SURFACE_STYLE_FILL_AREA ( #86 ) ;
#444 = FACE_OUTER_BOUND ( 'NONE', #790, .T. ) ;
#445 = CARTESIAN_POINT ( 'NONE',  ( 34.57431805257817103, 9.121885043574751606, 38.20353462884319384 ) ) ;
#446 = CARTESIAN_POINT ( 'NONE',  ( 118.9809416843430085, 9.464361222779098526, 21.08033332568885498 ) ) ;
#447 = ORIENTED_EDGE ( 'NONE', *, *, #767, .F. ) ;
#448 = EDGE_CURVE ( 'NONE', #827, #90, #843, .T. ) ;
#449 = STYLED_ITEM ( 'NONE', ( #415 ), #558 ) ;
#450 = MECHANICAL_DESIGN_GEOMETRIC_PRESENTATION_REPRESENTATION (  '', ( #1093 ), #847 ) ;
#451 =( NAMED_UNIT ( * ) PLANE_ANGLE_UNIT ( ) SI_UNIT ( $, .RADIAN. ) );
#452 = CARTESIAN_POINT ( 'NONE',  ( 166.4784519381220207, 10.99564921342716417, 46.20291064845257267 ) ) ;
#453 = MECHANICAL_DESIGN_GEOMETRIC_PRESENTATION_REPRESENTATION (  '', ( #1130 ), #256 ) ;
#454 = PRESENTATION_STYLE_ASSIGNMENT (( #1079 ) ) ;
#455 = VERTEX_POINT ( 'NONE', #581 ) ;
#456 = CARTESIAN_POINT ( 'NONE',  ( -1.110223024625156540E-13, 1.436649245707920150E-15, 376.6075714273718518 ) ) ;
#457 =( NAMED_UNIT ( * ) PLANE_ANGLE_UNIT ( ) SI_UNIT ( $, .RADIAN. ) );
#458 = CARTESIAN_POINT ( 'NONE',  ( -400.0000000000000000, 1.380666549982481284, 76.60757142737173808 ) ) ;
#459 = B_SPLINE_SURFACE_WITH_KNOTS ( 'NONE', 3, 3, ( 
 ( #272, #912, #972, #891 ),
 ( #899, #466, #990, #542 ),
 ( #883, #94, #797, #1062 ),
 ( #237, #841, #1085, #835 ),
 ( #1024, #225, #35, #828 ),
 ( #1102, #402, #478, #319 ),
 ( #924, #497, #1013, #757 ),
 ( #664, #389, #134, #1002 ),
 ( #1020, #396, #582, #218 ),
 ( #1098, #929, #822, #39 ) ),
 .UNSPECIFIED., .F., .F., .F.,
 ( 4, 3, 3, 4 ),
 ( 4, 4 ),
 ( -0.7972739719465543606, 0.000000000000000000, 1.000000000000000000, 2.479856623473643218 ),
 ( 0.000000000000000000, 1.000000000000000000 ),
 .UNSPECIFIED. ) ;
#460 = CARTESIAN_POINT ( 'NONE',  ( 118.9809416843430228, 21.02188504357430787, 48.30378571368601115 ) ) ;
#461 = FACE_OUTER_BOUND ( 'NONE', #585, .T. ) ;
#462 = ORIENTED_EDGE ( 'NONE', *, *, #484, .T. ) ;
#463 = SURFACE_STYLE_USAGE ( .BOTH. , #196 ) ;
#464 = CARTESIAN_POINT ( 'NONE',  ( 153.3105121143405540, 28.94339991875906293, 37.56491720478683760 ) ) ;
#465 = CARTESIAN_POINT ( 'NONE',  ( 34.57431805257817103, 9.171213597611259871, 38.25448195889851633 ) ) ;
#466 = CARTESIAN_POINT ( 'NONE',  ( 131.2457708092733526, 2.643693268054072565, 16.81741585395323568 ) ) ;
#467 = CARTESIAN_POINT ( 'NONE',  ( 166.6198510575256648, 15.11340460574046674, 34.80378488595742681 ) ) ;
#468 = CARTESIAN_POINT ( 'NONE',  ( 112.7869124601476045, 38.78016449666727539, 37.20486079809663948 ) ) ;
#469 = CARTESIAN_POINT ( 'NONE',  ( 130.1742570537397512, 9.021885043608390831, 55.80378545631124609 ) ) ;
#470 = MECHANICAL_DESIGN_GEOMETRIC_PRESENTATION_REPRESENTATION (  '', ( #320 ), #942 ) ;
#471 = CARTESIAN_POINT ( 'NONE',  ( 150.9209160569855612, 17.80009363855640458, 45.61895928546300638 ) ) ;
#472 = CARTESIAN_POINT ( 'NONE',  ( 118.9809416843430228, 21.02188504357430787, 52.36404607584987048 ) ) ;
#473 = ORIENTED_EDGE ( 'NONE', *, *, #956, .T. ) ;
#474 = CARTESIAN_POINT ( 'NONE',  ( 109.8035840532582910, 21.02188504357430787, 48.30378545631125320 ) ) ;
#475 = CARTESIAN_POINT ( 'NONE',  ( 156.9658264387945508, 14.37744059914044570, 46.67256162948658726 ) ) ;
#476 = SURFACE_SIDE_STYLE ('',( #977 ) ) ;
#477 = EDGE_LOOP ( 'NONE', ( #483, #240, #624, #385 ) ) ;
#478 = CARTESIAN_POINT ( 'NONE',  ( 156.9658264387945508, 14.37744059914044570, 29.93500954051066643 ) ) ;
#479 = FACE_OUTER_BOUND ( 'NONE', #188, .T. ) ;
#480 =( NAMED_UNIT ( * ) PLANE_ANGLE_UNIT ( ) SI_UNIT ( $, .RADIAN. ) );
#481 = MECHANICAL_DESIGN_GEOMETRIC_PRESENTATION_REPRESENTATION (  '', ( #449 ), #1132 ) ;
#482 = VERTEX_POINT ( 'NONE', #393 ) ;
#483 = ORIENTED_EDGE ( 'NONE', *, *, #413, .F. ) ;
#484 = EDGE_CURVE ( 'NONE', #780, #338, #399, .T. ) ;
#485 = CARTESIAN_POINT ( 'NONE',  ( 118.9809416843430228, 5.832789155845231832, 57.79697038614211380 ) ) ;
#486 = EDGE_CURVE ( 'NONE', #258, #796, #488, .T. ) ;
#487 =( GEOMETRIC_REPRESENTATION_CONTEXT ( 3 ) GLOBAL_UNCERTAINTY_ASSIGNED_CONTEXT ( ( #1049 ) ) GLOBAL_UNIT_ASSIGNED_CONTEXT ( ( #226, #750, #123 ) ) REPRESENTATION_CONTEXT ( 'NONE', 'WORKASPACE' ) );
#488 = LINE ( 'NONE', #142, #701 ) ;
#489 = PRESENTATION_LAYER_ASSIGNMENT (  '', '', ( #1093 ) ) ;
#490 = CARTESIAN_POINT ( 'NONE',  ( 118.9809416843430228, 21.02188504357430787, 34.97045238035267545 ) ) ;
#491 = FILL_AREA_STYLE_COLOUR ( '', #564 ) ;
#492 = CARTESIAN_POINT ( 'NONE',  ( 118.9809416843430228, 2.643693268115911543, 59.79015531597298150 ) ) ;
#493 =( GEOMETRIC_REPRESENTATION_CONTEXT ( 3 ) GLOBAL_UNCERTAINTY_ASSIGNED_CONTEXT ( ( #530 ) ) GLOBAL_UNIT_ASSIGNED_CONTEXT ( ( #289, #1075, #270 ) ) REPRESENTATION_CONTEXT ( 'NONE', 'WORKASPACE' ) );
#494 = VECTOR ( 'NONE', #362, 1000.000000000000000 ) ;
#495 =( GEOMETRIC_REPRESENTATION_CONTEXT ( 3 ) GLOBAL_UNCERTAINTY_ASSIGNED_CONTEXT ( ( #605 ) ) GLOBAL_UNIT_ASSIGNED_CONTEXT ( ( #1118, #154, #418 ) ) REPRESENTATION_CONTEXT ( 'NONE', 'WORKASPACE' ) );
#496 = FACE_OUTER_BOUND ( 'NONE', #979, .T. ) ;
#497 = CARTESIAN_POINT ( 'NONE',  ( 128.1582993154277403, 21.02188504357430787, 28.30378571368599694 ) ) ;
#498 = CARTESIAN_POINT ( 'NONE',  ( 166.6198510575256648, 15.11340460574046674, 34.80378488595742681 ) ) ;
#499 = PRESENTATION_STYLE_ASSIGNMENT (( #1033 ) ) ;
#500 = CARTESIAN_POINT ( 'NONE',  ( 126.5256349922046013, 9.603547291970578215, 21.70851597739908811 ) ) ;
#501 = ADVANCED_FACE ( 'NONE', ( #496 ), #833, .F. ) ;
#502 = CARTESIAN_POINT ( 'NONE',  ( 128.1582993154277403, 21.02188504357430787, 26.27365553260258579 ) ) ;
#503 = SURFACE_SIDE_STYLE ('',( #149 ) ) ;
#504 = CARTESIAN_POINT ( 'NONE',  ( 59.72512538593213094, 11.23895170771699625, 43.24283121617773418 ) ) ;
#505 = SURFACE_STYLE_FILL_AREA ( #759 ) ;
#506 = DIRECTION ( 'NONE',  ( -2.636779683484744811E-16, 0.000000000000000000, 1.000000000000000000 ) ) ;
#507 = PRESENTATION_LAYER_ASSIGNMENT (  '', '', ( #210 ) ) ;
#508 = CARTESIAN_POINT ( 'NONE',  ( 178.2367580145519241, 11.23895169134071281, 33.36473995037913198 ) ) ;
#509 = CARTESIAN_POINT ( 'NONE',  ( 128.1582993154277119, 21.02188504357430787, 52.36404607585006943 ) ) ;
#510 = STYLED_ITEM ( 'NONE', ( #836 ), #36 ) ;
#511 = COLOUR_RGB ( '',1.000000000000000000, 1.000000000000000000, 1.000000000000000000 ) ;
#512 = CARTESIAN_POINT ( 'NONE',  ( 5.551115123125782702E-14, 1.436649245707895695E-15, -299.9999999999999432 ) ) ;
#513 = FILL_AREA_STYLE_COLOUR ( '', #814 ) ;
#514 = DIRECTION ( 'NONE',  ( -2.636779683484744811E-16, 0.000000000000000000, 1.000000000000000000 ) ) ;
#515 = VECTOR ( 'NONE', #791, 1000.000000000000000 ) ;
#516 = CARTESIAN_POINT ( 'NONE',  ( 118.9809416843430228, 21.02188504357430787, 50.33391589476803318 ) ) ;
#517 = UNCERTAINTY_MEASURE_WITH_UNIT (LENGTH_MEASURE( 1.000000000000000082E-05 ), #254, 'distance_accuracy_value', 'NONE');
#518 = CARTESIAN_POINT ( 'NONE',  ( 166.6198510575256648, 15.11340460574046674, 41.80378628403982333 ) ) ;
#519 = CARTESIAN_POINT ( 'NONE',  ( 79.65208510435037681, 9.021885043608456556, 26.58634608304689095 ) ) ;
#520 = VERTEX_POINT ( 'NONE', #53 ) ;
#521 =( LENGTH_UNIT ( ) NAMED_UNIT ( * ) SI_UNIT ( .MILLI., .METRE. ) );
#522 = EDGE_CURVE ( 'NONE', #338, #455, #339, .T. ) ;
#523 =( NAMED_UNIT ( * ) PLANE_ANGLE_UNIT ( ) SI_UNIT ( $, .RADIAN. ) );
#524 = CARTESIAN_POINT ( 'NONE',  ( 125.0226592409525210, 9.559071396062561732, 21.50545408500800093 ) ) ;
#525 = CARTESIAN_POINT ( 'NONE',  ( -400.0000000000006821, 1.380666549982481284, 376.6075714273717381 ) ) ;
#526 = CARTESIAN_POINT ( 'NONE',  ( 34.57431805257815682, 9.021885043574750185, 38.15146682176279569 ) ) ;
#527 = ORIENTED_EDGE ( 'NONE', *, *, #381, .F. ) ;
#528 = SURFACE_STYLE_USAGE ( .BOTH. , #146 ) ;
#529 = CARTESIAN_POINT ( 'NONE',  ( -400.0000000000005684, 1.380666549982481284, -4.510758105426097994E-14 ) ) ;
#530 = UNCERTAINTY_MEASURE_WITH_UNIT (LENGTH_MEASURE( 1.000000000000000082E-05 ), #289, 'distance_accuracy_value', 'NONE');
#531 = ORIENTED_EDGE ( 'NONE', *, *, #212, .T. ) ;
#532 = PLANE ( 'NONE',  #236 ) ;
#533 = SURFACE_STYLE_USAGE ( .BOTH. , #873 ) ;
#534 = MECHANICAL_DESIGN_GEOMETRIC_PRESENTATION_REPRESENTATION (  '', ( #436 ), #27 ) ;
#535 = CARTESIAN_POINT ( 'NONE',  ( 34.57431805257812840, 8.968733445445927543, 38.11479989489437514 ) ) ;
#536 = VERTEX_POINT ( 'NONE', #60 ) ;
#537 = DIRECTION ( 'NONE',  ( -0.1357469278298366056, -0.9907435448110479825, 0.000000000000000000 ) ) ;
#538 = SURFACE_STYLE_USAGE ( .BOTH. , #788 ) ;
#539 = EDGE_CURVE ( 'NONE', #593, #940, #185, .T. ) ;
#540 = CARTESIAN_POINT ( 'NONE',  ( 81.66804284266203240, 17.05521837690644205, 31.60934126924255239 ) ) ;
#541 = EDGE_LOOP ( 'NONE', ( #808, #224, #614, #14 ) ) ;
#542 = CARTESIAN_POINT ( 'NONE',  ( 203.3875653161078958, 8.968733445444980745, 38.11479989489372855 ) ) ;
#543 = CARTESIAN_POINT ( 'NONE',  ( -400.0000000000000000, -66.97833345001701844, 38.30378571368542850 ) ) ;
#544 = DIRECTION ( 'NONE',  ( 0.9951279754992449211, 0.000000000000000000, 0.09859164456876791383 ) ) ;
#545 = CARTESIAN_POINT ( 'NONE',  ( 148.8061533368521907, 10.43219142529752475, 50.47760790527274821 ) ) ;
#546 = ORIENTED_EDGE ( 'NONE', *, *, #349, .F. ) ;
#547 = B_SPLINE_SURFACE_WITH_KNOTS ( 'NONE', 3, 3, ( 
 ( #96, #351, #333, #961 ),
 ( #1136, #858, #697, #1053 ),
 ( #876, #430, #344, #445 ),
 ( #1133, #1050, #361, #708 ),
 ( #1060, #618, #7, #971 ),
 ( #890, #1078, #987, #126 ),
 ( #460, #116, #223, #736 ),
 ( #826, #813, #207, #747 ),
 ( #472, #567, #556, #741 ),
 ( #29, #1083, #1000, #200 ) ),
 .UNSPECIFIED., .F., .F., .F.,
 ( 4, 3, 3, 4 ),
 ( 4, 4 ),
 ( -0.3045195271625126821, 0.000000000000000000, 1.000000000000000000, 1.304519527162289805 ),
 ( 0.000000000000000000, 1.000000000000000000 ),
 .UNSPECIFIED. ) ;
#548 = STYLED_ITEM ( 'NONE', ( #499 ), #802 ) ;
#549 = CARTESIAN_POINT ( 'NONE',  ( 203.3875653161078674, 9.220542151806327524, 38.31905963244314250 ) ) ;
#550 = CARTESIAN_POINT ( 'NONE',  ( 166.6045053099852566, 15.00140427866832127, 41.80378628403983043 ) ) ;
#551 = ORIENTED_EDGE ( 'NONE', *, *, #342, .F. ) ;
#552 = EDGE_CURVE ( 'NONE', #171, #1142, #421, .T. ) ;
#553 =( LENGTH_UNIT ( ) NAMED_UNIT ( * ) SI_UNIT ( .MILLI., .METRE. ) );
#554 = CARTESIAN_POINT ( 'NONE',  ( 203.3875653161078958, 8.995309244509865465, 38.47443781166899157 ) ) ;
#555 = CARTESIAN_POINT ( 'NONE',  ( 135.4806433169713387, 9.921787704528330920, 53.35693674182432034 ) ) ;
#556 = CARTESIAN_POINT ( 'NONE',  ( 81.66804284266204661, 17.05521837690644205, 47.71634890057764267 ) ) ;
#557 = CARTESIAN_POINT ( 'NONE',  ( 110.7980268555547383, 26.94131152793863393, 32.00342726642420388 ) ) ;
#558 = MANIFOLD_SOLID_BREP ( 'Cut-Extrude42', #357 ) ;
#559 = CARTESIAN_POINT ( 'NONE',  ( 118.9809416843430228, 26.94131152795532103, 44.60414390357303205 ) ) ;
#560 = CARTESIAN_POINT ( 'NONE',  ( 153.4387956202928933, 17.13519098166630883, 33.47043543122450160 ) ) ;
#561 = CARTESIAN_POINT ( 'NONE',  ( 71.48343140477371094, 10.99564918619403286, 30.40466050917411067 ) ) ;
#562 = VECTOR ( 'NONE', #1055, 1000.000000000000000 ) ;
#563 = CARTESIAN_POINT ( 'NONE',  ( 203.3875653161078958, 9.021885043574750185, 38.45610434823445445 ) ) ;
#564 = COLOUR_RGB ( '',1.000000000000000000, 1.000000000000000000, 1.000000000000000000 ) ;
#565 = FILL_AREA_STYLE_COLOUR ( '', #300 ) ;
#566 = CARTESIAN_POINT ( 'NONE',  ( 189.9881224493603895, 11.35651082226111619, 36.35826423144697372 ) ) ;
#567 = CARTESIAN_POINT ( 'NONE',  ( 109.8035840532583052, 21.02188504357430787, 52.36404607584987758 ) ) ;
#568 = ORIENTED_EDGE ( 'NONE', *, *, #448, .T. ) ;
#569 = EDGE_CURVE ( 'NONE', #940, #395, #774, .T. ) ;
#570 = CARTESIAN_POINT ( 'NONE',  ( 203.3875653161078958, 9.121885043574751606, 38.43787230154698875 ) ) ;
#571 = FACE_OUTER_BOUND ( 'NONE', #183, .T. ) ;
#572 = CARTESIAN_POINT ( 'NONE',  ( 800.0000000000000000, 1.380666549982312308, 76.60757142737205072 ) ) ;
#573 = CARTESIAN_POINT ( 'NONE',  ( 107.2518694371890149, 5.832789155888064236, 57.79697038614211380 ) ) ;
#574 = CARTESIAN_POINT ( 'NONE',  ( 126.9747635175433089, 20.43128139186178771, 30.80378558499862862 ) ) ;
#575 =( GEOMETRIC_REPRESENTATION_CONTEXT ( 3 ) GLOBAL_UNCERTAINTY_ASSIGNED_CONTEXT ( ( #1126 ) ) GLOBAL_UNIT_ASSIGNED_CONTEXT ( ( #314, #56, #643 ) ) REPRESENTATION_CONTEXT ( 'NONE', 'WORKASPACE' ) );
#576 = VECTOR ( 'NONE', #911, 1000.000000000000114 ) ;
#577 = CARTESIAN_POINT ( 'NONE',  ( 126.9747635175433089, 20.43128139186178771, 45.80378558499862152 ) ) ;
#578 = FACE_OUTER_BOUND ( 'NONE', #541, .T. ) ;
#579 = COLOUR_RGB ( '',1.000000000000000000, 1.000000000000000000, 1.000000000000000000 ) ;
#580 = ADVANCED_FACE ( 'NONE', ( #444 ), #547, .T. ) ;
#581 = CARTESIAN_POINT ( 'NONE',  ( 800.0000000000000000, 499.9999999999999432, 376.6075714273720791 ) ) ;
#582 = CARTESIAN_POINT ( 'NONE',  ( 154.3049549182350404, 24.98067273814152145, 36.56488306655446507 ) ) ;
#583 = DIRECTION ( 'NONE',  ( -1.000000000000000000, 1.445244750609761992E-16, -2.636779683484744811E-16 ) ) ;
#584 = FILL_AREA_STYLE ('',( #1026 ) ) ;
#585 = EDGE_LOOP ( 'NONE', ( #438, #162, #648 ) ) ;
#586 = PRESENTATION_LAYER_ASSIGNMENT (  '', '', ( #1124 ) ) ;
#587 = CARTESIAN_POINT ( 'NONE',  ( 133.9957178777713693, 9.864798844713046577, 22.96290590986295754 ) ) ;
#588 = CARTESIAN_POINT ( 'NONE',  ( 203.3875653161078958, 9.121885043574751606, 38.40403679852880003 ) ) ;
#589 = CARTESIAN_POINT ( 'NONE',  ( -400.0000000000000000, -66.97833345001701844, 38.30378571368542850 ) ) ;
#590 = CARTESIAN_POINT ( 'NONE',  ( 78.58057134883603112, 4.752039993945123442, 23.91654386765004858 ) ) ;
#591 = AXIS2_PLACEMENT_3D ( 'NONE', #1032, #695, #63 ) ;
#592 = CARTESIAN_POINT ( 'NONE',  ( 78.04481447107885117, 2.617117469113456885, 22.58164275995162740 ) ) ;
#593 = VERTEX_POINT ( 'NONE', #296 ) ;
#594 = FILL_AREA_STYLE ('',( #259 ) ) ;
#595 =( NAMED_UNIT ( * ) PLANE_ANGLE_UNIT ( ) SI_UNIT ( $, .RADIAN. ) );
#596 = UNCERTAINTY_MEASURE_WITH_UNIT (LENGTH_MEASURE( 1.000000000000000082E-05 ), #694, 'distance_accuracy_value', 'NONE');
#597 = CARTESIAN_POINT ( 'NONE',  ( 98.02511029549502553, 10.09418337091121742, 52.45766551272546963 ) ) ;
#598 = EDGE_CURVE ( 'NONE', #106, #1047, #905, .T. ) ;
#599 = EDGE_LOOP ( 'NONE', ( #401, #966, #81, #1128 ) ) ;
#600 = CARTESIAN_POINT ( 'NONE',  ( 123.6116364226960940, -4.114367727916264705, 45.80378558499862152 ) ) ;
#601 = SURFACE_STYLE_FILL_AREA ( #1122 ) ;
#602 = CARTESIAN_POINT ( 'NONE',  ( 47.97376091932576969, 11.35651082226113573, 36.35826423144698794 ) ) ;
#603 = ORIENTED_EDGE ( 'NONE', *, *, #609, .T. ) ;
#604 = CARTESIAN_POINT ( 'NONE',  ( -400.0000000000005684, 1.380666549982939140, -4.515049280888609689E-14 ) ) ;
#605 = UNCERTAINTY_MEASURE_WITH_UNIT (LENGTH_MEASURE( 1.000000000000000082E-05 ), #1118, 'distance_accuracy_value', 'NONE');
#606 = ORIENTED_EDGE ( 'NONE', *, *, #1058, .F. ) ;
#607 = PRESENTATION_LAYER_ASSIGNMENT (  '', '', ( #775 ) ) ;
#608 = CARTESIAN_POINT ( 'NONE',  ( 118.9809416843430228, -0.5454026196134096338, 61.78334024580384920 ) ) ;
#609 = EDGE_CURVE ( 'NONE', #1036, #101, #216, .T. ) ;
#610 = STYLED_ITEM ( 'NONE', ( #1063 ), #932 ) ;
#611 = DIRECTION ( 'NONE',  ( 0.000000000000000000, 0.000000000000000000, 1.000000000000000000 ) ) ;
#612 = CARTESIAN_POINT ( 'NONE',  ( 106.9490131787026854, 9.754381567216503512, 22.41983191193214964 ) ) ;
#613 = STYLED_ITEM ( 'NONE', ( #778 ), #1046 ) ;
#614 = ORIENTED_EDGE ( 'NONE', *, *, #850, .T. ) ;
#615 = FACE_OUTER_BOUND ( 'NONE', #1125, .T. ) ;
#616 = PRESENTATION_STYLE_ASSIGNMENT (( #533 ) ) ;
#617 = SHAPE_DEFINITION_REPRESENTATION ( #163, #184 ) ;
#618 = CARTESIAN_POINT ( 'NONE',  ( 109.8035840532583052, 21.02188504357430787, 34.97045238035267545 ) ) ;
#619 = CARTESIAN_POINT ( 'NONE',  ( 86.20602751623025028, 10.53819322861441066, 26.82211212692003244 ) ) ;
#620 = EDGE_LOOP ( 'NONE', ( #882, #264, #1135, #717 ) ) ;
#621 =( NAMED_UNIT ( * ) SI_UNIT ( $, .STERADIAN. ) SOLID_ANGLE_UNIT ( ) );
#622 = CARTESIAN_POINT ( 'NONE',  ( 128.6466574219874417, 20.36547716133670605, 45.63725053254545116 ) ) ;
#623 = CARTESIAN_POINT ( 'NONE',  ( 103.9683931991148711, 9.864714503746139229, 22.96248448243837004 ) ) ;
#624 = ORIENTED_EDGE ( 'NONE', *, *, #609, .F. ) ;
#625 = ADVANCED_FACE ( 'NONE', ( #21, #722 ), #283, .F. ) ;
#626 = COLOUR_RGB ( '',1.000000000000000000, 1.000000000000000000, 1.000000000000000000 ) ;
#627 =( GEOMETRIC_REPRESENTATION_CONTEXT ( 3 ) GLOBAL_UNCERTAINTY_ASSIGNED_CONTEXT ( ( #348 ) ) GLOBAL_UNIT_ASSIGNED_CONTEXT ( ( #33, #1090, #646 ) ) REPRESENTATION_CONTEXT ( 'NONE', 'WORKASPACE' ) );
#628 = LINE ( 'NONE', #281, #668 ) ;
#629 = CIRCLE ( 'NONE', #832, 78.35899999999956833 ) ;
#630 = CARTESIAN_POINT ( 'NONE',  ( 130.3039532164974048, 20.18678812422341196, 31.13694176814087200 ) ) ;
#631 = CARTESIAN_POINT ( 'NONE',  ( 135.2707515599989847, 19.60558196907873807, 44.97065745451173058 ) ) ;
#632 = CARTESIAN_POINT ( 'NONE',  ( 122.7644804492432797, 9.507375125393473070, 55.33539187897512335 ) ) ;
#633 = ORIENTED_EDGE ( 'NONE', *, *, #752, .T. ) ;
#634 = PLANE ( 'NONE',  #1129 ) ;
#635 = CARTESIAN_POINT ( 'NONE',  ( 118.9809416843430228, -0.5454026197839033641, 61.78334024591040929 ) ) ;
#636 = CARTESIAN_POINT ( 'NONE',  ( -399.9999999999997726, 500.0000000000000000, -300.0000000000001137 ) ) ;
#637 = CARTESIAN_POINT ( 'NONE',  ( 108.4427976303031613, 9.701050307530261207, 22.16502648203257664 ) ) ;
#638 = DIRECTION ( 'NONE',  ( 0.1357469278298366333, 0.9907435448110479825, 1.735990701098221031E-18 ) ) ;
#639 = CARTESIAN_POINT ( 'NONE',  ( 118.9809416843430228, 9.021885043574553009, 55.80378545631124609 ) ) ;
#640 = CARTESIAN_POINT ( 'NONE',  ( 189.8910294642956273, 11.37252493609114801, 37.00305953413917592 ) ) ;
#641 = CARTESIAN_POINT ( 'NONE',  ( 126.9875273681563215, 20.52443784706810348, 35.80378558499865704 ) ) ;
#642 = VECTOR ( 'NONE', #427, 1000.000000000000000 ) ;
#643 =( NAMED_UNIT ( * ) SI_UNIT ( $, .STERADIAN. ) SOLID_ANGLE_UNIT ( ) );
#644 = B_SPLINE_CURVE_WITH_KNOTS ( 'NONE', 3,
 ( #680, #262, #504, #952, #765, #785, #169, #855, #597, #944, #1039, #845, #437, #665, #55, #1025, #238, #1114, #411, #62 ),
 .UNSPECIFIED., .F., .F.,
 ( 4, 2, 2, 2, 2, 2, 2, 2, 2, 4 ),
 ( 0.000000000000000000, 0.01819051778764184044, 0.03638103557528368087, 0.04547629446910458201, 0.05457155336292548314, 0.05911918280983594065, 0.06366681225674639122, 0.06821444170365684179, 0.07048825642711206707, 0.07276207115056727848 ),
 .UNSPECIFIED. ) ;
#645 = EDGE_CURVE ( 'NONE', #1047, #423, #941, .T. ) ;
#646 =( NAMED_UNIT ( * ) SI_UNIT ( $, .STERADIAN. ) SOLID_ANGLE_UNIT ( ) );
#647 = CARTESIAN_POINT ( 'NONE',  ( 118.9809416843430228, 21.02188504357430787, 22.21339517043577061 ) ) ;
#648 = ORIENTED_EDGE ( 'NONE', *, *, #539, .F. ) ;
#649 =( NAMED_UNIT ( * ) PLANE_ANGLE_UNIT ( ) SI_UNIT ( $, .RADIAN. ) );
#650 = COLOUR_RGB ( '',1.000000000000000000, 1.000000000000000000, 1.000000000000000000 ) ;
#651 = SURFACE_STYLE_FILL_AREA ( #584 ) ;
#652 = COLOUR_RGB ( '',1.000000000000000000, 1.000000000000000000, 1.000000000000000000 ) ;
#653 = LINE ( 'NONE', #104, #253 ) ;
#654 = CARTESIAN_POINT ( 'NONE',  ( 83.65692844725455757, 24.98067272540408723, 40.04268811140710937 ) ) ;
#655 = LINE ( 'NONE', #24, #156 ) ;
#656 = SURFACE_SIDE_STYLE ('',( #1009 ) ) ;
#657 = CARTESIAN_POINT ( 'NONE',  ( 34.57431805257817103, 9.088551710241418391, 38.41011397584145470 ) ) ;
#658 = CARTESIAN_POINT ( 'NONE',  ( 166.6198510575256648, 15.11340460574046674, 34.80378488595742681 ) ) ;
#659 = CARTESIAN_POINT ( 'NONE',  ( 158.8455551421023983, 6.886962518738745764, 51.35612619467256934 ) ) ;
#660 = CARTESIAN_POINT ( 'NONE',  ( 107.7876263149462943, 9.021885043608390831, 55.80378545631124609 ) ) ;
#661 = VECTOR ( 'NONE', #1051, 1000.000000000000000 ) ;
#662 = COLOUR_RGB ( '',1.000000000000000000, 1.000000000000000000, 1.000000000000000000 ) ;
#663 = CARTESIAN_POINT ( 'NONE',  ( 128.1582993154277403, 21.02188504357430787, 24.24352535151917110 ) ) ;
#664 = CARTESIAN_POINT ( 'NONE',  ( 118.9809416843430228, 26.94131153746875995, 32.00342727237011076 ) ) ;
#665 = CARTESIAN_POINT ( 'NONE',  ( 111.4362483813675482, 9.603547356480527597, 54.89905515226595156 ) ) ;
#666 = EDGE_CURVE ( 'NONE', #122, #395, #5, .T. ) ;
#667 = FILL_AREA_STYLE_COLOUR ( '', #662 ) ;
#668 = VECTOR ( 'NONE', #440, 1000.000000000000000 ) ;
#669 = CARTESIAN_POINT ( 'NONE',  ( 156.2938405260240131, 17.05521837690644205, 31.60934126924255239 ) ) ;
#670 = DIRECTION ( 'NONE',  ( 1.000000000000000000, -1.445244750609761746E-16, 0.000000000000000000 ) ) ;
#671 = CARTESIAN_POINT ( 'NONE',  ( 109.1315981404876254, 17.02188504358566945, 25.80378571368600049 ) ) ;
#672 = CARTESIAN_POINT ( 'NONE',  ( 123.6116364226960940, -4.114367727916264705, 30.80378558499862862 ) ) ;
#673 = UNCERTAINTY_MEASURE_WITH_UNIT (LENGTH_MEASURE( 1.000000000000000082E-05 ), #409, 'distance_accuracy_value', 'NONE');
#674 = CARTESIAN_POINT ( 'NONE',  ( -400.0000000000005684, 1.380666549982929814, -1.054711873393899344E-13 ) ) ;
#675 = ORIENTED_EDGE ( 'NONE', *, *, #738, .T. ) ;
#676 = PLANE ( 'NONE',  #23 ) ;
#677 = PRESENTATION_STYLE_ASSIGNMENT (( #860 ) ) ;
#678 = CARTESIAN_POINT ( 'NONE',  ( -400.0000000000000000, 1.380666549982939140, -8.465450562766811048E-14 ) ) ;
#679 = EDGE_CURVE ( 'NONE', #520, #90, #745, .T. ) ;
#680 = CARTESIAN_POINT ( 'NONE',  ( 47.97376095729514844, 11.35651082852364269, 40.24930694376902807 ) ) ;
#681 = FILL_AREA_STYLE ('',( #513 ) ) ;
#682 = ORIENTED_EDGE ( 'NONE', *, *, #425, .F. ) ;
#683 = FILL_AREA_STYLE_COLOUR ( '', #137 ) ;
#684 = COLOUR_RGB ( '',1.000000000000000000, 1.000000000000000000, 1.000000000000000000 ) ;
#685 =( NAMED_UNIT ( * ) SI_UNIT ( $, .STERADIAN. ) SOLID_ANGLE_UNIT ( ) );
#686 = CARTESIAN_POINT ( 'NONE',  ( 151.7572049635943472, 10.53824038340526847, 26.82243086794247944 ) ) ;
#687 = B_SPLINE_CURVE_WITH_KNOTS ( 'NONE', 3,
 ( #903, #729, #110, #1076, #206, #713 ),
 .UNSPECIFIED., .F., .F.,
 ( 4, 2, 4 ),
 ( 0.000000000000000000, 0.001951311854420384332, 0.003902623708840768663 ),
 .UNSPECIFIED. ) ;
#688 = UNCERTAINTY_MEASURE_WITH_UNIT (LENGTH_MEASURE( 1.000000000000000082E-05 ), #1116, 'distance_accuracy_value', 'NONE');
#689 = DIRECTION ( 'NONE',  ( -1.000000000000000000, 0.000000000000000000, -2.636779683484744811E-16 ) ) ;
#690 = CARTESIAN_POINT ( 'NONE',  ( 118.9809416843430228, -0.5454026196134096338, 14.82423092419340271 ) ) ;
#691 = ORIENTED_EDGE ( 'NONE', *, *, #161, .T. ) ;
#692 = FILL_AREA_STYLE ('',( #667 ) ) ;
#693 = SURFACE_SIDE_STYLE ('',( #334 ) ) ;
#694 =( LENGTH_UNIT ( ) NAMED_UNIT ( * ) SI_UNIT ( .MILLI., .METRE. ) );
#695 = DIRECTION ( 'NONE',  ( 0.9907435448110479825, -0.1357469278298366333, 0.000000000000000000 ) ) ;
#696 = ORIENTED_EDGE ( 'NONE', *, *, #486, .F. ) ;
#697 = CARTESIAN_POINT ( 'NONE',  ( 81.66804284266201819, 17.05521837690644205, 28.89122252679237945 ) ) ;
#698 = CARTESIAN_POINT ( 'NONE',  ( 800.0000000000001137, 1.380666549982761060, -299.9999999999997158 ) ) ;
#699 = EDGE_CURVE ( 'NONE', #101, #892, #653, .T. ) ;
#700 = FACE_OUTER_BOUND ( 'NONE', #919, .T. ) ;
#701 = VECTOR ( 'NONE', #746, 1000.000000000000000 ) ;
#702 = LINE ( 'NONE', #271, #562 ) ;
#703 = UNCERTAINTY_MEASURE_WITH_UNIT (LENGTH_MEASURE( 1.000000000000000082E-05 ), #869, 'distance_accuracy_value', 'NONE');
#704 = ORIENTED_EDGE ( 'NONE', *, *, #712, .F. ) ;
#705 = PRESENTATION_LAYER_ASSIGNMENT (  '', '', ( #59 ) ) ;
#706 = SURFACE_SIDE_STYLE ('',( #265 ) ) ;
#707 = CARTESIAN_POINT ( 'NONE',  ( 118.9809416843430085, 9.464361222779098526, 21.08033332568885498 ) ) ;
#708 = CARTESIAN_POINT ( 'NONE',  ( 34.57431805257817103, 9.121885043574751606, 38.22045238035229886 ) ) ;
#709 = CARTESIAN_POINT ( 'NONE',  ( 109.8035840532582910, 21.02188504357430787, 28.30378571368599694 ) ) ;
#710 = VERTEX_POINT ( 'NONE', #458 ) ;
#711 = SURFACE_STYLE_FILL_AREA ( #359 ) ;
#712 = EDGE_CURVE ( 'NONE', #482, #827, #85, .T. ) ;
#713 = CARTESIAN_POINT ( 'NONE',  ( 47.97376095729514844, 11.35651082852364269, 40.24930694376902807 ) ) ;
#714 = CARTESIAN_POINT ( 'NONE',  ( 131.0128701824772293, 9.754381628366809664, 54.18773922001241061 ) ) ;
#715 = APPLICATION_PROTOCOL_DEFINITION ( 'draft international standard', 'automotive_design', 1998, #916 ) ;
#716 = CARTESIAN_POINT ( 'NONE',  ( 118.9809416843430228, 32.86073801233634128, 35.70306881916242503 ) ) ;
#717 = ORIENTED_EDGE ( 'NONE', *, *, #992, .T. ) ;
#718 = PLANE ( 'NONE',  #980 ) ;
#719 = PRESENTATION_STYLE_ASSIGNMENT (( #1057 ) ) ;
#720 = CARTESIAN_POINT ( 'NONE',  ( 118.9809416843430228, 5.832789155788400848, 57.79697038617763383 ) ) ;
#721 = DIRECTION ( 'NONE',  ( 1.000000000000000000, -1.445244750609761746E-16, 2.636779683484744811E-16 ) ) ;
#722 = FACE_OUTER_BOUND ( 'NONE', #45, .T. ) ;
#723 = SURFACE_SIDE_STYLE ('',( #789 ) ) ;
#724 = ORIENTED_EDGE ( 'NONE', *, *, #1029, .T. ) ;
#725 = MECHANICAL_DESIGN_GEOMETRIC_PRESENTATION_REPRESENTATION (  '', ( #775 ), #913 ) ;
#726 = SURFACE_STYLE_FILL_AREA ( #810 ) ;
#727 =( GEOMETRIC_REPRESENTATION_CONTEXT ( 3 ) GLOBAL_UNCERTAINTY_ASSIGNED_CONTEXT ( ( #336 ) ) GLOBAL_UNIT_ASSIGNED_CONTEXT ( ( #521, #859, #1109 ) ) REPRESENTATION_CONTEXT ( 'NONE', 'WORKASPACE' ) );
#728 = CARTESIAN_POINT ( 'NONE',  ( 128.6466574219874701, 20.36547716133670605, 30.97032063745180253 ) ) ;
#729 = CARTESIAN_POINT ( 'NONE',  ( 48.07085420868622094, 11.37252498628043895, 37.00306155496955540 ) ) ;
#730 = VECTOR ( 'NONE', #204, 1000.000000000000000 ) ;
#731 = CARTESIAN_POINT ( 'NONE',  ( 47.97376091932576969, 11.35651082226113573, 36.35826423144698794 ) ) ;
#732 = PRESENTATION_LAYER_ASSIGNMENT (  '', '', ( #613 ) ) ;
#733 = CARTESIAN_POINT ( 'NONE',  ( 87.04096729636455620, 17.80009363646890463, 30.98861188627383356 ) ) ;
#734 = CARTESIAN_POINT ( 'NONE',  ( 34.57431805257811419, 8.942157646381517111, 38.51110473853708527 ) ) ;
#735 = CARTESIAN_POINT ( 'NONE',  ( 126.9875273681563215, 20.52443784706810348, 30.80378558499862862 ) ) ;
#736 = CARTESIAN_POINT ( 'NONE',  ( 34.57431805257815682, 9.121885043574751606, 38.38711904701970923 ) ) ;
#737 = ORIENTED_EDGE ( 'NONE', *, *, #212, .F. ) ;
#738 = EDGE_CURVE ( 'NONE', #796, #1142, #629, .T. ) ;
#739 = PRESENTATION_STYLE_ASSIGNMENT (( #386 ) ) ;
#740 = CARTESIAN_POINT ( 'NONE',  ( 128.1582993154277403, 21.02188504357430787, 48.30378545631125320 ) ) ;
#741 = CARTESIAN_POINT ( 'NONE',  ( 34.57431805257814261, 9.121885043574751606, 38.42095455003789084 ) ) ;
#742 = ORIENTED_EDGE ( 'NONE', *, *, #139, .F. ) ;
#743 = FILL_AREA_STYLE ('',( #313 ) ) ;
#744 = CARTESIAN_POINT ( 'NONE',  ( 108.4596122277169599, 13.02188504359702925, 53.30378545631124609 ) ) ;
#745 = B_SPLINE_CURVE_WITH_KNOTS ( 'NONE', 3,
 ( #970, #191, #277, #285 ),
 .UNSPECIFIED., .F., .F.,
 ( 4, 4 ),
 ( 0.09876955189446559591, 1.000000000000000000 ),
 .UNSPECIFIED. ) ;
#746 = DIRECTION ( 'NONE',  ( 3.391324762048856841E-16, 4.471856845213226073E-33, -1.000000000000000000 ) ) ;
#747 = CARTESIAN_POINT ( 'NONE',  ( 34.57431805257814972, 9.121885043574751606, 38.40403679852880003 ) ) ;
#748 = CARTESIAN_POINT ( 'NONE',  ( 126.9875273681563215, 20.52443784706810348, 30.80378558499862862 ) ) ;
#749 = PLANE ( 'NONE',  #886 ) ;
#750 =( NAMED_UNIT ( * ) PLANE_ANGLE_UNIT ( ) SI_UNIT ( $, .RADIAN. ) );
#751 = CARTESIAN_POINT ( 'NONE',  ( 82.66248564495829498, 21.01794555115526464, 42.52045900608091245 ) ) ;
#752 = EDGE_CURVE ( 'NONE', #395, #90, #878, .T. ) ;
#753 = EDGE_LOOP ( 'NONE', ( #691, #875, #363, #954, #989, #675 ) ) ;
#754 = CARTESIAN_POINT ( 'NONE',  ( 106.1803556816745129, -0.5454026195525901732, 61.78334024580384920 ) ) ;
#755 = CARTESIAN_POINT ( 'NONE',  ( 128.1582993154277119, 21.02188504357430787, 50.33391589476804739 ) ) ;
#756 = ADVANCED_FACE ( 'NONE', ( #571 ), #718, .F. ) ;
#757 = CARTESIAN_POINT ( 'NONE',  ( 203.3875653161078674, 9.121885043574751606, 38.22045238035229886 ) ) ;
#758 = CARTESIAN_POINT ( 'NONE',  ( 118.9809416843430228, 13.02188504357447130, 53.30378545631124609 ) ) ;
#759 = FILL_AREA_STYLE ('',( #491 ) ) ;
#760 = PLANE ( 'NONE',  #284 ) ;
#761 = CARTESIAN_POINT ( 'NONE',  ( 120.4974747932968171, 9.471200245162673781, 21.11064525795776703 ) ) ;
#762 = CARTESIAN_POINT ( 'NONE',  ( 106.1803556816745129, -0.5454026195525901732, 14.82423092419340271 ) ) ;
#763 =( GEOMETRIC_REPRESENTATION_CONTEXT ( 3 ) GLOBAL_UNCERTAINTY_ASSIGNED_CONTEXT ( ( #261 ) ) GLOBAL_UNIT_ASSIGNED_CONTEXT ( ( #553, #365, #621 ) ) REPRESENTATION_CONTEXT ( 'NONE', 'WORKASPACE' ) );
#764 = CARTESIAN_POINT ( 'NONE',  ( 203.3875653161078674, 9.121885043574751606, 38.33156349146391051 ) ) ;
#765 = CARTESIAN_POINT ( 'NONE',  ( 77.36413710965817359, 10.83223266355699899, 47.66754937663161940 ) ) ;
#766 = FACE_OUTER_BOUND ( 'NONE', #179, .T. ) ;
#767 = EDGE_CURVE ( 'NONE', #536, #9, #1017, .T. ) ;
#768 = DIRECTION ( 'NONE',  ( 0.9951279754992449211, 0.000000000000000000, -0.09859164456876791383 ) ) ;
#769 =( NAMED_UNIT ( * ) SI_UNIT ( $, .STERADIAN. ) SOLID_ANGLE_UNIT ( ) );
#770 =( LENGTH_UNIT ( ) NAMED_UNIT ( * ) SI_UNIT ( .MILLI., .METRE. ) );
#771 = CARTESIAN_POINT ( 'NONE',  ( 118.9809416843430228, 21.02188504357430787, 28.30378571368600760 ) ) ;
#772 = EDGE_LOOP ( 'NONE', ( #603, #287, #606, #1056, #462, #130 ) ) ;
#773 = SURFACE_STYLE_FILL_AREA ( #594 ) ;
#774 = LINE ( 'NONE', #1037, #164 ) ;
#775 = STYLED_ITEM ( 'NONE', ( #1087 ), #72 ) ;
#776 = LINE ( 'NONE', #529, #909 ) ;
#777 = PRESENTATION_LAYER_ASSIGNMENT (  '', '', ( #1005 ) ) ;
#778 = PRESENTATION_STYLE_ASSIGNMENT (( #74 ) ) ;
#779 = CARTESIAN_POINT ( 'NONE',  ( 108.4596122277169599, 13.02188504359702925, 23.30378571368600404 ) ) ;
#780 = VERTEX_POINT ( 'NONE', #304 ) ;
#781 = FACE_OUTER_BOUND ( 'NONE', #1066, .T. ) ;
#782 = PRESENTATION_LAYER_ASSIGNMENT (  '', '', ( #436 ) ) ;
#783 = UNCERTAINTY_MEASURE_WITH_UNIT (LENGTH_MEASURE( 1.000000000000000082E-05 ), #770, 'distance_accuracy_value', 'NONE');
#784 = EDGE_CURVE ( 'NONE', #297, #455, #655, .T. ) ;
#785 = CARTESIAN_POINT ( 'NONE',  ( 86.20467842351555987, 10.53824042500691149, 49.78514027839142386 ) ) ;
#786 = CARTESIAN_POINT ( 'NONE',  ( 118.9809416843430228, 21.02188504357430787, 28.30378571368600404 ) ) ;
#787 = ORIENTED_EDGE ( 'NONE', *, *, #147, .F. ) ;
#788 = SURFACE_SIDE_STYLE ('',( #443 ) ) ;
#789 = SURFACE_STYLE_FILL_AREA ( #373 ) ;
#790 = EDGE_LOOP ( 'NONE', ( #30, #633, #167, #527 ) ) ;
#791 = DIRECTION ( 'NONE',  ( 3.391324762048856841E-16, -3.108046227791779583E-17, -1.000000000000000000 ) ) ;
#792 = VECTOR ( 'NONE', #812, 1000.000000000000000 ) ;
#793 = SURFACE_STYLE_FILL_AREA ( #176 ) ;
#794 = COLOUR_RGB ( '',1.000000000000000000, 1.000000000000000000, 1.000000000000000000 ) ;
#795 = CARTESIAN_POINT ( 'NONE',  ( 112.9393328733937807, 9.559073458831322867, 21.50546436664579630 ) ) ;
#796 = VERTEX_POINT ( 'NONE', #572 ) ;
#797 = CARTESIAN_POINT ( 'NONE',  ( 158.8455551421023983, 6.886962518738745764, 25.25144497532468435 ) ) ;
#798 = VECTOR ( 'NONE', #1065, 1000.000000000000114 ) ;
#799 = CARTESIAN_POINT ( 'NONE',  ( 178.2366269475014349, 11.23895134189042544, 43.24286527528371948 ) ) ;
#800 = FILL_AREA_STYLE_COLOUR ( '', #650 ) ;
#801 = EDGE_LOOP ( 'NONE', ( #388, #1072, #1014, #857 ) ) ;
#802 = ADVANCED_FACE ( 'NONE', ( #65 ), #760, .T. ) ;
#803 = ADVANCED_FACE ( 'NONE', ( #235 ), #676, .F. ) ;
#804 = CARTESIAN_POINT ( 'NONE',  ( 133.6160953318518523, 19.80699881692796183, 45.13732559490747320 ) ) ;
#805 = CARTESIAN_POINT ( 'NONE',  ( 120.4990889152833375, 9.471217043350645071, 55.49685157539642688 ) ) ;
#806 =( LENGTH_UNIT ( ) NAMED_UNIT ( * ) SI_UNIT ( .MILLI., .METRE. ) );
#807 = CARTESIAN_POINT ( 'NONE',  ( 118.2203163671372579, 9.464361222778732596, 21.08033332568723139 ) ) ;
#808 = ORIENTED_EDGE ( 'NONE', *, *, #161, .F. ) ;
#809 = CARTESIAN_POINT ( 'NONE',  ( 118.9809416843430228, 21.02188504357430787, 54.39417625693209146 ) ) ;
#810 = FILL_AREA_STYLE ('',( #108 ) ) ;
#811 = DIRECTION ( 'NONE',  ( -0.9858266747532454799, 0.1350732418811559921, 0.09950370180387027585 ) ) ;
#812 = DIRECTION ( 'NONE',  ( -1.445244750609761746E-16, -1.000000000000000000, -7.407222972072502922E-33 ) ) ;
#813 = CARTESIAN_POINT ( 'NONE',  ( 109.8035840532583052, 21.02188504357430787, 50.33391589476794792 ) ) ;
#814 = COLOUR_RGB ( '',1.000000000000000000, 1.000000000000000000, 1.000000000000000000 ) ;
#815 = CARTESIAN_POINT ( 'NONE',  ( 84.65137124955082015, 28.94339989965290982, 37.56491721673332052 ) ) ;
#816 = CARTESIAN_POINT ( 'NONE',  ( 131.2457708092733526, 2.643693268054072565, 59.79015531604401446 ) ) ;
#817 = AXIS2_PLACEMENT_3D ( 'NONE', #900, #981, #544 ) ;
#818 = ORIENTED_EDGE ( 'NONE', *, *, #448, .F. ) ;
#819 =( GEOMETRIC_REPRESENTATION_CONTEXT ( 3 ) GLOBAL_UNCERTAINTY_ASSIGNED_CONTEXT ( ( #1038 ) ) GLOBAL_UNIT_ASSIGNED_CONTEXT ( ( #220, #457, #1067 ) ) REPRESENTATION_CONTEXT ( 'NONE', 'WORKASPACE' ) );
#820 = SURFACE_STYLE_FILL_AREA ( #209 ) ;
#821 = ORIENTED_EDGE ( 'NONE', *, *, #992, .F. ) ;
#822 = CARTESIAN_POINT ( 'NONE',  ( 153.3105121143405540, 28.94339991875906293, 39.04265396521041254 ) ) ;
#823 = CARTESIAN_POINT ( 'NONE',  ( 128.1582993154277119, 21.02188504357430787, 54.39417625693209857 ) ) ;
#824 = CARTESIAN_POINT ( 'NONE',  ( 34.57431805257815682, 9.021885043574750185, 38.45610434823445445 ) ) ;
#825 = CARTESIAN_POINT ( 'NONE',  ( 189.9881224113908900, 11.35651082852363913, 40.24930694376903517 ) ) ;
#826 = CARTESIAN_POINT ( 'NONE',  ( 118.9809416843430228, 21.02188504357430787, 50.33391589476794081 ) ) ;
#827 = VERTEX_POINT ( 'NONE', #865 ) ;
#828 = CARTESIAN_POINT ( 'NONE',  ( 203.3875653161078674, 9.055218376908085176, 38.17446200795929911 ) ) ;
#829 = DIRECTION ( 'NONE',  ( -1.445244750609761746E-16, -1.000000000000000000, 3.108046227791774653E-17 ) ) ;
#830 = CARTESIAN_POINT ( 'NONE',  ( 79.65208510435037681, 9.021885043608456556, 50.02122508695035918 ) ) ;
#831 = AXIS2_PLACEMENT_3D ( 'NONE', #600, #1030, #768 ) ;
#832 = AXIS2_PLACEMENT_3D ( 'NONE', #203, #964, #907 ) ;
#833 = PLANE ( 'NONE',  #831 ) ;
#834 = CARTESIAN_POINT ( 'NONE',  ( 156.2938405260239847, 17.05521837690644205, 44.99823015812945926 ) ) ;
#835 = CARTESIAN_POINT ( 'NONE',  ( 203.3875653161078958, 9.021885043574750185, 38.15146682176279569 ) ) ;
#836 = PRESENTATION_STYLE_ASSIGNMENT (( #390 ) ) ;
#837 = CARTESIAN_POINT ( 'NONE',  ( 34.57431805257817103, 9.171213597611259871, 38.35308921109873381 ) ) ;
#838 = ADVANCED_FACE ( 'NONE', ( #433, #781 ), #347, .F. ) ;
#839 = FILL_AREA_STYLE ('',( #213 ) ) ;
#840 = CARTESIAN_POINT ( 'NONE',  ( 128.1582993154277403, 21.02188504357430787, 28.30378571368599694 ) ) ;
#841 = CARTESIAN_POINT ( 'NONE',  ( 130.1742570537397512, 9.021885043608390831, 20.80378571368600404 ) ) ;
#842 = CARTESIAN_POINT ( 'NONE',  ( 159.9170688976358292, 2.617117468999320629, 54.02592841011698965 ) ) ;
#843 = B_SPLINE_CURVE_WITH_KNOTS ( 'NONE', 3,
 ( #825, #471, #1018, #317 ),
 .UNSPECIFIED., .F., .F.,
 ( 4, 4 ),
 ( 0.09876955189446559591, 1.000000000000000000 ),
 .UNSPECIFIED. ) ;
#844 = CARTESIAN_POINT ( 'NONE',  ( 118.9809416843430228, 21.02188504357430787, 48.30378571368601115 ) ) ;
#845 = CARTESIAN_POINT ( 'NONE',  ( 106.9472311005018952, 9.754445719559001304, 54.18743060184593219 ) ) ;
#846 = SURFACE_SIDE_STYLE ('',( #241 ) ) ;
#847 =( GEOMETRIC_REPRESENTATION_CONTEXT ( 3 ) GLOBAL_UNCERTAINTY_ASSIGNED_CONTEXT ( ( #517 ) ) GLOBAL_UNIT_ASSIGNED_CONTEXT ( ( #254, #523, #685 ) ) REPRESENTATION_CONTEXT ( 'NONE', 'WORKASPACE' ) );
#848 = CARTESIAN_POINT ( 'NONE',  ( 128.1582993154277119, 21.02188504357430787, 41.63711904701933975 ) ) ;
#849 = CARTESIAN_POINT ( 'NONE',  ( 118.9809416843430228, 5.832789155845231832, 18.81060078385513634 ) ) ;
#850 = EDGE_CURVE ( 'NONE', #171, #101, #884, .T. ) ;
#851 =( NAMED_UNIT ( * ) PLANE_ANGLE_UNIT ( ) SI_UNIT ( $, .RADIAN. ) );
#852 = COLOUR_RGB ( '',1.000000000000000000, 1.000000000000000000, 1.000000000000000000 ) ;
#853 = CARTESIAN_POINT ( 'NONE',  ( 148.8074500047856077, 10.43223895175689364, 26.13026270029026676 ) ) ;
#854 = CARTESIAN_POINT ( 'NONE',  ( 156.2938405260239847, 17.05521837690644205, 47.71634890057777056 ) ) ;
#855 = CARTESIAN_POINT ( 'NONE',  ( 95.06487017880697010, 10.21030342860407458, 51.81325346577617807 ) ) ;
#856 = CARTESIAN_POINT ( 'NONE',  ( 80.99605692989148054, 14.37744059914044570, 29.93500954051066643 ) ) ;
#857 = ORIENTED_EDGE ( 'NONE', *, *, #484, .F. ) ;
#858 = CARTESIAN_POINT ( 'NONE',  ( 109.8035840532582910, 21.02188504357430787, 24.24352535151916399 ) ) ;
#859 =( NAMED_UNIT ( * ) PLANE_ANGLE_UNIT ( ) SI_UNIT ( $, .RADIAN. ) );
#860 = SURFACE_STYLE_USAGE ( .BOTH. , #693 ) ;
#861 = UNCERTAINTY_MEASURE_WITH_UNIT (LENGTH_MEASURE( 1.000000000000000082E-05 ), #1141, 'distance_accuracy_value', 'NONE');
#862 =( NAMED_UNIT ( * ) PLANE_ANGLE_UNIT ( ) SI_UNIT ( $, .RADIAN. ) );
#863 = CARTESIAN_POINT ( 'NONE',  ( 80.32407101712094288, 11.69966282137445290, 28.26067781177878047 ) ) ;
#864 = ORIENTED_EDGE ( 'NONE', *, *, #305, .T. ) ;
#865 = CARTESIAN_POINT ( 'NONE',  ( 189.9881224113908900, 11.35651082852363913, 40.24930694376903517 ) ) ;
#866 = SURFACE_SIDE_STYLE ('',( #255 ) ) ;
#867 = CARTESIAN_POINT ( 'NONE',  ( -400.0000000000001137, 500.0000000000000000, 376.6075714273717381 ) ) ;
#868 =( NAMED_UNIT ( * ) SI_UNIT ( $, .STERADIAN. ) SOLID_ANGLE_UNIT ( ) );
#869 =( LENGTH_UNIT ( ) NAMED_UNIT ( * ) SI_UNIT ( .MILLI., .METRE. ) );
#870 = ORIENTED_EDGE ( 'NONE', *, *, #738, .F. ) ;
#871 = PRESENTATION_LAYER_ASSIGNMENT (  '', '', ( #82 ) ) ;
#872 = CARTESIAN_POINT ( 'NONE',  ( 126.9875273681563215, 20.52443784706810348, 30.80378558499862862 ) ) ;
#873 = SURFACE_SIDE_STYLE ('',( #793 ) ) ;
#874 = CARTESIAN_POINT ( 'NONE',  ( 79.11632822659319686, 6.886962518776790887, 25.25144497534847332 ) ) ;
#875 = ORIENTED_EDGE ( 'NONE', *, *, #413, .T. ) ;
#876 = CARTESIAN_POINT ( 'NONE',  ( 118.9809416843430228, 21.02188504357430787, 26.27365553260258579 ) ) ;
#877 = DIRECTION ( 'NONE',  ( 0.9907435448110479825, -0.1357469278298366056, 0.000000000000000000 ) ) ;
#878 = LINE ( 'NONE', #1117, #394 ) ;
#879 = PRESENTATION_STYLE_ASSIGNMENT (( #538 ) ) ;
#880 = CARTESIAN_POINT ( 'NONE',  ( -400.0000000000000000, 500.0000000000000000, 376.6075714273717949 ) ) ;
#881 = CARTESIAN_POINT ( 'NONE',  ( 112.7869124601476045, 38.78016449666727539, 39.40271037190061776 ) ) ;
#882 = ORIENTED_EDGE ( 'NONE', *, *, #19, .F. ) ;
#883 = CARTESIAN_POINT ( 'NONE',  ( 118.9809416843430228, 5.832789155788400848, 18.81060078381961631 ) ) ;
#884 = LINE ( 'NONE', #604, #515 ) ;
#885 = B_SPLINE_CURVE_WITH_KNOTS ( 'NONE', 3,
 ( #1115, #419, #934, #786 ),
 .UNSPECIFIED., .F., .F.,
 ( 4, 4 ),
 ( 0.09876955160249652199, 1.000000000000000000 ),
 .UNSPECIFIED. ) ;
#886 = AXIS2_PLACEMENT_3D ( 'NONE', #257, #417, #670 ) ;
#887 = CARTESIAN_POINT ( 'NONE',  ( 143.5354914964248394, 18.53000373619057228, 44.13723318193017775 ) ) ;
#888 = CARTESIAN_POINT ( 'NONE',  ( 151.7558558340469119, 10.53819327021787267, 49.78545901940952234 ) ) ;
#889 = PRODUCT_CONTEXT ( 'NONE', #916, 'mechanical' ) ;
#890 = CARTESIAN_POINT ( 'NONE',  ( 118.9809416843430228, 21.02188504357430787, 41.63711904701933975 ) ) ;
#891 = CARTESIAN_POINT ( 'NONE',  ( 203.3875653161078958, 8.942157646380096025, 38.09646643145919143 ) ) ;
#892 = VERTEX_POINT ( 'NONE', #698 ) ;
#893 = STYLED_ITEM ( 'NONE', ( #379 ), #625 ) ;
#894 = ADVANCED_FACE ( 'NONE', ( #1143 ), #532, .T. ) ;
#895 = CARTESIAN_POINT ( 'NONE',  ( 125.1749709037437697, 38.78016452520758861, 37.20486078025894017 ) ) ;
#896 = COLOUR_RGB ( '',1.000000000000000000, 1.000000000000000000, 1.000000000000000000 ) ;
#897 = CARTESIAN_POINT ( 'NONE',  ( 98.02616811859603274, 10.09414157065534035, 24.14967291810904015 ) ) ;
#898 = ORIENTED_EDGE ( 'NONE', *, *, #752, .F. ) ;
#899 = CARTESIAN_POINT ( 'NONE',  ( 118.9809416843430228, 2.643693268002248686, 16.81741585395322858 ) ) ;
#900 = CARTESIAN_POINT ( 'NONE',  ( 123.6116364226960940, -4.114367727916264705, 30.80378558499862862 ) ) ;
#901 = CARTESIAN_POINT ( 'NONE',  ( 156.2938405260240131, 17.05521837690644205, 44.99822990075470130 ) ) ;
#902 = B_SPLINE_SURFACE_WITH_KNOTS ( 'NONE', 3, 3, ( 
 ( #690, #762, #592, #1045 ),
 ( #945, #178, #590, #535 ),
 ( #849, #166, #874, #263 ),
 ( #160, #89, #519, #526 ),
 ( #1119, #779, #863, #75 ),
 ( #327, #671, #856, #422 ),
 ( #771, #709, #540, #187 ),
 ( #105, #557, #965, #465 ),
 ( #716, #988, #8, #201 ),
 ( #112, #881, #279, #441 ) ),
 .UNSPECIFIED., .F., .F., .F.,
 ( 4, 3, 3, 4 ),
 ( 4, 4 ),
 ( -0.7972739719323465035, 0.000000000000000000, 1.000000000000000000, 2.479856621095283487 ),
 ( 0.000000000000000000, 1.000000000000000000 ),
 .UNSPECIFIED. ) ;
#903 = CARTESIAN_POINT ( 'NONE',  ( 47.97376091932576969, 11.35651082226113573, 36.35826423144698794 ) ) ;
#904 = CARTESIAN_POINT ( 'NONE',  ( 139.9357152377166642, 10.09414162384764779, 52.45789821951178311 ) ) ;
#905 = LINE ( 'NONE', #278, #576 ) ;
#906 = CARTESIAN_POINT ( 'NONE',  ( 166.6198510575256364, 15.11340460574046851, 37.13711868531822802 ) ) ;
#907 = DIRECTION ( 'NONE',  ( 0.000000000000000000, 0.000000000000000000, 1.000000000000000000 ) ) ;
#908 = CARTESIAN_POINT ( 'NONE',  ( 157.6378123515650884, 11.69966282137445290, 48.34689335821847322 ) ) ;
#909 = VECTOR ( 'NONE', #177, 1000.000000000000000 ) ;
#910 = CARTESIAN_POINT ( 'NONE',  ( 118.9809416843430228, 21.02188504357430787, 28.30378571368600404 ) ) ;
#911 = DIRECTION ( 'NONE',  ( 0.1357469278298366333, 0.9907435448110479825, 1.735990701098221031E-18 ) ) ;
#912 = CARTESIAN_POINT ( 'NONE',  ( 131.7815276870401533, -0.5454026197230874562, 14.82423092408685328 ) ) ;
#913 =( GEOMETRIC_REPRESENTATION_CONTEXT ( 3 ) GLOBAL_UNCERTAINTY_ASSIGNED_CONTEXT ( ( #1139 ) ) GLOBAL_UNIT_ASSIGNED_CONTEXT ( ( #1099, #1092, #50 ) ) REPRESENTATION_CONTEXT ( 'NONE', 'WORKASPACE' ) );
#914 = CARTESIAN_POINT ( 'NONE',  ( 79.11632822659319686, 6.886962518776790887, 51.35612619464878037 ) ) ;
#915 = CARTESIAN_POINT ( 'NONE',  ( 130.7100139315065519, 5.832789155831233252, 57.79697038617763383 ) ) ;
#916 = APPLICATION_CONTEXT ( 'automotive_design' ) ;
#917 = PRESENTATION_STYLE_ASSIGNMENT (( #1097 ) ) ;
#918 = CARTESIAN_POINT ( 'NONE',  ( -400.0000000000005684, 1.380666549982939140, -4.515049280888609689E-14 ) ) ;
#919 = EDGE_LOOP ( 'NONE', ( #1052, #136, #280 ) ) ;
#920 = SURFACE_STYLE_USAGE ( .BOTH. , #503 ) ;
#921 = FILL_AREA_STYLE_COLOUR ( '', #1004 ) ;
#922 = EDGE_CURVE ( 'NONE', #710, #796, #628, .T. ) ;
#923 = CARTESIAN_POINT ( 'NONE',  ( 156.2938405260239847, 17.05521837690644205, 40.53526719516715815 ) ) ;
#924 = CARTESIAN_POINT ( 'NONE',  ( 118.9809416843430228, 21.02188504357430787, 28.30378571368600760 ) ) ;
#925 = CARTESIAN_POINT ( 'NONE',  ( 34.57431805257817103, 9.121885043574751606, 38.38711878964495128 ) ) ;
#926 = CARTESIAN_POINT ( 'NONE',  ( 203.3875653161078674, 9.171213597690538677, 38.35308921104405044 ) ) ;
#927 = SURFACE_STYLE_USAGE ( .BOTH. , #219 ) ;
#928 = CARTESIAN_POINT ( 'NONE',  ( 129.5210342028907462, 9.701118562551375391, 22.16535101101575123 ) ) ;
#929 = CARTESIAN_POINT ( 'NONE',  ( 125.1749709037437697, 38.78016452520758861, 39.40271038973830997 ) ) ;
#930 = DIRECTION ( 'NONE',  ( 2.636779683484744811E-16, -1.110223024625157033E-16, -1.000000000000000000 ) ) ;
#931 = SURFACE_SIDE_STYLE ('',( #773 ) ) ;
#932 = ADVANCED_FACE ( 'NONE', ( #615 ), #95, .F. ) ;
#933 = CARTESIAN_POINT ( 'NONE',  ( 118.9809416843430228, 21.02188504357430787, 52.36404607585006232 ) ) ;
#934 = CARTESIAN_POINT ( 'NONE',  ( 127.2518558173097460, 21.02188504357430787, 28.30378571368599694 ) ) ;
#935 = SURFACE_STYLE_FILL_AREA ( #1028 ) ;
#936 = MECHANICAL_DESIGN_GEOMETRIC_PRESENTATION_REPRESENTATION (  '', ( #893 ), #1147 ) ;
#937 = CARTESIAN_POINT ( 'NONE',  ( -2.775557561562891351E-14, 500.0000000000000000, 376.6075714273718518 ) ) ;
#938 = CARTESIAN_POINT ( 'NONE',  ( 203.3875653161078674, 9.121885043574751606, 38.18661687733409593 ) ) ;
#939 = CARTESIAN_POINT ( 'NONE',  ( 166.6045053099852566, 15.00140427866832127, 41.80378628403982333 ) ) ;
#940 = VERTEX_POINT ( 'NONE', #707 ) ;
#941 = B_SPLINE_CURVE_WITH_KNOTS ( 'NONE', 3,
 ( #991, #202, #906, #467 ),
 .UNSPECIFIED., .F., .F.,
 ( 4, 4 ),
 ( 6.938893903907228378E-18, 0.007000001398082399129 ),
 .UNSPECIFIED. ) ;
#942 =( GEOMETRIC_REPRESENTATION_CONTEXT ( 3 ) GLOBAL_UNCERTAINTY_ASSIGNED_CONTEXT ( ( #703 ) ) GLOBAL_UNIT_ASSIGNED_CONTEXT ( ( #869, #345, #80 ) ) REPRESENTATION_CONTEXT ( 'NONE', 'WORKASPACE' ) );
#943 =( LENGTH_UNIT ( ) NAMED_UNIT ( * ) SI_UNIT ( .MILLI., .METRE. ) );
#944 = CARTESIAN_POINT ( 'NONE',  ( 102.4791318557000466, 9.921868853708193825, 53.35652091415866494 ) ) ;
#945 = CARTESIAN_POINT ( 'NONE',  ( 118.9809416843430228, 2.643693268115911543, 16.81741585402426864 ) ) ;
#946 = ORIENTED_EDGE ( 'NONE', *, *, #784, .F. ) ;
#947 = B_SPLINE_CURVE_WITH_KNOTS ( 'NONE', 3,
 ( #1082, #115, #125, #1105, #640, #566 ),
 .UNSPECIFIED., .F., .F.,
 ( 4, 2, 4 ),
 ( 2.306957252749494521E-05, 0.001974384594881575892, 0.003925699617235657059 ),
 .UNSPECIFIED. ) ;
#948 = CARTESIAN_POINT ( 'NONE',  ( -400.0000000000000000, 5.780979002439047654E-14, -1.054711873393897956E-13 ) ) ;
#949 = ADVANCED_FACE ( 'NONE', ( #1138 ), #634, .F. ) ;
#950 = CARTESIAN_POINT ( 'NONE',  ( 135.4827515230016388, 9.921868796418866765, 23.25105022051261017 ) ) ;
#951 = UNCERTAINTY_MEASURE_WITH_UNIT (LENGTH_MEASURE( 1.000000000000000082E-05 ), #269, 'distance_accuracy_value', 'NONE');
#952 = CARTESIAN_POINT ( 'NONE',  ( 71.48254907496557564, 10.99566981665183896, 46.20268959279937349 ) ) ;
#953 = LINE ( 'NONE', #155, #20 ) ;
#954 = ORIENTED_EDGE ( 'NONE', *, *, #366, .T. ) ;
#955 = PRESENTATION_STYLE_ASSIGNMENT (( #356 ) ) ;
#956 = EDGE_CURVE ( 'NONE', #482, #90, #371, .T. ) ;
#957 = FILL_AREA_STYLE_COLOUR ( '', #247 ) ;
#958 = PRESENTATION_LAYER_ASSIGNMENT (  '', '', ( #320 ) ) ;
#959 = LINE ( 'NONE', #672, #392 ) ;
#960 = VERTEX_POINT ( 'NONE', #872 ) ;
#961 = CARTESIAN_POINT ( 'NONE',  ( 34.57431805257817103, 9.121885043574751606, 38.16969912582499092 ) ) ;
#962 = B_SPLINE_CURVE_WITH_KNOTS ( 'NONE', 3,
 ( #735, #728, #630, #11, #205, #372, #982, #560, #145, #498 ),
 .UNSPECIFIED., .F., .F.,
 ( 4, 2, 2, 2, 4 ),
 ( 0.003652873890752477044, 0.008677954438710066415, 0.01370303498666765318, 0.02375319608258275039, 0.04385351827441294481 ),
 .UNSPECIFIED. ) ;
#963 =( NAMED_UNIT ( * ) SI_UNIT ( $, .STERADIAN. ) SOLID_ANGLE_UNIT ( ) );
#964 = DIRECTION ( 'NONE',  ( -1.000000000000000000, 1.445244750609761992E-16, -2.636779683484744811E-16 ) ) ;
#965 = CARTESIAN_POINT ( 'NONE',  ( 82.66248564495829498, 21.01794555115526464, 34.08711216391634480 ) ) ;
#966 = ORIENTED_EDGE ( 'NONE', *, *, #645, .T. ) ;
#967 = DIRECTION ( 'NONE',  ( 0.000000000000000000, 0.000000000000000000, -1.000000000000000000 ) ) ;
#968 = DIRECTION ( 'NONE',  ( 2.636779683484744811E-16, -4.391120273202894461E-32, -1.000000000000000000 ) ) ;
#969 = ADVANCED_FACE ( 'NONE', ( #700 ), #974, .F. ) ;
#970 = CARTESIAN_POINT ( 'NONE',  ( 47.97376095729514844, 11.35651082852364269, 40.24930694376902807 ) ) ;
#971 = CARTESIAN_POINT ( 'NONE',  ( 34.57431805257817103, 9.121885043574751606, 38.27600793590810468 ) ) ;
#972 = CARTESIAN_POINT ( 'NONE',  ( 159.9170688976358292, 2.617117468999320629, 22.58164275988026048 ) ) ;
#973 = ORIENTED_EDGE ( 'NONE', *, *, #233, .F. ) ;
#974 = B_SPLINE_SURFACE_WITH_KNOTS ( 'NONE', 3, 3, ( 
 ( #608, #754, #1104, #734 ),
 ( #492, #1010, #131, #315 ),
 ( #485, #573, #914, #1094 ),
 ( #391, #660, #830, #824 ),
 ( #1016, #744, #1022, #1080 ),
 ( #227, #42, #1006, #657 ),
 ( #310, #474, #397, #925 ),
 ( #559, #294, #751, #837 ),
 ( #302, #1101, #654, #113 ),
 ( #46, #468, #815, #25 ) ),
 .UNSPECIFIED., .F., .F., .F.,
 ( 4, 3, 3, 4 ),
 ( 4, 4 ),
 ( -0.7972739719323465035, 0.000000000000000000, 1.000000000000000000, 2.479856621095283487 ),
 ( 0.000000000000000000, 1.000000000000000000 ),
 .UNSPECIFIED. ) ;
#975 = VECTOR ( 'NONE', #260, 1000.000000000000000 ) ;
#976 = DIRECTION ( 'NONE',  ( 1.000000000000000000, 0.000000000000000000, 0.000000000000000000 ) ) ;
#977 = SURFACE_STYLE_FILL_AREA ( #121 ) ;
#978 = CARTESIAN_POINT ( 'NONE',  ( 59.72525638939097092, 11.23895132551400344, 33.36470589127198849 ) ) ;
#979 = EDGE_LOOP ( 'NONE', ( #194, #117, #546, #821 ) ) ;
#980 = AXIS2_PLACEMENT_3D ( 'NONE', #1096, #132, #303 ) ;
#981 = DIRECTION ( 'NONE',  ( -0.09858265024698795176, 0.01350732182757156952, 0.9950371919317019254 ) ) ;
#982 = CARTESIAN_POINT ( 'NONE',  ( 143.5354914964248962, 18.53000373619056518, 32.47033798806712923 ) ) ;
#983 = PRESENTATION_LAYER_ASSIGNMENT (  '', '', ( #340 ) ) ;
#984 = CARTESIAN_POINT ( 'NONE',  ( 166.6198510575256648, 15.11340460574046674, 41.80378628403982333 ) ) ;
#985 =( GEOMETRIC_REPRESENTATION_CONTEXT ( 3 ) GLOBAL_UNCERTAINTY_ASSIGNED_CONTEXT ( ( #783 ) ) GLOBAL_UNIT_ASSIGNED_CONTEXT ( ( #770, #862, #868 ) ) REPRESENTATION_CONTEXT ( 'NONE', 'WORKASPACE' ) );
#986 = CARTESIAN_POINT ( 'NONE',  ( 126.5231278023272523, 9.603470481583778806, 54.89941012362820061 ) ) ;
#987 = CARTESIAN_POINT ( 'NONE',  ( 81.66804284266204661, 17.05521837690644205, 40.53526719516715815 ) ) ;
#988 = CARTESIAN_POINT ( 'NONE',  ( 111.7924696578511714, 32.86073801230295288, 35.70306881916241082 ) ) ;
#989 = ORIENTED_EDGE ( 'NONE', *, *, #486, .T. ) ;
#990 = CARTESIAN_POINT ( 'NONE',  ( 159.3813120198691138, 4.752039993869033196, 23.91654386760247419 ) ) ;
#991 = CARTESIAN_POINT ( 'NONE',  ( 166.6198510575256648, 15.11340460574046674, 41.80378628403982333 ) ) ;
#992 = EDGE_CURVE ( 'NONE', #9, #1091, #118, .T. ) ;
#993 = CARTESIAN_POINT ( 'NONE',  ( 118.9809416843430370, 21.02188504357430432, 48.30378545631123899 ) ) ;
#994 = CARTESIAN_POINT ( 'NONE',  ( 203.3875653161078674, 9.088551710241418391, 38.41011397584145470 ) ) ;
#995 = CARTESIAN_POINT ( 'NONE',  ( 160.0317675705683769, 16.13941193538718011, 42.47042402056897714 ) ) ;
#996 = DIRECTION ( 'NONE',  ( -1.445244750609761992E-16, -1.000000000000000000, 1.110223024625156540E-16 ) ) ;
#997 = CARTESIAN_POINT ( 'NONE',  ( 117.4627944523521563, 9.471216975998784093, 21.11071955249189358 ) ) ;
#998 = FACE_OUTER_BOUND ( 'NONE', #405, .T. ) ;
#999 = CARTESIAN_POINT ( 'NONE',  ( 118.9809416843430228, 21.02188504357430787, 48.30378545631123899 ) ) ;
#1000 = CARTESIAN_POINT ( 'NONE',  ( 81.66804284266204661, 17.05521837690644205, 49.07540827180173437 ) ) ;
#1001 = CARTESIAN_POINT ( 'NONE',  ( 126.9875273681563215, 20.52443784706810348, 40.80378558499864994 ) ) ;
#1002 = CARTESIAN_POINT ( 'NONE',  ( 203.3875653161078674, 9.171213597690538677, 38.25448195895319969 ) ) ;
#1003 = PLANE ( 'NONE',  #58 ) ;
#1004 = COLOUR_RGB ( '',1.000000000000000000, 1.000000000000000000, 1.000000000000000000 ) ;
#1005 = STYLED_ITEM ( 'NONE', ( #71 ), #803 ) ;
#1006 = CARTESIAN_POINT ( 'NONE',  ( 80.99605692989148054, 14.37744059914044570, 46.67256162948658726 ) ) ;
#1007 =( GEOMETRIC_REPRESENTATION_CONTEXT ( 3 ) GLOBAL_UNCERTAINTY_ASSIGNED_CONTEXT ( ( #688 ) ) GLOBAL_UNIT_ASSIGNED_CONTEXT ( ( #1116, #851, #963 ) ) REPRESENTATION_CONTEXT ( 'NONE', 'WORKASPACE' ) );
#1008 = ORIENTED_EDGE ( 'NONE', *, *, #139, .T. ) ;
#1009 = SURFACE_STYLE_FILL_AREA ( #1103 ) ;
#1010 = CARTESIAN_POINT ( 'NONE',  ( 106.7161125594317639, 2.643693268167737198, 59.79015531597298150 ) ) ;
#1011 = CARTESIAN_POINT ( 'NONE',  ( 118.9809416843430228, 21.02188504357430787, 26.27365553260259290 ) ) ;
#1012 = ADVANCED_FACE ( 'NONE', ( #998 ), #107, .T. ) ;
#1013 = CARTESIAN_POINT ( 'NONE',  ( 156.2938405260240131, 17.05521837690644205, 31.60934126924255239 ) ) ;
#1014 = ORIENTED_EDGE ( 'NONE', *, *, #522, .F. ) ;
#1015 = EDGE_CURVE ( 'NONE', #106, #9, #103, .T. ) ;
#1016 = CARTESIAN_POINT ( 'NONE',  ( 118.9809416843430228, 13.02188504357447130, 53.30378545631124609 ) ) ;
#1017 = LINE ( 'NONE', #574, #434 ) ;
#1018 = CARTESIAN_POINT ( 'NONE',  ( 127.2518558146302468, 21.02188504357430787, 48.30378545631125320 ) ) ;
#1019 = CARTESIAN_POINT ( 'NONE',  ( 128.1582993154277403, 21.02188504357430787, 22.21339517043575995 ) ) ;
#1020 = CARTESIAN_POINT ( 'NONE',  ( 118.9809416843430228, 32.86073803136321914, 35.70306883105422457 ) ) ;
#1021 = CARTESIAN_POINT ( 'NONE',  ( 129.5022711409690714, 13.02188504359702925, 53.30378545631124609 ) ) ;
#1022 = CARTESIAN_POINT ( 'NONE',  ( 80.32407101712094288, 11.69966282137445290, 48.34689335821847322 ) ) ;
#1023 = CARTESIAN_POINT ( 'NONE',  ( 118.9809416843430228, 21.02188504357430787, 41.63711904701933975 ) ) ;
#1024 = CARTESIAN_POINT ( 'NONE',  ( 118.9809416843430228, 13.02188504357447130, 23.30378571368600760 ) ) ;
#1025 = CARTESIAN_POINT ( 'NONE',  ( 115.1989257726414451, 9.507342538213862326, 55.33553843890984325 ) ) ;
#1026 = FILL_AREA_STYLE_COLOUR ( '', #626 ) ;
#1027 = CIRCLE ( 'NONE', #64, 78.35899999999956833 ) ;
#1028 = FILL_AREA_STYLE ('',( #683 ) ) ;
#1029 = EDGE_CURVE ( 'NONE', #960, #423, #962, .T. ) ;
#1030 = DIRECTION ( 'NONE',  ( -0.09858265024698795176, 0.01350732182757156952, -0.9950371919317019254 ) ) ;
#1031 = CARTESIAN_POINT ( 'NONE',  ( 203.3875653161078958, 9.121885043574751606, 38.38711904701970923 ) ) ;
#1032 = CARTESIAN_POINT ( 'NONE',  ( 163.2413782151380133, -9.544244841109728483, 41.80378628403983043 ) ) ;
#1033 = SURFACE_STYLE_USAGE ( .BOTH. , #931 ) ;
#1034 = CARTESIAN_POINT ( 'NONE',  ( 203.3875653161078674, 9.121885043574751606, 38.20353462884319384 ) ) ;
#1035 = PRESENTATION_STYLE_ASSIGNMENT (( #170 ) ) ;
#1036 = VERTEX_POINT ( 'NONE', #1081 ) ;
#1037 = CARTESIAN_POINT ( 'NONE',  ( 118.9809416843430370, 21.02188504357430432, 28.30378571368600760 ) ) ;
#1038 = UNCERTAINTY_MEASURE_WITH_UNIT (LENGTH_MEASURE( 1.000000000000000082E-05 ), #220, 'distance_accuracy_value', 'NONE');
#1039 = CARTESIAN_POINT ( 'NONE',  ( 103.9661655001190184, 9.864798903332427926, 53.64466522386106817 ) ) ;
#1040 = ORIENTED_EDGE ( 'NONE', *, *, #666, .F. ) ;
#1041 = PRESENTATION_LAYER_ASSIGNMENT (  '', '', ( #398 ) ) ;
#1042 = CARTESIAN_POINT ( 'NONE',  ( 142.8970132038096779, 10.21030337828746859, 24.79431767397129249 ) ) ;
#1043 = LINE ( 'NONE', #73, #642 ) ;
#1044 = CARTESIAN_POINT ( 'NONE',  ( 126.9875273681563215, 20.52443784706810348, 45.80378558499862152 ) ) ;
#1045 = CARTESIAN_POINT ( 'NONE',  ( 34.57431805257811419, 8.942157646381517111, 38.09646643146017198 ) ) ;
#1046 = ADVANCED_FACE ( 'NONE', ( #32 ), #1089, .T. ) ;
#1047 = VERTEX_POINT ( 'NONE', #518 ) ;
#1048 = FILL_AREA_STYLE_COLOUR ( '', #684 ) ;
#1049 = UNCERTAINTY_MEASURE_WITH_UNIT (LENGTH_MEASURE( 1.000000000000000082E-05 ), #226, 'distance_accuracy_value', 'NONE');
#1050 = CARTESIAN_POINT ( 'NONE',  ( 109.8035840532582910, 21.02188504357430787, 28.30378571368599694 ) ) ;
#1051 = DIRECTION ( 'NONE',  ( 3.391324762048856841E-16, -3.108046227791779583E-17, -1.000000000000000000 ) ) ;
#1052 = ORIENTED_EDGE ( 'NONE', *, *, #679, .T. ) ;
#1053 = CARTESIAN_POINT ( 'NONE',  ( 34.57431805257817103, 9.121885043574751606, 38.18661687733409593 ) ) ;
#1054 = FILL_AREA_STYLE_COLOUR ( '', #652 ) ;
#1055 = DIRECTION ( 'NONE',  ( 1.445244750609761992E-16, 1.000000000000000000, -1.110223024625156417E-16 ) ) ;
#1056 = ORIENTED_EDGE ( 'NONE', *, *, #329, .F. ) ;
#1057 = SURFACE_STYLE_USAGE ( .BOTH. , #16 ) ;
#1058 = EDGE_CURVE ( 'NONE', #710, #171, #1027, .T. ) ;
#1059 = LINE ( 'NONE', #198, #792 ) ;
#1060 = CARTESIAN_POINT ( 'NONE',  ( 118.9809416843430228, 21.02188504357430787, 34.97045238035267545 ) ) ;
#1061 = ORIENTED_EDGE ( 'NONE', *, *, #712, .T. ) ;
#1062 = CARTESIAN_POINT ( 'NONE',  ( 203.3875653161078958, 8.995309244509865465, 38.13313335832826567 ) ) ;
#1063 = PRESENTATION_STYLE_ASSIGNMENT (( #463 ) ) ;
#1064 = CARTESIAN_POINT ( 'NONE',  ( 129.5190857317497262, 9.701050369880512392, 54.44254464908294722 ) ) ;
#1065 = DIRECTION ( 'NONE',  ( 0.1357469278298366333, 0.9907435448110479825, -1.735990701098221031E-18 ) ) ;
#1066 = EDGE_LOOP ( 'NONE', ( #374, #70, #266, #870 ) ) ;
#1067 =( NAMED_UNIT ( * ) SI_UNIT ( $, .STERADIAN. ) SOLID_ANGLE_UNIT ( ) );
#1068 = STYLED_ITEM ( 'NONE', ( #298 ), #88 ) ;
#1069 = PRODUCT ( 'newshell_supersonic_trapezoid_assem_partified_cfd', 'newshell_supersonic_trapezoid_assem_partified_cfd', '', ( #889 ) ) ;
#1070 =( NAMED_UNIT ( * ) PLANE_ANGLE_UNIT ( ) SI_UNIT ( $, .RADIAN. ) );
#1071 = CARTESIAN_POINT ( 'NONE',  ( 115.9513121992864200, 9.492670277098184783, 21.20639195526002041 ) ) ;
#1072 = ORIENTED_EDGE ( 'NONE', *, *, #366, .F. ) ;
#1073 = EDGE_CURVE ( 'NONE', #780, #258, #429, .T. ) ;
#1074 = MECHANICAL_DESIGN_GEOMETRIC_PRESENTATION_REPRESENTATION (  '', ( #1005 ), #727 ) ;
#1075 =( NAMED_UNIT ( * ) PLANE_ANGLE_UNIT ( ) SI_UNIT ( $, .RADIAN. ) );
#1076 = CARTESIAN_POINT ( 'NONE',  ( 48.12022881686892362, 11.38066543021574972, 38.95617991934054913 ) ) ;
#1077 = VECTOR ( 'NONE', #343, 1000.000000000000000 ) ;
#1078 = CARTESIAN_POINT ( 'NONE',  ( 109.8035840532583052, 21.02188504357430787, 41.63711904701933975 ) ) ;
#1079 = SURFACE_STYLE_USAGE ( .BOTH. , #723 ) ;
#1080 = CARTESIAN_POINT ( 'NONE',  ( 34.57431805257817103, 9.055218376908085176, 38.43310916203795102 ) ) ;
#1081 = CARTESIAN_POINT ( 'NONE',  ( -400.0000000000000000, 500.0000000000000000, -300.0000000000001137 ) ) ;
#1082 = CARTESIAN_POINT ( 'NONE',  ( 189.9881224113908900, 11.35651082852363913, 40.24930694376903517 ) ) ;
#1083 = CARTESIAN_POINT ( 'NONE',  ( 109.8035840532583052, 21.02188504357430787, 54.39417625693181435 ) ) ;
#1084 = FACE_OUTER_BOUND ( 'NONE', #620, .T. ) ;
#1085 = CARTESIAN_POINT ( 'NONE',  ( 158.3097982643356545, 9.021885043608456556, 26.58634608304689095 ) ) ;
#1086 = PRESENTATION_LAYER_ASSIGNMENT (  '', '', ( #449 ) ) ;
#1087 = PRESENTATION_STYLE_ASSIGNMENT (( #927 ) ) ;
#1088 =( LENGTH_UNIT ( ) NAMED_UNIT ( * ) SI_UNIT ( .MILLI., .METRE. ) );
#1089 = PLANE ( 'NONE',  #182 ) ;
#1090 =( NAMED_UNIT ( * ) PLANE_ANGLE_UNIT ( ) SI_UNIT ( $, .RADIAN. ) );
#1091 = VERTEX_POINT ( 'NONE', #1044 ) ;
#1092 =( NAMED_UNIT ( * ) PLANE_ANGLE_UNIT ( ) SI_UNIT ( $, .RADIAN. ) );
#1093 = STYLED_ITEM ( 'NONE', ( #677 ), #756 ) ;
#1094 = CARTESIAN_POINT ( 'NONE',  ( 34.57431805257814261, 8.995309244510339752, 38.47443781166866472 ) ) ;
#1095 = EDGE_CURVE ( 'NONE', #520, #482, #644, .T. ) ;
#1096 = CARTESIAN_POINT ( 'NONE',  ( -2.775557561562891351E-14, 500.0000000000000000, 376.6075714273718518 ) ) ;
#1097 = SURFACE_STYLE_USAGE ( .BOTH. , #311 ) ;
#1098 = CARTESIAN_POINT ( 'NONE',  ( 118.9809416843430228, 38.78016452525766766, 39.40271038973833129 ) ) ;
#1099 =( LENGTH_UNIT ( ) NAMED_UNIT ( * ) SI_UNIT ( .MILLI., .METRE. ) );
#1100 = CARTESIAN_POINT ( 'NONE',  ( 118.9809416843430228, 21.02188504357430787, 28.30378571368600404 ) ) ;
#1101 = CARTESIAN_POINT ( 'NONE',  ( 111.7924696578511714, 32.86073801230295288, 40.90450235083483932 ) ) ;
#1102 = CARTESIAN_POINT ( 'NONE',  ( 118.9809416843430228, 17.02188504357438603, 25.80378571368600760 ) ) ;
#1103 = FILL_AREA_STYLE ('',( #921 ) ) ;
#1104 = CARTESIAN_POINT ( 'NONE',  ( 78.04481447107885117, 2.617117469113456885, 54.02592841004562274 ) ) ;
#1105 = CARTESIAN_POINT ( 'NONE',  ( 189.8416546372436642, 11.38066541612957572, 37.65147954166737776 ) ) ;
#1106 = CARTESIAN_POINT ( 'NONE',  ( 156.2938405260240131, 17.05521837690644205, 28.89122252679238656 ) ) ;
#1107 = CARTESIAN_POINT ( 'NONE',  ( 203.3875653161078674, 9.055218376908085176, 38.43310916203795102 ) ) ;
#1108 = PRODUCT_RELATED_PRODUCT_CATEGORY ( 'part', '', ( #1069 ) ) ;
#1109 =( NAMED_UNIT ( * ) SI_UNIT ( $, .STERADIAN. ) SOLID_ANGLE_UNIT ( ) );
#1110 = PRESENTATION_LAYER_ASSIGNMENT (  '', '', ( #510 ) ) ;
#1111 = CARTESIAN_POINT ( 'NONE',  ( 119.7404269772157761, 9.464361222778721938, 21.08033332568722429 ) ) ;
#1112 = CARTESIAN_POINT ( 'NONE',  ( 203.3875653161078674, 9.121885043574751606, 38.22045238035229886 ) ) ;
#1113 =( GEOMETRIC_REPRESENTATION_CONTEXT ( 3 ) GLOBAL_UNCERTAINTY_ASSIGNED_CONTEXT ( ( #951 ) ) GLOBAL_UNIT_ASSIGNED_CONTEXT ( ( #269, #83, #1137 ) ) REPRESENTATION_CONTEXT ( 'NONE', 'WORKASPACE' ) );
#1114 = CARTESIAN_POINT ( 'NONE',  ( 117.4644085764200696, 9.471200312515057007, 55.49692586992952670 ) ) ;
#1115 = CARTESIAN_POINT ( 'NONE',  ( 189.9881224493603895, 11.35651082226111619, 36.35826423144697372 ) ) ;
#1116 =( LENGTH_UNIT ( ) NAMED_UNIT ( * ) SI_UNIT ( .MILLI., .METRE. ) );
#1117 = CARTESIAN_POINT ( 'NONE',  ( 118.9809416843430370, 21.02188504357430077, 38.30378571368600404 ) ) ;
#1118 =( LENGTH_UNIT ( ) NAMED_UNIT ( * ) SI_UNIT ( .MILLI., .METRE. ) );
#1119 = CARTESIAN_POINT ( 'NONE',  ( 118.9809416843430228, 13.02188504357447130, 23.30378571368600760 ) ) ;
#1120 = ORIENTED_EDGE ( 'NONE', *, *, #539, .T. ) ;
#1121 = CARTESIAN_POINT ( 'NONE',  ( 189.9881224493603895, 11.35651082226111619, 36.35826423144697372 ) ) ;
#1122 = FILL_AREA_STYLE ('',( #245 ) ) ;
#1123 = LINE ( 'NONE', #337, #661 ) ;
#1124 = STYLED_ITEM ( 'NONE', ( #616 ), #580 ) ;
#1125 = EDGE_LOOP ( 'NONE', ( #1008, #864, #724, #273 ) ) ;
#1126 = UNCERTAINTY_MEASURE_WITH_UNIT (LENGTH_MEASURE( 1.000000000000000082E-05 ), #314, 'distance_accuracy_value', 'NONE');
#1127 = SURFACE_SIDE_STYLE ('',( #1134 ) ) ;
#1128 = ORIENTED_EDGE ( 'NONE', *, *, #19, .T. ) ;
#1129 = AXIS2_PLACEMENT_3D ( 'NONE', #456, #968, #2 ) ;
#1130 = STYLED_ITEM ( 'NONE', ( #454 ), #248 ) ;
#1131 = DIRECTION ( 'NONE',  ( 1.000000000000000000, -1.445244750609761992E-16, 2.636779683484744811E-16 ) ) ;
#1132 =( GEOMETRIC_REPRESENTATION_CONTEXT ( 3 ) GLOBAL_UNCERTAINTY_ASSIGNED_CONTEXT ( ( #596 ) ) GLOBAL_UNIT_ASSIGNED_CONTEXT ( ( #694, #595, #426 ) ) REPRESENTATION_CONTEXT ( 'NONE', 'WORKASPACE' ) );
#1133 = CARTESIAN_POINT ( 'NONE',  ( 118.9809416843430228, 21.02188504357430787, 28.30378571368600404 ) ) ;
#1134 = SURFACE_STYLE_FILL_AREA ( #681 ) ;
#1135 = ORIENTED_EDGE ( 'NONE', *, *, #767, .T. ) ;
#1136 = CARTESIAN_POINT ( 'NONE',  ( 118.9809416843430228, 21.02188504357430787, 24.24352535151917110 ) ) ;
#1137 =( NAMED_UNIT ( * ) SI_UNIT ( $, .STERADIAN. ) SOLID_ANGLE_UNIT ( ) );
#1138 = FACE_OUTER_BOUND ( 'NONE', #801, .T. ) ;
#1139 = UNCERTAINTY_MEASURE_WITH_UNIT (LENGTH_MEASURE( 1.000000000000000082E-05 ), #1099, 'distance_accuracy_value', 'NONE');
#1140 = APPLICATION_PROTOCOL_DEFINITION ( 'draft international standard', 'automotive_design', 1998, #37 ) ;
#1141 =( LENGTH_UNIT ( ) NAMED_UNIT ( * ) SI_UNIT ( .MILLI., .METRE. ) );
#1142 = VERTEX_POINT ( 'NONE', #68 ) ;
#1143 = FACE_OUTER_BOUND ( 'NONE', #34, .T. ) ;
#1144 = COLOUR_RGB ( '',1.000000000000000000, 1.000000000000000000, 1.000000000000000000 ) ;
#1145 =( LENGTH_UNIT ( ) NAMED_UNIT ( * ) SI_UNIT ( .MILLI., .METRE. ) );
#1146 = PRESENTATION_LAYER_ASSIGNMENT (  '', '', ( #1068 ) ) ;
#1147 =( GEOMETRIC_REPRESENTATION_CONTEXT ( 3 ) GLOBAL_UNCERTAINTY_ASSIGNED_CONTEXT ( ( #250 ) ) GLOBAL_UNIT_ASSIGNED_CONTEXT ( ( #806, #1070, #61 ) ) REPRESENTATION_CONTEXT ( 'NONE', 'WORKASPACE' ) );
#1148 = LINE ( 'NONE', #550, #494 ) ;
#1149 = EDGE_LOOP ( 'NONE', ( #1120, #531, #93, #332, #1061, #370 ) ) ;
ENDSEC;
END-ISO-10303-21;
