ISO-10303-21;
HEADER;
FILE_DESCRIPTION (( 'STEP AP214' ),
    '1' );
FILE_NAME ('Fin_10_AoA_ANSYS_NEGATIVE.STEP',
    '2025-09-11T00:42:05',
    ( '' ),
    ( '' ),
    'SwSTEP 2.0',
    'SolidWorks 2025',
    '' );
FILE_SCHEMA (( 'AUTOMOTIVE_DESIGN' ));
ENDSEC;

DATA;
#1 = DIRECTION ( 'NONE',  ( 1.000000000000000000, 0.000000000000000000, -1.552605928401549728E-16 ) ) ;
#2 = CLOSED_SHELL ( 'NONE', ( #1454, #794, #36, #46, #1334, #1535, #562 ) ) ;
#3 = CARTESIAN_POINT ( 'NONE',  ( 731.0709088366929791, 902.2875367916778941, 1351.033130164632212 ) ) ;
#4 = VERTEX_POINT ( 'NONE', #1243 ) ;
#5 = EDGE_CURVE ( 'NONE', #1045, #1106, #857, .T. ) ;
#6 = VECTOR ( 'NONE', #1429, 999.9999999999998863 ) ;
#7 = EDGE_CURVE ( 'NONE', #44, #764, #1195, .T. ) ;
#8 = CIRCLE ( 'NONE', #836, 0.7937499999999264588 ) ;
#9 = CARTESIAN_POINT ( 'NONE',  ( 739.8534283827730178, 906.4736623125520509, 1328.144815339629986 ) ) ;
#10 = VECTOR ( 'NONE', #1469, 999.9999999999998863 ) ;
#11 = DIRECTION ( 'NONE',  ( 0.9755149445343384018, -0.1736481776669305532, 0.1349700091987882378 ) ) ;
#12 = CARTESIAN_POINT ( 'NONE',  ( 673.7568512870916493, 901.6723471730294932, 1365.172076189227482 ) ) ;
#13 = DIRECTION ( 'NONE',  ( -1.000000000000000000, 8.540177112501203399E-17, 9.130123557772679427E-17 ) ) ;
#14 = ORIENTED_EDGE ( 'NONE', *, *, #935, .F. ) ;
#15 = FACE_OUTER_BOUND ( 'NONE', #1228, .T. ) ;
#16 = PRODUCT_DEFINITION_SHAPE ( 'NONE', 'NONE',  #985 ) ;
#17 = DIRECTION ( 'NONE',  ( -1.000000000000000000, 0.000000000000000000, 1.552605928401549728E-16 ) ) ;
#18 = ORIENTED_EDGE ( 'NONE', *, *, #1464, .T. ) ;
#19 = DIRECTION ( 'NONE',  ( 0.9755149445343382908, -0.1736481776669299981, 0.1349700091987899586 ) ) ;
#20 = COLOUR_RGB ( '',1.000000000000000000, 1.000000000000000000, 1.000000000000000000 ) ;
#21 = CARTESIAN_POINT ( 'NONE',  ( 690.8803735032330451, 897.3194592881029621, 1365.172076189225891 ) ) ;
#22 = ORIENTED_EDGE ( 'NONE', *, *, #1593, .F. ) ;
#23 = FACE_OUTER_BOUND ( 'NONE', #1579, .T. ) ;
#24 = CARTESIAN_POINT ( 'NONE',  ( 749.8360869030478852, 906.8444592881029394, 1354.398695994681930 ) ) ;
#25 = CARTESIAN_POINT ( 'NONE',  ( 731.1677143533876233, 902.4039904633992819, 1351.498174309314209 ) ) ;
#26 = VECTOR ( 'NONE', #947, 1000.000000000000000 ) ;
#27 = ORIENTED_EDGE ( 'NONE', *, *, #1675, .T. ) ;
#28 = AXIS2_PLACEMENT_3D ( 'NONE', #264, #658, #1072 ) ;
#29 = DIRECTION ( 'NONE',  ( -0.9755149445343384018, 0.1736481776669305532, -0.1349700091987882378 ) ) ;
#30 = CARTESIAN_POINT ( 'NONE',  ( 749.8360869030478852, 897.3194592881029621, 1354.398695994681930 ) ) ;
#31 = DIRECTION ( 'NONE',  ( 0.000000000000000000, -1.000000000000000000, 0.000000000000000000 ) ) ;
#32 = ADVANCED_FACE ( 'NONE', ( #424 ), #438, .F. ) ;
#33 = ORIENTED_EDGE ( 'NONE', *, *, #1290, .F. ) ;
#34 = CARTESIAN_POINT ( 'NONE',  ( 749.8360869030478852, 897.3194592881029621, 1354.398695994681930 ) ) ;
#35 = VERTEX_POINT ( 'NONE', #1127 ) ;
#36 = ADVANCED_FACE ( 'NONE', ( #1620 ), #1230, .T. ) ;
#37 = CARTESIAN_POINT ( 'NONE',  ( 731.0709088366900232, 901.2794939859749093, 1351.033130164661998 ) ) ;
#38 = CIRCLE ( 'NONE', #923, 0.7937499999999264588 ) ;
#39 = CARTESIAN_POINT ( 'NONE',  ( 731.0632443559857165, 902.3171360790022391, 1351.111511858138783 ) ) ;
#40 = ORIENTED_EDGE ( 'NONE', *, *, #1343, .F. ) ;
#41 = DIRECTION ( 'NONE',  ( 0.000000000000000000, 1.000000000000000000, 0.000000000000000000 ) ) ;
#42 = ORIENTED_EDGE ( 'NONE', *, *, #356, .T. ) ;
#43 = ADVANCED_FACE ( 'NONE', ( #890 ), #1310, .T. ) ;
#44 = VERTEX_POINT ( 'NONE', #902 ) ;
#45 = DIRECTION ( 'NONE',  ( -0.9755149445343382908, 0.1736481776669299981, -0.1349700091987899586 ) ) ;
#46 = ADVANCED_FACE ( 'NONE', ( #1570 ), #610, .T. ) ;
#47 = CARTESIAN_POINT ( 'NONE',  ( 1344.012940122190912, 1552.081959288102780, 2576.272076189226027 ) ) ;
#48 = VECTOR ( 'NONE', #29, 999.9999999999998863 ) ;
#49 = ORIENTED_EDGE ( 'NONE', *, *, #1630, .T. ) ;
#50 = CARTESIAN_POINT ( 'NONE',  ( 737.5991303193319482, 902.0819592881030076, 1326.054130924599804 ) ) ;
#51 = ADVANCED_FACE ( 'NONE', ( #379 ), #1432, .T. ) ;
#52 = CARTESIAN_POINT ( 'NONE',  ( 731.8608910262809104, 897.3194592881029621, 1351.110377835371992 ) ) ;
#53 = ORIENTED_EDGE ( 'NONE', *, *, #677, .T. ) ;
#54 = FACE_OUTER_BOUND ( 'NONE', #1103, .T. ) ;
#55 = LINE ( 'NONE', #840, #1112 ) ;
#56 = VECTOR ( 'NONE', #878, 1000.000000000000114 ) ;
#57 = UNCERTAINTY_MEASURE_WITH_UNIT (LENGTH_MEASURE( 1.000000000000000082E-05 ), #1544, 'distance_accuracy_value', 'NONE');
#58 = CARTESIAN_POINT ( 'NONE',  ( 731.2285903957800883, 902.4186920890610963, 1351.590220716619342 ) ) ;
#59 = AXIS2_PLACEMENT_3D ( 'NONE', #218, #1346, #19 ) ;
#60 = ORIENTED_EDGE ( 'NONE', *, *, #425, .F. ) ;
#61 = DIRECTION ( 'NONE',  ( 0.000000000000000000, -1.000000000000000000, 0.000000000000000000 ) ) ;
#62 = DIRECTION ( 'NONE',  ( 0.000000000000000000, -1.000000000000000000, 0.000000000000000000 ) ) ;
#63 = ORIENTED_EDGE ( 'NONE', *, *, #595, .T. ) ;
#64 = DIRECTION ( 'NONE',  ( -1.552605928401549728E-16, 0.000000000000000000, -1.000000000000000000 ) ) ;
#65 = DIRECTION ( 'NONE',  ( 0.1370521391469139150, 2.775557561562891043E-17, -0.9905638349724136260 ) ) ;
#66 = PRESENTATION_LAYER_ASSIGNMENT (  '', '', ( #1345 ) ) ;
#67 = CARTESIAN_POINT ( 'NONE',  ( 608.6455067411479831, 902.0819592881030076, 1276.272076189225800 ) ) ;
#68 = EDGE_CURVE ( 'NONE', #35, #371, #1422, .T. ) ;
#69 = ORIENTED_EDGE ( 'NONE', *, *, #704, .F. ) ;
#70 = ORIENTED_EDGE ( 'NONE', *, *, #267, .T. ) ;
#71 = DIRECTION ( 'NONE',  ( -0.9755149445343290759, 0.1736481776669304977, -0.1349700091988550177 ) ) ;
#72 = EDGE_LOOP ( 'NONE', ( #640, #1322, #1144, #548, #847 ) ) ;
#73 = LINE ( 'NONE', #1376, #1641 ) ;
#74 = DIRECTION ( 'NONE',  ( -0.9755149445343391790, 0.1736481776669248633, -0.1349700091987885431 ) ) ;
#75 = AXIS2_PLACEMENT_3D ( 'NONE', #199, #576, #1624 ) ;
#76 = CARTESIAN_POINT ( 'NONE',  ( 734.4469701811550522, 901.2854989680739664, 1326.627531335633876 ) ) ;
#77 = CARTESIAN_POINT ( 'NONE',  ( 737.5991303193319482, 902.0819592881030076, 1326.054130924599804 ) ) ;
#78 = ORIENTED_EDGE ( 'NONE', *, *, #1580, .T. ) ;
#79 = DIRECTION ( 'NONE',  ( 0.1370521391469131378, 1.561251128379124413E-16, -0.9905638349724137370 ) ) ;
#80 = ORIENTED_EDGE ( 'NONE', *, *, #912, .F. ) ;
#81 = DIRECTION ( 'NONE',  ( -1.000000000000000000, 0.000000000000000000, 9.130123557772679427E-17 ) ) ;
#82 = DIRECTION ( 'NONE',  ( -0.5812381937189281533, 0.000000000000000000, -0.8137334712068552411 ) ) ;
#83 = CARTESIAN_POINT ( 'NONE',  ( 734.4469701811550522, 897.3194592881029621, 1326.627531335633876 ) ) ;
#84 = CIRCLE ( 'NONE', #441, 0.9999999999999674705 ) ;
#85 = LINE ( 'NONE', #67, #1498 ) ;
#86 = AXIS2_PLACEMENT_3D ( 'NONE', #756, #1526, #1668 ) ;
#87 = DIRECTION ( 'NONE',  ( -0.9755149445343290759, 0.1736481776669304977, -0.1349700091988550177 ) ) ;
#88 = ORIENTED_EDGE ( 'NONE', *, *, #748, .F. ) ;
#89 = CARTESIAN_POINT ( 'NONE',  ( 752.6397363288180031, 906.8444592881029394, 1329.137079406926205 ) ) ;
#90 = VERTEX_POINT ( 'NONE', #235 ) ;
#91 = CARTESIAN_POINT ( 'NONE',  ( 1344.012940122191367, 252.0819592881026097, 2576.272076189226027 ) ) ;
#92 = EDGE_CURVE ( 'NONE', #1005, #1372, #550, .T. ) ;
#93 = FACE_OUTER_BOUND ( 'NONE', #770, .T. ) ;
#94 = CARTESIAN_POINT ( 'NONE',  ( 673.5917116788809835, 902.0819592881030076, 1365.172076189225891 ) ) ;
#95 = CARTESIAN_POINT ( 'NONE',  ( 752.6397363288180031, 897.3194592881029621, 1328.343329406925932 ) ) ;
#96 = VERTEX_POINT ( 'NONE', #89 ) ;
#97 = DIRECTION ( 'NONE',  ( -0.1370521391469133321, 0.000000000000000000, 0.9905638349724136260 ) ) ;
#98 = EDGE_LOOP ( 'NONE', ( #1589, #1237, #543, #1282, #1514, #331 ) ) ;
#99 = VECTOR ( 'NONE', #227, 1000.000000000000000 ) ;
#100 = CARTESIAN_POINT ( 'NONE',  ( 735.7619757656140109, 901.7835153888319155, 1351.682175420264230 ) ) ;
#101 = FACE_OUTER_BOUND ( 'NONE', #1305, .T. ) ;
#102 = DIRECTION ( 'NONE',  ( 3.416070845000481359E-16, -1.000000000000000000, 0.000000000000000000 ) ) ;
#103 = CARTESIAN_POINT ( 'NONE',  ( 702.0449662006079734, 902.0819592881030076, 1407.031319432469900 ) ) ;
#104 = EDGE_CURVE ( 'NONE', #741, #184, #352, .T. ) ;
#105 = CARTESIAN_POINT ( 'NONE',  ( 1344.012940122190912, 1552.081959288102780, 2576.272076189226027 ) ) ;
#106 = ORIENTED_EDGE ( 'NONE', *, *, #720, .T. ) ;
#107 = CARTESIAN_POINT ( 'NONE',  ( 731.1138323454031251, 901.1800444326960360, 1351.396662731501010 ) ) ;
#108 = ORIENTED_EDGE ( 'NONE', *, *, #163, .F. ) ;
#109 = EDGE_CURVE ( 'NONE', #393, #779, #1291, .T. ) ;
#110 = EDGE_CURVE ( 'NONE', #611, #169, #1171, .T. ) ;
#111 = CYLINDRICAL_SURFACE ( 'NONE', #1667, 0.7937499999999264588 ) ;
#112 = CARTESIAN_POINT ( 'NONE',  ( 735.1244450897170282, 906.8444592881029394, 1327.522576515091941 ) ) ;
#113 =( NAMED_UNIT ( * ) SI_UNIT ( $, .STERADIAN. ) SOLID_ANGLE_UNIT ( ) );
#114 = AXIS2_PLACEMENT_3D ( 'NONE', #795, #119, #1055 ) ;
#115 = VECTOR ( 'NONE', #205, 999.9999999999998863 ) ;
#116 = DIRECTION ( 'NONE',  ( 0.000000000000000000, 0.000000000000000000, 1.000000000000000000 ) ) ;
#117 = ORIENTED_EDGE ( 'NONE', *, *, #1644, .T. ) ;
#118 = ORIENTED_EDGE ( 'NONE', *, *, #1100, .F. ) ;
#119 = DIRECTION ( 'NONE',  ( -0.000000000000000000, 1.000000000000000000, 0.000000000000000000 ) ) ;
#120 = CARTESIAN_POINT ( 'NONE',  ( 1344.012940122191367, 4.591243420054794706E-13, 2576.272076189226027 ) ) ;
#121 = CARTESIAN_POINT ( 'NONE',  ( 735.2332302251649025, 902.4614487859670362, 1326.736316471082091 ) ) ;
#122 = ORIENTED_EDGE ( 'NONE', *, *, #1343, .T. ) ;
#123 = EDGE_CURVE ( 'NONE', #558, #633, #460, .T. ) ;
#124 = CARTESIAN_POINT ( 'NONE',  ( 731.0731545138538650, 902.2815318095879320, 1351.012264085479956 ) ) ;
#125 = EDGE_LOOP ( 'NONE', ( #1151, #891, #855, #865, #1480 ) ) ;
#126 = VERTEX_POINT ( 'NONE', #780 ) ;
#127 = LINE ( 'NONE', #390, #471 ) ;
#128 = FACE_OUTER_BOUND ( 'NONE', #781, .T. ) ;
#129 = CARTESIAN_POINT ( 'NONE',  ( 735.1971972757679623, 902.4600785758873371, 1326.731331034889308 ) ) ;
#130 = CARTESIAN_POINT ( 'NONE',  ( 748.3455067411480286, 897.3194592881029621, 1365.172076189225891 ) ) ;
#131 = FACE_OUTER_BOUND ( 'NONE', #212, .T. ) ;
#132 = EDGE_CURVE ( 'NONE', #1175, #863, #1134, .T. ) ;
#133 = VERTEX_POINT ( 'NONE', #1409 ) ;
#134 = CARTESIAN_POINT ( 'NONE',  ( 752.5309511933700151, 897.3194592881029621, 1329.129589450935782 ) ) ;
#135 = CARTESIAN_POINT ( 'NONE',  ( 735.7619757656140109, 901.7835153888319155, 1351.682175420264230 ) ) ;
#136 = MANIFOLD_SOLID_BREP ( 'Combine1[1]', #224 ) ;
#137 = VECTOR ( 'NONE', #954, 1000.000000000000000 ) ;
#138 = CARTESIAN_POINT ( 'NONE',  ( 735.2332302251649025, 897.3194592881029621, 1326.736316471082091 ) ) ;
#139 = PRODUCT ( 'Fin_10_AoA_ANSYS_NEGATIVE', 'Fin_10_AoA_ANSYS_NEGATIVE', '', ( #897 ) ) ;
#140 = FACE_OUTER_BOUND ( 'NONE', #1073, .T. ) ;
#141 = VECTOR ( 'NONE', #735, 1000.000000000000000 ) ;
#142 = ORIENTED_EDGE ( 'NONE', *, *, #1146, .F. ) ;
#143 = AXIS2_PLACEMENT_3D ( 'NONE', #1439, #350, #1549 ) ;
#144 = VECTOR ( 'NONE', #81, 1000.000000000000000 ) ;
#145 = CARTESIAN_POINT ( 'NONE',  ( 734.3381850457079736, 906.8444592881029394, 1327.413791379643953 ) ) ;
#146 = VECTOR ( 'NONE', #1204, 1000.000000000000000 ) ;
#147 = PLANE ( 'NONE',  #782 ) ;
#148 = EDGE_LOOP ( 'NONE', ( #753, #439, #1092, #1647 ) ) ;
#149 = DIRECTION ( 'NONE',  ( 0.1370521391469812500, 0.000000000000000000, -0.9905638349724041891 ) ) ;
#150 = CYLINDRICAL_SURFACE ( 'NONE', #733, 4.762500000000013500 ) ;
#151 = ORIENTED_EDGE ( 'NONE', *, *, #1176, .F. ) ;
#152 = VECTOR ( 'NONE', #1515, 999.9999999999998863 ) ;
#153 = DIRECTION ( 'NONE',  ( -0.1370521391468382810, 1.456985596621024066E-13, 0.9905638349724239511 ) ) ;
#154 = CARTESIAN_POINT ( 'NONE',  ( 750.5188412785360015, 903.9926639741360077, 1353.723901469859811 ) ) ;
#155 = VECTOR ( 'NONE', #1441, 1000.000000000000000 ) ;
#156 = CYLINDRICAL_SURFACE ( 'NONE', #1581, 0.7937499999999264588 ) ;
#157 = ORIENTED_EDGE ( 'NONE', *, *, #959, .T. ) ;
#158 = B_SPLINE_CURVE_WITH_KNOTS ( 'NONE', 3,
 ( #615, #757, #473, #1523 ),
 .UNSPECIFIED., .F., .F.,
 ( 4, 4 ),
 ( 0.001188889260694852039, 0.001297312898081046063 ),
 .UNSPECIFIED. ) ;
#159 = CARTESIAN_POINT ( 'NONE',  ( 738.4505419458899951, 897.8437919729059331, 1327.181456337953932 ) ) ;
#160 = CIRCLE ( 'NONE', #1058, 4.762500000000013500 ) ;
#161 = EDGE_CURVE ( 'NONE', #178, #1045, #354, .T. ) ;
#162 = DIRECTION ( 'NONE',  ( 0.1370521391469501360, -6.449701883682186873E-15, -0.9905638349724086300 ) ) ;
#163 = EDGE_CURVE ( 'NONE', #751, #1235, #364, .T. ) ;
#164 = LINE ( 'NONE', #693, #1408 ) ;
#165 = AXIS2_PLACEMENT_3D ( 'NONE', #100, #515, #1443 ) ;
#166 = EDGE_LOOP ( 'NONE', ( #982, #1358, #1636, #283 ) ) ;
#167 = VECTOR ( 'NONE', #1650, 1000.000000000000000 ) ;
#168 = CYLINDRICAL_SURFACE ( 'NONE', #1244, 0.7619999999999713669 ) ;
#169 = VERTEX_POINT ( 'NONE', #1273 ) ;
#170 = EDGE_CURVE ( 'NONE', #209, #1381, #158, .T. ) ;
#171 = CARTESIAN_POINT ( 'NONE',  ( 735.2332302251649025, 901.1055819916959990, 1326.736316471082091 ) ) ;
#172 = DIRECTION ( 'NONE',  ( 0.000000000000000000, -1.000000000000000000, 0.000000000000000000 ) ) ;
#173 = EDGE_CURVE ( 'NONE', #1159, #680, #1007, .T. ) ;
#174 = ORIENTED_EDGE ( 'NONE', *, *, #972, .T. ) ;
#175 = FACE_OUTER_BOUND ( 'NONE', #1397, .T. ) ;
#176 = EDGE_CURVE ( 'NONE', #255, #1401, #1533, .T. ) ;
#177 = CARTESIAN_POINT ( 'NONE',  ( 731.8608910262809104, 906.8444592881029394, 1351.110377835371992 ) ) ;
#178 = VERTEX_POINT ( 'NONE', #873 ) ;
#179 = ORIENTED_EDGE ( 'NONE', *, *, #182, .T. ) ;
#180 = LINE ( 'NONE', #705, #1277 ) ;
#181 = DIRECTION ( 'NONE',  ( -0.1720096048057257188, -0.9848077530122080203, -0.02379885420821625103 ) ) ;
#182 = EDGE_CURVE ( 'NONE', #474, #341, #323, .T. ) ;
#183 = EDGE_CURVE ( 'NONE', #835, #1719, #211, .T. ) ;
#184 = VERTEX_POINT ( 'NONE', #899 ) ;
#185 = LINE ( 'NONE', #589, #582 ) ;
#186 = ORIENTED_EDGE ( 'NONE', *, *, #1088, .T. ) ;
#187 = ORIENTED_EDGE ( 'NONE', *, *, #183, .F. ) ;
#188 = CARTESIAN_POINT ( 'NONE',  ( 44.01294012219076990, 1552.081959288102780, 2576.272076189226027 ) ) ;
#189 = DIRECTION ( 'NONE',  ( -0.9755149445343265224, 0.1736481776669686061, -0.1349700091988247919 ) ) ;
#190 = CARTESIAN_POINT ( 'NONE',  ( 731.1543471472560896, 902.3996737689645897, 1351.473145505648063 ) ) ;
#191 = VERTEX_POINT ( 'NONE', #1555 ) ;
#192 = CYLINDRICAL_SURFACE ( 'NONE', #1066, 0.7937499999999264588 ) ;
#193 = ORIENTED_EDGE ( 'NONE', *, *, #1061, .T. ) ;
#194 = ORIENTED_EDGE ( 'NONE', *, *, #737, .F. ) ;
#195 = VECTOR ( 'NONE', #1286, 1000.000000000000000 ) ;
#196 = DIRECTION ( 'NONE',  ( -1.000000000000000000, 0.000000000000000000, 1.552605928401549728E-16 ) ) ;
#197 = EDGE_CURVE ( 'NONE', #1179, #968, #38, .T. ) ;
#198 = CARTESIAN_POINT ( 'NONE',  ( 750.3877699596740740, 903.2422404663409452, 1353.705766742951937 ) ) ;
#199 = CARTESIAN_POINT ( 'NONE',  ( 735.7619757656140109, 901.7835153888319155, 1351.682175420264230 ) ) ;
#200 = ORIENTED_EDGE ( 'NONE', *, *, #7, .T. ) ;
#201 = ORIENTED_EDGE ( 'NONE', *, *, #468, .T. ) ;
#202 = CARTESIAN_POINT ( 'NONE',  ( 3.168463654255194986E-13, 252.0819592881026097, 2576.272076189226027 ) ) ;
#203 = VERTEX_POINT ( 'NONE', #628 ) ;
#204 = FILL_AREA_STYLE_COLOUR ( '', #455 ) ;
#205 = DIRECTION ( 'NONE',  ( -0.1370521391469133599, -1.075528555105619536E-16, 0.9905638349724137370 ) ) ;
#206 = AXIS2_PLACEMENT_3D ( 'NONE', #1059, #688, #673 ) ;
#207 = DIRECTION ( 'NONE',  ( 0.9755149445343384018, -0.1736481776669305532, 0.1349700091987882378 ) ) ;
#208 = CARTESIAN_POINT ( 'NONE',  ( 697.0801082456268887, 902.0819592881030076, 1397.195598855965954 ) ) ;
#209 = VERTEX_POINT ( 'NONE', #499 ) ;
#210 = CARTESIAN_POINT ( 'NONE',  ( 44.01294012219052121, -3.758783038854156813E-15, 1276.272076189225800 ) ) ;
#211 = LINE ( 'NONE', #1270, #547 ) ;
#212 = EDGE_LOOP ( 'NONE', ( #1534, #1292, #88, #919, #1692, #1325, #1370, #319, #1025, #262, #1067, #1594, #732, #1561 ) ) ;
#213 = SURFACE_STYLE_FILL_AREA ( #734 ) ;
#214 = DIRECTION ( 'NONE',  ( 0.1370521391469812500, 0.000000000000000000, -0.9905638349724041891 ) ) ;
#215 = ADVANCED_FACE ( 'NONE', ( #1296 ), #1019, .T. ) ;
#216 = AXIS2_PLACEMENT_3D ( 'NONE', #1324, #13, #542 ) ;
#217 = CARTESIAN_POINT ( 'NONE',  ( 44.01294012219064200, -3.758783038854156813E-15, 2576.272076189226027 ) ) ;
#218 = CARTESIAN_POINT ( 'NONE',  ( 739.1386663699159953, 901.7835153888319155, 1327.276663654213962 ) ) ;
#219 = ORIENTED_EDGE ( 'NONE', *, *, #1216, .T. ) ;
#220 = VECTOR ( 'NONE', #429, 1000.000000000000000 ) ;
#221 = ADVANCED_FACE ( 'NONE', ( #1680, #1548 ), #411, .T. ) ;
#222 = DIRECTION ( 'NONE',  ( 0.000000000000000000, -1.000000000000000000, 0.000000000000000000 ) ) ;
#223 = EDGE_LOOP ( 'NONE', ( #1220, #18, #1715, #1124, #1473 ) ) ;
#224 = CLOSED_SHELL ( 'NONE', ( #807, #1664, #1651, #1075, #594, #221, #799, #541, #1601, #845, #43, #1456, #1546, #722, #669, #234, #929, #314, #1264, #215, #805, #51, #408, #715, #498, #1091, #1304, #291, #434, #1462, #934, #1062, #495, #867, #1218, #1482, #1596, #843, #1578, #1690, #911, #32, #766, #1283, #244, #289, #834, #877 ) ) ;
#225 = APPLICATION_CONTEXT ( 'automotive_design' ) ;
#226 = LINE ( 'NONE', #1129, #1115 ) ;
#227 = DIRECTION ( 'NONE',  ( 0.000000000000000000, 1.000000000000000000, 0.000000000000000000 ) ) ;
#228 = CARTESIAN_POINT ( 'NONE',  ( 735.1410075154200285, 902.4292556434370454, 1329.449277095599882 ) ) ;
#229 = AXIS2_PLACEMENT_3D ( 'NONE', #135, #1725, #811 ) ;
#230 = VECTOR ( 'NONE', #1251, 999.9999999999998863 ) ;
#231 = AXIS2_PLACEMENT_3D ( 'NONE', #1483, #549, #554 ) ;
#232 = CARTESIAN_POINT ( 'NONE',  ( 731.0709088366929791, 902.2875367916778941, 1351.033130164632212 ) ) ;
#233 = ORIENTED_EDGE ( 'NONE', *, *, #401, .T. ) ;
#234 = ADVANCED_FACE ( 'NONE', ( #175 ), #147, .T. ) ;
#235 = CARTESIAN_POINT ( 'NONE',  ( 610.0917116788809835, 902.0819592881030076, 1276.272076189225800 ) ) ;
#236 = VERTEX_POINT ( 'NONE', #1607 ) ;
#237 = EDGE_CURVE ( 'NONE', #1648, #44, #440, .T. ) ;
#238 = CARTESIAN_POINT ( 'NONE',  ( 750.2833362296439645, 903.2422404663409452, 1354.460576385202103 ) ) ;
#239 =( NAMED_UNIT ( * ) PLANE_ANGLE_UNIT ( ) SI_UNIT ( $, .RADIAN. ) );
#240 = PLANE ( 'NONE',  #862 ) ;
#241 = PLANE ( 'NONE',  #1065 ) ;
#242 = PLANE ( 'NONE',  #143 ) ;
#243 = ORIENTED_EDGE ( 'NONE', *, *, #132, .F. ) ;
#244 = ADVANCED_FACE ( 'NONE', ( #1475 ), #1390, .F. ) ;
#245 = DIRECTION ( 'NONE',  ( 0.000000000000000000, 0.000000000000000000, -1.000000000000000000 ) ) ;
#246 = ORIENTED_EDGE ( 'NONE', *, *, #1388, .F. ) ;
#247 = AXIS2_PLACEMENT_3D ( 'NONE', #1143, #881, #513 ) ;
#248 = CARTESIAN_POINT ( 'NONE',  ( 752.6397363288180031, 897.3194592881029621, 1328.343329406925932 ) ) ;
#249 = CARTESIAN_POINT ( 'NONE',  ( 734.6925593761316122, 902.4254978529229447, 1326.847997498108953 ) ) ;
#250 = CARTESIAN_POINT ( 'NONE',  ( 627.3803735032330451, 906.8444592881029394, 1276.272076189225800 ) ) ;
#251 = VERTEX_POINT ( 'NONE', #383 ) ;
#252 = CYLINDRICAL_SURFACE ( 'NONE', #583, 0.4999999999999873990 ) ;
#253 = ORIENTED_EDGE ( 'NONE', *, *, #359, .F. ) ;
#254 = CARTESIAN_POINT ( 'NONE',  ( 731.6301622015649855, 901.1098073584460053, 1351.879766030359633 ) ) ;
#255 = VERTEX_POINT ( 'NONE', #238 ) ;
#256 = DIRECTION ( 'NONE',  ( 0.000000000000000000, 1.000000000000000000, 0.000000000000000000 ) ) ;
#257 = LINE ( 'NONE', #120, #1449 ) ;
#258 = PLANE ( 'NONE',  #833 ) ;
#259 = EDGE_CURVE ( 'NONE', #1159, #393, #1695, .T. ) ;
#260 = CIRCLE ( 'NONE', #1223, 0.7619999999999713669 ) ;
#261 = CARTESIAN_POINT ( 'NONE',  ( 737.0920374044879964, 902.0819592881030076, 1329.719217114000003 ) ) ;
#262 = ORIENTED_EDGE ( 'NONE', *, *, #1233, .T. ) ;
#263 = VERTEX_POINT ( 'NONE', #1180 ) ;
#264 = CARTESIAN_POINT ( 'NONE',  ( 735.3119721894579470, 907.3006617586909215, 1326.747211028572110 ) ) ;
#265 = DIRECTION ( 'NONE',  ( -1.000000000000000000, -3.416070845000481359E-16, 9.130123557772679427E-17 ) ) ;
#266 = EDGE_CURVE ( 'NONE', #1366, #203, #127, .T. ) ;
#267 = EDGE_CURVE ( 'NONE', #903, #1637, #1446, .T. ) ;
#268 = CARTESIAN_POINT ( 'NONE',  ( 734.3381850457079736, 902.2815318095879320, 1327.413791379643953 ) ) ;
#269 = FACE_OUTER_BOUND ( 'NONE', #1184, .T. ) ;
#270 = ORIENTED_EDGE ( 'NONE', *, *, #529, .T. ) ;
#271 =( BOUNDED_CURVE ( )  B_SPLINE_CURVE ( 3, ( #525, #1436, #1574, #626 ),
 .UNSPECIFIED., .F., .T. ) 
 B_SPLINE_CURVE_WITH_KNOTS ( ( 4, 4 ),
 ( 5.015176959055259509, 6.283185307179590673 ),
 .UNSPECIFIED. ) 
 CURVE ( )  GEOMETRIC_REPRESENTATION_ITEM ( )  RATIONAL_B_SPLINE_CURVE ( ( 1.000000000000000000, 0.8704413324986399747, 0.8704413324986399747, 1.000000000000000000 ) ) 
 REPRESENTATION_ITEM ( '' )  );
#272 = LINE ( 'NONE', #1459, #392 ) ;
#273 = LINE ( 'NONE', #1452, #787 ) ;
#274 = LINE ( 'NONE', #804, #447 ) ;
#275 = CARTESIAN_POINT ( 'NONE',  ( 735.1410075154200285, 902.4292556434370454, 1329.449277095599882 ) ) ;
#276 = ORIENTED_EDGE ( 'NONE', *, *, #1142, .T. ) ;
#277 = EDGE_CURVE ( 'NONE', #779, #1506, #1724, .T. ) ;
#278 = CARTESIAN_POINT ( 'NONE',  ( 734.4469701811550522, 897.3194592881029621, 1326.627531335633876 ) ) ;
#279 = CIRCLE ( 'NONE', #1471, 0.7619999999999713669 ) ;
#280 = ORIENTED_EDGE ( 'NONE', *, *, #1710, .F. ) ;
#281 = APPLICATION_CONTEXT ( 'automotive_design' ) ;
#282 = DIRECTION ( 'NONE',  ( -0.9755149445343391790, 0.1736481776669248633, -0.1349700091987885431 ) ) ;
#283 = ORIENTED_EDGE ( 'NONE', *, *, #1142, .F. ) ;
#284 = CIRCLE ( 'NONE', #672, 0.7937499999999264588 ) ;
#285 = CARTESIAN_POINT ( 'NONE',  ( 774.3303800304619244, 898.9802959101069746, 1357.018411330923982 ) ) ;
#286 = VECTOR ( 'NONE', #1461, 999.9999999999998863 ) ;
#287 = CARTESIAN_POINT ( 'NONE',  ( 673.5917116788810972, 901.8551105670484276, 1365.172076189227482 ) ) ;
#288 = DIRECTION ( 'NONE',  ( 1.000000000000000000, 0.000000000000000000, 0.000000000000000000 ) ) ;
#289 = ADVANCED_FACE ( 'NONE', ( #1026 ), #111, .F. ) ;
#290 = ORIENTED_EDGE ( 'NONE', *, *, #1416, .F. ) ;
#291 = ADVANCED_FACE ( 'NONE', ( #397 ), #555, .F. ) ;
#292 =( GEOMETRIC_REPRESENTATION_CONTEXT ( 3 ) GLOBAL_UNCERTAINTY_ASSIGNED_CONTEXT ( ( #57 ) ) GLOBAL_UNIT_ASSIGNED_CONTEXT ( ( #1544, #1262, #476 ) ) REPRESENTATION_CONTEXT ( 'NONE', 'WORKASPACE' ) );
#293 = DIRECTION ( 'NONE',  ( 0.000000000000000000, -1.000000000000000000, 0.000000000000000000 ) ) ;
#294 = EDGE_CURVE ( 'NONE', #1608, #1167, #860, .T. ) ;
#295 = LINE ( 'NONE', #1224, #146 ) ;
#296 = CARTESIAN_POINT ( 'NONE',  ( 731.2240604821242869, 902.4177759654593274, 1351.584192288554277 ) ) ;
#297 = ORIENTED_EDGE ( 'NONE', *, *, #1709, .F. ) ;
#298 = EDGE_CURVE ( 'NONE', #882, #371, #1451, .T. ) ;
#299 = CARTESIAN_POINT ( 'NONE',  ( 735.7619757656140109, 901.7835153888319155, 1351.682175420264230 ) ) ;
#300 = ORIENTED_EDGE ( 'NONE', *, *, #595, .F. ) ;
#301 = AXIS2_PLACEMENT_3D ( 'NONE', #561, #181, #826 ) ;
#302 = CARTESIAN_POINT ( 'NONE',  ( 735.6575420355840151, 901.7835153888308923, 1352.436985062513941 ) ) ;
#303 = EDGE_CURVE ( 'NONE', #345, #741, #1163, .T. ) ;
#304 = CARTESIAN_POINT ( 'NONE',  ( 731.1190289812377614, 902.3860121947227526, 1351.398027033119206 ) ) ;
#305 = ORIENTED_EDGE ( 'NONE', *, *, #831, .F. ) ;
#306 = AXIS2_PLACEMENT_3D ( 'NONE', #745, #1696, #1313 ) ;
#307 = CARTESIAN_POINT ( 'NONE',  ( 752.6397363288180031, 897.3194592881029621, 1328.343329406925932 ) ) ;
#308 = VERTEX_POINT ( 'NONE', #785 ) ;
#309 = EDGE_LOOP ( 'NONE', ( #451, #63, #22, #607, #528, #512, #880, #577, #1308, #638, #1566, #1433, #581, #1571, #660, #326 ) ) ;
#310 = CIRCLE ( 'NONE', #617, 0.7937499999999264588 ) ;
#311 =( BOUNDED_CURVE ( )  B_SPLINE_CURVE ( 3, ( #1192, #287, #12, #955 ),
 .UNSPECIFIED., .F., .T. ) 
 B_SPLINE_CURVE_WITH_KNOTS ( ( 4, 4 ),
 ( 0.000000000000000000, 1.268008348124326057 ),
 .UNSPECIFIED. ) 
 CURVE ( )  GEOMETRIC_REPRESENTATION_ITEM ( )  RATIONAL_B_SPLINE_CURVE ( ( 1.000000000000000000, 0.8704413324986399747, 0.8704413324986399747, 1.000000000000000000 ) ) 
 REPRESENTATION_ITEM ( '' )  );
#312 = LINE ( 'NONE', #1368, #892 ) ;
#313 = EDGE_CURVE ( 'NONE', #1721, #90, #1493, .T. ) ;
#314 = ADVANCED_FACE ( 'NONE', ( #1312 ), #924, .T. ) ;
#315 = CARTESIAN_POINT ( 'NONE',  ( 735.7619757656140109, 901.7835153888319155, 1351.682175420264230 ) ) ;
#316 = EDGE_LOOP ( 'NONE', ( #1374, #829, #193, #730, #280 ) ) ;
#317 = DIRECTION ( 'NONE',  ( -1.552605928401549728E-16, 0.000000000000000000, -1.000000000000000000 ) ) ;
#318 = CARTESIAN_POINT ( 'NONE',  ( 735.1244450897170282, 897.3194592881029621, 1327.522576515091941 ) ) ;
#319 = ORIENTED_EDGE ( 'NONE', *, *, #1353, .T. ) ;
#320 = EDGE_LOOP ( 'NONE', ( #1625, #657, #970, #1645, #40 ) ) ;
#321 = CARTESIAN_POINT ( 'NONE',  ( 734.6117775622946056, 901.1534321155104408, 1326.909628942660902 ) ) ;
#322 = CARTESIAN_POINT ( 'NONE',  ( 735.1244450897170282, 897.3194592881029621, 1327.522576515091941 ) ) ;
#323 = CIRCLE ( 'NONE', #1297, 0.7619999999999713669 ) ;
#324 = ORIENTED_EDGE ( 'NONE', *, *, #532, .T. ) ;
#325 = CARTESIAN_POINT ( 'NONE',  ( 735.1244450897170282, 906.8444592881029394, 1326.728826515092123 ) ) ;
#326 = ORIENTED_EDGE ( 'NONE', *, *, #1054, .F. ) ;
#327 = ORIENTED_EDGE ( 'NONE', *, *, #92, .T. ) ;
#328 = DIRECTION ( 'NONE',  ( 0.000000000000000000, -1.000000000000000000, 0.000000000000000000 ) ) ;
#329 = FACE_OUTER_BOUND ( 'NONE', #848, .T. ) ;
#330 = CARTESIAN_POINT ( 'NONE',  ( 731.0709088366929791, 902.2875367916778941, 1351.033130164632212 ) ) ;
#331 = ORIENTED_EDGE ( 'NONE', *, *, #5, .F. ) ;
#332 = CIRCLE ( 'NONE', #1586, 4.000500000000008605 ) ;
#333 = VERTEX_POINT ( 'NONE', #650 ) ;
#334 = DIRECTION ( 'NONE',  ( 1.000000000000000000, 0.000000000000000000, -1.552605928401549728E-16 ) ) ;
#335 = ORIENTED_EDGE ( 'NONE', *, *, #1537, .F. ) ;
#336 = VECTOR ( 'NONE', #1489, 1000.000000000000114 ) ;
#337 = CARTESIAN_POINT ( 'NONE',  ( 739.5875175782570068, 906.4736623125520509, 1330.066723512105909 ) ) ;
#338 = LINE ( 'NONE', #1660, #1086 ) ;
#339 = LINE ( 'NONE', #76, #1200 ) ;
#340 = FACE_OUTER_BOUND ( 'NONE', #1191, .T. ) ;
#341 = VERTEX_POINT ( 'NONE', #1563 ) ;
#342 = EDGE_CURVE ( 'NONE', #611, #1637, #1591, .T. ) ;
#343 = CARTESIAN_POINT ( 'NONE',  ( 731.5233654445520415, 901.1154048657863314, 1351.836054641097007 ) ) ;
#344 = DIRECTION ( 'NONE',  ( -0.1720096048057259963, -0.9848077530122080203, -0.02379885420821625103 ) ) ;
#345 = VERTEX_POINT ( 'NONE', #134 ) ;
#346 = EDGE_CURVE ( 'NONE', #191, #922, #272, .T. ) ;
#347 = DIRECTION ( 'NONE',  ( -0.1370521391469141093, 0.000000000000000000, 0.9905638349724135150 ) ) ;
#348 = CARTESIAN_POINT ( 'NONE',  ( 734.6117775623046100, 902.4135986621500933, 1326.909628942652944 ) ) ;
#349 = CARTESIAN_POINT ( 'NONE',  ( 748.3455067411480286, 906.8444592881029394, 1365.172076189225891 ) ) ;
#350 = DIRECTION ( 'NONE',  ( 0.000000000000000000, 1.000000000000000000, 0.000000000000000000 ) ) ;
#351 = ORIENTED_EDGE ( 'NONE', *, *, #1405, .T. ) ;
#352 = LINE ( 'NONE', #641, #850 ) ;
#353 = ORIENTED_EDGE ( 'NONE', *, *, #529, .F. ) ;
#354 = LINE ( 'NONE', #1027, #99 ) ;
#355 = CARTESIAN_POINT ( 'NONE',  ( 610.2568512870911945, 902.4915714031777725, 1276.272076189226482 ) ) ;
#356 = EDGE_CURVE ( 'NONE', #203, #333, #332, .T. ) ;
#357 = DIRECTION ( 'NONE',  ( 0.9905638349724098513, 0.000000000000000000, 0.1370521391469405881 ) ) ;
#358 = ORIENTED_EDGE ( 'NONE', *, *, #546, .F. ) ;
#359 = EDGE_CURVE ( 'NONE', #1060, #126, #1155, .T. ) ;
#360 = VECTOR ( 'NONE', #293, 1000.000000000000000 ) ;
#361 = FILL_AREA_STYLE_COLOUR ( '', #20 ) ;
#362 = VERTEX_POINT ( 'NONE', #894 ) ;
#363 = DIRECTION ( 'NONE',  ( -0.1720096048057259963, -0.9848077530122080203, -0.02379885420821625103 ) ) ;
#364 = LINE ( 'NONE', #744, #1349 ) ;
#365 = CYLINDRICAL_SURFACE ( 'NONE', #394, 0.7619999999999713669 ) ;
#366 = AXIS2_PLACEMENT_3D ( 'NONE', #50, #988, #41 ) ;
#367 = AXIS2_PLACEMENT_3D ( 'NONE', #540, #1074, #1602 ) ;
#368 = DIRECTION ( 'NONE',  ( 0.1370521391469429473, -5.127842594987317920E-15, -0.9905638349724096292 ) ) ;
#369 = VERTEX_POINT ( 'NONE', #905 ) ;
#370 = DIRECTION ( 'NONE',  ( 0.000000000000000000, 0.000000000000000000, -1.000000000000000000 ) ) ;
#371 = VERTEX_POINT ( 'NONE', #1434 ) ;
#372 = CARTESIAN_POINT ( 'NONE',  ( 735.6575420355840151, 901.7835153888319155, 1352.436985062513941 ) ) ;
#373 = DIRECTION ( 'NONE',  ( -3.416070845000481359E-16, 1.000000000000000000, 5.303811845787438131E-32 ) ) ;
#374 = CARTESIAN_POINT ( 'NONE',  ( 735.7619757656140109, 901.7835153888319155, 1351.682175420264230 ) ) ;
#375 = ORIENTED_EDGE ( 'NONE', *, *, #1361, .T. ) ;
#376 = VECTOR ( 'NONE', #866, 999.9999999999998863 ) ;
#377 = DIRECTION ( 'NONE',  ( 0.000000000000000000, -1.000000000000000000, 0.000000000000000000 ) ) ;
#378 = ORIENTED_EDGE ( 'NONE', *, *, #831, .T. ) ;
#379 = FACE_OUTER_BOUND ( 'NONE', #1654, .T. ) ;
#380 = VERTEX_POINT ( 'NONE', #828 ) ;
#381 = EDGE_CURVE ( 'NONE', #1618, #1721, #1626, .T. ) ;
#382 = VECTOR ( 'NONE', #1024, 1000.000000000000114 ) ;
#383 = CARTESIAN_POINT ( 'NONE',  ( 753.4259963728280809, 897.3194592881029621, 1328.452114542373920 ) ) ;
#384 = CARTESIAN_POINT ( 'NONE',  ( 1344.012940122190685, 1552.081959288102780, 1276.272076189225572 ) ) ;
#385 = ORIENTED_EDGE ( 'NONE', *, *, #1105, .T. ) ;
#386 = AXIS2_PLACEMENT_3D ( 'NONE', #1610, #415, #920 ) ;
#387 = DIRECTION ( 'NONE',  ( -0.1370521391469141093, 0.000000000000000000, 0.9905638349724135150 ) ) ;
#388 = EDGE_LOOP ( 'NONE', ( #1317, #174, #1382, #827, #375, #300, #433 ) ) ;
#389 = ORIENTED_EDGE ( 'NONE', *, *, #912, .T. ) ;
#390 = CARTESIAN_POINT ( 'NONE',  ( 750.2833362296439645, 903.2422404663409452, 1354.460576385202103 ) ) ;
#391 = DIRECTION ( 'NONE',  ( 1.000000000000000000, 0.000000000000000000, 0.000000000000000000 ) ) ;
#392 = VECTOR ( 'NONE', #523, 1000.000000000000000 ) ;
#393 = VERTEX_POINT ( 'NONE', #1486 ) ;
#394 = AXIS2_PLACEMENT_3D ( 'NONE', #1564, #1147, #214 ) ;
#395 = DIRECTION ( 'NONE',  ( -0.9755149445343386239, 0.1736481776669053512, -0.1349700091988187967 ) ) ;
#396 = ORIENTED_EDGE ( 'NONE', *, *, #720, .F. ) ;
#397 = FACE_OUTER_BOUND ( 'NONE', #1178, .T. ) ;
#398 = LINE ( 'NONE', #1460, #1670 ) ;
#399 = ORIENTED_EDGE ( 'NONE', *, *, #852, .T. ) ;
#400 = CARTESIAN_POINT ( 'NONE',  ( 737.0920374044879964, 902.0819592881030076, 1329.719217114000003 ) ) ;
#401 = EDGE_CURVE ( 'NONE', #741, #1060, #940, .T. ) ;
#402 = CARTESIAN_POINT ( 'NONE',  ( 752.6397363288180031, 906.8444592881029394, 1328.343329406925932 ) ) ;
#403 = ORIENTED_EDGE ( 'NONE', *, *, #1519, .T. ) ;
#404 = LINE ( 'NONE', #553, #360 ) ;
#405 = DIRECTION ( 'NONE',  ( 0.000000000000000000, -1.000000000000000000, 0.000000000000000000 ) ) ;
#406 = CARTESIAN_POINT ( 'NONE',  ( 738.3461082158599993, 897.8437919729059331, 1327.936265980203871 ) ) ;
#407 = CARTESIAN_POINT ( 'NONE',  ( 739.1386663699159953, 901.7835153888319155, 1327.276663654213962 ) ) ;
#408 = ADVANCED_FACE ( 'NONE', ( #1599 ), #696, .F. ) ;
#409 = ORIENTED_EDGE ( 'NONE', *, *, #109, .T. ) ;
#410 = FACE_OUTER_BOUND ( 'NONE', #125, .T. ) ;
#411 = PLANE ( 'NONE',  #1002 ) ;
#412 = CARTESIAN_POINT ( 'NONE',  ( 739.0342326398859996, 901.7835153888319155, 1328.031473296463901 ) ) ;
#413 = EDGE_CURVE ( 'NONE', #1141, #463, #967, .T. ) ;
#414 = EDGE_CURVE ( 'NONE', #1381, #1179, #404, .T. ) ;
#415 = DIRECTION ( 'NONE',  ( 0.1370521391469501360, -6.449701883682186873E-15, -0.9905638349724086300 ) ) ;
#416 = AXIS2_PLACEMENT_3D ( 'NONE', #593, #65, #698 ) ;
#417 = ORIENTED_EDGE ( 'NONE', *, *, #789, .T. ) ;
#418 = CARTESIAN_POINT ( 'NONE',  ( 735.1809008705960196, 906.5502382508959727, 1326.729076301665827 ) ) ;
#419 = CARTESIAN_POINT ( 'NONE',  ( 739.0430672935569874, 901.7346629327689698, 1329.989157132396031 ) ) ;
#420 = FACE_OUTER_BOUND ( 'NONE', #1450, .T. ) ;
#421 = EDGE_LOOP ( 'NONE', ( #305, #1099 ) ) ;
#422 = TOROIDAL_SURFACE ( 'NONE', #956, 4.000499999999999723, 0.7620000000000000107 ) ;
#423 = CARTESIAN_POINT ( 'NONE',  ( 736.4501001896389880, 905.7232388047569884, 1351.777382736524032 ) ) ;
#424 = FACE_OUTER_BOUND ( 'NONE', #316, .T. ) ;
#425 = EDGE_CURVE ( 'NONE', #203, #492, #279, .T. ) ;
#426 = CARTESIAN_POINT ( 'NONE',  ( 748.9070873815929872, 895.3627936344900036, 1354.270161752682043 ) ) ;
#427 = PLANE ( 'NONE',  #301 ) ;
#428 = ORIENTED_EDGE ( 'NONE', *, *, #889, .T. ) ;
#429 = DIRECTION ( 'NONE',  ( -0.5812381937190961301, 2.649294320951970385E-17, -0.8137334712067352260 ) ) ;
#430 = EDGE_CURVE ( 'NONE', #345, #308, #1093, .T. ) ;
#431 = CARTESIAN_POINT ( 'NONE',  ( 734.3396615141249413, 901.2854989680749895, 1327.403119994089820 ) ) ;
#432 = TOROIDAL_SURFACE ( 'NONE', #1352, 4.000499999999999723, 0.7620000000000000107 ) ;
#433 = ORIENTED_EDGE ( 'NONE', *, *, #1510, .F. ) ;
#434 = ADVANCED_FACE ( 'NONE', ( #23 ), #168, .F. ) ;
#435 = FACE_BOUND ( 'NONE', #1440, .T. ) ;
#436 = AXIS2_PLACEMENT_3D ( 'NONE', #299, #667, #1197 ) ;
#437 = FACE_OUTER_BOUND ( 'NONE', #320, .T. ) ;
#438 = TOROIDAL_SURFACE ( 'NONE', #750, 4.000499999999999723, 0.7620000000000000107 ) ;
#439 = ORIENTED_EDGE ( 'NONE', *, *, #381, .T. ) ;
#440 = LINE ( 'NONE', #819, #26 ) ;
#441 = AXIS2_PLACEMENT_3D ( 'NONE', #1165, #788, #1314 ) ;
#442 = DIRECTION ( 'NONE',  ( 0.000000000000000000, 0.000000000000000000, 1.000000000000000000 ) ) ;
#443 = ORIENTED_EDGE ( 'NONE', *, *, #303, .F. ) ;
#444 = CIRCLE ( 'NONE', #1476, 0.7937499999999264588 ) ;
#445 = ORIENTED_EDGE ( 'NONE', *, *, #1186, .F. ) ;
#446 = AXIS2_PLACEMENT_3D ( 'NONE', #456, #328, #465 ) ;
#447 = VECTOR ( 'NONE', #1, 1000.000000000000000 ) ;
#448 = DIRECTION ( 'NONE',  ( 0.1370521391469135541, 8.321261570202484484E-17, -0.9905638349724136260 ) ) ;
#449 = CARTESIAN_POINT ( 'NONE',  ( 777.7337082235959542, 899.7307194179030603, 1333.385843934029936 ) ) ;
#450 = EDGE_CURVE ( 'NONE', #1401, #611, #1727, .T. ) ;
#451 = ORIENTED_EDGE ( 'NONE', *, *, #1041, .T. ) ;
#452 = LINE ( 'NONE', #980, #759 ) ;
#453 = EDGE_LOOP ( 'NONE', ( #702, #1289, #253, #642, #443 ) ) ;
#454 = ORIENTED_EDGE ( 'NONE', *, *, #414, .F. ) ;
#455 = COLOUR_RGB ( '',1.000000000000000000, 1.000000000000000000, 1.000000000000000000 ) ;
#456 = CARTESIAN_POINT ( 'NONE',  ( 752.6397363288180031, 897.3194592881029621, 1328.343329406925932 ) ) ;
#457 = CYLINDRICAL_SURFACE ( 'NONE', #1385, 0.9999999999999674705 ) ;
#458 = PRODUCT_DEFINITION_CONTEXT ( 'detailed design', #281, 'design' ) ;
#459 = LINE ( 'NONE', #449, #1268 ) ;
#460 = CIRCLE ( 'NONE', #247, 0.7937499999999264588 ) ;
#461 = ORIENTED_EDGE ( 'NONE', *, *, #962, .F. ) ;
#462 = PLANE ( 'NONE',  #366 ) ;
#463 = VERTEX_POINT ( 'NONE', #1365 ) ;
#464 = VERTEX_POINT ( 'NONE', #559 ) ;
#465 = DIRECTION ( 'NONE',  ( 0.000000000000000000, 0.000000000000000000, 1.000000000000000000 ) ) ;
#466 = CARTESIAN_POINT ( 'NONE',  ( 690.8803735032330451, 906.8444592881029394, 1365.172076189225891 ) ) ;
#467 = CARTESIAN_POINT ( 'NONE',  ( 735.1244450897170282, 897.3194592881029621, 1326.728826515092123 ) ) ;
#468 = EDGE_CURVE ( 'NONE', #981, #492, #1412, .T. ) ;
#469 = CARTESIAN_POINT ( 'NONE',  ( 734.3396615141230086, 902.2815318095908879, 1327.403119994089820 ) ) ;
#470 = EDGE_LOOP ( 'NONE', ( #1249, #1013, #445, #710, #1253 ) ) ;
#471 = VECTOR ( 'NONE', #1686, 999.9999999999998863 ) ;
#472 = CARTESIAN_POINT ( 'NONE',  ( 731.8608910262809104, 897.3194592881029621, 1351.110377835371992 ) ) ;
#473 = CARTESIAN_POINT ( 'NONE',  ( 735.1974496500719169, 901.1068217946809682, 1326.731365952820170 ) ) ;
#474 = VERTEX_POINT ( 'NONE', #9 ) ;
#475 = VECTOR ( 'NONE', #1156, 1000.000000000000000 ) ;
#476 =( NAMED_UNIT ( * ) SI_UNIT ( $, .STERADIAN. ) SOLID_ANGLE_UNIT ( ) );
#477 = LINE ( 'NONE', #1393, #141 ) ;
#478 = DIRECTION ( 'NONE',  ( -0.5812381937190961301, 0.000000000000000000, -0.8137334712067352260 ) ) ;
#479 = EDGE_CURVE ( 'NONE', #1060, #4, #666, .T. ) ;
#480 = CARTESIAN_POINT ( 'NONE',  ( 735.6481004302630708, 902.4292556434370454, 1325.784190906201957 ) ) ;
#481 = ORIENTED_EDGE ( 'NONE', *, *, #621, .T. ) ;
#482 = CARTESIAN_POINT ( 'NONE',  ( 731.7521058908329223, 901.1055819916970222, 1351.896637879382070 ) ) ;
#483 = VERTEX_POINT ( 'NONE', #824 ) ;
#484 = EDGE_CURVE ( 'NONE', #1196, #953, #1356, .T. ) ;
#485 = LINE ( 'NONE', #1016, #1336 ) ;
#486 =( LENGTH_UNIT ( ) NAMED_UNIT ( * ) SI_UNIT ( .MILLI., .METRE. ) );
#487 = CARTESIAN_POINT ( 'NONE',  ( 734.3431657109699700, 902.2875367916880123, 1327.382428040803916 ) ) ;
#488 = CARTESIAN_POINT ( 'NONE',  ( 739.0342326398859996, 901.7835153888319155, 1328.031473296463901 ) ) ;
#489 = PRODUCT_DEFINITION_FORMATION_WITH_SPECIFIED_SOURCE ( 'ANY', '', #139, .NOT_KNOWN. ) ;
#490 = FACE_OUTER_BOUND ( 'NONE', #777, .T. ) ;
#491 = DIRECTION ( 'NONE',  ( -0.1370521391469812500, 0.000000000000000000, 0.9905638349724041891 ) ) ;
#492 = VERTEX_POINT ( 'NONE', #1208 ) ;
#493 = DIRECTION ( 'NONE',  ( 0.1370521391469139427, 2.428612866367528700E-17, -0.9905638349724136260 ) ) ;
#494 = ORIENTED_EDGE ( 'NONE', *, *, #1326, .F. ) ;
#495 = ADVANCED_FACE ( 'NONE', ( #15 ), #1344, .F. ) ;
#496 = DIRECTION ( 'NONE',  ( 0.1370521391469812500, 0.000000000000000000, -0.9905638349724041891 ) ) ;
#497 = FACE_OUTER_BOUND ( 'NONE', #470, .T. ) ;
#498 = ADVANCED_FACE ( 'NONE', ( #410 ), #818, .T. ) ;
#499 = CARTESIAN_POINT ( 'NONE',  ( 735.1244450897170282, 901.1096926219339593, 1326.728826515092123 ) ) ;
#500 = CARTESIAN_POINT ( 'NONE',  ( 739.0342326398859996, 901.7835153888319155, 1328.031473296463901 ) ) ;
#501 = ORIENTED_EDGE ( 'NONE', *, *, #294, .F. ) ;
#502 = VECTOR ( 'NONE', #690, 999.9999999999998863 ) ;
#503 = DIRECTION ( 'NONE',  ( 0.000000000000000000, -1.000000000000000000, 0.000000000000000000 ) ) ;
#504 = ORIENTED_EDGE ( 'NONE', *, *, #381, .F. ) ;
#505 = CARTESIAN_POINT ( 'NONE',  ( 752.5309511933700151, 897.3194592881029621, 1329.129589450935782 ) ) ;
#506 = FACE_OUTER_BOUND ( 'NONE', #1468, .T. ) ;
#507 = FACE_OUTER_BOUND ( 'NONE', #790, .T. ) ;
#508 = ORIENTED_EDGE ( 'NONE', *, *, #1201, .F. ) ;
#509 = CIRCLE ( 'NONE', #1640, 4.762500000000013500 ) ;
#510 = CIRCLE ( 'NONE', #1478, 4.762500000000013500 ) ;
#511 = FACE_OUTER_BOUND ( 'NONE', #1114, .T. ) ;
#512 = ORIENTED_EDGE ( 'NONE', *, *, #904, .F. ) ;
#513 = DIRECTION ( 'NONE',  ( 0.000000000000000000, 0.000000000000000000, 1.000000000000000000 ) ) ;
#514 = VERTEX_POINT ( 'NONE', #684 ) ;
#515 = DIRECTION ( 'NONE',  ( 0.1370521391469133321, 1.248688711014785460E-16, -0.9905638349724136260 ) ) ;
#516 = CARTESIAN_POINT ( 'NONE',  ( 760.6455067411480968, 906.8444592881029394, 1276.272076189225800 ) ) ;
#517 = DIRECTION ( 'NONE',  ( -0.1370521391469135541, -8.321261570202484484E-17, 0.9905638349724136260 ) ) ;
#518 = ORIENTED_EDGE ( 'NONE', *, *, #1510, .T. ) ;
#519 = MECHANICAL_DESIGN_GEOMETRIC_PRESENTATION_REPRESENTATION (  '', ( #1345 ), #292 ) ;
#520 = DIRECTION ( 'NONE',  ( -0.9755149445343386239, 0.1736481776669053512, -0.1349700091988187967 ) ) ;
#521 = ORIENTED_EDGE ( 'NONE', *, *, #110, .T. ) ;
#522 = ORIENTED_EDGE ( 'NONE', *, *, #1521, .T. ) ;
#523 = DIRECTION ( 'NONE',  ( 0.000000000000000000, 1.000000000000000000, 0.000000000000000000 ) ) ;
#524 = CARTESIAN_POINT ( 'NONE',  ( 731.0709088366900232, 901.2794939859749093, 1351.033130164661998 ) ) ;
#525 = CARTESIAN_POINT ( 'NONE',  ( 674.0229447007369572, 902.5592137247689379, 1365.172076189225891 ) ) ;
#526 = AXIS2_PLACEMENT_3D ( 'NONE', #261, #527, #395 ) ;
#527 = DIRECTION ( 'NONE',  ( 0.1370521391469429473, -5.127842594987317920E-15, -0.9905638349724096292 ) ) ;
#528 = ORIENTED_EDGE ( 'NONE', *, *, #659, .T. ) ;
#529 = EDGE_CURVE ( 'NONE', #764, #1005, #1084, .T. ) ;
#530 = CARTESIAN_POINT ( 'NONE',  ( 749.7273017675998972, 906.8444592881029394, 1355.184956038692007 ) ) ;
#531 = CARTESIAN_POINT ( 'NONE',  ( 731.0746309822709463, 901.2854989680749895, 1351.001592699924004 ) ) ;
#532 = EDGE_CURVE ( 'NONE', #126, #308, #1350, .T. ) ;
#533 = LINE ( 'NONE', #426, #286 ) ;
#534 = DIRECTION ( 'NONE',  ( 0.1370521391469429473, -5.127842594987317920E-15, -0.9905638349724096292 ) ) ;
#535 = EDGE_LOOP ( 'NONE', ( #461, #823, #987, #921 ) ) ;
#536 = DIRECTION ( 'NONE',  ( 0.9755149445343384018, -0.1736481776669305532, 0.1349700091987882378 ) ) ;
#537 = DIRECTION ( 'NONE',  ( -0.5812381937190961301, 0.000000000000000000, -0.8137334712067352260 ) ) ;
#538 = EDGE_CURVE ( 'NONE', #483, #169, #1371, .T. ) ;
#539 = ORIENTED_EDGE ( 'NONE', *, *, #1021, .F. ) ;
#540 = CARTESIAN_POINT ( 'NONE',  ( 695.7156193215250823, 902.0819592881030076, 1398.170233801754193 ) ) ;
#541 = ADVANCED_FACE ( 'NONE', ( #578 ), #192, .T. ) ;
#542 = DIRECTION ( 'NONE',  ( 9.130123557772679427E-17, 0.000000000000000000, 1.000000000000000000 ) ) ;
#543 = ORIENTED_EDGE ( 'NONE', *, *, #889, .F. ) ;
#544 = CARTESIAN_POINT ( 'NONE',  ( 738.7683218353699885, 901.7835153888319155, 1329.953381468939824 ) ) ;
#545 = DIRECTION ( 'NONE',  ( 0.000000000000000000, 0.000000000000000000, -1.000000000000000000 ) ) ;
#546 = EDGE_CURVE ( 'NONE', #263, #1366, #185, .T. ) ;
#547 = VECTOR ( 'NONE', #62, 1000.000000000000000 ) ;
#548 = ORIENTED_EDGE ( 'NONE', *, *, #450, .T. ) ;
#549 = DIRECTION ( 'NONE',  ( -0.1720096048057257188, -0.9848077530122080203, -0.02379885420821625103 ) ) ;
#550 = B_SPLINE_CURVE_WITH_KNOTS ( 'NONE', 3,
 ( #482, #254, #343, #1034, #1703, #872, #1399, #598, #1532, #752, #772, #1300, #1684, #1560, #107, #1014, #763, #1542 ),
 .UNSPECIFIED., .F., .F.,
 ( 4, 2, 2, 2, 1, 1, 2, 2, 2, 4 ),
 ( 0.000000000000000000, 0.2499999999935573203, 0.3749999999900778813, 0.4374999999883381063, 0.4687499999874682466, 0.4843749999873868117, 0.4921874999874306655, 0.4999999999874745749, 0.7499999999937372319, 1.000000000000000000 ),
 .UNSPECIFIED. ) ;
#551 = CARTESIAN_POINT ( 'NONE',  ( 731.0718902430500066, 902.2837467203290771, 1351.023093699647916 ) ) ;
#552 = VERTEX_POINT ( 'NONE', #1126 ) ;
#553 = CARTESIAN_POINT ( 'NONE',  ( 735.2332302251649025, 897.3194592881029621, 1326.736316471082091 ) ) ;
#554 = DIRECTION ( 'NONE',  ( -0.9850867619346519444, 0.1720583373774789981, 0.000000000000000000 ) ) ;
#555 = TOROIDAL_SURFACE ( 'NONE', #165, 4.000499999999999723, 0.7620000000000000107 ) ;
#556 = CARTESIAN_POINT ( 'NONE',  ( 731.6301211224769077, 902.4572219958203050, 1351.879760346751482 ) ) ;
#557 = EDGE_CURVE ( 'NONE', #922, #835, #8, .T. ) ;
#558 = VERTEX_POINT ( 'NONE', #325 ) ;
#559 = CARTESIAN_POINT ( 'NONE',  ( 734.9564687903880440, 901.9083111104359887, 1352.339986177069932 ) ) ;
#560 = DIRECTION ( 'NONE',  ( 0.002062482626359825148, 0.02379885420827211259, -0.9997146396366262122 ) ) ;
#561 = CARTESIAN_POINT ( 'NONE',  ( 775.8294059333059067, 890.3504255704609704, 1335.081068020172097 ) ) ;
#562 = ADVANCED_FACE ( 'NONE', ( #1655 ), #462, .F. ) ;
#563 = EDGE_CURVE ( 'NONE', #968, #178, #310, .T. ) ;
#564 = EDGE_LOOP ( 'NONE', ( #409, #1702, #33, #942 ) ) ;
#565 = DIRECTION ( 'NONE',  ( 0.1370521391469812500, 0.000000000000000000, -0.9905638349724041891 ) ) ;
#566 = ORIENTED_EDGE ( 'NONE', *, *, #1176, .T. ) ;
#567 = DIRECTION ( 'NONE',  ( -0.1370521391469812500, 0.000000000000000000, 0.9905638349724041891 ) ) ;
#568 = CARTESIAN_POINT ( 'NONE',  ( 731.2022674412875176, 902.4130804713075804, 1351.553819306165451 ) ) ;
#569 = ORIENTED_EDGE ( 'NONE', *, *, #1593, .T. ) ;
#570 = DIRECTION ( 'NONE',  ( 0.000000000000000000, -1.000000000000000000, 0.000000000000000000 ) ) ;
#571 = ORIENTED_EDGE ( 'NONE', *, *, #266, .F. ) ;
#572 = ORIENTED_EDGE ( 'NONE', *, *, #303, .T. ) ;
#573 = DIRECTION ( 'NONE',  ( -0.9755149445343290759, 0.1736481776669304977, -0.1349700091988550177 ) ) ;
#574 = VECTOR ( 'NONE', #678, 1000.000000000000000 ) ;
#575 = EDGE_CURVE ( 'NONE', #371, #263, #1499, .T. ) ;
#576 = DIRECTION ( 'NONE',  ( 0.1370521391469135541, 8.810747544920275586E-17, -0.9905638349724136260 ) ) ;
#577 = ORIENTED_EDGE ( 'NONE', *, *, #1162, .F. ) ;
#578 = FACE_OUTER_BOUND ( 'NONE', #223, .T. ) ;
#579 = CARTESIAN_POINT ( 'NONE',  ( 734.3431657109649677, 901.2794939859859369, 1327.382428040831883 ) ) ;
#580 = AXIS2_PLACEMENT_3D ( 'NONE', #596, #605, #1529 ) ;
#581 = ORIENTED_EDGE ( 'NONE', *, *, #1405, .F. ) ;
#582 = VECTOR ( 'NONE', #1380, 1000.000000000000000 ) ;
#583 = AXIS2_PLACEMENT_3D ( 'NONE', #208, #647, #1298 ) ;
#584 = CARTESIAN_POINT ( 'NONE',  ( 3.168463654255194986E-13, 1552.081959288102780, 2576.272076189226027 ) ) ;
#585 = CARTESIAN_POINT ( 'NONE',  ( 732.6509937129900436, 902.2556074657699128, 1354.631849186513818 ) ) ;
#586 = CARTESIAN_POINT ( 'NONE',  ( 731.2316388931166102, 902.4192932277017007, 1351.594203578930092 ) ) ;
#587 = EDGE_CURVE ( 'NONE', #341, #741, #452, .T. ) ;
#588 = VERTEX_POINT ( 'NONE', #709 ) ;
#589 = CARTESIAN_POINT ( 'NONE',  ( 749.0498268590389443, 897.3194592881029621, 1354.289910859234169 ) ) ;
#590 = EDGE_LOOP ( 'NONE', ( #695, #187, #1627, #1080 ) ) ;
#591 = EDGE_LOOP ( 'NONE', ( #999, #812, #106, #1391 ) ) ;
#592 = CARTESIAN_POINT ( 'NONE',  ( 748.8804497927609418, 894.6123701266950548, 1353.497217383526049 ) ) ;
#593 = CARTESIAN_POINT ( 'NONE',  ( 737.0920374044879964, 902.0819592881030076, 1329.719217114000003 ) ) ;
#594 = ADVANCED_FACE ( 'NONE', ( #846 ), #1117, .F. ) ;
#595 = EDGE_CURVE ( 'NONE', #1070, #1135, #727, .T. ) ;
#596 = CARTESIAN_POINT ( 'NONE',  ( 739.0342326398859996, 901.7835153888319155, 1328.031473296463901 ) ) ;
#597 = ORIENTED_EDGE ( 'NONE', *, *, #972, .F. ) ;
#598 = CARTESIAN_POINT ( 'NONE',  ( 731.2667447384079651, 901.1415001911524314, 1351.636825643224938 ) ) ;
#599 = CARTESIAN_POINT ( 'NONE',  ( 739.7223570639109766, 905.7232388047569884, 1328.126680612724158 ) ) ;
#600 = ORIENTED_EDGE ( 'NONE', *, *, #1088, .F. ) ;
#601 = TOROIDAL_SURFACE ( 'NONE', #580, 4.000499999999999723, 0.7620000000000000107 ) ;
#602 = PLANE ( 'NONE',  #1559 ) ;
#603 = CARTESIAN_POINT ( 'NONE',  ( 749.0498268590389443, 903.4618133755419649, 1354.289910859234169 ) ) ;
#604 = EDGE_CURVE ( 'NONE', #184, #633, #73, .T. ) ;
#605 = DIRECTION ( 'NONE',  ( -0.1370521391469133321, -1.179317115958409477E-16, 0.9905638349724136260 ) ) ;
#606 = CARTESIAN_POINT ( 'NONE',  ( 703.2881345792540060, 902.5592137247689379, 1406.143342019149941 ) ) ;
#607 = ORIENTED_EDGE ( 'NONE', *, *, #163, .T. ) ;
#608 = EDGE_CURVE ( 'NONE', #514, #888, #1411, .T. ) ;
#609 = EDGE_CURVE ( 'NONE', #1366, #463, #858, .T. ) ;
#610 = CYLINDRICAL_SURFACE ( 'NONE', #685, 2.000000000000023981 ) ;
#611 = VERTEX_POINT ( 'NONE', #592 ) ;
#612 = AXIS2_PLACEMENT_3D ( 'NONE', #1445, #1029, #1453 ) ;
#613 = B_SPLINE_CURVE_WITH_KNOTS ( 'NONE', 3,
 ( #906, #1435, #758, #249, #348, #1573, #1678, #487 ),
 .UNSPECIFIED., .F., .F.,
 ( 4, 2, 2, 4 ),
 ( 0.000000000000000000, 0.2500000000000000000, 0.5000000000000000000, 1.000000000000000000 ),
 .UNSPECIFIED. ) ;
#614 = LINE ( 'NONE', #188, #674 ) ;
#615 = CARTESIAN_POINT ( 'NONE',  ( 735.1244450897170282, 901.1096926219339593, 1326.728826515092123 ) ) ;
#616 = LINE ( 'NONE', #1174, #1700 ) ;
#617 = AXIS2_PLACEMENT_3D ( 'NONE', #318, #1104, #701 ) ;
#618 = CARTESIAN_POINT ( 'NONE',  ( 731.1160858422690580, 902.6105148349699903, 1351.039380751456065 ) ) ;
#619 = LINE ( 'NONE', #629, #1037 ) ;
#620 = ORIENTED_EDGE ( 'NONE', *, *, #587, .F. ) ;
#621 = EDGE_CURVE ( 'NONE', #1187, #345, #896, .T. ) ;
#622 = CARTESIAN_POINT ( 'NONE',  ( 739.0430672935569874, 901.7346629327689698, 1329.989157132396031 ) ) ;
#623 = ORIENTED_EDGE ( 'NONE', *, *, #1362, .T. ) ;
#624 = DIRECTION ( 'NONE',  ( 1.000000000000000000, 0.000000000000000000, 0.000000000000000000 ) ) ;
#625 = DIRECTION ( 'NONE',  ( 0.000000000000000000, -1.000000000000000000, 0.000000000000000000 ) ) ;
#626 = CARTESIAN_POINT ( 'NONE',  ( 673.5917116788809835, 902.0819592881030076, 1365.172076189225891 ) ) ;
#627 = CIRCLE ( 'NONE', #1395, 4.762500000000013500 ) ;
#628 = CARTESIAN_POINT ( 'NONE',  ( 736.3456664596089922, 905.7232388047569884, 1352.532192378773971 ) ) ;
#629 = CARTESIAN_POINT ( 'NONE',  ( 748.3455067411480286, 897.3194592881029621, 1365.172076189225891 ) ) ;
#630 = EDGE_LOOP ( 'NONE', ( #157, #518, #991, #1169 ) ) ;
#631 = VECTOR ( 'NONE', #334, 1000.000000000000000 ) ;
#632 = SURFACE_STYLE_FILL_AREA ( #1665 ) ;
#633 = VERTEX_POINT ( 'NONE', #1392 ) ;
#634 = DIRECTION ( 'NONE',  ( -0.8137334712068550191, 0.000000000000000000, 0.5812381937189283754 ) ) ;
#635 = DIRECTION ( 'NONE',  ( -0.1370521391469133321, 0.000000000000000000, 0.9905638349724136260 ) ) ;
#636 = DIRECTION ( 'NONE',  ( 0.000000000000000000, -0.000000000000000000, 1.000000000000000000 ) ) ;
#637 = DIRECTION ( 'NONE',  ( 0.000000000000000000, 0.000000000000000000, 1.000000000000000000 ) ) ;
#638 = ORIENTED_EDGE ( 'NONE', *, *, #1521, .F. ) ;
#639 = DIRECTION ( 'NONE',  ( -9.130123557772679427E-17, 0.000000000000000000, -1.000000000000000000 ) ) ;
#640 = ORIENTED_EDGE ( 'NONE', *, *, #267, .F. ) ;
#641 = CARTESIAN_POINT ( 'NONE',  ( 752.5309511933700151, 897.3194592881029621, 1329.129589450935782 ) ) ;
#642 = ORIENTED_EDGE ( 'NONE', *, *, #401, .F. ) ;
#643 = AXIS2_PLACEMENT_3D ( 'NONE', #103, #1166, #1698 ) ;
#644 = CARTESIAN_POINT ( 'NONE',  ( 44.01294012219066332, 252.0819592881026097, 2576.272076189226027 ) ) ;
#645 = DIRECTION ( 'NONE',  ( 0.000000000000000000, -1.000000000000000000, -1.365973866085663886E-16 ) ) ;
#646 = AXIS2_PLACEMENT_3D ( 'NONE', #1231, #1377, #189 ) ;
#647 = DIRECTION ( 'NONE',  ( -0.5812381937189281533, 0.000000000000000000, -0.8137334712068552411 ) ) ;
#648 = ORIENTED_EDGE ( 'NONE', *, *, #783, .F. ) ;
#649 = ORIENTED_EDGE ( 'NONE', *, *, #677, .F. ) ;
#650 = CARTESIAN_POINT ( 'NONE',  ( 731.7549944999749414, 902.4781949235879210, 1351.897037540714109 ) ) ;
#651 = PLANE ( 'NONE',  #306 ) ;
#652 = CARTESIAN_POINT ( 'NONE',  ( 1344.012940122191367, 4.591243420054794706E-13, 2576.272076189226027 ) ) ;
#653 = EDGE_CURVE ( 'NONE', #514, #779, #614, .T. ) ;
#654 = ORIENTED_EDGE ( 'NONE', *, *, #1233, .F. ) ;
#655 =( GEOMETRIC_REPRESENTATION_CONTEXT ( 3 ) GLOBAL_UNCERTAINTY_ASSIGNED_CONTEXT ( ( #1122 ) ) GLOBAL_UNIT_ASSIGNED_CONTEXT ( ( #1427, #1547, #113 ) ) REPRESENTATION_CONTEXT ( 'NONE', 'WORKASPACE' ) );
#656 = CARTESIAN_POINT ( 'NONE',  ( 752.5309511933700151, 903.4618133755419649, 1329.129589450935782 ) ) ;
#657 = ORIENTED_EDGE ( 'NONE', *, *, #1279, .T. ) ;
#658 = DIRECTION ( 'NONE',  ( -0.1370521391469133321, -1.283695372222836757E-16, 0.9905638349724136260 ) ) ;
#659 = EDGE_CURVE ( 'NONE', #1235, #882, #226, .T. ) ;
#660 = ORIENTED_EDGE ( 'NONE', *, *, #621, .F. ) ;
#661 = LINE ( 'NONE', #1595, #10 ) ;
#662 = AXIS2_PLACEMENT_3D ( 'NONE', #957, #172, #1111 ) ;
#663 = DIRECTION ( 'NONE',  ( -0.000000000000000000, 1.000000000000000000, 0.000000000000000000 ) ) ;
#664 = ORIENTED_EDGE ( 'NONE', *, *, #1290, .T. ) ;
#665 = EDGE_CURVE ( 'NONE', #255, #1366, #485, .T. ) ;
#666 = CIRCLE ( 'NONE', #886, 0.7619999999999561568 ) ;
#667 = DIRECTION ( 'NONE',  ( 0.1370521391469135541, 8.810747544920275586E-17, -0.9905638349724136260 ) ) ;
#668 = FACE_OUTER_BOUND ( 'NONE', #453, .T. ) ;
#669 = ADVANCED_FACE ( 'NONE', ( #884 ), #602, .T. ) ;
#670 = LINE ( 'NONE', #24, #1205 ) ;
#671 = VECTOR ( 'NONE', #941, 1000.000000000000000 ) ;
#672 = AXIS2_PLACEMENT_3D ( 'NONE', #95, #1307, #116 ) ;
#673 = DIRECTION ( 'NONE',  ( -0.9755149445343382908, 0.1736481776669299981, -0.1349700091987899586 ) ) ;
#674 = VECTOR ( 'NONE', #1383, 1000.000000000000000 ) ;
#675 = CIRCLE ( 'NONE', #59, 4.000499999999969525 ) ;
#676 = ORIENTED_EDGE ( 'NONE', *, *, #479, .T. ) ;
#677 = EDGE_CURVE ( 'NONE', #169, #126, #1590, .T. ) ;
#678 = DIRECTION ( 'NONE',  ( 0.000000000000000000, 1.000000000000000000, 0.000000000000000000 ) ) ;
#679 = CARTESIAN_POINT ( 'NONE',  ( 672.1455067411479831, 906.8444592881029394, 1365.172076189225891 ) ) ;
#680 = VERTEX_POINT ( 'NONE', #91 ) ;
#681 = FACE_OUTER_BOUND ( 'NONE', #98, .T. ) ;
#682 = FACE_OUTER_BOUND ( 'NONE', #1632, .T. ) ;
#683 = ORIENTED_EDGE ( 'NONE', *, *, #975, .T. ) ;
#684 = CARTESIAN_POINT ( 'NONE',  ( 44.01294012219076990, 1552.081959288102780, 2576.272076189226027 ) ) ;
#685 = AXIS2_PLACEMENT_3D ( 'NONE', #1281, #913, #1676 ) ;
#686 = DIRECTION ( 'NONE',  ( 0.9755149445343391790, -0.1736481776669248633, 0.1349700091987885431 ) ) ;
#687 = EDGE_CURVE ( 'NONE', #1196, #1719, #1659, .T. ) ;
#688 = DIRECTION ( 'NONE',  ( -0.1370521391469150529, 1.768975673937640716E-16, 0.9905638349724135150 ) ) ;
#689 = ORIENTED_EDGE ( 'NONE', *, *, #277, .F. ) ;
#690 = DIRECTION ( 'NONE',  ( 0.9905638349724137370, 0.000000000000000000, 0.1370521391469133599 ) ) ;
#691 = LINE ( 'NONE', #1323, #898 ) ;
#692 = VECTOR ( 'NONE', #256, 1000.000000000000000 ) ;
#693 = CARTESIAN_POINT ( 'NONE',  ( 748.9070873815929872, 895.3627936344900036, 1354.270161752682043 ) ) ;
#694 = VECTOR ( 'NONE', #1294, 1000.000000000000000 ) ;
#695 = ORIENTED_EDGE ( 'NONE', *, *, #687, .T. ) ;
#696 = CYLINDRICAL_SURFACE ( 'NONE', #969, 0.7937499999999264588 ) ;
#697 = ORIENTED_EDGE ( 'NONE', *, *, #1234, .F. ) ;
#698 = DIRECTION ( 'NONE',  ( 0.000000000000000000, -1.000000000000000000, -2.801997674021874623E-17 ) ) ;
#699 = CARTESIAN_POINT ( 'NONE',  ( 731.0746309822709463, 906.8444592881029394, 1351.001592699924004 ) ) ;
#700 = EDGE_LOOP ( 'NONE', ( #939, #856, #801, #620, #648, #501 ) ) ;
#701 = DIRECTION ( 'NONE',  ( 0.000000000000000000, 0.000000000000000000, 1.000000000000000000 ) ) ;
#702 = ORIENTED_EDGE ( 'NONE', *, *, #430, .T. ) ;
#703 = ORIENTED_EDGE ( 'NONE', *, *, #356, .F. ) ;
#704 = EDGE_CURVE ( 'NONE', #474, #492, #743, .T. ) ;
#705 = CARTESIAN_POINT ( 'NONE',  ( 734.4469701811550522, 897.3194592881029621, 1326.627531335633876 ) ) ;
#706 = MANIFOLD_SOLID_BREP ( 'NONE', #2 ) ;
#707 = FACE_OUTER_BOUND ( 'NONE', #1496, .T. ) ;
#708 = ORIENTED_EDGE ( 'NONE', *, *, #359, .T. ) ;
#709 = CARTESIAN_POINT ( 'NONE',  ( 738.0675523490230034, 901.9083111104359887, 1329.854187123195970 ) ) ;
#710 = ORIENTED_EDGE ( 'NONE', *, *, #413, .T. ) ;
#711 = ORIENTED_EDGE ( 'NONE', *, *, #1109, .F. ) ;
#712 = B_SPLINE_CURVE_WITH_KNOTS ( 'NONE', 3,
 ( #1347, #124, #551, #3 ),
 .UNSPECIFIED., .F., .F.,
 ( 4, 4 ),
 ( 0.000000000000000000, 3.231912526408014841E-05 ),
 .UNSPECIFIED. ) ;
#713 = DIRECTION ( 'NONE',  ( -0.9905638349724135150, 0.000000000000000000, -0.1370521391469141093 ) ) ;
#714 = CARTESIAN_POINT ( 'NONE',  ( 736.1165224599540124, 902.2556074657699128, 1329.584247104799942 ) ) ;
#715 = ADVANCED_FACE ( 'NONE', ( #54 ), #1649, .F. ) ;
#716 = AXIS2_PLACEMENT_3D ( 'NONE', #1221, #837, #1098 ) ;
#717 = UNCERTAINTY_MEASURE_WITH_UNIT (LENGTH_MEASURE( 1.000000000000000082E-05 ), #486, 'distance_accuracy_value', 'NONE');
#718 = CARTESIAN_POINT ( 'NONE',  ( 731.1903237406850167, 902.4101097595828378, 1351.535335261032969 ) ) ;
#719 = ORIENTED_EDGE ( 'NONE', *, *, #1501, .F. ) ;
#720 = EDGE_CURVE ( 'NONE', #773, #1175, #1569, .T. ) ;
#721 = CARTESIAN_POINT ( 'NONE',  ( 735.1244450897170282, 897.3194592881029621, 1327.522576515091941 ) ) ;
#722 = ADVANCED_FACE ( 'NONE', ( #131 ), #944, .F. ) ;
#723 = DIRECTION ( 'NONE',  ( 0.000000000000000000, 1.000000000000000000, 0.000000000000000000 ) ) ;
#724 = CIRCLE ( 'NONE', #893, 2.000000000000023981 ) ;
#725 = ORIENTED_EDGE ( 'NONE', *, *, #1375, .T. ) ;
#726 = AXIS2_PLACEMENT_3D ( 'NONE', #1095, #943, #560 ) ;
#727 = LINE ( 'NONE', #1536, #144 ) ;
#728 = CARTESIAN_POINT ( 'NONE',  ( 731.0116521122389486, 902.6105148349699903, 1351.794190393703957 ) ) ;
#729 = CARTESIAN_POINT ( 'NONE',  ( 734.3381850457079736, 906.8444592881029394, 1327.413791379643953 ) ) ;
#730 = ORIENTED_EDGE ( 'NONE', *, *, #1464, .F. ) ;
#731 = ORIENTED_EDGE ( 'NONE', *, *, #1375, .F. ) ;
#732 = ORIENTED_EDGE ( 'NONE', *, *, #1644, .F. ) ;
#733 = AXIS2_PLACEMENT_3D ( 'NONE', #1069, #1051, #282 ) ;
#734 = FILL_AREA_STYLE ('',( #204 ) ) ;
#735 = DIRECTION ( 'NONE',  ( -0.1370521391469139427, 0.000000000000000000, 0.9905638349724136260 ) ) ;
#736 = CARTESIAN_POINT ( 'NONE',  ( 752.6397363288180031, 906.8444592881029394, 1328.343329406925932 ) ) ;
#737 = EDGE_CURVE ( 'NONE', #1719, #1097, #712, .T. ) ;
#738 = CARTESIAN_POINT ( 'NONE',  ( 734.3381850457079736, 902.2815318095879320, 1327.413791379643953 ) ) ;
#739 = ORIENTED_EDGE ( 'NONE', *, *, #1042, .F. ) ;
#740 = DIRECTION ( 'NONE',  ( 0.000000000000000000, 1.000000000000000000, 0.000000000000000000 ) ) ;
#741 = VERTEX_POINT ( 'NONE', #656 ) ;
#742 = AXIS2_PLACEMENT_3D ( 'NONE', #1275, #1003, #1671 ) ;
#743 = LINE ( 'NONE', #337, #376 ) ;
#744 = CARTESIAN_POINT ( 'NONE',  ( 672.1455067411479831, 897.3194592881029621, 1365.172076189225891 ) ) ;
#745 = CARTESIAN_POINT ( 'NONE',  ( 749.8360869030478852, 897.3194592881029621, 1354.398695994681930 ) ) ;
#746 = DIRECTION ( 'NONE',  ( -0.9691759639880594968, -0.2463695411933373991, 0.000000000000000000 ) ) ;
#747 = AXIS2_PLACEMENT_3D ( 'NONE', #544, #1079, #1606 ) ;
#748 = EDGE_CURVE ( 'NONE', #96, #1509, #822, .T. ) ;
#749 = LINE ( 'NONE', #1567, #952 ) ;
#750 = AXIS2_PLACEMENT_3D ( 'NONE', #1487, #998, #1522 ) ;
#751 = VERTEX_POINT ( 'NONE', #21 ) ;
#752 = CARTESIAN_POINT ( 'NONE',  ( 731.2445528261263235, 901.1452937170137147, 1351.610591109871393 ) ) ;
#753 = ORIENTED_EDGE ( 'NONE', *, *, #1211, .T. ) ;
#754 = CIRCLE ( 'NONE', #1309, 0.7937499999999264588 ) ;
#755 = CIRCLE ( 'NONE', #1113, 2.000000000000029310 ) ;
#756 = CARTESIAN_POINT ( 'NONE',  ( 752.2837779858950853, 895.3627936344900036, 1329.864649986632003 ) ) ;
#757 = CARTESIAN_POINT ( 'NONE',  ( 735.1607227564130653, 901.1081712238890304, 1326.728826515092123 ) ) ;
#758 = CARTESIAN_POINT ( 'NONE',  ( 734.8874307012389409, 902.4447943886724488, 1326.757458027923576 ) ) ;
#759 = VECTOR ( 'NONE', #1504, 999.9999999999998863 ) ;
#760 = FACE_OUTER_BOUND ( 'NONE', #1035, .T. ) ;
#761 = CARTESIAN_POINT ( 'NONE',  ( 734.3431657109649677, 901.2794939859859369, 1327.382428040831883 ) ) ;
#762 = EDGE_LOOP ( 'NONE', ( #676, #389, #179, #1261, #233 ) ) ;
#763 = CARTESIAN_POINT ( 'NONE',  ( 731.0632423861031839, 901.2498870912066877, 1351.111532003396860 ) ) ;
#764 = VERTEX_POINT ( 'NONE', #1331 ) ;
#765 = DIRECTION ( 'NONE',  ( 0.000000000000000000, 0.000000000000000000, 1.000000000000000000 ) ) ;
#766 = ADVANCED_FACE ( 'NONE', ( #140 ), #150, .F. ) ;
#767 = CARTESIAN_POINT ( 'NONE',  ( 750.4144075485060057, 903.9926639741360077, 1354.478711112110204 ) ) ;
#768 = APPLICATION_PROTOCOL_DEFINITION ( 'draft international standard', 'automotive_design', 1998, #281 ) ;
#769 = DIRECTION ( 'NONE',  ( -0.9755149445343386239, 0.1736481776669053512, -0.1349700091988187967 ) ) ;
#770 = EDGE_LOOP ( 'NONE', ( #1694, #290, #623, #1047 ) ) ;
#771 = AXIS2_PLACEMENT_3D ( 'NONE', #1152, #503, #245 ) ;
#772 = CARTESIAN_POINT ( 'NONE',  ( 731.2397152914106755, 901.1461923380384178, 1351.604530037324139 ) ) ;
#773 = VERTEX_POINT ( 'NONE', #275 ) ;
#774 = CARTESIAN_POINT ( 'NONE',  ( 735.0738513415890338, 897.8437919729059331, 1351.586968104006019 ) ) ;
#775 = DIRECTION ( 'NONE',  ( 0.1370521391469501360, -6.449701883682186873E-15, -0.9905638349724086300 ) ) ;
#776 = DIRECTION ( 'NONE',  ( -0.9755149445343392900, 0.1736481776669248633, -0.1349700091987883210 ) ) ;
#777 = EDGE_LOOP ( 'NONE', ( #1342, #219, #989, #1077 ) ) ;
#778 = LINE ( 'NONE', #1004, #1335 ) ;
#779 = VERTEX_POINT ( 'NONE', #930 ) ;
#780 = CARTESIAN_POINT ( 'NONE',  ( 752.3882117159249674, 895.3627936344900036, 1329.109840344382064 ) ) ;
#781 = EDGE_LOOP ( 'NONE', ( #351, #454, #1550, #508 ) ) ;
#782 = AXIS2_PLACEMENT_3D ( 'NONE', #679, #545, #1633 ) ;
#783 = EDGE_CURVE ( 'NONE', #1167, #341, #1258, .T. ) ;
#784 = EDGE_CURVE ( 'NONE', #333, #191, #958, .T. ) ;
#785 = CARTESIAN_POINT ( 'NONE',  ( 741.3961206257539516, 897.3194592881029621, 1327.588999844841965 ) ) ;
#786 = CARTESIAN_POINT ( 'NONE',  ( 1344.012940122191367, 252.0819592881026097, 2576.272076189226027 ) ) ;
#787 = VECTOR ( 'NONE', #537, 1000.000000000000000 ) ;
#788 = DIRECTION ( 'NONE',  ( 0.1370521391469501360, -6.449701883682186873E-15, -0.9905638349724086300 ) ) ;
#789 = EDGE_CURVE ( 'NONE', #133, #1318, #938, .T. ) ;
#790 = EDGE_LOOP ( 'NONE', ( #664, #1301, #719, #1379 ) ) ;
#791 = DIRECTION ( 'NONE',  ( 0.9755149445343382908, -0.1736481776669299981, 0.1349700091987899586 ) ) ;
#792 = EDGE_LOOP ( 'NONE', ( #481, #572, #1043, #1241, #711 ) ) ;
#793 = ORIENTED_EDGE ( 'NONE', *, *, #68, .T. ) ;
#794 = ADVANCED_FACE ( 'NONE', ( #682 ), #1472, .T. ) ;
#795 = CARTESIAN_POINT ( 'NONE',  ( 652.8444705303739966, 897.3194592881029621, 1398.775686282835977 ) ) ;
#796 = LINE ( 'NONE', #1328, #671 ) ;
#797 = CARTESIAN_POINT ( 'NONE',  ( 3.168463654255194986E-13, 252.0819592881026097, 2576.272076189226027 ) ) ;
#798 = FACE_OUTER_BOUND ( 'NONE', #1367, .T. ) ;
#799 = ADVANCED_FACE ( 'NONE', ( #1463 ), #1604, .T. ) ;
#800 = DIRECTION ( 'NONE',  ( -0.9905638349724135150, 0.000000000000000000, -0.1370521391469141093 ) ) ;
#801 = ORIENTED_EDGE ( 'NONE', *, *, #104, .F. ) ;
#802 = DIRECTION ( 'NONE',  ( -0.9755149445343287429, 0.1736481776669838162, -0.1349700091987886541 ) ) ;
#803 = CARTESIAN_POINT ( 'NONE',  ( 674.0229447007369572, 901.6047048514381004, 1365.172076189225891 ) ) ;
#804 = CARTESIAN_POINT ( 'NONE',  ( 1.981547591744746525E-13, 252.0819592881026097, 1276.272076189225800 ) ) ;
#805 = ADVANCED_FACE ( 'NONE', ( #269 ), #806, .T. ) ;
#806 = PLANE ( 'NONE',  #965 ) ;
#807 = ADVANCED_FACE ( 'NONE', ( #1082 ), #1206, .T. ) ;
#808 = ORIENTED_EDGE ( 'NONE', *, *, #1234, .T. ) ;
#809 = VECTOR ( 'NONE', #536, 999.9999999999998863 ) ;
#810 = DIRECTION ( 'NONE',  ( 0.9755149445343450632, -0.1736481776669304977, 0.1349700091987394157 ) ) ;
#811 = DIRECTION ( 'NONE',  ( -0.9755149445343392900, 0.1736481776669248633, -0.1349700091987883210 ) ) ;
#812 = ORIENTED_EDGE ( 'NONE', *, *, #1519, .F. ) ;
#813 = DIRECTION ( 'NONE',  ( 0.000000000000000000, -1.000000000000000000, 0.000000000000000000 ) ) ;
#814 = AXIS2_PLACEMENT_3D ( 'NONE', #406, #1338, #149 ) ;
#815 = DIRECTION ( 'NONE',  ( 0.1370521391469150529, -1.803661471465830556E-16, -0.9905638349724135150 ) ) ;
#816 = VECTOR ( 'NONE', #879, 1000.000000000000000 ) ;
#817 = ORIENTED_EDGE ( 'NONE', *, *, #538, .T. ) ;
#818 = CYLINDRICAL_SURFACE ( 'NONE', #1107, 0.7937499999999264588 ) ;
#819 = CARTESIAN_POINT ( 'NONE',  ( 731.0746309822709463, 897.3194592881029621, 1351.001592699924004 ) ) ;
#820 = CARTESIAN_POINT ( 'NONE',  ( 44.01294012219066332, 252.0819592881026097, 2576.272076189226027 ) ) ;
#821 = CARTESIAN_POINT ( 'NONE',  ( 734.4469701811550522, 897.3194592881029621, 1326.627531335633876 ) ) ;
#822 = CIRCLE ( 'NONE', #1431, 0.7937499999999264588 ) ;
#823 = ORIENTED_EDGE ( 'NONE', *, *, #173, .T. ) ;
#824 = CARTESIAN_POINT ( 'NONE',  ( 738.2150368969990950, 897.0933684651108706, 1327.918131253298043 ) ) ;
#825 = FACE_OUTER_BOUND ( 'NONE', #1502, .T. ) ;
#826 = DIRECTION ( 'NONE',  ( -0.9850867619346519444, 0.1720583373774789981, 0.000000000000000000 ) ) ;
#827 = ORIENTED_EDGE ( 'NONE', *, *, #313, .F. ) ;
#828 = CARTESIAN_POINT ( 'NONE',  ( 734.3431657109699700, 902.2875367916880123, 1327.382428040803916 ) ) ;
#829 = ORIENTED_EDGE ( 'NONE', *, *, #1652, .F. ) ;
#830 = PLANE ( 'NONE',  #416 ) ;
#831 = EDGE_CURVE ( 'NONE', #464, #1492, #1661, .T. ) ;
#832 = CARTESIAN_POINT ( 'NONE',  ( 731.2832738107847490, 902.4293208689215362, 1351.660913002114739 ) ) ;
#833 = AXIS2_PLACEMENT_3D ( 'NONE', #797, #1688, #636 ) ;
#834 = ADVANCED_FACE ( 'NONE', ( #951 ), #156, .T. ) ;
#835 = VERTEX_POINT ( 'NONE', #699 ) ;
#836 = AXIS2_PLACEMENT_3D ( 'NONE', #177, #61, #442 ) ;
#837 = DIRECTION ( 'NONE',  ( 0.9755149445343290759, -0.1736481776669304977, 0.1349700091988550177 ) ) ;
#838 = VERTEX_POINT ( 'NONE', #1369 ) ;
#839 = ORIENTED_EDGE ( 'NONE', *, *, #237, .F. ) ;
#840 = CARTESIAN_POINT ( 'NONE',  ( 734.6020236020589209, 901.9083111104359887, 1354.901789204911893 ) ) ;
#841 = B_SPLINE_CURVE_WITH_KNOTS ( 'NONE', 3,
 ( #1177, #1276, #469, #738 ),
 .UNSPECIFIED., .F., .F.,
 ( 4, 4 ),
 ( 2.927643590798364830E-14, 3.231912526302404740E-05 ),
 .UNSPECIFIED. ) ;
#842 = DIRECTION ( 'NONE',  ( -0.9755149445343391790, 0.1736481776669248633, -0.1349700091987885431 ) ) ;
#843 = ADVANCED_FACE ( 'NONE', ( #1232 ), #861, .T. ) ;
#844 = ORIENTED_EDGE ( 'NONE', *, *, #1710, .T. ) ;
#845 = ADVANCED_FACE ( 'NONE', ( #1500 ), #1617, .T. ) ;
#846 = FACE_OUTER_BOUND ( 'NONE', #535, .T. ) ;
#847 = ORIENTED_EDGE ( 'NONE', *, *, #342, .T. ) ;
#848 = EDGE_LOOP ( 'NONE', ( #1015, #1053, #246, #378 ) ) ;
#849 = CARTESIAN_POINT ( 'NONE',  ( 734.6925593761230857, 901.1415329247379304, 1326.847997498114637 ) ) ;
#850 = VECTOR ( 'NONE', #740, 1000.000000000000000 ) ;
#851 = CARTESIAN_POINT ( 'NONE',  ( 739.0342326398859996, 901.7835153888319155, 1328.031473296463901 ) ) ;
#852 = EDGE_CURVE ( 'NONE', #1097, #981, #160, .T. ) ;
#853 = ORIENTED_EDGE ( 'NONE', *, *, #704, .T. ) ;
#854 = CARTESIAN_POINT ( 'NONE',  ( 748.9410417235909563, 906.8444592881029394, 1355.076170903244019 ) ) ;
#855 = ORIENTED_EDGE ( 'NONE', *, *, #346, .T. ) ;
#856 = ORIENTED_EDGE ( 'NONE', *, *, #604, .F. ) ;
#857 = B_SPLINE_CURVE_WITH_KNOTS ( 'NONE', 3,
 ( #1259, #431, #1094, #579 ),
 .UNSPECIFIED., .F., .F.,
 ( 4, 4 ),
 ( 0.000000000000000000, 3.231912526245190036E-05 ),
 .UNSPECIFIED. ) ;
#858 = LINE ( 'NONE', #992, #1421 ) ;
#859 = DIRECTION ( 'NONE',  ( -0.1370521391469812500, 0.000000000000000000, 0.9905638349724041891 ) ) ;
#860 = CIRCLE ( 'NONE', #1138, 4.000499999999944656 ) ;
#861 = PLANE ( 'NONE',  #1190 ) ;
#862 = AXIS2_PLACEMENT_3D ( 'NONE', #1182, #635, #1687 ) ;
#863 = VERTEX_POINT ( 'NONE', #1508 ) ;
#864 = ORIENTED_EDGE ( 'NONE', *, *, #259, .T. ) ;
#865 = ORIENTED_EDGE ( 'NONE', *, *, #557, .T. ) ;
#866 = DIRECTION ( 'NONE',  ( -0.1370521391469133599, -1.075528555105619536E-16, 0.9905638349724137370 ) ) ;
#867 = ADVANCED_FACE ( 'NONE', ( #420 ), #427, .F. ) ;
#868 = CARTESIAN_POINT ( 'NONE',  ( 735.0017288903155759, 901.1148390440115463, 1326.728826515092123 ) ) ;
#869 = DIRECTION ( 'NONE',  ( 0.1370521391469133599, 1.075528555105619536E-16, -0.9905638349724137370 ) ) ;
#870 = CARTESIAN_POINT ( 'NONE',  ( 735.1244450897170282, 897.3194592881029621, 1326.728826515092123 ) ) ;
#871 = EDGE_LOOP ( 'NONE', ( #78, #1520, #200, #270, #327 ) ) ;
#872 = CARTESIAN_POINT ( 'NONE',  ( 731.3044205444002728, 901.1359435381808680, 1351.676866736574084 ) ) ;
#873 = CARTESIAN_POINT ( 'NONE',  ( 734.3381850457079736, 897.3194592881029621, 1327.413791379643953 ) ) ;
#874 = ORIENTED_EDGE ( 'NONE', *, *, #1488, .F. ) ;
#875 = DIRECTION ( 'NONE',  ( 0.1370521391469141093, 0.000000000000000000, -0.9905638349724135150 ) ) ;
#876 = CARTESIAN_POINT ( 'NONE',  ( 610.0917116788809835, 902.0819592881030076, 1276.272076189225800 ) ) ;
#877 = ADVANCED_FACE ( 'NONE', ( #707 ), #1240, .T. ) ;
#878 = DIRECTION ( 'NONE',  ( 0.1370521391469141093, 0.000000000000000000, -0.9905638349724135150 ) ) ;
#879 = DIRECTION ( 'NONE',  ( 0.000000000000000000, 1.000000000000000000, 0.000000000000000000 ) ) ;
#880 = ORIENTED_EDGE ( 'NONE', *, *, #413, .F. ) ;
#881 = DIRECTION ( 'NONE',  ( 0.000000000000000000, -1.000000000000000000, 0.000000000000000000 ) ) ;
#882 = VERTEX_POINT ( 'NONE', #1225 ) ;
#883 = CIRCLE ( 'NONE', #662, 0.7937499999999264588 ) ;
#884 = FACE_OUTER_BOUND ( 'NONE', #1172, .T. ) ;
#885 = CARTESIAN_POINT ( 'NONE',  ( 610.5229447007369572, 902.5592137247689379, 1276.272076189225800 ) ) ;
#886 = AXIS2_PLACEMENT_3D ( 'NONE', #1071, #810, #153 ) ;
#887 = CYLINDRICAL_SURFACE ( 'NONE', #1248, 0.7619999999999713669 ) ;
#888 = VERTEX_POINT ( 'NONE', #47 ) ;
#889 = EDGE_CURVE ( 'NONE', #1637, #1372, #1629, .T. ) ;
#890 = FACE_OUTER_BOUND ( 'NONE', #871, .T. ) ;
#891 = ORIENTED_EDGE ( 'NONE', *, *, #915, .T. ) ;
#892 = VECTOR ( 'NONE', #1239, 1000.000000000000000 ) ;
#893 = AXIS2_PLACEMENT_3D ( 'NONE', #1022, #368, #769 ) ;
#894 = CARTESIAN_POINT ( 'NONE',  ( 738.4505419458899951, 897.8437919729059331, 1327.181456337953932 ) ) ;
#895 = CARTESIAN_POINT ( 'NONE',  ( 733.6265086575249370, 902.0819592881030076, 1354.766819195713879 ) ) ;
#896 = CIRCLE ( 'NONE', #446, 0.7937499999999264588 ) ;
#897 = PRODUCT_CONTEXT ( 'NONE', #225, 'mechanical' ) ;
#898 = VECTOR ( 'NONE', #813, 1000.000000000000000 ) ;
#899 = CARTESIAN_POINT ( 'NONE',  ( 752.5309511933700151, 906.8444592881029394, 1329.129589450935782 ) ) ;
#900 = CARTESIAN_POINT ( 'NONE',  ( 777.6026369047339131, 898.9802959101069746, 1333.367709207124108 ) ) ;
#901 = ORIENTED_EDGE ( 'NONE', *, *, #915, .F. ) ;
#902 = CARTESIAN_POINT ( 'NONE',  ( 731.0746309822709463, 897.3194592881029621, 1351.001592699924004 ) ) ;
#903 = VERTEX_POINT ( 'NONE', #1631 ) ;
#904 = EDGE_CURVE ( 'NONE', #463, #882, #883, .T. ) ;
#905 = CARTESIAN_POINT ( 'NONE',  ( 734.3883427165410467, 902.6105148349699903, 1327.388678627653917 ) ) ;
#906 = CARTESIAN_POINT ( 'NONE',  ( 735.1244450897170282, 902.4573381557299854, 1326.728826515092123 ) ) ;
#907 = AXIS2_PLACEMENT_3D ( 'NONE', #1597, #663, #288 ) ;
#908 = ORIENTED_EDGE ( 'NONE', *, *, #92, .F. ) ;
#909 = DIRECTION ( 'NONE',  ( 0.1370521391469141093, 0.000000000000000000, -0.9905638349724135150 ) ) ;
#910 = ORIENTED_EDGE ( 'NONE', *, *, #1674, .T. ) ;
#911 = ADVANCED_FACE ( 'NONE', ( #437 ), #432, .F. ) ;
#912 = EDGE_CURVE ( 'NONE', #4, #474, #459, .T. ) ;
#913 = DIRECTION ( 'NONE',  ( 0.1370521391469429473, -5.127842594987317920E-15, -0.9905638349724096292 ) ) ;
#914 = ORIENTED_EDGE ( 'NONE', *, *, #346, .F. ) ;
#915 = EDGE_CURVE ( 'NONE', #1097, #191, #950, .T. ) ;
#916 = DIRECTION ( 'NONE',  ( -9.130123557772679427E-17, 0.000000000000000000, -1.000000000000000000 ) ) ;
#917 = LINE ( 'NONE', #786, #694 ) ;
#918 = CARTESIAN_POINT ( 'NONE',  ( 0.000000000000000000, 0.000000000000000000, 0.000000000000000000 ) ) ;
#919 = ORIENTED_EDGE ( 'NONE', *, *, #997, .F. ) ;
#920 = DIRECTION ( 'NONE',  ( -0.9755149445343265224, 0.1736481776669686061, -0.1349700091988247919 ) ) ;
#921 = ORIENTED_EDGE ( 'NONE', *, *, #608, .F. ) ;
#922 = VERTEX_POINT ( 'NONE', #1354 ) ;
#923 = AXIS2_PLACEMENT_3D ( 'NONE', #1689, #1428, #637 ) ;
#924 = PLANE ( 'NONE',  #114 ) ;
#925 = CARTESIAN_POINT ( 'NONE',  ( 731.0731545138529555, 901.2854989680729432, 1351.012264085479956 ) ) ;
#926 = VECTOR ( 'NONE', #391, 1000.000000000000000 ) ;
#927 = APPLICATION_PROTOCOL_DEFINITION ( 'draft international standard', 'automotive_design', 1998, #225 ) ;
#928 = EDGE_CURVE ( 'NONE', #903, #1141, #164, .T. ) ;
#929 = ADVANCED_FACE ( 'NONE', ( #1020 ), #1011, .T. ) ;
#930 = CARTESIAN_POINT ( 'NONE',  ( 44.01294012219065621, 1552.081959288102780, 1276.272076189225800 ) ) ;
#931 = ORIENTED_EDGE ( 'NONE', *, *, #1216, .F. ) ;
#932 = DIRECTION ( 'NONE',  ( -0.9755149445343384018, 0.1736481776669305532, -0.1349700091987882378 ) ) ;
#933 = CARTESIAN_POINT ( 'NONE',  ( 731.0718902430500066, 901.2832840573340718, 1351.023093699647916 ) ) ;
#934 = ADVANCED_FACE ( 'NONE', ( #490 ), #601, .F. ) ;
#935 = EDGE_CURVE ( 'NONE', #1318, #1663, #1131, .T. ) ;
#936 = ORIENTED_EDGE ( 'NONE', *, *, #1157, .F. ) ;
#937 = DIRECTION ( 'NONE',  ( -0.1370521391469135541, -8.321261570202484484E-17, 0.9905638349724136260 ) ) ;
#938 = LINE ( 'NONE', #1479, #1183 ) ;
#939 = ORIENTED_EDGE ( 'NONE', *, *, #1227, .F. ) ;
#940 = LINE ( 'NONE', #418, #809 ) ;
#941 = DIRECTION ( 'NONE',  ( 0.000000000000000000, -1.000000000000000000, 0.000000000000000000 ) ) ;
#942 = ORIENTED_EDGE ( 'NONE', *, *, #1226, .F. ) ;
#943 = DIRECTION ( 'NONE',  ( -0.1720096048057256077, -0.9848077530122066880, -0.02379885420827716758 ) ) ;
#944 = PLANE ( 'NONE',  #907 ) ;
#945 = ORIENTED_EDGE ( 'NONE', *, *, #904, .T. ) ;
#946 = CARTESIAN_POINT ( 'NONE',  ( 731.8608910262809104, 897.3194592881029621, 1351.110377835371992 ) ) ;
#947 = DIRECTION ( 'NONE',  ( 0.000000000000000000, -1.000000000000000000, 0.000000000000000000 ) ) ;
#948 = AXIS2_PLACEMENT_3D ( 'NONE', #767, #1545, #645 ) ;
#949 = PLANE ( 'NONE',  #367 ) ;
#950 = B_SPLINE_CURVE_WITH_KNOTS ( 'NONE', 3,
 ( #330, #39, #1642, #1378, #304, #190, #25, #718, #568, #1247, #296, #58, #586, #832, #1123, #1653, #556, #1090 ),
 .UNSPECIFIED., .F., .F.,
 ( 4, 2, 2, 2, 1, 1, 2, 2, 2, 4 ),
 ( 0.000000000000000000, 0.2500000000009656720, 0.3750000000016739943, 0.4375000000018390289, 0.4687500000017210677, 0.4843750000017272850, 0.4921875000019144131, 0.5000000000021015412, 0.7500000000010508261, 1.000000000000000000 ),
 .UNSPECIFIED. ) ;
#951 = FACE_OUTER_BOUND ( 'NONE', #166, .T. ) ;
#952 = VECTOR ( 'NONE', #377, 1000.000000000000000 ) ;
#953 = VERTEX_POINT ( 'NONE', #729 ) ;
#954 = DIRECTION ( 'NONE',  ( 0.000000000000000000, 1.000000000000000000, 0.000000000000000000 ) ) ;
#955 = CARTESIAN_POINT ( 'NONE',  ( 674.0229447007369572, 901.6047048514381004, 1365.172076189225891 ) ) ;
#956 = AXIS2_PLACEMENT_3D ( 'NONE', #374, #1321, #776 ) ;
#957 = CARTESIAN_POINT ( 'NONE',  ( 748.9410417235909563, 897.3194592881029621, 1355.076170903244019 ) ) ;
#958 = CIRCLE ( 'NONE', #206, 4.000499999999969525 ) ;
#959 = EDGE_CURVE ( 'NONE', #1509, #838, #1539, .T. ) ;
#960 = ORIENTED_EDGE ( 'NONE', *, *, #1488, .T. ) ;
#961 = DIRECTION ( 'NONE',  ( -0.9905638349724135150, 0.000000000000000000, -0.1370521391469141093 ) ) ;
#962 = EDGE_CURVE ( 'NONE', #1159, #514, #1404, .T. ) ;
#963 = ORIENTED_EDGE ( 'NONE', *, *, #1162, .T. ) ;
#964 = CARTESIAN_POINT ( 'NONE',  ( 735.2361188343058984, 902.4781949235879210, 1326.736716132414131 ) ) ;
#965 = AXIS2_PLACEMENT_3D ( 'NONE', #821, #800, #387 ) ;
#966 = EDGE_LOOP ( 'NONE', ( #53, #324, #1656, #1245, #817 ) ) ;
#967 = LINE ( 'NONE', #34, #502 ) ;
#968 = VERTEX_POINT ( 'NONE', #467 ) ;
#969 = AXIS2_PLACEMENT_3D ( 'NONE', #307, #1466, #1229 ) ;
#970 = ORIENTED_EDGE ( 'NONE', *, *, #1154, .T. ) ;
#971 = CARTESIAN_POINT ( 'NONE',  ( 734.3431657109649677, 901.2794939859859369, 1327.382428040831883 ) ) ;
#972 = EDGE_CURVE ( 'NONE', #1663, #236, #85, .T. ) ;
#973 = DIRECTION ( 'NONE',  ( 0.1370521391469141093, 0.000000000000000000, -0.9905638349724135150 ) ) ;
#974 = VECTOR ( 'NONE', #1274, 1000.000000000000000 ) ;
#975 = EDGE_CURVE ( 'NONE', #1648, #1045, #339, .T. ) ;
#976 = VECTOR ( 'NONE', #1256, 1000.000000000000000 ) ;
#977 = VERTEX_POINT ( 'NONE', #1394 ) ;
#978 = AXIS2_PLACEMENT_3D ( 'NONE', #1511, #64, #196 ) ;
#979 = VECTOR ( 'NONE', #639, 1000.000000000000000 ) ;
#980 = CARTESIAN_POINT ( 'NONE',  ( 735.1809008705960196, 906.5502382508959727, 1326.729076301665827 ) ) ;
#981 = VERTEX_POINT ( 'NONE', #618 ) ;
#982 = ORIENTED_EDGE ( 'NONE', *, *, #170, .T. ) ;
#983 = DIRECTION ( 'NONE',  ( -0.9905638349724135150, 0.000000000000000000, -0.1370521391469141093 ) ) ;
#984 = CYLINDRICAL_SURFACE ( 'NONE', #1638, 0.7619999999999713669 ) ;
#985 = PRODUCT_DEFINITION ( 'UNKNOWN', '', #489, #458 ) ;
#986 = DIRECTION ( 'NONE',  ( -0.9755149445343384018, 0.1736481776669305810, -0.1349700091987880157 ) ) ;
#987 = ORIENTED_EDGE ( 'NONE', *, *, #1501, .T. ) ;
#988 = DIRECTION ( 'NONE',  ( -0.1370521391469141093, 0.000000000000000000, 0.9905638349724135150 ) ) ;
#989 = ORIENTED_EDGE ( 'NONE', *, *, #1652, .T. ) ;
#990 = B_SPLINE_CURVE_WITH_KNOTS ( 'NONE', 3,
 ( #971, #1001, #1101, #321, #849, #1527, #868, #1669 ),
 .UNSPECIFIED., .F., .F.,
 ( 4, 2, 2, 4 ),
 ( 0.000000000000000000, 0.5000000000001012523, 0.7500000000000506262, 1.000000000000000000 ),
 .UNSPECIFIED. ) ;
#991 = ORIENTED_EDGE ( 'NONE', *, *, #1041, .F. ) ;
#992 = CARTESIAN_POINT ( 'NONE',  ( 749.0498268590389443, 897.3194592881029621, 1354.289910859234169 ) ) ;
#993 = CARTESIAN_POINT ( 'NONE',  ( 733.6265086575249370, 902.0819592881030076, 1354.766819195713879 ) ) ;
#994 = MECHANICAL_DESIGN_GEOMETRIC_PRESENTATION_REPRESENTATION (  '', ( #1513 ), #1603 ) ;
#995 = CARTESIAN_POINT ( 'NONE',  ( 753.8955318828369627, 903.9926639741360077, 1329.318389703809999 ) ) ;
#996 = ORIENTED_EDGE ( 'NONE', *, *, #546, .T. ) ;
#997 = EDGE_CURVE ( 'NONE', #184, #96, #444, .T. ) ;
#998 = DIRECTION ( 'NONE',  ( -0.1370521391469133321, -1.179317115958409477E-16, 0.9905638349724136260 ) ) ;
#999 = ORIENTED_EDGE ( 'NONE', *, *, #1157, .T. ) ;
#1000 = CARTESIAN_POINT ( 'NONE',  ( 748.3455067411480286, 906.8444592881029394, 1365.172076189225891 ) ) ;
#1001 = CARTESIAN_POINT ( 'NONE',  ( 734.3649205980797205, 901.2331863754577626, 1327.261152052782109 ) ) ;
#1002 = AXIS2_PLACEMENT_3D ( 'NONE', #1503, #317, #17 ) ;
#1003 = DIRECTION ( 'NONE',  ( -0.9905638349724135150, 0.000000000000000000, -0.1370521391469141093 ) ) ;
#1004 = CARTESIAN_POINT ( 'NONE',  ( 753.8955318828369627, 903.9926639741360077, 1329.318389703809999 ) ) ;
#1005 = VERTEX_POINT ( 'NONE', #1681 ) ;
#1006 = DIRECTION ( 'NONE',  ( 0.000000000000000000, 1.000000000000000000, 0.000000000000000000 ) ) ;
#1007 = LINE ( 'NONE', #202, #631 ) ;
#1008 = ORIENTED_EDGE ( 'NONE', *, *, #687, .F. ) ;
#1009 = SURFACE_SIDE_STYLE ('',( #213 ) ) ;
#1010 = LINE ( 'NONE', #83, #195 ) ;
#1011 = PLANE ( 'NONE',  #742 ) ;
#1012 = DIRECTION ( 'NONE',  ( 0.9755149445343391790, -0.1736481776669248633, 0.1349700091987885431 ) ) ;
#1013 = ORIENTED_EDGE ( 'NONE', *, *, #176, .T. ) ;
#1014 = CARTESIAN_POINT ( 'NONE',  ( 731.0661497813796359, 901.2240758015969959, 1351.202258562835141 ) ) ;
#1015 = ORIENTED_EDGE ( 'NONE', *, *, #1416, .T. ) ;
#1016 = CARTESIAN_POINT ( 'NONE',  ( 750.2833362296439645, 903.2422404663409452, 1354.460576385202103 ) ) ;
#1017 = CARTESIAN_POINT ( 'NONE',  ( 753.4259963728280809, 906.8444592881029394, 1328.452114542373920 ) ) ;
#1018 = DIRECTION ( 'NONE',  ( 0.9755149445343391790, -0.1736481776669248633, 0.1349700091987885431 ) ) ;
#1019 = PLANE ( 'NONE',  #643 ) ;
#1020 = FACE_OUTER_BOUND ( 'NONE', #630, .T. ) ;
#1021 = EDGE_CURVE ( 'NONE', #1175, #773, #724, .T. ) ;
#1022 = CARTESIAN_POINT ( 'NONE',  ( 737.0920374044879964, 902.0819592881030076, 1329.719217114000003 ) ) ;
#1023 = ORIENTED_EDGE ( 'NONE', *, *, #123, .T. ) ;
#1024 = DIRECTION ( 'NONE',  ( 0.1370521391469141093, 0.000000000000000000, -0.9905638349724135150 ) ) ;
#1025 = ORIENTED_EDGE ( 'NONE', *, *, #557, .F. ) ;
#1026 = FACE_OUTER_BOUND ( 'NONE', #792, .T. ) ;
#1027 = CARTESIAN_POINT ( 'NONE',  ( 734.3381850457079736, 906.8444592881029394, 1327.413791379643953 ) ) ;
#1028 = PLANE ( 'NONE',  #948 ) ;
#1029 = DIRECTION ( 'NONE',  ( -0.1720096048057256077, -0.9848077530122066880, -0.02379885420827716758 ) ) ;
#1030 = VECTOR ( 'NONE', #961, 1000.000000000000114 ) ;
#1031 = DIRECTION ( 'NONE',  ( 0.1370521391469131378, 1.561251128379124413E-16, -0.9905638349724137370 ) ) ;
#1032 = ORIENTED_EDGE ( 'NONE', *, *, #479, .F. ) ;
#1033 = EDGE_CURVE ( 'NONE', #1209, #4, #778, .T. ) ;
#1034 = CARTESIAN_POINT ( 'NONE',  ( 731.3934946327037778, 901.1258593376797990, 1351.753963489592252 ) ) ;
#1035 = EDGE_LOOP ( 'NONE', ( #725, #70, #428, #908 ) ) ;
#1036 =( BOUNDED_CURVE ( )  B_SPLINE_CURVE ( 3, ( #876, #1444, #355, #885 ),
 .UNSPECIFIED., .F., .T. ) 
 B_SPLINE_CURVE_WITH_KNOTS ( ( 4, 4 ),
 ( 0.000000000000000000, 1.268008348124147977 ),
 .UNSPECIFIED. ) 
 CURVE ( )  GEOMETRIC_REPRESENTATION_ITEM ( )  RATIONAL_B_SPLINE_CURVE ( ( 1.000000000000000000, 0.8704413324986759459, 0.8704413324986759459, 1.000000000000000000 ) ) 
 REPRESENTATION_ITEM ( '' )  );
#1037 = VECTOR ( 'NONE', #909, 1000.000000000000114 ) ;
#1038 = CARTESIAN_POINT ( 'NONE',  ( 610.0917116788808698, 901.8551105670479728, 1276.272076189226482 ) ) ;
#1039 = CARTESIAN_POINT ( 'NONE',  ( 696.6732415100241269, 902.0819592881030076, 1397.486217952826109 ) ) ;
#1040 = CIRCLE ( 'NONE', #1424, 2.000000000000029310 ) ;
#1041 = EDGE_CURVE ( 'NONE', #251, #1070, #619, .T. ) ;
#1042 = EDGE_CURVE ( 'NONE', #558, #977, #1530, .T. ) ;
#1043 = ORIENTED_EDGE ( 'NONE', *, *, #104, .T. ) ;
#1044 = DIRECTION ( 'NONE',  ( -0.1370521391469405603, 0.000000000000000000, 0.9905638349724098513 ) ) ;
#1045 = VERTEX_POINT ( 'NONE', #1406 ) ;
#1046 = CARTESIAN_POINT ( 'NONE',  ( 748.3455067411480286, 906.8444592881029394, 1365.172076189225891 ) ) ;
#1047 = ORIENTED_EDGE ( 'NONE', *, *, #1388, .T. ) ;
#1048 = DIRECTION ( 'NONE',  ( 0.9755149445345109305, -0.1736481776659597742, 0.1349700091987907913 ) ) ;
#1049 = LINE ( 'NONE', #228, #475 ) ;
#1050 = ORIENTED_EDGE ( 'NONE', *, *, #665, .T. ) ;
#1051 = DIRECTION ( 'NONE',  ( 0.1370521391469135541, 8.321261570202484484E-17, -0.9905638349724136260 ) ) ;
#1052 = EDGE_LOOP ( 'NONE', ( #597, #14, #1673, #118 ) ) ;
#1053 = ORIENTED_EDGE ( 'NONE', *, *, #1674, .F. ) ;
#1054 = EDGE_CURVE ( 'NONE', #251, #1187, #284, .T. ) ;
#1055 = DIRECTION ( 'NONE',  ( 1.000000000000000000, 0.000000000000000000, 0.000000000000000000 ) ) ;
#1056 = CARTESIAN_POINT ( 'NONE',  ( 672.1455067411479831, 906.8444592881029394, 1365.172076189225891 ) ) ;
#1057 = CARTESIAN_POINT ( 'NONE',  ( 610.5229447007391173, 901.6047048514465132, 1276.272076189225800 ) ) ;
#1058 = AXIS2_PLACEMENT_3D ( 'NONE', #315, #1102, #842 ) ;
#1059 = CARTESIAN_POINT ( 'NONE',  ( 735.6575420355840151, 901.7835153888308923, 1352.436985062513941 ) ) ;
#1060 = VERTEX_POINT ( 'NONE', #1150 ) ;
#1061 = EDGE_CURVE ( 'NONE', #369, #380, #509, .T. ) ;
#1062 = ADVANCED_FACE ( 'NONE', ( #1158 ), #887, .F. ) ;
#1063 = CARTESIAN_POINT ( 'NONE',  ( 610.5229447007391173, 901.6047048514465132, 1276.272076189225800 ) ) ;
#1064 = PLANE ( 'NONE',  #28 ) ;
#1065 = AXIS2_PLACEMENT_3D ( 'NONE', #652, #265, #102 ) ;
#1067 = ORIENTED_EDGE ( 'NONE', *, *, #575, .F. ) ;
#1066 = AXIS2_PLACEMENT_3D ( 'NONE', #721, #570, #1242 ) ;
#1068 = DIRECTION ( 'NONE',  ( -0.1370521391469405603, 0.000000000000000000, 0.9905638349724098513 ) ) ;
#1069 = CARTESIAN_POINT ( 'NONE',  ( 739.1386663699159953, 901.7835153888319155, 1327.276663654213962 ) ) ;
#1070 = VERTEX_POINT ( 'NONE', #1266 ) ;
#1071 = CARTESIAN_POINT ( 'NONE',  ( 753.6600268339460627, 903.2422404663409452, 1330.055064619152063 ) ) ;
#1072 = DIRECTION ( 'NONE',  ( -9.366474541829491597E-16, 1.000000000000000000, 0.000000000000000000 ) ) ;
#1073 = EDGE_LOOP ( 'NONE', ( #1465, #1337, #1207, #194, #1008, #142 ) ) ;
#1074 = DIRECTION ( 'NONE',  ( 0.2426410909116990533, 0.9545088733307246498, -0.1733150649369277763 ) ) ;
#1075 = ADVANCED_FACE ( 'NONE', ( #340 ), #242, .T. ) ;
#1076 = DIRECTION ( 'NONE',  ( -0.1370521391469141093, 0.000000000000000000, 0.9905638349724135150 ) ) ;
#1077 = ORIENTED_EDGE ( 'NONE', *, *, #783, .T. ) ;
#1078 = VECTOR ( 'NONE', #344, 1000.000000000000000 ) ;
#1079 = DIRECTION ( 'NONE',  ( -0.1370521391469135541, -8.321261570202484484E-17, 0.9905638349724136260 ) ) ;
#1080 = ORIENTED_EDGE ( 'NONE', *, *, #484, .F. ) ;
#1081 = CYLINDRICAL_SURFACE ( 'NONE', #1418, 4.762500000000013500 ) ;
#1082 = FACE_OUTER_BOUND ( 'NONE', #1332, .T. ) ;
#1083 = ORIENTED_EDGE ( 'NONE', *, *, #173, .F. ) ;
#1084 = LINE ( 'NONE', #1615, #137 ) ;
#1085 = VECTOR ( 'NONE', #932, 999.9999999999998863 ) ;
#1086 = VECTOR ( 'NONE', #1628, 1000.000000000000000 ) ;
#1087 = CARTESIAN_POINT ( 'NONE',  ( 737.5991303193319482, 902.0819592881030076, 1326.054130924599804 ) ) ;
#1088 = EDGE_CURVE ( 'NONE', #1119, #863, #755, .T. ) ;
#1089 = EDGE_CURVE ( 'NONE', #1637, #483, #1417, .T. ) ;
#1090 = CARTESIAN_POINT ( 'NONE',  ( 731.7521058908329223, 902.4614487859660130, 1351.896637879382070 ) ) ;
#1091 = ADVANCED_FACE ( 'NONE', ( #511 ), #252, .F. ) ;
#1092 = ORIENTED_EDGE ( 'NONE', *, *, #313, .T. ) ;
#1093 = LINE ( 'NONE', #278, #1030 ) ;
#1094 = CARTESIAN_POINT ( 'NONE',  ( 734.3413851705009847, 901.2832840573340718, 1327.392353939454097 ) ) ;
#1095 = CARTESIAN_POINT ( 'NONE',  ( 731.8594282300050509, 902.4781949235879210, 1351.142227898465990 ) ) ;
#1096 = DIRECTION ( 'NONE',  ( 0.000000000000000000, 0.000000000000000000, -1.000000000000000000 ) ) ;
#1097 = VERTEX_POINT ( 'NONE', #232 ) ;
#1098 = DIRECTION ( 'NONE',  ( -0.1370521391469812500, 0.000000000000000000, 0.9905638349724041891 ) ) ;
#1099 = ORIENTED_EDGE ( 'NONE', *, *, #1362, .F. ) ;
#1100 = EDGE_CURVE ( 'NONE', #236, #133, #1556, .T. ) ;
#1101 = CARTESIAN_POINT ( 'NONE',  ( 734.4215707452289053, 901.1958824565233499, 1327.110288570504963 ) ) ;
#1102 = DIRECTION ( 'NONE',  ( 0.1370521391469135541, 8.810747544920275586E-17, -0.9905638349724136260 ) ) ;
#1103 = EDGE_LOOP ( 'NONE', ( #945, #1315, #1557, #996, #1407 ) ) ;
#1104 = DIRECTION ( 'NONE',  ( 0.000000000000000000, 1.000000000000000000, 0.000000000000000000 ) ) ;
#1105 = EDGE_CURVE ( 'NONE', #888, #1506, #1672, .T. ) ;
#1106 = VERTEX_POINT ( 'NONE', #761 ) ;
#1107 = AXIS2_PLACEMENT_3D ( 'NONE', #946, #1474, #1214 ) ;
#1108 = ORIENTED_EDGE ( 'NONE', *, *, #748, .T. ) ;
#1109 = EDGE_CURVE ( 'NONE', #1187, #96, #1691, .T. ) ;
#1110 = DIRECTION ( 'NONE',  ( -0.9905638349724135150, 0.000000000000000000, -0.1370521391469141093 ) ) ;
#1111 = DIRECTION ( 'NONE',  ( 0.000000000000000000, 0.000000000000000000, 1.000000000000000000 ) ) ;
#1112 = VECTOR ( 'NONE', #1360, 1000.000000000000000 ) ;
#1113 = AXIS2_PLACEMENT_3D ( 'NONE', #77, #1044, #357 ) ;
#1114 = EDGE_LOOP ( 'NONE', ( #27, #1677, #1128, #1419 ) ) ;
#1115 = VECTOR ( 'NONE', #875, 1000.000000000000114 ) ;
#1116 = AXIS2_PLACEMENT_3D ( 'NONE', #400, #162, #1609 ) ;
#1117 = PLANE ( 'NONE',  #978 ) ;
#1118 = EDGE_LOOP ( 'NONE', ( #1683, #1552, #1598, #1512, #1541, #1032, #708, #649 ) ) ;
#1119 = VERTEX_POINT ( 'NONE', #480 ) ;
#1120 = DIRECTION ( 'NONE',  ( -0.9755149445343384018, 0.1736481776669305532, -0.1349700091987882378 ) ) ;
#1121 = LINE ( 'NONE', #728, #115 ) ;
#1122 = UNCERTAINTY_MEASURE_WITH_UNIT (LENGTH_MEASURE( 1.000000000000000082E-05 ), #1427, 'distance_accuracy_value', 'NONE');
#1123 = CARTESIAN_POINT ( 'NONE',  ( 731.3500608093958135, 902.4376703964359194, 1351.726488659166307 ) ) ;
#1124 = ORIENTED_EDGE ( 'NONE', *, *, #484, .T. ) ;
#1125 = AXIS2_PLACEMENT_3D ( 'NONE', #1402, #1194, #1316 ) ;
#1126 = CARTESIAN_POINT ( 'NONE',  ( 1344.012940122191139, 252.0819592881026097, 1276.272076189225572 ) ) ;
#1127 = CARTESIAN_POINT ( 'NONE',  ( 748.3455067411480286, 906.8444592881029394, 1365.172076189225891 ) ) ;
#1128 = ORIENTED_EDGE ( 'NONE', *, *, #1100, .T. ) ;
#1129 = CARTESIAN_POINT ( 'NONE',  ( 748.3455067411480286, 897.3194592881029621, 1365.172076189225891 ) ) ;
#1130 = DIRECTION ( 'NONE',  ( 0.9755149445343290759, -0.1736481776669304977, 0.1349700091988550177 ) ) ;
#1131 = LINE ( 'NONE', #1662, #1420 ) ;
#1132 = ORIENTED_EDGE ( 'NONE', *, *, #259, .F. ) ;
#1133 = AXIS2_PLACEMENT_3D ( 'NONE', #322, #1386, #1096 ) ;
#1134 = LINE ( 'NONE', #622, #1373 ) ;
#1135 = VERTEX_POINT ( 'NONE', #1288 ) ;
#1136 = CARTESIAN_POINT ( 'NONE',  ( 734.4469701811550522, 902.2815318095889552, 1326.627531335633876 ) ) ;
#1137 = FACE_OUTER_BOUND ( 'NONE', #72, .T. ) ;
#1138 = AXIS2_PLACEMENT_3D ( 'NONE', #1327, #1173, #1048 ) ;
#1139 = CARTESIAN_POINT ( 'NONE',  ( 738.3194706270289771, 897.0933684651108706, 1327.163321611048104 ) ) ;
#1140 = AXIS2_PLACEMENT_3D ( 'NONE', #302, #1246, #45 ) ;
#1141 = VERTEX_POINT ( 'NONE', #1168 ) ;
#1142 = EDGE_CURVE ( 'NONE', #209, #968, #749, .T. ) ;
#1143 = CARTESIAN_POINT ( 'NONE',  ( 735.1244450897170282, 906.8444592881029394, 1327.522576515091941 ) ) ;
#1144 = ORIENTED_EDGE ( 'NONE', *, *, #1186, .T. ) ;
#1145 = PRESENTATION_STYLE_ASSIGNMENT (( #1272 ) ) ;
#1146 = EDGE_CURVE ( 'NONE', #380, #1196, #841, .T. ) ;
#1147 = DIRECTION ( 'NONE',  ( 0.9755149445343290759, -0.1736481776669304977, 0.1349700091988550177 ) ) ;
#1148 = CARTESIAN_POINT ( 'NONE',  ( 735.1244450897170282, 902.4573381557299854, 1326.728826515092123 ) ) ;
#1149 = DIRECTION ( 'NONE',  ( 0.000000000000000000, 1.000000000000000000, 0.000000000000000000 ) ) ;
#1150 = CARTESIAN_POINT ( 'NONE',  ( 753.7644605639749216, 903.2422404663409452, 1329.300254976901897 ) ) ;
#1151 = ORIENTED_EDGE ( 'NONE', *, *, #737, .T. ) ;
#1152 = CARTESIAN_POINT ( 'NONE',  ( 735.1244450897170282, 897.3194592881029621, 1327.522576515091941 ) ) ;
#1153 = ORIENTED_EDGE ( 'NONE', *, *, #928, .F. ) ;
#1154 = EDGE_CURVE ( 'NONE', #362, #1381, #675, .T. ) ;
#1155 = LINE ( 'NONE', #1553, #1193 ) ;
#1156 = DIRECTION ( 'NONE',  ( 0.1370521391469139427, 2.428612866367528700E-17, -0.9905638349724136260 ) ) ;
#1157 = EDGE_CURVE ( 'NONE', #863, #1119, #1040, .T. ) ;
#1158 = FACE_OUTER_BOUND ( 'NONE', #762, .T. ) ;
#1159 = VERTEX_POINT ( 'NONE', #820 ) ;
#1160 = SURFACE_SIDE_STYLE ('',( #632 ) ) ;
#1161 = ORIENTED_EDGE ( 'NONE', *, *, #784, .F. ) ;
#1162 = EDGE_CURVE ( 'NONE', #764, #1141, #1210, .T. ) ;
#1163 = LINE ( 'NONE', #505, #692 ) ;
#1164 = DIRECTION ( 'NONE',  ( 0.000000000000000000, 0.000000000000000000, 1.000000000000000000 ) ) ;
#1165 = CARTESIAN_POINT ( 'NONE',  ( 737.0920374044879964, 902.0819592881030076, 1329.719217114000003 ) ) ;
#1166 = DIRECTION ( 'NONE',  ( 0.2426410909116984427, -0.9545088733307248718, -0.1733150649369273322 ) ) ;
#1167 = VERTEX_POINT ( 'NONE', #964 ) ;
#1168 = CARTESIAN_POINT ( 'NONE',  ( 737.9149962914229945, 897.3194592881029621, 1352.749321253141943 ) ) ;
#1169 = ORIENTED_EDGE ( 'NONE', *, *, #1630, .F. ) ;
#1170 = CIRCLE ( 'NONE', #646, 0.9999999999999674705 ) ;
#1171 = LINE ( 'NONE', #1269, #1437 ) ;
#1172 = EDGE_LOOP ( 'NONE', ( #1442, #697, #793, #1699 ) ) ;
#1173 = DIRECTION ( 'NONE',  ( 0.1370521391468929318, 3.787689090078288123E-15, -0.9905638349724166236 ) ) ;
#1174 = CARTESIAN_POINT ( 'NONE',  ( 694.2849617871150940, 896.4539953428350145, 1365.172076189225891 ) ) ;
#1175 = VERTEX_POINT ( 'NONE', #419 ) ;
#1176 = EDGE_CURVE ( 'NONE', #333, #981, #1562, .T. ) ;
#1177 = CARTESIAN_POINT ( 'NONE',  ( 734.3431657109699700, 902.2875367916880123, 1327.382428040803916 ) ) ;
#1178 = EDGE_LOOP ( 'NONE', ( #60, #42, #566, #201 ) ) ;
#1179 = VERTEX_POINT ( 'NONE', #138 ) ;
#1180 = CARTESIAN_POINT ( 'NONE',  ( 749.0498268590389443, 906.8444592881029394, 1354.289910859234169 ) ) ;
#1181 = VECTOR ( 'NONE', #1565, 1000.000000000000000 ) ;
#1182 = CARTESIAN_POINT ( 'NONE',  ( 749.8360869030478852, 897.3194592881029621, 1354.398695994681930 ) ) ;
#1183 = VECTOR ( 'NONE', #1587, 1000.000000000000000 ) ;
#1184 = EDGE_LOOP ( 'NONE', ( #683, #1299, #522, #839 ) ) ;
#1185 = DIRECTION ( 'NONE',  ( 0.000000000000000000, 1.000000000000000000, 0.000000000000000000 ) ) ;
#1186 = EDGE_CURVE ( 'NONE', #1141, #1401, #533, .T. ) ;
#1187 = VERTEX_POINT ( 'NONE', #1351 ) ;
#1188 = CARTESIAN_POINT ( 'NONE',  ( 1.981547591744746525E-13, 1552.081959288102780, 1276.272076189225800 ) ) ;
#1189 = PLANE ( 'NONE',  #1199 ) ;
#1190 = AXIS2_PLACEMENT_3D ( 'NONE', #995, #986, #1484 ) ;
#1191 = EDGE_LOOP ( 'NONE', ( #689, #1713, #1531, #385 ) ) ;
#1192 = CARTESIAN_POINT ( 'NONE',  ( 673.5917116788809835, 902.0819592881030076, 1365.172076189225891 ) ) ;
#1193 = VECTOR ( 'NONE', #363, 1000.000000000000000 ) ;
#1194 = DIRECTION ( 'NONE',  ( 0.000000000000000000, 1.000000000000000000, 0.000000000000000000 ) ) ;
#1195 = CIRCLE ( 'NONE', #1634, 0.7937499999999264588 ) ;
#1196 = VERTEX_POINT ( 'NONE', #268 ) ;
#1197 = DIRECTION ( 'NONE',  ( -0.9755149445343391790, 0.1736481776669248633, -0.1349700091987885431 ) ) ;
#1198 = CARTESIAN_POINT ( 'NONE',  ( 734.4469701811550522, 897.3194592881029621, 1326.627531335633876 ) ) ;
#1199 = AXIS2_PLACEMENT_3D ( 'NONE', #1198, #1584, #405 ) ;
#1200 = VECTOR ( 'NONE', #869, 999.9999999999998863 ) ;
#1201 = EDGE_CURVE ( 'NONE', #308, #362, #661, .T. ) ;
#1203 = ORIENTED_EDGE ( 'NONE', *, *, #1612, .F. ) ;
#1202 = VECTOR ( 'NONE', #1284, 1000.000000000000000 ) ;
#1204 = DIRECTION ( 'NONE',  ( 0.000000000000000000, -1.000000000000000000, 0.000000000000000000 ) ) ;
#1205 = VECTOR ( 'NONE', #1616, 999.9999999999998863 ) ;
#1206 = PLANE ( 'NONE',  #216 ) ;
#1207 = ORIENTED_EDGE ( 'NONE', *, *, #852, .F. ) ;
#1208 = CARTESIAN_POINT ( 'NONE',  ( 736.5811715085010292, 906.4736623125520509, 1351.795517463431906 ) ) ;
#1209 = VERTEX_POINT ( 'NONE', #154 ) ;
#1210 = LINE ( 'NONE', #30, #1643 ) ;
#1211 = EDGE_CURVE ( 'NONE', #1658, #1618, #311, .T. ) ;
#1212 = CARTESIAN_POINT ( 'NONE',  ( 734.4469701811550522, 897.3194592881029621, 1326.627531335633876 ) ) ;
#1213 = ORIENTED_EDGE ( 'NONE', *, *, #538, .F. ) ;
#1214 = DIRECTION ( 'NONE',  ( 0.000000000000000000, 0.000000000000000000, -1.000000000000000000 ) ) ;
#1215 = EDGE_CURVE ( 'NONE', #1364, #588, #1250, .T. ) ;
#1216 = EDGE_CURVE ( 'NONE', #474, #369, #510, .T. ) ;
#1217 = PLANE ( 'NONE',  #231 ) ;
#1218 = ADVANCED_FACE ( 'NONE', ( #798 ), #1217, .T. ) ;
#1219 = DIRECTION ( 'NONE',  ( -0.1370521391469133321, -1.179317115958409477E-16, 0.9905638349724136260 ) ) ;
#1220 = ORIENTED_EDGE ( 'NONE', *, *, #1042, .T. ) ;
#1221 = CARTESIAN_POINT ( 'NONE',  ( 749.0115211116230967, 895.3627936344900036, 1353.515352110432104 ) ) ;
#1222 = VECTOR ( 'NONE', #916, 1000.000000000000000 ) ;
#1223 = AXIS2_PLACEMENT_3D ( 'NONE', #198, #1130, #567 ) ;
#1224 = CARTESIAN_POINT ( 'NONE',  ( 748.3455067411480286, 906.8444592881029394, 1365.172076189225891 ) ) ;
#1225 = CARTESIAN_POINT ( 'NONE',  ( 749.7273017675998972, 897.3194592881029621, 1355.184956038692007 ) ) ;
#1226 = EDGE_CURVE ( 'NONE', #393, #552, #274, .T. ) ;
#1227 = EDGE_CURVE ( 'NONE', #633, #1608, #691, .T. ) ;
#1228 = EDGE_LOOP ( 'NONE', ( #494, #931, #853, #1267 ) ) ;
#1229 = DIRECTION ( 'NONE',  ( 0.000000000000000000, 0.000000000000000000, 1.000000000000000000 ) ) ;
#1230 = PLANE ( 'NONE',  #1415 ) ;
#1231 = CARTESIAN_POINT ( 'NONE',  ( 733.9809538458540601, 902.0819592881030076, 1352.205016167872145 ) ) ;
#1232 = FACE_OUTER_BOUND ( 'NONE', #1118, .T. ) ;
#1233 = EDGE_CURVE ( 'NONE', #922, #263, #670, .T. ) ;
#1234 = EDGE_CURVE ( 'NONE', #35, #1235, #295, .T. ) ;
#1235 = VERTEX_POINT ( 'NONE', #130 ) ;
#1236 = DIRECTION ( 'NONE',  ( 0.000000000000000000, 1.000000000000000000, 0.000000000000000000 ) ) ;
#1237 = ORIENTED_EDGE ( 'NONE', *, *, #1580, .F. ) ;
#1238 = ORIENTED_EDGE ( 'NONE', *, *, #1021, .T. ) ;
#1239 = DIRECTION ( 'NONE',  ( -1.000000000000000000, 0.000000000000000000, 9.130123557772679427E-17 ) ) ;
#1240 = CYLINDRICAL_SURFACE ( 'NONE', #1133, 0.7937499999999264588 ) ;
#1241 = ORIENTED_EDGE ( 'NONE', *, *, #997, .T. ) ;
#1242 = DIRECTION ( 'NONE',  ( 0.000000000000000000, 0.000000000000000000, -1.000000000000000000 ) ) ;
#1243 = CARTESIAN_POINT ( 'NONE',  ( 753.7910981528069669, 903.9926639741360077, 1330.073199346060164 ) ) ;
#1244 = AXIS2_PLACEMENT_3D ( 'NONE', #285, #1481, #565 ) ;
#1245 = ORIENTED_EDGE ( 'NONE', *, *, #1279, .F. ) ;
#1246 = DIRECTION ( 'NONE',  ( -0.1370521391469150529, 1.768975673937640716E-16, 0.9905638349724135150 ) ) ;
#1247 = CARTESIAN_POINT ( 'NONE',  ( 731.2173487649502022, 902.4163906630101337, 1351.575126151166160 ) ) ;
#1248 = AXIS2_PLACEMENT_3D ( 'NONE', #900, #87, #491 ) ;
#1249 = ORIENTED_EDGE ( 'NONE', *, *, #665, .F. ) ;
#1250 = CIRCLE ( 'NONE', #1116, 0.9999999999999674705 ) ;
#1251 = DIRECTION ( 'NONE',  ( 0.9755149445343384018, -0.1736481776669305532, 0.1349700091987882378 ) ) ;
#1252 = DIRECTION ( 'NONE',  ( 0.000000000000000000, 0.000000000000000000, 1.000000000000000000 ) ) ;
#1253 = ORIENTED_EDGE ( 'NONE', *, *, #609, .F. ) ;
#1254 = DIRECTION ( 'NONE',  ( 0.000000000000000000, -1.000000000000000000, 0.000000000000000000 ) ) ;
#1255 = FACE_OUTER_BOUND ( 'NONE', #1348, .T. ) ;
#1256 = DIRECTION ( 'NONE',  ( 8.540177112501203399E-17, 1.000000000000000000, -1.325952961446859533E-32 ) ) ;
#1257 = ORIENTED_EDGE ( 'NONE', *, *, #5, .T. ) ;
#1258 = CIRCLE ( 'NONE', #1714, 4.000499999999969525 ) ;
#1259 = CARTESIAN_POINT ( 'NONE',  ( 734.3381850457079736, 901.2854989680749895, 1327.413791379643953 ) ) ;
#1260 = CARTESIAN_POINT ( 'NONE',  ( 750.4144075485060057, 903.9926639741360077, 1354.478711112110204 ) ) ;
#1261 = ORIENTED_EDGE ( 'NONE', *, *, #587, .T. ) ;
#1262 =( NAMED_UNIT ( * ) PLANE_ANGLE_UNIT ( ) SI_UNIT ( $, .RADIAN. ) );
#1263 = LINE ( 'NONE', #1497, #336 ) ;
#1264 = ADVANCED_FACE ( 'NONE', ( #825 ), #949, .T. ) ;
#1265 = DIRECTION ( 'NONE',  ( 0.000000000000000000, 0.000000000000000000, 1.000000000000000000 ) ) ;
#1266 = CARTESIAN_POINT ( 'NONE',  ( 760.6455067411480968, 897.3194592881029621, 1276.272076189225800 ) ) ;
#1267 = ORIENTED_EDGE ( 'NONE', *, *, #468, .F. ) ;
#1268 = VECTOR ( 'NONE', #1517, 999.9999999999998863 ) ;
#1269 = CARTESIAN_POINT ( 'NONE',  ( 752.2571403970630399, 894.6123701266950548, 1329.091705617476009 ) ) ;
#1270 = CARTESIAN_POINT ( 'NONE',  ( 731.0746309822709463, 897.3194592881029621, 1351.001592699924004 ) ) ;
#1271 = ORIENTED_EDGE ( 'NONE', *, *, #1211, .F. ) ;
#1272 = SURFACE_STYLE_USAGE ( .BOTH. , #1009 ) ;
#1273 = CARTESIAN_POINT ( 'NONE',  ( 752.1527066670329305, 894.6123701266950548, 1329.846515259724129 ) ) ;
#1274 = DIRECTION ( 'NONE',  ( 0.000000000000000000, -1.000000000000000000, 0.000000000000000000 ) ) ;
#1275 = CARTESIAN_POINT ( 'NONE',  ( 748.3455067411480286, 906.8444592881029394, 1365.172076189225891 ) ) ;
#1276 = CARTESIAN_POINT ( 'NONE',  ( 734.3413851705009847, 902.2837467203301003, 1327.392353939454097 ) ) ;
#1277 = VECTOR ( 'NONE', #1110, 1000.000000000000114 ) ;
#1278 = ORIENTED_EDGE ( 'NONE', *, *, #1089, .F. ) ;
#1279 = EDGE_CURVE ( 'NONE', #483, #362, #1339, .T. ) ;
#1280 = AXIS2_PLACEMENT_3D ( 'NONE', #854, #1236, #1635 ) ;
#1281 = CARTESIAN_POINT ( 'NONE',  ( 737.0920374044879964, 902.0819592881030076, 1329.719217114000003 ) ) ;
#1282 = ORIENTED_EDGE ( 'NONE', *, *, #1089, .T. ) ;
#1283 = ADVANCED_FACE ( 'NONE', ( #681 ), #1081, .F. ) ;
#1284 = DIRECTION ( 'NONE',  ( 1.000000000000000000, 0.000000000000000000, -1.552605928401549728E-16 ) ) ;
#1285 = PRESENTATION_STYLE_ASSIGNMENT (( #1693 ) ) ;
#1286 = DIRECTION ( 'NONE',  ( -0.1370521391469139427, 0.000000000000000000, 0.9905638349724136260 ) ) ;
#1287 = FACE_OUTER_BOUND ( 'NONE', #1605, .T. ) ;
#1288 = CARTESIAN_POINT ( 'NONE',  ( 627.3803735032330451, 897.3194592881029621, 1276.272076189225800 ) ) ;
#1289 = ORIENTED_EDGE ( 'NONE', *, *, #532, .F. ) ;
#1290 = EDGE_CURVE ( 'NONE', #552, #1506, #338, .T. ) ;
#1291 = LINE ( 'NONE', #210, #155 ) ;
#1292 = ORIENTED_EDGE ( 'NONE', *, *, #959, .F. ) ;
#1293 = DIRECTION ( 'NONE',  ( 0.000000000000000000, 1.000000000000000000, 0.000000000000000000 ) ) ;
#1294 = DIRECTION ( 'NONE',  ( -9.130123557772679427E-17, 0.000000000000000000, -1.000000000000000000 ) ) ;
#1295 = DIRECTION ( 'NONE',  ( 0.000000000000000000, 0.000000000000000000, 1.000000000000000000 ) ) ;
#1296 = FACE_OUTER_BOUND ( 'NONE', #1052, .T. ) ;
#1297 = AXIS2_PLACEMENT_3D ( 'NONE', #599, #71, #1400 ) ;
#1298 = DIRECTION ( 'NONE',  ( -0.8137334712068550191, 0.000000000000000000, 0.5812381937189283754 ) ) ;
#1299 = ORIENTED_EDGE ( 'NONE', *, *, #161, .F. ) ;
#1300 = CARTESIAN_POINT ( 'NONE',  ( 731.2365224479685821, 901.1467940986834719, 1351.600489629458707 ) ) ;
#1301 = ORIENTED_EDGE ( 'NONE', *, *, #1105, .F. ) ;
#1302 = DIRECTION ( 'NONE',  ( 0.9755149445343288539, -0.1736481776669314692, 0.1349700091988549899 ) ) ;
#1303 = FACE_OUTER_BOUND ( 'NONE', #966, .T. ) ;
#1304 = ADVANCED_FACE ( 'NONE', ( #1137 ), #984, .F. ) ;
#1305 = EDGE_LOOP ( 'NONE', ( #703, #571, #358, #654, #914, #1161 ) ) ;
#1306 = VECTOR ( 'NONE', #1319, 1000.000000000000000 ) ;
#1307 = DIRECTION ( 'NONE',  ( 0.000000000000000000, -1.000000000000000000, 0.000000000000000000 ) ) ;
#1308 = ORIENTED_EDGE ( 'NONE', *, *, #7, .F. ) ;
#1309 = AXIS2_PLACEMENT_3D ( 'NONE', #112, #625, #1164 ) ;
#1310 = CYLINDRICAL_SURFACE ( 'NONE', #1623, 0.7937499999999264588 ) ;
#1311 = ORIENTED_EDGE ( 'NONE', *, *, #1054, .T. ) ;
#1312 = FACE_OUTER_BOUND ( 'NONE', #309, .T. ) ;
#1313 = DIRECTION ( 'NONE',  ( 0.000000000000000000, 1.000000000000000000, 0.000000000000000000 ) ) ;
#1314 = DIRECTION ( 'NONE',  ( -0.9755149445343265224, 0.1736481776669686061, -0.1349700091988247919 ) ) ;
#1315 = ORIENTED_EDGE ( 'NONE', *, *, #298, .T. ) ;
#1316 = DIRECTION ( 'NONE',  ( 0.000000000000000000, 0.000000000000000000, 1.000000000000000000 ) ) ;
#1317 = ORIENTED_EDGE ( 'NONE', *, *, #1389, .T. ) ;
#1318 = VERTEX_POINT ( 'NONE', #466 ) ;
#1319 = DIRECTION ( 'NONE',  ( 1.000000000000000000, 0.000000000000000000, -1.552605928401549728E-16 ) ) ;
#1320 = CARTESIAN_POINT ( 'NONE',  ( 731.0746309822709463, 901.2854989680749895, 1351.001592699924004 ) ) ;
#1321 = DIRECTION ( 'NONE',  ( 0.1370521391469133321, 1.248688711014785460E-16, -0.9905638349724136260 ) ) ;
#1322 = ORIENTED_EDGE ( 'NONE', *, *, #928, .T. ) ;
#1323 = CARTESIAN_POINT ( 'NONE',  ( 735.2332302251649025, 897.3194592881029621, 1326.736316471082091 ) ) ;
#1324 = CARTESIAN_POINT ( 'NONE',  ( 44.01294012219064200, -3.758783038854156813E-15, 2576.272076189226027 ) ) ;
#1325 = ORIENTED_EDGE ( 'NONE', *, *, #123, .F. ) ;
#1326 = EDGE_CURVE ( 'NONE', #369, #981, #1121, .T. ) ;
#1327 = CARTESIAN_POINT ( 'NONE',  ( 739.1386663699159953, 901.7835153888319155, 1327.276663654213962 ) ) ;
#1328 = CARTESIAN_POINT ( 'NONE',  ( 753.4259963728280809, 906.8444592881029394, 1328.452114542373920 ) ) ;
#1329 = DIRECTION ( 'NONE',  ( 0.9905638349724137370, 0.000000000000000000, 0.1370521391469133599 ) ) ;
#1330 = B_SPLINE_CURVE_WITH_KNOTS ( 'NONE', 3,
 ( #121, #129, #1708, #1148 ),
 .UNSPECIFIED., .F., .F.,
 ( 4, 4 ),
 ( 0.000000000000000000, 1.000000000000000000 ),
 .UNSPECIFIED. ) ;
#1331 = CARTESIAN_POINT ( 'NONE',  ( 731.7521058908329223, 897.3194592881029621, 1351.896637879382070 ) ) ;
#1332 = EDGE_LOOP ( 'NONE', ( #1410, #1132, #1568, #1423 ) ) ;
#1333 = DIRECTION ( 'NONE',  ( -0.9755149445343288539, 0.1736481776669314692, -0.1349700091988549899 ) ) ;
#1334 = ADVANCED_FACE ( 'NONE', ( #435, #1255 ), #830, .F. ) ;
#1335 = VECTOR ( 'NONE', #1031, 999.9999999999998863 ) ;
#1337 = ORIENTED_EDGE ( 'NONE', *, *, #1326, .T. ) ;
#1336 = VECTOR ( 'NONE', #1120, 999.9999999999998863 ) ;
#1338 = DIRECTION ( 'NONE',  ( 0.9755149445343290759, -0.1736481776669304977, 0.1349700091988550177 ) ) ;
#1339 = CIRCLE ( 'NONE', #814, 0.7619999999999713669 ) ;
#1340 = CARTESIAN_POINT ( 'NONE',  ( 737.0920374044879964, 902.0819592881030076, 1329.719217114000003 ) ) ;
#1341 = EDGE_CURVE ( 'NONE', #1209, #255, #260, .T. ) ;
#1342 = ORIENTED_EDGE ( 'NONE', *, *, #182, .F. ) ;
#1343 = EDGE_CURVE ( 'NONE', #1106, #209, #990, .T. ) ;
#1344 = CYLINDRICAL_SURFACE ( 'NONE', #747, 4.762500000000013500 ) ;
#1345 = STYLED_ITEM ( 'NONE', ( #1145 ), #706 ) ;
#1346 = DIRECTION ( 'NONE',  ( 0.1370521391469150529, -1.803661471465830556E-16, -0.9905638349724135150 ) ) ;
#1347 = CARTESIAN_POINT ( 'NONE',  ( 731.0746309822709463, 902.2815318095879320, 1351.001592699924004 ) ) ;
#1348 = EDGE_LOOP ( 'NONE', ( #539, #396 ) ) ;
#1349 = VECTOR ( 'NONE', #624, 1000.000000000000000 ) ;
#1350 = LINE ( 'NONE', #159, #48 ) ;
#1351 = CARTESIAN_POINT ( 'NONE',  ( 752.6397363288180031, 897.3194592881029621, 1329.137079406926205 ) ) ;
#1352 = AXIS2_PLACEMENT_3D ( 'NONE', #851, #1219, #1491 ) ;
#1353 = EDGE_CURVE ( 'NONE', #953, #835, #477, .T. ) ;
#1354 = CARTESIAN_POINT ( 'NONE',  ( 731.7521058908329223, 906.8444592881029394, 1351.896637879382070 ) ) ;
#1355 = ORIENTED_EDGE ( 'NONE', *, *, #425, .T. ) ;
#1356 = LINE ( 'NONE', #145, #574 ) ;
#1357 = AXIS2_PLACEMENT_3D ( 'NONE', #774, #1302, #496 ) ;
#1358 = ORIENTED_EDGE ( 'NONE', *, *, #414, .T. ) ;
#1359 = CIRCLE ( 'NONE', #612, 0.7620000000000474172 ) ;
#1360 = DIRECTION ( 'NONE',  ( 0.1370521391469139427, 2.775557561562893816E-17, -0.9905638349724136260 ) ) ;
#1361 = EDGE_CURVE ( 'NONE', #1721, #1135, #1263, .T. ) ;
#1362 = EDGE_CURVE ( 'NONE', #1492, #464, #1170, .T. ) ;
#1363 = CARTESIAN_POINT ( 'NONE',  ( 734.4469701811550522, 897.3194592881029621, 1326.627531335633876 ) ) ;
#1364 = VERTEX_POINT ( 'NONE', #714 ) ;
#1365 = CARTESIAN_POINT ( 'NONE',  ( 749.0498268590389443, 897.3194592881029621, 1354.289910859234169 ) ) ;
#1366 = VERTEX_POINT ( 'NONE', #603 ) ;
#1367 = EDGE_LOOP ( 'NONE', ( #1455, #1203, #69, #80 ) ) ;
#1368 = CARTESIAN_POINT ( 'NONE',  ( 608.6455067411479831, 906.8444592881029394, 1276.272076189225800 ) ) ;
#1369 = CARTESIAN_POINT ( 'NONE',  ( 760.6455067411480968, 906.8444592881029394, 1276.272076189225800 ) ) ;
#1370 = ORIENTED_EDGE ( 'NONE', *, *, #1470, .F. ) ;
#1371 = LINE ( 'NONE', #1646, #230 ) ;
#1372 = VERTEX_POINT ( 'NONE', #37 ) ;
#1373 = VECTOR ( 'NONE', #493, 1000.000000000000000 ) ;
#1374 = ORIENTED_EDGE ( 'NONE', *, *, #294, .T. ) ;
#1375 = EDGE_CURVE ( 'NONE', #1005, #903, #1614, .T. ) ;
#1376 = CARTESIAN_POINT ( 'NONE',  ( 734.4469701811550522, 906.8444592881029394, 1326.627531335633876 ) ) ;
#1377 = DIRECTION ( 'NONE',  ( 0.1370521391469501360, -6.449701883682186873E-15, -0.9905638349724086300 ) ) ;
#1378 = CARTESIAN_POINT ( 'NONE',  ( 731.1018756837978572, 902.3759558239776197, 1351.347941645291257 ) ) ;
#1379 = ORIENTED_EDGE ( 'NONE', *, *, #1537, .T. ) ;
#1380 = DIRECTION ( 'NONE',  ( 0.000000000000000000, -1.000000000000000000, 0.000000000000000000 ) ) ;
#1381 = VERTEX_POINT ( 'NONE', #171 ) ;
#1382 = ORIENTED_EDGE ( 'NONE', *, *, #1518, .F. ) ;
#1383 = DIRECTION ( 'NONE',  ( -9.130123557772679427E-17, 0.000000000000000000, -1.000000000000000000 ) ) ;
#1384 = DIRECTION ( 'NONE',  ( 0.1370521391469501360, -6.449701883682186873E-15, -0.9905638349724086300 ) ) ;
#1385 = AXIS2_PLACEMENT_3D ( 'NONE', #993, #1384, #1403 ) ;
#1386 = DIRECTION ( 'NONE',  ( 0.000000000000000000, -1.000000000000000000, 0.000000000000000000 ) ) ;
#1387 = EDGE_LOOP ( 'NONE', ( #353, #963, #1153, #731 ) ) ;
#1388 = EDGE_CURVE ( 'NONE', #464, #588, #55, .T. ) ;
#1389 = EDGE_CURVE ( 'NONE', #838, #1663, #312, .T. ) ;
#1390 = CYLINDRICAL_SURFACE ( 'NONE', #1611, 0.4999999999999873990 ) ;
#1391 = ORIENTED_EDGE ( 'NONE', *, *, #132, .T. ) ;
#1392 = CARTESIAN_POINT ( 'NONE',  ( 735.2332302251649025, 906.8444592881029394, 1326.736316471082091 ) ) ;
#1393 = CARTESIAN_POINT ( 'NONE',  ( 734.4469701811550522, 906.8444592881029394, 1326.627531335633876 ) ) ;
#1394 = CARTESIAN_POINT ( 'NONE',  ( 735.1244450897170282, 902.4573381557299854, 1326.728826515092123 ) ) ;
#1395 = AXIS2_PLACEMENT_3D ( 'NONE', #488, #517, #1018 ) ;
#1396 = DIRECTION ( 'NONE',  ( 0.5812381937190961301, 1.655245454330675367E-17, 0.8137334712067352260 ) ) ;
#1397 = EDGE_LOOP ( 'NONE', ( #417, #117, #808, #108, #960, #1271, #297 ) ) ;
#1398 = AXIS2_PLACEMENT_3D ( 'NONE', #1340, #534, #520 ) ;
#1399 = CARTESIAN_POINT ( 'NONE',  ( 731.2886924807361311, 901.1381147440974928, 1351.660923074314496 ) ) ;
#1400 = DIRECTION ( 'NONE',  ( -0.1370521391469812500, 0.000000000000000000, 0.9905638349724041891 ) ) ;
#1401 = VERTEX_POINT ( 'NONE', #1516 ) ;
#1402 = CARTESIAN_POINT ( 'NONE',  ( 748.9410417235909563, 906.8444592881029394, 1355.076170903244019 ) ) ;
#1403 = DIRECTION ( 'NONE',  ( -0.9755149445343265224, 0.1736481776669686061, -0.1349700091988247919 ) ) ;
#1404 = LINE ( 'NONE', #217, #976 ) ;
#1405 = EDGE_CURVE ( 'NONE', #308, #1179, #180, .T. ) ;
#1406 = CARTESIAN_POINT ( 'NONE',  ( 734.3381850457079736, 901.2854989680749895, 1327.413791379643953 ) ) ;
#1407 = ORIENTED_EDGE ( 'NONE', *, *, #609, .T. ) ;
#1408 = VECTOR ( 'NONE', #207, 999.9999999999998863 ) ;
#1409 = CARTESIAN_POINT ( 'NONE',  ( 674.0229447007369572, 902.5592137247689379, 1365.172076189225891 ) ) ;
#1410 = ORIENTED_EDGE ( 'NONE', *, *, #109, .F. ) ;
#1411 = LINE ( 'NONE', #584, #1202 ) ;
#1412 = CIRCLE ( 'NONE', #436, 4.762500000000013500 ) ;
#1413 =( NAMED_UNIT ( * ) SI_UNIT ( $, .STERADIAN. ) SOLID_ANGLE_UNIT ( ) );
#1414 = FACE_OUTER_BOUND ( 'NONE', #1387, .T. ) ;
#1415 = AXIS2_PLACEMENT_3D ( 'NONE', #1495, #97, #1006 ) ;
#1416 = EDGE_CURVE ( 'NONE', #1492, #1364, #1639, .T. ) ;
#1417 = LINE ( 'NONE', #1139, #6 ) ;
#1418 = AXIS2_PLACEMENT_3D ( 'NONE', #1477, #448, #74 ) ;
#1419 = ORIENTED_EDGE ( 'NONE', *, *, #1709, .T. ) ;
#1420 = VECTOR ( 'NONE', #478, 1000.000000000000000 ) ;
#1421 = VECTOR ( 'NONE', #1254, 1000.000000000000000 ) ;
#1422 = LINE ( 'NONE', #1046, #382 ) ;
#1423 = ORIENTED_EDGE ( 'NONE', *, *, #653, .T. ) ;
#1424 = AXIS2_PLACEMENT_3D ( 'NONE', #1087, #1068, #1622 ) ;
#1425 = CARTESIAN_POINT ( 'NONE',  ( 610.2568512870911945, 901.6723471730288111, 1276.272076189226482 ) ) ;
#1426 = DIRECTION ( 'NONE',  ( -0.9755149445343265224, 0.1736481776669686061, -0.1349700091988247919 ) ) ;
#1427 =( LENGTH_UNIT ( ) NAMED_UNIT ( * ) SI_UNIT ( .MILLI., .METRE. ) );
#1428 = DIRECTION ( 'NONE',  ( 0.000000000000000000, 1.000000000000000000, 0.000000000000000000 ) ) ;
#1429 = DIRECTION ( 'NONE',  ( 0.1370521391469133599, 1.075528555105619536E-16, -0.9905638349724137370 ) ) ;
#1430 = ORIENTED_EDGE ( 'NONE', *, *, #784, .T. ) ;
#1431 = AXIS2_PLACEMENT_3D ( 'NONE', #402, #1185, #1720 ) ;
#1432 = CYLINDRICAL_SURFACE ( 'NONE', #771, 0.7937499999999264588 ) ;
#1433 = ORIENTED_EDGE ( 'NONE', *, *, #197, .F. ) ;
#1434 = CARTESIAN_POINT ( 'NONE',  ( 749.7273017675998972, 906.8444592881029394, 1355.184956038692007 ) ) ;
#1435 = CARTESIAN_POINT ( 'NONE',  ( 735.0017288903180770, 902.4521917336497836, 1326.728826515092578 ) ) ;
#1436 = CARTESIAN_POINT ( 'NONE',  ( 673.7568512870916493, 902.4915714031782272, 1365.172076189227482 ) ) ;
#1437 = VECTOR ( 'NONE', #79, 999.9999999999998863 ) ;
#1438 = ADVANCED_BREP_SHAPE_REPRESENTATION ( 'Fin_10_AoA_ANSYS_NEGATIVE', ( #136, #706, #1621 ), #655 ) ;
#1439 = CARTESIAN_POINT ( 'NONE',  ( 3.168463654255194986E-13, 1552.081959288102780, 2576.272076189226027 ) ) ;
#1440 = EDGE_LOOP ( 'NONE', ( #910, #1711 ) ) ;
#1441 = DIRECTION ( 'NONE',  ( 8.540177112501203399E-17, 1.000000000000000000, -1.325952961446859533E-32 ) ) ;
#1442 = ORIENTED_EDGE ( 'NONE', *, *, #659, .F. ) ;
#1443 = DIRECTION ( 'NONE',  ( -0.9755149445343392900, 0.1736481776669248633, -0.1349700091987883210 ) ) ;
#1444 = CARTESIAN_POINT ( 'NONE',  ( 610.0917116788808698, 902.3088080091586107, 1276.272076189226482 ) ) ;
#1445 = CARTESIAN_POINT ( 'NONE',  ( 735.1316851042760163, 902.4781949235879210, 1327.491525774664069 ) ) ;
#1446 = CIRCLE ( 'NONE', #1357, 0.7619999999999713669 ) ;
#1447 = DIRECTION ( 'NONE',  ( 0.000000000000000000, 0.000000000000000000, -1.000000000000000000 ) ) ;
#1448 = ORIENTED_EDGE ( 'NONE', *, *, #1109, .T. ) ;
#1449 = VECTOR ( 'NONE', #373, 1000.000000000000000 ) ;
#1450 = EDGE_LOOP ( 'NONE', ( #1278, #1666, #521, #1213 ) ) ;
#1451 = LINE ( 'NONE', #530, #1525 ) ;
#1452 = CARTESIAN_POINT ( 'NONE',  ( 714.4504860836100306, 897.3194592881029621, 1398.170233801754193 ) ) ;
#1453 = DIRECTION ( 'NONE',  ( 0.002062482626359825148, 0.02379885420827211259, -0.9997146396366262122 ) ) ;
#1454 = ADVANCED_FACE ( 'NONE', ( #329 ), #457, .T. ) ;
#1455 = ORIENTED_EDGE ( 'NONE', *, *, #1033, .F. ) ;
#1456 = ADVANCED_FACE ( 'NONE', ( #1414 ), #240, .T. ) ;
#1457 = DIRECTION ( 'NONE',  ( -0.9905638349724135150, 0.000000000000000000, -0.1370521391469141093 ) ) ;
#1458 = ORIENTED_EDGE ( 'NONE', *, *, #1612, .T. ) ;
#1459 = CARTESIAN_POINT ( 'NONE',  ( 731.7521058908329223, 906.8444592881029394, 1351.896637879382070 ) ) ;
#1460 = CARTESIAN_POINT ( 'NONE',  ( 774.4614513493239656, 899.7307194179030603, 1357.036546057832084 ) ) ;
#1461 = DIRECTION ( 'NONE',  ( 0.9755149445343384018, -0.1736481776669305532, 0.1349700091987882378 ) ) ;
#1462 = ADVANCED_FACE ( 'NONE', ( #1303 ), #365, .F. ) ;
#1463 = FACE_OUTER_BOUND ( 'NONE', #590, .T. ) ;
#1464 = EDGE_CURVE ( 'NONE', #977, #380, #613, .T. ) ;
#1465 = ORIENTED_EDGE ( 'NONE', *, *, #1061, .F. ) ;
#1466 = DIRECTION ( 'NONE',  ( 0.000000000000000000, 1.000000000000000000, 0.000000000000000000 ) ) ;
#1467 = LINE ( 'NONE', #1056, #926 ) ;
#1468 = EDGE_LOOP ( 'NONE', ( #399, #151, #1430, #901 ) ) ;
#1469 = DIRECTION ( 'NONE',  ( -0.9755149445343384018, 0.1736481776669305532, -0.1349700091987882378 ) ) ;
#1470 = EDGE_CURVE ( 'NONE', #953, #558, #754, .T. ) ;
#1471 = AXIS2_PLACEMENT_3D ( 'NONE', #423, #1333, #1494 ) ;
#1472 = CYLINDRICAL_SURFACE ( 'NONE', #526, 2.000000000000023981 ) ;
#1473 = ORIENTED_EDGE ( 'NONE', *, *, #1470, .T. ) ;
#1474 = DIRECTION ( 'NONE',  ( 0.000000000000000000, -1.000000000000000000, 0.000000000000000000 ) ) ;
#1475 = FACE_OUTER_BOUND ( 'NONE', #148, .T. ) ;
#1476 = AXIS2_PLACEMENT_3D ( 'NONE', #736, #1149, #1265 ) ;
#1477 = CARTESIAN_POINT ( 'NONE',  ( 739.1386663699159953, 901.7835153888319155, 1327.276663654213962 ) ) ;
#1478 = AXIS2_PLACEMENT_3D ( 'NONE', #412, #937, #686 ) ;
#1479 = CARTESIAN_POINT ( 'NONE',  ( 700.2301302805590240, 909.2212158040408667, 1365.172076189225891 ) ) ;
#1480 = ORIENTED_EDGE ( 'NONE', *, *, #183, .T. ) ;
#1481 = DIRECTION ( 'NONE',  ( 0.9755149445343290759, -0.1736481776669304977, 0.1349700091988550177 ) ) ;
#1482 = ADVANCED_FACE ( 'NONE', ( #497 ), #1028, .T. ) ;
#1483 = CARTESIAN_POINT ( 'NONE',  ( 777.4677974190800569, 899.7307194179030603, 1335.307752106506086 ) ) ;
#1484 = DIRECTION ( 'NONE',  ( -0.1370521391469131378, 0.000000000000000000, 0.9905638349724136260 ) ) ;
#1485 = ORIENTED_EDGE ( 'NONE', *, *, #563, .T. ) ;
#1486 = CARTESIAN_POINT ( 'NONE',  ( 44.01294012219054252, 252.0819592881026097, 1276.272076189225800 ) ) ;
#1487 = CARTESIAN_POINT ( 'NONE',  ( 739.0342326398859996, 901.7835153888319155, 1328.031473296463901 ) ) ;
#1488 = EDGE_CURVE ( 'NONE', #751, #1618, #616, .T. ) ;
#1489 = DIRECTION ( 'NONE',  ( 0.9691759639880592747, -0.2463695411933380930, 0.000000000000000000 ) ) ;
#1490 = AXIS2_PLACEMENT_3D ( 'NONE', #1363, #973, #31 ) ;
#1491 = DIRECTION ( 'NONE',  ( 0.9755149445343392900, -0.1736481776669248633, 0.1349700091987883210 ) ) ;
#1492 = VERTEX_POINT ( 'NONE', #1538 ) ;
#1493 =( BOUNDED_CURVE ( )  B_SPLINE_CURVE ( 3, ( #1063, #1425, #1038, #1572 ),
 .UNSPECIFIED., .F., .T. ) 
 B_SPLINE_CURVE_WITH_KNOTS ( ( 4, 4 ),
 ( 5.015176959055439809, 6.283185307179590673 ),
 .UNSPECIFIED. ) 
 CURVE ( )  GEOMETRIC_REPRESENTATION_ITEM ( )  RATIONAL_B_SPLINE_CURVE ( ( 1.000000000000000000, 0.8704413324986759459, 0.8704413324986759459, 1.000000000000000000 ) ) 
 REPRESENTATION_ITEM ( '' )  );
#1494 = DIRECTION ( 'NONE',  ( -0.1370521391469812500, 0.000000000000000000, 0.9905638349724041891 ) ) ;
#1495 = CARTESIAN_POINT ( 'NONE',  ( 749.8360869030478852, 897.3194592881029621, 1354.398695994681930 ) ) ;
#1496 = EDGE_LOOP ( 'NONE', ( #1023, #1685, #844, #739 ) ) ;
#1497 = CARTESIAN_POINT ( 'NONE',  ( 608.6455067411479831, 902.0819592881030076, 1276.272076189225800 ) ) ;
#1498 = VECTOR ( 'NONE', #746, 1000.000000000000000 ) ;
#1499 = CIRCLE ( 'NONE', #1280, 0.7937499999999264588 ) ;
#1500 = FACE_OUTER_BOUND ( 'NONE', #700, .T. ) ;
#1501 = EDGE_CURVE ( 'NONE', #680, #888, #257, .T. ) ;
#1502 = EDGE_LOOP ( 'NONE', ( #874, #569, #1577, #504 ) ) ;
#1503 = CARTESIAN_POINT ( 'NONE',  ( 1.981547591744746525E-13, 0.000000000000000000, 1276.272076189225800 ) ) ;
#1504 = DIRECTION ( 'NONE',  ( 0.9755149445343384018, -0.1736481776669305532, 0.1349700091987882378 ) ) ;
#1505 = ORIENTED_EDGE ( 'NONE', *, *, #161, .T. ) ;
#1506 = VERTEX_POINT ( 'NONE', #384 ) ;
#1507 = CARTESIAN_POINT ( 'NONE',  ( 749.0115211116230967, 895.3627936344900036, 1353.515352110432104 ) ) ;
#1508 = CARTESIAN_POINT ( 'NONE',  ( 739.5501602084009392, 901.7346629327689698, 1326.324070942997878 ) ) ;
#1509 = VERTEX_POINT ( 'NONE', #1017 ) ;
#1510 = EDGE_CURVE ( 'NONE', #838, #1070, #1717, .T. ) ;
#1511 = CARTESIAN_POINT ( 'NONE',  ( 3.168463654255194986E-13, 0.000000000000000000, 2576.272076189226027 ) ) ;
#1512 = ORIENTED_EDGE ( 'NONE', *, *, #1341, .F. ) ;
#1513 = STYLED_ITEM ( 'NONE', ( #1285 ), #136 ) ;
#1514 = ORIENTED_EDGE ( 'NONE', *, *, #1723, .F. ) ;
#1515 = DIRECTION ( 'NONE',  ( -0.1370521391469133599, -1.075528555105619536E-16, 0.9905638349724137370 ) ) ;
#1516 = CARTESIAN_POINT ( 'NONE',  ( 748.9070873815929872, 895.3627936344900036, 1354.270161752682043 ) ) ;
#1517 = DIRECTION ( 'NONE',  ( -0.9755149445343384018, 0.1736481776669305532, -0.1349700091987882378 ) ) ;
#1518 = EDGE_CURVE ( 'NONE', #90, #236, #1036, .T. ) ;
#1519 = EDGE_CURVE ( 'NONE', #773, #1119, #1049, .T. ) ;
#1520 = ORIENTED_EDGE ( 'NONE', *, *, #237, .T. ) ;
#1521 = EDGE_CURVE ( 'NONE', #178, #44, #1010, .T. ) ;
#1522 = DIRECTION ( 'NONE',  ( 0.9755149445343392900, -0.1736481776669248633, 0.1349700091987883210 ) ) ;
#1523 = CARTESIAN_POINT ( 'NONE',  ( 735.2332302251649025, 901.1055819916959990, 1326.736316471082091 ) ) ;
#1524 = ORIENTED_EDGE ( 'NONE', *, *, #1226, .T. ) ;
#1525 = VECTOR ( 'NONE', #1293, 1000.000000000000000 ) ;
#1526 = DIRECTION ( 'NONE',  ( 0.9755149445343290759, -0.1736481776669304977, 0.1349700091988550177 ) ) ;
#1527 = CARTESIAN_POINT ( 'NONE',  ( 734.8874307012338249, 901.1222363889880853, 1326.757458027924940 ) ) ;
#1528 = AXIS2_PLACEMENT_3D ( 'NONE', #895, #775, #1426 ) ;
#1529 = DIRECTION ( 'NONE',  ( 0.9755149445343392900, -0.1736481776669248633, 0.1349700091987883210 ) ) ;
#1530 = LINE ( 'NONE', #870, #1558 ) ;
#1531 = ORIENTED_EDGE ( 'NONE', *, *, #608, .T. ) ;
#1532 = CARTESIAN_POINT ( 'NONE',  ( 731.2561815317274068, 901.1432250742252563, 1351.624730936639935 ) ) ;
#1533 = LINE ( 'NONE', #1260, #1078 ) ;
#1534 = ORIENTED_EDGE ( 'NONE', *, *, #1389, .F. ) ;
#1535 = ADVANCED_FACE ( 'NONE', ( #93 ), #1554, .T. ) ;
#1536 = CARTESIAN_POINT ( 'NONE',  ( 608.6455067411479831, 897.3194592881029621, 1276.272076189225800 ) ) ;
#1537 = EDGE_CURVE ( 'NONE', #680, #552, #917, .T. ) ;
#1538 = CARTESIAN_POINT ( 'NONE',  ( 733.0054389013189393, 902.2556074657699128, 1352.070046158673904 ) ) ;
#1539 = LINE ( 'NONE', #349, #56 ) ;
#1540 = CARTESIAN_POINT ( 'NONE',  ( 752.6397363288180031, 897.3194592881029621, 1329.137079406926205 ) ) ;
#1541 = ORIENTED_EDGE ( 'NONE', *, *, #1033, .T. ) ;
#1542 = CARTESIAN_POINT ( 'NONE',  ( 731.0709088366900232, 901.2794939859749093, 1351.033130164661998 ) ) ;
#1543 = ORIENTED_EDGE ( 'NONE', *, *, #266, .T. ) ;
#1544 =( LENGTH_UNIT ( ) NAMED_UNIT ( * ) SI_UNIT ( .MILLI., .METRE. ) );
#1545 = DIRECTION ( 'NONE',  ( 0.1370521391469133321, 1.353084311261909287E-16, -0.9905638349724136260 ) ) ;
#1546 = ADVANCED_FACE ( 'NONE', ( #101 ), #651, .T. ) ;
#1547 =( NAMED_UNIT ( * ) PLANE_ANGLE_UNIT ( ) SI_UNIT ( $, .RADIAN. ) );
#1548 = FACE_OUTER_BOUND ( 'NONE', #564, .T. ) ;
#1549 = DIRECTION ( 'NONE',  ( 0.000000000000000000, -0.000000000000000000, 1.000000000000000000 ) ) ;
#1550 = ORIENTED_EDGE ( 'NONE', *, *, #1154, .F. ) ;
#1551 = CARTESIAN_POINT ( 'NONE',  ( 697.0801082456268887, 902.0819592881030076, 1397.195598855965954 ) ) ;
#1552 = ORIENTED_EDGE ( 'NONE', *, *, #450, .F. ) ;
#1553 = CARTESIAN_POINT ( 'NONE',  ( 753.8955318828369627, 903.9926639741360077, 1329.318389703809999 ) ) ;
#1554 = CYLINDRICAL_SURFACE ( 'NONE', #1528, 0.9999999999999674705 ) ;
#1555 = CARTESIAN_POINT ( 'NONE',  ( 731.7521058908329223, 902.4614487859660130, 1351.896637879382070 ) ) ;
#1556 = LINE ( 'NONE', #606, #1705 ) ;
#1557 = ORIENTED_EDGE ( 'NONE', *, *, #575, .T. ) ;
#1558 = VECTOR ( 'NONE', #1682, 1000.000000000000000 ) ;
#1559 = AXIS2_PLACEMENT_3D ( 'NONE', #1000, #713, #347 ) ;
#1560 = CARTESIAN_POINT ( 'NONE',  ( 731.1590411853288742, 901.1618243534045405, 1351.500482384369434 ) ) ;
#1561 = ORIENTED_EDGE ( 'NONE', *, *, #935, .T. ) ;
#1562 = CIRCLE ( 'NONE', #726, 0.7620000000000474172 ) ;
#1563 = CARTESIAN_POINT ( 'NONE',  ( 739.8267907939409724, 905.7232388047569884, 1327.371870970473765 ) ) ;
#1564 = CARTESIAN_POINT ( 'NONE',  ( 733.7002182925159559, 898.6707914190450310, 1327.293471311393887 ) ) ;
#1565 = DIRECTION ( 'NONE',  ( -0.5812381937190961301, 0.000000000000000000, -0.8137334712067352260 ) ) ;
#1566 = ORIENTED_EDGE ( 'NONE', *, *, #563, .F. ) ;
#1567 = CARTESIAN_POINT ( 'NONE',  ( 735.1244450897170282, 897.3194592881029621, 1326.728826515092123 ) ) ;
#1568 = ORIENTED_EDGE ( 'NONE', *, *, #962, .T. ) ;
#1569 = CIRCLE ( 'NONE', #1398, 2.000000000000023981 ) ;
#1570 = FACE_OUTER_BOUND ( 'NONE', #591, .T. ) ;
#1571 = ORIENTED_EDGE ( 'NONE', *, *, #430, .F. ) ;
#1572 = CARTESIAN_POINT ( 'NONE',  ( 610.0917116788809835, 902.0819592881030076, 1276.272076189225800 ) ) ;
#1573 = CARTESIAN_POINT ( 'NONE',  ( 734.4215707452400466, 902.3711483211397990, 1327.110288570488365 ) ) ;
#1574 = CARTESIAN_POINT ( 'NONE',  ( 673.5917116788810972, 902.3088080091592929, 1365.172076189227482 ) ) ;
#1575 = PRODUCT_RELATED_PRODUCT_CATEGORY ( 'part', '', ( #139 ) ) ;
#1576 = CARTESIAN_POINT ( 'NONE',  ( 735.1244450897170282, 897.3194592881029621, 1327.522576515091941 ) ) ;
#1577 = ORIENTED_EDGE ( 'NONE', *, *, #1361, .F. ) ;
#1578 = ADVANCED_FACE ( 'NONE', ( #506 ), #1588, .F. ) ;
#1579 = EDGE_LOOP ( 'NONE', ( #1704, #1050, #1543, #1355, #1458 ) ) ;
#1580 = EDGE_CURVE ( 'NONE', #1372, #1648, #1583, .T. ) ;
#1581 = AXIS2_PLACEMENT_3D ( 'NONE', #1576, #1712, #1447 ) ;
#1582 = DIRECTION ( 'NONE',  ( -0.1370521391469150529, 1.630232483824855468E-16, 0.9905638349724135150 ) ) ;
#1583 = B_SPLINE_CURVE_WITH_KNOTS ( 'NONE', 3,
 ( #524, #933, #925, #531 ),
 .UNSPECIFIED., .F., .F.,
 ( 4, 4 ),
 ( 3.049558534598184926E-14, 3.231912526416910042E-05 ),
 .UNSPECIFIED. ) ;
#1584 = DIRECTION ( 'NONE',  ( 0.1370521391469141093, 0.000000000000000000, -0.9905638349724135150 ) ) ;
#1585 = EDGE_LOOP ( 'NONE', ( #936, #600 ) ) ;
#1586 = AXIS2_PLACEMENT_3D ( 'NONE', #372, #1582, #802 ) ;
#1587 = DIRECTION ( 'NONE',  ( 0.9691759639880594968, 0.2463695411933373991, 0.000000000000000000 ) ) ;
#1588 = TOROIDAL_SURFACE ( 'NONE', #229, 4.000499999999999723, 0.7620000000000000107 ) ;
#1589 = ORIENTED_EDGE ( 'NONE', *, *, #975, .F. ) ;
#1590 = CIRCLE ( 'NONE', #86, 0.7619999999999713669 ) ;
#1591 = LINE ( 'NONE', #1716, #1085 ) ;
#1592 = CARTESIAN_POINT ( 'NONE',  ( 735.2332302251649025, 902.4614487859670362, 1326.736316471082091 ) ) ;
#1593 = EDGE_CURVE ( 'NONE', #751, #1135, #273, .T. ) ;
#1594 = ORIENTED_EDGE ( 'NONE', *, *, #68, .F. ) ;
#1595 = CARTESIAN_POINT ( 'NONE',  ( 738.4505419458899951, 897.8437919729059331, 1327.181456337953932 ) ) ;
#1596 = ADVANCED_FACE ( 'NONE', ( #668 ), #1064, .T. ) ;
#1597 = CARTESIAN_POINT ( 'NONE',  ( 652.8444705303739966, 906.8444592881029394, 1398.775686282835977 ) ) ;
#1598 = ORIENTED_EDGE ( 'NONE', *, *, #176, .F. ) ;
#1599 = FACE_OUTER_BOUND ( 'NONE', #1613, .T. ) ;
#1600 = CARTESIAN_POINT ( 'NONE',  ( 734.9427800227271064, 897.0933684651108706, 1351.568833377099963 ) ) ;
#1601 = ADVANCED_FACE ( 'NONE', ( #128 ), #1189, .T. ) ;
#1602 = DIRECTION ( 'NONE',  ( -0.5812381937190961301, 0.000000000000000000, -0.8137334712067351150 ) ) ;
#1603 =( GEOMETRIC_REPRESENTATION_CONTEXT ( 3 ) GLOBAL_UNCERTAINTY_ASSIGNED_CONTEXT ( ( #717 ) ) GLOBAL_UNIT_ASSIGNED_CONTEXT ( ( #486, #239, #1413 ) ) REPRESENTATION_CONTEXT ( 'NONE', 'WORKASPACE' ) );
#1604 = PLANE ( 'NONE',  #1722 ) ;
#1605 = EDGE_LOOP ( 'NONE', ( #1524, #335, #1083, #864 ) ) ;
#1606 = DIRECTION ( 'NONE',  ( 0.9755149445343391790, -0.1736481776669248633, 0.1349700091987885431 ) ) ;
#1607 = CARTESIAN_POINT ( 'NONE',  ( 610.5229447007369572, 902.5592137247689379, 1276.272076189225800 ) ) ;
#1608 = VERTEX_POINT ( 'NONE', #1592 ) ;
#1609 = DIRECTION ( 'NONE',  ( -0.9755149445343265224, 0.1736481776669686061, -0.1349700091988247919 ) ) ;
#1610 = CARTESIAN_POINT ( 'NONE',  ( 733.9809538458540601, 902.0819592881030076, 1352.205016167872145 ) ) ;
#1611 = AXIS2_PLACEMENT_3D ( 'NONE', #1551, #82, #634 ) ;
#1612 = EDGE_CURVE ( 'NONE', #492, #1209, #398, .T. ) ;
#1613 = EDGE_LOOP ( 'NONE', ( #1448, #1108, #49, #1311 ) ) ;
#1614 = CIRCLE ( 'NONE', #1140, 4.000499999999969525 ) ;
#1615 = CARTESIAN_POINT ( 'NONE',  ( 731.7521058908329223, 906.8444592881029394, 1351.896637879382070 ) ) ;
#1616 = DIRECTION ( 'NONE',  ( 0.9905638349724137370, 0.000000000000000000, 0.1370521391469133599 ) ) ;
#1617 = PLANE ( 'NONE',  #1490 ) ;
#1618 = VERTEX_POINT ( 'NONE', #803 ) ;
#1619 = CARTESIAN_POINT ( 'NONE',  ( 696.9587877001710012, 901.6047048514381004, 1397.282256388434007 ) ) ;
#1620 = FACE_OUTER_BOUND ( 'NONE', #421, .T. ) ;
#1621 = AXIS2_PLACEMENT_3D ( 'NONE', #918, #1295, #1718 ) ;
#1622 = DIRECTION ( 'NONE',  ( 0.9905638349724098513, 0.000000000000000000, 0.1370521391469405881 ) ) ;
#1623 = AXIS2_PLACEMENT_3D ( 'NONE', #472, #222, #370 ) ;
#1624 = DIRECTION ( 'NONE',  ( -0.9755149445343391790, 0.1736481776669248633, -0.1349700091987885431 ) ) ;
#1625 = ORIENTED_EDGE ( 'NONE', *, *, #1723, .T. ) ;
#1626 = LINE ( 'NONE', #1619, #220 ) ;
#1627 = ORIENTED_EDGE ( 'NONE', *, *, #1353, .F. ) ;
#1628 = DIRECTION ( 'NONE',  ( -3.416070845000481359E-16, 1.000000000000000000, 5.303811845787438131E-32 ) ) ;
#1629 = CIRCLE ( 'NONE', #75, 4.762500000000013500 ) ;
#1630 = EDGE_CURVE ( 'NONE', #1509, #251, #796, .T. ) ;
#1631 = CARTESIAN_POINT ( 'NONE',  ( 734.9694176115590381, 897.8437919729059331, 1352.341777746253911 ) ) ;
#1632 = EDGE_LOOP ( 'NONE', ( #403, #186, #243, #1238 ) ) ;
#1633 = DIRECTION ( 'NONE',  ( 0.000000000000000000, -1.000000000000000000, 0.000000000000000000 ) ) ;
#1634 = AXIS2_PLACEMENT_3D ( 'NONE', #52, #723, #1252 ) ;
#1635 = DIRECTION ( 'NONE',  ( 0.000000000000000000, 0.000000000000000000, 1.000000000000000000 ) ) ;
#1636 = ORIENTED_EDGE ( 'NONE', *, *, #197, .T. ) ;
#1637 = VERTEX_POINT ( 'NONE', #1600 ) ;
#1638 = AXIS2_PLACEMENT_3D ( 'NONE', #1507, #573, #859 ) ;
#1639 = LINE ( 'NONE', #585, #167 ) ;
#1640 = AXIS2_PLACEMENT_3D ( 'NONE', #500, #1701, #1012 ) ;
#1641 = VECTOR ( 'NONE', #983, 1000.000000000000114 ) ;
#1642 = CARTESIAN_POINT ( 'NONE',  ( 731.0661493288098427, 902.3429407479925430, 1351.202203008572269 ) ) ;
#1643 = VECTOR ( 'NONE', #1329, 999.9999999999998863 ) ;
#1644 = EDGE_CURVE ( 'NONE', #1318, #35, #1467, .T. ) ;
#1645 = ORIENTED_EDGE ( 'NONE', *, *, #170, .F. ) ;
#1646 = CARTESIAN_POINT ( 'NONE',  ( 752.1527066670329305, 894.6123701266950548, 1329.846515259724129 ) ) ;
#1647 = ORIENTED_EDGE ( 'NONE', *, *, #1675, .F. ) ;
#1648 = VERTEX_POINT ( 'NONE', #1320 ) ;
#1649 = CYLINDRICAL_SURFACE ( 'NONE', #1125, 0.7937499999999264588 ) ;
#1650 = DIRECTION ( 'NONE',  ( 0.1370521391469139427, 2.775557561562893816E-17, -0.9905638349724136260 ) ) ;
#1651 = ADVANCED_FACE ( 'NONE', ( #507 ), #241, .F. ) ;
#1652 = EDGE_CURVE ( 'NONE', #369, #1167, #1359, .T. ) ;
#1653 = CARTESIAN_POINT ( 'NONE',  ( 731.5232836369913230, 902.4516209598854175, 1351.836023277979393 ) ) ;
#1654 = EDGE_LOOP ( 'NONE', ( #276, #1485, #1505, #1257, #122 ) ) ;
#1655 = FACE_OUTER_BOUND ( 'NONE', #1585, .T. ) ;
#1656 = ORIENTED_EDGE ( 'NONE', *, *, #1201, .T. ) ;
#1657 = PRESENTATION_LAYER_ASSIGNMENT (  '', '', ( #1513 ) ) ;
#1658 = VERTEX_POINT ( 'NONE', #94 ) ;
#1659 = LINE ( 'NONE', #1136, #152 ) ;
#1660 = CARTESIAN_POINT ( 'NONE',  ( 1344.012940122191139, 4.591243420054794706E-13, 1276.272076189225572 ) ) ;
#1661 = CIRCLE ( 'NONE', #386, 0.9999999999999674705 ) ;
#1662 = CARTESIAN_POINT ( 'NONE',  ( 720.7798329626930354, 906.8444592881029394, 1407.031319432469900 ) ) ;
#1663 = VERTEX_POINT ( 'NONE', #250 ) ;
#1664 = ADVANCED_FACE ( 'NONE', ( #1287 ), #258, .F. ) ;
#1665 = FILL_AREA_STYLE ('',( #361 ) ) ;
#1666 = ORIENTED_EDGE ( 'NONE', *, *, #342, .F. ) ;
#1667 = AXIS2_PLACEMENT_3D ( 'NONE', #248, #1706, #765 ) ;
#1668 = DIRECTION ( 'NONE',  ( -0.1370521391469812500, 0.000000000000000000, 0.9905638349724041891 ) ) ;
#1669 = CARTESIAN_POINT ( 'NONE',  ( 735.1244450897170282, 901.1096926219339593, 1326.728826515092123 ) ) ;
#1670 = VECTOR ( 'NONE', #11, 999.9999999999998863 ) ;
#1671 = DIRECTION ( 'NONE',  ( -0.1370521391469141093, 0.000000000000000000, 0.9905638349724135150 ) ) ;
#1672 = LINE ( 'NONE', #105, #979 ) ;
#1673 = ORIENTED_EDGE ( 'NONE', *, *, #789, .F. ) ;
#1674 = EDGE_CURVE ( 'NONE', #588, #1364, #84, .T. ) ;
#1675 = EDGE_CURVE ( 'NONE', #1658, #90, #1697, .T. ) ;
#1676 = DIRECTION ( 'NONE',  ( -0.9755149445343386239, 0.1736481776669053512, -0.1349700091988187967 ) ) ;
#1677 = ORIENTED_EDGE ( 'NONE', *, *, #1518, .T. ) ;
#1678 = CARTESIAN_POINT ( 'NONE',  ( 734.3649205980882471, 902.3338444022087970, 1327.261152052759144 ) ) ;
#1679 = CARTESIAN_POINT ( 'NONE',  ( 731.0746309822709463, 902.2815318095879320, 1351.001592699924004 ) ) ;
#1680 = FACE_BOUND ( 'NONE', #388, .T. ) ;
#1681 = CARTESIAN_POINT ( 'NONE',  ( 731.7521058908329223, 901.1055819916970222, 1351.896637879382070 ) ) ;
#1682 = DIRECTION ( 'NONE',  ( 0.000000000000000000, -1.000000000000000000, 0.000000000000000000 ) ) ;
#1683 = ORIENTED_EDGE ( 'NONE', *, *, #110, .F. ) ;
#1684 = CARTESIAN_POINT ( 'NONE',  ( 731.2357007352001119, 901.1469491144549693, 1351.599448947549035 ) ) ;
#1685 = ORIENTED_EDGE ( 'NONE', *, *, #1227, .T. ) ;
#1686 = DIRECTION ( 'NONE',  ( -0.9755149445343384018, 0.1736481776669305532, -0.1349700091987882378 ) ) ;
#1687 = DIRECTION ( 'NONE',  ( 0.000000000000000000, 1.000000000000000000, 0.000000000000000000 ) ) ;
#1688 = DIRECTION ( 'NONE',  ( 0.000000000000000000, 1.000000000000000000, 0.000000000000000000 ) ) ;
#1689 = CARTESIAN_POINT ( 'NONE',  ( 735.1244450897170282, 897.3194592881029621, 1327.522576515091941 ) ) ;
#1690 = ADVANCED_FACE ( 'NONE', ( #760 ), #422, .F. ) ;
#1691 = LINE ( 'NONE', #1540, #816 ) ;
#1692 = ORIENTED_EDGE ( 'NONE', *, *, #604, .T. ) ;
#1693 = SURFACE_STYLE_USAGE ( .BOTH. , #1160 ) ;
#1694 = ORIENTED_EDGE ( 'NONE', *, *, #1215, .F. ) ;
#1695 = LINE ( 'NONE', #644, #1222 ) ;
#1696 = DIRECTION ( 'NONE',  ( -0.1370521391469133321, 0.000000000000000000, 0.9905638349724136260 ) ) ;
#1697 = LINE ( 'NONE', #1039, #1181 ) ;
#1698 = DIRECTION ( 'NONE',  ( 0.000000000000000000, 0.1786539363780245138, -0.9839119732052439282 ) ) ;
#1699 = ORIENTED_EDGE ( 'NONE', *, *, #298, .F. ) ;
#1700 = VECTOR ( 'NONE', #1707, 1000.000000000000114 ) ;
#1701 = DIRECTION ( 'NONE',  ( -0.1370521391469135541, -8.321261570202484484E-17, 0.9905638349724136260 ) ) ;
#1702 = ORIENTED_EDGE ( 'NONE', *, *, #277, .T. ) ;
#1703 = CARTESIAN_POINT ( 'NONE',  ( 731.3550736701630512, 901.1296871967921334, 1351.723817240945209 ) ) ;
#1704 = ORIENTED_EDGE ( 'NONE', *, *, #1341, .T. ) ;
#1705 = VECTOR ( 'NONE', #1396, 1000.000000000000000 ) ;
#1706 = DIRECTION ( 'NONE',  ( 0.000000000000000000, 1.000000000000000000, 0.000000000000000000 ) ) ;
#1707 = DIRECTION ( 'NONE',  ( -0.9691759639880592747, 0.2463695411933380930, 0.000000000000000000 ) ) ;
#1708 = CARTESIAN_POINT ( 'NONE',  ( 735.1608212909517306, 902.4587083658083202, 1326.728826515092123 ) ) ;
#1709 = EDGE_CURVE ( 'NONE', #133, #1658, #271, .T. ) ;
#1710 = EDGE_CURVE ( 'NONE', #1608, #977, #1330, .T. ) ;
#1711 = ORIENTED_EDGE ( 'NONE', *, *, #1215, .T. ) ;
#1712 = DIRECTION ( 'NONE',  ( 0.000000000000000000, -1.000000000000000000, 0.000000000000000000 ) ) ;
#1713 = ORIENTED_EDGE ( 'NONE', *, *, #653, .F. ) ;
#1714 = AXIS2_PLACEMENT_3D ( 'NONE', #407, #815, #791 ) ;
#1715 = ORIENTED_EDGE ( 'NONE', *, *, #1146, .T. ) ;
#1716 = CARTESIAN_POINT ( 'NONE',  ( 734.9427800227271064, 897.0933684651108706, 1351.568833377099963 ) ) ;
#1717 = LINE ( 'NONE', #516, #974 ) ;
#1718 = DIRECTION ( 'NONE',  ( 1.000000000000000000, 0.000000000000000000, 0.000000000000000000 ) ) ;
#1719 = VERTEX_POINT ( 'NONE', #1679 ) ;
#1720 = DIRECTION ( 'NONE',  ( 0.000000000000000000, 0.000000000000000000, 1.000000000000000000 ) ) ;
#1721 = VERTEX_POINT ( 'NONE', #1057 ) ;
#1722 = AXIS2_PLACEMENT_3D ( 'NONE', #1212, #1457, #1076 ) ;
#1723 = EDGE_CURVE ( 'NONE', #1106, #483, #627, .T. ) ;
#1724 = LINE ( 'NONE', #1188, #1306 ) ;
#1725 = DIRECTION ( 'NONE',  ( 0.1370521391469133321, 1.248688711014785460E-16, -0.9905638349724136260 ) ) ;
#1726 = SHAPE_DEFINITION_REPRESENTATION ( #16, #1438 ) ;
#1727 = CIRCLE ( 'NONE', #716, 0.7619999999999713669 ) ;
ENDSEC;
END-ISO-10303-21;
