Log started at 26.08.2025	15:17:57
Number of used processors (NPROC): 14.
Number of mesh partitions (NPART): 14.
Computer name:	MARCDNICHITBF25
Operating system:	Windows 11 (or higher) (Version 10.0.22631)
Commandline:	"C:\Program Files\SOLIDWORKS Corp\SOLIDWORKS Flow Simulation (3)\BINCFW\efdsolver.exe" /config:"Z:\Developer\MIT_Rkt_Team\Githubs\MIT_Rkt_Zephyrus_Aero\CFD\sldwrks\08.15.2025\1\1.xmlconfig" /guid:c5e37df3-4650-4226-b4aa-a33d7e1cb8c2 /processors:max /m /s /prjnamelm:"Flow Simulation 2025" /prjnamehabout:"Flow Simulation 2025" /companyname:"COSMOS Applications" /prjaliasid:1002 /lang:English /port:49950
Total Physical Memory = 111.99 Gb, Available Physical Memory = 105.20 Gb
-----------------------------------------------------------------------
Memory Working Set Current = 64.82 Mb, Memory Working Set Peak = 115.23 Mb
Memory Private Bytes Current = 51.58 Mb, Memory Private Bytes Peak = 112.45 Mb
Process Threads Number: 9
-----------------------------------------------------------------------
CPU:	AuthenticAMD, Stepping ID = 10, Model = 4, Family = 15, MMX SSE SSE2 Hyper-Threading Technology SSE3
CPU Brand String:                           Virtual CPU @ 3.20GHz
Cache Line Size = 64, L2 Associativity = 6, Cache Size = 512K
Number of cores: 14, Processor type: 8664, Active processor mask: 16383, Page size: 4096 bites
Package 0 [ ProcessorGroup 0 [ 0 ] ]
Package 1 [ ProcessorGroup 0 [ 1 ] ]
Package 2 [ ProcessorGroup 0 [ 2 ] ]
Package 3 [ ProcessorGroup 0 [ 3 ] ]
Package 4 [ ProcessorGroup 0 [ 4 ] ]
Package 5 [ ProcessorGroup 0 [ 5 ] ]
Package 6 [ ProcessorGroup 0 [ 6 ] ]
Package 7 [ ProcessorGroup 0 [ 7 ] ]
Package 8 [ ProcessorGroup 0 [ 8 ] ]
Package 9 [ ProcessorGroup 0 [ 9 ] ]
Package 10 [ ProcessorGroup 0 [ 10 ] ]
Package 11 [ ProcessorGroup 0 [ 11 ] ]
Package 12 [ ProcessorGroup 0 [ 12 ] ]
Package 13 [ ProcessorGroup 0 [ 13 ] ]
NUMA Node 0: Available Memory = 105.20 Gb. ProcessorGroup 0 [ 0 1 2 3 4 5 6 7 8 9 10 11 12 13 ]
std::thread::hardware_concurrency = 14
No NUMA support
OpenMP enabled (spec=200203). max_threads = 14, num_procs = 14.

SOLIDWORKS 2025 SP3.0
Z:\Developer\MIT_Rkt_Team\Githubs\MIT_Rkt_Zephyrus_Aero\CFD\sldwrks\08.15.2025\1\1.fld
Configuration name:	0deg
Project name:	FlowSim
/*******************************************/
/*         Project Summary                 */
/*******************************************/
Analysis type:						CFD
Problem type:						external with void internal space
Result resolution:					5
Minimum gap size:					0.167941
Minimum wall thickness:				0.167941
Manual refinement:					Off
Fluid substances count				1

		Advanced capabilities
Heat transfer						Off
Transient						Off
Gravitation						Off
Laminar flow						On
Compressibility					Off
Default wall condition				adiabatic wall
Roughness:						0

************************************************
Flow Simulation 2025  x64 / 6784 / SOLVER ver. efd_dev.5608_04.02.2022+HMN_Inlet_Rework_V1+HMN_Inlet_Rework_V2 
BRANCH: git--efd_2406.6784_25.04.2025



STATIONARY


LAM-BREMHORST K-EPSILON TURBULENCE MODEL
EXTERNAL=1  CHT=0  FROZEN=0  RADIATION=0  HVAC_COMFORT_PARAMETERS=0
Solver mode: normal
X_STACK_LIST::read_x_stack_list4: started...
X_STACK_LIST::read_x_stack_list4: finished in 0.009 s
X_STACK_LIST::write_x_stack_list4: started...
X_STACK_LIST::write_x_stack_list4: finished in 0.010 s
Memory Status before reading BCF:
-----------------------------------------------------------------------
Memory Working Set Current = 69.09 Mb, Memory Working Set Peak = 115.23 Mb
Memory Private Bytes Current = 55.51 Mb, Memory Private Bytes Peak = 112.45 Mb
Process Threads Number: 22
-----------------------------------------------------------------------
bcf::mesh::read_bcf_mesh: started...
Read section 436 takes 0.000 s
Read section 101 takes 0.000 s
Read section 400 takes 0.012 s
Read section 437 takes 0.002 s
Read section 408 takes 0.003 s
Read section 427 takes 0.002 s
Read section 446 takes 0.000 s
Read section 516 takes 0.000 s
Read section 406 takes 0.011 s
Read section 405 takes 0.002 s
Read section 401 takes 0.019 s
Read section 402 takes 0.010 s
Adding faces to av takes 0.005 s
Read section 407 takes 0.001 s
Read section 421 takes 0.005 s
Read section 404 takes 0.000 s
Read section 416 takes 0.005 s
Read section 411 takes 0.000 s
Read section 413 takes 0.000 s
Read section 432 takes 0.000 s

-----------------------------------------------------------------------
BCF CHECKSUM DATA (Mesh 0):

BRICK |Level1| Sum:               176
FACE_A Area Sum:   G.Fluid        70.0135657706383938
FACE_A Area Sum:   G.Solid        0.1252405551822704
FACE_W Area Sum:                  6.7199773977745068
FACE_W Nb   Sum:                  103222
FACE_W min curvatures sum:        -14041.25720931
FACE_W max curvatures sum:        80851.12284088
AV Max Disbalance(Const) :        2.38793e-12 (cid=9737, t={23, 91, 14}, avid=9623, pid=366)
AV Max Disbalance(Linear):        8.92808e-11 (cid=8450, t={22, 92, 13}, avid=58467, pid=326)
-----------------------------------------------------------------------


-----------------------------------------------------------------------
MESHER TOPOLOGY DATA:

BRICKS: Total                 58114
BRICKS: Fluid                 57974
BRICKS: Fluid Partial         436
BRICKS: Type 1                436
BRICKS: Max AV number         4
BRICKS: |level1| sum          176


AV:     G.Total               58588
AV:     G.Fluid               58001
AV:     G.Solid               587

AV:     G.Fluid Thin Profile    0.02 % (11)
AV:     G.Solid Thin Profile    4.60 % (27)

AV:     G.Fluid Thin For Mega   0.00 % (1)
AV:     G.Solid Thin For Mega   0.68 % (4)

AV:     G.Fluid Non-Convex      0.22 % (126)
AV:     G.Solid Non-Convex     15.67 % (92)

AV:     G.Fluid Non-Ess-Convex      0.21 % (123)
AV:     G.Solid Non-Ess-Convex     14.82 % (87)

FACE_A: G.Fluid          (af) 167886 (partially opened 919)
FACE_A: G.Solid          (as) 1422 (partially opened 901)

FACE_W: G.Total                 12958       Brick/Bound
FACE_W: G.Fluid/Solid    (fs_g) 786         0           
FACE_W: G.Fluid/Fluid    (ff_g) 0           0           
FACE_W: G.Solid/Solid    (ss_g) 0           0           
FACE_W: G.Fluid/Void     (fv_g) 0           0           
FACE_W: G.Fluid/External (fe_g) 11984
FACE_W: G.Solid/External (se_g) 188

AV/CV max fa count (on brick side):4
AV/CV max fw count:                4
AV/CV max fw poly count:           17

MEMORY: Total                   16.687 MB
MEMORY: Per Brick               0.294 KB
-----------------------------------------------------------------------

-----------------------------------------------------------------------
Memory Working Set Current = 97.80 Mb, Memory Working Set Peak = 115.23 Mb
Memory Private Bytes Current = 87.49 Mb, Memory Private Bytes Peak = 112.45 Mb
Process Threads Number: 22
-----------------------------------------------------------------------
----------------------------------------------------------
BCF --> BCF.GEOMSUBDOM (bridge arrays):
MESH (0):
	Front spread algorithm. Partition count = 14
	Time (front spread): 0.003 s
	Fluid Subdom Constructor: 1 subdom(s).
	Front spread algorithm. Partition count = 14
	Time (front spread): 0.001 s
	Solid Subdom Constructor: 1 subdom(s).
	Front spread algorithm. Partition count = 14
	Time (front spread): 0.000 s
	Net Asm Subdom Constructor: 0 subdom(s).
	GEOMSUBDOM (0): gi=0 Fluid av=58001 cv=57969 fa=167886 fw=12770 V=4.459727e-01
	Cache data...OK
	GEOMSUBDOM (1): gi=1 Solid av=587 cv=587 fa=1422 fw=974 V=5.171429e-04
	Cache data...OK
	Setting nb of w-faces...OK (0.003 s).
	Correcting nb of w-faces...
	Time(correct_fw_nb)=0.002 s

MESH (0) checking:
	GEOMSUBDOM (0):fa_s=70.0135657706384364 fw_s=6.6986762929396075 fw_nb=102418
	              :d_const(16005)=2.38791e-12 d_linear(16005)=9.2335e-12
	GEOMSUBDOM (1):fa_s=0.1252405551822704 fw_s=0.0638927064561453 fw_nb=7214
	              :d_const(393)=8.63438e-13 d_linear(392)=8.92808e-11
MESH (0) checking: OK.
Time (MDS): 	0.074 s
----------------------------------------------------------
-----------------------------------------------------------------------
Memory Working Set Current = 119.40 Mb, Memory Working Set Peak = 119.40 Mb
Memory Private Bytes Current = 111.71 Mb, Memory Private Bytes Peak = 112.45 Mb
Process Threads Number: 22
-----------------------------------------------------------------------
Read section 448 takes 0.000 s
bcf::mesh::read_bcf_mesh: finished in 0.202 s
Memory Status after reading BCF:
-----------------------------------------------------------------------
Memory Working Set Current = 119.41 Mb, Memory Working Set Peak = 119.41 Mb
Memory Private Bytes Current = 111.71 Mb, Memory Private Bytes Peak = 112.45 Mb
Process Threads Number: 22
-----------------------------------------------------------------------
Total read CPT took 0.23 sec.
Save msh-format to file...Write section 408 takes 0.010 s
Write section 427 takes 0.003 s
OK (0.039 s).
MMP (gbs): locals=0, allc_sz=0.00 MB (0.00 MB), used_sz=0.00 MB, blk_sz=(0.00 MB/0.00 MB), blks-min-max=0/0 (big 0/0)
MMP (cpt_rgs): locals=0, allc_sz=0.00 MB (0.00 MB), used_sz=0.00 MB, blk_sz=(0.00 MB/0.00 MB), blks-min-max=0/0 (big 0/0)
MMP (slv_rgs): locals=0, allc_sz=0.00 MB (0.00 MB), used_sz=0.00 MB, blk_sz=(0.00 MB/0.00 MB), blks-min-max=0/0 (big 0/0)
MMP (msh): locals=14, allc_sz=9.98 MB (0.00 MB), used_sz=6.66 MB, blk_sz=(0.03 MB/3.40 MB), blks-min-max=3/15 (big 0/0)
MMP (brx): locals=0, allc_sz=0.00 MB (0.00 MB), used_sz=0.00 MB, blk_sz=(0.00 MB/0.00 MB), blks-min-max=0/0 (big 0/0)
MMP (bcf): locals=14, allc_sz=29.07 MB (0.00 MB), used_sz=23.21 MB, blk_sz=(0.04 MB/3.02 MB), blks-min-max=9/24 (big 0/0)
MMP (xsl): locals=0, allc_sz=0.00 MB (0.00 MB), used_sz=0.00 MB, blk_sz=(0.00 MB/0.00 MB), blks-min-max=0/0 (big 0/0)
MESH::Bricks: Total=58114

-----------------------------------------------------------------------
Mesh dimensions:
				I[0 ]=14
				I[1 ]=92
				I[2 ]=46
Solver refinement level	I[47]=0

Comp. domain size:
				a[0  ]=0.601
				a[1  ]=0.761565
				a[2  ]=-0.122919
				a[3  ]=2.10233
				a[4  ]=1.4732
				a[5  ]=2.72284
Wall thickness		a[231]=0
Gap size			a[232]=1
-----------------------------------------------------------------------
-----------------------------------------------------------------------
Preparing for calculations started at	26.8.2025	15:17:57
CD X0= 0.601, X1= 0.761564552909, Y0= -0.122918911647, Y1= 2.1023254798, Z0= 1.47320030298, Z1= 2.72283830702
Update time step in solids: STATIONARY IN SOLIDS
FLUID SUBDOMAIN   0 LC =1 LAMTURB=-1 NONNEWTON=0  STEAM=0  CAVITATION=0 IT=6 NT=0 NC=1 U_DIM_EXT=12

===ThermodynamicsHolder:===
Subdom 0 Ideal gas thermodynamics
	substance 0 type=fwGas, guid=2B966F4A9A9F11D4A50048A0E8000000, name=Air
===ThermodynamicsHolder:===
106 parameter(s) in list of scalar parameters
7 parameter(s) in list of vector parameters
-----------------------------------------------------------------------
Loading mesh settings (global/local/SAR)...
Setting regions (58114 / 58114)...OK (0.003 s)
Max SAR level = 0
-----------------------------------------------------------------------

CollectIndata: Initialize stored in U[] parameters (pressure,momentum,dens,..)... OK(CPU=0.026 s)

THERMODYNAMICS: Initialize stored in U[] parameters (T,Cp,Pr,..)
                and switch to Y-shifted Total Enthalpy:
OK: U[] is initialized.

Collect Virtual Surface Sources...OK
Collect Surface Goals...
Received 1 wall face(s) and 0 virtual face(s)...
 OK
Total CPU time 1 s
Collect Unused surface area...OK
MWS estimation...
Subdomain number =   0 V_indata_max =         30, v_max_from_mf_on_BC =           0, v_max_from_pressure_opening =           0, MWS =        7.5

There is 1 subdomain in fluid:
subdomain   0: LOW COMPRESSIBLE, MONOTONIC H,   57969 CVs, LAMINAR ONLY
NPROC = 14, nested_parallelization = 0
NPART = 14

/-----------------------------------------------------------/
SOLVER TOPOLOGY DATA:

BRICKS: |level1| sum         176

CV:     Total               57969
CV:     Fluid               57969
CV:     Solid               0

Fluid:
CV Max Disbalance(Const):                2.38793e-12 (ncv=16005)
CV Max Disbalance(Linear):                9.2335e-12 (ncv=16005, nsd=0)
CV:     G.Fluid Thin Profile    0.02 % (11)
CV:     G.Solid Thin Profile    0.00 % (0)

CV:     G.Fluid Non-Convex      0.26 % (152)
CV:     G.Solid Non-Convex      0.00 % (0)

FACE_A: Fluid          (af) 167886
FACE_A: Max number placed on a brick-face in cv: 4
FACE_A: Solid          (as) 1422

FACE_W: Total               12958
FACE_W: Fluid/Fluid    (ff) 0
FACE_W: Max number placed in cv: 17
/-----------------------------------------------------------/

  nsd=  0: min rho=1.20371, var Kin E=6770.84
Create solver core
MDS: Converting solver problem ...
MDS: Converting takes 0.020 s
slv : Calculations at run start
slv : Create sub-domains supervisors:
slv : 	Fluid subdom 0(IMS) gsd_ind=0
slv : 	1 fluid
slv : Create sub-domains mesh connectivity supervisors:
slv : Collect slices by phenomena...
slv : 	fluid flow slices were created:	1
slv : 	heat transfer slices were created:	1
slv : 	electric current flow slices were created:	0
slv : 	radiation slices were created:	0
slv : Creating meshes proxies for multigrid...
slv : Convert MESH[0] to multigrid mesh proxy...
slv : 58114 bricks are accounted by implicit methods(100% of total)
slv : max tree bricks count = 8
alg : MG: create topological coarsening...
alg : Mesh 0  OK
slv : Building views for fluid flow...
slv : 1 views are created
slv : Building views for heat transfer...
slv : 1 views are created
slv : Building fluid flow views schemes...
slv : View   0: Implicit scheme in fluid
slv : Building heat transfer views schemes...
slv : PrecalcAtStart views for fluid flow...
=== Fluid sub-domain nsd=0 ========================
Pre-calculations at run start, Implicit Scheme:
fflow count=11984
Sub-domain is External
BC re-definition: Real Wall to Ideal Wall: 0 w-faces

MARK CVs, A-FACEs and W-FACEs WITH/NEAR GEOMETRICAL PECULIARITIES:

  FW_VERY_SMALL_AREA: very small areas detected in 20 FWs (0.156617% of all FWs, 0.156617% of FWs that are not skipped in area calculations).
  Thin slit and wedge cvs = 1 (0.00172506% of all cvs, 0.00849257% of partial cvs),
  Wedge cvs = 19 (0.0327761% of all cvs, 0.161359% of partial cvs),
  (THRESHOLD_THIN = 0.01, THRESHOLD_ANGLE = 91.146).
  A-faces degraded to CUp_1st and Upwind_1st: 331 (0.197195% of all a-faces)
    (by  curved & encumbered : 331 (0.197195% of all a-faces)),
    (by  l- or r-cv is small : 0 (0% of all a-faces)),
    (by  l- or r-cv is triple: 0 (0% of all a-faces)),
    (by  l- or r-cv is bad boundary refinement: 0 (0% of all a-faces)).
    (THRESHOLD_ENCUMBERED_AREA = 0.333, THRESHOLD_ANGLE_SURFACE = 15, THRESHOLD_ANGLE_CVs = 70).
  Skip turbulence generating sources in partial cvs = 89 (0.15353% of all cvs, 0.755839% of partial cvs),    (by  presence of degraded to CUp_1st a-faces)
  Skip  P WALL APPROX  on w-faces = 348 (2.72514% of fluid wall w-faces),
  Skip the artificial force suppressing Un (Ksi_wall) on w-faces = 72 (0.563821% of w-faces),
  CV_BAD_GEOM_FOR_DERIVATIVES: bad CV geometry for numerical calculation of derivatives detected in partial cvs = 824 (1.42145% of all cvs, 6.99788% of partial cvs),
    (by  presence of degraded to CUp_1st a-faces = 210)
    (by  curvature condition = 693),
    (by  MEGA G-TYPE condition = 0),
    (THRESHOLD_ANGLE_BAD_DERIVATIVES = 47).
  CV_FLUID_IN_SMALL_INTERNAL_ANGLE: fluid in small internal angle detected in 19 CVs (0.0327761%).
  A-faces placed opposite External boundary with Symmetry BC: N_face_ns=0 (0%)
frw count=786
(nsd = 0) Nfa = 167886, W2P A-face approximations: 1108 stored,
  basis quality levels = { 1701 (76.76%) excellent, 409 (18.46%) very high, 37 (1.67%) high, 69 (3.11%) medium },
  derivative traits = { [2]: 44, [5]: 3 },
  value traits = { [5]: 2 }.
(nsd = 0) Ncv = 57969, W2P CV approximations: 763 stored,
  basis quality levels = { 619 (81.13%) excellent, 101 (13.24%) very high, 10 (1.31%) high, 33 (4.33%) medium },
  gradient[X] traits = { [5]: 23 },
  gradient[Y] traits = { [5]: 22 },
  gradient[Z] traits = { [5]: 40 }.

mgl   rows  nonzeros  avg  memory(Mb)
 31  57969    335654    6       26.01
 30   7423     56310    8        2.86
 29   1118      8098    8        0.39

mgl   rows  nonzeros  avg  memory(Mb)
 31  57969    335654    6       13.81
 30   7423     56310    8        1.86
CreateGrOperatorsPortraits: CVs with extended (3D) portrait / total CVs = 431 / 57969 (0.744%).

mgl   rows  nonzeros  avg  memory(Mb)
 31  57969   1294518   23       28.44
 30   7423     56310    8        1.86
slv : PrecalcAtStart views for fluid flow takes 0.477 s
slv : PrecalcAtStart views for heat transfer...
Creating view scheme...
	Alg view 0 aggregates:

mgl   rows  nonzeros  avg  memory(Mb)
 31  57969    335654    6       13.81
 30   7423     56310    8        1.86
1 heat transfer algebraic views are created
slv : PrecalcAtStart views for electric current flow...
slv : PrecalcAtStart views for radiation...
Calculate gap size: 
	Min gap size       8.884869e-04 (id=654)
	Max gap size       1.370853e+00 (id=88)
	Enlarged by r_d_cv 43
GapSize time = 0.002347 s
slv : Finite volume method GLOBAL MESH METRICS:
slv : eps_const_function  [cv] = MAX_{i}{ SUM( S[f] * n[f][i] ) / SUM( |S[f] * n[f][i]| ) },
slv : eps_linear_function [cv] = | MAX_{i}{ SUM( S[f] * n[f][i] * crd[f][i] ) } - MIN_{i}{ SUM( S[f] * n[f][i] * crd[f][i] ) } | / V[cv],
slv : eps_cv_volume       [cv] = | SUM_{i}{ SUM( S[f] * n[f][i] * crd[f][i] ) } / 3 - V[cv] | / V[cv],
slv :                            where "i" is axis (x, y, z) and "f" is cv's face (of any type),
slv :                            crd[f] is coordinate of face "f" in cv-centered coordinate system, i.e. shifted by -crd[cv].
slv : 	FLUID:
slv : 		    1 GEOMSUBDOM(s):   Ncv =      57969, eps_const_function = 8.0e-12, eps_linear_function = 9.3e-12, eps_cv_volume = 3.2e-12.
slv : 	SOLID:
slv : 		    1 GEOMSUBDOM(s):   Ncv =        587, eps_const_function = 5.2e-12, eps_linear_function = 3.9e-10, eps_cv_volume = 1.3e-10.

SDS: Re-define MWS=max(mws_sd) over fluid-flow sub-domains in view:
SDS: nsd=  0: mws(view value)=7.5                  
slv : ------------ Start of Preliminary step at Calculation start ------------
<Dynamic P> on nsd = 0 {openings (inlet / outlet)}:
  (SP = Static Pressure, EP = Environment Pressure, TP = Total Pressure, E = External)
  {#0, E, (0.000000e+00 / 5.427032e+02)}
  {#1, E, (5.427032e+02 / 0.000000e+00)}
  {#2, E, (0.000000e+00 / 5.427032e+02)}
  {#3, E, (0.000000e+00 / 5.427032e+02)}
  {#4, E, (0.000000e+00 / 5.427032e+02)}
  {#5, E, (0.000000e+00 / 5.427032e+02)}
WALL_DISTANCE: 1 algebraic views were taken from pressure algebraic views 
+------+--------+--------------+--------------+--------------+--------------+--------------+------+----+-+-+--+------+
|Name  |alg view| Initial res  | Initial resL1| Target res   | Final res    | Final res L1 |Visits|Iter|R|F|CL|Status|
|  WD  |       0|  6.096227e-06|  0.000000e+00|  6.096227e-22|  5.849345e-22|  3.591512e-09|    30| 570|2|n|30|  OK  |
nsd = 0, n_opening (External) = 0, hn_averaged = 1.1472499696475560e-02, area_of_opening = 2.7780859955285231e+00
nsd = 0, n_opening (External) = 1, hn_averaged = 1.1465294707771159e-02, area_of_opening = 2.7780859955285147e+00
nsd = 0, n_opening (External) = 2, hn_averaged = 5.6119308850403553e-02, area_of_opening = 2.0064756741700085e-01
nsd = 0, n_opening (External) = 3, hn_averaged = 5.6888595757444531e-02, area_of_opening = 2.0064756741700085e-01
nsd = 0, n_opening (External) = 4, hn_averaged = 1.2576762159821177e-02, area_of_opening = 3.4132219460248175e-01
nsd = 0, n_opening (External) = 5, hn_averaged = 6.7146687622654508e-02, area_of_opening = 3.5729537082483320e-01
slv : Fluid subdom(new) 0
slv : P static (new)                 : min(      0) = 101325               , max(      0) = 101325               
slv : Density (new)                  : min(      0) = 1.2037056240893      , max(      0) = 1.2037056240893      
slv : Velocity (new)                 : min(      0) = 30                   , max(      0) = 30                   
slv : Mach number (new)              : min(      0) = 0.087420575611592    , max(      0) = 0.087420575611592    
slv : Temperature (new)              : min(      0) = 293.2                , max(      0) = 293.2                
slv : Total enthalpy, Y-shifted (new): min(      0) = 450.00000000052      , max(      0) = 450.00000000052      
slv : ------------ End of Preliminary step at Calculation start ------------
Collecting Reference Parameters... OK

----------------------------------------------------------
BCF checking (solver)...
----------------------------------------------------------

Estimated cfld size=9.69 Mb
Writing cfld file "Z:\Developer\MIT_Rkt_Team\Githubs\MIT_Rkt_Zephyrus_Aero\CFD\sldwrks\08.15.2025\1\cfl586B.tmp"...
Write section 433 takes 0.014 s
Write section 404 takes 0.004 s
store res: FILE SAVED: cfl586B.tmp. Total save cfld took 0.05 sec.
real cfld size=0.20 Mb
CPT size=0.819 MB (858466 bytes).
CPT size=0.819 MB (858466 bytes)
CCFLDFileManager::MergeCFLDToCPT: FILE COPIED : "Z:\Developer\MIT_Rkt_Team\Githubs\MIT_Rkt_Zephyrus_Aero\CFD\sldwrks\08.15.2025\1\1.cpt" -> "Z:\Developer\MIT_Rkt_Team\Githubs\MIT_Rkt_Zephyrus_Aero\CFD\sldwrks\08.15.2025\1\1.cpt.lock"
CCFLDFileManager::MergeCFLDToCPT: FILE MERGED : "Z:\Developer\MIT_Rkt_Team\Githubs\MIT_Rkt_Zephyrus_Aero\CFD\sldwrks\08.15.2025\1\cfl586B.tmp" -> "Z:\Developer\MIT_Rkt_Team\Githubs\MIT_Rkt_Zephyrus_Aero\CFD\sldwrks\08.15.2025\1\1.cpt.lock"
CCFLDFileManager::MergeCFLDToCPT: FILE RENAMED: "Z:\Developer\MIT_Rkt_Team\Githubs\MIT_Rkt_Zephyrus_Aero\CFD\sldwrks\08.15.2025\1\1.cpt.lock" -> "Z:\Developer\MIT_Rkt_Team\Githubs\MIT_Rkt_Zephyrus_Aero\CFD\sldwrks\08.15.2025\1\1.cpt"
CPT size=1.006 MB (1055070 bytes)
CCFLDFileManager::MergeCFLDToCPT: FILE REMOVED: "Z:\Developer\MIT_Rkt_Team\Githubs\MIT_Rkt_Zephyrus_Aero\CFD\sldwrks\08.15.2025\1\cfl586B.tmp"
OK
Estimated fld size=5.72 Mb
Writing fld file "Z:\Developer\MIT_Rkt_Team\Githubs\MIT_Rkt_Zephyrus_Aero\CFD\sldwrks\08.15.2025\1\r_000000.fld"...
**************   CHeatPathCalculator report ******************
Temperatures
	0 (Vol 0.445973; Tmin 293.2; Tav 293.2; Tmax 293.2)
Total Energy Balance [W]
	0
**************   CHeatPathCalculator report end******************
store res: FILE SAVED: r_000000.fld. Total save fld took 0.30 sec.
real fld size=1.89 Mb
CPT size=1.006 MB (1055070 bytes).
OK
Init simple interpolator... OK (0.045 sec)
Surface goal 'SG Normal Force 1' is on 18 faces

Preview parameters:
	Density (Fluid)
	Pressure
	Temperature
	Temperature (Fluid)
	Velocity
	Velocity (X)
	Velocity (Y)
	Velocity (Z)
	Mach Number
	Dynamic Pressure
	Total Pressure
	Dynamic Viscosity
	Prandtl Number
	Sonic Speed
	Specific Heat (Cp)
	Stagnation Density
	Absolute Total Enthalpy
	Total Temperature
	Volumetric Heat Generation Rate
19 parameter(s) in preview list of parameters

Calculation started at	26.8.2025	15:18:0
Total CPU time 3 s
Pre-calculation takes 2.619 s
//-------------------------Isotermic task-------------------//
//-------------------------Fast mass flow--------------------//

================== Tstep=0 ===================
Boundary layer settings:
	Separation tau    on
	Enable 3D effects on
BL MODEL         	0
	Ignore compressibility  off
	BL on porous body  off
	Separ. tau corr factor 0
	Separ. tau kappa 0.1
	Separ. tau KV0 0.1
	Max hn for engineering models 7
	Laminar Temperature Profile Order 4
	Max Film Thickness 0
------------------------
NumCore Turbulent Model settings:
	Min typical size					1
	Zero vel ht factor				0.006
	C_mju_turb_min                   0.01
	Threshold value for K-E filter   0.00764017
	C_mju                            0.09
	C_eps1                           1.44
	C_eps2                           1.92
	Sigma_k                          1
	Sigma_eps                        1.3
	Sigma_c                          0.9
	Approx mode                      2nd order
-------------
NumCoreFESSettings:
	Maximum possible Mach	0
	Turbulent Prandtl		0.9
-------------
slv : Implicit schemes in fluid settings:
slv : INPR	: rel_resid=0.00790569
slv : BACKGROUND	: rel_resid=0.00790569
slv : DVGR	: rel_resid=0.00790569
slv : MOMENTUM	: rel_resid=0.00790569
slv : CHT	: rel_resid=0.00790569
slv : Y_TD	: rel_resid=0.00790569
slv : Y_TURB	: rel_resid=0.00790569
slv : LMA	: rel_resid=0.00790569
slv : UVGI	: rel_resid=0.00790569
slv : NOx	: rel_resid=0.00790569
slv : VOL_FRAC_IM_PHASE	: rel_resid=0.00790569
slv : (null)	: rel_resid=0.00790569
slv : Disable wall motion impact into H threshold=10
slv : Relax par ring =0.05
slv : Isothermal cavitation CF corrector = 1
slv : Isothermal cavitation pseudo transient corrector = -1
slv : Isothermal cavitation forced time step in cavitated regions = -1
slv : force_free_surface_VOF = -1
slv : SLV_SINGLE_P_WALL = 1
slv : Weighted 2-Point 2nd order experimental features = 0
slv : Stationary with Outer Iterations for Non-Newton:
slv :     forced_global_timestep = -1.79769e+308
slv :     timestep_accel_initial_coeff = 0.01
slv :     timestep_accel_base = 1
slv :     timestep_accel_max_coeff = 50
slv :     timestep_accel_steps_divider = 1
slv : ---------------------------------------
------Solid settings---
Approximation mode = 2'nd order && thin_profiles && weighted_2p_2nd (selectively)
Solid temperature eps_abs scaling factor: 0.001
number dofs per absorptive face: 9
subgrid ratio: 0.500000
------------------------------
slv : Iterations settings:
slv : Max number of outer iter = 1
slv : Max number of Mass&Energy iter = 1
slv : Conservation laws tolerance residuals:
slv : 	MASS	0.005
slv : 	MOMENTUM	0.005
slv : 	ENERGY	0.005
slv : 	SPECIES	0.005
slv : 	TURBULENCE	0.005
slv : 	MASS_AFTER_CALC_RHO	0.005
slv : ---------------------------------------
slv : Scheme blocks settings:
slv : INPR	: stop_crit=residAbs_AND_residRel 
slv : BACKGROUND	: stop_crit=residAbs_AND_residRel 
slv : DVGR	: stop_crit=residAbs_AND_residRel 
slv : MOMENTUM	: stop_crit=residAbs_AND_residRel 
slv : CHT	: stop_crit=residAbs_AND_residRel 
slv : Y_TD	: stop_crit=residAbs_AND_residRel 
slv : Y_TURB	: stop_crit=residAbs_AND_residRel 
slv : LMA	: stop_crit=residAbs_AND_residRel 
slv : UVGI	: stop_crit=residAbs_AND_residRel 
slv : NOx	: stop_crit=residAbs_AND_residRel 
slv : VOL_FRAC_IM_PHASE	: stop_crit=residAbs_AND_residRel 
slv : (null)	: stop_crit=residAbs_AND_residRel 
slv : ---------------------------------------
slv : Big local tau flattener = disabled
Accuracy scale coeff =1
slv : Max Courant factor = 25
<Dynamic P> on nsd = 0 {openings (inlet / outlet)}:
  (SP = Static Pressure, EP = Environment Pressure, TP = Total Pressure, E = External)
  {#0, E, (0.000000e+00 / 5.427032e+02)}
  {#1, E, (5.427032e+02 / 0.000000e+00)}
  {#2, E, (0.000000e+00 / 5.427032e+02)}
  {#3, E, (0.000000e+00 / 5.427032e+02)}
  {#4, E, (0.000000e+00 / 5.427032e+02)}
  {#5, E, (0.000000e+00 / 5.427032e+02)}
  MWS[  0]=7.49983
tau_viscous_averaged = 9029.48 
dt(mass,momentum; nsd=  0): min dt/dtG(ncv=  16070)=1.00 , max dt/dtG(ncv=  57732)=2.6    , dtG=5.49687e-05
Flow alg-view 0 in phys-view 0 isn't Neumann (not Multi Phase treating)
Face Momentum (sd=  0): max value of div(mf) (cv=15787) = 2.332026e-03
Flow alg-view 0 is not Neumann (not for Phase Change + Nested Iters)
+----+----+--------------+--------------+--------------+--------------+--------------+------+----+-+-+--+------+
|Name|view| Initial res  | Initial resL1| Target res   | Final res    | Final res L1 |Visits|Iter|R|F|CL|Status|
| BG |   0|  9.863924e-05|  7.682834e-02|  2.173543e-10|  9.327763e-11|  5.125066e-04|    11|  33|0|n|30|  OK  |
Face Momentum (sd=  0): max value of div(mf) (cv=14370) = 1.710498e-06
	norm_L2 of div(momentum) = 9.670044e-06.
Flow alg-view 0 in phys-view 0 isn't Neumann (not Multi Phase treating)
dt(mass,momentum; nsd=  0): min dt/dtG(ncv=  16070)=1.00 , max dt/dtG(ncv=  57732)=2.6    , dtG=5.49687e-05
LOG: number of a-faces with weighted approximations in 0 subdomain: 2.76616 percent
LOG: Rate of a-faces corrected to CUp1st in 0 subdomain: 0.0482589 %
slv : SolveBL stage
|nsd|Real WF|NormalF|Cycle F|CriticF| EdgeF |CyclBrF|ExtParF|RWFnumSt|StLvlNum|  nfw  |  alp_U_min  |  nfw  |  alp_U_max  |  nfw  |  alp_T_min  |  nfw  |  alp_T_max  |  nfw  |  BL_s_min   |  nfw  |   BL_s_max  |
|  0|    786|    627|      0|      0|    159|      0|      0|     786|      20|   4088|0.00254045   |   4156|0.0845435    |   3848|5.32596      |   4156|132.014      |   3747|-32.8978     |   3857|-0.000586248 |
Face Momentum (sd=  0): max value of div(mf) (cv=14370) = 1.710498e-06
	norm_L2 of div(momentum) = 9.670044e-06.
nsd = 0 BC: AP Inlet occurs on 38 w-faces
dP/dn (nsd = 0): Nfw_skipped_by_dP_dn_geom_flag = 103, Nfw_with_curvature_limiting = 110, Nfw_skipped_by_negative_crd_n = 28. Totals: skipped or corrected FW ratio = 1.88724%, skipped or corrected WALL AREA ratio = 4.15398%.
+----+----+----+--------------+--------------+--------------+--------------+--------------+------+----+-+-+--+------+
|Name|view| n_y| Initial res  | Initial resL1| Target res   | Final res    | Final res L1 |Visits|Iter|R|F|CL|Status|
+----+----+----+--------------+--------------+--------------+--------------+--------------+------+----+-+-+--+------+
| 3M |   0|   0|  7.385560e-02|  2.207807e+00|  1.384792e-05|  1.258816e-11|  1.587997e-05|     1|   3|0|n|29|  OK  |
Velocity (predicted):
        (local) sd   0: min(  17630)=22.237364332166      , max(  16085)=30.149558421038      
slv : 
slv : NUMBER OF INNER ITERATIONS = 1
slv : 
Flow alg-view 0 is not Neumann (not for Phase Change + Nested Iters)
+----+----+--------------+--------------+--------------+--------------+--------------+------+----+-+-+--+------+
|Name|view| Initial res  | Initial resL1| Target res   | Final res    | Final res L1 |Visits|Iter|R|F|CL|Status|
|DVGR|   0|  1.056049e-04|  8.486002e-02|  2.173543e-10|  8.615534e-11|  3.660262e-04|     9|  27|0|n|30|  OK  |
Filter(LC, geom_index=  0): isolating pressure from zero=2 (in AUSM_cvs=0)
Filter(LC, geom_index=  0): isolating pressure from infinity =6 (in AUSM_cvs=0)
PRESSURE SOLVER(geom_index=  0): sum_C_dp=2.03243e-05
Face Momentum (sd=  0): max value of div(mf) (cv=15983) = 3.074896e-06
	norm_L2 of div(momentum) = 9.493326e-06.
nsd = 0 min_dtHy = 5.49687e-05 (nCV =	16070 ) max_dtHy = 0.000141298 (nCV =	57732 ) 
+----+----+--------------+--------------+--------------+--------------+--------------+------+----+-+-+--+------+
|Name|view| Initial res  | Initial resL1| Target res   | Final res    | Final res L1 |Visits|Iter|R|F|CL|Status|
|CHT |   0|  1.289276e-06|  4.922289e-02|  8.057975e-11|  3.239064e-24|  2.263407e-10|     1|   9|0|n|30|  OK  |
slv : Fluid subdom(new) 0
slv : P static (new)                 : min(  16074) = 96258.75             , max(  15913) = 111457.5             
slv : Density (new)                  : min(  16085) = 1.1423691459444      , max(  15977) = 1.3229799395472      
slv : Velocity (new)                 : min(  16036) = 0.90949219137132     , max(  15787) = 34.760270072896      
slv : Mach number (new)              : min(  16036) = 0.0026482714691755   , max(  15787) = 0.10131842418922     
slv : Temperature (new)              : min(  15787) = 293.0468837415       , max(  16036) = 293.64657817311      
slv : Total enthalpy, Y-shifted (new): min(  16036) = 449.96133193814      , max(  16038) = 450.01651581481      
slv : MASS FLUXES AT OPENINGS: MF=-100.32, AP=100.32
slv : DvGr statistics: min alpha=0.15825(nfa=45961, geom_slice=0)
slv : +----------------------------------+------------+-------+------------+------------+
slv : |          Collector name          | Total Time | Count |  Avg Time  |  Max Time  |
slv : +----------------------------------+------------+-------+------------+------------+
slv : | Calculate_inc                    |       0.000|      0|       0.000|       0.000|
slv : | CollectEMT_Results               |       0.000|      1|       0.000|       0.000|
slv : | HeatPathCalculator_Dynamic       |       0.021|      1|       0.021|       0.021|
slv : | LiSy_make_portrait               |       0.037|     13|       0.003|       0.006|
slv : | build_sl_ordering_CHT            |       0.004|      1|       0.004|       0.004|
slv : | build_sl_ordering_MDS            |       0.011|      1|       0.011|       0.011|
slv : | build_sl_ordering_fluid          |       0.011|      1|       0.011|       0.011|
slv : | calc_Convolutions_MDS            |       0.031|      1|       0.031|       0.031|
slv : | calc_wall_dist                   |       0.569|      1|       0.569|       0.569|
slv : | create_Gr_operators_MDS          |       0.014|      1|       0.014|       0.014|
slv : | create_Gr_operators_portrait_MDS |       0.006|      1|       0.006|       0.006|
slv : | init_Hy_group_MDS                |       0.012|      1|       0.012|       0.012|
slv : | perform_stage_total              |       0.980|     35|       0.028|       0.570|
slv : | precalc_at_start_MDS             |       0.506|      2|       0.253|       0.477|
slv : | solve_3M_MDS                     |       0.046|      1|       0.046|       0.046|
slv : | solve_3M_alg_MDS                 |       0.008|      1|       0.008|       0.008|
slv : | solve_BG_MDS                     |       0.065|      1|       0.065|       0.065|
slv : | solve_BG_alg_MDS                 |       0.028|      1|       0.028|       0.028|
slv : | solve_BL_MDS                     |       0.026|      1|       0.026|       0.026|
slv : | solve_CHT                        |       0.036|      1|       0.036|       0.036|
slv : | solve_CHT_MDS                    |       0.023|      1|       0.023|       0.023|
slv : | solve_CHT_alg_MDS                |       0.005|      1|       0.005|       0.005|
slv : | solve_DvGr_MDS                   |       0.102|      1|       0.102|       0.102|
slv : | solve_DvGr_alg_MDS               |       0.064|      1|       0.064|       0.064|
slv : | solve_INPR_MDS                   |       0.000|      1|       0.000|       0.000|
slv : | solve_PS+QJ                      |       0.000|      0|       0.000|       0.000|
slv : | solve_YLMA_MDS                   |       0.000|      1|       0.000|       0.000|
slv : | solve_YNOx_MDS                   |       0.000|      1|       0.000|       0.000|
slv : | solve_YTd_MDS                    |       0.000|      1|       0.000|       0.000|
slv : | solve_YTurb_MDS                  |       0.000|      1|       0.000|       0.000|
slv : | update_BC_MDS                    |       0.000|      2|       0.000|       0.000|
slv : | update_Mf_after_DvGr             |       0.008|      1|       0.008|       0.008|
slv : | update_VelPressure_MDS           |       0.006|      1|       0.006|       0.006|
slv : +----------------------------------+------------+-------+------------+------------+
-----------------------------------------------------------------------
Memory Working Set Current = 299.47 Mb, Memory Working Set Peak = 299.47 Mb
Memory Private Bytes Current = 327.50 Mb, Memory Private Bytes Peak = 331.63 Mb
Process Threads Number: 35
-----------------------------------------------------------------------
Algebra Pool      : mem_usage = 174.00 Mb, allocated count = 1340

================== Tstep=1 ===================
<Dynamic P> on nsd = 0 {openings (inlet / outlet)}:
  (SP = Static Pressure, EP = Environment Pressure, TP = Total Pressure, E = External)
  {#0, E, (0.000000e+00 / 5.426217e+02)}
  {#1, E, (5.426541e+02 / 0.000000e+00)}
  {#2, E, (3.253402e-18 / 5.427032e+02)}
  {#3, E, (2.813521e-18 / 5.427032e+02)}
  {#4, E, (1.740211e-03 / 5.428190e+02)}
  {#5, E, (4.338814e-18 / 5.427032e+02)}
  MWS[  0]=7.4987
tau_viscous_averaged = 9032.09 
dt(mass,momentum; nsd=  0): min dt/dtG(ncv=  16072)=1.00 , max dt/dtG(ncv=  57892)=3.2    , dtG=4.41913e-05
Flow alg-view 0 in phys-view 0 isn't Neumann (not Multi Phase treating)
Face Momentum (sd=  0): max value of div(mf) (cv=15983) = 3.074896e-06
Flow alg-view 0 is not Neumann (not for Phase Change + Nested Iters)
+----+----+--------------+--------------+--------------+--------------+--------------+------+----+-+-+--+------+
|Name|view| Initial res  | Initial resL1| Target res   | Final res    | Final res L1 |Visits|Iter|R|F|CL|Status|
| BG |   0|  1.026109e-10|  3.839536e-04|  2.173543e-12|  5.860731e-13|  5.047176e-05|     6|  18|0|n|30|  OK  |
log10(resTarget_Lim / resTarget_Orig): 2.5 
Face Momentum (sd=  0): max value of div(mf) (cv=15915) = 1.409394e-07
	norm_L2 of div(momentum) = 7.656244e-07.
Flow alg-view 0 in phys-view 0 isn't Neumann (not Multi Phase treating)
LOG: number of a-faces with weighted approximations in 0 subdomain: 2.76557 percent
LOG: Rate of a-faces corrected to CUp1st in 0 subdomain: 0.0616843 %
slv : SolveBL stage
|nsd|Real WF|NormalF|Cycle F|CriticF| EdgeF |CyclBrF|ExtParF|RWFnumSt|StLvlNum|  nfw  |  alp_U_min  |  nfw  |  alp_U_max  |  nfw  |  alp_T_min  |  nfw  |  alp_T_max  |  nfw  |  BL_s_min   |  nfw  |   BL_s_max  |
|  0|    786|    620|      0|      0|    166|      0|      0|     786|      20|   3257|0            |   3784|3.19342      |   3581|0.000154869  |   3664|2673.43      |   3829|-123.139     |   3284|0            |
Face Momentum (sd=  0): max value of div(mf) (cv=15915) = 1.409394e-07
	norm_L2 of div(momentum) = 7.656244e-07.
nsd = 0 BC: AP Inlet occurs on 34 w-faces
+----+----+----+--------------+--------------+--------------+--------------+--------------+------+----+-+-+--+------+
|Name|view| n_y| Initial res  | Initial resL1| Target res   | Final res    | Final res L1 |Visits|Iter|R|F|CL|Status|
+----+----+----+--------------+--------------+--------------+--------------+--------------+------+----+-+-+--+------+
| 3M |   0|   0|  1.388545e+00|  8.033701e+01|  1.490336e-04|  1.616655e-11|  4.244717e-05|     1|   3|0|n|29|  OK  |
Velocity (predicted):
        (local) sd   0: min(  15989)=2.2737310024375      , max(  16030)=68.169199848466      
Flow alg-view 0 is not Neumann (not for Phase Change + Nested Iters)
+----+----+--------------+--------------+--------------+--------------+--------------+------+----+-+-+--+------+
|Name|view| Initial res  | Initial resL1| Target res   | Final res    | Final res L1 |Visits|Iter|R|F|CL|Status|
|DVGR|   0|  4.408869e-05|  9.873457e-02|  1.846881e-10|  1.330411e-10|  3.526367e-04|     9|  27|0|n|30|  OK  |
Filter(LC, geom_index=  0): isolating pressure from zero=6 (in AUSM_cvs=0)
PRESSURE SOLVER(geom_index=  0): sum_C_dp=-2.32713e-05
Face Momentum (sd=  0): max value of div(mf) (cv=15983) = 4.507918e-06
	norm_L2 of div(momentum) = 1.163988e-05.
nsd = 0 min_dtHy = 4.41913e-05 (nCV =	16072 ) max_dtHy = 0.000141303 (nCV =	57892 ) 
+----+----+--------------+--------------+--------------+--------------+--------------+------+----+-+-+--+------+
|Name|view| Initial res  | Initial resL1| Target res   | Final res    | Final res L1 |Visits|Iter|R|F|CL|Status|
|CHT |   0|  6.095524e-07|  3.404301e-02|  3.809703e-11|  3.392082e-24|  2.312819e-10|     1|   9|0|n|30|  OK  |
slv : Fluid subdom(new) 0
slv : P static (new)                 : min(  16005) = 97955.702970915      , max(  15913) = 105884.625           
slv : Density (new)                  : min(  15989) = 1.1620301931982      , max(  15977) = 1.25659490375        
slv : Velocity (new)                 : min(  16025) = 2.1967075081678      , max(  16072) = 37.674917377189      
slv : Mach number (new)              : min(  16025) = 0.0063964233624349   , max(  16072) = 0.10983352552074     
slv : Temperature (new)              : min(  16072) = 292.94203188718      , max(  16025) = 293.64462218894      
slv : Total enthalpy, Y-shifted (new): min(  16036) = 449.96803445065      , max(  16030) = 450.04540613619      
slv : MASS FLUXES AT OPENINGS: MF=-100.32, AP=100.32
slv : DvGr statistics: min alpha=0.158249(nfa=45961, geom_slice=0)
slv : +----------------------------------+------------+-------+------------+------------+
slv : |          Collector name          | Total Time | Count |  Avg Time  |  Max Time  |
slv : +----------------------------------+------------+-------+------------+------------+
slv : | Calculate_inc                    |       0.492|      1|       0.492|       0.492|
slv : | CollectEMT_Results               |       0.000|      2|       0.000|       0.000|
slv : | HeatPathCalculator_Dynamic       |       0.021|      1|       0.021|       0.021|
slv : | LiSy_make_portrait               |       0.048|     17|       0.003|       0.006|
slv : | Results_processing               |       0.039|      1|       0.039|       0.039|
slv : | build_sl_ordering_CHT            |       0.008|      2|       0.004|       0.004|
slv : | build_sl_ordering_MDS            |       0.017|      2|       0.009|       0.011|
slv : | build_sl_ordering_fluid          |       0.017|      2|       0.008|       0.011|
slv : | calc_Convolutions_MDS            |       0.047|      2|       0.023|       0.031|
slv : | calc_wall_dist                   |       0.569|      1|       0.569|       0.569|
slv : | create_Gr_operators_MDS          |       0.024|      2|       0.012|       0.014|
slv : | create_Gr_operators_portrait_MDS |       0.013|      2|       0.006|       0.007|
slv : | init_Hy_group_MDS                |       0.023|      2|       0.011|       0.012|
slv : | perform_stage_total              |       1.188|     62|       0.019|       0.570|
slv : | precalc_at_start_MDS             |       0.506|      2|       0.253|       0.477|
slv : | solve_3M_MDS                     |       0.075|      2|       0.037|       0.046|
slv : | solve_3M_alg_MDS                 |       0.013|      2|       0.007|       0.008|
slv : | solve_BG_MDS                     |       0.101|      2|       0.050|       0.065|
slv : | solve_BG_alg_MDS                 |       0.047|      2|       0.024|       0.028|
slv : | solve_BL_MDS                     |       0.031|      2|       0.015|       0.026|
slv : | solve_CHT                        |       0.064|      2|       0.032|       0.036|
slv : | solve_CHT_MDS                    |       0.043|      2|       0.021|       0.023|
slv : | solve_CHT_alg_MDS                |       0.015|      2|       0.007|       0.010|
slv : | solve_DvGr_MDS                   |       0.174|      2|       0.087|       0.102|
slv : | solve_DvGr_alg_MDS               |       0.104|      2|       0.052|       0.064|
slv : | solve_INPR_MDS                   |       0.000|      1|       0.000|       0.000|
slv : | solve_PS+QJ                      |       0.000|      0|       0.000|       0.000|
slv : | solve_YLMA_MDS                   |       0.000|      2|       0.000|       0.000|
slv : | solve_YNOx_MDS                   |       0.000|      2|       0.000|       0.000|
slv : | solve_YTd_MDS                    |       0.000|      2|       0.000|       0.000|
slv : | solve_YTurb_MDS                  |       0.000|      2|       0.000|       0.000|
slv : | update_BC_MDS                    |       0.000|      3|       0.000|       0.000|
slv : | update_Mf_after_DvGr             |       0.013|      2|       0.007|       0.008|
slv : | update_VelPressure_MDS           |       0.007|      2|       0.004|       0.006|
slv : +----------------------------------+------------+-------+------------+------------+
-----------------------------------------------------------------------
Memory Working Set Current = 303.11 Mb, Memory Working Set Peak = 305.13 Mb
Memory Private Bytes Current = 331.14 Mb, Memory Private Bytes Peak = 334.62 Mb
Process Threads Number: 35
-----------------------------------------------------------------------
Algebra Pool      : mem_usage = 176.56 Mb, allocated count = 1349

================== Tstep=2 ===================
<Dynamic P> on nsd = 0 {openings (inlet / outlet)}:
  (SP = Static Pressure, EP = Environment Pressure, TP = Total Pressure, E = External)
  {#0, E, (0.000000e+00 / 5.426267e+02)}
  {#1, E, (5.427413e+02 / 0.000000e+00)}
  {#2, E, (0.000000e+00 / 5.427032e+02)}
  {#3, E, (0.000000e+00 / 5.427032e+02)}
  {#4, E, (2.974808e-03 / 5.428337e+02)}
  {#5, E, (0.000000e+00 / 5.427032e+02)}
  MWS[  0]=7.4879
tau_viscous_averaged = 9031.82 
dt(mass,momentum; nsd=  0): min dt/dtG(ncv=  16072)=1.00 , max dt/dtG(ncv=  57892)=3.6    , dtG=3.87555e-05
Flow alg-view 0 in phys-view 0 isn't Neumann (not Multi Phase treating)
Face Momentum (sd=  0): max value of div(mf) (cv=15288) = 5.808598e-06
Flow alg-view 0 is not Neumann (not for Phase Change + Nested Iters)
+----+----+--------------+--------------+--------------+--------------+--------------+------+----+-+-+--+------+
|Name|view| Initial res  | Initial resL1| Target res   | Final res    | Final res L1 |Visits|Iter|R|F|CL|Status|
| BG |   0|  2.014049e-10|  3.765596e-04|  1.846881e-12|  1.009300e-12|  5.726311e-05|     6|  18|0|n|30|  OK  |
log10(resTarget_Lim / resTarget_Orig): 2.2 
Face Momentum (sd=  0): max value of div(mf) (cv=15915) = 2.249173e-07
	norm_L2 of div(momentum) = 1.004695e-06.
Flow alg-view 0 in phys-view 0 isn't Neumann (not Multi Phase treating)
LOG: number of a-faces with weighted approximations in 0 subdomain: 2.87457 percent
LOG: Rate of a-faces corrected to CUp1st in 0 subdomain: 0.101729 %
slv : SolveBL stage
|nsd|Real WF|NormalF|Cycle F|CriticF| EdgeF |CyclBrF|ExtParF|RWFnumSt|StLvlNum|  nfw  |  alp_U_min  |  nfw  |  alp_U_max  |  nfw  |  alp_T_min  |  nfw  |  alp_T_max  |  nfw  |  BL_s_min   |  nfw  |   BL_s_max  |
|  0|    786|    618|      0|      0|    168|      0|      0|     786|      20|   3257|0            |   3707|2.32695      |   3581|0.000154848  |   3820|12475.7      |   3829|-130.222     |   3568|0            |
Face Momentum (sd=  0): max value of div(mf) (cv=15915) = 2.249173e-07
	norm_L2 of div(momentum) = 1.004695e-06.
nsd = 0 BC: AP Inlet occurs on 38 w-faces
+----+----+----+--------------+--------------+--------------+--------------+--------------+------+----+-+-+--+------+
|Name|view| n_y| Initial res  | Initial resL1| Target res   | Final res    | Final res L1 |Visits|Iter|R|F|CL|Status|
+----+----+----+--------------+--------------+--------------+--------------+--------------+------+----+-+-+--+------+
| 3M |   0|   0|  1.272327e-01|  1.286157e+01|  2.385614e-05|  8.588532e-12|  2.277164e-05|     1|   3|0|n|29|  OK  |
Velocity (predicted):
        (local) sd   0: min(  15951)=2.5800709916675      , max(  16072)=39.881562438938      
Flow alg-view 0 is not Neumann (not for Phase Change + Nested Iters)
+----+----+--------------+--------------+--------------+--------------+--------------+------+----+-+-+--+------+
|Name|view| Initial res  | Initial resL1| Target res   | Final res    | Final res L1 |Visits|Iter|R|F|CL|Status|
|DVGR|   0|  1.032836e-05|  5.456259e-02|  4.942471e-11|  3.273024e-11|  2.160586e-04|     6|  18|0|n|30|  OK  |
PRESSURE SOLVER(geom_index=  0): sum_C_dp=-2.0496e-07
Face Momentum (sd=  0): max value of div(mf) (cv=15973) = 1.704817e-06
	norm_L2 of div(momentum) = 5.746452e-06.
nsd = 0 min_dtHy = 3.87555e-05 (nCV =	16072 ) max_dtHy = 0.000141357 (nCV =	57892 ) 
+----+----+--------------+--------------+--------------+--------------+--------------+------+----+-+-+--+------+
|Name|view| Initial res  | Initial resL1| Target res   | Final res    | Final res L1 |Visits|Iter|R|F|CL|Status|
|CHT |   0|  3.927653e-07|  2.739456e-02|  2.454783e-11|  3.461044e-24|  2.336469e-10|     1|   9|0|n|30|  OK  |
slv : Fluid subdom(new) 0
slv : P static (new)                 : min(  16086) = 100184.97141745      , max(  16075) = 103576.39753998      
slv : Density (new)                  : min(  16086) = 1.1902368558555      , max(  16075) = 1.2308355254483      
slv : Velocity (new)                 : min(  16025) = 2.5020593752733      , max(  16072) = 39.981478403245      
slv : Mach number (new)              : min(  16025) = 0.0072855626885642   , max(  16072) = 0.11657544956747     
slv : Temperature (new)              : min(  16072) = 292.85306906941      , max(  16025) = 293.64391355254      
slv : Total enthalpy, Y-shifted (new): min(  16036) = 449.96477613632      , max(  16030) = 450.03546493338      
slv : MASS FLUXES AT OPENINGS: MF=-100.32, AP=100.32
slv : DvGr statistics: min alpha=0.115855(nfa=43814, geom_slice=0)
slv : +----------------------------------+------------+-------+------------+------------+
slv : |          Collector name          | Total Time | Count |  Avg Time  |  Max Time  |
slv : +----------------------------------+------------+-------+------------+------------+
slv : | Calculate_inc                    |       0.786|      2|       0.393|       0.492|
slv : | CollectEMT_Results               |       0.000|      3|       0.000|       0.000|
slv : | HeatPathCalculator_Dynamic       |       0.021|      1|       0.021|       0.021|
slv : | LiSy_make_portrait               |       0.058|     21|       0.003|       0.006|
slv : | Results_processing               |       0.092|      2|       0.046|       0.053|
slv : | build_sl_ordering_CHT            |       0.013|      3|       0.004|       0.005|
slv : | build_sl_ordering_MDS            |       0.025|      3|       0.008|       0.011|
slv : | build_sl_ordering_fluid          |       0.025|      3|       0.008|       0.011|
slv : | calc_Convolutions_MDS            |       0.064|      3|       0.021|       0.031|
slv : | calc_wall_dist                   |       0.569|      1|       0.569|       0.569|
slv : | create_Gr_operators_MDS          |       0.034|      3|       0.011|       0.014|
slv : | create_Gr_operators_portrait_MDS |       0.020|      3|       0.007|       0.007|
slv : | init_Hy_group_MDS                |       0.036|      3|       0.012|       0.013|
slv : | perform_stage_total              |       1.388|     89|       0.016|       0.570|
slv : | precalc_at_start_MDS             |       0.506|      2|       0.253|       0.477|
slv : | solve_3M_MDS                     |       0.104|      3|       0.035|       0.046|
slv : | solve_3M_alg_MDS                 |       0.020|      3|       0.007|       0.008|
slv : | solve_BG_MDS                     |       0.134|      3|       0.045|       0.065|
slv : | solve_BG_alg_MDS                 |       0.067|      3|       0.022|       0.028|
slv : | solve_BL_MDS                     |       0.037|      3|       0.012|       0.026|
slv : | solve_CHT                        |       0.089|      3|       0.030|       0.036|
slv : | solve_CHT_MDS                    |       0.056|      3|       0.019|       0.023|
slv : | solve_CHT_alg_MDS                |       0.019|      3|       0.006|       0.010|
slv : | solve_DvGr_MDS                   |       0.228|      3|       0.076|       0.102|
slv : | solve_DvGr_alg_MDS               |       0.127|      3|       0.042|       0.064|
slv : | solve_INPR_MDS                   |       0.000|      1|       0.000|       0.000|
slv : | solve_PS+QJ                      |       0.000|      0|       0.000|       0.000|
slv : | solve_YLMA_MDS                   |       0.000|      3|       0.000|       0.000|
slv : | solve_YNOx_MDS                   |       0.000|      3|       0.000|       0.000|
slv : | solve_YTd_MDS                    |       0.000|      3|       0.000|       0.000|
slv : | solve_YTurb_MDS                  |       0.000|      3|       0.000|       0.000|
slv : | update_BC_MDS                    |       0.000|      4|       0.000|       0.000|
slv : | update_Mf_after_DvGr             |       0.019|      3|       0.006|       0.008|
slv : | update_VelPressure_MDS           |       0.009|      3|       0.003|       0.006|
slv : +----------------------------------+------------+-------+------------+------------+
-----------------------------------------------------------------------
Memory Working Set Current = 303.95 Mb, Memory Working Set Peak = 305.64 Mb
Memory Private Bytes Current = 332.08 Mb, Memory Private Bytes Peak = 334.62 Mb
Process Threads Number: 35
-----------------------------------------------------------------------
Algebra Pool      : mem_usage = 176.56 Mb, allocated count = 1350

================== Tstep=3 ===================
<Dynamic P> on nsd = 0 {openings (inlet / outlet)}:
  (SP = Static Pressure, EP = Environment Pressure, TP = Total Pressure, E = External)
  {#0, E, (0.000000e+00 / 5.426293e+02)}
  {#1, E, (5.427461e+02 / 0.000000e+00)}
  {#2, E, (0.000000e+00 / 5.427032e+02)}
  {#3, E, (0.000000e+00 / 5.427032e+02)}
  {#4, E, (3.980686e-03 / 5.428353e+02)}
  {#5, E, (0.000000e+00 / 5.427032e+02)}
  MWS[  0]=7.39034
tau_viscous_averaged = 9031.82 
dt(mass,momentum; nsd=  0): min dt/dtG(ncv=  16072)=1.00 , max dt/dtG(ncv=  57892)=3.9    , dtG=3.64248e-05
Flow alg-view 0 in phys-view 0 isn't Neumann (not Multi Phase treating)
Face Momentum (sd=  0): max value of div(mf) (cv=15973) = 1.704817e-06
Flow alg-view 0 is not Neumann (not for Phase Change + Nested Iters)
+----+----+--------------+--------------+--------------+--------------+--------------+------+----+-+-+--+------+
|Name|view| Initial res  | Initial resL1| Target res   | Final res    | Final res L1 |Visits|Iter|R|F|CL|Status|
| BG |   0|  3.302171e-11|  2.172803e-04|  4.942471e-13|  1.456595e-13|  2.048973e-05|     6|  18|0|n|30|  OK  |
log10(resTarget_Lim / resTarget_Orig): 2.4 
Face Momentum (sd=  0): max value of div(mf) (cv=15915) = 8.039205e-08
	norm_L2 of div(momentum) = 3.816750e-07.
Flow alg-view 0 in phys-view 0 isn't Neumann (not Multi Phase treating)
LOG: number of a-faces with weighted approximations in 0 subdomain: 2.84002 percent
LOG: Rate of a-faces corrected to CUp1st in 0 subdomain: 0.08639 %
slv : SolveBL stage
|nsd|Real WF|NormalF|Cycle F|CriticF| EdgeF |CyclBrF|ExtParF|RWFnumSt|StLvlNum|  nfw  |  alp_U_min  |  nfw  |  alp_U_max  |  nfw  |  alp_T_min  |  nfw  |  alp_T_max  |  nfw  |  BL_s_min   |  nfw  |   BL_s_max  |
|  0|    786|    617|      0|      0|    169|      0|      0|     786|      20|   3262|0            |   3707|0.999856     |   3581|0.000154854  |   3793|20162.4      |   3829|-129.576     |   3568|0            |
Face Momentum (sd=  0): max value of div(mf) (cv=15915) = 8.039205e-08
	norm_L2 of div(momentum) = 3.816750e-07.
nsd = 0 BC: AP Inlet occurs on 38 w-faces
+----+----+----+--------------+--------------+--------------+--------------+--------------+------+----+-+-+--+------+
|Name|view| n_y| Initial res  | Initial resL1| Target res   | Final res    | Final res L1 |Visits|Iter|R|F|CL|Status|
+----+----+----+--------------+--------------+--------------+--------------+--------------+------+----+-+-+--+------+
| 3M |   0|   0|  2.800518e-02|  7.229715e+00|  5.250971e-06|  8.639859e-13|  8.180434e-06|     1|   3|0|n|29|  OK  |
Velocity (predicted):
        (local) sd   0: min(  16026)=3.202839602556       , max(  16072)=41.613579305299      
Flow alg-view 0 is not Neumann (not for Phase Change + Nested Iters)
+----+----+--------------+--------------+--------------+--------------+--------------+------+----+-+-+--+------+
|Name|view| Initial res  | Initial resL1| Target res   | Final res    | Final res L1 |Visits|Iter|R|F|CL|Status|
|DVGR|   0|  2.435135e-06|  2.962864e-02|  4.190322e-12|  2.211740e-12|  4.806670e-05|     6|  18|0|n|30|  OK  |
PRESSURE SOLVER(geom_index=  0): sum_C_dp=1.90493e-07
Face Momentum (sd=  0): max value of div(mf) (cv=15983) = 4.680396e-07
	norm_L2 of div(momentum) = 1.490054e-06.
nsd = 0 min_dtHy = 3.64248e-05 (nCV =	16072 ) max_dtHy = 0.000141838 (nCV =	57892 ) 
+----+----+--------------+--------------+--------------+--------------+--------------+------+----+-+-+--+------+
|Name|view| Initial res  | Initial resL1| Target res   | Final res    | Final res L1 |Visits|Iter|R|F|CL|Status|
|CHT |   0|  2.734889e-07|  2.278300e-02|  1.709306e-11|  3.433741e-24|  2.320046e-10|     1|   9|0|n|30|  OK  |
slv : Fluid subdom(new) 0
slv : P static (new)                 : min(  16086) = 100016.75312659      , max(  16075) = 103100.91795599      
slv : Density (new)                  : min(  16086) = 1.1881819286245      , max(  16075) = 1.2252031550557      
slv : Velocity (new)                 : min(  15973) = 1.8503535814763      , max(  16072) = 40.882718028925      
slv : Mach number (new)              : min(  15973) = 0.0053878957178861   , max(  16072) = 0.11921055826        
slv : Temperature (new)              : min(  16072) = 292.81687279052      , max(  15973) = 293.64531532156      
slv : Total enthalpy, Y-shifted (new): min(  16036) = 449.95955186655      , max(  16030) = 450.03117161185      
slv : MASS FLUXES AT OPENINGS: MF=-100.32, AP=100.32
slv : DvGr statistics: min alpha=0.160382(nfa=45961, geom_slice=0)
slv : +----------------------------------+------------+-------+------------+------------+
slv : |          Collector name          | Total Time | Count |  Avg Time  |  Max Time  |
slv : +----------------------------------+------------+-------+------------+------------+
slv : | Calculate_inc                    |       1.067|      3|       0.356|       0.492|
slv : | CollectEMT_Results               |       0.000|      4|       0.000|       0.000|
slv : | HeatPathCalculator_Dynamic       |       0.021|      1|       0.021|       0.021|
slv : | LiSy_make_portrait               |       0.066|     24|       0.003|       0.006|
slv : | Results_processing               |       0.139|      3|       0.046|       0.053|
slv : | build_sl_ordering_CHT            |       0.013|      4|       0.003|       0.005|
slv : | build_sl_ordering_MDS            |       0.025|      4|       0.006|       0.011|
slv : | build_sl_ordering_fluid          |       0.025|      4|       0.006|       0.011|
slv : | calc_Convolutions_MDS            |       0.079|      4|       0.020|       0.031|
slv : | calc_wall_dist                   |       0.569|      1|       0.569|       0.569|
slv : | create_Gr_operators_MDS          |       0.043|      4|       0.011|       0.014|
slv : | create_Gr_operators_portrait_MDS |       0.026|      4|       0.007|       0.007|
slv : | init_Hy_group_MDS                |       0.049|      4|       0.012|       0.013|
slv : | perform_stage_total              |       1.585|    116|       0.014|       0.570|
slv : | precalc_at_start_MDS             |       0.506|      2|       0.253|       0.477|
slv : | solve_3M_MDS                     |       0.131|      4|       0.033|       0.046|
slv : | solve_3M_alg_MDS                 |       0.025|      4|       0.006|       0.008|
slv : | solve_BG_MDS                     |       0.170|      4|       0.042|       0.065|
slv : | solve_BG_alg_MDS                 |       0.089|      4|       0.022|       0.028|
slv : | solve_BL_MDS                     |       0.044|      4|       0.011|       0.026|
slv : | solve_CHT                        |       0.108|      4|       0.027|       0.036|
slv : | solve_CHT_MDS                    |       0.070|      4|       0.018|       0.023|
slv : | solve_CHT_alg_MDS                |       0.023|      4|       0.006|       0.010|
slv : | solve_DvGr_MDS                   |       0.282|      4|       0.070|       0.102|
slv : | solve_DvGr_alg_MDS               |       0.151|      4|       0.038|       0.064|
slv : | solve_INPR_MDS                   |       0.000|      1|       0.000|       0.000|
slv : | solve_PS+QJ                      |       0.000|      0|       0.000|       0.000|
slv : | solve_YLMA_MDS                   |       0.000|      4|       0.000|       0.000|
slv : | solve_YNOx_MDS                   |       0.000|      4|       0.000|       0.000|
slv : | solve_YTd_MDS                    |       0.000|      4|       0.000|       0.000|
slv : | solve_YTurb_MDS                  |       0.000|      4|       0.000|       0.000|
slv : | update_BC_MDS                    |       0.000|      5|       0.000|       0.000|
slv : | update_Mf_after_DvGr             |       0.025|      4|       0.006|       0.008|
slv : | update_VelPressure_MDS           |       0.012|      4|       0.003|       0.006|
slv : +----------------------------------+------------+-------+------------+------------+
-----------------------------------------------------------------------
Memory Working Set Current = 304.54 Mb, Memory Working Set Peak = 306.41 Mb
Memory Private Bytes Current = 332.10 Mb, Memory Private Bytes Peak = 334.69 Mb
Process Threads Number: 35
-----------------------------------------------------------------------
Algebra Pool      : mem_usage = 176.56 Mb, allocated count = 1346

================== Tstep=4 ===================
<Dynamic P> on nsd = 0 {openings (inlet / outlet)}:
  (SP = Static Pressure, EP = Environment Pressure, TP = Total Pressure, E = External)
  {#0, E, (0.000000e+00 / 5.426326e+02)}
  {#1, E, (5.427459e+02 / 0.000000e+00)}
  {#2, E, (0.000000e+00 / 5.427032e+02)}
  {#3, E, (0.000000e+00 / 5.427032e+02)}
  {#4, E, (4.745415e-03 / 5.428364e+02)}
  {#5, E, (1.269679e-16 / 5.427032e+02)}
  MWS[  0]=6.77699
tau_viscous_averaged = 9031.82 
dt(mass,momentum; nsd=  0): min dt/dtG(ncv=  16072)=1.00 , max dt/dtG(ncv=  57892)=4.0    , dtG=3.6259e-05
Flow alg-view 0 in phys-view 0 isn't Neumann (not Multi Phase treating)
Face Momentum (sd=  0): max value of div(mf) (cv=15983) = 4.680396e-07
Flow alg-view 0 is not Neumann (not for Phase Change + Nested Iters)
+----+----+--------------+--------------+--------------+--------------+--------------+------+----+-+-+--+------+
|Name|view| Initial res  | Initial resL1| Target res   | Final res    | Final res L1 |Visits|Iter|R|F|CL|Status|
| BG |   0|  2.220260e-12|  4.833266e-05|  4.190322e-14|  4.018589e-14|  8.669629e-06|     5|  15|0|n|30|  OK  |
log10(resTarget_Lim / resTarget_Orig): 2.5 
Face Momentum (sd=  0): max value of div(mf) (cv=16020) = 5.601764e-08
	norm_L2 of div(momentum) = 2.004704e-07.
Flow alg-view 0 in phys-view 0 isn't Neumann (not Multi Phase treating)
LOG: number of a-faces with weighted approximations in 0 subdomain: 2.87517 percent
LOG: Rate of a-faces corrected to CUp1st in 0 subdomain: 0.0986167 %
slv : SolveBL stage
|nsd|Real WF|NormalF|Cycle F|CriticF| EdgeF |CyclBrF|ExtParF|RWFnumSt|StLvlNum|  nfw  |  alp_U_min  |  nfw  |  alp_U_max  |  nfw  |  alp_T_min  |  nfw  |  alp_T_max  |  nfw  |  BL_s_min   |  nfw  |   BL_s_max  |
|  0|    786|    619|      0|      0|    167|      0|      0|     786|      20|   3262|0            |   3853|1.84539      |   3885|0.000154897  |   3705|7460.4       |   3847|-128.08      |   3568|0            |
Face Momentum (sd=  0): max value of div(mf) (cv=16020) = 5.601764e-08
	norm_L2 of div(momentum) = 2.004704e-07.
nsd = 0 BC: AP Inlet occurs on 78 w-faces
+----+----+----+--------------+--------------+--------------+--------------+--------------+------+----+-+-+--+------+
|Name|view| n_y| Initial res  | Initial resL1| Target res   | Final res    | Final res L1 |Visits|Iter|R|F|CL|Status|
+----+----+----+--------------+--------------+--------------+--------------+--------------+------+----+-+-+--+------+
| 3M |   0|   0|  1.566799e-02|  6.323520e+00|  2.937748e-06|  3.286649e-13|  5.573116e-06|     1|   3|0|n|29|  OK  |
Velocity (predicted):
        (local) sd   0: min(  16026)=3.3238937359795      , max(  16072)=41.549720876267      
Flow alg-view 0 is not Neumann (not for Phase Change + Nested Iters)
+----+----+--------------+--------------+--------------+--------------+--------------+------+----+-+-+--+------+
|Name|view| Initial res  | Initial resL1| Target res   | Final res    | Final res L1 |Visits|Iter|R|F|CL|Status|
|DVGR|   0|  1.511117e-06|  2.218375e-02|  4.848018e-12|  2.329628e-12|  6.238679e-05|     5|  15|0|n|30|  OK  |
PRESSURE SOLVER(geom_index=  0): sum_C_dp=-6.03557e-09
Face Momentum (sd=  0): max value of div(mf) (cv=15983) = 2.933283e-07
	norm_L2 of div(momentum) = 1.528802e-06.
nsd = 0 min_dtHy = 3.6259e-05 (nCV =	16072 ) max_dtHy = 0.00014494 (nCV =	57892 ) 
+----+----+--------------+--------------+--------------+--------------+--------------+------+----+-+-+--+------+
|Name|view| Initial res  | Initial resL1| Target res   | Final res    | Final res L1 |Visits|Iter|R|F|CL|Status|
|CHT |   0|  2.040455e-07|  1.927193e-02|  1.275284e-11|  3.272651e-24|  2.256517e-10|     1|   9|0|n|30|  OK  |
slv : Fluid subdom(new) 0
slv : P static (new)                 : min(  16073) = 100028.86818978      , max(  16075) = 102838.60309843      
slv : Density (new)                  : min(  16073) = 1.1882704657952      , max(  16075) = 1.2220364846147      
slv : Velocity (new)                 : min(  15973) = 1.0804658722356      , max(  16072) = 41.135354050517      
slv : Mach number (new)              : min(  15973) = 0.0031461156734146   , max(  16072) = 0.11994932140216     
slv : Temperature (new)              : min(  16072) = 292.80658065188      , max(  15973) = 293.64643477237      
slv : Total enthalpy, Y-shifted (new): min(  16036) = 449.95283686045      , max(  16030) = 450.03048230327      
slv : MASS FLUXES AT OPENINGS: MF=-100.32, AP=100.32
slv : DvGr statistics: min alpha=0.158614(nfa=50638, geom_slice=0)
slv : +----------------------------------+------------+-------+------------+------------+
slv : |          Collector name          | Total Time | Count |  Avg Time  |  Max Time  |
slv : +----------------------------------+------------+-------+------------+------------+
slv : | Calculate_inc                    |       1.331|      4|       0.333|       0.492|
slv : | CollectEMT_Results               |       0.000|      5|       0.000|       0.000|
slv : | HeatPathCalculator_Dynamic       |       0.021|      1|       0.021|       0.021|
slv : | LiSy_make_portrait               |       0.073|     27|       0.003|       0.006|
slv : | Results_processing               |       0.194|      4|       0.048|       0.055|
slv : | build_sl_ordering_CHT            |       0.013|      5|       0.003|       0.005|
slv : | build_sl_ordering_MDS            |       0.025|      5|       0.005|       0.011|
slv : | build_sl_ordering_fluid          |       0.025|      5|       0.005|       0.011|
slv : | calc_Convolutions_MDS            |       0.095|      5|       0.019|       0.031|
slv : | calc_wall_dist                   |       0.569|      1|       0.569|       0.569|
slv : | create_Gr_operators_MDS          |       0.054|      5|       0.011|       0.014|
slv : | create_Gr_operators_portrait_MDS |       0.036|      5|       0.007|       0.010|
slv : | init_Hy_group_MDS                |       0.060|      5|       0.012|       0.013|
slv : | perform_stage_total              |       1.798|    143|       0.013|       0.570|
slv : | precalc_at_start_MDS             |       0.506|      2|       0.253|       0.477|
slv : | solve_3M_MDS                     |       0.159|      5|       0.032|       0.046|
slv : | solve_3M_alg_MDS                 |       0.030|      5|       0.006|       0.008|
slv : | solve_BG_MDS                     |       0.209|      5|       0.042|       0.065|
slv : | solve_BG_alg_MDS                 |       0.114|      5|       0.023|       0.028|
slv : | solve_BL_MDS                     |       0.050|      5|       0.010|       0.026|
slv : | solve_CHT                        |       0.128|      5|       0.026|       0.036|
slv : | solve_CHT_MDS                    |       0.085|      5|       0.017|       0.023|
slv : | solve_CHT_alg_MDS                |       0.028|      5|       0.006|       0.010|
slv : | solve_DvGr_MDS                   |       0.345|      5|       0.069|       0.102|
slv : | solve_DvGr_alg_MDS               |       0.184|      5|       0.037|       0.064|
slv : | solve_INPR_MDS                   |       0.000|      1|       0.000|       0.000|
slv : | solve_PS+QJ                      |       0.000|      0|       0.000|       0.000|
slv : | solve_YLMA_MDS                   |       0.000|      5|       0.000|       0.000|
slv : | solve_YNOx_MDS                   |       0.000|      5|       0.000|       0.000|
slv : | solve_YTd_MDS                    |       0.000|      5|       0.000|       0.000|
slv : | solve_YTurb_MDS                  |       0.000|      5|       0.000|       0.000|
slv : | update_BC_MDS                    |       0.000|      6|       0.000|       0.000|
slv : | update_Mf_after_DvGr             |       0.034|      5|       0.007|       0.009|
slv : | update_VelPressure_MDS           |       0.014|      5|       0.003|       0.006|
slv : +----------------------------------+------------+-------+------------+------------+
Interpolator cache: total calls 2378, optimised calls 885 (37.2 %)
-----------------------------------------------------------------------
Memory Working Set Current = 305.10 Mb, Memory Working Set Peak = 306.59 Mb
Memory Private Bytes Current = 332.85 Mb, Memory Private Bytes Peak = 334.85 Mb
Process Threads Number: 35
-----------------------------------------------------------------------
Iteration : time = 1.92187 , count = 5 , time/count = 0.384374
Calculate_inc() : time = 1.60964 , count = 5 , time/count = 0.321927
TreatFlowEvolution() : time = 0.24978 , count = 5 , time/count = 0.049956
SolverPreview : time = 0 , count = 6 , time/count = 0
TreatGoals : time = 0.24978 , count = 5 , time/count = 0.049956
PrepareForCalculation : time = 2.29687 , count = 1 , time/count = 2.29687
Algebra Pool      : mem_usage = 176.56 Mb, allocated count = 1330

================== Tstep=5 ===================
<Dynamic P> on nsd = 0 {openings (inlet / outlet)}:
  (SP = Static Pressure, EP = Environment Pressure, TP = Total Pressure, E = External)
  {#0, E, (0.000000e+00 / 5.426355e+02)}
  {#1, E, (5.427472e+02 / 0.000000e+00)}
  {#2, E, (0.000000e+00 / 5.427032e+02)}
  {#3, E, (0.000000e+00 / 5.427032e+02)}
  {#4, E, (5.366451e-03 / 5.428367e+02)}
  {#5, E, (1.727008e-15 / 5.427032e+02)}
  MWS[  0]=4.47225
tau_viscous_averaged = 9031.82 
dt(mass,momentum; nsd=  0): min dt/dtG(ncv=  16072)=1.00 , max dt/dtG(ncv=  57892)=4.0    , dtG=5.93206e-05
Flow alg-view 0 in phys-view 0 isn't Neumann (not Multi Phase treating)
Face Momentum (sd=  0): max value of div(mf) (cv=15983) = 2.933283e-07
Flow alg-view 0 is not Neumann (not for Phase Change + Nested Iters)
+----+----+--------------+--------------+--------------+--------------+--------------+------+----+-+-+--+------+
|Name|view| Initial res  | Initial resL1| Target res   | Final res    | Final res L1 |Visits|Iter|R|F|CL|Status|
| BG |   0|  2.372607e-12|  6.278084e-05|  4.848018e-14|  1.918904e-14|  8.008313e-06|     5|  15|0|n|30|  OK  |
log10(resTarget_Lim / resTarget_Orig): 2.5 
Face Momentum (sd=  0): max value of div(mf) (cv=15915) = 3.371231e-08
	norm_L2 of div(momentum) = 1.385250e-07.
Flow alg-view 0 in phys-view 0 isn't Neumann (not Multi Phase treating)
LOG: number of a-faces with weighted approximations in 0 subdomain: 2.86027 percent
LOG: Rate of a-faces corrected to CUp1st in 0 subdomain: 0.0839463 %
slv : SolveBL stage
|nsd|Real WF|NormalF|Cycle F|CriticF| EdgeF |CyclBrF|ExtParF|RWFnumSt|StLvlNum|  nfw  |  alp_U_min  |  nfw  |  alp_U_max  |  nfw  |  alp_T_min  |  nfw  |  alp_T_max  |  nfw  |  BL_s_min   |  nfw  |   BL_s_max  |
|  0|    786|    620|      0|      0|    166|      0|      0|     786|      20|   3262|0            |   3835|0.955336     |   3885|0.0001549    |   3789|4010.57      |   3829|-127.882     |   3568|0            |
Face Momentum (sd=  0): max value of div(mf) (cv=15915) = 3.371231e-08
	norm_L2 of div(momentum) = 1.385250e-07.
nsd = 0 BC: AP Inlet occurs on 75 w-faces
+----+----+----+--------------+--------------+--------------+--------------+--------------+------+----+-+-+--+------+
|Name|view| n_y| Initial res  | Initial resL1| Target res   | Final res    | Final res L1 |Visits|Iter|R|F|CL|Status|
+----+----+----+--------------+--------------+--------------+--------------+--------------+------+----+-+-+--+------+
| 3M |   0|   0|  1.219161e-02|  5.940938e+00|  2.285928e-06|  3.738674e-12|  2.201455e-05|     1|   3|0|n|29|  OK  |
Velocity (predicted):
        (local) sd   0: min(  16025)=1.9900505267185      , max(  16072)=41.523204282864      
Flow alg-view 0 is not Neumann (not for Phase Change + Nested Iters)
+----+----+--------------+--------------+--------------+--------------+--------------+------+----+-+-+--+------+
|Name|view| Initial res  | Initial resL1| Target res   | Final res    | Final res L1 |Visits|Iter|R|F|CL|Status|
|DVGR|   0|  1.679229e-06|  2.611427e-02|  1.407377e-11|  3.483216e-12|  7.705262e-05|     5|  15|0|n|30|  OK  |
PRESSURE SOLVER(geom_index=  0): sum_C_dp=2.8872e-08
Face Momentum (sd=  0): max value of div(mf) (cv=16020) = 4.418733e-07
	norm_L2 of div(momentum) = 1.867396e-06.
nsd = 0 min_dtHy = 5.93206e-05 (nCV =	16072 ) max_dtHy = 0.000236878 (nCV =	57892 ) 
+----+----+--------------+--------------+--------------+--------------+--------------+------+----+-+-+--+------+
|Name|view| Initial res  | Initial resL1| Target res   | Final res    | Final res L1 |Visits|Iter|R|F|CL|Status|
|CHT |   0|  1.759329e-07|  1.722027e-02|  1.099581e-11|  1.762478e-24|  1.659857e-10|     1|   9|0|n|30|  OK  |
slv : Fluid subdom(new) 0
slv : P static (new)                 : min(  16073) = 100101.0228009       , max(  16075) = 102787.95822992      
slv : Density (new)                  : min(  16073) = 1.1890350925591      , max(  16075) = 1.2213936885147      
slv : Velocity (new)                 : min(  15973) = 0.79712590184866     , max(  16072) = 41.423773483047      
slv : Mach number (new)              : min(  15973) = 0.0023210813441662   , max(  16072) = 0.12079277071289     
slv : Temperature (new)              : min(  16072) = 292.79475284238      , max(  15973) = 293.64669703128      
slv : Total enthalpy, Y-shifted (new): min(  16073) = 449.94183855905      , max(  16072) = 450.02983792353      
slv : MASS FLUXES AT OPENINGS: MF=-100.32, AP=100.32
slv : DvGr statistics: min alpha=0.155744(nfa=45698, geom_slice=0)
slv : +----------------------------------+------------+-------+------------+------------+
slv : |          Collector name          | Total Time | Count |  Avg Time  |  Max Time  |
slv : +----------------------------------+------------+-------+------------+------------+
slv : | Calculate_inc                    |       1.624|      5|       0.325|       0.492|
slv : | CollectEMT_Results               |       0.000|      6|       0.000|       0.000|
slv : | HeatPathCalculator_Dynamic       |       0.021|      1|       0.021|       0.021|
slv : | LiSy_make_portrait               |       0.081|     30|       0.003|       0.006|
slv : | Results_processing               |       0.249|      5|       0.050|       0.055|
slv : | build_sl_ordering_CHT            |       0.013|      6|       0.002|       0.005|
slv : | build_sl_ordering_MDS            |       0.026|      6|       0.004|       0.011|
slv : | build_sl_ordering_fluid          |       0.025|      6|       0.004|       0.011|
slv : | calc_Convolutions_MDS            |       0.110|      6|       0.018|       0.031|
slv : | calc_wall_dist                   |       0.569|      1|       0.569|       0.569|
slv : | create_Gr_operators_MDS          |       0.063|      6|       0.010|       0.014|
slv : | create_Gr_operators_portrait_MDS |       0.043|      6|       0.007|       0.010|
slv : | init_Hy_group_MDS                |       0.072|      6|       0.012|       0.013|
slv : | perform_stage_total              |       1.988|    170|       0.012|       0.570|
slv : | precalc_at_start_MDS             |       0.506|      2|       0.253|       0.477|
slv : | solve_3M_MDS                     |       0.186|      6|       0.031|       0.046|
slv : | solve_3M_alg_MDS                 |       0.035|      6|       0.006|       0.008|
slv : | solve_BG_MDS                     |       0.241|      6|       0.040|       0.065|
slv : | solve_BG_alg_MDS                 |       0.131|      6|       0.022|       0.028|
slv : | solve_BL_MDS                     |       0.056|      6|       0.009|       0.026|
slv : | solve_CHT                        |       0.151|      6|       0.025|       0.036|
slv : | solve_CHT_MDS                    |       0.102|      6|       0.017|       0.023|
slv : | solve_CHT_alg_MDS                |       0.034|      6|       0.006|       0.010|
slv : | solve_DvGr_MDS                   |       0.398|      6|       0.066|       0.102|
slv : | solve_DvGr_alg_MDS               |       0.206|      6|       0.034|       0.064|
slv : | solve_INPR_MDS                   |       0.000|      1|       0.000|       0.000|
slv : | solve_PS+QJ                      |       0.000|      0|       0.000|       0.000|
slv : | solve_YLMA_MDS                   |       0.000|      6|       0.000|       0.000|
slv : | solve_YNOx_MDS                   |       0.000|      6|       0.000|       0.000|
slv : | solve_YTd_MDS                    |       0.000|      6|       0.000|       0.000|
slv : | solve_YTurb_MDS                  |       0.000|      6|       0.000|       0.000|
slv : | update_BC_MDS                    |       0.000|      7|       0.000|       0.000|
slv : | update_Mf_after_DvGr             |       0.040|      6|       0.007|       0.009|
slv : | update_VelPressure_MDS           |       0.016|      6|       0.003|       0.006|
slv : +----------------------------------+------------+-------+------------+------------+
-----------------------------------------------------------------------
Memory Working Set Current = 304.76 Mb, Memory Working Set Peak = 306.59 Mb
Memory Private Bytes Current = 332.88 Mb, Memory Private Bytes Peak = 334.85 Mb
Process Threads Number: 35
-----------------------------------------------------------------------
Algebra Pool      : mem_usage = 176.56 Mb, allocated count = 1355

================== Tstep=6 ===================
<Dynamic P> on nsd = 0 {openings (inlet / outlet)}:
  (SP = Static Pressure, EP = Environment Pressure, TP = Total Pressure, E = External)
  {#0, E, (0.000000e+00 / 5.426413e+02)}
  {#1, E, (5.427475e+02 / 0.000000e+00)}
  {#2, E, (0.000000e+00 / 5.427032e+02)}
  {#3, E, (0.000000e+00 / 5.427032e+02)}
  {#4, E, (6.343970e-03 / 5.428346e+02)}
  {#5, E, (0.000000e+00 / 5.427032e+02)}
  MWS[  0]=2.17587
tau_viscous_averaged = 9031.82 
dt(mass,momentum; nsd=  0): min dt/dtG(ncv=  16072)=1.00 , max dt/dtG(ncv=  16025)=4.8    , dtG=6.51503e-05
Flow alg-view 0 in phys-view 0 isn't Neumann (not Multi Phase treating)
Face Momentum (sd=  0): max value of div(mf) (cv=14489) = 5.205821e-07
Flow alg-view 0 is not Neumann (not for Phase Change + Nested Iters)
+----+----+--------------+--------------+--------------+--------------+--------------+------+----+-+-+--+------+
|Name|view| Initial res  | Initial resL1| Target res   | Final res    | Final res L1 |Visits|Iter|R|F|CL|Status|
| BG |   0|  3.959956e-12|  7.822575e-05|  1.407377e-13|  4.207912e-14|  1.132881e-05|     5|  15|0|n|30|  OK  |
log10(resTarget_Lim / resTarget_Orig): 2.8 
Face Momentum (sd=  0): max value of div(mf) (cv=15915) = 5.885993e-08
	norm_L2 of div(momentum) = 2.051329e-07.
Flow alg-view 0 in phys-view 0 isn't Neumann (not Multi Phase treating)
LOG: number of a-faces with weighted approximations in 0 subdomain: 2.86325 percent
LOG: Rate of a-faces corrected to CUp1st in 0 subdomain: 0.0866936 %
slv : SolveBL stage
|nsd|Real WF|NormalF|Cycle F|CriticF| EdgeF |CyclBrF|ExtParF|RWFnumSt|StLvlNum|  nfw  |  alp_U_min  |  nfw  |  alp_U_max  |  nfw  |  alp_T_min  |  nfw  |  alp_T_max  |  nfw  |  BL_s_min   |  nfw  |   BL_s_max  |
|  0|    786|    619|      0|      0|    167|      0|      0|     786|      20|   3262|0            |   3713|0.553397     |   3885|0.000154901  |   3704|2815.05      |   3841|-129.147     |   3568|0            |
Face Momentum (sd=  0): max value of div(mf) (cv=15915) = 5.885993e-08
	norm_L2 of div(momentum) = 2.051329e-07.
nsd = 0 BC: AP Inlet occurs on 44 w-faces
+----+----+----+--------------+--------------+--------------+--------------+--------------+------+----+-+-+--+------+
|Name|view| n_y| Initial res  | Initial resL1| Target res   | Final res    | Final res L1 |Visits|Iter|R|F|CL|Status|
+----+----+----+--------------+--------------+--------------+--------------+--------------+------+----+-+-+--+------+
| 3M |   0|   0|  8.365664e-03|  5.293793e+00|  1.568562e-06|  3.232749e-12|  2.279474e-05|     1|   3|0|n|29|  OK  |
Velocity (predicted):
        (local) sd   0: min(  16036)=1.9385042386667      , max(  16072)=41.578877500438      
Flow alg-view 0 is not Neumann (not for Phase Change + Nested Iters)
+----+----+--------------+--------------+--------------+--------------+--------------+------+----+-+-+--+------+
|Name|view| Initial res  | Initial resL1| Target res   | Final res    | Final res L1 |Visits|Iter|R|F|CL|Status|
|DVGR|   0|  1.373504e-06|  2.516675e-02|  1.874254e-11|  1.437012e-11|  9.086349e-05|     5|  15|0|n|30|  OK  |
PRESSURE SOLVER(geom_index=  0): sum_C_dp=-4.18586e-10
Face Momentum (sd=  0): max value of div(mf) (cv=16020) = 1.376109e-06
	norm_L2 of div(momentum) = 3.791062e-06.
nsd = 0 min_dtHy = 6.51503e-05 (nCV =	16072 ) max_dtHy = 0.000309566 (nCV =	16025 ) 
+----+----+--------------+--------------+--------------+--------------+--------------+------+----+-+-+--+------+
|Name|view| Initial res  | Initial resL1| Target res   | Final res    | Final res L1 |Visits|Iter|R|F|CL|Status|
|CHT |   0|  1.512990e-07|  1.449999e-02|  9.456188e-12|  1.508489e-24|  1.546868e-10|     1|   9|0|n|30|  OK  |
slv : Fluid subdom(new) 0
slv : P static (new)                 : min(  16073) = 100183.94452877      , max(  16075) = 102787.31345429      
slv : Density (new)                  : min(  16073) = 1.1899174139229      , max(  16075) = 1.2213619099599      
slv : Velocity (new)                 : min(  16036) = 1.4176172322142      , max(  16072) = 41.866814785913      
slv : Mach number (new)              : min(  16036) = 0.0041278410193425   , max(  16072) = 0.12208849313552     
slv : Temperature (new)              : min(  16072) = 292.77642426887      , max(  16036) = 293.64596445722      
slv : Total enthalpy, Y-shifted (new): min(  16073) = 449.92036491427      , max(  16072) = 450.03046126558      
slv : MASS FLUXES AT OPENINGS: MF=-100.32, AP=100.32
slv : DvGr statistics: min alpha=0.145038(nfa=50691, geom_slice=0)
slv : +----------------------------------+------------+-------+------------+------------+
slv : |          Collector name          | Total Time | Count |  Avg Time  |  Max Time  |
slv : +----------------------------------+------------+-------+------------+------------+
slv : | Calculate_inc                    |       1.894|      6|       0.316|       0.492|
slv : | CollectEMT_Results               |       0.000|      7|       0.000|       0.000|
slv : | HeatPathCalculator_Dynamic       |       0.021|      1|       0.021|       0.021|
slv : | LiSy_make_portrait               |       0.090|     33|       0.003|       0.006|
slv : | Results_processing               |       0.311|      6|       0.052|       0.062|
slv : | build_sl_ordering_CHT            |       0.013|      7|       0.002|       0.005|
slv : | build_sl_ordering_MDS            |       0.026|      7|       0.004|       0.011|
slv : | build_sl_ordering_fluid          |       0.026|      7|       0.004|       0.011|
slv : | calc_Convolutions_MDS            |       0.129|      7|       0.018|       0.031|
slv : | calc_wall_dist                   |       0.569|      1|       0.569|       0.569|
slv : | create_Gr_operators_MDS          |       0.072|      7|       0.010|       0.014|
slv : | create_Gr_operators_portrait_MDS |       0.049|      7|       0.007|       0.010|
slv : | init_Hy_group_MDS                |       0.084|      7|       0.012|       0.013|
slv : | perform_stage_total              |       2.187|    197|       0.011|       0.570|
slv : | precalc_at_start_MDS             |       0.506|      2|       0.253|       0.477|
slv : | solve_3M_MDS                     |       0.213|      7|       0.030|       0.046|
slv : | solve_3M_alg_MDS                 |       0.040|      7|       0.006|       0.008|
slv : | solve_BG_MDS                     |       0.275|      7|       0.039|       0.065|
slv : | solve_BG_alg_MDS                 |       0.148|      7|       0.021|       0.028|
slv : | solve_BL_MDS                     |       0.063|      7|       0.009|       0.026|
slv : | solve_CHT                        |       0.175|      7|       0.025|       0.036|
slv : | solve_CHT_MDS                    |       0.121|      7|       0.017|       0.023|
slv : | solve_CHT_alg_MDS                |       0.039|      7|       0.006|       0.010|
slv : | solve_DvGr_MDS                   |       0.457|      7|       0.065|       0.102|
slv : | solve_DvGr_alg_MDS               |       0.234|      7|       0.033|       0.064|
slv : | solve_INPR_MDS                   |       0.000|      1|       0.000|       0.000|
slv : | solve_PS+QJ                      |       0.000|      0|       0.000|       0.000|
slv : | solve_YLMA_MDS                   |       0.000|      7|       0.000|       0.000|
slv : | solve_YNOx_MDS                   |       0.000|      7|       0.000|       0.000|
slv : | solve_YTd_MDS                    |       0.000|      7|       0.000|       0.000|
slv : | solve_YTurb_MDS                  |       0.000|      7|       0.000|       0.000|
slv : | update_BC_MDS                    |       0.000|      8|       0.000|       0.000|
slv : | update_Mf_after_DvGr             |       0.045|      7|       0.006|       0.009|
slv : | update_VelPressure_MDS           |       0.017|      7|       0.002|       0.006|
slv : +----------------------------------+------------+-------+------------+------------+
-----------------------------------------------------------------------
Memory Working Set Current = 304.85 Mb, Memory Working Set Peak = 306.66 Mb
Memory Private Bytes Current = 332.69 Mb, Memory Private Bytes Peak = 334.85 Mb
Process Threads Number: 35
-----------------------------------------------------------------------
Algebra Pool      : mem_usage = 176.56 Mb, allocated count = 1342

================== Tstep=7 ===================
<Dynamic P> on nsd = 0 {openings (inlet / outlet)}:
  (SP = Static Pressure, EP = Environment Pressure, TP = Total Pressure, E = External)
  {#0, E, (0.000000e+00 / 5.426480e+02)}
  {#1, E, (5.427480e+02 / 0.000000e+00)}
  {#2, E, (6.436137e-16 / 5.427032e+02)}
  {#3, E, (8.207188e-16 / 5.427032e+02)}
  {#4, E, (1.500018e-03 / 5.428430e+02)}
  {#5, E, (2.195218e-17 / 5.427032e+02)}
  MWS[  0]=1.57931
tau_viscous_averaged = 9031.82 
dt(mass,momentum; nsd=  0): min dt/dtG(ncv=  16072)=1.00 , max dt/dtG(ncv=  16025)=5.4    , dtG=6.67398e-05
Flow alg-view 0 in phys-view 0 isn't Neumann (not Multi Phase treating)
Face Momentum (sd=  0): max value of div(mf) (cv=18022) = 3.201183e-06
Flow alg-view 0 is not Neumann (not for Phase Change + Nested Iters)
+----+----+--------------+--------------+--------------+--------------+--------------+------+----+-+-+--+------+
|Name|view| Initial res  | Initial resL1| Target res   | Final res    | Final res L1 |Visits|Iter|R|F|CL|Status|
| BG |   0|  3.495811e-11|  1.031019e-04|  1.874254e-13|  1.068985e-13|  1.377738e-05|     6|  18|0|n|30|  OK  |
log10(resTarget_Lim / resTarget_Orig): 1.9 
Face Momentum (sd=  0): max value of div(mf) (cv=15915) = 9.591359e-08
	norm_L2 of div(momentum) = 3.269559e-07.
Flow alg-view 0 in phys-view 0 isn't Neumann (not Multi Phase treating)
LOG: number of a-faces with weighted approximations in 0 subdomain: 3.27901 percent
LOG: Rate of a-faces corrected to CUp1st in 0 subdomain: 0.084838 %
slv : SolveBL stage
|nsd|Real WF|NormalF|Cycle F|CriticF| EdgeF |CyclBrF|ExtParF|RWFnumSt|StLvlNum|  nfw  |  alp_U_min  |  nfw  |  alp_U_max  |  nfw  |  alp_T_min  |  nfw  |  alp_T_max  |  nfw  |  BL_s_min   |  nfw  |   BL_s_max  |
|  0|    786|    618|      0|      0|    168|      0|      0|     786|      20|   3262|0            |   3789|1.67906      |   3885|0.000154901  |   3771|8237.44      |   3841|-130.644     |   3568|0            |
Face Momentum (sd=  0): max value of div(mf) (cv=15915) = 9.591359e-08
	norm_L2 of div(momentum) = 3.269559e-07.
nsd = 0 BC: AP Inlet occurs on 112 w-faces
+----+----+----+--------------+--------------+--------------+--------------+--------------+------+----+-+-+--+------+
|Name|view| n_y| Initial res  | Initial resL1| Target res   | Final res    | Final res L1 |Visits|Iter|R|F|CL|Status|
+----+----+----+--------------+--------------+--------------+--------------+--------------+------+----+-+-+--+------+
| 3M |   0|   0|  6.410265e-03|  4.793017e+00|  1.201925e-06|  3.645337e-12|  2.377457e-05|     1|   3|0|n|29|  OK  |
Velocity (predicted):
        (local) sd   0: min(  15983)=1.1925484334387      , max(  16072)=42.007666606608      
Flow alg-view 0 is not Neumann (not for Phase Change + Nested Iters)
+----+----+--------------+--------------+--------------+--------------+--------------+------+----+-+-+--+------+
|Name|view| Initial res  | Initial resL1| Target res   | Final res    | Final res L1 |Visits|Iter|R|F|CL|Status|
|DVGR|   0|  1.610818e-06|  2.571869e-02|  2.102083e-11|  1.568744e-11|  1.456684e-04|     4|  12|0|n|30|  OK  |
PRESSURE SOLVER(geom_index=  0): sum_C_dp=1.26365e-08
Face Momentum (sd=  0): max value of div(mf) (cv=15973) = 8.784222e-07
	norm_L2 of div(momentum) = 3.961320e-06.
nsd = 0 min_dtHy = 6.67398e-05 (nCV =	16072 ) max_dtHy = 0.000363503 (nCV =	16025 ) 
+----+----+--------------+--------------+--------------+--------------+--------------+------+----+-+-+--+------+
|Name|view| Initial res  | Initial resL1| Target res   | Final res    | Final res L1 |Visits|Iter|R|F|CL|Status|
|CHT |   0|  1.415845e-07|  1.246864e-02|  8.849029e-12|  1.451447e-24|  1.526400e-10|     1|   9|0|n|30|  OK  |
slv : Fluid subdom(new) 0
slv : P static (new)                 : min(  17634) = 100681.84901712      , max(  16075) = 102817.01013579      
slv : Density (new)                  : min(  16004) = 1.1958285983596      , max(  16075) = 1.2216486158898      
slv : Velocity (new)                 : min(  16036) = 1.3417740318822      , max(  16072) = 42.30951701002       
slv : Mach number (new)              : min(  16036) = 0.0039069989214799   , max(  16072) = 0.12338334543637     
slv : Temperature (new)              : min(  16072) = 292.75791516636      , max(  16036) = 293.64605930805      
slv : Total enthalpy, Y-shifted (new): min(  16073) = 449.8965329396       , max(  16032) = 450.03484315718      
slv : MASS FLUXES AT OPENINGS: MF=-100.32, AP=100.32
slv : DvGr statistics: min alpha=0.144498(nfa=45695, geom_slice=0)
slv : +----------------------------------+------------+-------+------------+------------+
slv : |          Collector name          | Total Time | Count |  Avg Time  |  Max Time  |
slv : +----------------------------------+------------+-------+------------+------------+
slv : | Calculate_inc                    |       2.177|      7|       0.311|       0.492|
slv : | CollectEMT_Results               |       0.000|      8|       0.000|       0.000|
slv : | HeatPathCalculator_Dynamic       |       0.021|      1|       0.021|       0.021|
slv : | LiSy_make_portrait               |       0.097|     36|       0.003|       0.006|
slv : | Results_processing               |       0.355|      7|       0.051|       0.062|
slv : | build_sl_ordering_CHT            |       0.013|      8|       0.002|       0.005|
slv : | build_sl_ordering_MDS            |       0.027|      8|       0.003|       0.011|
slv : | build_sl_ordering_fluid          |       0.026|      8|       0.003|       0.011|
slv : | calc_Convolutions_MDS            |       0.145|      8|       0.018|       0.031|
slv : | calc_wall_dist                   |       0.569|      1|       0.569|       0.569|
slv : | create_Gr_operators_MDS          |       0.082|      8|       0.010|       0.014|
slv : | create_Gr_operators_portrait_MDS |       0.055|      8|       0.007|       0.010|
slv : | init_Hy_group_MDS                |       0.097|      8|       0.012|       0.013|
slv : | perform_stage_total              |       2.368|    224|       0.011|       0.570|
slv : | precalc_at_start_MDS             |       0.506|      2|       0.253|       0.477|
slv : | solve_3M_MDS                     |       0.240|      8|       0.030|       0.046|
slv : | solve_3M_alg_MDS                 |       0.045|      8|       0.006|       0.008|
slv : | solve_BG_MDS                     |       0.308|      8|       0.039|       0.065|
slv : | solve_BG_alg_MDS                 |       0.165|      8|       0.021|       0.028|
slv : | solve_BL_MDS                     |       0.069|      8|       0.009|       0.026|
slv : | solve_CHT                        |       0.198|      8|       0.025|       0.036|
slv : | solve_CHT_MDS                    |       0.138|      8|       0.017|       0.023|
slv : | solve_CHT_alg_MDS                |       0.044|      8|       0.006|       0.010|
slv : | solve_DvGr_MDS                   |       0.506|      8|       0.063|       0.102|
slv : | solve_DvGr_alg_MDS               |       0.251|      8|       0.031|       0.064|
slv : | solve_INPR_MDS                   |       0.000|      1|       0.000|       0.000|
slv : | solve_PS+QJ                      |       0.000|      0|       0.000|       0.000|
slv : | solve_YLMA_MDS                   |       0.000|      8|       0.000|       0.000|
slv : | solve_YNOx_MDS                   |       0.000|      8|       0.000|       0.000|
slv : | solve_YTd_MDS                    |       0.000|      8|       0.000|       0.000|
slv : | solve_YTurb_MDS                  |       0.000|      8|       0.000|       0.000|
slv : | update_BC_MDS                    |       0.000|      9|       0.000|       0.000|
slv : | update_Mf_after_DvGr             |       0.052|      8|       0.006|       0.009|
slv : | update_VelPressure_MDS           |       0.019|      8|       0.002|       0.006|
slv : +----------------------------------+------------+-------+------------+------------+
-----------------------------------------------------------------------
Memory Working Set Current = 305.11 Mb, Memory Working Set Peak = 306.86 Mb
Memory Private Bytes Current = 332.61 Mb, Memory Private Bytes Peak = 334.85 Mb
Process Threads Number: 35
-----------------------------------------------------------------------
Algebra Pool      : mem_usage = 176.56 Mb, allocated count = 1343

================== Tstep=8 ===================
<Dynamic P> on nsd = 0 {openings (inlet / outlet)}:
  (SP = Static Pressure, EP = Environment Pressure, TP = Total Pressure, E = External)
  {#0, E, (0.000000e+00 / 5.426554e+02)}
  {#1, E, (5.427477e+02 / 0.000000e+00)}
  {#2, E, (5.408594e-16 / 5.427032e+02)}
  {#3, E, (2.858748e-16 / 5.427032e+02)}
  {#4, E, (1.754094e-03 / 5.428412e+02)}
  {#5, E, (1.798997e-17 / 5.427032e+02)}
  MWS[  0]=1.50507
tau_viscous_averaged = 9031.82 
dt(mass,momentum; nsd=  0): min dt/dtG(ncv=  16072)=1.00 , max dt/dtG(ncv=  16025)=5.9    , dtG=6.65162e-05
Flow alg-view 0 in phys-view 0 isn't Neumann (not Multi Phase treating)
Face Momentum (sd=  0): max value of div(mf) (cv=18023) = 9.398422e-06
Flow alg-view 0 is not Neumann (not for Phase Change + Nested Iters)
+----+----+--------------+--------------+--------------+--------------+--------------+------+----+-+-+--+------+
|Name|view| Initial res  | Initial resL1| Target res   | Final res    | Final res L1 |Visits|Iter|R|F|CL|Status|
| BG |   0|  2.126498e-10|  1.730868e-04|  2.102083e-13|  2.058600e-13|  2.250695e-05|     5|  15|0|n|30|  OK  |
log10(resTarget_Lim / resTarget_Orig): 1.2 
Face Momentum (sd=  0): max value of div(mf) (cv=15915) = 1.332156e-07
	norm_L2 of div(momentum) = 4.537187e-07.
Flow alg-view 0 in phys-view 0 isn't Neumann (not Multi Phase treating)
LOG: number of a-faces with weighted approximations in 0 subdomain: 3.11223 percent
LOG: Rate of a-faces corrected to CUp1st in 0 subdomain: 0.085775 %
slv : SolveBL stage
|nsd|Real WF|NormalF|Cycle F|CriticF| EdgeF |CyclBrF|ExtParF|RWFnumSt|StLvlNum|  nfw  |  alp_U_min  |  nfw  |  alp_U_max  |  nfw  |  alp_T_min  |  nfw  |  alp_T_max  |  nfw  |  BL_s_min   |  nfw  |   BL_s_max  |
|  0|    786|    617|      0|      0|    169|      0|      0|     786|      20|   3262|0            |   3793|1.05679      |   3885|0.000154901  |   3722|9312.6       |   3841|-131.873     |   3568|0            |
Face Momentum (sd=  0): max value of div(mf) (cv=15915) = 1.332156e-07
	norm_L2 of div(momentum) = 4.537187e-07.
nsd = 0 BC: AP Inlet occurs on 126 w-faces
+----+----+----+--------------+--------------+--------------+--------------+--------------+------+----+-+-+--+------+
|Name|view| n_y| Initial res  | Initial resL1| Target res   | Final res    | Final res L1 |Visits|Iter|R|F|CL|Status|
+----+----+----+--------------+--------------+--------------+--------------+--------------+------+----+-+-+--+------+
| 3M |   0|   0|  5.602905e-03|  4.474852e+00|  1.050545e-06|  3.742812e-12|  2.080604e-05|     1|   3|0|n|29|  OK  |
Velocity (predicted):
        (local) sd   0: min(  16025)=1.6663517904949      , max(  16072)=42.261015469881      
Flow alg-view 0 is not Neumann (not for Phase Change + Nested Iters)
+----+----+--------------+--------------+--------------+--------------+--------------+------+----+-+-+--+------+
|Name|view| Initial res  | Initial resL1| Target res   | Final res    | Final res L1 |Visits|Iter|R|F|CL|Status|
|DVGR|   0|  1.254446e-06|  2.408910e-02|  2.234019e-11|  7.012201e-12|  1.121276e-04|     4|  12|0|n|30|  OK  |
PRESSURE SOLVER(geom_index=  0): sum_C_dp=-5.60002e-09
Face Momentum (sd=  0): max value of div(mf) (cv=15983) = 4.927357e-07
	norm_L2 of div(momentum) = 2.648622e-06.
nsd = 0 min_dtHy = 6.65162e-05 (nCV =	16072 ) max_dtHy = 0.000393008 (nCV =	16025 ) 
+----+----+--------------+--------------+--------------+--------------+--------------+------+----+-+-+--+------+
|Name|view| Initial res  | Initial resL1| Target res   | Final res    | Final res L1 |Visits|Iter|R|F|CL|Status|
|CHT |   0|  1.475790e-07|  1.142573e-02|  9.223686e-12|  1.483034e-24|  1.532174e-10|     1|   9|0|n|30|  OK  |
slv : Fluid subdom(new) 0
slv : P static (new)                 : min(  16073) = 100497.69397131      , max(  16075) = 102787.29009148      
slv : Density (new)                  : min(  16073) = 1.1934659483886      , max(  16075) = 1.221303929576       
slv : Velocity (new)                 : min(  15973) = 1.7569784873754      , max(  16072) = 42.018024833383      
slv : Mach number (new)              : min(  15973) = 0.0051160030326864   , max(  16072) = 0.12253075152614     
slv : Temperature (new)              : min(  16072) = 292.77012226489      , max(  15973) = 293.64546084134      
slv : Total enthalpy, Y-shifted (new): min(  16073) = 449.87950806867      , max(  16032) = 450.03784748684      
slv : MASS FLUXES AT OPENINGS: MF=-100.32, AP=100.32
slv : DvGr statistics: min alpha=0.143977(nfa=45695, geom_slice=0)
slv : +----------------------------------+------------+-------+------------+------------+
slv : |          Collector name          | Total Time | Count |  Avg Time  |  Max Time  |
slv : +----------------------------------+------------+-------+------------+------------+
slv : | Calculate_inc                    |       2.435|      8|       0.304|       0.492|
slv : | CollectEMT_Results               |       0.000|      9|       0.000|       0.000|
slv : | HeatPathCalculator_Dynamic       |       0.021|      1|       0.021|       0.021|
slv : | LiSy_make_portrait               |       0.104|     39|       0.003|       0.006|
slv : | Results_processing               |       0.418|      8|       0.052|       0.064|
slv : | build_sl_ordering_CHT            |       0.013|      9|       0.001|       0.005|
slv : | build_sl_ordering_MDS            |       0.030|      9|       0.003|       0.011|
slv : | build_sl_ordering_fluid          |       0.030|      9|       0.003|       0.011|
slv : | calc_Convolutions_MDS            |       0.162|      9|       0.018|       0.031|
slv : | calc_wall_dist                   |       0.569|      1|       0.569|       0.569|
slv : | create_Gr_operators_MDS          |       0.091|      9|       0.010|       0.014|
slv : | create_Gr_operators_portrait_MDS |       0.062|      9|       0.007|       0.010|
slv : | init_Hy_group_MDS                |       0.110|      9|       0.012|       0.013|
slv : | perform_stage_total              |       2.556|    251|       0.010|       0.570|
slv : | precalc_at_start_MDS             |       0.506|      2|       0.253|       0.477|
slv : | solve_3M_MDS                     |       0.265|      9|       0.029|       0.046|
slv : | solve_3M_alg_MDS                 |       0.050|      9|       0.006|       0.008|
slv : | solve_BG_MDS                     |       0.342|      9|       0.038|       0.065|
slv : | solve_BG_alg_MDS                 |       0.184|      9|       0.020|       0.028|
slv : | solve_BL_MDS                     |       0.077|      9|       0.009|       0.026|
slv : | solve_CHT                        |       0.219|      9|       0.024|       0.036|
slv : | solve_CHT_MDS                    |       0.154|      9|       0.017|       0.023|
slv : | solve_CHT_alg_MDS                |       0.049|      9|       0.005|       0.010|
slv : | solve_DvGr_MDS                   |       0.557|      9|       0.062|       0.102|
slv : | solve_DvGr_alg_MDS               |       0.268|      9|       0.030|       0.064|
slv : | solve_INPR_MDS                   |       0.000|      1|       0.000|       0.000|
slv : | solve_PS+QJ                      |       0.000|      0|       0.000|       0.000|
slv : | solve_YLMA_MDS                   |       0.000|      9|       0.000|       0.000|
slv : | solve_YNOx_MDS                   |       0.000|      9|       0.000|       0.000|
slv : | solve_YTd_MDS                    |       0.000|      9|       0.000|       0.000|
slv : | solve_YTurb_MDS                  |       0.000|      9|       0.000|       0.000|
slv : | update_BC_MDS                    |       0.000|     10|       0.000|       0.000|
slv : | update_Mf_after_DvGr             |       0.058|      9|       0.006|       0.009|
slv : | update_VelPressure_MDS           |       0.020|      9|       0.002|       0.006|
slv : +----------------------------------+------------+-------+------------+------------+
-----------------------------------------------------------------------
Memory Working Set Current = 305.36 Mb, Memory Working Set Peak = 307.17 Mb
Memory Private Bytes Current = 332.62 Mb, Memory Private Bytes Peak = 334.85 Mb
Process Threads Number: 35
-----------------------------------------------------------------------
Algebra Pool      : mem_usage = 176.56 Mb, allocated count = 1355

================== Tstep=9 ===================
<Dynamic P> on nsd = 0 {openings (inlet / outlet)}:
  (SP = Static Pressure, EP = Environment Pressure, TP = Total Pressure, E = External)
  {#0, E, (0.000000e+00 / 5.426628e+02)}
  {#1, E, (5.427478e+02 / 0.000000e+00)}
  {#2, E, (1.878200e-15 / 5.427032e+02)}
  {#3, E, (1.402177e-15 / 5.427032e+02)}
  {#4, E, (1.143441e-03 / 5.428481e+02)}
  {#5, E, (3.032090e-16 / 5.427032e+02)}
  MWS[  0]=1.47996
tau_viscous_averaged = 9031.82 
dt(mass,momentum; nsd=  0): min dt/dtG(ncv=  16072)=1.00 , max dt/dtG(ncv=  16025)=6.2    , dtG=6.70934e-05
Flow alg-view 0 in phys-view 0 isn't Neumann (not Multi Phase treating)
Face Momentum (sd=  0): max value of div(mf) (cv=15288) = 1.213858e-05
Flow alg-view 0 is not Neumann (not for Phase Change + Nested Iters)
+----+----+--------------+--------------+--------------+--------------+--------------+------+----+-+-+--+------+
|Name|view| Initial res  | Initial resL1| Target res   | Final res    | Final res L1 |Visits|Iter|R|F|CL|Status|
| BG |   0|  2.878973e-10|  1.485279e-04|  2.234019e-13|  9.165726e-14|  1.736930e-05|     5|  15|0|n|30|  OK  |
log10(resTarget_Lim / resTarget_Orig): 1.1 
Face Momentum (sd=  0): max value of div(mf) (cv=15915) = 7.494061e-08
	norm_L2 of div(momentum) = 3.027504e-07.
Flow alg-view 0 in phys-view 0 isn't Neumann (not Multi Phase treating)
LOG: number of a-faces with weighted approximations in 0 subdomain: 3.1301 percent
LOG: Rate of a-faces corrected to CUp1st in 0 subdomain: 0.073165 %
slv : SolveBL stage
|nsd|Real WF|NormalF|Cycle F|CriticF| EdgeF |CyclBrF|ExtParF|RWFnumSt|StLvlNum|  nfw  |  alp_U_min  |  nfw  |  alp_U_max  |  nfw  |  alp_T_min  |  nfw  |  alp_T_max  |  nfw  |  BL_s_min   |  nfw  |   BL_s_max  |
|  0|    786|    615|      0|      0|    171|      0|      0|     786|      20|   3262|0            |   3787|0.678731     |   3885|0.0001549    |   3722|20978        |   3841|-132.182     |   3568|0            |
Face Momentum (sd=  0): max value of div(mf) (cv=15915) = 7.494061e-08
	norm_L2 of div(momentum) = 3.027504e-07.
nsd = 0 BC: AP Inlet occurs on 336 w-faces
+----+----+----+--------------+--------------+--------------+--------------+--------------+------+----+-+-+--+------+
|Name|view| n_y| Initial res  | Initial resL1| Target res   | Final res    | Final res L1 |Visits|Iter|R|F|CL|Status|
+----+----+----+--------------+--------------+--------------+--------------+--------------+------+----+-+-+--+------+
| 3M |   0|   0|  4.696861e-03|  4.159692e+00|  8.806613e-07|  1.549657e-12|  1.536323e-05|     1|   3|0|n|29|  OK  |
Velocity (predicted):
        (local) sd   0: min(  16025)=1.8450754859696      , max(  16072)=42.017873263494      
Flow alg-view 0 is not Neumann (not for Phase Change + Nested Iters)
+----+----+--------------+--------------+--------------+--------------+--------------+------+----+-+-+--+------+
|Name|view| Initial res  | Initial resL1| Target res   | Final res    | Final res L1 |Visits|Iter|R|F|CL|Status|
|DVGR|   0|  1.138544e-06|  2.406223e-02|  2.166831e-11|  9.330765e-12|  1.139114e-04|     4|  12|0|n|30|  OK  |
PRESSURE SOLVER(geom_index=  0): sum_C_dp=1.04774e-08
Face Momentum (sd=  0): max value of div(mf) (cv=15983) = 6.378889e-07
	norm_L2 of div(momentum) = 3.055022e-06.
nsd = 0 min_dtHy = 6.70934e-05 (nCV =	16072 ) max_dtHy = 0.000418574 (nCV =	16025 ) 
+----+----+--------------+--------------+--------------+--------------+--------------+------+----+-+-+--+------+
|Name|view| Initial res  | Initial resL1| Target res   | Final res    | Final res L1 |Visits|Iter|R|F|CL|Status|
|CHT |   0|  1.527255e-07|  1.080620e-02|  9.545344e-12|  1.413206e-24|  1.502270e-10|     1|   9|0|n|30|  OK  |
slv : Fluid subdom(new) 0
slv : P static (new)                 : min(  16073) = 100637.12081547      , max(  16075) = 102800.72888409      
slv : Density (new)                  : min(  16073) = 1.1950872897815      , max(  16075) = 1.2214506500315      
slv : Velocity (new)                 : min(  16025) = 1.9209669331087      , max(  16072) = 41.856609283392      
slv : Mach number (new)              : min(  16025) = 0.0055935099283487   , max(  16072) = 0.122058645221       
slv : Temperature (new)              : min(  16072) = 292.7768460068       , max(  16025) = 293.64522318429      
slv : Total enthalpy, Y-shifted (new): min(  16073) = 449.86104445965      , max(  16032) = 450.04108669497      
slv : MASS FLUXES AT OPENINGS: MF=-100.32, AP=100.32
slv : DvGr statistics: min alpha=0.149235(nfa=45695, geom_slice=0)
slv : +----------------------------------+------------+-------+------------+------------+
slv : |          Collector name          | Total Time | Count |  Avg Time  |  Max Time  |
slv : +----------------------------------+------------+-------+------------+------------+
slv : | Calculate_inc                    |       2.697|      9|       0.300|       0.492|
slv : | CollectEMT_Results               |       0.000|     10|       0.000|       0.000|
slv : | HeatPathCalculator_Dynamic       |       0.021|      1|       0.021|       0.021|
slv : | LiSy_make_portrait               |       0.113|     42|       0.003|       0.006|
slv : | Results_processing               |       0.473|      9|       0.053|       0.064|
slv : | build_sl_ordering_CHT            |       0.013|     10|       0.001|       0.005|
slv : | build_sl_ordering_MDS            |       0.031|     10|       0.003|       0.011|
slv : | build_sl_ordering_fluid          |       0.030|     10|       0.003|       0.011|
slv : | calc_Convolutions_MDS            |       0.180|     10|       0.018|       0.031|
slv : | calc_wall_dist                   |       0.569|      1|       0.569|       0.569|
slv : | create_Gr_operators_MDS          |       0.101|     10|       0.010|       0.014|
slv : | create_Gr_operators_portrait_MDS |       0.068|     10|       0.007|       0.010|
slv : | init_Hy_group_MDS                |       0.122|     10|       0.012|       0.013|
slv : | perform_stage_total              |       2.738|    278|       0.010|       0.570|
slv : | precalc_at_start_MDS             |       0.506|      2|       0.253|       0.477|
slv : | solve_3M_MDS                     |       0.297|     10|       0.030|       0.046|
slv : | solve_3M_alg_MDS                 |       0.057|     10|       0.006|       0.008|
slv : | solve_BG_MDS                     |       0.373|     10|       0.037|       0.065|
slv : | solve_BG_alg_MDS                 |       0.200|     10|       0.020|       0.028|
slv : | solve_BL_MDS                     |       0.082|     10|       0.008|       0.026|
slv : | solve_CHT                        |       0.242|     10|       0.024|       0.036|
slv : | solve_CHT_MDS                    |       0.171|     10|       0.017|       0.023|
slv : | solve_CHT_alg_MDS                |       0.054|     10|       0.005|       0.010|
slv : | solve_DvGr_MDS                   |       0.609|     10|       0.061|       0.102|
slv : | solve_DvGr_alg_MDS               |       0.287|     10|       0.029|       0.064|
slv : | solve_INPR_MDS                   |       0.000|      1|       0.000|       0.000|
slv : | solve_PS+QJ                      |       0.000|      0|       0.000|       0.000|
slv : | solve_YLMA_MDS                   |       0.000|     10|       0.000|       0.000|
slv : | solve_YNOx_MDS                   |       0.000|     10|       0.000|       0.000|
slv : | solve_YTd_MDS                    |       0.001|     10|       0.000|       0.000|
slv : | solve_YTurb_MDS                  |       0.000|     10|       0.000|       0.000|
slv : | update_BC_MDS                    |       0.000|     11|       0.000|       0.000|
slv : | update_Mf_after_DvGr             |       0.064|     10|       0.006|       0.009|
slv : | update_VelPressure_MDS           |       0.021|     10|       0.002|       0.006|
slv : +----------------------------------+------------+-------+------------+------------+
Interpolator cache: total calls 2400, optimised calls 912 (38.0 %)
-----------------------------------------------------------------------
Memory Working Set Current = 305.92 Mb, Memory Working Set Peak = 307.48 Mb
Memory Private Bytes Current = 332.80 Mb, Memory Private Bytes Peak = 334.85 Mb
Process Threads Number: 35
-----------------------------------------------------------------------
Iteration : time = 1.60942 , count = 5 , time/count = 0.321884
Calculate_inc() : time = 1.35952 , count = 5 , time/count = 0.271904
TreatFlowEvolution() : time = 0.249902 , count = 5 , time/count = 0.0499804
SolverPreview : time = 0 , count = 5 , time/count = 0
TreatGoals : time = 0.234113 , count = 5 , time/count = 0.0468226
Algebra Pool      : mem_usage = 176.56 Mb, allocated count = 1345

================== Tstep=10 ===================
<Dynamic P> on nsd = 0 {openings (inlet / outlet)}:
  (SP = Static Pressure, EP = Environment Pressure, TP = Total Pressure, E = External)
  {#0, E, (0.000000e+00 / 5.426706e+02)}
  {#1, E, (5.427476e+02 / 0.000000e+00)}
  {#2, E, (1.497864e-15 / 5.427032e+02)}
  {#3, E, (1.153002e-15 / 5.427032e+02)}
  {#4, E, (8.653965e-04 / 5.428541e+02)}
  {#5, E, (3.294528e-16 / 5.427032e+02)}
  MWS[  0]=1.47327
tau_viscous_averaged = 9031.82 
dt(mass,momentum; nsd=  0): min dt/dtG(ncv=  16072)=1.00 , max dt/dtG(ncv=  16025)=6.3    , dtG=0.00010095
Flow alg-view 0 in phys-view 0 isn't Neumann (not Multi Phase treating)
Face Momentum (sd=  0): max value of div(mf) (cv=18093) = 1.889762e-06
Flow alg-view 0 is not Neumann (not for Phase Change + Nested Iters)
+----+----+--------------+--------------+--------------+--------------+--------------+------+----+-+-+--+------+
|Name|view| Initial res  | Initial resL1| Target res   | Final res    | Final res L1 |Visits|Iter|R|F|CL|Status|
| BG |   0|  1.824775e-11|  1.266227e-04|  2.166831e-13|  1.218108e-13|  1.667161e-05|     5|  15|0|n|30|  OK  |
log10(resTarget_Lim / resTarget_Orig): 2.3 
Face Momentum (sd=  0): max value of div(mf) (cv=15915) = 1.012720e-07
	norm_L2 of div(momentum) = 3.490142e-07.
Flow alg-view 0 in phys-view 0 isn't Neumann (not Multi Phase treating)
LOG: number of a-faces with weighted approximations in 0 subdomain: 3.26769 percent
LOG: Rate of a-faces corrected to CUp1st in 0 subdomain: 0.0803253 %
slv : SolveBL stage
|nsd|Real WF|NormalF|Cycle F|CriticF| EdgeF |CyclBrF|ExtParF|RWFnumSt|StLvlNum|  nfw  |  alp_U_min  |  nfw  |  alp_U_max  |  nfw  |  alp_T_min  |  nfw  |  alp_T_max  |  nfw  |  BL_s_min   |  nfw  |   BL_s_max  |
|  0|    786|    612|      0|      0|    174|      0|      0|     786|      20|   3274|0.00210153   |   3275|3.04293      |   3568|0            |   3804|23081.1      |   3841|-132.251     |   3568|0            |
Face Momentum (sd=  0): max value of div(mf) (cv=15915) = 1.012720e-07
	norm_L2 of div(momentum) = 3.490142e-07.
nsd = 0 BC: AP Inlet occurs on 752 w-faces
+----+----+----+--------------+--------------+--------------+--------------+--------------+------+----+-+-+--+------+
|Name|view| n_y| Initial res  | Initial resL1| Target res   | Final res    | Final res L1 |Visits|Iter|R|F|CL|Status|
+----+----+----+--------------+--------------+--------------+--------------+--------------+------+----+-+-+--+------+
| 3M |   0|   0|  7.571521e-03|  4.297080e+00|  1.419660e-06|  1.146086e-11|  4.400023e-05|     1|   3|0|n|29|  OK  |
Velocity (predicted):
        (local) sd   0: min(  16025)=2.0930881316636      , max(  16072)=41.75643267383       
Flow alg-view 0 is not Neumann (not for Phase Change + Nested Iters)
+----+----+--------------+--------------+--------------+--------------+--------------+------+----+-+-+--+------+
|Name|view| Initial res  | Initial resL1| Target res   | Final res    | Final res L1 |Visits|Iter|R|F|CL|Status|
|DVGR|   0|  2.108369e-06|  3.287512e-02|  4.810879e-11|  4.742940e-11|  3.042426e-04|     4|  12|0|n|30|  OK  |
PRESSURE SOLVER(geom_index=  0): sum_C_dp=6.20033e-08
Face Momentum (sd=  0): max value of div(mf) (cv=15973) = 1.233219e-06
	norm_L2 of div(momentum) = 6.887557e-06.
nsd = 0 min_dtHy = 0.00010095 (nCV =	16072 ) max_dtHy = 0.000636649 (nCV =	16025 ) 
+----+----+--------------+--------------+--------------+--------------+--------------+------+----+-+-+--+------+
|Name|view| Initial res  | Initial resL1| Target res   | Final res    | Final res L1 |Visits|Iter|R|F|CL|Status|
|CHT |   0|  2.266924e-07|  1.271100e-02|  1.416827e-11|  9.929887e-25|  1.255090e-10|     1|   9|0|n|30|  OK  |
slv : Fluid subdom(new) 0
slv : P static (new)                 : min(  16086) = 100608.10323163      , max(  16075) = 102797.17865479      
slv : Density (new)                  : min(  16086) = 1.1946420824106      , max(  16075) = 1.2214126591498      
slv : Velocity (new)                 : min(  16025) = 2.2294837287674      , max(  16072) = 41.495357474995      
slv : Mach number (new)              : min(  16025) = 0.0064918622427335   , max(  16072) = 0.12100211875535     
slv : Temperature (new)              : min(  16072) = 292.79179941227      , max(  16025) = 293.64459232018      
slv : Total enthalpy, Y-shifted (new): min(  16073) = 449.83662794894      , max(  16032) = 450.04349280125      
slv : MASS FLUXES AT OPENINGS: MF=-100.32, AP=100.32
slv : DvGr statistics: min alpha=0.144922(nfa=45695, geom_slice=0)
slv : +----------------------------------+------------+-------+------------+------------+
slv : |          Collector name          | Total Time | Count |  Avg Time  |  Max Time  |
slv : +----------------------------------+------------+-------+------------+------------+
slv : | Calculate_inc                    |       2.961|     10|       0.296|       0.492|
slv : | CollectEMT_Results               |       0.000|     11|       0.000|       0.000|
slv : | HeatPathCalculator_Dynamic       |       0.021|      1|       0.021|       0.021|
slv : | LiSy_make_portrait               |       0.124|     46|       0.003|       0.006|
slv : | Results_processing               |       0.517|     10|       0.052|       0.064|
slv : | build_sl_ordering_CHT            |       0.017|     11|       0.002|       0.005|
slv : | build_sl_ordering_MDS            |       0.037|     11|       0.003|       0.011|
slv : | build_sl_ordering_fluid          |       0.036|     11|       0.003|       0.011|
slv : | calc_Convolutions_MDS            |       0.196|     11|       0.018|       0.031|
slv : | calc_wall_dist                   |       0.569|      1|       0.569|       0.569|
slv : | create_Gr_operators_MDS          |       0.111|     11|       0.010|       0.014|
slv : | create_Gr_operators_portrait_MDS |       0.075|     11|       0.007|       0.010|
slv : | init_Hy_group_MDS                |       0.136|     11|       0.012|       0.014|
slv : | perform_stage_total              |       2.929|    305|       0.010|       0.570|
slv : | precalc_at_start_MDS             |       0.506|      2|       0.253|       0.477|
slv : | solve_3M_MDS                     |       0.324|     11|       0.029|       0.046|
slv : | solve_3M_alg_MDS                 |       0.063|     11|       0.006|       0.008|
slv : | solve_BG_MDS                     |       0.407|     11|       0.037|       0.065|
slv : | solve_BG_alg_MDS                 |       0.216|     11|       0.020|       0.028|
slv : | solve_BL_MDS                     |       0.088|     11|       0.008|       0.026|
slv : | solve_CHT                        |       0.268|     11|       0.024|       0.036|
slv : | solve_CHT_MDS                    |       0.189|     11|       0.017|       0.023|
slv : | solve_CHT_alg_MDS                |       0.058|     11|       0.005|       0.010|
slv : | solve_DvGr_MDS                   |       0.658|     11|       0.060|       0.102|
slv : | solve_DvGr_alg_MDS               |       0.303|     11|       0.028|       0.064|
slv : | solve_INPR_MDS                   |       0.000|      1|       0.000|       0.000|
slv : | solve_PS+QJ                      |       0.000|      0|       0.000|       0.000|
slv : | solve_YLMA_MDS                   |       0.000|     11|       0.000|       0.000|
slv : | solve_YNOx_MDS                   |       0.000|     11|       0.000|       0.000|
slv : | solve_YTd_MDS                    |       0.001|     11|       0.000|       0.000|
slv : | solve_YTurb_MDS                  |       0.000|     11|       0.000|       0.000|
slv : | update_BC_MDS                    |       0.000|     12|       0.000|       0.000|
slv : | update_Mf_after_DvGr             |       0.071|     11|       0.006|       0.009|
slv : | update_VelPressure_MDS           |       0.022|     11|       0.002|       0.006|
slv : +----------------------------------+------------+-------+------------+------------+
-----------------------------------------------------------------------
Memory Working Set Current = 305.65 Mb, Memory Working Set Peak = 307.48 Mb
Memory Private Bytes Current = 332.69 Mb, Memory Private Bytes Peak = 334.85 Mb
Process Threads Number: 35
-----------------------------------------------------------------------
Algebra Pool      : mem_usage = 176.56 Mb, allocated count = 1342

================== Tstep=11 ===================
<Dynamic P> on nsd = 0 {openings (inlet / outlet)}:
  (SP = Static Pressure, EP = Environment Pressure, TP = Total Pressure, E = External)
  {#0, E, (0.000000e+00 / 5.426795e+02)}
  {#1, E, (5.427471e+02 / 0.000000e+00)}
  {#2, E, (1.820908e-15 / 5.427032e+02)}
  {#3, E, (1.423692e-15 / 5.427032e+02)}
  {#4, E, (7.191883e-04 / 5.428552e+02)}
  {#5, E, (7.407266e-17 / 5.427032e+02)}
  MWS[  0]=1.45947
tau_viscous_averaged = 9031.83 
dt(mass,momentum; nsd=  0): min dt/dtG(ncv=  16072)=1.00 , max dt/dtG(ncv=  15971)=6.6    , dtG=0.000101911
Flow alg-view 0 in phys-view 0 isn't Neumann (not Multi Phase treating)
Face Momentum (sd=  0): max value of div(mf) (cv=18078) = 8.751358e-06
Flow alg-view 0 is not Neumann (not for Phase Change + Nested Iters)
+----+----+--------------+--------------+--------------+--------------+--------------+------+----+-+-+--+------+
|Name|view| Initial res  | Initial resL1| Target res   | Final res    | Final res L1 |Visits|Iter|R|F|CL|Status|
| BG |   0|  1.313319e-10|  3.246414e-04|  4.810879e-13|  1.385967e-13|  2.078161e-05|     6|  18|0|n|30|  OK  |
log10(resTarget_Lim / resTarget_Orig): 1.8 
Face Momentum (sd=  0): max value of div(mf) (cv=15915) = 1.017467e-07
	norm_L2 of div(momentum) = 3.722874e-07.
Flow alg-view 0 in phys-view 0 isn't Neumann (not Multi Phase treating)
LOG: number of a-faces with weighted approximations in 0 subdomain: 3.33083 percent
LOG: Rate of a-faces corrected to CUp1st in 0 subdomain: 0.0880642 %
slv : SolveBL stage
|nsd|Real WF|NormalF|Cycle F|CriticF| EdgeF |CyclBrF|ExtParF|RWFnumSt|StLvlNum|  nfw  |  alp_U_min  |  nfw  |  alp_U_max  |  nfw  |  alp_T_min  |  nfw  |  alp_T_max  |  nfw  |  BL_s_min   |  nfw  |   BL_s_max  |
|  0|    786|    615|      0|      0|    171|      0|      0|     786|      20|   3282|0.00125636   |   3275|3.04214      |   3568|0            |   3711|11137        |   3841|-132.183     |   3568|0            |
Face Momentum (sd=  0): max value of div(mf) (cv=15915) = 1.017467e-07
	norm_L2 of div(momentum) = 3.722874e-07.
nsd = 0 BC: AP Inlet occurs on 996 w-faces
+----+----+----+--------------+--------------+--------------+--------------+--------------+------+----+-+-+--+------+
|Name|view| n_y| Initial res  | Initial resL1| Target res   | Final res    | Final res L1 |Visits|Iter|R|F|CL|Status|
+----+----+----+--------------+--------------+--------------+--------------+--------------+------+----+-+-+--+------+
| 3M |   0|   0|  5.584646e-03|  4.080004e+00|  1.047121e-06|  9.211376e-12|  3.963864e-05|     1|   3|0|n|29|  OK  |
Velocity (predicted):
        (local) sd   0: min(  15951)=0.69358266108305     , max(  16072)=41.439581157327      
Flow alg-view 0 is not Neumann (not for Phase Change + Nested Iters)
+----+----+--------------+--------------+--------------+--------------+--------------+------+----+-+-+--+------+
|Name|view| Initial res  | Initial resL1| Target res   | Final res    | Final res L1 |Visits|Iter|R|F|CL|Status|
|DVGR|   0|  1.392861e-06|  2.902946e-02|  4.639341e-11|  1.746983e-11|  1.749870e-04|     4|  12|0|n|30|  OK  |
PRESSURE SOLVER(geom_index=  0): sum_C_dp=2.15748e-08
Face Momentum (sd=  0): max value of div(mf) (cv=15983) = 1.038275e-06
	norm_L2 of div(momentum) = 4.179954e-06.
nsd = 0 min_dtHy = 0.000101911 (nCV =	16072 ) max_dtHy = 0.000673487 (nCV =	15971 ) 
+----+----+--------------+--------------+--------------+--------------+--------------+------+----+-+-+--+------+
|Name|view| Initial res  | Initial resL1| Target res   | Final res    | Final res L1 |Visits|Iter|R|F|CL|Status|
|CHT |   0|  2.348060e-07|  1.268393e-02|  1.467537e-11|  9.882264e-25|  1.266641e-10|     1|   9|0|n|30|  OK  |
slv : Fluid subdom(new) 0
slv : P static (new)                 : min(  16086) = 100583.77074624      , max(  16075) = 102799.41680878      
slv : Density (new)                  : min(  16086) = 1.1943201447797      , max(  16075) = 1.2214454468829      
slv : Velocity (new)                 : min(  15951) = 2.1152042893138      , max(  16072) = 41.252854530765      
slv : Mach number (new)              : min(  15951) = 0.0061590993982291   , max(  16072) = 0.12029293293544     
slv : Temperature (new)              : min(  16072) = 292.80176670584      , max(  15951) = 293.64471993436      
slv : Total enthalpy, Y-shifted (new): min(  16073) = 449.81760757714      , max(  16019) = 450.04591355686      
slv : MASS FLUXES AT OPENINGS: MF=-100.32, AP=100.32
slv : DvGr statistics: min alpha=0.144257(nfa=45695, geom_slice=0)
slv : +----------------------------------+------------+-------+------------+------------+
slv : |          Collector name          | Total Time | Count |  Avg Time  |  Max Time  |
slv : +----------------------------------+------------+-------+------------+------------+
slv : | Calculate_inc                    |       3.234|     11|       0.294|       0.492|
slv : | CollectEMT_Results               |       0.000|     12|       0.000|       0.000|
slv : | HeatPathCalculator_Dynamic       |       0.021|      1|       0.021|       0.021|
slv : | LiSy_make_portrait               |       0.133|     49|       0.003|       0.006|
slv : | Results_processing               |       0.567|     11|       0.052|       0.064|
slv : | build_sl_ordering_CHT            |       0.017|     12|       0.001|       0.005|
slv : | build_sl_ordering_MDS            |       0.037|     12|       0.003|       0.011|
slv : | build_sl_ordering_fluid          |       0.037|     12|       0.003|       0.011|
slv : | calc_Convolutions_MDS            |       0.213|     12|       0.018|       0.031|
slv : | calc_wall_dist                   |       0.569|      1|       0.569|       0.569|
slv : | create_Gr_operators_MDS          |       0.121|     12|       0.010|       0.014|
slv : | create_Gr_operators_portrait_MDS |       0.081|     12|       0.007|       0.010|
slv : | init_Hy_group_MDS                |       0.147|     12|       0.012|       0.014|
slv : | perform_stage_total              |       3.104|    332|       0.009|       0.570|
slv : | precalc_at_start_MDS             |       0.506|      2|       0.253|       0.477|
slv : | solve_3M_MDS                     |       0.352|     12|       0.029|       0.046|
slv : | solve_3M_alg_MDS                 |       0.069|     12|       0.006|       0.008|
slv : | solve_BG_MDS                     |       0.437|     12|       0.036|       0.065|
slv : | solve_BG_alg_MDS                 |       0.234|     12|       0.019|       0.028|
slv : | solve_BL_MDS                     |       0.095|     12|       0.008|       0.026|
slv : | solve_CHT                        |       0.289|     12|       0.024|       0.036|
slv : | solve_CHT_MDS                    |       0.204|     12|       0.017|       0.023|
slv : | solve_CHT_alg_MDS                |       0.064|     12|       0.005|       0.010|
slv : | solve_DvGr_MDS                   |       0.708|     12|       0.059|       0.102|
slv : | solve_DvGr_alg_MDS               |       0.318|     12|       0.026|       0.064|
slv : | solve_INPR_MDS                   |       0.000|      1|       0.000|       0.000|
slv : | solve_PS+QJ                      |       0.000|      0|       0.000|       0.000|
slv : | solve_YLMA_MDS                   |       0.000|     12|       0.000|       0.000|
slv : | solve_YNOx_MDS                   |       0.000|     12|       0.000|       0.000|
slv : | solve_YTd_MDS                    |       0.001|     12|       0.000|       0.000|
slv : | solve_YTurb_MDS                  |       0.000|     12|       0.000|       0.000|
slv : | update_BC_MDS                    |       0.000|     13|       0.000|       0.000|
slv : | update_Mf_after_DvGr             |       0.076|     12|       0.006|       0.009|
slv : | update_VelPressure_MDS           |       0.025|     12|       0.002|       0.006|
slv : +----------------------------------+------------+-------+------------+------------+
-----------------------------------------------------------------------
Memory Working Set Current = 303.50 Mb, Memory Working Set Peak = 307.48 Mb
Memory Private Bytes Current = 329.41 Mb, Memory Private Bytes Peak = 334.85 Mb
Process Threads Number: 35
-----------------------------------------------------------------------
Algebra Pool      : mem_usage = 176.56 Mb, allocated count = 1358

================== Tstep=12 ===================
<Dynamic P> on nsd = 0 {openings (inlet / outlet)}:
  (SP = Static Pressure, EP = Environment Pressure, TP = Total Pressure, E = External)
  {#0, E, (0.000000e+00 / 5.426891e+02)}
  {#1, E, (5.427470e+02 / 0.000000e+00)}
  {#2, E, (2.322329e-15 / 5.427032e+02)}
  {#3, E, (1.777573e-15 / 5.427032e+02)}
  {#4, E, (5.489787e-04 / 5.428632e+02)}
  {#5, E, (2.293726e-15 / 5.427032e+02)}
  MWS[  0]=1.45091
tau_viscous_averaged = 9031.83 
dt(mass,momentum; nsd=  0): min dt/dtG(ncv=  16072)=1.00 , max dt/dtG(ncv=  15971)=6.6    , dtG=0.000102575
Flow alg-view 0 in phys-view 0 isn't Neumann (not Multi Phase treating)
Face Momentum (sd=  0): max value of div(mf) (cv=17976) = 2.138965e-05
Flow alg-view 0 is not Neumann (not for Phase Change + Nested Iters)
+----+----+--------------+--------------+--------------+--------------+--------------+------+----+-+-+--+------+
|Name|view| Initial res  | Initial resL1| Target res   | Final res    | Final res L1 |Visits|Iter|R|F|CL|Status|
| BG |   0|  1.198407e-09|  2.691024e-04|  4.639341e-13|  4.025038e-13|  3.046361e-05|     5|  15|0|n|30|  OK  |
log10(resTarget_Lim / resTarget_Orig): 0.8 
Face Momentum (sd=  0): max value of div(mf) (cv=16020) = 1.921782e-07
	norm_L2 of div(momentum) = 6.344324e-07.
Flow alg-view 0 in phys-view 0 isn't Neumann (not Multi Phase treating)
LOG: number of a-faces with weighted approximations in 0 subdomain: 3.61972 percent
LOG: Rate of a-faces corrected to CUp1st in 0 subdomain: 0.0832802 %
slv : SolveBL stage
|nsd|Real WF|NormalF|Cycle F|CriticF| EdgeF |CyclBrF|ExtParF|RWFnumSt|StLvlNum|  nfw  |  alp_U_min  |  nfw  |  alp_U_max  |  nfw  |  alp_T_min  |  nfw  |  alp_T_max  |  nfw  |  BL_s_min   |  nfw  |   BL_s_max  |
|  0|    786|    615|      0|      0|    171|      0|      0|     786|      20|   3312|0.000944672  |   3275|3.04934      |   3568|0            |   3793|17977.6      |   3841|-131.728     |   3568|0            |
Face Momentum (sd=  0): max value of div(mf) (cv=16020) = 1.921782e-07
	norm_L2 of div(momentum) = 6.344324e-07.
nsd = 0 BC: AP Inlet occurs on 1216 w-faces
+----+----+----+--------------+--------------+--------------+--------------+--------------+------+----+-+-+--+------+
|Name|view| n_y| Initial res  | Initial resL1| Target res   | Final res    | Final res L1 |Visits|Iter|R|F|CL|Status|
+----+----+----+--------------+--------------+--------------+--------------+--------------+------+----+-+-+--+------+
| 3M |   0|   0|  4.446909e-03|  3.776169e+00|  8.337955e-07|  7.683632e-12|  3.293494e-05|     1|   3|0|n|29|  OK  |
Velocity (predicted):
        (local) sd   0: min(  15971)=2.12937307327        , max(  16072)=41.217336435424      
Flow alg-view 0 is not Neumann (not for Phase Change + Nested Iters)
+----+----+--------------+--------------+--------------+--------------+--------------+------+----+-+-+--+------+
|Name|view| Initial res  | Initial resL1| Target res   | Final res    | Final res L1 |Visits|Iter|R|F|CL|Status|
|DVGR|   0|  1.099803e-06|  2.595909e-02|  4.532624e-11|  2.300793e-11|  1.226618e-04|     4|  12|0|n|30|  OK  |
PRESSURE SOLVER(geom_index=  0): sum_C_dp=-9.63947e-09
Face Momentum (sd=  0): max value of div(mf) (cv=15983) = 1.826551e-06
	norm_L2 of div(momentum) = 4.796773e-06.
nsd = 0 min_dtHy = 0.000102575 (nCV =	16072 ) max_dtHy = 0.000679162 (nCV =	15971 ) 
+----+----+--------------+--------------+--------------+--------------+--------------+------+----+-+-+--+------+
|Name|view| Initial res  | Initial resL1| Target res   | Final res    | Final res L1 |Visits|Iter|R|F|CL|Status|
|CHT |   0|  2.430186e-07|  1.261045e-02|  1.518867e-11|  9.466601e-25|  1.241089e-10|     1|   9|0|n|30|  OK  |
slv : Fluid subdom(new) 0
slv : P static (new)                 : min(  16086) = 100593.27883286      , max(  16075) = 102801.1737377       
slv : Density (new)                  : min(  16086) = 1.1943595322309      , max(  16075) = 1.2214647596537      
slv : Velocity (new)                 : min(  15971) = 1.5606745598976      , max(  16072) = 41.220069463251      
slv : Mach number (new)              : min(  15971) = 0.0045443988955522   , max(  16072) = 0.12019705732866     
slv : Temperature (new)              : min(  16072) = 292.80311139585      , max(  15971) = 293.64580705394      
slv : Total enthalpy, Y-shifted (new): min(  16073) = 449.80122897251      , max(  17687) = 450.04670872075      
slv : MASS FLUXES AT OPENINGS: MF=-100.32, AP=100.32
slv : DvGr statistics: min alpha=0.145165(nfa=45698, geom_slice=0)
slv : +----------------------------------+------------+-------+------------+------------+
slv : |          Collector name          | Total Time | Count |  Avg Time  |  Max Time  |
slv : +----------------------------------+------------+-------+------------+------------+
slv : | Calculate_inc                    |       3.482|     12|       0.290|       0.492|
slv : | CollectEMT_Results               |       0.000|     13|       0.000|       0.000|
slv : | HeatPathCalculator_Dynamic       |       0.021|      1|       0.021|       0.021|
slv : | LiSy_make_portrait               |       0.140|     52|       0.003|       0.006|
slv : | Results_processing               |       0.619|     12|       0.052|       0.064|
slv : | build_sl_ordering_CHT            |       0.017|     13|       0.001|       0.005|
slv : | build_sl_ordering_MDS            |       0.037|     13|       0.003|       0.011|
slv : | build_sl_ordering_fluid          |       0.037|     13|       0.003|       0.011|
slv : | calc_Convolutions_MDS            |       0.229|     13|       0.018|       0.031|
slv : | calc_wall_dist                   |       0.569|      1|       0.569|       0.569|
slv : | create_Gr_operators_MDS          |       0.131|     13|       0.010|       0.014|
slv : | create_Gr_operators_portrait_MDS |       0.088|     13|       0.007|       0.010|
slv : | init_Hy_group_MDS                |       0.161|     13|       0.012|       0.014|
slv : | perform_stage_total              |       3.288|    359|       0.009|       0.570|
slv : | precalc_at_start_MDS             |       0.506|      2|       0.253|       0.477|
slv : | solve_3M_MDS                     |       0.378|     13|       0.029|       0.046|
slv : | solve_3M_alg_MDS                 |       0.074|     13|       0.006|       0.008|
slv : | solve_BG_MDS                     |       0.470|     13|       0.036|       0.065|
slv : | solve_BG_alg_MDS                 |       0.253|     13|       0.019|       0.028|
slv : | solve_BL_MDS                     |       0.101|     13|       0.008|       0.026|
slv : | solve_CHT                        |       0.308|     13|       0.024|       0.036|
slv : | solve_CHT_MDS                    |       0.218|     13|       0.017|       0.023|
slv : | solve_CHT_alg_MDS                |       0.069|     13|       0.005|       0.010|
slv : | solve_DvGr_MDS                   |       0.756|     13|       0.058|       0.102|
slv : | solve_DvGr_alg_MDS               |       0.337|     13|       0.026|       0.064|
slv : | solve_INPR_MDS                   |       0.000|      1|       0.000|       0.000|
slv : | solve_PS+QJ                      |       0.000|      0|       0.000|       0.000|
slv : | solve_YLMA_MDS                   |       0.000|     13|       0.000|       0.000|
slv : | solve_YNOx_MDS                   |       0.000|     13|       0.000|       0.000|
slv : | solve_YTd_MDS                    |       0.001|     13|       0.000|       0.000|
slv : | solve_YTurb_MDS                  |       0.000|     13|       0.000|       0.000|
slv : | update_BC_MDS                    |       0.000|     14|       0.000|       0.000|
slv : | update_Mf_after_DvGr             |       0.081|     13|       0.006|       0.009|
slv : | update_VelPressure_MDS           |       0.026|     13|       0.002|       0.006|
slv : +----------------------------------+------------+-------+------------+------------+
-----------------------------------------------------------------------
Memory Working Set Current = 305.58 Mb, Memory Working Set Peak = 307.48 Mb
Memory Private Bytes Current = 333.76 Mb, Memory Private Bytes Peak = 334.85 Mb
Process Threads Number: 35
-----------------------------------------------------------------------
Algebra Pool      : mem_usage = 176.56 Mb, allocated count = 1347

================== Tstep=13 ===================
<Dynamic P> on nsd = 0 {openings (inlet / outlet)}:
  (SP = Static Pressure, EP = Environment Pressure, TP = Total Pressure, E = External)
  {#0, E, (0.000000e+00 / 5.426989e+02)}
  {#1, E, (5.427470e+02 / 0.000000e+00)}
  {#2, E, (4.233089e-15 / 5.427032e+02)}
  {#3, E, (3.102538e-15 / 5.427032e+02)}
  {#4, E, (4.102387e-04 / 5.428706e+02)}
  {#5, E, (9.741966e-15 / 5.427032e+02)}
  MWS[  0]=1.45064
tau_viscous_averaged = 9031.83 
dt(mass,momentum; nsd=  0): min dt/dtG(ncv=  16072)=1.00 , max dt/dtG(ncv=  15971)=6.8    , dtG=0.000103113
Flow alg-view 0 in phys-view 0 isn't Neumann (not Multi Phase treating)
Face Momentum (sd=  0): max value of div(mf) (cv=17976) = 1.504197e-05
Flow alg-view 0 is not Neumann (not for Phase Change + Nested Iters)
+----+----+--------------+--------------+--------------+--------------+--------------+------+----+-+-+--+------+
|Name|view| Initial res  | Initial resL1| Target res   | Final res    | Final res L1 |Visits|Iter|R|F|CL|Status|
| BG |   0|  5.832716e-10|  1.992235e-04|  4.532624e-13|  2.537789e-13|  1.980048e-05|     6|  18|0|n|30|  OK  |
log10(resTarget_Lim / resTarget_Orig): 1.1 
Face Momentum (sd=  0): max value of div(mf) (cv=15915) = 1.529565e-07
	norm_L2 of div(momentum) = 5.037658e-07.
Flow alg-view 0 in phys-view 0 isn't Neumann (not Multi Phase treating)
LOG: number of a-faces with weighted approximations in 0 subdomain: 3.58577 percent
LOG: Rate of a-faces corrected to CUp1st in 0 subdomain: 0.084448 %
slv : SolveBL stage
|nsd|Real WF|NormalF|Cycle F|CriticF| EdgeF |CyclBrF|ExtParF|RWFnumSt|StLvlNum|  nfw  |  alp_U_min  |  nfw  |  alp_U_max  |  nfw  |  alp_T_min  |  nfw  |  alp_T_max  |  nfw  |  BL_s_min   |  nfw  |   BL_s_max  |
|  0|    786|    615|      0|      0|    171|      0|      0|     786|      20|   3312|0.0012543    |   3275|3.05878      |   3568|0            |   4184|13536.9      |   3841|-131.556     |   3568|0            |
Face Momentum (sd=  0): max value of div(mf) (cv=15915) = 1.529565e-07
	norm_L2 of div(momentum) = 5.037658e-07.
nsd = 0 BC: AP Inlet occurs on 1324 w-faces
+----+----+----+--------------+--------------+--------------+--------------+--------------+------+----+-+-+--+------+
|Name|view| n_y| Initial res  | Initial resL1| Target res   | Final res    | Final res L1 |Visits|Iter|R|F|CL|Status|
+----+----+----+--------------+--------------+--------------+--------------+--------------+------+----+-+-+--+------+
| 3M |   0|   0|  3.784356e-03|  3.455301e+00|  7.095668e-07|  5.824639e-12|  2.592885e-05|     1|   3|0|n|29|  OK  |
Velocity (predicted):
        (local) sd   0: min(  15971)=0.95863356980267     , max(  16072)=41.196284684597      
Flow alg-view 0 is not Neumann (not for Phase Change + Nested Iters)
+----+----+--------------+--------------+--------------+--------------+--------------+------+----+-+-+--+------+
|Name|view| Initial res  | Initial resL1| Target res   | Final res    | Final res L1 |Visits|Iter|R|F|CL|Status|
|DVGR|   0|  9.661326e-07|  2.393020e-02|  4.527896e-11|  1.092053e-11|  1.297480e-04|     4|  12|0|n|30|  OK  |
PRESSURE SOLVER(geom_index=  0): sum_C_dp=-1.58191e-08
Face Momentum (sd=  0): max value of div(mf) (cv=15983) = 8.194113e-07
	norm_L2 of div(momentum) = 3.304856e-06.
nsd = 0 min_dtHy = 0.000103113 (nCV =	16072 ) max_dtHy = 0.000702254 (nCV =	15971 ) 
+----+----+--------------+--------------+--------------+--------------+--------------+------+----+-+-+--+------+
|Name|view| Initial res  | Initial resL1| Target res   | Final res    | Final res L1 |Visits|Iter|R|F|CL|Status|
|CHT |   0|  2.508958e-07|  1.264324e-02|  1.568099e-11|  9.870617e-25|  1.255256e-10|     1|   9|0|n|30|  OK  |
slv : Fluid subdom(new) 0
slv : P static (new)                 : min(  16086) = 100601.34436303      , max(  16075) = 102805.23888433      
slv : Density (new)                  : min(  16086) = 1.194437228424       , max(  16075) = 1.2215097266643      
slv : Velocity (new)                 : min(  15971) = 1.2642770272377      , max(  16072) = 41.249578163454      
slv : Mach number (new)              : min(  15971) = 0.0036813408906892   , max(  16072) = 0.12028335050011     
slv : Temperature (new)              : min(  16072) = 292.80190652454      , max(  15971) = 293.64622326103      
slv : Total enthalpy, Y-shifted (new): min(  16073) = 449.78748204365      , max(  17687) = 450.05260226106      
slv : MASS FLUXES AT OPENINGS: MF=-100.32, AP=100.32
slv : DvGr statistics: min alpha=0.159015(nfa=52880, geom_slice=0)
slv : +----------------------------------+------------+-------+------------+------------+
slv : |          Collector name          | Total Time | Count |  Avg Time  |  Max Time  |
slv : +----------------------------------+------------+-------+------------+------------+
slv : | Calculate_inc                    |       3.739|     13|       0.288|       0.492|
slv : | CollectEMT_Results               |       0.000|     14|       0.000|       0.000|
slv : | HeatPathCalculator_Dynamic       |       0.021|      1|       0.021|       0.021|
slv : | LiSy_make_portrait               |       0.150|     56|       0.003|       0.006|
slv : | Results_processing               |       0.680|     13|       0.052|       0.064|
slv : | build_sl_ordering_CHT            |       0.022|     14|       0.002|       0.005|
slv : | build_sl_ordering_MDS            |       0.043|     14|       0.003|       0.011|
slv : | build_sl_ordering_fluid          |       0.043|     14|       0.003|       0.011|
slv : | calc_Convolutions_MDS            |       0.246|     14|       0.018|       0.031|
slv : | calc_wall_dist                   |       0.569|      1|       0.569|       0.569|
slv : | create_Gr_operators_MDS          |       0.141|     14|       0.010|       0.014|
slv : | create_Gr_operators_portrait_MDS |       0.094|     14|       0.007|       0.010|
slv : | init_Hy_group_MDS                |       0.174|     14|       0.012|       0.014|
slv : | perform_stage_total              |       3.472|    386|       0.009|       0.570|
slv : | precalc_at_start_MDS             |       0.506|      2|       0.253|       0.477|
slv : | solve_3M_MDS                     |       0.405|     14|       0.029|       0.046|
slv : | solve_3M_alg_MDS                 |       0.079|     14|       0.006|       0.008|
slv : | solve_BG_MDS                     |       0.505|     14|       0.036|       0.065|
slv : | solve_BG_alg_MDS                 |       0.271|     14|       0.019|       0.028|
slv : | solve_BL_MDS                     |       0.107|     14|       0.008|       0.026|
slv : | solve_CHT                        |       0.332|     14|       0.024|       0.036|
slv : | solve_CHT_MDS                    |       0.233|     14|       0.017|       0.023|
slv : | solve_CHT_alg_MDS                |       0.074|     14|       0.005|       0.010|
slv : | solve_DvGr_MDS                   |       0.803|     14|       0.057|       0.102|
slv : | solve_DvGr_alg_MDS               |       0.353|     14|       0.025|       0.064|
slv : | solve_INPR_MDS                   |       0.000|      1|       0.000|       0.000|
slv : | solve_PS+QJ                      |       0.000|      0|       0.000|       0.000|
slv : | solve_YLMA_MDS                   |       0.000|     14|       0.000|       0.000|
slv : | solve_YNOx_MDS                   |       0.000|     14|       0.000|       0.000|
slv : | solve_YTd_MDS                    |       0.001|     14|       0.000|       0.000|
slv : | solve_YTurb_MDS                  |       0.000|     14|       0.000|       0.000|
slv : | update_BC_MDS                    |       0.000|     15|       0.000|       0.000|
slv : | update_Mf_after_DvGr             |       0.088|     14|       0.006|       0.009|
slv : | update_VelPressure_MDS           |       0.027|     14|       0.002|       0.006|
slv : +----------------------------------+------------+-------+------------+------------+
-----------------------------------------------------------------------
Memory Working Set Current = 305.90 Mb, Memory Working Set Peak = 307.48 Mb
Memory Private Bytes Current = 334.58 Mb, Memory Private Bytes Peak = 334.85 Mb
Process Threads Number: 35
-----------------------------------------------------------------------
Algebra Pool      : mem_usage = 176.56 Mb, allocated count = 1349

================== Tstep=14 ===================
<Dynamic P> on nsd = 0 {openings (inlet / outlet)}:
  (SP = Static Pressure, EP = Environment Pressure, TP = Total Pressure, E = External)
  {#0, E, (0.000000e+00 / 5.427087e+02)}
  {#1, E, (5.427470e+02 / 0.000000e+00)}
  {#2, E, (7.741246e-15 / 5.427032e+02)}
  {#3, E, (5.909558e-15 / 5.427032e+02)}
  {#4, E, (3.332244e-04 / 5.428577e+02)}
  {#5, E, (1.215989e-14 / 5.427032e+02)}
  MWS[  0]=1.45208
tau_viscous_averaged = 9031.83 
dt(mass,momentum; nsd=  0): min dt/dtG(ncv=  16072)=1.00 , max dt/dtG(ncv=  15971)=6.9    , dtG=0.000103305
Flow alg-view 0 in phys-view 0 isn't Neumann (not Multi Phase treating)
Face Momentum (sd=  0): max value of div(mf) (cv=18021) = 1.544807e-05
Flow alg-view 0 is not Neumann (not for Phase Change + Nested Iters)
+----+----+--------------+--------------+--------------+--------------+--------------+------+----+-+-+--+------+
|Name|view| Initial res  | Initial resL1| Target res   | Final res    | Final res L1 |Visits|Iter|R|F|CL|Status|
| BG |   0|  5.686887e-10|  2.118104e-04|  4.527896e-13|  1.444171e-13|  2.161764e-05|     5|  15|0|n|30|  OK  |
log10(resTarget_Lim / resTarget_Orig): 1.1 
Face Momentum (sd=  0): max value of div(mf) (cv=15915) = 1.044138e-07
	norm_L2 of div(momentum) = 3.800230e-07.
Flow alg-view 0 in phys-view 0 isn't Neumann (not Multi Phase treating)
LOG: number of a-faces with weighted approximations in 0 subdomain: 3.66439 percent
LOG: Rate of a-faces corrected to CUp1st in 0 subdomain: 0.0771449 %
slv : SolveBL stage
|nsd|Real WF|NormalF|Cycle F|CriticF| EdgeF |CyclBrF|ExtParF|RWFnumSt|StLvlNum|  nfw  |  alp_U_min  |  nfw  |  alp_U_max  |  nfw  |  alp_T_min  |  nfw  |  alp_T_max  |  nfw  |  BL_s_min   |  nfw  |   BL_s_max  |
|  0|    786|    615|      0|      2|    169|      0|      0|     786|      20|   3675|0            |   3275|3.07277      |   3568|0            |   3736|12838.9      |   3841|-130.953     |   3568|0            |
Face Momentum (sd=  0): max value of div(mf) (cv=15915) = 1.044138e-07
	norm_L2 of div(momentum) = 3.800230e-07.
nsd = 0 BC: AP Inlet occurs on 1707 w-faces
+----+----+----+--------------+--------------+--------------+--------------+--------------+------+----+-+-+--+------+
|Name|view| n_y| Initial res  | Initial resL1| Target res   | Final res    | Final res L1 |Visits|Iter|R|F|CL|Status|
+----+----+----+--------------+--------------+--------------+--------------+--------------+------+----+-+-+--+------+
| 3M |   0|   0|  3.212209e-03|  3.171562e+00|  6.022892e-07|  5.390150e-12|  2.158551e-05|     1|   3|0|n|29|  OK  |
Velocity (predicted):
        (local) sd   0: min(  15971)=1.2076066056582      , max(  16072)=41.234102368882      
Flow alg-view 0 is not Neumann (not for Phase Change + Nested Iters)
+----+----+--------------+--------------+--------------+--------------+--------------+------+----+-+-+--+------+
|Name|view| Initial res  | Initial resL1| Target res   | Final res    | Final res L1 |Visits|Iter|R|F|CL|Status|
|DVGR|   0|  8.517118e-07|  2.324347e-02|  4.543986e-11|  4.501994e-11|  1.342402e-04|     4|  12|0|n|30|  OK  |
PRESSURE SOLVER(geom_index=  0): sum_C_dp=-1.00036e-09
Face Momentum (sd=  0): max value of div(mf) (cv=15983) = 2.800178e-06
	norm_L2 of div(momentum) = 6.709763e-06.
nsd = 0 min_dtHy = 0.000103305 (nCV =	16072 ) max_dtHy = 0.000709512 (nCV =	15971 ) 
+----+----+--------------+--------------+--------------+--------------+--------------+------+----+-+-+--+------+
|Name|view| Initial res  | Initial resL1| Target res   | Final res    | Final res L1 |Visits|Iter|R|F|CL|Status|
|CHT |   0|  2.521868e-07|  1.256506e-02|  1.576168e-11|  9.767063e-25|  1.257728e-10|     1|   9|0|n|30|  OK  |
slv : Fluid subdom(new) 0
slv : P static (new)                 : min(  16086) = 100598.95632321      , max(  16075) = 102807.27519334      
slv : Density (new)                  : min(  16086) = 1.19435422083        , max(  16075) = 1.2215335980129      
slv : Velocity (new)                 : min(  15971) = 1.2096928039132      , max(  16072) = 41.337753965833      
slv : Mach number (new)              : min(  15971) = 0.0035224013252412   , max(  16072) = 0.1205412107345      
slv : Temperature (new)              : min(  16072) = 292.79829157346      , max(  15971) = 293.6462905838       
slv : Total enthalpy, Y-shifted (new): min(  16073) = 449.77558421323      , max(  17687) = 450.05680034013      
slv : MASS FLUXES AT OPENINGS: MF=-100.32, AP=100.32
slv : DvGr statistics: min alpha=0.154613(nfa=44837, geom_slice=0)
slv : +----------------------------------+------------+-------+------------+------------+
slv : |          Collector name          | Total Time | Count |  Avg Time  |  Max Time  |
slv : +----------------------------------+------------+-------+------------+------------+
slv : | Calculate_inc                    |       4.001|     14|       0.286|       0.492|
slv : | CollectEMT_Results               |       0.000|     15|       0.000|       0.000|
slv : | HeatPathCalculator_Dynamic       |       0.021|      1|       0.021|       0.021|
slv : | LiSy_make_portrait               |       0.159|     59|       0.003|       0.006|
slv : | Results_processing               |       0.761|     14|       0.054|       0.081|
slv : | build_sl_ordering_CHT            |       0.022|     15|       0.001|       0.005|
slv : | build_sl_ordering_MDS            |       0.044|     15|       0.003|       0.011|
slv : | build_sl_ordering_fluid          |       0.043|     15|       0.003|       0.011|
slv : | calc_Convolutions_MDS            |       0.262|     15|       0.017|       0.031|
slv : | calc_wall_dist                   |       0.569|      1|       0.569|       0.569|
slv : | create_Gr_operators_MDS          |       0.150|     15|       0.010|       0.014|
slv : | create_Gr_operators_portrait_MDS |       0.101|     15|       0.007|       0.010|
slv : | init_Hy_group_MDS                |       0.184|     15|       0.012|       0.014|
slv : | perform_stage_total              |       3.657|    413|       0.009|       0.570|
slv : | precalc_at_start_MDS             |       0.506|      2|       0.253|       0.477|
slv : | solve_3M_MDS                     |       0.432|     15|       0.029|       0.046|
slv : | solve_3M_alg_MDS                 |       0.084|     15|       0.006|       0.008|
slv : | solve_BG_MDS                     |       0.535|     15|       0.036|       0.065|
slv : | solve_BG_alg_MDS                 |       0.286|     15|       0.019|       0.028|
slv : | solve_BL_MDS                     |       0.112|     15|       0.007|       0.026|
slv : | solve_CHT                        |       0.358|     15|       0.024|       0.036|
slv : | solve_CHT_MDS                    |       0.254|     15|       0.017|       0.023|
slv : | solve_CHT_alg_MDS                |       0.079|     15|       0.005|       0.010|
slv : | solve_DvGr_MDS                   |       0.857|     15|       0.057|       0.102|
slv : | solve_DvGr_alg_MDS               |       0.372|     15|       0.025|       0.064|
slv : | solve_INPR_MDS                   |       0.000|      1|       0.000|       0.000|
slv : | solve_PS+QJ                      |       0.000|      0|       0.000|       0.000|
slv : | solve_YLMA_MDS                   |       0.001|     15|       0.000|       0.000|
slv : | solve_YNOx_MDS                   |       0.000|     15|       0.000|       0.000|
slv : | solve_YTd_MDS                    |       0.001|     15|       0.000|       0.000|
slv : | solve_YTurb_MDS                  |       0.001|     15|       0.000|       0.000|
slv : | update_BC_MDS                    |       0.000|     16|       0.000|       0.000|
slv : | update_Mf_after_DvGr             |       0.095|     15|       0.006|       0.009|
slv : | update_VelPressure_MDS           |       0.029|     15|       0.002|       0.006|
slv : +----------------------------------+------------+-------+------------+------------+
Interpolator cache: total calls 2404, optimised calls 879 (36.6 %)
-----------------------------------------------------------------------
Memory Working Set Current = 305.84 Mb, Memory Working Set Peak = 307.77 Mb
Memory Private Bytes Current = 331.76 Mb, Memory Private Bytes Peak = 334.85 Mb
Process Threads Number: 35
-----------------------------------------------------------------------
Iteration : time = 1.64089 , count = 5 , time/count = 0.328178
Calculate_inc() : time = 1.32619 , count = 5 , time/count = 0.265239
TreatFlowEvolution() : time = 0.314696 , count = 5 , time/count = 0.0629392
SolverPreview : time = 0 , count = 5 , time/count = 0
TreatGoals : time = 0.314696 , count = 5 , time/count = 0.0629392
Algebra Pool      : mem_usage = 176.56 Mb, allocated count = 1347

================== Tstep=15 ===================
<Dynamic P> on nsd = 0 {openings (inlet / outlet)}:
  (SP = Static Pressure, EP = Environment Pressure, TP = Total Pressure, E = External)
  {#0, E, (0.000000e+00 / 5.427183e+02)}
  {#1, E, (5.427470e+02 / 0.000000e+00)}
  {#2, E, (1.174698e-14 / 5.427032e+02)}
  {#3, E, (8.419640e-15 / 5.427032e+02)}
  {#4, E, (2.849718e-04 / 5.428148e+02)}
  {#5, E, (6.987800e-15 / 5.427032e+02)}
  MWS[  0]=1.4552
tau_viscous_averaged = 9031.83 
dt(mass,momentum; nsd=  0): min dt/dtG(ncv=  16072)=1.00 , max dt/dtG(ncv=  15971)=7.0    , dtG=0.0001553
Flow alg-view 0 in phys-view 0 isn't Neumann (not Multi Phase treating)
Face Momentum (sd=  0): max value of div(mf) (cv=18463) = 8.095893e-06
Flow alg-view 0 is not Neumann (not for Phase Change + Nested Iters)
+----+----+--------------+--------------+--------------+--------------+--------------+------+----+-+-+--+------+
|Name|view| Initial res  | Initial resL1| Target res   | Final res    | Final res L1 |Visits|Iter|R|F|CL|Status|
| BG |   0|  5.458854e-10|  2.602449e-04|  4.543986e-13|  1.543432e-13|  1.588455e-05|     7|  21|0|n|30|  OK  |
log10(resTarget_Lim / resTarget_Orig): 1.1 
Face Momentum (sd=  0): max value of div(mf) (cv=15915) = 1.145947e-07
	norm_L2 of div(momentum) = 3.928659e-07.
Flow alg-view 0 in phys-view 0 isn't Neumann (not Multi Phase treating)
LOG: number of a-faces with weighted approximations in 0 subdomain: 3.94017 percent
LOG: Rate of a-faces corrected to CUp1st in 0 subdomain: 0.0803955 %
slv : SolveBL stage
|nsd|Real WF|NormalF|Cycle F|CriticF| EdgeF |CyclBrF|ExtParF|RWFnumSt|StLvlNum|  nfw  |  alp_U_min  |  nfw  |  alp_U_max  |  nfw  |  alp_T_min  |  nfw  |  alp_T_max  |  nfw  |  BL_s_min   |  nfw  |   BL_s_max  |
|  0|    786|    617|      0|      0|    169|      0|      0|     786|      20|   3387|0.00254452   |   4066|3.09373      |   3568|0            |   4188|13382.5      |   3841|-130.956     |   3568|0            |
Face Momentum (sd=  0): max value of div(mf) (cv=15915) = 1.145947e-07
	norm_L2 of div(momentum) = 3.928659e-07.
nsd = 0 BC: AP Inlet occurs on 2188 w-faces
+----+----+----+--------------+--------------+--------------+--------------+--------------+------+----+-+-+--+------+
|Name|view| n_y| Initial res  | Initial resL1| Target res   | Final res    | Final res L1 |Visits|Iter|R|F|CL|Status|
+----+----+----+--------------+--------------+--------------+--------------+--------------+------+----+-+-+--+------+
| 3M |   0|   0|  2.867208e-03|  2.916103e+00|  5.376014e-07|  3.632175e-11|  5.308951e-05|     1|   3|0|n|29|  OK  |
Velocity (predicted):
        (local) sd   0: min(  15971)=1.4930293001459      , max(  16072)=41.38994244015       
Flow alg-view 0 is not Neumann (not for Phase Change + Nested Iters)
+----+----+--------------+--------------+--------------+--------------+--------------+------+----+-+-+--+------+
|Name|view| Initial res  | Initial resL1| Target res   | Final res    | Final res L1 |Visits|Iter|R|F|CL|Status|
|DVGR|   0|  9.217109e-07|  2.620212e-02|  5.760693e-11|  5.500428e-11|  2.840458e-04|     3|   9|0|n|30|  OK  |
PRESSURE SOLVER(geom_index=  0): sum_C_dp=-1.29162e-09
Face Momentum (sd=  0): max value of div(mf) (cv=15357) = 1.103491e-06
	norm_L2 of div(momentum) = 7.416613e-06.
nsd = 0 min_dtHy = 0.0001553 (nCV =	16072 ) max_dtHy = 0.00108534 (nCV =	15971 ) 
+----+----+--------------+--------------+--------------+--------------+--------------+------+----+-+-+--+------+
|Name|view| Initial res  | Initial resL1| Target res   | Final res    | Final res L1 |Visits|Iter|R|F|CL|Status|
|CHT |   0|  2.983789e-07|  1.345459e-02|  1.864868e-11|  2.002268e-23|  1.427728e-10|     1|   9|0|n|30|  OK  |
slv : Fluid subdom(new) 0
slv : P static (new)                 : min(  16073) = 100603.18750817      , max(  16075) = 102810.87517786      
slv : Density (new)                  : min(  16073) = 1.1944173221836      , max(  16075) = 1.2215812770594      
slv : Velocity (new)                 : min(  15971) = 1.0432605210738      , max(  16072) = 41.389426555825      
slv : Mach number (new)              : min(  15971) = 0.0030377804024056   , max(  16072) = 0.12069232347895     
slv : Temperature (new)              : min(  16072) = 292.79617031039      , max(  15971) = 293.64647516796      
slv : Total enthalpy, Y-shifted (new): min(  16073) = 449.75963842311      , max(  17687) = 450.05961064363      
slv : MASS FLUXES AT OPENINGS: MF=-100.32, AP=100.32
slv : DvGr statistics: min alpha=0.155107(nfa=44837, geom_slice=0)
slv : +----------------------------------+------------+-------+------------+------------+
slv : |          Collector name          | Total Time | Count |  Avg Time  |  Max Time  |
slv : +----------------------------------+------------+-------+------------+------------+
slv : | Calculate_inc                    |       4.269|     15|       0.285|       0.492|
slv : | CollectEMT_Results               |       0.000|     16|       0.000|       0.000|
slv : | HeatPathCalculator_Dynamic       |       0.021|      1|       0.021|       0.021|
slv : | LiSy_make_portrait               |       0.169|     63|       0.003|       0.006|
slv : | Results_processing               |       0.834|     15|       0.056|       0.081|
slv : | build_sl_ordering_CHT            |       0.025|     16|       0.002|       0.005|
slv : | build_sl_ordering_MDS            |       0.050|     16|       0.003|       0.011|
slv : | build_sl_ordering_fluid          |       0.049|     16|       0.003|       0.011|
slv : | calc_Convolutions_MDS            |       0.277|     16|       0.017|       0.031|
slv : | calc_wall_dist                   |       0.569|      1|       0.569|       0.569|
slv : | create_Gr_operators_MDS          |       0.161|     16|       0.010|       0.014|
slv : | create_Gr_operators_portrait_MDS |       0.108|     16|       0.007|       0.010|
slv : | init_Hy_group_MDS                |       0.196|     16|       0.012|       0.014|
slv : | perform_stage_total              |       3.860|    440|       0.009|       0.570|
slv : | precalc_at_start_MDS             |       0.506|      2|       0.253|       0.477|
slv : | solve_3M_MDS                     |       0.462|     16|       0.029|       0.046|
slv : | solve_3M_alg_MDS                 |       0.089|     16|       0.006|       0.008|
slv : | solve_BG_MDS                     |       0.577|     16|       0.036|       0.065|
slv : | solve_BG_alg_MDS                 |       0.315|     16|       0.020|       0.029|
slv : | solve_BL_MDS                     |       0.117|     16|       0.007|       0.026|
slv : | solve_CHT                        |       0.382|     16|       0.024|       0.036|
slv : | solve_CHT_MDS                    |       0.270|     16|       0.017|       0.023|
slv : | solve_CHT_alg_MDS                |       0.083|     16|       0.005|       0.010|
slv : | solve_DvGr_MDS                   |       0.901|     16|       0.056|       0.102|
slv : | solve_DvGr_alg_MDS               |       0.387|     16|       0.024|       0.064|
slv : | solve_INPR_MDS                   |       0.000|      1|       0.000|       0.000|
slv : | solve_PS+QJ                      |       0.000|      0|       0.000|       0.000|
slv : | solve_YLMA_MDS                   |       0.001|     16|       0.000|       0.000|
slv : | solve_YNOx_MDS                   |       0.000|     16|       0.000|       0.000|
slv : | solve_YTd_MDS                    |       0.001|     16|       0.000|       0.000|
slv : | solve_YTurb_MDS                  |       0.001|     16|       0.000|       0.000|
slv : | update_BC_MDS                    |       0.000|     17|       0.000|       0.000|
slv : | update_Mf_after_DvGr             |       0.101|     16|       0.006|       0.009|
slv : | update_VelPressure_MDS           |       0.032|     16|       0.002|       0.006|
slv : +----------------------------------+------------+-------+------------+------------+
-----------------------------------------------------------------------
Memory Working Set Current = 305.89 Mb, Memory Working Set Peak = 307.77 Mb
Memory Private Bytes Current = 332.80 Mb, Memory Private Bytes Peak = 334.85 Mb
Process Threads Number: 35
-----------------------------------------------------------------------
Algebra Pool      : mem_usage = 176.56 Mb, allocated count = 1310

================== Tstep=16 ===================
<Dynamic P> on nsd = 0 {openings (inlet / outlet)}:
  (SP = Static Pressure, EP = Environment Pressure, TP = Total Pressure, E = External)
  {#0, E, (0.000000e+00 / 5.427321e+02)}
  {#1, E, (5.427469e+02 / 0.000000e+00)}
  {#2, E, (1.482498e-14 / 5.427032e+02)}
  {#3, E, (1.258016e-14 / 5.427032e+02)}
  {#4, E, (3.702421e-04 / 5.427477e+02)}
  {#5, E, (8.295873e-15 / 5.427032e+02)}
  MWS[  0]=1.45722
tau_viscous_averaged = 9031.83 
dt(mass,momentum; nsd=  0): min dt/dtG(ncv=  16072)=1.00 , max dt/dtG(ncv=  15971)=7.2    , dtG=0.000155374
Flow alg-view 0 in phys-view 0 isn't Neumann (not Multi Phase treating)
Face Momentum (sd=  0): max value of div(mf) (cv=15289) = 2.211625e-05
Flow alg-view 0 is not Neumann (not for Phase Change + Nested Iters)
+----+----+--------------+--------------+--------------+--------------+--------------+------+----+-+-+--+------+
|Name|view| Initial res  | Initial resL1| Target res   | Final res    | Final res L1 |Visits|Iter|R|F|CL|Status|
| BG |   0|  3.735371e-09|  6.735374e-04|  5.760693e-13|  3.023860e-13|  3.803344e-05|     5|  15|0|n|30|  OK  |
log10(resTarget_Lim / resTarget_Orig): 0.4 
Face Momentum (sd=  0): max value of div(mf) (cv=14598) = 4.769851e-08
	norm_L2 of div(momentum) = 5.498969e-07.
Flow alg-view 0 in phys-view 0 isn't Neumann (not Multi Phase treating)
LOG: number of a-faces with weighted approximations in 0 subdomain: 3.76089 percent
LOG: Rate of a-faces corrected to CUp1st in 0 subdomain: 0.0754565 %
slv : SolveBL stage
|nsd|Real WF|NormalF|Cycle F|CriticF| EdgeF |CyclBrF|ExtParF|RWFnumSt|StLvlNum|  nfw  |  alp_U_min  |  nfw  |  alp_U_max  |  nfw  |  alp_T_min  |  nfw  |  alp_T_max  |  nfw  |  BL_s_min   |  nfw  |   BL_s_max  |
|  0|    786|    607|      0|      0|    179|      0|      0|     786|      20|   3279|0.00187392   |   4051|3.11235      |   3568|0            |   4188|17521.4      |   3841|-130.915     |   3568|0            |
Face Momentum (sd=  0): max value of div(mf) (cv=14598) = 4.769851e-08
	norm_L2 of div(momentum) = 5.498969e-07.
nsd = 0 BC: AP Inlet occurs on 2657 w-faces
+----+----+----+--------------+--------------+--------------+--------------+--------------+------+----+-+-+--+------+
|Name|view| n_y| Initial res  | Initial resL1| Target res   | Final res    | Final res L1 |Visits|Iter|R|F|CL|Status|
+----+----+----+--------------+--------------+--------------+--------------+--------------+------+----+-+-+--+------+
| 3M |   0|   0|  2.307139e-03|  2.598220e+00|  4.325886e-07|  2.568896e-11|  4.091717e-05|     1|   3|0|n|29|  OK  |
Velocity (predicted):
        (local) sd   0: min(  15971)=1.027957742591       , max(  16072)=41.446033998902      
Flow alg-view 0 is not Neumann (not for Phase Change + Nested Iters)
+----+----+--------------+--------------+--------------+--------------+--------------+------+----+-+-+--+------+
|Name|view| Initial res  | Initial resL1| Target res   | Final res    | Final res L1 |Visits|Iter|R|F|CL|Status|
|DVGR|   0|  9.057998e-07|  2.753290e-02|  5.661249e-11|  1.670400e-11|  1.481345e-04|     4|  12|0|n|30|  OK  |
PRESSURE SOLVER(geom_index=  0): sum_C_dp=-5.59787e-09
Face Momentum (sd=  0): max value of div(mf) (cv=15983) = 9.732790e-07
	norm_L2 of div(momentum) = 4.087195e-06.
nsd = 0 min_dtHy = 0.000155374 (nCV =	16072 ) max_dtHy = 0.00111392 (nCV =	15971 ) 
+----+----+--------------+--------------+--------------+--------------+--------------+------+----+-+-+--+------+
|Name|view| Initial res  | Initial resL1| Target res   | Final res    | Final res L1 |Visits|Iter|R|F|CL|Status|
|CHT |   0|  2.604331e-07|  1.239281e-02|  1.627707e-11|  1.137306e-23|  1.301844e-10|     1|   9|0|n|30|  OK  |
slv : Fluid subdom(new) 0
slv : P static (new)                 : min(  16073) = 100604.39520006      , max(  16075) = 102814.5188809       
slv : Density (new)                  : min(  16073) = 1.1944047823944      , max(  16075) = 1.2216248993016      
slv : Velocity (new)                 : min(  15971) = 0.98123024989824     , max(  16072) = 41.445339831534      
slv : Mach number (new)              : min(  15971) = 0.0028571595042416   , max(  16072) = 0.12085583987265     
slv : Temperature (new)              : min(  16072) = 292.79387085818      , max(  15971) = 293.64653658575      
slv : Total enthalpy, Y-shifted (new): min(  16043) = 449.73886109494      , max(  15654) = 450.05819525544      
slv : MASS FLUXES AT OPENINGS: MF=-100.32, AP=100.32
slv : DvGr statistics: min alpha=0.149296(nfa=44965, geom_slice=0)
slv : +----------------------------------+------------+-------+------------+------------+
slv : |          Collector name          | Total Time | Count |  Avg Time  |  Max Time  |
slv : +----------------------------------+------------+-------+------------+------------+
slv : | Calculate_inc                    |       4.553|     16|       0.285|       0.492|
slv : | CollectEMT_Results               |       0.000|     17|       0.000|       0.000|
slv : | HeatPathCalculator_Dynamic       |       0.021|      1|       0.021|       0.021|
slv : | LiSy_make_portrait               |       0.176|     66|       0.003|       0.006|
slv : | Results_processing               |       0.905|     16|       0.057|       0.081|
slv : | build_sl_ordering_CHT            |       0.025|     17|       0.001|       0.005|
slv : | build_sl_ordering_MDS            |       0.050|     17|       0.003|       0.011|
slv : | build_sl_ordering_fluid          |       0.049|     17|       0.003|       0.011|
slv : | calc_Convolutions_MDS            |       0.295|     17|       0.017|       0.031|
slv : | calc_wall_dist                   |       0.569|      1|       0.569|       0.569|
slv : | create_Gr_operators_MDS          |       0.171|     17|       0.010|       0.014|
slv : | create_Gr_operators_portrait_MDS |       0.115|     17|       0.007|       0.010|
slv : | init_Hy_group_MDS                |       0.210|     17|       0.012|       0.014|
slv : | perform_stage_total              |       4.041|    467|       0.009|       0.570|
slv : | precalc_at_start_MDS             |       0.506|      2|       0.253|       0.477|
slv : | solve_3M_MDS                     |       0.489|     17|       0.029|       0.046|
slv : | solve_3M_alg_MDS                 |       0.094|     17|       0.006|       0.008|
slv : | solve_BG_MDS                     |       0.606|     17|       0.036|       0.065|
slv : | solve_BG_alg_MDS                 |       0.329|     17|       0.019|       0.029|
slv : | solve_BL_MDS                     |       0.122|     17|       0.007|       0.026|
slv : | solve_CHT                        |       0.406|     17|       0.024|       0.036|
slv : | solve_CHT_MDS                    |       0.288|     17|       0.017|       0.023|
slv : | solve_CHT_alg_MDS                |       0.088|     17|       0.005|       0.010|
slv : | solve_DvGr_MDS                   |       0.952|     17|       0.056|       0.102|
slv : | solve_DvGr_alg_MDS               |       0.408|     17|       0.024|       0.064|
slv : | solve_INPR_MDS                   |       0.000|      1|       0.000|       0.000|
slv : | solve_PS+QJ                      |       0.000|      0|       0.000|       0.000|
slv : | solve_YLMA_MDS                   |       0.001|     17|       0.000|       0.000|
slv : | solve_YNOx_MDS                   |       0.000|     17|       0.000|       0.000|
slv : | solve_YTd_MDS                    |       0.001|     17|       0.000|       0.000|
slv : | solve_YTurb_MDS                  |       0.001|     17|       0.000|       0.000|
slv : | update_BC_MDS                    |       0.000|     18|       0.000|       0.000|
slv : | update_Mf_after_DvGr             |       0.107|     17|       0.006|       0.009|
slv : | update_VelPressure_MDS           |       0.033|     17|       0.002|       0.006|
slv : +----------------------------------+------------+-------+------------+------------+
-----------------------------------------------------------------------
Memory Working Set Current = 306.02 Mb, Memory Working Set Peak = 307.78 Mb
Memory Private Bytes Current = 332.80 Mb, Memory Private Bytes Peak = 335.10 Mb
Process Threads Number: 35
-----------------------------------------------------------------------
Algebra Pool      : mem_usage = 176.56 Mb, allocated count = 1342

================== Tstep=17 ===================
<Dynamic P> on nsd = 0 {openings (inlet / outlet)}:
  (SP = Static Pressure, EP = Environment Pressure, TP = Total Pressure, E = External)
  {#0, E, (0.000000e+00 / 5.427444e+02)}
  {#1, E, (5.427469e+02 / 0.000000e+00)}
  {#2, E, (2.218474e-14 / 5.427032e+02)}
  {#3, E, (1.710882e-14 / 5.427032e+02)}
  {#4, E, (6.060898e-04 / 5.427550e+02)}
  {#5, E, (2.251447e-14 / 5.427032e+02)}
  MWS[  0]=1.45923
tau_viscous_averaged = 9031.83 
dt(mass,momentum; nsd=  0): min dt/dtG(ncv=  16072)=1.00 , max dt/dtG(ncv=  15971)=7.5    , dtG=0.000155129
Flow alg-view 0 in phys-view 0 isn't Neumann (not Multi Phase treating)
Face Momentum (sd=  0): max value of div(mf) (cv=14467) = 7.144412e-06
Flow alg-view 0 is not Neumann (not for Phase Change + Nested Iters)
+----+----+--------------+--------------+--------------+--------------+--------------+------+----+-+-+--+------+
|Name|view| Initial res  | Initial resL1| Target res   | Final res    | Final res L1 |Visits|Iter|R|F|CL|Status|
| BG |   0|  2.429712e-10|  2.200945e-04|  5.661249e-13|  3.062655e-13|  2.184420e-05|     5|  15|0|n|30|  OK  |
log10(resTarget_Lim / resTarget_Orig): 1.6 
Face Momentum (sd=  0): max value of div(mf) (cv=15915) = 1.909458e-07
	norm_L2 of div(momentum) = 5.534125e-07.
Flow alg-view 0 in phys-view 0 isn't Neumann (not Multi Phase treating)
LOG: number of a-faces with weighted approximations in 0 subdomain: 3.62984 percent
LOG: Rate of a-faces corrected to CUp1st in 0 subdomain: 0.0672664 %
slv : SolveBL stage
|nsd|Real WF|NormalF|Cycle F|CriticF| EdgeF |CyclBrF|ExtParF|RWFnumSt|StLvlNum|  nfw  |  alp_U_min  |  nfw  |  alp_U_max  |  nfw  |  alp_T_min  |  nfw  |  alp_T_max  |  nfw  |  BL_s_min   |  nfw  |   BL_s_max  |
|  0|    786|    607|      0|      0|    179|      0|      0|     786|      20|   3300|0.0024594    |   4051|3.13435      |   3568|0            |   4153|17302.8      |   3841|-130.99      |   3568|0            |
Face Momentum (sd=  0): max value of div(mf) (cv=15915) = 1.909458e-07
	norm_L2 of div(momentum) = 5.534125e-07.
nsd = 0 BC: AP Inlet occurs on 2973 w-faces
+----+----+----+--------------+--------------+--------------+--------------+--------------+------+----+-+-+--+------+
|Name|view| n_y| Initial res  | Initial resL1| Target res   | Final res    | Final res L1 |Visits|Iter|R|F|CL|Status|
+----+----+----+--------------+--------------+--------------+--------------+--------------+------+----+-+-+--+------+
| 3M |   0|   0|  1.925660e-03|  2.327000e+00|  3.610612e-07|  1.808372e-11|  3.464334e-05|     1|   3|0|n|29|  OK  |
Velocity (predicted):
        (local) sd   0: min(  15971)=0.95989312870725     , max(  16072)=41.475663941024      
Flow alg-view 0 is not Neumann (not for Phase Change + Nested Iters)
+----+----+--------------+--------------+--------------+--------------+--------------+------+----+-+-+--+------+
|Name|view| Initial res  | Initial resL1| Target res   | Final res    | Final res L1 |Visits|Iter|R|F|CL|Status|
|DVGR|   0|  7.134082e-07|  2.364246e-02|  4.458801e-11|  2.158432e-11|  1.338258e-04|     4|  12|0|n|30|  OK  |
PRESSURE SOLVER(geom_index=  0): sum_C_dp=4.31081e-09
Face Momentum (sd=  0): max value of div(mf) (cv=15983) = 1.490626e-06
	norm_L2 of div(momentum) = 4.645987e-06.
nsd = 0 min_dtHy = 0.000155129 (nCV =	16072 ) max_dtHy = 0.00116146 (nCV =	15971 ) 
+----+----+--------------+--------------+--------------+--------------+--------------+------+----+-+-+--+------+
|Name|view| Initial res  | Initial resL1| Target res   | Final res    | Final res L1 |Visits|Iter|R|F|CL|Status|
|CHT |   0|  2.362505e-07|  1.134865e-02|  1.476565e-11|  4.124455e-24|  1.151362e-10|     1|   9|0|n|30|  OK  |
slv : Fluid subdom(new) 0
slv : P static (new)                 : min(  16073) = 100608.89122041      , max(  16075) = 102817.86503985      
slv : Density (new)                  : min(  16073) = 1.194443368566       , max(  16075) = 1.2216635331434      
slv : Velocity (new)                 : min(  15971) = 1.1202499293534      , max(  16072) = 41.451178983776      
slv : Mach number (new)              : min(  15971) = 0.0032619597112419   , max(  16072) = 0.12087291620324     
slv : Temperature (new)              : min(  16072) = 292.79363138833      , max(  15971) = 293.64638726266      
slv : Total enthalpy, Y-shifted (new): min(  16043) = 449.70134723013      , max(  15599) = 450.06450326904      
slv : MASS FLUXES AT OPENINGS: MF=-100.32, AP=100.32
slv : DvGr statistics: min alpha=0.152024(nfa=53023, geom_slice=0)
slv : +----------------------------------+------------+-------+------------+------------+
slv : |          Collector name          | Total Time | Count |  Avg Time  |  Max Time  |
slv : +----------------------------------+------------+-------+------------+------------+
slv : | Calculate_inc                    |       4.809|     17|       0.283|       0.492|
slv : | CollectEMT_Results               |       0.000|     18|       0.000|       0.000|
slv : | HeatPathCalculator_Dynamic       |       0.021|      1|       0.021|       0.021|
slv : | LiSy_make_portrait               |       0.186|     70|       0.003|       0.006|
slv : | Results_processing               |       0.980|     17|       0.058|       0.081|
slv : | build_sl_ordering_CHT            |       0.028|     18|       0.002|       0.005|
slv : | build_sl_ordering_MDS            |       0.058|     18|       0.003|       0.011|
slv : | build_sl_ordering_fluid          |       0.057|     18|       0.003|       0.011|
slv : | calc_Convolutions_MDS            |       0.312|     18|       0.017|       0.031|
slv : | calc_wall_dist                   |       0.569|      1|       0.569|       0.569|
slv : | create_Gr_operators_MDS          |       0.183|     18|       0.010|       0.014|
slv : | create_Gr_operators_portrait_MDS |       0.122|     18|       0.007|       0.010|
slv : | init_Hy_group_MDS                |       0.223|     18|       0.012|       0.014|
slv : | perform_stage_total              |       4.242|    494|       0.009|       0.570|
slv : | precalc_at_start_MDS             |       0.506|      2|       0.253|       0.477|
slv : | solve_3M_MDS                     |       0.518|     18|       0.029|       0.046|
slv : | solve_3M_alg_MDS                 |       0.100|     18|       0.006|       0.008|
slv : | solve_BG_MDS                     |       0.637|     18|       0.035|       0.065|
slv : | solve_BG_alg_MDS                 |       0.343|     18|       0.019|       0.029|
slv : | solve_BL_MDS                     |       0.130|     18|       0.007|       0.026|
slv : | solve_CHT                        |       0.433|     18|       0.024|       0.036|
slv : | solve_CHT_MDS                    |       0.305|     18|       0.017|       0.023|
slv : | solve_CHT_alg_MDS                |       0.092|     18|       0.005|       0.010|
slv : | solve_DvGr_MDS                   |       1.004|     18|       0.056|       0.102|
slv : | solve_DvGr_alg_MDS               |       0.424|     18|       0.024|       0.064|
slv : | solve_INPR_MDS                   |       0.000|      1|       0.000|       0.000|
slv : | solve_PS+QJ                      |       0.000|      0|       0.000|       0.000|
slv : | solve_YLMA_MDS                   |       0.001|     18|       0.000|       0.000|
slv : | solve_YNOx_MDS                   |       0.000|     18|       0.000|       0.000|
slv : | solve_YTd_MDS                    |       0.001|     18|       0.000|       0.000|
slv : | solve_YTurb_MDS                  |       0.001|     18|       0.000|       0.000|
slv : | update_BC_MDS                    |       0.000|     19|       0.000|       0.000|
slv : | update_Mf_after_DvGr             |       0.113|     18|       0.006|       0.009|
slv : | update_VelPressure_MDS           |       0.034|     18|       0.002|       0.006|
slv : +----------------------------------+------------+-------+------------+------------+
-----------------------------------------------------------------------
Memory Working Set Current = 305.80 Mb, Memory Working Set Peak = 307.78 Mb
Memory Private Bytes Current = 333.37 Mb, Memory Private Bytes Peak = 335.10 Mb
Process Threads Number: 35
-----------------------------------------------------------------------
Algebra Pool      : mem_usage = 176.56 Mb, allocated count = 1348

================== Tstep=18 ===================
<Dynamic P> on nsd = 0 {openings (inlet / outlet)}:
  (SP = Static Pressure, EP = Environment Pressure, TP = Total Pressure, E = External)
  {#0, E, (0.000000e+00 / 5.427555e+02)}
  {#1, E, (5.427468e+02 / 0.000000e+00)}
  {#2, E, (3.105760e-14 / 5.427032e+02)}
  {#3, E, (2.352414e-14 / 5.427032e+02)}
  {#4, E, (9.262206e-04 / 5.427879e+02)}
  {#5, E, (2.597199e-14 / 5.427032e+02)}
  MWS[  0]=1.45934
tau_viscous_averaged = 9031.83 
dt(mass,momentum; nsd=  0): min dt/dtG(ncv=  16072)=1.00 , max dt/dtG(ncv=  15971)=7.4    , dtG=0.000154765
Flow alg-view 0 in phys-view 0 isn't Neumann (not Multi Phase treating)
Face Momentum (sd=  0): max value of div(mf) (cv=18841) = 2.000562e-06
Flow alg-view 0 is not Neumann (not for Phase Change + Nested Iters)
+----+----+--------------+--------------+--------------+--------------+--------------+------+----+-+-+--+------+
|Name|view| Initial res  | Initial resL1| Target res   | Final res    | Final res L1 |Visits|Iter|R|F|CL|Status|
| BG |   0|  3.389633e-11|  1.488700e-04|  4.458801e-13|  1.860279e-13|  1.685445e-05|     6|  18|0|n|30|  OK  |
log10(resTarget_Lim / resTarget_Orig): 2.3 
Face Momentum (sd=  0): max value of div(mf) (cv=15915) = 1.440779e-07
	norm_L2 of div(momentum) = 4.313099e-07.
Flow alg-view 0 in phys-view 0 isn't Neumann (not Multi Phase treating)
LOG: number of a-faces with weighted approximations in 0 subdomain: 3.25221 percent
LOG: Rate of a-faces corrected to CUp1st in 0 subdomain: 0.0641334 %
slv : SolveBL stage
|nsd|Real WF|NormalF|Cycle F|CriticF| EdgeF |CyclBrF|ExtParF|RWFnumSt|StLvlNum|  nfw  |  alp_U_min  |  nfw  |  alp_U_max  |  nfw  |  alp_T_min  |  nfw  |  alp_T_max  |  nfw  |  BL_s_min   |  nfw  |   BL_s_max  |
|  0|    786|    606|      0|      0|    180|      0|      0|     786|      20|   3300|0.00188593   |   3403|3.18988      |   3568|0            |   3810|11557.6      |   3841|-130.905     |   3568|0            |
Face Momentum (sd=  0): max value of div(mf) (cv=15915) = 1.440779e-07
	norm_L2 of div(momentum) = 4.313099e-07.
nsd = 0 BC: AP Inlet occurs on 3384 w-faces
+----+----+----+--------------+--------------+--------------+--------------+--------------+------+----+-+-+--+------+
|Name|view| n_y| Initial res  | Initial resL1| Target res   | Final res    | Final res L1 |Visits|Iter|R|F|CL|Status|
+----+----+----+--------------+--------------+--------------+--------------+--------------+------+----+-+-+--+------+
| 3M |   0|   0|  1.828423e-03|  2.087660e+00|  3.428294e-07|  1.323629e-11|  3.178079e-05|     1|   3|0|n|29|  OK  |
Velocity (predicted):
        (local) sd   0: min(  15971)=1.4689673098272      , max(  16072)=41.450878112662      
Flow alg-view 0 is not Neumann (not for Phase Change + Nested Iters)
+----+----+--------------+--------------+--------------+--------------+--------------+------+----+-+-+--+------+
|Name|view| Initial res  | Initial resL1| Target res   | Final res    | Final res L1 |Visits|Iter|R|F|CL|Status|
|DVGR|   0|  6.539696e-07|  2.109456e-02|  4.087310e-11|  1.712487e-11|  1.384858e-04|     4|  12|0|n|30|  OK  |
PRESSURE SOLVER(geom_index=  0): sum_C_dp=4.66798e-09
Face Momentum (sd=  0): max value of div(mf) (cv=15983) = 9.993435e-07
	norm_L2 of div(momentum) = 4.138347e-06.
nsd = 0 min_dtHy = 0.000154765 (nCV =	16072 ) max_dtHy = 0.00114403 (nCV =	15971 ) 
+----+----+--------------+--------------+--------------+--------------+--------------+------+----+-+-+--+------+
|Name|view| Initial res  | Initial resL1| Target res   | Final res    | Final res L1 |Visits|Iter|R|F|CL|Status|
|CHT |   0|  1.960776e-07|  1.005614e-02|  1.225485e-11|  1.969534e-24|  1.100726e-10|     1|   9|0|n|30|  OK  |
slv : Fluid subdom(new) 0
slv : P static (new)                 : min(  16073) = 100614.59319675      , max(  16075) = 102822.10257377      
slv : Density (new)                  : min(  16073) = 1.1944957930318      , max(  16075) = 1.2217118531039      
slv : Velocity (new)                 : min(  15971) = 1.2813165053868      , max(  16072) = 41.439470762354      
slv : Mach number (new)              : min(  15971) = 0.0037309568969429   , max(  16072) = 0.12083867567557     
slv : Temperature (new)              : min(  16072) = 292.79411345324      , max(  15971) = 293.64619207915      
slv : Total enthalpy, Y-shifted (new): min(  16043) = 449.66318512509      , max(  15598) = 450.07047336269      
slv : MASS FLUXES AT OPENINGS: MF=-100.32, AP=100.32
slv : DvGr statistics: min alpha=0.153112(nfa=44837, geom_slice=0)
slv : +----------------------------------+------------+-------+------------+------------+
slv : |          Collector name          | Total Time | Count |  Avg Time  |  Max Time  |
slv : +----------------------------------+------------+-------+------------+------------+
slv : | Calculate_inc                    |       5.109|     18|       0.284|       0.492|
slv : | CollectEMT_Results               |       0.000|     19|       0.000|       0.000|
slv : | HeatPathCalculator_Dynamic       |       0.021|      1|       0.021|       0.021|
slv : | LiSy_make_portrait               |       0.194|     73|       0.003|       0.006|
slv : | Results_processing               |       1.047|     18|       0.058|       0.081|
slv : | build_sl_ordering_CHT            |       0.028|     19|       0.001|       0.005|
slv : | build_sl_ordering_MDS            |       0.058|     19|       0.003|       0.011|
slv : | build_sl_ordering_fluid          |       0.057|     19|       0.003|       0.011|
slv : | calc_Convolutions_MDS            |       0.328|     19|       0.017|       0.031|
slv : | calc_wall_dist                   |       0.569|      1|       0.569|       0.569|
slv : | create_Gr_operators_MDS          |       0.192|     19|       0.010|       0.014|
slv : | create_Gr_operators_portrait_MDS |       0.130|     19|       0.007|       0.010|
slv : | init_Hy_group_MDS                |       0.235|     19|       0.012|       0.014|
slv : | perform_stage_total              |       4.423|    521|       0.008|       0.570|
slv : | precalc_at_start_MDS             |       0.506|      2|       0.253|       0.477|
slv : | solve_3M_MDS                     |       0.544|     19|       0.029|       0.046|
slv : | solve_3M_alg_MDS                 |       0.105|     19|       0.006|       0.008|
slv : | solve_BG_MDS                     |       0.667|     19|       0.035|       0.065|
slv : | solve_BG_alg_MDS                 |       0.359|     19|       0.019|       0.029|
slv : | solve_BL_MDS                     |       0.136|     19|       0.007|       0.026|
slv : | solve_CHT                        |       0.452|     19|       0.024|       0.036|
slv : | solve_CHT_MDS                    |       0.320|     19|       0.017|       0.023|
slv : | solve_CHT_alg_MDS                |       0.097|     19|       0.005|       0.010|
slv : | solve_DvGr_MDS                   |       1.049|     19|       0.055|       0.102|
slv : | solve_DvGr_alg_MDS               |       0.441|     19|       0.023|       0.064|
slv : | solve_INPR_MDS                   |       0.000|      1|       0.000|       0.000|
slv : | solve_PS+QJ                      |       0.000|      0|       0.000|       0.000|
slv : | solve_YLMA_MDS                   |       0.001|     19|       0.000|       0.000|
slv : | solve_YNOx_MDS                   |       0.000|     19|       0.000|       0.000|
slv : | solve_YTd_MDS                    |       0.001|     19|       0.000|       0.000|
slv : | solve_YTurb_MDS                  |       0.001|     19|       0.000|       0.000|
slv : | update_BC_MDS                    |       0.000|     20|       0.000|       0.000|
slv : | update_Mf_after_DvGr             |       0.118|     19|       0.006|       0.009|
slv : | update_VelPressure_MDS           |       0.035|     19|       0.002|       0.006|
slv : +----------------------------------+------------+-------+------------+------------+
-----------------------------------------------------------------------
Memory Working Set Current = 306.28 Mb, Memory Working Set Peak = 307.95 Mb
Memory Private Bytes Current = 333.05 Mb, Memory Private Bytes Peak = 335.10 Mb
Process Threads Number: 35
-----------------------------------------------------------------------
Algebra Pool      : mem_usage = 176.56 Mb, allocated count = 1324

================== Tstep=19 ===================
<Dynamic P> on nsd = 0 {openings (inlet / outlet)}:
  (SP = Static Pressure, EP = Environment Pressure, TP = Total Pressure, E = External)
  {#0, E, (0.000000e+00 / 5.427659e+02)}
  {#1, E, (5.427467e+02 / 0.000000e+00)}
  {#2, E, (3.785629e-14 / 5.427032e+02)}
  {#3, E, (3.112423e-14 / 5.427032e+02)}
  {#4, E, (1.270399e-03 / 5.429592e+02)}
  {#5, E, (3.012816e-14 / 5.427032e+02)}
  MWS[  0]=1.45879
tau_viscous_averaged = 9031.83 
dt(mass,momentum; nsd=  0): min dt/dtG(ncv=  16072)=1.00 , max dt/dtG(ncv=  15971)=7.5    , dtG=0.00015476
Flow alg-view 0 in phys-view 0 isn't Neumann (not Multi Phase treating)
Face Momentum (sd=  0): max value of div(mf) (cv=15983) = 9.993435e-07
Flow alg-view 0 is not Neumann (not for Phase Change + Nested Iters)
+----+----+--------------+--------------+--------------+--------------+--------------+------+----+-+-+--+------+
|Name|view| Initial res  | Initial resL1| Target res   | Final res    | Final res L1 |Visits|Iter|R|F|CL|Status|
| BG |   0|  1.767491e-11|  1.423785e-04|  4.087310e-13|  4.080921e-13|  2.272223e-05|     5|  15|0|n|30|  OK  |
log10(resTarget_Lim / resTarget_Orig): 2.6 
Face Momentum (sd=  0): max value of div(mf) (cv=15915) = 2.331040e-07
	norm_L2 of div(momentum) = 6.388208e-07.
Flow alg-view 0 in phys-view 0 isn't Neumann (not Multi Phase treating)
LOG: number of a-faces with weighted approximations in 0 subdomain: 3.24685 percent
LOG: Rate of a-faces corrected to CUp1st in 0 subdomain: 0.0611503 %
slv : SolveBL stage
|nsd|Real WF|NormalF|Cycle F|CriticF| EdgeF |CyclBrF|ExtParF|RWFnumSt|StLvlNum|  nfw  |  alp_U_min  |  nfw  |  alp_U_max  |  nfw  |  alp_T_min  |  nfw  |  alp_T_max  |  nfw  |  BL_s_min   |  nfw  |   BL_s_max  |
|  0|    786|    605|      0|      0|    181|      0|      0|     786|      20|   3272|0.0018563    |   4051|3.15884      |   3568|0            |   3810|9911.5       |   3841|-130.979     |   3568|0            |
Face Momentum (sd=  0): max value of div(mf) (cv=15915) = 2.331040e-07
	norm_L2 of div(momentum) = 6.388208e-07.
nsd = 0 BC: AP Inlet occurs on 3579 w-faces
+----+----+----+--------------+--------------+--------------+--------------+--------------+------+----+-+-+--+------+
|Name|view| n_y| Initial res  | Initial resL1| Target res   | Final res    | Final res L1 |Visits|Iter|R|F|CL|Status|
+----+----+----+--------------+--------------+--------------+--------------+--------------+------+----+-+-+--+------+
| 3M |   0|   0|  1.312893e-03|  1.797005e+00|  2.461674e-07|  7.668485e-12|  2.699278e-05|     1|   3|0|n|29|  OK  |
Velocity (predicted):
        (local) sd   0: min(  15971)=1.5704020811648      , max(  16072)=41.441342768173      
Flow alg-view 0 is not Neumann (not for Phase Change + Nested Iters)
+----+----+--------------+--------------+--------------+--------------+--------------+------+----+-+-+--+------+
|Name|view| Initial res  | Initial resL1| Target res   | Final res    | Final res L1 |Visits|Iter|R|F|CL|Status|
|DVGR|   0|  6.225405e-07|  1.841729e-02|  3.890878e-11|  1.121901e-11|  1.083011e-04|     4|  12|0|n|30|  OK  |
PRESSURE SOLVER(geom_index=  0): sum_C_dp=-2.49402e-09
Face Momentum (sd=  0): max value of div(mf) (cv=15983) = 8.575619e-07
	norm_L2 of div(momentum) = 3.349593e-06.
nsd = 0 min_dtHy = 0.00015476 (nCV =	16072 ) max_dtHy = 0.00116339 (nCV =	15971 ) 
+----+----+--------------+--------------+--------------+--------------+--------------+------+----+-+-+--+------+
|Name|view| Initial res  | Initial resL1| Target res   | Final res    | Final res L1 |Visits|Iter|R|F|CL|Status|
|CHT |   0|  1.505254e-07|  8.568424e-03|  9.407837e-12|  1.416898e-24|  1.055356e-10|     1|   9|0|n|30|  OK  |
slv : Fluid subdom(new) 0
slv : P static (new)                 : min(  16073) = 100614.70858236      , max(  16075) = 102824.01990661      
slv : Density (new)                  : min(  16073) = 1.1944891737324      , max(  16075) = 1.2217355656396      
slv : Velocity (new)                 : min(  15971) = 1.5727066953515      , max(  16072) = 41.424681996036      
slv : Mach number (new)              : min(  15971) = 0.0045794345170961   , max(  16072) = 0.1207954261571      
slv : Temperature (new)              : min(  16072) = 292.79472265222      , max(  15971) = 293.64577566155      
slv : Total enthalpy, Y-shifted (new): min(  16043) = 449.62579383886      , max(  15591) = 450.07594524289      
slv : MASS FLUXES AT OPENINGS: MF=-100.32, AP=100.32
slv : DvGr statistics: min alpha=0.152507(nfa=44837, geom_slice=0)
slv : +----------------------------------+------------+-------+------------+------------+
slv : |          Collector name          | Total Time | Count |  Avg Time  |  Max Time  |
slv : +----------------------------------+------------+-------+------------+------------+
slv : | Calculate_inc                    |       5.365|     19|       0.282|       0.492|
slv : | CollectEMT_Results               |       0.000|     20|       0.000|       0.000|
slv : | HeatPathCalculator_Dynamic       |       0.021|      1|       0.021|       0.021|
slv : | LiSy_make_portrait               |       0.206|     77|       0.003|       0.006|
slv : | Results_processing               |       1.089|     19|       0.057|       0.081|
slv : | build_sl_ordering_CHT            |       0.032|     20|       0.002|       0.005|
slv : | build_sl_ordering_MDS            |       0.067|     20|       0.003|       0.011|
slv : | build_sl_ordering_fluid          |       0.065|     20|       0.003|       0.011|
slv : | calc_Convolutions_MDS            |       0.344|     20|       0.017|       0.031|
slv : | calc_wall_dist                   |       0.569|      1|       0.569|       0.569|
slv : | create_Gr_operators_MDS          |       0.202|     20|       0.010|       0.014|
slv : | create_Gr_operators_portrait_MDS |       0.138|     20|       0.007|       0.010|
slv : | init_Hy_group_MDS                |       0.246|     20|       0.012|       0.014|
slv : | perform_stage_total              |       4.603|    548|       0.008|       0.570|
slv : | precalc_at_start_MDS             |       0.506|      2|       0.253|       0.477|
slv : | solve_3M_MDS                     |       0.573|     20|       0.029|       0.046|
slv : | solve_3M_alg_MDS                 |       0.110|     20|       0.005|       0.008|
slv : | solve_BG_MDS                     |       0.695|     20|       0.035|       0.065|
slv : | solve_BG_alg_MDS                 |       0.374|     20|       0.019|       0.029|
slv : | solve_BL_MDS                     |       0.143|     20|       0.007|       0.026|
slv : | solve_CHT                        |       0.479|     20|       0.024|       0.036|
slv : | solve_CHT_MDS                    |       0.338|     20|       0.017|       0.023|
slv : | solve_CHT_alg_MDS                |       0.102|     20|       0.005|       0.010|
slv : | solve_DvGr_MDS                   |       1.096|     20|       0.055|       0.102|
slv : | solve_DvGr_alg_MDS               |       0.459|     20|       0.023|       0.064|
slv : | solve_INPR_MDS                   |       0.000|      1|       0.000|       0.000|
slv : | solve_PS+QJ                      |       0.000|      0|       0.000|       0.000|
slv : | solve_YLMA_MDS                   |       0.001|     20|       0.000|       0.000|
slv : | solve_YNOx_MDS                   |       0.000|     20|       0.000|       0.000|
slv : | solve_YTd_MDS                    |       0.001|     20|       0.000|       0.000|
slv : | solve_YTurb_MDS                  |       0.001|     20|       0.000|       0.000|
slv : | update_BC_MDS                    |       0.000|     21|       0.000|       0.000|
slv : | update_Mf_after_DvGr             |       0.124|     20|       0.006|       0.009|
slv : | update_VelPressure_MDS           |       0.036|     20|       0.002|       0.006|
slv : +----------------------------------+------------+-------+------------+------------+
Interpolator cache: total calls 2370, optimised calls 850 (35.9 %)
-----------------------------------------------------------------------
Memory Working Set Current = 306.16 Mb, Memory Working Set Peak = 307.95 Mb
Memory Private Bytes Current = 333.68 Mb, Memory Private Bytes Peak = 335.10 Mb
Process Threads Number: 35
-----------------------------------------------------------------------
Iteration : time = 1.6717 , count = 5 , time/count = 0.334341
Calculate_inc() : time = 1.34364 , count = 5 , time/count = 0.268728
TreatFlowEvolution() : time = 0.311575 , count = 5 , time/count = 0.062315
SolverPreview : time = 0 , count = 5 , time/count = 0
TreatGoals : time = 0.311575 , count = 5 , time/count = 0.062315
Algebra Pool      : mem_usage = 176.56 Mb, allocated count = 1345

================== Tstep=20 ===================
<Dynamic P> on nsd = 0 {openings (inlet / outlet)}:
  (SP = Static Pressure, EP = Environment Pressure, TP = Total Pressure, E = External)
  {#0, E, (0.000000e+00 / 5.427757e+02)}
  {#1, E, (5.427467e+02 / 0.000000e+00)}
  {#2, E, (4.731839e-14 / 5.427032e+02)}
  {#3, E, (3.606086e-14 / 5.427032e+02)}
  {#4, E, (1.686472e-03 / 5.429712e+02)}
  {#5, E, (4.424154e-14 / 5.427032e+02)}
  MWS[  0]=1.45791
tau_viscous_averaged = 9031.83 
dt(mass,momentum; nsd=  0): min dt/dtG(ncv=  16072)=1.00 , max dt/dtG(ncv=  15913)=8.3    , dtG=0.00023167
Flow alg-view 0 in phys-view 0 isn't Neumann (not Multi Phase treating)
Face Momentum (sd=  0): max value of div(mf) (cv=15983) = 8.575619e-07
Flow alg-view 0 is not Neumann (not for Phase Change + Nested Iters)
+----+----+--------------+--------------+--------------+--------------+--------------+------+----+-+-+--+------+
|Name|view| Initial res  | Initial resL1| Target res   | Final res    | Final res L1 |Visits|Iter|R|F|CL|Status|
| BG |   0|  1.236633e-11|  1.122883e-04|  3.890878e-13|  2.942774e-13|  1.929567e-05|     5|  15|0|n|30|  OK  |
log10(resTarget_Lim / resTarget_Orig): 2.7 
Face Momentum (sd=  0): max value of div(mf) (cv=15915) = 1.954984e-07
	norm_L2 of div(momentum) = 5.424735e-07.
Flow alg-view 0 in phys-view 0 isn't Neumann (not Multi Phase treating)
LOG: number of a-faces with weighted approximations in 0 subdomain: 3.08424 percent
LOG: Rate of a-faces corrected to CUp1st in 0 subdomain: 0.0600442 %
slv : SolveBL stage
|nsd|Real WF|NormalF|Cycle F|CriticF| EdgeF |CyclBrF|ExtParF|RWFnumSt|StLvlNum|  nfw  |  alp_U_min  |  nfw  |  alp_U_max  |  nfw  |  alp_T_min  |  nfw  |  alp_T_max  |  nfw  |  BL_s_min   |  nfw  |   BL_s_max  |
|  0|    786|    604|      0|      0|    182|      0|      0|     786|      20|   3279|0.00186985   |   3387|3.22259      |   3568|0            |   3773|16739.3      |   3841|-131.036     |   3568|0            |
Face Momentum (sd=  0): max value of div(mf) (cv=15915) = 1.954984e-07
	norm_L2 of div(momentum) = 5.424735e-07.
nsd = 0 BC: AP Inlet occurs on 3663 w-faces
+----+----+----+--------------+--------------+--------------+--------------+--------------+------+----+-+-+--+------+
|Name|view| n_y| Initial res  | Initial resL1| Target res   | Final res    | Final res L1 |Visits|Iter|R|F|CL|Status|
+----+----+----+--------------+--------------+--------------+--------------+--------------+------+----+-+-+--+------+
| 3M |   0|   0|  1.227408e-03|  1.562589e+00|  2.301390e-07|  2.275671e-11|  4.938340e-05|     1|   3|0|n|29|  OK  |
Velocity (predicted):
        (local) sd   0: min(  15915)=0.7907611471697      , max(  16072)=41.398688419558      
Flow alg-view 0 is not Neumann (not for Phase Change + Nested Iters)
+----+----+--------------+--------------+--------------+--------------+--------------+------+----+-+-+--+------+
|Name|view| Initial res  | Initial resL1| Target res   | Final res    | Final res L1 |Visits|Iter|R|F|CL|Status|
|DVGR|   0|  7.008460e-07|  1.978401e-02|  4.380288e-11|  3.530949e-11|  2.652563e-04|     3|   9|0|n|30|  OK  |
PRESSURE SOLVER(geom_index=  0): sum_C_dp=4.41187e-09
Face Momentum (sd=  0): max value of div(mf) (cv=15375) = 9.397682e-07
	norm_L2 of div(momentum) = 5.942237e-06.
nsd = 0 min_dtHy = 0.00023167 (nCV =	16072 ) max_dtHy = 0.00192058 (nCV =	15913 ) 
+----+----+--------------+--------------+--------------+--------------+--------------+------+----+-+-+--+------+
|Name|view| Initial res  | Initial resL1| Target res   | Final res    | Final res L1 |Visits|Iter|R|F|CL|Status|
|CHT |   0|  1.477841e-07|  8.391608e-03|  9.236507e-12|  2.389248e-20|  2.336502e-09|     1|   9|0|n|30|  OK  |
slv : Fluid subdom(new) 0
slv : P static (new)                 : min(  16073) = 100617.86465549      , max(  16075) = 102825.87847096      
slv : Density (new)                  : min(  16073) = 1.1945159166333      , max(  16075) = 1.2217536391695      
slv : Velocity (new)                 : min(  15915) = 0.73893125872029     , max(  16072) = 41.392963360701      
slv : Mach number (new)              : min(  15915) = 0.0021516295323687   , max(  16072) = 0.12070266612867     
slv : Temperature (new)              : min(  16072) = 292.79602765112      , max(  15915) = 293.64667218853      
slv : Total enthalpy, Y-shifted (new): min(  16043) = 449.57457668087      , max(  15591) = 450.08325808808      
slv : MASS FLUXES AT OPENINGS: MF=-100.32, AP=100.32
slv : DvGr statistics: min alpha=0.15238(nfa=52880, geom_slice=0)
slv : +----------------------------------+------------+-------+------------+------------+
slv : |          Collector name          | Total Time | Count |  Avg Time  |  Max Time  |
slv : +----------------------------------+------------+-------+------------+------------+
slv : | Calculate_inc                    |       5.631|     20|       0.282|       0.492|
slv : | CollectEMT_Results               |       0.000|     21|       0.000|       0.000|
slv : | HeatPathCalculator_Dynamic       |       0.021|      1|       0.021|       0.021|
slv : | LiSy_make_portrait               |       0.213|     80|       0.003|       0.006|
slv : | Results_processing               |       1.134|     20|       0.057|       0.081|
slv : | build_sl_ordering_CHT            |       0.032|     21|       0.002|       0.005|
slv : | build_sl_ordering_MDS            |       0.068|     21|       0.003|       0.011|
slv : | build_sl_ordering_fluid          |       0.067|     21|       0.003|       0.011|
slv : | calc_Convolutions_MDS            |       0.359|     21|       0.017|       0.031|
slv : | calc_wall_dist                   |       0.569|      1|       0.569|       0.569|
slv : | create_Gr_operators_MDS          |       0.211|     21|       0.010|       0.014|
slv : | create_Gr_operators_portrait_MDS |       0.146|     21|       0.007|       0.010|
slv : | init_Hy_group_MDS                |       0.257|     21|       0.012|       0.014|
slv : | perform_stage_total              |       4.775|    575|       0.008|       0.570|
slv : | precalc_at_start_MDS             |       0.506|      2|       0.253|       0.477|
slv : | solve_3M_MDS                     |       0.599|     21|       0.029|       0.046|
slv : | solve_3M_alg_MDS                 |       0.115|     21|       0.005|       0.008|
slv : | solve_BG_MDS                     |       0.723|     21|       0.034|       0.065|
slv : | solve_BG_alg_MDS                 |       0.388|     21|       0.018|       0.029|
slv : | solve_BL_MDS                     |       0.148|     21|       0.007|       0.026|
slv : | solve_CHT                        |       0.499|     21|       0.024|       0.036|
slv : | solve_CHT_MDS                    |       0.354|     21|       0.017|       0.023|
slv : | solve_CHT_alg_MDS                |       0.106|     21|       0.005|       0.010|
slv : | solve_DvGr_MDS                   |       1.139|     21|       0.054|       0.102|
slv : | solve_DvGr_alg_MDS               |       0.472|     21|       0.022|       0.064|
slv : | solve_INPR_MDS                   |       0.000|      1|       0.000|       0.000|
slv : | solve_PS+QJ                      |       0.000|      0|       0.000|       0.000|
slv : | solve_YLMA_MDS                   |       0.001|     21|       0.000|       0.000|
slv : | solve_YNOx_MDS                   |       0.000|     21|       0.000|       0.000|
slv : | solve_YTd_MDS                    |       0.001|     21|       0.000|       0.000|
slv : | solve_YTurb_MDS                  |       0.001|     21|       0.000|       0.000|
slv : | update_BC_MDS                    |       0.000|     22|       0.000|       0.000|
slv : | update_Mf_after_DvGr             |       0.130|     21|       0.006|       0.009|
slv : | update_VelPressure_MDS           |       0.038|     21|       0.002|       0.006|
slv : +----------------------------------+------------+-------+------------+------------+
-----------------------------------------------------------------------
Memory Working Set Current = 306.91 Mb, Memory Working Set Peak = 308.23 Mb
Memory Private Bytes Current = 342.67 Mb, Memory Private Bytes Peak = 342.67 Mb
Process Threads Number: 35
-----------------------------------------------------------------------
Algebra Pool      : mem_usage = 176.56 Mb, allocated count = 1365

================== Tstep=21 ===================
<Dynamic P> on nsd = 0 {openings (inlet / outlet)}:
  (SP = Static Pressure, EP = Environment Pressure, TP = Total Pressure, E = External)
  {#0, E, (0.000000e+00 / 5.427865e+02)}
  {#1, E, (5.427465e+02 / 0.000000e+00)}
  {#2, E, (5.711434e-14 / 5.427032e+02)}
  {#3, E, (4.685556e-14 / 5.427032e+02)}
  {#4, E, (2.289654e-03 / 5.428707e+02)}
  {#5, E, (5.164704e-14 / 5.427032e+02)}
  MWS[  0]=1.45763
tau_viscous_averaged = 9031.83 
dt(mass,momentum; nsd=  0): min dt/dtG(ncv=  16072)=1.00 , max dt/dtG(ncv=  15913)=9.6    , dtG=0.00023191
Flow alg-view 0 in phys-view 0 isn't Neumann (not Multi Phase treating)
Face Momentum (sd=  0): max value of div(mf) (cv=15375) = 9.397682e-07
Flow alg-view 0 is not Neumann (not for Phase Change + Nested Iters)
+----+----+--------------+--------------+--------------+--------------+--------------+------+----+-+-+--+------+
|Name|view| Initial res  | Initial resL1| Target res   | Final res    | Final res L1 |Visits|Iter|R|F|CL|Status|
| BG |   0|  3.536829e-11|  2.654024e-04|  4.380288e-13|  1.555873e-13|  3.034388e-05|     5|  15|0|n|30|  OK  |
log10(resTarget_Lim / resTarget_Orig): 2.3 
Face Momentum (sd=  0): max value of div(mf) (cv=16020) = 5.278119e-08
	norm_L2 of div(momentum) = 3.944459e-07.
Flow alg-view 0 in phys-view 0 isn't Neumann (not Multi Phase treating)
LOG: number of a-faces with weighted approximations in 0 subdomain: 3.11461 percent
LOG: Rate of a-faces corrected to CUp1st in 0 subdomain: 0.050309 %
slv : SolveBL stage
|nsd|Real WF|NormalF|Cycle F|CriticF| EdgeF |CyclBrF|ExtParF|RWFnumSt|StLvlNum|  nfw  |  alp_U_min  |  nfw  |  alp_U_max  |  nfw  |  alp_T_min  |  nfw  |  alp_T_max  |  nfw  |  BL_s_min   |  nfw  |   BL_s_max  |
|  0|    786|    601|      0|      0|    185|      0|      0|     786|      20|   3279|0.00196969   |   3272|3.09773      |   3568|0            |   3801|23203.4      |   3841|-130.967     |   3568|0            |
Face Momentum (sd=  0): max value of div(mf) (cv=16020) = 5.278119e-08
	norm_L2 of div(momentum) = 3.944459e-07.
nsd = 0 BC: AP Inlet occurs on 3651 w-faces
+----+----+----+--------------+--------------+--------------+--------------+--------------+------+----+-+-+--+------+
|Name|view| n_y| Initial res  | Initial resL1| Target res   | Final res    | Final res L1 |Visits|Iter|R|F|CL|Status|
+----+----+----+--------------+--------------+--------------+--------------+--------------+------+----+-+-+--+------+
| 3M |   0|   0|  9.534085e-04|  1.334904e+00|  1.787641e-07|  1.609307e-11|  4.355260e-05|     1|   3|0|n|29|  OK  |
Velocity (predicted):
        (local) sd   0: min(  15915)=0.75879593079513     , max(  16072)=41.356039742992      
Flow alg-view 0 is not Neumann (not for Phase Change + Nested Iters)
+----+----+--------------+--------------+--------------+--------------+--------------+------+----+-+-+--+------+
|Name|view| Initial res  | Initial resL1| Target res   | Final res    | Final res L1 |Visits|Iter|R|F|CL|Status|
|DVGR|   0|  8.043422e-07|  2.051722e-02|  5.027139e-11|  1.446478e-11|  1.369785e-04|     4|  12|0|n|30|  OK  |
PRESSURE SOLVER(geom_index=  0): sum_C_dp=8.28957e-10
Face Momentum (sd=  0): max value of div(mf) (cv=15983) = 7.978085e-07
	norm_L2 of div(momentum) = 3.803319e-06.
nsd = 0 min_dtHy = 0.00023191 (nCV =	16072 ) max_dtHy = 0.00222924 (nCV =	15913 ) 
+----+----+--------------+--------------+--------------+--------------+--------------+------+----+-+-+--+------+
|Name|view| Initial res  | Initial resL1| Target res   | Final res    | Final res L1 |Visits|Iter|R|F|CL|Status|
|CHT |   0|  1.080952e-07|  7.160069e-03|  6.755950e-12|  1.440836e-20|  1.906222e-09|     1|   9|0|n|30|  OK  |
slv : Fluid subdom(new) 0
slv : P static (new)                 : min(  16073) = 100625.03123058      , max(  16075) = 102827.54351172      
slv : Density (new)                  : min(  16073) = 1.1945910769596      , max(  16075) = 1.221769287881       
slv : Velocity (new)                 : min(  15915) = 0.60495726493574     , max(  16072) = 41.323491661899      
slv : Mach number (new)              : min(  15915) = 0.0017615221030594   , max(  16072) = 0.12049950064523     
slv : Temperature (new)              : min(  16072) = 292.79888296493      , max(  15915) = 293.64675025522      
slv : Total enthalpy, Y-shifted (new): min(  16043) = 449.52453709409      , max(  15591) = 450.08822456652      
slv : MASS FLUXES AT OPENINGS: MF=-100.32, AP=100.32
slv : DvGr statistics: min alpha=0.154787(nfa=52880, geom_slice=0)
slv : +----------------------------------+------------+-------+------------+------------+
slv : |          Collector name          | Total Time | Count |  Avg Time  |  Max Time  |
slv : +----------------------------------+------------+-------+------------+------------+
slv : | Calculate_inc                    |       5.872|     21|       0.280|       0.492|
slv : | CollectEMT_Results               |       0.000|     22|       0.000|       0.000|
slv : | HeatPathCalculator_Dynamic       |       0.021|      1|       0.021|       0.021|
slv : | LiSy_make_portrait               |       0.221|     83|       0.003|       0.006|
slv : | Results_processing               |       1.197|     21|       0.057|       0.081|
slv : | build_sl_ordering_CHT            |       0.032|     22|       0.001|       0.005|
slv : | build_sl_ordering_MDS            |       0.068|     22|       0.003|       0.011|
slv : | build_sl_ordering_fluid          |       0.067|     22|       0.003|       0.011|
slv : | calc_Convolutions_MDS            |       0.376|     22|       0.017|       0.031|
slv : | calc_wall_dist                   |       0.569|      1|       0.569|       0.569|
slv : | create_Gr_operators_MDS          |       0.221|     22|       0.010|       0.014|
slv : | create_Gr_operators_portrait_MDS |       0.152|     22|       0.007|       0.010|
slv : | init_Hy_group_MDS                |       0.268|     22|       0.012|       0.014|
slv : | perform_stage_total              |       4.956|    602|       0.008|       0.570|
slv : | precalc_at_start_MDS             |       0.506|      2|       0.253|       0.477|
slv : | solve_3M_MDS                     |       0.630|     22|       0.029|       0.046|
slv : | solve_3M_alg_MDS                 |       0.121|     22|       0.005|       0.008|
slv : | solve_BG_MDS                     |       0.751|     22|       0.034|       0.065|
slv : | solve_BG_alg_MDS                 |       0.403|     22|       0.018|       0.029|
slv : | solve_BL_MDS                     |       0.156|     22|       0.007|       0.026|
slv : | solve_CHT                        |       0.520|     22|       0.024|       0.036|
slv : | solve_CHT_MDS                    |       0.370|     22|       0.017|       0.023|
slv : | solve_CHT_alg_MDS                |       0.112|     22|       0.005|       0.010|
slv : | solve_DvGr_MDS                   |       1.193|     22|       0.054|       0.102|
slv : | solve_DvGr_alg_MDS               |       0.491|     22|       0.022|       0.064|
slv : | solve_INPR_MDS                   |       0.000|      1|       0.000|       0.000|
slv : | solve_PS+QJ                      |       0.000|      0|       0.000|       0.000|
slv : | solve_YLMA_MDS                   |       0.001|     22|       0.000|       0.000|
slv : | solve_YNOx_MDS                   |       0.000|     22|       0.000|       0.000|
slv : | solve_YTd_MDS                    |       0.001|     22|       0.000|       0.000|
slv : | solve_YTurb_MDS                  |       0.001|     22|       0.000|       0.000|
slv : | update_BC_MDS                    |       0.000|     23|       0.000|       0.000|
slv : | update_Mf_after_DvGr             |       0.135|     22|       0.006|       0.009|
slv : | update_VelPressure_MDS           |       0.039|     22|       0.002|       0.006|
slv : +----------------------------------+------------+-------+------------+------------+
-----------------------------------------------------------------------
Memory Working Set Current = 307.02 Mb, Memory Working Set Peak = 308.28 Mb
Memory Private Bytes Current = 343.04 Mb, Memory Private Bytes Peak = 343.04 Mb
Process Threads Number: 35
-----------------------------------------------------------------------
Algebra Pool      : mem_usage = 176.56 Mb, allocated count = 1356

================== Tstep=22 ===================
<Dynamic P> on nsd = 0 {openings (inlet / outlet)}:
  (SP = Static Pressure, EP = Environment Pressure, TP = Total Pressure, E = External)
  {#0, E, (0.000000e+00 / 5.427953e+02)}
  {#1, E, (5.427465e+02 / 0.000000e+00)}
  {#2, E, (5.898138e-14 / 5.427032e+02)}
  {#3, E, (4.765509e-14 / 5.427032e+02)}
  {#4, E, (2.791757e-03 / 5.428969e+02)}
  {#5, E, (4.432285e-14 / 5.427032e+02)}
  MWS[  0]=1.45531
tau_viscous_averaged = 9031.83 
dt(mass,momentum; nsd=  0): min dt/dtG(ncv=  16072)=1.00 , max dt/dtG(ncv=  15913)=10.0   , dtG=0.00023192
Flow alg-view 0 in phys-view 0 isn't Neumann (not Multi Phase treating)
Face Momentum (sd=  0): max value of div(mf) (cv=15667) = 7.808946e-06
Flow alg-view 0 is not Neumann (not for Phase Change + Nested Iters)
+----+----+--------------+--------------+--------------+--------------+--------------+------+----+-+-+--+------+
|Name|view| Initial res  | Initial resL1| Target res   | Final res    | Final res L1 |Visits|Iter|R|F|CL|Status|
| BG |   0|  1.085570e-10|  1.537501e-04|  5.027139e-13|  3.396974e-13|  2.335802e-05|     5|  15|0|n|30|  OK  |
log10(resTarget_Lim / resTarget_Orig): 1.9 
Face Momentum (sd=  0): max value of div(mf) (cv=15915) = 1.986887e-07
	norm_L2 of div(momentum) = 5.828356e-07.
Flow alg-view 0 in phys-view 0 isn't Neumann (not Multi Phase treating)
LOG: number of a-faces with weighted approximations in 0 subdomain: 3.1712 percent
LOG: Rate of a-faces corrected to CUp1st in 0 subdomain: 0.0565437 %
slv : SolveBL stage
|nsd|Real WF|NormalF|Cycle F|CriticF| EdgeF |CyclBrF|ExtParF|RWFnumSt|StLvlNum|  nfw  |  alp_U_min  |  nfw  |  alp_U_max  |  nfw  |  alp_T_min  |  nfw  |  alp_T_max  |  nfw  |  BL_s_min   |  nfw  |   BL_s_max  |
|  0|    786|    606|      0|      0|    180|      0|      0|     786|      20|   3403|0.00237767   |   3381|3.21834      |   3585|0            |   3796|17053.4      |   3841|-130.602     |   3585|0            |
Face Momentum (sd=  0): max value of div(mf) (cv=15915) = 1.986887e-07
	norm_L2 of div(momentum) = 5.828356e-07.
nsd = 0 BC: AP Inlet occurs on 3641 w-faces
+----+----+----+--------------+--------------+--------------+--------------+--------------+------+----+-+-+--+------+
|Name|view| n_y| Initial res  | Initial resL1| Target res   | Final res    | Final res L1 |Visits|Iter|R|F|CL|Status|
+----+----+----+--------------+--------------+--------------+--------------+--------------+------+----+-+-+--+------+
| 3M |   0|   0|  9.644777e-04|  1.209079e+00|  1.808396e-07|  1.758192e-11|  5.029240e-05|     1|   3|0|n|29|  OK  |
Velocity (predicted):
        (local) sd   0: min(  15913)=0.40367646790624     , max(  16072)=41.298462110436      
Flow alg-view 0 is not Neumann (not for Phase Change + Nested Iters)
+----+----+--------------+--------------+--------------+--------------+--------------+------+----+-+-+--+------+
|Name|view| Initial res  | Initial resL1| Target res   | Final res    | Final res L1 |Visits|Iter|R|F|CL|Status|
|DVGR|   0|  8.560824e-07|  2.146116e-02|  5.350515e-11|  3.268296e-11|  2.447029e-04|     3|   9|0|n|30|  OK  |
PRESSURE SOLVER(geom_index=  0): sum_C_dp=2.70795e-09
Face Momentum (sd=  0): max value of div(mf) (cv=15286) = 6.936692e-07
	norm_L2 of div(momentum) = 5.716947e-06.
nsd = 0 min_dtHy = 0.00023192 (nCV =	16072 ) max_dtHy = 0.0023257 (nCV =	15913 ) 
+----+----+--------------+--------------+--------------+--------------+--------------+------+----+-+-+--+------+
|Name|view| Initial res  | Initial resL1| Target res   | Final res    | Final res L1 |Visits|Iter|R|F|CL|Status|
|CHT |   0|  9.500790e-08|  6.428476e-03|  5.937994e-12|  2.099201e-20|  1.650861e-09|     1|   9|0|n|30|  OK  |
slv : Fluid subdom(new) 0
slv : P static (new)                 : min(  16073) = 100627.8867431       , max(  16075) = 102828.4584742       
slv : Density (new)                  : min(  16073) = 1.1946192973161      , max(  16075) = 1.2217801581221      
slv : Velocity (new)                 : min(  15913) = 0.64535302804822     , max(  16072) = 41.306117291525      
slv : Mach number (new)              : min(  15913) = 0.0018791468517771   , max(  16072) = 0.12044869101209     
slv : Temperature (new)              : min(  16072) = 292.79959569514      , max(  15913) = 293.64679351041      
slv : Total enthalpy, Y-shifted (new): min(  16043) = 449.47510078066      , max(  15591) = 450.09022815646      
slv : MASS FLUXES AT OPENINGS: MF=-100.32, AP=100.32
slv : DvGr statistics: min alpha=0.162909(nfa=44965, geom_slice=0)
slv : +----------------------------------+------------+-------+------------+------------+
slv : |          Collector name          | Total Time | Count |  Avg Time  |  Max Time  |
slv : +----------------------------------+------------+-------+------------+------------+
slv : | Calculate_inc                    |       6.129|     22|       0.279|       0.492|
slv : | CollectEMT_Results               |       0.000|     23|       0.000|       0.000|
slv : | HeatPathCalculator_Dynamic       |       0.021|      1|       0.021|       0.021|
slv : | LiSy_make_portrait               |       0.228|     86|       0.003|       0.006|
slv : | Results_processing               |       1.253|     22|       0.057|       0.081|
slv : | build_sl_ordering_CHT            |       0.032|     23|       0.001|       0.005|
slv : | build_sl_ordering_MDS            |       0.068|     23|       0.003|       0.011|
slv : | build_sl_ordering_fluid          |       0.067|     23|       0.003|       0.011|
slv : | calc_Convolutions_MDS            |       0.392|     23|       0.017|       0.031|
slv : | calc_wall_dist                   |       0.569|      1|       0.569|       0.569|
slv : | create_Gr_operators_MDS          |       0.232|     23|       0.010|       0.014|
slv : | create_Gr_operators_portrait_MDS |       0.159|     23|       0.007|       0.010|
slv : | init_Hy_group_MDS                |       0.281|     23|       0.012|       0.014|
slv : | perform_stage_total              |       5.131|    629|       0.008|       0.570|
slv : | precalc_at_start_MDS             |       0.506|      2|       0.253|       0.477|
slv : | solve_3M_MDS                     |       0.657|     23|       0.029|       0.046|
slv : | solve_3M_alg_MDS                 |       0.126|     23|       0.005|       0.008|
slv : | solve_BG_MDS                     |       0.780|     23|       0.034|       0.065|
slv : | solve_BG_alg_MDS                 |       0.418|     23|       0.018|       0.029|
slv : | solve_BL_MDS                     |       0.162|     23|       0.007|       0.026|
slv : | solve_CHT                        |       0.540|     23|       0.023|       0.036|
slv : | solve_CHT_MDS                    |       0.385|     23|       0.017|       0.023|
slv : | solve_CHT_alg_MDS                |       0.117|     23|       0.005|       0.010|
slv : | solve_DvGr_MDS                   |       1.237|     23|       0.054|       0.102|
slv : | solve_DvGr_alg_MDS               |       0.503|     23|       0.022|       0.064|
slv : | solve_INPR_MDS                   |       0.000|      1|       0.000|       0.000|
slv : | solve_PS+QJ                      |       0.000|      0|       0.000|       0.000|
slv : | solve_YLMA_MDS                   |       0.001|     23|       0.000|       0.000|
slv : | solve_YNOx_MDS                   |       0.000|     23|       0.000|       0.000|
slv : | solve_YTd_MDS                    |       0.001|     23|       0.000|       0.000|
slv : | solve_YTurb_MDS                  |       0.001|     23|       0.000|       0.000|
slv : | update_BC_MDS                    |       0.000|     24|       0.000|       0.000|
slv : | update_Mf_after_DvGr             |       0.141|     23|       0.006|       0.009|
slv : | update_VelPressure_MDS           |       0.040|     23|       0.002|       0.006|
slv : +----------------------------------+------------+-------+------------+------------+
-----------------------------------------------------------------------
Memory Working Set Current = 306.39 Mb, Memory Working Set Peak = 308.28 Mb
Memory Private Bytes Current = 336.26 Mb, Memory Private Bytes Peak = 343.04 Mb
Process Threads Number: 35
-----------------------------------------------------------------------
Algebra Pool      : mem_usage = 176.56 Mb, allocated count = 1350

================== Tstep=23 ===================
<Dynamic P> on nsd = 0 {openings (inlet / outlet)}:
  (SP = Static Pressure, EP = Environment Pressure, TP = Total Pressure, E = External)
  {#0, E, (0.000000e+00 / 5.428006e+02)}
  {#1, E, (5.427463e+02 / 0.000000e+00)}
  {#2, E, (5.835135e-14 / 5.427032e+02)}
  {#3, E, (4.634483e-14 / 5.427032e+02)}
  {#4, E, (3.163570e-03 / 5.429498e+02)}
  {#5, E, (4.346086e-14 / 5.427032e+02)}
  MWS[  0]=1.45469
tau_viscous_averaged = 9031.83 
dt(mass,momentum; nsd=  0): min dt/dtG(ncv=  16072)=1.00 , max dt/dtG(ncv=  15913)=9.4    , dtG=0.000232321
Flow alg-view 0 in phys-view 0 isn't Neumann (not Multi Phase treating)
Face Momentum (sd=  0): max value of div(mf) (cv=15667) = 1.989026e-06
Flow alg-view 0 is not Neumann (not for Phase Change + Nested Iters)
+----+----+--------------+--------------+--------------+--------------+--------------+------+----+-+-+--+------+
|Name|view| Initial res  | Initial resL1| Target res   | Final res    | Final res L1 |Visits|Iter|R|F|CL|Status|
| BG |   0|  3.661657e-11|  2.465431e-04|  5.350515e-13|  4.104139e-13|  4.831557e-05|     4|  12|0|n|30|  OK  |
log10(resTarget_Lim / resTarget_Orig): 2.4 
Face Momentum (sd=  0): max value of div(mf) (cv=15915) = 6.674279e-08
	norm_L2 of div(momentum) = 6.406356e-07.
Flow alg-view 0 in phys-view 0 isn't Neumann (not Multi Phase treating)
LOG: number of a-faces with weighted approximations in 0 subdomain: 3.21289 percent
LOG: Rate of a-faces corrected to CUp1st in 0 subdomain: 0.0509449 %
slv : SolveBL stage
|nsd|Real WF|NormalF|Cycle F|CriticF| EdgeF |CyclBrF|ExtParF|RWFnumSt|StLvlNum|  nfw  |  alp_U_min  |  nfw  |  alp_U_max  |  nfw  |  alp_T_min  |  nfw  |  alp_T_max  |  nfw  |  BL_s_min   |  nfw  |   BL_s_max  |
|  0|    786|    608|      0|      0|    178|      0|      0|     786|      20|   3387|0.00215156   |   3403|3.23857      |   3585|0            |   3779|14941.3      |   3841|-130.558     |   3585|0            |
Face Momentum (sd=  0): max value of div(mf) (cv=15915) = 6.674279e-08
	norm_L2 of div(momentum) = 6.406356e-07.
nsd = 0 BC: AP Inlet occurs on 3630 w-faces
+----+----+----+--------------+--------------+--------------+--------------+--------------+------+----+-+-+--+------+
|Name|view| n_y| Initial res  | Initial resL1| Target res   | Final res    | Final res L1 |Visits|Iter|R|F|CL|Status|
+----+----+----+--------------+--------------+--------------+--------------+--------------+------+----+-+-+--+------+
| 3M |   0|   0|  6.917835e-04|  1.061670e+00|  1.297094e-07|  1.691826e-11|  4.969204e-05|     1|   3|0|n|29|  OK  |
Velocity (predicted):
        (local) sd   0: min(  15913)=0.81507564387708     , max(  16072)=41.329176841374      
Flow alg-view 0 is not Neumann (not for Phase Change + Nested Iters)
+----+----+--------------+--------------+--------------+--------------+--------------+------+----+-+-+--+------+
|Name|view| Initial res  | Initial resL1| Target res   | Final res    | Final res L1 |Visits|Iter|R|F|CL|Status|
|DVGR|   0|  7.431308e-07|  2.033832e-02|  4.644567e-11|  2.635310e-11|  2.215112e-04|     3|   9|0|n|30|  OK  |
PRESSURE SOLVER(geom_index=  0): sum_C_dp=3.33768e-09
Face Momentum (sd=  0): max value of div(mf) (cv=15375) = 8.848968e-07
	norm_L2 of div(momentum) = 5.133567e-06.
nsd = 0 min_dtHy = 0.000232321 (nCV =	16072 ) max_dtHy = 0.00217943 (nCV =	15913 ) 
+----+----+--------------+--------------+--------------+--------------+--------------+------+----+-+-+--+------+
|Name|view| Initial res  | Initial resL1| Target res   | Final res    | Final res L1 |Visits|Iter|R|F|CL|Status|
|CHT |   0|  7.447650e-08|  5.750402e-03|  4.654782e-12|  3.906852e-21|  1.113606e-09|     1|   9|0|n|30|  OK  |
slv : Fluid subdom(new) 0
slv : P static (new)                 : min(  16073) = 100631.47227319      , max(  16075) = 102830.34172076      
slv : Density (new)                  : min(  16073) = 1.1946554499068      , max(  16075) = 1.2217988550975      
slv : Velocity (new)                 : min(  15913) = 0.80928669118052     , max(  16072) = 41.289792218126      
slv : Mach number (new)              : min(  15913) = 0.0023564913876112   , max(  16072) = 0.12040094988354     
slv : Temperature (new)              : min(  16072) = 292.80026622805      , max(  15913) = 293.64667140423      
slv : Total enthalpy, Y-shifted (new): min(  16043) = 449.42737461231      , max(  15591) = 450.09176504043      
slv : MASS FLUXES AT OPENINGS: MF=-100.32, AP=100.32
slv : DvGr statistics: min alpha=0.157213(nfa=50651, geom_slice=0)
slv : +----------------------------------+------------+-------+------------+------------+
slv : |          Collector name          | Total Time | Count |  Avg Time  |  Max Time  |
slv : +----------------------------------+------------+-------+------------+------------+
slv : | Calculate_inc                    |       6.372|     23|       0.277|       0.492|
slv : | CollectEMT_Results               |       0.000|     24|       0.000|       0.000|
slv : | HeatPathCalculator_Dynamic       |       0.021|      1|       0.021|       0.021|
slv : | LiSy_make_portrait               |       0.236|     89|       0.003|       0.006|
slv : | Results_processing               |       1.317|     23|       0.057|       0.081|
slv : | build_sl_ordering_CHT            |       0.032|     24|       0.001|       0.005|
slv : | build_sl_ordering_MDS            |       0.068|     24|       0.003|       0.011|
slv : | build_sl_ordering_fluid          |       0.067|     24|       0.003|       0.011|
slv : | calc_Convolutions_MDS            |       0.408|     24|       0.017|       0.031|
slv : | calc_wall_dist                   |       0.569|      1|       0.569|       0.569|
slv : | create_Gr_operators_MDS          |       0.243|     24|       0.010|       0.014|
slv : | create_Gr_operators_portrait_MDS |       0.166|     24|       0.007|       0.010|
slv : | init_Hy_group_MDS                |       0.293|     24|       0.012|       0.014|
slv : | perform_stage_total              |       5.309|    656|       0.008|       0.570|
slv : | precalc_at_start_MDS             |       0.506|      2|       0.253|       0.477|
slv : | solve_3M_MDS                     |       0.687|     24|       0.029|       0.046|
slv : | solve_3M_alg_MDS                 |       0.131|     24|       0.005|       0.008|
slv : | solve_BG_MDS                     |       0.811|     24|       0.034|       0.065|
slv : | solve_BG_alg_MDS                 |       0.434|     24|       0.018|       0.029|
slv : | solve_BL_MDS                     |       0.169|     24|       0.007|       0.026|
slv : | solve_CHT                        |       0.559|     24|       0.023|       0.036|
slv : | solve_CHT_MDS                    |       0.399|     24|       0.017|       0.023|
slv : | solve_CHT_alg_MDS                |       0.121|     24|       0.005|       0.010|
slv : | solve_DvGr_MDS                   |       1.282|     24|       0.053|       0.102|
slv : | solve_DvGr_alg_MDS               |       0.518|     24|       0.022|       0.064|
slv : | solve_INPR_MDS                   |       0.000|      1|       0.000|       0.000|
slv : | solve_PS+QJ                      |       0.000|      0|       0.000|       0.000|
slv : | solve_YLMA_MDS                   |       0.001|     24|       0.000|       0.000|
slv : | solve_YNOx_MDS                   |       0.000|     24|       0.000|       0.000|
slv : | solve_YTd_MDS                    |       0.001|     24|       0.000|       0.000|
slv : | solve_YTurb_MDS                  |       0.001|     24|       0.000|       0.000|
slv : | update_BC_MDS                    |       0.000|     25|       0.000|       0.000|
slv : | update_Mf_after_DvGr             |       0.147|     24|       0.006|       0.009|
slv : | update_VelPressure_MDS           |       0.041|     24|       0.002|       0.006|
slv : +----------------------------------+------------+-------+------------+------------+
-----------------------------------------------------------------------
Memory Working Set Current = 306.57 Mb, Memory Working Set Peak = 308.28 Mb
Memory Private Bytes Current = 336.83 Mb, Memory Private Bytes Peak = 343.04 Mb
Process Threads Number: 35
-----------------------------------------------------------------------
Algebra Pool      : mem_usage = 176.56 Mb, allocated count = 1346

================== Tstep=24 ===================
<Dynamic P> on nsd = 0 {openings (inlet / outlet)}:
  (SP = Static Pressure, EP = Environment Pressure, TP = Total Pressure, E = External)
  {#0, E, (0.000000e+00 / 5.428035e+02)}
  {#1, E, (5.427461e+02 / 0.000000e+00)}
  {#2, E, (5.398270e-14 / 5.427032e+02)}
  {#3, E, (4.431591e-14 / 5.427032e+02)}
  {#4, E, (3.423793e-03 / 5.429386e+02)}
  {#5, E, (4.112017e-14 / 5.427032e+02)}
  MWS[  0]=1.45404
tau_viscous_averaged = 9031.83 
dt(mass,momentum; nsd=  0): min dt/dtG(ncv=  16072)=1.00 , max dt/dtG(ncv=  15913)=8.7    , dtG=0.000231837
Flow alg-view 0 in phys-view 0 isn't Neumann (not Multi Phase treating)
Face Momentum (sd=  0): max value of div(mf) (cv=18462) = 2.731662e-06
Flow alg-view 0 is not Neumann (not for Phase Change + Nested Iters)
+----+----+--------------+--------------+--------------+--------------+--------------+------+----+-+-+--+------+
|Name|view| Initial res  | Initial resL1| Target res   | Final res    | Final res L1 |Visits|Iter|R|F|CL|Status|
| BG |   0|  3.449187e-11|  2.252161e-04|  4.644567e-13|  2.754841e-13|  3.044319e-05|     5|  15|0|n|30|  OK  |
log10(resTarget_Lim / resTarget_Orig): 2.3 
Face Momentum (sd=  0): max value of div(mf) (cv=16020) = 1.553819e-07
	norm_L2 of div(momentum) = 5.248660e-07.
Flow alg-view 0 in phys-view 0 isn't Neumann (not Multi Phase treating)
LOG: number of a-faces with weighted approximations in 0 subdomain: 3.25102 percent
LOG: Rate of a-faces corrected to CUp1st in 0 subdomain: 0.0513342 %
slv : SolveBL stage
|nsd|Real WF|NormalF|Cycle F|CriticF| EdgeF |CyclBrF|ExtParF|RWFnumSt|StLvlNum|  nfw  |  alp_U_min  |  nfw  |  alp_U_max  |  nfw  |  alp_T_min  |  nfw  |  alp_T_max  |  nfw  |  BL_s_min   |  nfw  |   BL_s_max  |
|  0|    786|    609|      0|      0|    177|      0|      0|     786|      20|   3279|0.00202614   |   3272|3.10881      |   3585|0            |   3810|12421.3      |   3841|-130.48      |   3585|0            |
Face Momentum (sd=  0): max value of div(mf) (cv=16020) = 1.553819e-07
	norm_L2 of div(momentum) = 5.248660e-07.
nsd = 0 BC: AP Inlet occurs on 3622 w-faces
+----+----+----+--------------+--------------+--------------+--------------+--------------+------+----+-+-+--+------+
|Name|view| n_y| Initial res  | Initial resL1| Target res   | Final res    | Final res L1 |Visits|Iter|R|F|CL|Status|
+----+----+----+--------------+--------------+--------------+--------------+--------------+------+----+-+-+--+------+
| 3M |   0|   0|  6.508384e-04|  9.571979e-01|  1.220322e-07|  1.749188e-11|  4.735819e-05|     1|   3|0|n|29|  OK  |
Velocity (predicted):
        (local) sd   0: min(  15913)=1.2348287901039      , max(  16072)=41.250563434403      
Flow alg-view 0 is not Neumann (not for Phase Change + Nested Iters)
+----+----+--------------+--------------+--------------+--------------+--------------+------+----+-+-+--+------+
|Name|view| Initial res  | Initial resL1| Target res   | Final res    | Final res L1 |Visits|Iter|R|F|CL|Status|
|DVGR|   0|  6.035258e-07|  1.837594e-02|  3.772036e-11|  2.274056e-11|  1.737056e-04|     3|   9|0|n|30|  OK  |
PRESSURE SOLVER(geom_index=  0): sum_C_dp=-3.28864e-10
Face Momentum (sd=  0): max value of div(mf) (cv=15375) = 9.640176e-07
	norm_L2 of div(momentum) = 4.768757e-06.
nsd = 0 min_dtHy = 0.000231837 (nCV =	16072 ) max_dtHy = 0.00202216 (nCV =	15913 ) 
+----+----+--------------+--------------+--------------+--------------+--------------+------+----+-+-+--+------+
|Name|view| Initial res  | Initial resL1| Target res   | Final res    | Final res L1 |Visits|Iter|R|F|CL|Status|
|CHT |   0|  6.784863e-08|  5.276910e-03|  4.240539e-12|  4.439760e-21|  1.247890e-09|     1|   9|0|n|30|  OK  |
slv : Fluid subdom(new) 0
slv : P static (new)                 : min(  16073) = 100633.66678174      , max(  16075) = 102831.2502794       
slv : Density (new)                  : min(  16073) = 1.194676835417       , max(  16075) = 1.2218087059226      
slv : Velocity (new)                 : min(  15913) = 1.2654602496694      , max(  16072) = 41.243925325076      
slv : Mach number (new)              : min(  15913) = 0.0036847863709131   , max(  16072) = 0.12026681798368     
slv : Temperature (new)              : min(  16072) = 292.80214577767      , max(  15913) = 293.64619838358      
slv : Total enthalpy, Y-shifted (new): min(  16043) = 449.36992469973      , max(  15591) = 450.09279387548      
slv : MASS FLUXES AT OPENINGS: MF=-100.32, AP=100.32
slv : DvGr statistics: min alpha=0.155312(nfa=44835, geom_slice=0)
slv : +----------------------------------+------------+-------+------------+------------+
slv : |          Collector name          | Total Time | Count |  Avg Time  |  Max Time  |
slv : +----------------------------------+------------+-------+------------+------------+
slv : | Calculate_inc                    |       6.620|     24|       0.276|       0.492|
slv : | CollectEMT_Results               |       0.000|     25|       0.000|       0.000|
slv : | HeatPathCalculator_Dynamic       |       0.021|      1|       0.021|       0.021|
slv : | LiSy_make_portrait               |       0.244|     92|       0.003|       0.006|
slv : | Results_processing               |       1.376|     24|       0.057|       0.081|
slv : | build_sl_ordering_CHT            |       0.032|     25|       0.001|       0.005|
slv : | build_sl_ordering_MDS            |       0.069|     25|       0.003|       0.011|
slv : | build_sl_ordering_fluid          |       0.067|     25|       0.003|       0.011|
slv : | calc_Convolutions_MDS            |       0.424|     25|       0.017|       0.031|
slv : | calc_wall_dist                   |       0.569|      1|       0.569|       0.569|
slv : | create_Gr_operators_MDS          |       0.255|     25|       0.010|       0.014|
slv : | create_Gr_operators_portrait_MDS |       0.172|     25|       0.007|       0.010|
slv : | init_Hy_group_MDS                |       0.306|     25|       0.012|       0.014|
slv : | perform_stage_total              |       5.489|    683|       0.008|       0.570|
slv : | precalc_at_start_MDS             |       0.506|      2|       0.253|       0.477|
slv : | solve_3M_MDS                     |       0.715|     25|       0.029|       0.046|
slv : | solve_3M_alg_MDS                 |       0.136|     25|       0.005|       0.008|
slv : | solve_BG_MDS                     |       0.841|     25|       0.034|       0.065|
slv : | solve_BG_alg_MDS                 |       0.449|     25|       0.018|       0.029|
slv : | solve_BL_MDS                     |       0.175|     25|       0.007|       0.026|
slv : | solve_CHT                        |       0.582|     25|       0.023|       0.036|
slv : | solve_CHT_MDS                    |       0.417|     25|       0.017|       0.023|
slv : | solve_CHT_alg_MDS                |       0.126|     25|       0.005|       0.010|
slv : | solve_DvGr_MDS                   |       1.328|     25|       0.053|       0.102|
slv : | solve_DvGr_alg_MDS               |       0.531|     25|       0.021|       0.064|
slv : | solve_INPR_MDS                   |       0.000|      1|       0.000|       0.000|
slv : | solve_PS+QJ                      |       0.000|      0|       0.000|       0.000|
slv : | solve_YLMA_MDS                   |       0.001|     25|       0.000|       0.000|
slv : | solve_YNOx_MDS                   |       0.000|     25|       0.000|       0.000|
slv : | solve_YTd_MDS                    |       0.001|     25|       0.000|       0.000|
slv : | solve_YTurb_MDS                  |       0.001|     25|       0.000|       0.000|
slv : | update_BC_MDS                    |       0.000|     26|       0.000|       0.000|
slv : | update_Mf_after_DvGr             |       0.152|     25|       0.006|       0.009|
slv : | update_VelPressure_MDS           |       0.042|     25|       0.002|       0.006|
slv : +----------------------------------+------------+-------+------------+------------+
Interpolator cache: total calls 2370, optimised calls 831 (35.1 %)
-----------------------------------------------------------------------
Memory Working Set Current = 306.79 Mb, Memory Working Set Peak = 308.28 Mb
Memory Private Bytes Current = 336.28 Mb, Memory Private Bytes Peak = 343.04 Mb
Process Threads Number: 35
-----------------------------------------------------------------------
Iteration : time = 1.56258 , count = 5 , time/count = 0.312517
Calculate_inc() : time = 1.23334 , count = 5 , time/count = 0.246669
TreatFlowEvolution() : time = 0.313609 , count = 5 , time/count = 0.0627218
SolverPreview : time = 0 , count = 5 , time/count = 0
TreatGoals : time = 0.313609 , count = 5 , time/count = 0.0627218
Algebra Pool      : mem_usage = 176.56 Mb, allocated count = 1353

================== Tstep=25 ===================
<Dynamic P> on nsd = 0 {openings (inlet / outlet)}:
  (SP = Static Pressure, EP = Environment Pressure, TP = Total Pressure, E = External)
  {#0, E, (0.000000e+00 / 5.428056e+02)}
  {#1, E, (5.427462e+02 / 0.000000e+00)}
  {#2, E, (4.788523e-14 / 5.427032e+02)}
  {#3, E, (3.984970e-14 / 5.427032e+02)}
  {#4, E, (3.561709e-03 / 5.429716e+02)}
  {#5, E, (4.307453e-14 / 5.427032e+02)}
  MWS[  0]=1.45203
tau_viscous_averaged = 9031.83 
dt(mass,momentum; nsd=  0): min dt/dtG(ncv=  16072)=1.00 , max dt/dtG(ncv=  15913)=8.1    , dtG=0.000348572
Flow alg-view 0 in phys-view 0 isn't Neumann (not Multi Phase treating)
Face Momentum (sd=  0): max value of div(mf) (cv=14961) = 2.840781e-06
Flow alg-view 0 is not Neumann (not for Phase Change + Nested Iters)
+----+----+--------------+--------------+--------------+--------------+--------------+------+----+-+-+--+------+
|Name|view| Initial res  | Initial resL1| Target res   | Final res    | Final res L1 |Visits|Iter|R|F|CL|Status|
| BG |   0|  3.108941e-11|  1.771580e-04|  3.772036e-13|  2.389330e-13|  3.386752e-05|     4|  12|0|n|30|  OK  |
log10(resTarget_Lim / resTarget_Orig): 2.3 
Face Momentum (sd=  0): max value of div(mf) (cv=15915) = 4.391138e-08
	norm_L2 of div(momentum) = 4.888076e-07.
Flow alg-view 0 in phys-view 0 isn't Neumann (not Multi Phase treating)
LOG: number of a-faces with weighted approximations in 0 subdomain: 3.27901 percent
LOG: Rate of a-faces corrected to CUp1st in 0 subdomain: 0.0491308 %
slv : SolveBL stage
|nsd|Real WF|NormalF|Cycle F|CriticF| EdgeF |CyclBrF|ExtParF|RWFnumSt|StLvlNum|  nfw  |  alp_U_min  |  nfw  |  alp_U_max  |  nfw  |  alp_T_min  |  nfw  |  alp_T_max  |  nfw  |  BL_s_min   |  nfw  |   BL_s_max  |
|  0|    786|    610|      0|      0|    176|      0|      0|     786|      20|   3403|0.00249595   |   3397|3.21187      |   3585|0            |   3796|12945.4      |   3841|-130.432     |   3585|0            |
Face Momentum (sd=  0): max value of div(mf) (cv=15915) = 4.391138e-08
	norm_L2 of div(momentum) = 4.888076e-07.
nsd = 0 BC: AP Inlet occurs on 3617 w-faces
+----+----+----+--------------+--------------+--------------+--------------+--------------+------+----+-+-+--+------+
|Name|view| n_y| Initial res  | Initial resL1| Target res   | Final res    | Final res L1 |Visits|Iter|R|F|CL|Status|
+----+----+----+--------------+--------------+--------------+--------------+--------------+------+----+-+-+--+------+
| 3M |   0|   0|  4.754479e-04|  8.373276e-01|  8.914648e-08|  5.364489e-11|  9.182086e-05|     1|   3|0|n|29|  OK  |
Velocity (predicted):
        (local) sd   0: min(  15913)=1.8581624136551      , max(  16072)=41.274099163065      
Flow alg-view 0 is not Neumann (not for Phase Change + Nested Iters)
+----+----+--------------+--------------+--------------+--------------+--------------+------+----+-+-+--+------+
|Name|view| Initial res  | Initial resL1| Target res   | Final res    | Final res L1 |Visits|Iter|R|F|CL|Status|
|DVGR|   0|  6.538704e-07|  1.992562e-02|  4.086690e-11|  1.324918e-11|  1.163656e-04|     4|  12|0|n|30|  OK  |
PRESSURE SOLVER(geom_index=  0): sum_C_dp=4.12044e-11
Face Momentum (sd=  0): max value of div(mf) (cv=15983) = 9.101354e-07
	norm_L2 of div(momentum) = 3.639959e-06.
nsd = 0 min_dtHy = 0.000348572 (nCV =	16072 ) max_dtHy = 0.00283932 (nCV =	15913 ) 
+----+----+--------------+--------------+--------------+--------------+--------------+------+----+-+-+--+------+
|Name|view| Initial res  | Initial resL1| Target res   | Final res    | Final res L1 |Visits|Iter|R|F|CL|Status|
|CHT |   0|  6.724603e-08|  5.271049e-03|  4.202877e-12|  1.934719e-18|  2.404699e-08|     1|   9|0|n|30|  OK  |
slv : Fluid subdom(new) 0
slv : P static (new)                 : min(  16073) = 100636.93282488      , max(  16075) = 102832.60457152      
slv : Density (new)                  : min(  16073) = 1.1947100760008      , max(  16075) = 1.221823211395       
slv : Velocity (new)                 : min(  15913) = 1.8918149710022      , max(  16072) = 41.234981337177      
slv : Mach number (new)              : min(  15913) = 0.0055086247618425   , max(  16072) = 0.12024066231143     
slv : Temperature (new)              : min(  16072) = 292.80251334585      , max(  15913) = 293.64521250388      
slv : Total enthalpy, Y-shifted (new): min(  16043) = 449.28976095889      , max(  15591) = 450.09298423334      
slv : MASS FLUXES AT OPENINGS: MF=-100.32, AP=100.32
slv : DvGr statistics: min alpha=0.155079(nfa=50651, geom_slice=0)
slv : +----------------------------------+------------+-------+------------+------------+
slv : |          Collector name          | Total Time | Count |  Avg Time  |  Max Time  |
slv : +----------------------------------+------------+-------+------------+------------+
slv : | Calculate_inc                    |       6.876|     25|       0.275|       0.492|
slv : | CollectEMT_Results               |       0.000|     26|       0.000|       0.000|
slv : | HeatPathCalculator_Dynamic       |       0.021|      1|       0.021|       0.021|
slv : | LiSy_make_portrait               |       0.251|     95|       0.003|       0.006|
slv : | Results_processing               |       1.453|     25|       0.058|       0.081|
slv : | build_sl_ordering_CHT            |       0.032|     26|       0.001|       0.005|
slv : | build_sl_ordering_MDS            |       0.069|     26|       0.003|       0.011|
slv : | build_sl_ordering_fluid          |       0.068|     26|       0.003|       0.011|
slv : | calc_Convolutions_MDS            |       0.440|     26|       0.017|       0.031|
slv : | calc_wall_dist                   |       0.569|      1|       0.569|       0.569|
slv : | create_Gr_operators_MDS          |       0.263|     26|       0.010|       0.014|
slv : | create_Gr_operators_portrait_MDS |       0.179|     26|       0.007|       0.010|
slv : | init_Hy_group_MDS                |       0.319|     26|       0.012|       0.014|
slv : | perform_stage_total              |       5.678|    710|       0.008|       0.570|
slv : | precalc_at_start_MDS             |       0.506|      2|       0.253|       0.477|
slv : | solve_3M_MDS                     |       0.742|     26|       0.029|       0.046|
slv : | solve_3M_alg_MDS                 |       0.141|     26|       0.005|       0.008|
slv : | solve_BG_MDS                     |       0.873|     26|       0.034|       0.065|
slv : | solve_BG_alg_MDS                 |       0.466|     26|       0.018|       0.029|
slv : | solve_BL_MDS                     |       0.182|     26|       0.007|       0.026|
slv : | solve_CHT                        |       0.608|     26|       0.023|       0.036|
slv : | solve_CHT_MDS                    |       0.435|     26|       0.017|       0.023|
slv : | solve_CHT_alg_MDS                |       0.131|     26|       0.005|       0.010|
slv : | solve_DvGr_MDS                   |       1.378|     26|       0.053|       0.102|
slv : | solve_DvGr_alg_MDS               |       0.550|     26|       0.021|       0.064|
slv : | solve_INPR_MDS                   |       0.000|      1|       0.000|       0.000|
slv : | solve_PS+QJ                      |       0.000|      0|       0.000|       0.000|
slv : | solve_YLMA_MDS                   |       0.001|     26|       0.000|       0.000|
slv : | solve_YNOx_MDS                   |       0.000|     26|       0.000|       0.000|
slv : | solve_YTd_MDS                    |       0.001|     26|       0.000|       0.000|
slv : | solve_YTurb_MDS                  |       0.001|     26|       0.000|       0.000|
slv : | update_BC_MDS                    |       0.000|     27|       0.000|       0.000|
slv : | update_Mf_after_DvGr             |       0.159|     26|       0.006|       0.009|
slv : | update_VelPressure_MDS           |       0.043|     26|       0.002|       0.006|
slv : +----------------------------------+------------+-------+------------+------------+
-----------------------------------------------------------------------
Memory Working Set Current = 306.46 Mb, Memory Working Set Peak = 308.28 Mb
Memory Private Bytes Current = 336.12 Mb, Memory Private Bytes Peak = 343.04 Mb
Process Threads Number: 35
-----------------------------------------------------------------------
Algebra Pool      : mem_usage = 176.56 Mb, allocated count = 1324

================== Tstep=26 ===================
<Dynamic P> on nsd = 0 {openings (inlet / outlet)}:
  (SP = Static Pressure, EP = Environment Pressure, TP = Total Pressure, E = External)
  {#0, E, (0.000000e+00 / 5.428066e+02)}
  {#1, E, (5.427462e+02 / 0.000000e+00)}
  {#2, E, (4.325247e-14 / 5.427032e+02)}
  {#3, E, (3.632536e-14 / 5.427032e+02)}
  {#4, E, (3.599423e-03 / 5.430345e+02)}
  {#5, E, (4.712962e-14 / 5.427032e+02)}
  MWS[  0]=1.45089
tau_viscous_averaged = 9031.83 
dt(mass,momentum; nsd=  0): min dt/dtG(ncv=  16072)=1.00 , max dt/dtG(ncv=  15913)=7.6    , dtG=0.000347625
Flow alg-view 0 in phys-view 0 isn't Neumann (not Multi Phase treating)
Face Momentum (sd=  0): max value of div(mf) (cv=14961) = 1.334213e-06
Flow alg-view 0 is not Neumann (not for Phase Change + Nested Iters)
+----+----+--------------+--------------+--------------+--------------+--------------+------+----+-+-+--+------+
|Name|view| Initial res  | Initial resL1| Target res   | Final res    | Final res L1 |Visits|Iter|R|F|CL|Status|
| BG |   0|  1.547915e-11|  1.187312e-04|  4.086690e-13|  3.394884e-13|  2.126875e-05|     5|  15|0|n|30|  OK  |
log10(resTarget_Lim / resTarget_Orig): 2.6 
Face Momentum (sd=  0): max value of div(mf) (cv=16020) = 2.098269e-07
	norm_L2 of div(momentum) = 5.826563e-07.
Flow alg-view 0 in phys-view 0 isn't Neumann (not Multi Phase treating)
LOG: number of a-faces with weighted approximations in 0 subdomain: 3.25102 percent
LOG: Rate of a-faces corrected to CUp1st in 0 subdomain: 0.0508442 %
slv : SolveBL stage
|nsd|Real WF|NormalF|Cycle F|CriticF| EdgeF |CyclBrF|ExtParF|RWFnumSt|StLvlNum|  nfw  |  alp_U_min  |  nfw  |  alp_U_max  |  nfw  |  alp_T_min  |  nfw  |  alp_T_max  |  nfw  |  BL_s_min   |  nfw  |   BL_s_max  |
|  0|    786|    610|      0|      0|    176|      0|      0|     786|      20|   3387|0.00249398   |   3381|3.22592      |   3585|0            |   3796|17027.5      |   3841|-130.348     |   3585|0            |
Face Momentum (sd=  0): max value of div(mf) (cv=16020) = 2.098269e-07
	norm_L2 of div(momentum) = 5.826563e-07.
nsd = 0 BC: AP Inlet occurs on 3614 w-faces
+----+----+----+--------------+--------------+--------------+--------------+--------------+------+----+-+-+--+------+
|Name|view| n_y| Initial res  | Initial resL1| Target res   | Final res    | Final res L1 |Visits|Iter|R|F|CL|Status|
+----+----+----+--------------+--------------+--------------+--------------+--------------+------+----+-+-+--+------+
| 3M |   0|   0|  4.550496e-04|  7.714406e-01|  8.532179e-08|  8.826500e-11|  1.066764e-04|     1|   3|0|n|29|  OK  |
Velocity (predicted):
        (local) sd   0: min(  15913)=2.3814888447893      , max(  16072)=41.208930986114      
Flow alg-view 0 is not Neumann (not for Phase Change + Nested Iters)
+----+----+--------------+--------------+--------------+--------------+--------------+------+----+-+-+--+------+
|Name|view| Initial res  | Initial resL1| Target res   | Final res    | Final res L1 |Visits|Iter|R|F|CL|Status|
|DVGR|   0|  7.889995e-07|  2.145968e-02|  4.931247e-11|  3.915110e-11|  2.450957e-04|     3|   9|0|n|30|  OK  |
PRESSURE SOLVER(geom_index=  0): sum_C_dp=1.4888e-09
Face Momentum (sd=  0): max value of div(mf) (cv=15357) = 8.565933e-07
	norm_L2 of div(momentum) = 6.257103e-06.
nsd = 0 min_dtHy = 0.000347625 (nCV =	16072 ) max_dtHy = 0.00264829 (nCV =	15913 ) 
+----+----+--------------+--------------+--------------+--------------+--------------+------+----+-+-+--+------+
|Name|view| Initial res  | Initial resL1| Target res   | Final res    | Final res L1 |Visits|Iter|R|F|CL|Status|
|CHT |   0|  5.798903e-08|  4.871718e-03|  3.624314e-12|  2.435169e-18|  2.524936e-08|     1|   9|0|n|30|  OK  |
slv : Fluid subdom(new) 0
slv : P static (new)                 : min(  16073) = 100638.1968222       , max(  16075) = 102832.89790186      
slv : Density (new)                  : min(  16073) = 1.1947219856867      , max(  16075) = 1.2218277715546      
slv : Velocity (new)                 : min(  15913) = 2.4787425163825      , max(  16072) = 41.199333373738      
slv : Mach number (new)              : min(  15913) = 0.0072176677506501   , max(  16072) = 0.12013641555975     
slv : Temperature (new)              : min(  16072) = 292.80397186616      , max(  15913) = 293.64393736923      
slv : Total enthalpy, Y-shifted (new): min(  16043) = 449.21322284222      , max(  15590) = 450.09255567199      
slv : MASS FLUXES AT OPENINGS: MF=-100.32, AP=100.32
slv : DvGr statistics: min alpha=0.157484(nfa=52877, geom_slice=0)
slv : +----------------------------------+------------+-------+------------+------------+
slv : |          Collector name          | Total Time | Count |  Avg Time  |  Max Time  |
slv : +----------------------------------+------------+-------+------------+------------+
slv : | Calculate_inc                    |       7.147|     26|       0.275|       0.492|
slv : | CollectEMT_Results               |       0.000|     27|       0.000|       0.000|
slv : | HeatPathCalculator_Dynamic       |       0.021|      1|       0.021|       0.021|
slv : | LiSy_make_portrait               |       0.259|     98|       0.003|       0.006|
slv : | Results_processing               |       1.521|     26|       0.058|       0.081|
slv : | build_sl_ordering_CHT            |       0.032|     27|       0.001|       0.005|
slv : | build_sl_ordering_MDS            |       0.069|     27|       0.003|       0.011|
slv : | build_sl_ordering_fluid          |       0.068|     27|       0.003|       0.011|
slv : | calc_Convolutions_MDS            |       0.458|     27|       0.017|       0.031|
slv : | calc_wall_dist                   |       0.569|      1|       0.569|       0.569|
slv : | create_Gr_operators_MDS          |       0.273|     27|       0.010|       0.014|
slv : | create_Gr_operators_portrait_MDS |       0.185|     27|       0.007|       0.010|
slv : | init_Hy_group_MDS                |       0.330|     27|       0.012|       0.014|
slv : | perform_stage_total              |       5.860|    737|       0.008|       0.570|
slv : | precalc_at_start_MDS             |       0.506|      2|       0.253|       0.477|
slv : | solve_3M_MDS                     |       0.767|     27|       0.028|       0.046|
slv : | solve_3M_alg_MDS                 |       0.145|     27|       0.005|       0.008|
slv : | solve_BG_MDS                     |       0.902|     27|       0.033|       0.065|
slv : | solve_BG_alg_MDS                 |       0.481|     27|       0.018|       0.029|
slv : | solve_BL_MDS                     |       0.187|     27|       0.007|       0.026|
slv : | solve_CHT                        |       0.630|     27|       0.023|       0.036|
slv : | solve_CHT_MDS                    |       0.453|     27|       0.017|       0.023|
slv : | solve_CHT_alg_MDS                |       0.135|     27|       0.005|       0.010|
slv : | solve_DvGr_MDS                   |       1.425|     27|       0.053|       0.102|
slv : | solve_DvGr_alg_MDS               |       0.565|     27|       0.021|       0.064|
slv : | solve_INPR_MDS                   |       0.000|      1|       0.000|       0.000|
slv : | solve_PS+QJ                      |       0.000|      0|       0.000|       0.000|
slv : | solve_YLMA_MDS                   |       0.001|     27|       0.000|       0.000|
slv : | solve_YNOx_MDS                   |       0.000|     27|       0.000|       0.000|
slv : | solve_YTd_MDS                    |       0.001|     27|       0.000|       0.000|
slv : | solve_YTurb_MDS                  |       0.001|     27|       0.000|       0.000|
slv : | update_BC_MDS                    |       0.000|     28|       0.000|       0.000|
slv : | update_Mf_after_DvGr             |       0.165|     27|       0.006|       0.009|
slv : | update_VelPressure_MDS           |       0.044|     27|       0.002|       0.006|
slv : +----------------------------------+------------+-------+------------+------------+
-----------------------------------------------------------------------
Memory Working Set Current = 307.02 Mb, Memory Working Set Peak = 308.28 Mb
Memory Private Bytes Current = 335.41 Mb, Memory Private Bytes Peak = 343.04 Mb
Process Threads Number: 35
-----------------------------------------------------------------------
Algebra Pool      : mem_usage = 176.56 Mb, allocated count = 1382

================== Tstep=27 ===================
<Dynamic P> on nsd = 0 {openings (inlet / outlet)}:
  (SP = Static Pressure, EP = Environment Pressure, TP = Total Pressure, E = External)
  {#0, E, (0.000000e+00 / 5.428063e+02)}
  {#1, E, (5.427461e+02 / 0.000000e+00)}
  {#2, E, (4.235822e-14 / 5.427032e+02)}
  {#3, E, (3.563509e-14 / 5.427032e+02)}
  {#4, E, (3.576939e-03 / 5.429736e+02)}
  {#5, E, (4.246969e-14 / 5.427032e+02)}
  MWS[  0]=1.44854
tau_viscous_averaged = 9031.83 
dt(mass,momentum; nsd=  0): min dt/dtG(ncv=  16072)=1.00 , max dt/dtG(ncv=  15913)=7.3    , dtG=0.000348841
Flow alg-view 0 in phys-view 0 isn't Neumann (not Multi Phase treating)
Face Momentum (sd=  0): max value of div(mf) (cv=14954) = 2.147871e-06
Flow alg-view 0 is not Neumann (not for Phase Change + Nested Iters)
+----+----+--------------+--------------+--------------+--------------+--------------+------+----+-+-+--+------+
|Name|view| Initial res  | Initial resL1| Target res   | Final res    | Final res L1 |Visits|Iter|R|F|CL|Status|
| BG |   0|  4.442405e-11|  2.484011e-04|  4.931247e-13|  1.476443e-13|  2.632336e-05|     5|  15|0|n|30|  OK  |
log10(resTarget_Lim / resTarget_Orig): 2.2 
Face Momentum (sd=  0): max value of div(mf) (cv=16020) = 9.017908e-08
	norm_L2 of div(momentum) = 3.842452e-07.
Flow alg-view 0 in phys-view 0 isn't Neumann (not Multi Phase treating)
LOG: number of a-faces with weighted approximations in 0 subdomain: 3.34691 percent
LOG: Rate of a-faces corrected to CUp1st in 0 subdomain: 0.0530828 %
slv : SolveBL stage
|nsd|Real WF|NormalF|Cycle F|CriticF| EdgeF |CyclBrF|ExtParF|RWFnumSt|StLvlNum|  nfw  |  alp_U_min  |  nfw  |  alp_U_max  |  nfw  |  alp_T_min  |  nfw  |  alp_T_max  |  nfw  |  BL_s_min   |  nfw  |   BL_s_max  |
|  0|    786|    611|      0|      0|    175|      0|      0|     786|      20|   3309|0.00203944   |   3381|3.22774      |   3585|0            |   3796|17008.1      |   3841|-130.373     |   3585|0            |
Face Momentum (sd=  0): max value of div(mf) (cv=16020) = 9.017908e-08
	norm_L2 of div(momentum) = 3.842452e-07.
nsd = 0 BC: AP Inlet occurs on 3608 w-faces
+----+----+----+--------------+--------------+--------------+--------------+--------------+------+----+-+-+--+------+
|Name|view| n_y| Initial res  | Initial resL1| Target res   | Final res    | Final res L1 |Visits|Iter|R|F|CL|Status|
+----+----+----+--------------+--------------+--------------+--------------+--------------+------+----+-+-+--+------+
| 3M |   0|   0|  3.918660e-04|  7.556487e-01|  7.347488e-08|  9.223818e-11|  1.096918e-04|     1|   3|0|n|29|  OK  |
Velocity (predicted):
        (local) sd   0: min(  15973)=2.5908276374973      , max(  16072)=41.25184285595       
Flow alg-view 0 is not Neumann (not for Phase Change + Nested Iters)
+----+----+--------------+--------------+--------------+--------------+--------------+------+----+-+-+--+------+
|Name|view| Initial res  | Initial resL1| Target res   | Final res    | Final res L1 |Visits|Iter|R|F|CL|Status|
|DVGR|   0|  8.315388e-07|  2.302774e-02|  5.197117e-11|  4.878409e-11|  2.592264e-04|     3|   9|0|n|30|  OK  |
PRESSURE SOLVER(geom_index=  0): sum_C_dp=1.06731e-09
Face Momentum (sd=  0): max value of div(mf) (cv=15357) = 1.263650e-06
	norm_L2 of div(momentum) = 6.984584e-06.
nsd = 0 min_dtHy = 0.000348841 (nCV =	16072 ) max_dtHy = 0.00253593 (nCV =	15913 ) 
+----+----+--------------+--------------+--------------+--------------+--------------+------+----+-+-+--+------+
|Name|view| Initial res  | Initial resL1| Target res   | Final res    | Final res L1 |Visits|Iter|R|F|CL|Status|
|CHT |   0|  4.812808e-08|  4.512308e-03|  3.008005e-12|  3.342273e-18|  2.513493e-08|     1|   9|0|n|30|  OK  |
slv : Fluid subdom(new) 0
slv : P static (new)                 : min(  16073) = 100641.44173307      , max(  16075) = 102834.04963347      
slv : Density (new)                  : min(  16073) = 1.1947570007974      , max(  16075) = 1.2218387317318      
slv : Velocity (new)                 : min(  15973) = 2.3952936868015      , max(  16072) = 41.221196048483      
slv : Mach number (new)              : min(  15973) = 0.0069746777020596   , max(  16072) = 0.12020034920252     
slv : Temperature (new)              : min(  16072) = 292.80307825433      , max(  15973) = 293.64406839826      
slv : Total enthalpy, Y-shifted (new): min(  16043) = 449.14768961781      , max(  15591) = 450.09307724132      
slv : MASS FLUXES AT OPENINGS: MF=-100.32, AP=100.32
slv : DvGr statistics: min alpha=0.159773(nfa=50651, geom_slice=0)
slv : +----------------------------------+------------+-------+------------+------------+
slv : |          Collector name          | Total Time | Count |  Avg Time  |  Max Time  |
slv : +----------------------------------+------------+-------+------------+------------+
slv : | Calculate_inc                    |       7.404|     27|       0.274|       0.492|
slv : | CollectEMT_Results               |       0.000|     28|       0.000|       0.000|
slv : | HeatPathCalculator_Dynamic       |       0.021|      1|       0.021|       0.021|
slv : | LiSy_make_portrait               |       0.267|    101|       0.003|       0.006|
slv : | Results_processing               |       1.586|     27|       0.059|       0.081|
slv : | build_sl_ordering_CHT            |       0.032|     28|       0.001|       0.005|
slv : | build_sl_ordering_MDS            |       0.069|     28|       0.002|       0.011|
slv : | build_sl_ordering_fluid          |       0.068|     28|       0.002|       0.011|
slv : | calc_Convolutions_MDS            |       0.473|     28|       0.017|       0.031|
slv : | calc_wall_dist                   |       0.569|      1|       0.569|       0.569|
slv : | create_Gr_operators_MDS          |       0.282|     28|       0.010|       0.014|
slv : | create_Gr_operators_portrait_MDS |       0.191|     28|       0.007|       0.010|
slv : | init_Hy_group_MDS                |       0.342|     28|       0.012|       0.014|
slv : | perform_stage_total              |       6.036|    764|       0.008|       0.570|
slv : | precalc_at_start_MDS             |       0.506|      2|       0.253|       0.477|
slv : | solve_3M_MDS                     |       0.794|     28|       0.028|       0.046|
slv : | solve_3M_alg_MDS                 |       0.151|     28|       0.005|       0.008|
slv : | solve_BG_MDS                     |       0.933|     28|       0.033|       0.065|
slv : | solve_BG_alg_MDS                 |       0.497|     28|       0.018|       0.029|
slv : | solve_BL_MDS                     |       0.193|     28|       0.007|       0.026|
slv : | solve_CHT                        |       0.650|     28|       0.023|       0.036|
slv : | solve_CHT_MDS                    |       0.467|     28|       0.017|       0.023|
slv : | solve_CHT_alg_MDS                |       0.140|     28|       0.005|       0.010|
slv : | solve_DvGr_MDS                   |       1.473|     28|       0.053|       0.102|
slv : | solve_DvGr_alg_MDS               |       0.580|     28|       0.021|       0.064|
slv : | solve_INPR_MDS                   |       0.000|      1|       0.000|       0.000|
slv : | solve_PS+QJ                      |       0.000|      0|       0.000|       0.000|
slv : | solve_YLMA_MDS                   |       0.001|     28|       0.000|       0.000|
slv : | solve_YNOx_MDS                   |       0.000|     28|       0.000|       0.000|
slv : | solve_YTd_MDS                    |       0.001|     28|       0.000|       0.000|
slv : | solve_YTurb_MDS                  |       0.001|     28|       0.000|       0.000|
slv : | update_BC_MDS                    |       0.000|     29|       0.000|       0.000|
slv : | update_Mf_after_DvGr             |       0.171|     28|       0.006|       0.009|
slv : | update_VelPressure_MDS           |       0.045|     28|       0.002|       0.006|
slv : +----------------------------------+------------+-------+------------+------------+
-----------------------------------------------------------------------
Memory Working Set Current = 306.33 Mb, Memory Working Set Peak = 308.28 Mb
Memory Private Bytes Current = 333.61 Mb, Memory Private Bytes Peak = 343.04 Mb
Process Threads Number: 35
-----------------------------------------------------------------------
Algebra Pool      : mem_usage = 176.56 Mb, allocated count = 1362

================== Tstep=28 ===================
<Dynamic P> on nsd = 0 {openings (inlet / outlet)}:
  (SP = Static Pressure, EP = Environment Pressure, TP = Total Pressure, E = External)
  {#0, E, (0.000000e+00 / 5.428057e+02)}
  {#1, E, (5.427460e+02 / 0.000000e+00)}
  {#2, E, (3.987829e-14 / 5.427032e+02)}
  {#3, E, (3.458406e-14 / 5.427032e+02)}
  {#4, E, (3.455075e-03 / 5.429582e+02)}
  {#5, E, (3.130734e-14 / 5.427032e+02)}
  MWS[  0]=1.44951
tau_viscous_averaged = 9031.83 
dt(mass,momentum; nsd=  0): min dt/dtG(ncv=  16072)=1.00 , max dt/dtG(ncv=  15971)=7.2    , dtG=0.000347617
Flow alg-view 0 in phys-view 0 isn't Neumann (not Multi Phase treating)
Face Momentum (sd=  0): max value of div(mf) (cv=18538) = 9.020383e-06
Flow alg-view 0 is not Neumann (not for Phase Change + Nested Iters)
+----+----+--------------+--------------+--------------+--------------+--------------+------+----+-+-+--+------+
|Name|view| Initial res  | Initial resL1| Target res   | Final res    | Final res L1 |Visits|Iter|R|F|CL|Status|
| BG |   0|  1.301968e-10|  2.686213e-04|  5.197117e-13|  2.688214e-13|  3.198124e-05|     5|  15|0|n|30|  OK  |
log10(resTarget_Lim / resTarget_Orig): 1.8 
Face Momentum (sd=  0): max value of div(mf) (cv=16020) = 1.412414e-07
	norm_L2 of div(momentum) = 5.184800e-07.
Flow alg-view 0 in phys-view 0 isn't Neumann (not Multi Phase treating)
LOG: number of a-faces with weighted approximations in 0 subdomain: 3.32488 percent
LOG: Rate of a-faces corrected to CUp1st in 0 subdomain: 0.0485402 %
slv : SolveBL stage
|nsd|Real WF|NormalF|Cycle F|CriticF| EdgeF |CyclBrF|ExtParF|RWFnumSt|StLvlNum|  nfw  |  alp_U_min  |  nfw  |  alp_U_max  |  nfw  |  alp_T_min  |  nfw  |  alp_T_max  |  nfw  |  BL_s_min   |  nfw  |   BL_s_max  |
|  0|    786|    611|      0|      0|    175|      0|      0|     786|      20|   3279|0.00212438   |   3397|3.22384      |   3585|0            |   3796|16998        |   3841|-130.329     |   3585|0            |
Face Momentum (sd=  0): max value of div(mf) (cv=16020) = 1.412414e-07
	norm_L2 of div(momentum) = 5.184800e-07.
nsd = 0 BC: AP Inlet occurs on 3597 w-faces
+----+----+----+--------------+--------------+--------------+--------------+--------------+------+----+-+-+--+------+
|Name|view| n_y| Initial res  | Initial resL1| Target res   | Final res    | Final res L1 |Visits|Iter|R|F|CL|Status|
+----+----+----+--------------+--------------+--------------+--------------+--------------+------+----+-+-+--+------+
| 3M |   0|   0|  3.945071e-04|  7.316099e-01|  7.397009e-08|  8.695163e-11|  1.137754e-04|     1|   3|0|n|29|  OK  |
Velocity (predicted):
        (local) sd   0: min(  17629)=2.1774395180977      , max(  16072)=41.171531876476      
Flow alg-view 0 is not Neumann (not for Phase Change + Nested Iters)
+----+----+--------------+--------------+--------------+--------------+--------------+------+----+-+-+--+------+
|Name|view| Initial res  | Initial resL1| Target res   | Final res    | Final res L1 |Visits|Iter|R|F|CL|Status|
|DVGR|   0|  7.637585e-07|  2.166810e-02|  4.773491e-11|  2.284294e-11|  2.079266e-04|     3|   9|0|n|30|  OK  |
PRESSURE SOLVER(geom_index=  0): sum_C_dp=1.37994e-09
Face Momentum (sd=  0): max value of div(mf) (cv=17621) = 6.810619e-07
	norm_L2 of div(momentum) = 4.779448e-06.
nsd = 0 min_dtHy = 0.000347617 (nCV =	16072 ) max_dtHy = 0.00251466 (nCV =	15971 ) 
+----+----+--------------+--------------+--------------+--------------+--------------+------+----+-+-+--+------+
|Name|view| Initial res  | Initial resL1| Target res   | Final res    | Final res L1 |Visits|Iter|R|F|CL|Status|
|CHT |   0|  3.895521e-08|  4.080655e-03|  2.434701e-12|  1.999285e-18|  2.366990e-08|     1|   9|0|n|30|  OK  |
slv : Fluid subdom(new) 0
slv : P static (new)                 : min(  16073) = 100641.64259029      , max(  16075) = 102834.21771122      
slv : Density (new)                  : min(  16073) = 1.1947565658755      , max(  16075) = 1.2218431620219      
slv : Velocity (new)                 : min(  17629) = 2.2370670727415      , max(  16072) = 41.179965379802      
slv : Mach number (new)              : min(  17629) = 0.0065139529836103   , max(  16072) = 0.12007977715009     
slv : Temperature (new)              : min(  16072) = 292.80476446892      , max(  15973) = 293.64376015316      
slv : Total enthalpy, Y-shifted (new): min(  16046) = 449.0756245163       , max(  15591) = 450.09392427588      
slv : MASS FLUXES AT OPENINGS: MF=-100.32, AP=100.32
slv : DvGr statistics: min alpha=0.159992(nfa=44835, geom_slice=0)
slv : +----------------------------------+------------+-------+------------+------------+
slv : |          Collector name          | Total Time | Count |  Avg Time  |  Max Time  |
slv : +----------------------------------+------------+-------+------------+------------+
slv : | Calculate_inc                    |       7.657|     28|       0.273|       0.492|
slv : | CollectEMT_Results               |       0.000|     29|       0.000|       0.000|
slv : | HeatPathCalculator_Dynamic       |       0.021|      1|       0.021|       0.021|
slv : | LiSy_make_portrait               |       0.275|    104|       0.003|       0.006|
slv : | Results_processing               |       1.627|     28|       0.058|       0.081|
slv : | build_sl_ordering_CHT            |       0.032|     29|       0.001|       0.005|
slv : | build_sl_ordering_MDS            |       0.070|     29|       0.002|       0.011|
slv : | build_sl_ordering_fluid          |       0.068|     29|       0.002|       0.011|
slv : | calc_Convolutions_MDS            |       0.489|     29|       0.017|       0.031|
slv : | calc_wall_dist                   |       0.569|      1|       0.569|       0.569|
slv : | create_Gr_operators_MDS          |       0.291|     29|       0.010|       0.014|
slv : | create_Gr_operators_portrait_MDS |       0.198|     29|       0.007|       0.010|
slv : | init_Hy_group_MDS                |       0.354|     29|       0.012|       0.014|
slv : | perform_stage_total              |       6.209|    791|       0.008|       0.570|
slv : | precalc_at_start_MDS             |       0.506|      2|       0.253|       0.477|
slv : | solve_3M_MDS                     |       0.821|     29|       0.028|       0.046|
slv : | solve_3M_alg_MDS                 |       0.157|     29|       0.005|       0.008|
slv : | solve_BG_MDS                     |       0.964|     29|       0.033|       0.065|
slv : | solve_BG_alg_MDS                 |       0.515|     29|       0.018|       0.029|
slv : | solve_BL_MDS                     |       0.198|     29|       0.007|       0.026|
slv : | solve_CHT                        |       0.673|     29|       0.023|       0.036|
slv : | solve_CHT_MDS                    |       0.485|     29|       0.017|       0.023|
slv : | solve_CHT_alg_MDS                |       0.144|     29|       0.005|       0.010|
slv : | solve_DvGr_MDS                   |       1.520|     29|       0.052|       0.102|
slv : | solve_DvGr_alg_MDS               |       0.597|     29|       0.021|       0.064|
slv : | solve_INPR_MDS                   |       0.000|      1|       0.000|       0.000|
slv : | solve_PS+QJ                      |       0.000|      0|       0.000|       0.000|
slv : | solve_YLMA_MDS                   |       0.001|     29|       0.000|       0.000|
slv : | solve_YNOx_MDS                   |       0.000|     29|       0.000|       0.000|
slv : | solve_YTd_MDS                    |       0.001|     29|       0.000|       0.000|
slv : | solve_YTurb_MDS                  |       0.001|     29|       0.000|       0.000|
slv : | update_BC_MDS                    |       0.000|     30|       0.000|       0.000|
slv : | update_Mf_after_DvGr             |       0.176|     29|       0.006|       0.009|
slv : | update_VelPressure_MDS           |       0.046|     29|       0.002|       0.006|
slv : +----------------------------------+------------+-------+------------+------------+
-----------------------------------------------------------------------
Memory Working Set Current = 306.20 Mb, Memory Working Set Peak = 308.28 Mb
Memory Private Bytes Current = 333.38 Mb, Memory Private Bytes Peak = 343.04 Mb
Process Threads Number: 35
-----------------------------------------------------------------------
Algebra Pool      : mem_usage = 176.56 Mb, allocated count = 1345

================== Tstep=29 ===================
<Dynamic P> on nsd = 0 {openings (inlet / outlet)}:
  (SP = Static Pressure, EP = Environment Pressure, TP = Total Pressure, E = External)
  {#0, E, (0.000000e+00 / 5.428051e+02)}
  {#1, E, (5.427460e+02 / 0.000000e+00)}
  {#2, E, (3.767327e-14 / 5.427032e+02)}
  {#3, E, (3.307024e-14 / 5.427032e+02)}
  {#4, E, (3.280805e-03 / 5.429612e+02)}
  {#5, E, (2.415761e-14 / 5.427032e+02)}
  MWS[  0]=1.44837
tau_viscous_averaged = 9031.83 
dt(mass,momentum; nsd=  0): min dt/dtG(ncv=  16072)=1.00 , max dt/dtG(ncv=  15971)=7.1    , dtG=0.00034892
Flow alg-view 0 in phys-view 0 isn't Neumann (not Multi Phase treating)
Face Momentum (sd=  0): max value of div(mf) (cv=17621) = 6.810619e-07
Flow alg-view 0 is not Neumann (not for Phase Change + Nested Iters)
+----+----+--------------+--------------+--------------+--------------+--------------+------+----+-+-+--+------+
|Name|view| Initial res  | Initial resL1| Target res   | Final res    | Final res L1 |Visits|Iter|R|F|CL|Status|
| BG |   0|  2.299707e-11|  2.088289e-04|  4.773491e-13|  4.516988e-13|  5.064704e-05|     4|  12|0|n|30|  OK  |
log10(resTarget_Lim / resTarget_Orig): 2.5 
Face Momentum (sd=  0): max value of div(mf) (cv=16020) = 9.756136e-08
	norm_L2 of div(momentum) = 6.720856e-07.
Flow alg-view 0 in phys-view 0 isn't Neumann (not Multi Phase treating)
LOG: number of a-faces with weighted approximations in 0 subdomain: 3.29509 percent
LOG: Rate of a-faces corrected to CUp1st in 0 subdomain: 0.0470882 %
slv : SolveBL stage
|nsd|Real WF|NormalF|Cycle F|CriticF| EdgeF |CyclBrF|ExtParF|RWFnumSt|StLvlNum|  nfw  |  alp_U_min  |  nfw  |  alp_U_max  |  nfw  |  alp_T_min  |  nfw  |  alp_T_max  |  nfw  |  BL_s_min   |  nfw  |   BL_s_max  |
|  0|    786|    611|      0|      0|    175|      0|      0|     786|      20|   3309|0.00207114   |   3272|3.1147       |   3585|0            |   3751|10290.1      |   3841|-130.376     |   3585|0            |
Face Momentum (sd=  0): max value of div(mf) (cv=16020) = 9.756136e-08
	norm_L2 of div(momentum) = 6.720856e-07.
nsd = 0 BC: AP Inlet occurs on 3560 w-faces
+----+----+----+--------------+--------------+--------------+--------------+--------------+------+----+-+-+--+------+
|Name|view| n_y| Initial res  | Initial resL1| Target res   | Final res    | Final res L1 |Visits|Iter|R|F|CL|Status|
+----+----+----+--------------+--------------+--------------+--------------+--------------+------+----+-+-+--+------+
| 3M |   0|   0|  5.528603e-04|  7.062882e-01|  1.036613e-07|  7.345484e-11|  9.922315e-05|     1|   3|0|n|29|  OK  |
Velocity (predicted):
        (local) sd   0: min(  17629)=1.8482223603139      , max(  16072)=41.228486545732      
Flow alg-view 0 is not Neumann (not for Phase Change + Nested Iters)
+----+----+--------------+--------------+--------------+--------------+--------------+------+----+-+-+--+------+
|Name|view| Initial res  | Initial resL1| Target res   | Final res    | Final res L1 |Visits|Iter|R|F|CL|Status|
|DVGR|   0|  8.658387e-07|  2.256816e-02|  5.411492e-11|  4.604259e-11|  2.360058e-04|     3|   9|0|n|30|  OK  |
PRESSURE SOLVER(geom_index=  0): sum_C_dp=-1.08603e-09
Face Momentum (sd=  0): max value of div(mf) (cv=15375) = 1.152144e-06
	norm_L2 of div(momentum) = 6.785497e-06.
nsd = 0 min_dtHy = 0.00034892 (nCV =	16072 ) max_dtHy = 0.00246394 (nCV =	15971 ) 
+----+----+--------------+--------------+--------------+--------------+--------------+------+----+-+-+--+------+
|Name|view| Initial res  | Initial resL1| Target res   | Final res    | Final res L1 |Visits|Iter|R|F|CL|Status|
|CHT |   0|  4.483161e-08|  4.042178e-03|  2.801976e-12|  1.468305e-18|  2.144444e-08|     1|   9|0|n|30|  OK  |
slv : Fluid subdom(new) 0
slv : P static (new)                 : min(  16073) = 100644.15845311      , max(  16075) = 102835.17003223      
slv : Density (new)                  : min(  16073) = 1.1947839831497      , max(  16075) = 1.2218517902786      
slv : Velocity (new)                 : min(  17629) = 1.9061645431343      , max(  16072) = 41.213790408779      
slv : Mach number (new)              : min(  17629) = 0.005550416178478    , max(  16072) = 0.12017869250774     
slv : Temperature (new)              : min(  16072) = 292.8033816848       , max(  15973) = 293.64439204462      
slv : Total enthalpy, Y-shifted (new): min(  16046) = 449.0106101528       , max(  15591) = 450.0951821058       
slv : MASS FLUXES AT OPENINGS: MF=-100.32, AP=100.32
slv : DvGr statistics: min alpha=0.160553(nfa=50651, geom_slice=0)
slv : +----------------------------------+------------+-------+------------+------------+
slv : |          Collector name          | Total Time | Count |  Avg Time  |  Max Time  |
slv : +----------------------------------+------------+-------+------------+------------+
slv : | Calculate_inc                    |       7.907|     29|       0.273|       0.492|
slv : | CollectEMT_Results               |       0.000|     30|       0.000|       0.000|
slv : | HeatPathCalculator_Dynamic       |       0.021|      1|       0.021|       0.021|
slv : | LiSy_make_portrait               |       0.282|    107|       0.003|       0.006|
slv : | Results_processing               |       1.682|     29|       0.058|       0.081|
slv : | build_sl_ordering_CHT            |       0.032|     30|       0.001|       0.005|
slv : | build_sl_ordering_MDS            |       0.070|     30|       0.002|       0.011|
slv : | build_sl_ordering_fluid          |       0.068|     30|       0.002|       0.011|
slv : | calc_Convolutions_MDS            |       0.509|     30|       0.017|       0.031|
slv : | calc_wall_dist                   |       0.569|      1|       0.569|       0.569|
slv : | create_Gr_operators_MDS          |       0.302|     30|       0.010|       0.014|
slv : | create_Gr_operators_portrait_MDS |       0.204|     30|       0.007|       0.010|
slv : | init_Hy_group_MDS                |       0.366|     30|       0.012|       0.014|
slv : | perform_stage_total              |       6.389|    818|       0.008|       0.570|
slv : | precalc_at_start_MDS             |       0.506|      2|       0.253|       0.477|
slv : | solve_3M_MDS                     |       0.850|     30|       0.028|       0.046|
slv : | solve_3M_alg_MDS                 |       0.163|     30|       0.005|       0.008|
slv : | solve_BG_MDS                     |       0.992|     30|       0.033|       0.065|
slv : | solve_BG_alg_MDS                 |       0.530|     30|       0.018|       0.029|
slv : | solve_BL_MDS                     |       0.204|     30|       0.007|       0.026|
slv : | solve_CHT                        |       0.694|     30|       0.023|       0.036|
slv : | solve_CHT_MDS                    |       0.500|     30|       0.017|       0.023|
slv : | solve_CHT_alg_MDS                |       0.149|     30|       0.005|       0.010|
slv : | solve_DvGr_MDS                   |       1.565|     30|       0.052|       0.102|
slv : | solve_DvGr_alg_MDS               |       0.612|     30|       0.020|       0.064|
slv : | solve_INPR_MDS                   |       0.000|      1|       0.000|       0.000|
slv : | solve_PS+QJ                      |       0.000|      0|       0.000|       0.000|
slv : | solve_YLMA_MDS                   |       0.001|     30|       0.000|       0.000|
slv : | solve_YNOx_MDS                   |       0.000|     30|       0.000|       0.000|
slv : | solve_YTd_MDS                    |       0.001|     30|       0.000|       0.000|
slv : | solve_YTurb_MDS                  |       0.001|     30|       0.000|       0.000|
slv : | update_BC_MDS                    |       0.000|     31|       0.000|       0.000|
slv : | update_Mf_after_DvGr             |       0.183|     30|       0.006|       0.009|
slv : | update_VelPressure_MDS           |       0.048|     30|       0.002|       0.006|
slv : +----------------------------------+------------+-------+------------+------------+
Interpolator cache: total calls 2379, optimised calls 868 (36.5 %)
-----------------------------------------------------------------------
Memory Working Set Current = 306.72 Mb, Memory Working Set Peak = 308.28 Mb
Memory Private Bytes Current = 334.36 Mb, Memory Private Bytes Peak = 343.04 Mb
Process Threads Number: 35
-----------------------------------------------------------------------
Iteration : time = 1.59362 , count = 5 , time/count = 0.318723
Calculate_inc() : time = 1.32747 , count = 5 , time/count = 0.265494
TreatFlowEvolution() : time = 0.266146 , count = 5 , time/count = 0.0532292
SolverPreview : time = 0 , count = 5 , time/count = 0
TreatGoals : time = 0.266146 , count = 5 , time/count = 0.0532292
Algebra Pool      : mem_usage = 176.56 Mb, allocated count = 1345

================== Tstep=30 ===================
<Dynamic P> on nsd = 0 {openings (inlet / outlet)}:
  (SP = Static Pressure, EP = Environment Pressure, TP = Total Pressure, E = External)
  {#0, E, (0.000000e+00 / 5.428056e+02)}
  {#1, E, (5.427461e+02 / 0.000000e+00)}
  {#2, E, (3.356852e-14 / 5.427032e+02)}
  {#3, E, (2.991673e-14 / 5.427032e+02)}
  {#4, E, (3.137347e-03 / 5.429863e+02)}
  {#5, E, (2.868112e-14 / 5.427032e+02)}
  MWS[  0]=1.45016
tau_viscous_averaged = 9031.83 
dt(mass,momentum; nsd=  0): min dt/dtG(ncv=  16072)=1.00 , max dt/dtG(ncv=  15971)=7.2    , dtG=0.000521249
Flow alg-view 0 in phys-view 0 isn't Neumann (not Multi Phase treating)
Face Momentum (sd=  0): max value of div(mf) (cv=14961) = 2.371699e-06
Flow alg-view 0 is not Neumann (not for Phase Change + Nested Iters)
+----+----+--------------+--------------+--------------+--------------+--------------+------+----+-+-+--+------+
|Name|view| Initial res  | Initial resL1| Target res   | Final res    | Final res L1 |Visits|Iter|R|F|CL|Status|
| BG |   0|  5.217107e-11|  2.415794e-04|  5.411492e-13|  4.409008e-13|  3.699297e-05|     4|  12|0|n|30|  OK  |
log10(resTarget_Lim / resTarget_Orig): 2.2 
Face Momentum (sd=  0): max value of div(mf) (cv=16020) = 1.554973e-07
	norm_L2 of div(momentum) = 6.640035e-07.
Flow alg-view 0 in phys-view 0 isn't Neumann (not Multi Phase treating)
LOG: number of a-faces with weighted approximations in 0 subdomain: 3.31892 percent
LOG: Rate of a-faces corrected to CUp1st in 0 subdomain: 0.0419498 %
slv : SolveBL stage
|nsd|Real WF|NormalF|Cycle F|CriticF| EdgeF |CyclBrF|ExtParF|RWFnumSt|StLvlNum|  nfw  |  alp_U_min  |  nfw  |  alp_U_max  |  nfw  |  alp_T_min  |  nfw  |  alp_T_max  |  nfw  |  BL_s_min   |  nfw  |   BL_s_max  |
|  0|    786|    611|      0|      0|    175|      0|      0|     786|      20|   3279|0.00205422   |   3397|3.22528      |   3634|0            |   3751|19871.2      |   3841|-130.316     |   3634|0            |
Face Momentum (sd=  0): max value of div(mf) (cv=16020) = 1.554973e-07
	norm_L2 of div(momentum) = 6.640035e-07.
nsd = 0 BC: AP Inlet occurs on 3596 w-faces
+----+----+----+--------------+--------------+--------------+--------------+--------------+------+----+-+-+--+------+
|Name|view| n_y| Initial res  | Initial resL1| Target res   | Final res    | Final res L1 |Visits|Iter|R|F|CL|Status|
+----+----+----+--------------+--------------+--------------+--------------+--------------+------+----+-+-+--+------+
| 3M |   0|   0|  4.587464e-04|  6.713691e-01|  8.601495e-08|  2.247914e-10|  1.889365e-04|     1|   3|0|n|29|  OK  |
Velocity (predicted):
        (local) sd   0: min(  17669)=1.4454127598326      , max(  16072)=41.15006497091       
Flow alg-view 0 is not Neumann (not for Phase Change + Nested Iters)
+----+----+--------------+--------------+--------------+--------------+--------------+------+----+-+-+--+------+
|Name|view| Initial res  | Initial resL1| Target res   | Final res    | Final res L1 |Visits|Iter|R|F|CL|Status|
|DVGR|   0|  9.007694e-07|  2.466535e-02|  5.629809e-11|  2.114956e-11|  1.868452e-04|     3|   9|0|n|30|  OK  |
PRESSURE SOLVER(geom_index=  0): sum_C_dp=3.73154e-10
Face Momentum (sd=  0): max value of div(mf) (cv=17621) = 7.724677e-07
	norm_L2 of div(momentum) = 4.598872e-06.
nsd = 0 min_dtHy = 0.000521249 (nCV =	16072 ) max_dtHy = 0.00375143 (nCV =	15971 ) 
+----+----+--------------+--------------+--------------+--------------+--------------+------+----+-+-+--+------+
|Name|view| Initial res  | Initial resL1| Target res   | Final res    | Final res L1 |Visits|Iter|R|F|CL|Status|
|CHT |   0|  4.184711e-08|  3.887001e-03|  2.615444e-12|  1.429074e-16|  1.838628e-07|     1|   9|0|n|30|  OK  |
slv : Fluid subdom(new) 0
slv : P static (new)                 : min(  16073) = 100644.02160782      , max(  16075) = 102835.24166149      
slv : Density (new)                  : min(  16073) = 1.1947797212917      , max(  16075) = 1.2218551747757      
slv : Velocity (new)                 : min(  17629) = 1.5245530453111      , max(  16072) = 41.168685190909      
slv : Mach number (new)              : min(  17629) = 0.0044392263579612   , max(  16072) = 0.12004679030095     
slv : Temperature (new)              : min(  16072) = 292.8052257117       , max(  17629) = 293.64491542378      
slv : Total enthalpy, Y-shifted (new): min(  16046) = 448.92753949042      , max(  15591) = 450.09754346428      
slv : MASS FLUXES AT OPENINGS: MF=-100.32, AP=100.32
slv : DvGr statistics: min alpha=0.153136(nfa=44835, geom_slice=0)
slv : +----------------------------------+------------+-------+------------+------------+
slv : |          Collector name          | Total Time | Count |  Avg Time  |  Max Time  |
slv : +----------------------------------+------------+-------+------------+------------+
slv : | Calculate_inc                    |       8.178|     30|       0.273|       0.492|
slv : | CollectEMT_Results               |       0.000|     31|       0.000|       0.000|
slv : | HeatPathCalculator_Dynamic       |       0.021|      1|       0.021|       0.021|
slv : | LiSy_make_portrait               |       0.290|    110|       0.003|       0.006|
slv : | Results_processing               |       1.732|     30|       0.058|       0.081|
slv : | build_sl_ordering_CHT            |       0.032|     31|       0.001|       0.005|
slv : | build_sl_ordering_MDS            |       0.070|     31|       0.002|       0.011|
slv : | build_sl_ordering_fluid          |       0.069|     31|       0.002|       0.011|
slv : | calc_Convolutions_MDS            |       0.526|     31|       0.017|       0.031|
slv : | calc_wall_dist                   |       0.569|      1|       0.569|       0.569|
slv : | create_Gr_operators_MDS          |       0.311|     31|       0.010|       0.014|
slv : | create_Gr_operators_portrait_MDS |       0.210|     31|       0.007|       0.010|
slv : | init_Hy_group_MDS                |       0.378|     31|       0.012|       0.014|
slv : | perform_stage_total              |       6.556|    845|       0.008|       0.570|
slv : | precalc_at_start_MDS             |       0.506|      2|       0.253|       0.477|
slv : | solve_3M_MDS                     |       0.878|     31|       0.028|       0.046|
slv : | solve_3M_alg_MDS                 |       0.170|     31|       0.005|       0.008|
slv : | solve_BG_MDS                     |       1.016|     31|       0.033|       0.065|
slv : | solve_BG_alg_MDS                 |       0.541|     31|       0.017|       0.029|
slv : | solve_BL_MDS                     |       0.209|     31|       0.007|       0.026|
slv : | solve_CHT                        |       0.715|     31|       0.023|       0.036|
slv : | solve_CHT_MDS                    |       0.513|     31|       0.017|       0.023|
slv : | solve_CHT_alg_MDS                |       0.153|     31|       0.005|       0.010|
slv : | solve_DvGr_MDS                   |       1.615|     31|       0.052|       0.102|
slv : | solve_DvGr_alg_MDS               |       0.629|     31|       0.020|       0.064|
slv : | solve_INPR_MDS                   |       0.000|      1|       0.000|       0.000|
slv : | solve_PS+QJ                      |       0.000|      0|       0.000|       0.000|
slv : | solve_YLMA_MDS                   |       0.001|     31|       0.000|       0.000|
slv : | solve_YNOx_MDS                   |       0.000|     31|       0.000|       0.000|
slv : | solve_YTd_MDS                    |       0.001|     31|       0.000|       0.000|
slv : | solve_YTurb_MDS                  |       0.001|     31|       0.000|       0.000|
slv : | update_BC_MDS                    |       0.000|     32|       0.000|       0.000|
slv : | update_Mf_after_DvGr             |       0.189|     31|       0.006|       0.009|
slv : | update_VelPressure_MDS           |       0.049|     31|       0.002|       0.006|
slv : +----------------------------------+------------+-------+------------+------------+
-----------------------------------------------------------------------
Memory Working Set Current = 306.52 Mb, Memory Working Set Peak = 308.28 Mb
Memory Private Bytes Current = 336.09 Mb, Memory Private Bytes Peak = 343.04 Mb
Process Threads Number: 35
-----------------------------------------------------------------------
Algebra Pool      : mem_usage = 176.56 Mb, allocated count = 1344

================== Tstep=31 ===================
<Dynamic P> on nsd = 0 {openings (inlet / outlet)}:
  (SP = Static Pressure, EP = Environment Pressure, TP = Total Pressure, E = External)
  {#0, E, (0.000000e+00 / 5.428062e+02)}
  {#1, E, (5.427461e+02 / 0.000000e+00)}
  {#2, E, (3.289232e-14 / 5.427032e+02)}
  {#3, E, (2.914535e-14 / 5.427032e+02)}
  {#4, E, (3.026283e-03 / 5.429652e+02)}
  {#5, E, (3.683179e-14 / 5.427032e+02)}
  MWS[  0]=1.44913
tau_viscous_averaged = 9031.83 
dt(mass,momentum; nsd=  0): min dt/dtG(ncv=  16072)=1.00 , max dt/dtG(ncv=  15971)=7.0    , dtG=0.000523604
Flow alg-view 0 in phys-view 0 isn't Neumann (not Multi Phase treating)
Face Momentum (sd=  0): max value of div(mf) (cv=17621) = 7.724677e-07
Flow alg-view 0 is not Neumann (not for Phase Change + Nested Iters)
+----+----+--------------+--------------+--------------+--------------+--------------+------+----+-+-+--+------+
|Name|view| Initial res  | Initial resL1| Target res   | Final res    | Final res L1 |Visits|Iter|R|F|CL|Status|
| BG |   0|  2.122699e-11|  1.871868e-04|  5.629809e-13|  3.254841e-13|  4.074406e-05|     4|  12|0|n|30|  OK  |
log10(resTarget_Lim / resTarget_Orig): 2.6 
Face Momentum (sd=  0): max value of div(mf) (cv=15381) = 4.087903e-08
	norm_L2 of div(momentum) = 5.705121e-07.
Flow alg-view 0 in phys-view 0 isn't Neumann (not Multi Phase treating)
LOG: number of a-faces with weighted approximations in 0 subdomain: 3.37134 percent
LOG: Rate of a-faces corrected to CUp1st in 0 subdomain: 0.0453136 %
slv : SolveBL stage
|nsd|Real WF|NormalF|Cycle F|CriticF| EdgeF |CyclBrF|ExtParF|RWFnumSt|StLvlNum|  nfw  |  alp_U_min  |  nfw  |  alp_U_max  |  nfw  |  alp_T_min  |  nfw  |  alp_T_max  |  nfw  |  BL_s_min   |  nfw  |   BL_s_max  |
|  0|    786|    611|      0|      0|    175|      0|      0|     786|      20|   3387|0.00213906   |   3397|3.22704      |   3634|0            |   3751|19828.2      |   3841|-130.366     |   3634|0            |
Face Momentum (sd=  0): max value of div(mf) (cv=15381) = 4.087903e-08
	norm_L2 of div(momentum) = 5.705121e-07.
nsd = 0 BC: AP Inlet occurs on 3596 w-faces
+----+----+----+--------------+--------------+--------------+--------------+--------------+------+----+-+-+--+------+
|Name|view| n_y| Initial res  | Initial resL1| Target res   | Final res    | Final res L1 |Visits|Iter|R|F|CL|Status|
+----+----+----+--------------+--------------+--------------+--------------+--------------+------+----+-+-+--+------+
| 3M |   0|   0|  3.023809e-04|  6.399975e-01|  5.669641e-08|  2.809688e-10|  1.981162e-04|     1|   3|0|n|29|  OK  |
Velocity (predicted):
        (local) sd   0: min(  17665)=1.175357078439       , max(  16072)=41.222574314694      
Flow alg-view 0 is not Neumann (not for Phase Change + Nested Iters)
+----+----+--------------+--------------+--------------+--------------+--------------+------+----+-+-+--+------+
|Name|view| Initial res  | Initial resL1| Target res   | Final res    | Final res L1 |Visits|Iter|R|F|CL|Status|
|DVGR|   0|  1.050214e-06|  2.452213e-02|  6.563838e-11|  2.869836e-11|  2.169242e-04|     3|   9|0|n|30|  OK  |
PRESSURE SOLVER(geom_index=  0): sum_C_dp=5.95718e-10
Face Momentum (sd=  0): max value of div(mf) (cv=15966) = 7.440326e-07
	norm_L2 of div(momentum) = 5.357092e-06.
nsd = 0 min_dtHy = 0.000523604 (nCV =	16072 ) max_dtHy = 0.0036631 (nCV =	15971 ) 
+----+----+--------------+--------------+--------------+--------------+--------------+------+----+-+-+--+------+
|Name|view| Initial res  | Initial resL1| Target res   | Final res    | Final res L1 |Visits|Iter|R|F|CL|Status|
|CHT |   0|  2.905439e-08|  3.575177e-03|  1.815899e-12|  1.993870e-16|  1.997330e-07|     1|   9|0|n|30|  OK  |
slv : Fluid subdom(new) 0
slv : P static (new)                 : min(  16073) = 100645.53341275      , max(  16075) = 102836.00755719      
slv : Density (new)                  : min(  16073) = 1.1947966344691      , max(  16075) = 1.2218613726149      
slv : Velocity (new)                 : min(  17629) = 1.2956807852314      , max(  16072) = 41.223421626633      
slv : Mach number (new)              : min(  17629) = 0.0037727896799623   , max(  16072) = 0.12020685747146     
slv : Temperature (new)              : min(  16072) = 292.80298759754      , max(  17629) = 293.64515114851      
slv : Total enthalpy, Y-shifted (new): min(  16046) = 448.85469282519      , max(  15590) = 450.0990929266       
slv : MASS FLUXES AT OPENINGS: MF=-100.32, AP=100.32
slv : DvGr statistics: min alpha=0.160549(nfa=52877, geom_slice=0)
slv : +----------------------------------+------------+-------+------------+------------+
slv : |          Collector name          | Total Time | Count |  Avg Time  |  Max Time  |
slv : +----------------------------------+------------+-------+------------+------------+
slv : | Calculate_inc                    |       8.419|     31|       0.272|       0.492|
slv : | CollectEMT_Results               |       0.000|     32|       0.000|       0.000|
slv : | HeatPathCalculator_Dynamic       |       0.021|      1|       0.021|       0.021|
slv : | LiSy_make_portrait               |       0.297|    113|       0.003|       0.006|
slv : | Results_processing               |       1.790|     31|       0.058|       0.081|
slv : | build_sl_ordering_CHT            |       0.032|     32|       0.001|       0.005|
slv : | build_sl_ordering_MDS            |       0.071|     32|       0.002|       0.011|
slv : | build_sl_ordering_fluid          |       0.069|     32|       0.002|       0.011|
slv : | calc_Convolutions_MDS            |       0.544|     32|       0.017|       0.031|
slv : | calc_wall_dist                   |       0.569|      1|       0.569|       0.569|
slv : | create_Gr_operators_MDS          |       0.322|     32|       0.010|       0.014|
slv : | create_Gr_operators_portrait_MDS |       0.219|     32|       0.007|       0.010|
slv : | init_Hy_group_MDS                |       0.390|     32|       0.012|       0.014|
slv : | perform_stage_total              |       6.739|    872|       0.008|       0.570|
slv : | precalc_at_start_MDS             |       0.506|      2|       0.253|       0.477|
slv : | solve_3M_MDS                     |       0.906|     32|       0.028|       0.046|
slv : | solve_3M_alg_MDS                 |       0.176|     32|       0.006|       0.008|
slv : | solve_BG_MDS                     |       1.044|     32|       0.033|       0.065|
slv : | solve_BG_alg_MDS                 |       0.556|     32|       0.017|       0.029|
slv : | solve_BL_MDS                     |       0.217|     32|       0.007|       0.026|
slv : | solve_CHT                        |       0.735|     32|       0.023|       0.036|
slv : | solve_CHT_MDS                    |       0.529|     32|       0.017|       0.023|
slv : | solve_CHT_alg_MDS                |       0.157|     32|       0.005|       0.010|
slv : | solve_DvGr_MDS                   |       1.660|     32|       0.052|       0.102|
slv : | solve_DvGr_alg_MDS               |       0.645|     32|       0.020|       0.064|
slv : | solve_INPR_MDS                   |       0.000|      1|       0.000|       0.000|
slv : | solve_PS+QJ                      |       0.000|      0|       0.000|       0.000|
slv : | solve_YLMA_MDS                   |       0.001|     32|       0.000|       0.000|
slv : | solve_YNOx_MDS                   |       0.000|     32|       0.000|       0.000|
slv : | solve_YTd_MDS                    |       0.001|     32|       0.000|       0.000|
slv : | solve_YTurb_MDS                  |       0.001|     32|       0.000|       0.000|
slv : | update_BC_MDS                    |       0.000|     33|       0.000|       0.000|
slv : | update_Mf_after_DvGr             |       0.195|     32|       0.006|       0.009|
slv : | update_VelPressure_MDS           |       0.051|     32|       0.002|       0.006|
slv : +----------------------------------+------------+-------+------------+------------+
-----------------------------------------------------------------------
Memory Working Set Current = 306.93 Mb, Memory Working Set Peak = 308.46 Mb
Memory Private Bytes Current = 337.09 Mb, Memory Private Bytes Peak = 343.04 Mb
Process Threads Number: 35
-----------------------------------------------------------------------
Algebra Pool      : mem_usage = 176.56 Mb, allocated count = 1344

================== Tstep=32 ===================
<Dynamic P> on nsd = 0 {openings (inlet / outlet)}:
  (SP = Static Pressure, EP = Environment Pressure, TP = Total Pressure, E = External)
  {#0, E, (0.000000e+00 / 5.428067e+02)}
  {#1, E, (5.427460e+02 / 0.000000e+00)}
  {#2, E, (3.192354e-14 / 5.427032e+02)}
  {#3, E, (2.945169e-14 / 5.427032e+02)}
  {#4, E, (2.966531e-03 / 5.429463e+02)}
  {#5, E, (3.148955e-14 / 5.427032e+02)}
  MWS[  0]=1.45135
tau_viscous_averaged = 9031.83 
dt(mass,momentum; nsd=  0): min dt/dtG(ncv=  16072)=1.00 , max dt/dtG(ncv=  15971)=7.2    , dtG=0.000520815
Flow alg-view 0 in phys-view 0 isn't Neumann (not Multi Phase treating)
Face Momentum (sd=  0): max value of div(mf) (cv=18540) = 7.758718e-07
Flow alg-view 0 is not Neumann (not for Phase Change + Nested Iters)
+----+----+--------------+--------------+--------------+--------------+--------------+------+----+-+-+--+------+
|Name|view| Initial res  | Initial resL1| Target res   | Final res    | Final res L1 |Visits|Iter|R|F|CL|Status|
| BG |   0|  2.988155e-11|  2.188271e-04|  6.563838e-13|  3.694507e-13|  4.530371e-05|     4|  12|0|n|30|  OK  |
log10(resTarget_Lim / resTarget_Orig): 2.5 
Face Momentum (sd=  0): max value of div(mf) (cv=15022) = 4.692927e-08
	norm_L2 of div(momentum) = 6.078246e-07.
Flow alg-view 0 in phys-view 0 isn't Neumann (not Multi Phase treating)
LOG: number of a-faces with weighted approximations in 0 subdomain: 3.41184 percent
LOG: Rate of a-faces corrected to CUp1st in 0 subdomain: 0.0404337 %
slv : SolveBL stage
|nsd|Real WF|NormalF|Cycle F|CriticF| EdgeF |CyclBrF|ExtParF|RWFnumSt|StLvlNum|  nfw  |  alp_U_min  |  nfw  |  alp_U_max  |  nfw  |  alp_T_min  |  nfw  |  alp_T_max  |  nfw  |  BL_s_min   |  nfw  |   BL_s_max  |
|  0|    786|    612|      0|      0|    174|      0|      0|     786|      20|   3279|0.00217889   |   3397|3.22681      |   3634|0            |   3754|15275.6      |   3841|-130.304     |   3634|0            |
Face Momentum (sd=  0): max value of div(mf) (cv=15022) = 4.692927e-08
	norm_L2 of div(momentum) = 6.078246e-07.
nsd = 0 BC: AP Inlet occurs on 3571 w-faces
+----+----+----+--------------+--------------+--------------+--------------+--------------+------+----+-+-+--+------+
|Name|view| n_y| Initial res  | Initial resL1| Target res   | Final res    | Final res L1 |Visits|Iter|R|F|CL|Status|
+----+----+----+--------------+--------------+--------------+--------------+--------------+------+----+-+-+--+------+
| 3M |   0|   0|  3.154652e-04|  6.539439e-01|  5.914972e-08|  2.651466e-10|  2.119902e-04|     1|   3|0|n|29|  OK  |
Velocity (predicted):
        (local) sd   0: min(  17665)=0.88874966146132     , max(  16072)=41.136877030724      
Flow alg-view 0 is not Neumann (not for Phase Change + Nested Iters)
+----+----+--------------+--------------+--------------+--------------+--------------+------+----+-+-+--+------+
|Name|view| Initial res  | Initial resL1| Target res   | Final res    | Final res L1 |Visits|Iter|R|F|CL|Status|
|DVGR|   0|  9.874473e-07|  2.539869e-02|  6.171546e-11|  2.614189e-11|  2.133438e-04|     3|   9|0|n|30|  OK  |
PRESSURE SOLVER(geom_index=  0): sum_C_dp=6.54505e-10
Face Momentum (sd=  0): max value of div(mf) (cv=15375) = 8.294884e-07
	norm_L2 of div(momentum) = 5.112921e-06.
nsd = 0 min_dtHy = 0.000520815 (nCV =	16072 ) max_dtHy = 0.00373196 (nCV =	15971 ) 
+----+----+--------------+--------------+--------------+--------------+--------------+------+----+-+-+--+------+
|Name|view| Initial res  | Initial resL1| Target res   | Final res    | Final res L1 |Visits|Iter|R|F|CL|Status|
|CHT |   0|  2.549033e-08|  3.303117e-03|  1.593146e-12|  1.972281e-16|  2.107606e-07|     1|   9|0|n|30|  OK  |
slv : Fluid subdom(new) 0
slv : P static (new)                 : min(  16073) = 100644.97711477      , max(  16075) = 102836.14168806      
slv : Density (new)                  : min(  16073) = 1.1947881052871      , max(  16075) = 1.2218660680463      
slv : Velocity (new)                 : min(  17665) = 0.94891432253974     , max(  16072) = 41.15893041703       
slv : Mach number (new)              : min(  17665) = 0.002763067030704    , max(  16072) = 0.12001826431525     
slv : Temperature (new)              : min(  16072) = 292.8056244607       , max(  17665) = 293.64536598843      
slv : Total enthalpy, Y-shifted (new): min(  17665) = 448.77770657148      , max(  15590) = 450.09939068728      
slv : MASS FLUXES AT OPENINGS: MF=-100.32, AP=100.32
slv : DvGr statistics: min alpha=0.151834(nfa=52877, geom_slice=0)
slv : +----------------------------------+------------+-------+------------+------------+
slv : |          Collector name          | Total Time | Count |  Avg Time  |  Max Time  |
slv : +----------------------------------+------------+-------+------------+------------+
slv : | Calculate_inc                    |       8.684|     32|       0.271|       0.492|
slv : | CollectEMT_Results               |       0.000|     33|       0.000|       0.000|
slv : | HeatPathCalculator_Dynamic       |       0.021|      1|       0.021|       0.021|
slv : | LiSy_make_portrait               |       0.305|    116|       0.003|       0.006|
slv : | Results_processing               |       1.848|     32|       0.058|       0.081|
slv : | build_sl_ordering_CHT            |       0.032|     33|       0.001|       0.005|
slv : | build_sl_ordering_MDS            |       0.071|     33|       0.002|       0.011|
slv : | build_sl_ordering_fluid          |       0.069|     33|       0.002|       0.011|
slv : | calc_Convolutions_MDS            |       0.559|     33|       0.017|       0.031|
slv : | calc_wall_dist                   |       0.569|      1|       0.569|       0.569|
slv : | create_Gr_operators_MDS          |       0.331|     33|       0.010|       0.014|
slv : | create_Gr_operators_portrait_MDS |       0.226|     33|       0.007|       0.010|
slv : | init_Hy_group_MDS                |       0.402|     33|       0.012|       0.014|
slv : | perform_stage_total              |       6.914|    899|       0.008|       0.570|
slv : | precalc_at_start_MDS             |       0.506|      2|       0.253|       0.477|
slv : | solve_3M_MDS                     |       0.932|     33|       0.028|       0.046|
slv : | solve_3M_alg_MDS                 |       0.181|     33|       0.005|       0.008|
slv : | solve_BG_MDS                     |       1.072|     33|       0.032|       0.065|
slv : | solve_BG_alg_MDS                 |       0.568|     33|       0.017|       0.029|
slv : | solve_BL_MDS                     |       0.223|     33|       0.007|       0.026|
slv : | solve_CHT                        |       0.754|     33|       0.023|       0.036|
slv : | solve_CHT_MDS                    |       0.543|     33|       0.016|       0.023|
slv : | solve_CHT_alg_MDS                |       0.161|     33|       0.005|       0.010|
slv : | solve_DvGr_MDS                   |       1.706|     33|       0.052|       0.102|
slv : | solve_DvGr_alg_MDS               |       0.662|     33|       0.020|       0.064|
slv : | solve_INPR_MDS                   |       0.000|      1|       0.000|       0.000|
slv : | solve_PS+QJ                      |       0.000|      0|       0.000|       0.000|
slv : | solve_YLMA_MDS                   |       0.001|     33|       0.000|       0.000|
slv : | solve_YNOx_MDS                   |       0.000|     33|       0.000|       0.000|
slv : | solve_YTd_MDS                    |       0.001|     33|       0.000|       0.000|
slv : | solve_YTurb_MDS                  |       0.001|     33|       0.000|       0.000|
slv : | update_BC_MDS                    |       0.000|     34|       0.000|       0.000|
slv : | update_Mf_after_DvGr             |       0.200|     33|       0.006|       0.009|
slv : | update_VelPressure_MDS           |       0.052|     33|       0.002|       0.006|
slv : +----------------------------------+------------+-------+------------+------------+
-----------------------------------------------------------------------
Memory Working Set Current = 307.00 Mb, Memory Working Set Peak = 308.72 Mb
Memory Private Bytes Current = 335.43 Mb, Memory Private Bytes Peak = 343.04 Mb
Process Threads Number: 35
-----------------------------------------------------------------------
Algebra Pool      : mem_usage = 176.56 Mb, allocated count = 1356

================== Tstep=33 ===================
<Dynamic P> on nsd = 0 {openings (inlet / outlet)}:
  (SP = Static Pressure, EP = Environment Pressure, TP = Total Pressure, E = External)
  {#0, E, (0.000000e+00 / 5.428074e+02)}
  {#1, E, (5.427459e+02 / 0.000000e+00)}
  {#2, E, (2.989933e-14 / 5.427032e+02)}
  {#3, E, (2.837938e-14 / 5.427032e+02)}
  {#4, E, (2.902795e-03 / 5.429537e+02)}
  {#5, E, (2.220459e-14 / 5.427032e+02)}
  MWS[  0]=1.4494
tau_viscous_averaged = 9031.83 
dt(mass,momentum; nsd=  0): min dt/dtG(ncv=  16072)=1.00 , max dt/dtG(ncv=  15971)=7.0    , dtG=0.000523399
Flow alg-view 0 in phys-view 0 isn't Neumann (not Multi Phase treating)
Face Momentum (sd=  0): max value of div(mf) (cv=18554) = 1.063059e-06
Flow alg-view 0 is not Neumann (not for Phase Change + Nested Iters)
+----+----+--------------+--------------+--------------+--------------+--------------+------+----+-+-+--+------+
|Name|view| Initial res  | Initial resL1| Target res   | Final res    | Final res L1 |Visits|Iter|R|F|CL|Status|
| BG |   0|  2.901698e-11|  2.165545e-04|  6.171546e-13|  5.424950e-13|  5.544803e-05|     4|  12|0|n|30|  OK  |
log10(resTarget_Lim / resTarget_Orig): 2.5 
Face Momentum (sd=  0): max value of div(mf) (cv=16020) = 6.681590e-08
	norm_L2 of div(momentum) = 7.365427e-07.
Flow alg-view 0 in phys-view 0 isn't Neumann (not Multi Phase treating)
LOG: number of a-faces with weighted approximations in 0 subdomain: 3.44281 percent
LOG: Rate of a-faces corrected to CUp1st in 0 subdomain: 0.0430174 %
slv : SolveBL stage
|nsd|Real WF|NormalF|Cycle F|CriticF| EdgeF |CyclBrF|ExtParF|RWFnumSt|StLvlNum|  nfw  |  alp_U_min  |  nfw  |  alp_U_max  |  nfw  |  alp_T_min  |  nfw  |  alp_T_max  |  nfw  |  BL_s_min   |  nfw  |   BL_s_max  |
|  0|    786|    613|      0|      0|    173|      0|      0|     786|      20|   3387|0.00216416   |   3272|3.12511      |   3634|0            |   3773|16477.9      |   3841|-130.39      |   3634|0            |
Face Momentum (sd=  0): max value of div(mf) (cv=16020) = 6.681590e-08
	norm_L2 of div(momentum) = 7.365427e-07.
nsd = 0 BC: AP Inlet occurs on 3609 w-faces
+----+----+----+--------------+--------------+--------------+--------------+--------------+------+----+-+-+--+------+
|Name|view| n_y| Initial res  | Initial resL1| Target res   | Final res    | Final res L1 |Visits|Iter|R|F|CL|Status|
+----+----+----+--------------+--------------+--------------+--------------+--------------+------+----+-+-+--+------+
| 3M |   0|   0|  4.350898e-04|  6.464895e-01|  8.157933e-08|  2.631250e-10|  1.974203e-04|     1|   3|0|n|29|  OK  |
Velocity (predicted):
        (local) sd   0: min(  17665)=0.71758843592499     , max(  16072)=41.211793833958      
Flow alg-view 0 is not Neumann (not for Phase Change + Nested Iters)
+----+----+--------------+--------------+--------------+--------------+--------------+------+----+-+-+--+------+
|Name|view| Initial res  | Initial resL1| Target res   | Final res    | Final res L1 |Visits|Iter|R|F|CL|Status|
|DVGR|   0|  8.590105e-07|  2.341693e-02|  5.368816e-11|  4.206456e-11|  2.267337e-04|     3|   9|0|n|30|  OK  |
PRESSURE SOLVER(geom_index=  0): sum_C_dp=-2.45237e-10
Face Momentum (sd=  0): max value of div(mf) (cv=15375) = 1.300396e-06
	norm_L2 of div(momentum) = 6.485734e-06.
nsd = 0 min_dtHy = 0.000523399 (nCV =	16072 ) max_dtHy = 0.00367155 (nCV =	15971 ) 
+----+----+--------------+--------------+--------------+--------------+--------------+------+----+-+-+--+------+
|Name|view| Initial res  | Initial resL1| Target res   | Final res    | Final res L1 |Visits|Iter|R|F|CL|Status|
|CHT |   0|  3.099062e-08|  3.273430e-03|  1.936914e-12|  2.155817e-16|  1.922032e-07|     1|   9|0|n|30|  OK  |
slv : Fluid subdom(new) 0
slv : P static (new)                 : min(  16073) = 100646.1088347       , max(  16075) = 102836.77689511      
slv : Density (new)                  : min(  16073) = 1.1948021147771      , max(  16075) = 1.2218706052688      
slv : Velocity (new)                 : min(  17665) = 0.82650140683538     , max(  16072) = 41.219359366068      
slv : Mach number (new)              : min(  17665) = 0.0024066226384135   , max(  16072) = 0.12019497802014     
slv : Temperature (new)              : min(  16072) = 292.80315387578      , max(  17665) = 293.6453911899       
slv : Total enthalpy, Y-shifted (new): min(  17665) = 448.69440895546      , max(  15590) = 450.09882279534      
slv : MASS FLUXES AT OPENINGS: MF=-100.32, AP=100.32
slv : DvGr statistics: min alpha=0.160555(nfa=50651, geom_slice=0)
slv : +----------------------------------+------------+-------+------------+------------+
slv : |          Collector name          | Total Time | Count |  Avg Time  |  Max Time  |
slv : +----------------------------------+------------+-------+------------+------------+
slv : | Calculate_inc                    |       8.928|     33|       0.271|       0.492|
slv : | CollectEMT_Results               |       0.000|     34|       0.000|       0.000|
slv : | HeatPathCalculator_Dynamic       |       0.021|      1|       0.021|       0.021|
slv : | LiSy_make_portrait               |       0.312|    119|       0.003|       0.006|
slv : | Results_processing               |       1.915|     33|       0.058|       0.081|
slv : | build_sl_ordering_CHT            |       0.032|     34|       0.001|       0.005|
slv : | build_sl_ordering_MDS            |       0.071|     34|       0.002|       0.011|
slv : | build_sl_ordering_fluid          |       0.069|     34|       0.002|       0.011|
slv : | calc_Convolutions_MDS            |       0.576|     34|       0.017|       0.031|
slv : | calc_wall_dist                   |       0.569|      1|       0.569|       0.569|
slv : | create_Gr_operators_MDS          |       0.340|     34|       0.010|       0.014|
slv : | create_Gr_operators_portrait_MDS |       0.233|     34|       0.007|       0.010|
slv : | init_Hy_group_MDS                |       0.417|     34|       0.012|       0.015|
slv : | perform_stage_total              |       7.093|    926|       0.008|       0.570|
slv : | precalc_at_start_MDS             |       0.506|      2|       0.253|       0.477|
slv : | solve_3M_MDS                     |       0.958|     34|       0.028|       0.046|
slv : | solve_3M_alg_MDS                 |       0.186|     34|       0.005|       0.008|
slv : | solve_BG_MDS                     |       1.102|     34|       0.032|       0.065|
slv : | solve_BG_alg_MDS                 |       0.581|     34|       0.017|       0.029|
slv : | solve_BL_MDS                     |       0.229|     34|       0.007|       0.026|
slv : | solve_CHT                        |       0.778|     34|       0.023|       0.036|
slv : | solve_CHT_MDS                    |       0.561|     34|       0.017|       0.023|
slv : | solve_CHT_alg_MDS                |       0.166|     34|       0.005|       0.010|
slv : | solve_DvGr_MDS                   |       1.757|     34|       0.052|       0.102|
slv : | solve_DvGr_alg_MDS               |       0.678|     34|       0.020|       0.064|
slv : | solve_INPR_MDS                   |       0.000|      1|       0.000|       0.000|
slv : | solve_PS+QJ                      |       0.000|      0|       0.000|       0.000|
slv : | solve_YLMA_MDS                   |       0.001|     34|       0.000|       0.000|
slv : | solve_YNOx_MDS                   |       0.000|     34|       0.000|       0.000|
slv : | solve_YTd_MDS                    |       0.001|     34|       0.000|       0.000|
slv : | solve_YTurb_MDS                  |       0.001|     34|       0.000|       0.000|
slv : | update_BC_MDS                    |       0.000|     35|       0.000|       0.000|
slv : | update_Mf_after_DvGr             |       0.208|     34|       0.006|       0.009|
slv : | update_VelPressure_MDS           |       0.053|     34|       0.002|       0.006|
slv : +----------------------------------+------------+-------+------------+------------+
-----------------------------------------------------------------------
Memory Working Set Current = 306.65 Mb, Memory Working Set Peak = 308.72 Mb
Memory Private Bytes Current = 336.53 Mb, Memory Private Bytes Peak = 343.04 Mb
Process Threads Number: 35
-----------------------------------------------------------------------
Algebra Pool      : mem_usage = 176.56 Mb, allocated count = 1354

================== Tstep=34 ===================
<Dynamic P> on nsd = 0 {openings (inlet / outlet)}:
  (SP = Static Pressure, EP = Environment Pressure, TP = Total Pressure, E = External)
  {#0, E, (0.000000e+00 / 5.428085e+02)}
  {#1, E, (5.427460e+02 / 0.000000e+00)}
  {#2, E, (2.626448e-14 / 5.427032e+02)}
  {#3, E, (2.495787e-14 / 5.427032e+02)}
  {#4, E, (2.862165e-03 / 5.430031e+02)}
  {#5, E, (1.793749e-14 / 5.427032e+02)}
  MWS[  0]=1.45163
tau_viscous_averaged = 9031.83 
dt(mass,momentum; nsd=  0): min dt/dtG(ncv=  16072)=1.00 , max dt/dtG(ncv=  15971)=7.1    , dtG=0.000520507
Flow alg-view 0 in phys-view 0 isn't Neumann (not Multi Phase treating)
Face Momentum (sd=  0): max value of div(mf) (cv=14962) = 1.699034e-06
Flow alg-view 0 is not Neumann (not for Phase Change + Nested Iters)
+----+----+--------------+--------------+--------------+--------------+--------------+------+----+-+-+--+------+
|Name|view| Initial res  | Initial resL1| Target res   | Final res    | Final res L1 |Visits|Iter|R|F|CL|Status|
| BG |   0|  4.591246e-11|  2.299045e-04|  5.368816e-13|  4.292214e-13|  4.421841e-05|     4|  12|0|n|30|  OK  |
log10(resTarget_Lim / resTarget_Orig): 2.3 
Face Momentum (sd=  0): max value of div(mf) (cv=16020) = 9.185781e-08
	norm_L2 of div(momentum) = 6.551499e-07.
Flow alg-view 0 in phys-view 0 isn't Neumann (not Multi Phase treating)
LOG: number of a-faces with weighted approximations in 0 subdomain: 3.41005 percent
LOG: Rate of a-faces corrected to CUp1st in 0 subdomain: 0.042687 %
slv : SolveBL stage
|nsd|Real WF|NormalF|Cycle F|CriticF| EdgeF |CyclBrF|ExtParF|RWFnumSt|StLvlNum|  nfw  |  alp_U_min  |  nfw  |  alp_U_max  |  nfw  |  alp_T_min  |  nfw  |  alp_T_max  |  nfw  |  BL_s_min   |  nfw  |   BL_s_max  |
|  0|    786|    612|      0|      0|    174|      0|      0|     786|      20|   3387|0.00216805   |   3397|3.22643      |   3634|0            |   3754|19021.3      |   3841|-130.362     |   3634|0            |
Face Momentum (sd=  0): max value of div(mf) (cv=16020) = 9.185781e-08
	norm_L2 of div(momentum) = 6.551499e-07.
nsd = 0 BC: AP Inlet occurs on 3614 w-faces
+----+----+----+--------------+--------------+--------------+--------------+--------------+------+----+-+-+--+------+
|Name|view| n_y| Initial res  | Initial resL1| Target res   | Final res    | Final res L1 |Visits|Iter|R|F|CL|Status|
+----+----+----+--------------+--------------+--------------+--------------+--------------+------+----+-+-+--+------+
| 3M |   0|   0|  4.170495e-04|  6.388873e-01|  7.819678e-08|  3.328979e-10|  2.205984e-04|     1|   3|0|n|29|  OK  |
Velocity (predicted):
        (local) sd   0: min(  17665)=0.81160820743582     , max(  16072)=41.129549329689      
Flow alg-view 0 is not Neumann (not for Phase Change + Nested Iters)
+----+----+--------------+--------------+--------------+--------------+--------------+------+----+-+-+--+------+
|Name|view| Initial res  | Initial resL1| Target res   | Final res    | Final res L1 |Visits|Iter|R|F|CL|Status|
|DVGR|   0|  8.496312e-07|  2.329091e-02|  5.310195e-11|  3.571302e-11|  2.046756e-04|     3|   9|0|n|30|  OK  |
PRESSURE SOLVER(geom_index=  0): sum_C_dp=4.54684e-11
Face Momentum (sd=  0): max value of div(mf) (cv=15357) = 1.108791e-06
	norm_L2 of div(momentum) = 5.976045e-06.
nsd = 0 min_dtHy = 0.000520507 (nCV =	16072 ) max_dtHy = 0.00371131 (nCV =	15971 ) 
+----+----+--------------+--------------+--------------+--------------+--------------+------+----+-+-+--+------+
|Name|view| Initial res  | Initial resL1| Target res   | Final res    | Final res L1 |Visits|Iter|R|F|CL|Status|
|CHT |   0|  3.158560e-08|  3.198566e-03|  1.974100e-12|  1.493199e-16|  1.871434e-07|     1|   9|0|n|30|  OK  |
slv : Fluid subdom(new) 0
slv : P static (new)                 : min(  16073) = 100645.2993219       , max(  16075) = 102836.68522872      
slv : Density (new)                  : min(  16073) = 1.1947908342403      , max(  16075) = 1.2218726709434      
slv : Velocity (new)                 : min(  17665) = 0.78604519360972     , max(  16072) = 41.139720113847      
slv : Mach number (new)              : min(  17665) = 0.0022888216260519   , max(  16072) = 0.1199620875646      
slv : Temperature (new)              : min(  16072) = 292.80640961079      , max(  17665) = 293.64534870837      
slv : Total enthalpy, Y-shifted (new): min(  17665) = 448.61902577793      , max(  15573) = 450.09872560541      
slv : MASS FLUXES AT OPENINGS: MF=-100.32, AP=100.32
slv : DvGr statistics: min alpha=0.16058(nfa=50651, geom_slice=0)
slv : +----------------------------------+------------+-------+------------+------------+
slv : |          Collector name          | Total Time | Count |  Avg Time  |  Max Time  |
slv : +----------------------------------+------------+-------+------------+------------+
slv : | Calculate_inc                    |       9.185|     34|       0.270|       0.492|
slv : | CollectEMT_Results               |       0.000|     35|       0.000|       0.000|
slv : | HeatPathCalculator_Dynamic       |       0.021|      1|       0.021|       0.021|
slv : | LiSy_make_portrait               |       0.320|    122|       0.003|       0.006|
slv : | Results_processing               |       1.977|     34|       0.058|       0.081|
slv : | build_sl_ordering_CHT            |       0.032|     35|       0.001|       0.005|
slv : | build_sl_ordering_MDS            |       0.071|     35|       0.002|       0.011|
slv : | build_sl_ordering_fluid          |       0.069|     35|       0.002|       0.011|
slv : | calc_Convolutions_MDS            |       0.593|     35|       0.017|       0.031|
slv : | calc_wall_dist                   |       0.569|      1|       0.569|       0.569|
slv : | create_Gr_operators_MDS          |       0.350|     35|       0.010|       0.014|
slv : | create_Gr_operators_portrait_MDS |       0.240|     35|       0.007|       0.010|
slv : | init_Hy_group_MDS                |       0.430|     35|       0.012|       0.015|
slv : | perform_stage_total              |       7.261|    953|       0.008|       0.570|
slv : | precalc_at_start_MDS             |       0.506|      2|       0.253|       0.477|
slv : | solve_3M_MDS                     |       0.985|     35|       0.028|       0.046|
slv : | solve_3M_alg_MDS                 |       0.192|     35|       0.005|       0.008|
slv : | solve_BG_MDS                     |       1.128|     35|       0.032|       0.065|
slv : | solve_BG_alg_MDS                 |       0.594|     35|       0.017|       0.029|
slv : | solve_BL_MDS                     |       0.234|     35|       0.007|       0.026|
slv : | solve_CHT                        |       0.799|     35|       0.023|       0.036|
slv : | solve_CHT_MDS                    |       0.577|     35|       0.016|       0.023|
slv : | solve_CHT_alg_MDS                |       0.171|     35|       0.005|       0.010|
slv : | solve_DvGr_MDS                   |       1.803|     35|       0.052|       0.102|
slv : | solve_DvGr_alg_MDS               |       0.692|     35|       0.020|       0.064|
slv : | solve_INPR_MDS                   |       0.000|      1|       0.000|       0.000|
slv : | solve_PS+QJ                      |       0.000|      0|       0.000|       0.000|
slv : | solve_YLMA_MDS                   |       0.001|     35|       0.000|       0.000|
slv : | solve_YNOx_MDS                   |       0.000|     35|       0.000|       0.000|
slv : | solve_YTd_MDS                    |       0.001|     35|       0.000|       0.000|
slv : | solve_YTurb_MDS                  |       0.001|     35|       0.000|       0.000|
slv : | update_BC_MDS                    |       0.000|     36|       0.000|       0.000|
slv : | update_Mf_after_DvGr             |       0.214|     35|       0.006|       0.009|
slv : | update_VelPressure_MDS           |       0.054|     35|       0.002|       0.006|
slv : +----------------------------------+------------+-------+------------+------------+
Interpolator cache: total calls 2370, optimised calls 854 (36.0 %)
-----------------------------------------------------------------------
Memory Working Set Current = 306.45 Mb, Memory Working Set Peak = 308.72 Mb
Memory Private Bytes Current = 335.84 Mb, Memory Private Bytes Peak = 343.04 Mb
Process Threads Number: 35
-----------------------------------------------------------------------
Iteration : time = 1.53299 , count = 5 , time/count = 0.306598
Calculate_inc() : time = 1.26507 , count = 5 , time/count = 0.253014
TreatFlowEvolution() : time = 0.267922 , count = 5 , time/count = 0.0535844
SolverPreview : time = 0 , count = 5 , time/count = 0
TreatGoals : time = 0.267922 , count = 5 , time/count = 0.0535844
Algebra Pool      : mem_usage = 176.56 Mb, allocated count = 1349

================== Tstep=35 ===================
<Dynamic P> on nsd = 0 {openings (inlet / outlet)}:
  (SP = Static Pressure, EP = Environment Pressure, TP = Total Pressure, E = External)
  {#0, E, (0.000000e+00 / 5.428096e+02)}
  {#1, E, (5.427461e+02 / 0.000000e+00)}
  {#2, E, (2.318563e-14 / 5.427032e+02)}
  {#3, E, (2.352160e-14 / 5.427032e+02)}
  {#4, E, (2.831958e-03 / 5.430890e+02)}
  {#5, E, (1.936111e-14 / 5.427032e+02)}
  MWS[  0]=1.44885
tau_viscous_averaged = 9031.83 
dt(mass,momentum; nsd=  0): min dt/dtG(ncv=  16072)=1.00 , max dt/dtG(ncv=  15971)=7.0    , dtG=0.000784926
Flow alg-view 0 in phys-view 0 isn't Neumann (not Multi Phase treating)
Face Momentum (sd=  0): max value of div(mf) (cv=15357) = 1.108791e-06
Flow alg-view 0 is not Neumann (not for Phase Change + Nested Iters)
+----+----+--------------+--------------+--------------+--------------+--------------+------+----+-+-+--+------+
|Name|view| Initial res  | Initial resL1| Target res   | Final res    | Final res L1 |Visits|Iter|R|F|CL|Status|
| BG |   0|  3.714506e-11|  2.069023e-04|  5.310195e-13|  1.705137e-13|  2.293789e-05|     5|  15|0|n|30|  OK  |
log10(resTarget_Lim / resTarget_Orig): 2.4 
Face Momentum (sd=  0): max value of div(mf) (cv=16020) = 1.223697e-07
	norm_L2 of div(momentum) = 4.129330e-07.
Flow alg-view 0 in phys-view 0 isn't Neumann (not Multi Phase treating)
LOG: number of a-faces with weighted approximations in 0 subdomain: 3.42435 percent
LOG: Rate of a-faces corrected to CUp1st in 0 subdomain: 0.0418253 %
slv : SolveBL stage
|nsd|Real WF|NormalF|Cycle F|CriticF| EdgeF |CyclBrF|ExtParF|RWFnumSt|StLvlNum|  nfw  |  alp_U_min  |  nfw  |  alp_U_max  |  nfw  |  alp_T_min  |  nfw  |  alp_T_max  |  nfw  |  BL_s_min   |  nfw  |   BL_s_max  |
|  0|    786|    610|      0|      0|    176|      0|      0|     786|      20|   3387|0.00252481   |   4183|4.518        |   3634|0            |   3754|19012.9      |   3841|-130.339     |   3634|0            |
Face Momentum (sd=  0): max value of div(mf) (cv=16020) = 1.223697e-07
	norm_L2 of div(momentum) = 4.129330e-07.
nsd = 0 BC: AP Inlet occurs on 3621 w-faces
+----+----+----+--------------+--------------+--------------+--------------+--------------+------+----+-+-+--+------+
|Name|view| n_y| Initial res  | Initial resL1| Target res   | Final res    | Final res L1 |Visits|Iter|R|F|CL|Status|
+----+----+----+--------------+--------------+--------------+--------------+--------------+------+----+-+-+--+------+
| 3M |   0|   0|  3.815526e-04|  6.155746e-01|  7.154111e-08|  5.641360e-10|  3.081462e-04|     1|   3|0|n|29|  OK  |
Velocity (predicted):
        (local) sd   0: min(  17625)=0.67787226891111     , max(  16072)=41.221947384848      
Flow alg-view 0 is not Neumann (not for Phase Change + Nested Iters)
+----+----+--------------+--------------+--------------+--------------+--------------+------+----+-+-+--+------+
|Name|view| Initial res  | Initial resL1| Target res   | Final res    | Final res L1 |Visits|Iter|R|F|CL|Status|
|DVGR|   0|  9.402802e-07|  2.567240e-02|  5.876751e-11|  3.959836e-11|  2.538792e-04|     3|   9|0|n|30|  OK  |
PRESSURE SOLVER(geom_index=  0): sum_C_dp=3.66735e-10
Face Momentum (sd=  0): max value of div(mf) (cv=15357) = 1.170477e-06
	norm_L2 of div(momentum) = 6.292728e-06.
nsd = 0 min_dtHy = 0.000784926 (nCV =	16072 ) max_dtHy = 0.00548974 (nCV =	15971 ) 
+----+----+--------------+--------------+--------------+--------------+--------------+------+----+-+-+--+------+
|Name|view| Initial res  | Initial resL1| Target res   | Final res    | Final res L1 |Visits|Iter|R|F|CL|Status|
|CHT |   0|  2.926473e-08|  3.254860e-03|  1.829045e-12|  3.021708e-15|  7.569330e-07|     1|   9|0|n|30|  OK  |
slv : Fluid subdom(new) 0
slv : P static (new)                 : min(  16073) = 100646.36916921      , max(  16075) = 102837.24485895      
slv : Density (new)                  : min(  16073) = 1.194804129362       , max(  16075) = 1.2218769734472      
slv : Velocity (new)                 : min(  17665) = 0.76711315879496     , max(  16072) = 41.21519917968       
slv : Mach number (new)              : min(  17665) = 0.0022336952353364   , max(  16072) = 0.12018281217754     
slv : Temperature (new)              : min(  16072) = 292.80332430614      , max(  17625) = 293.64532426843      
slv : Total enthalpy, Y-shifted (new): min(  17665) = 448.53115340835      , max(  15572) = 450.10059428442      
slv : MASS FLUXES AT OPENINGS: MF=-100.32, AP=100.32
slv : DvGr statistics: min alpha=0.160556(nfa=50651, geom_slice=0)
slv : +----------------------------------+------------+-------+------------+------------+
slv : |          Collector name          | Total Time | Count |  Avg Time  |  Max Time  |
slv : +----------------------------------+------------+-------+------------+------------+
slv : | Calculate_inc                    |       9.426|     35|       0.269|       0.492|
slv : | CollectEMT_Results               |       0.000|     36|       0.000|       0.000|
slv : | HeatPathCalculator_Dynamic       |       0.021|      1|       0.021|       0.021|
slv : | LiSy_make_portrait               |       0.328|    125|       0.003|       0.006|
slv : | Results_processing               |       2.023|     35|       0.058|       0.081|
slv : | build_sl_ordering_CHT            |       0.032|     36|       0.001|       0.005|
slv : | build_sl_ordering_MDS            |       0.072|     36|       0.002|       0.011|
slv : | build_sl_ordering_fluid          |       0.070|     36|       0.002|       0.011|
slv : | calc_Convolutions_MDS            |       0.611|     36|       0.017|       0.031|
slv : | calc_wall_dist                   |       0.569|      1|       0.569|       0.569|
slv : | create_Gr_operators_MDS          |       0.358|     36|       0.010|       0.014|
slv : | create_Gr_operators_portrait_MDS |       0.247|     36|       0.007|       0.010|
slv : | init_Hy_group_MDS                |       0.446|     36|       0.012|       0.016|
slv : | perform_stage_total              |       7.439|    980|       0.008|       0.570|
slv : | precalc_at_start_MDS             |       0.506|      2|       0.253|       0.477|
slv : | solve_3M_MDS                     |       1.011|     36|       0.028|       0.046|
slv : | solve_3M_alg_MDS                 |       0.196|     36|       0.005|       0.008|
slv : | solve_BG_MDS                     |       1.157|     36|       0.032|       0.065|
slv : | solve_BG_alg_MDS                 |       0.609|     36|       0.017|       0.029|
slv : | solve_BL_MDS                     |       0.240|     36|       0.007|       0.026|
slv : | solve_CHT                        |       0.822|     36|       0.023|       0.036|
slv : | solve_CHT_MDS                    |       0.595|     36|       0.017|       0.023|
slv : | solve_CHT_alg_MDS                |       0.176|     36|       0.005|       0.010|
slv : | solve_DvGr_MDS                   |       1.849|     36|       0.051|       0.102|
slv : | solve_DvGr_alg_MDS               |       0.709|     36|       0.020|       0.064|
slv : | solve_INPR_MDS                   |       0.000|      1|       0.000|       0.000|
slv : | solve_PS+QJ                      |       0.000|      0|       0.000|       0.000|
slv : | solve_YLMA_MDS                   |       0.002|     36|       0.000|       0.000|
slv : | solve_YNOx_MDS                   |       0.000|     36|       0.000|       0.000|
slv : | solve_YTd_MDS                    |       0.002|     36|       0.000|       0.000|
slv : | solve_YTurb_MDS                  |       0.001|     36|       0.000|       0.000|
slv : | update_BC_MDS                    |       0.000|     37|       0.000|       0.000|
slv : | update_Mf_after_DvGr             |       0.220|     36|       0.006|       0.009|
slv : | update_VelPressure_MDS           |       0.055|     36|       0.002|       0.006|
slv : +----------------------------------+------------+-------+------------+------------+
-----------------------------------------------------------------------
Memory Working Set Current = 306.06 Mb, Memory Working Set Peak = 308.72 Mb
Memory Private Bytes Current = 333.05 Mb, Memory Private Bytes Peak = 343.04 Mb
Process Threads Number: 35
-----------------------------------------------------------------------
Algebra Pool      : mem_usage = 176.56 Mb, allocated count = 1340

================== Tstep=36 ===================
<Dynamic P> on nsd = 0 {openings (inlet / outlet)}:
  (SP = Static Pressure, EP = Environment Pressure, TP = Total Pressure, E = External)
  {#0, E, (0.000000e+00 / 5.428097e+02)}
  {#1, E, (5.427460e+02 / 0.000000e+00)}
  {#2, E, (2.137071e-14 / 5.427032e+02)}
  {#3, E, (2.308146e-14 / 5.427032e+02)}
  {#4, E, (2.854487e-03 / 5.430192e+02)}
  {#5, E, (1.797446e-14 / 5.427032e+02)}
  MWS[  0]=1.45153
tau_viscous_averaged = 9031.83 
dt(mass,momentum; nsd=  0): min dt/dtG(ncv=  16072)=1.00 , max dt/dtG(ncv=  15971)=7.2    , dtG=0.000780071
Flow alg-view 0 in phys-view 0 isn't Neumann (not Multi Phase treating)
Face Momentum (sd=  0): max value of div(mf) (cv=18540) = 1.566805e-06
Flow alg-view 0 is not Neumann (not for Phase Change + Nested Iters)
+----+----+--------------+--------------+--------------+--------------+--------------+------+----+-+-+--+------+
|Name|view| Initial res  | Initial resL1| Target res   | Final res    | Final res L1 |Visits|Iter|R|F|CL|Status|
| BG |   0|  4.209591e-11|  2.557422e-04|  5.876751e-13|  5.351646e-13|  5.433748e-05|     4|  12|0|n|30|  OK  |
log10(resTarget_Lim / resTarget_Orig): 2.3 
Face Momentum (sd=  0): max value of div(mf) (cv=16020) = 9.805715e-08
	norm_L2 of div(momentum) = 7.315495e-07.
Flow alg-view 0 in phys-view 0 isn't Neumann (not Multi Phase treating)
LOG: number of a-faces with weighted approximations in 0 subdomain: 3.45115 percent
LOG: Rate of a-faces corrected to CUp1st in 0 subdomain: 0.0403954 %
slv : SolveBL stage
|nsd|Real WF|NormalF|Cycle F|CriticF| EdgeF |CyclBrF|ExtParF|RWFnumSt|StLvlNum|  nfw  |  alp_U_min  |  nfw  |  alp_U_max  |  nfw  |  alp_T_min  |  nfw  |  alp_T_max  |  nfw  |  BL_s_min   |  nfw  |   BL_s_max  |
|  0|    786|    610|      0|      0|    176|      0|      0|     786|      20|   3387|0.00234634   |   4183|4.53621      |   3634|0            |   3747|10958.5      |   3841|-130.36      |   3634|0            |
Face Momentum (sd=  0): max value of div(mf) (cv=16020) = 9.805715e-08
	norm_L2 of div(momentum) = 7.315495e-07.
nsd = 0 BC: AP Inlet occurs on 3640 w-faces
+----+----+----+--------------+--------------+--------------+--------------+--------------+------+----+-+-+--+------+
|Name|view| n_y| Initial res  | Initial resL1| Target res   | Final res    | Final res L1 |Visits|Iter|R|F|CL|Status|
+----+----+----+--------------+--------------+--------------+--------------+--------------+------+----+-+-+--+------+
| 3M |   0|   0|  2.931716e-04|  6.059725e-01|  5.496967e-08|  6.183105e-10|  3.362944e-04|     1|   3|0|n|29|  OK  |
Velocity (predicted):
        (local) sd   0: min(  17625)=0.7771491660478      , max(  16072)=41.119240508497      
Flow alg-view 0 is not Neumann (not for Phase Change + Nested Iters)
+----+----+--------------+--------------+--------------+--------------+--------------+------+----+-+-+--+------+
|Name|view| Initial res  | Initial resL1| Target res   | Final res    | Final res L1 |Visits|Iter|R|F|CL|Status|
|DVGR|   0|  8.412366e-07|  2.554746e-02|  5.257729e-11|  3.993634e-11|  2.563826e-04|     3|   9|0|n|30|  OK  |
PRESSURE SOLVER(geom_index=  0): sum_C_dp=3.61166e-10
Face Momentum (sd=  0): max value of div(mf) (cv=15357) = 1.226994e-06
	norm_L2 of div(momentum) = 6.319525e-06.
nsd = 0 min_dtHy = 0.000780071 (nCV =	16072 ) max_dtHy = 0.00560788 (nCV =	15971 ) 
+----+----+--------------+--------------+--------------+--------------+--------------+------+----+-+-+--+------+
|Name|view| Initial res  | Initial resL1| Target res   | Final res    | Final res L1 |Visits|Iter|R|F|CL|Status|
|CHT |   0|  2.153775e-08|  2.999214e-03|  1.346110e-12|  3.062977e-15|  8.584011e-07|     1|   9|0|n|30|  OK  |
slv : Fluid subdom(new) 0
slv : P static (new)                 : min(  16073) = 100645.94141735      , max(  16075) = 102837.1870071       
slv : Density (new)                  : min(  16073) = 1.1947972945159      , max(  16075) = 1.2218788763479      
slv : Velocity (new)                 : min(  17625) = 0.73751021258103     , max(  16072) = 41.122188182277      
slv : Mach number (new)              : min(  17625) = 0.0021474967162425   , max(  16072) = 0.11991081911946     
slv : Temperature (new)              : min(  16072) = 292.80712563832      , max(  17625) = 293.64529692795      
slv : Total enthalpy, Y-shifted (new): min(  17665) = 448.45588559495      , max(  15572) = 450.10083575866      
slv : MASS FLUXES AT OPENINGS: MF=-100.32, AP=100.32
slv : DvGr statistics: min alpha=0.1507(nfa=44835, geom_slice=0)
slv : +----------------------------------+------------+-------+------------+------------+
slv : |          Collector name          | Total Time | Count |  Avg Time  |  Max Time  |
slv : +----------------------------------+------------+-------+------------+------------+
slv : | Calculate_inc                    |       9.679|     36|       0.269|       0.492|
slv : | CollectEMT_Results               |       0.000|     37|       0.000|       0.000|
slv : | HeatPathCalculator_Dynamic       |       0.021|      1|       0.021|       0.021|
slv : | LiSy_make_portrait               |       0.336|    128|       0.003|       0.006|
slv : | Results_processing               |       2.070|     36|       0.057|       0.081|
slv : | build_sl_ordering_CHT            |       0.032|     37|       0.001|       0.005|
slv : | build_sl_ordering_MDS            |       0.072|     37|       0.002|       0.011|
slv : | build_sl_ordering_fluid          |       0.070|     37|       0.002|       0.011|
slv : | calc_Convolutions_MDS            |       0.629|     37|       0.017|       0.031|
slv : | calc_wall_dist                   |       0.569|      1|       0.569|       0.569|
slv : | create_Gr_operators_MDS          |       0.367|     37|       0.010|       0.014|
slv : | create_Gr_operators_portrait_MDS |       0.254|     37|       0.007|       0.010|
slv : | init_Hy_group_MDS                |       0.462|     37|       0.012|       0.016|
slv : | perform_stage_total              |       7.619|   1007|       0.008|       0.570|
slv : | precalc_at_start_MDS             |       0.506|      2|       0.253|       0.477|
slv : | solve_3M_MDS                     |       1.039|     37|       0.028|       0.046|
slv : | solve_3M_alg_MDS                 |       0.201|     37|       0.005|       0.008|
slv : | solve_BG_MDS                     |       1.189|     37|       0.032|       0.065|
slv : | solve_BG_alg_MDS                 |       0.624|     37|       0.017|       0.029|
slv : | solve_BL_MDS                     |       0.245|     37|       0.007|       0.026|
slv : | solve_CHT                        |       0.844|     37|       0.023|       0.036|
slv : | solve_CHT_MDS                    |       0.612|     37|       0.017|       0.023|
slv : | solve_CHT_alg_MDS                |       0.180|     37|       0.005|       0.010|
slv : | solve_DvGr_MDS                   |       1.894|     37|       0.051|       0.102|
slv : | solve_DvGr_alg_MDS               |       0.723|     37|       0.020|       0.064|
slv : | solve_INPR_MDS                   |       0.000|      1|       0.000|       0.000|
slv : | solve_PS+QJ                      |       0.000|      0|       0.000|       0.000|
slv : | solve_YLMA_MDS                   |       0.002|     37|       0.000|       0.000|
slv : | solve_YNOx_MDS                   |       0.000|     37|       0.000|       0.000|
slv : | solve_YTd_MDS                    |       0.002|     37|       0.000|       0.000|
slv : | solve_YTurb_MDS                  |       0.001|     37|       0.000|       0.000|
slv : | update_BC_MDS                    |       0.000|     38|       0.000|       0.000|
slv : | update_Mf_after_DvGr             |       0.226|     37|       0.006|       0.009|
slv : | update_VelPressure_MDS           |       0.056|     37|       0.002|       0.006|
slv : +----------------------------------+------------+-------+------------+------------+
-----------------------------------------------------------------------
Memory Working Set Current = 306.48 Mb, Memory Working Set Peak = 308.72 Mb
Memory Private Bytes Current = 333.49 Mb, Memory Private Bytes Peak = 343.04 Mb
Process Threads Number: 35
-----------------------------------------------------------------------
Algebra Pool      : mem_usage = 176.56 Mb, allocated count = 1340

================== Tstep=37 ===================
<Dynamic P> on nsd = 0 {openings (inlet / outlet)}:
  (SP = Static Pressure, EP = Environment Pressure, TP = Total Pressure, E = External)
  {#0, E, (0.000000e+00 / 5.428097e+02)}
  {#1, E, (5.427459e+02 / 0.000000e+00)}
  {#2, E, (1.940704e-14 / 5.427032e+02)}
  {#3, E, (2.168525e-14 / 5.427032e+02)}
  {#4, E, (2.824682e-03 / 5.429987e+02)}
  {#5, E, (1.263646e-14 / 5.427032e+02)}
  MWS[  0]=1.44827
tau_viscous_averaged = 9031.83 
dt(mass,momentum; nsd=  0): min dt/dtG(ncv=  16072)=1.00 , max dt/dtG(ncv=  15971)=6.9    , dtG=0.000785033
Flow alg-view 0 in phys-view 0 isn't Neumann (not Multi Phase treating)
Face Momentum (sd=  0): max value of div(mf) (cv=15664) = 6.235548e-06
Flow alg-view 0 is not Neumann (not for Phase Change + Nested Iters)
+----+----+--------------+--------------+--------------+--------------+--------------+------+----+-+-+--+------+
|Name|view| Initial res  | Initial resL1| Target res   | Final res    | Final res L1 |Visits|Iter|R|F|CL|Status|
| BG |   0|  7.914852e-11|  2.631037e-04|  5.257729e-13|  1.742172e-13|  2.950019e-05|     5|  15|0|n|30|  OK  |
log10(resTarget_Lim / resTarget_Orig): 2.0 
Face Momentum (sd=  0): max value of div(mf) (cv=16020) = 7.704228e-08
	norm_L2 of div(momentum) = 4.173934e-07.
Flow alg-view 0 in phys-view 0 isn't Neumann (not Multi Phase treating)
LOG: number of a-faces with weighted approximations in 0 subdomain: 3.53633 percent
LOG: Rate of a-faces corrected to CUp1st in 0 subdomain: 0.0448007 %
slv : SolveBL stage
|nsd|Real WF|NormalF|Cycle F|CriticF| EdgeF |CyclBrF|ExtParF|RWFnumSt|StLvlNum|  nfw  |  alp_U_min  |  nfw  |  alp_U_max  |  nfw  |  alp_T_min  |  nfw  |  alp_T_max  |  nfw  |  BL_s_min   |  nfw  |   BL_s_max  |
|  0|    786|    610|      0|      0|    176|      0|      0|     786|      20|   3387|0.00251141   |   4147|5.1185       |   3634|0            |   3754|19025        |   3841|-130.372     |   3634|0            |
Face Momentum (sd=  0): max value of div(mf) (cv=16020) = 7.704228e-08
	norm_L2 of div(momentum) = 4.173934e-07.
nsd = 0 BC: AP Inlet occurs on 3638 w-faces
+----+----+----+--------------+--------------+--------------+--------------+--------------+------+----+-+-+--+------+
|Name|view| n_y| Initial res  | Initial resL1| Target res   | Final res    | Final res L1 |Visits|Iter|R|F|CL|Status|
+----+----+----+--------------+--------------+--------------+--------------+--------------+------+----+-+-+--+------+
| 3M |   0|   0|  3.543466e-04|  6.206513e-01|  6.643999e-08|  6.242337e-10|  3.188382e-04|     1|   3|0|n|29|  OK  |
Velocity (predicted):
        (local) sd   0: min(  17625)=0.6646530006954      , max(  16072)=41.210887459968      
Flow alg-view 0 is not Neumann (not for Phase Change + Nested Iters)
+----+----+--------------+--------------+--------------+--------------+--------------+------+----+-+-+--+------+
|Name|view| Initial res  | Initial resL1| Target res   | Final res    | Final res L1 |Visits|Iter|R|F|CL|Status|
|DVGR|   0|  1.000599e-06|  2.673772e-02|  6.253744e-11|  2.119121e-11|  1.693765e-04|     3|   9|0|n|30|  OK  |
PRESSURE SOLVER(geom_index=  0): sum_C_dp=-8.14931e-12
Face Momentum (sd=  0): max value of div(mf) (cv=15966) = 5.771400e-07
	norm_L2 of div(momentum) = 4.603395e-06.
nsd = 0 min_dtHy = 0.000785033 (nCV =	16072 ) max_dtHy = 0.00542053 (nCV =	15971 ) 
+----+----+--------------+--------------+--------------+--------------+--------------+------+----+-+-+--+------+
|Name|view| Initial res  | Initial resL1| Target res   | Final res    | Final res L1 |Visits|Iter|R|F|CL|Status|
|CHT |   0|  2.452290e-08|  2.951340e-03|  1.532681e-12|  3.503167e-15|  9.074776e-07|     1|   9|0|n|30|  OK  |
slv : Fluid subdom(new) 0
slv : P static (new)                 : min(  16073) = 100646.93908206      , max(  16075) = 102837.62192021      
slv : Density (new)                  : min(  16073) = 1.1948113521013      , max(  16075) = 1.2218805512678      
slv : Velocity (new)                 : min(  17625) = 0.73321945064247     , max(  16072) = 41.211449635482      
slv : Mach number (new)              : min(  17625) = 0.0021350029683088   , max(  16072) = 0.12017184721539     
slv : Temperature (new)              : min(  16072) = 292.8034778512       , max(  17625) = 293.64524802359      
slv : Total enthalpy, Y-shifted (new): min(  17665) = 448.40166626663      , max(  15572) = 450.10071632047      
slv : MASS FLUXES AT OPENINGS: MF=-100.32, AP=100.32
slv : DvGr statistics: min alpha=0.160534(nfa=50651, geom_slice=0)
slv : +----------------------------------+------------+-------+------------+------------+
slv : |          Collector name          | Total Time | Count |  Avg Time  |  Max Time  |
slv : +----------------------------------+------------+-------+------------+------------+
slv : | Calculate_inc                    |       9.937|     37|       0.269|       0.492|
slv : | CollectEMT_Results               |       0.000|     38|       0.000|       0.000|
slv : | HeatPathCalculator_Dynamic       |       0.021|      1|       0.021|       0.021|
slv : | LiSy_make_portrait               |       0.345|    131|       0.003|       0.006|
slv : | Results_processing               |       2.117|     37|       0.057|       0.081|
slv : | build_sl_ordering_CHT            |       0.032|     38|       0.001|       0.005|
slv : | build_sl_ordering_MDS            |       0.072|     38|       0.002|       0.011|
slv : | build_sl_ordering_fluid          |       0.070|     38|       0.002|       0.011|
slv : | calc_Convolutions_MDS            |       0.644|     38|       0.017|       0.031|
slv : | calc_wall_dist                   |       0.569|      1|       0.569|       0.569|
slv : | create_Gr_operators_MDS          |       0.376|     38|       0.010|       0.014|
slv : | create_Gr_operators_portrait_MDS |       0.261|     38|       0.007|       0.010|
slv : | init_Hy_group_MDS                |       0.472|     38|       0.012|       0.016|
slv : | perform_stage_total              |       7.804|   1034|       0.008|       0.570|
slv : | precalc_at_start_MDS             |       0.506|      2|       0.253|       0.477|
slv : | solve_3M_MDS                     |       1.069|     38|       0.028|       0.046|
slv : | solve_3M_alg_MDS                 |       0.206|     38|       0.005|       0.008|
slv : | solve_BG_MDS                     |       1.219|     38|       0.032|       0.065|
slv : | solve_BG_alg_MDS                 |       0.642|     38|       0.017|       0.029|
slv : | solve_BL_MDS                     |       0.251|     38|       0.007|       0.026|
slv : | solve_CHT                        |       0.869|     38|       0.023|       0.036|
slv : | solve_CHT_MDS                    |       0.630|     38|       0.017|       0.023|
slv : | solve_CHT_alg_MDS                |       0.185|     38|       0.005|       0.010|
slv : | solve_DvGr_MDS                   |       1.941|     38|       0.051|       0.102|
slv : | solve_DvGr_alg_MDS               |       0.737|     38|       0.019|       0.064|
slv : | solve_INPR_MDS                   |       0.000|      1|       0.000|       0.000|
slv : | solve_PS+QJ                      |       0.000|      0|       0.000|       0.000|
slv : | solve_YLMA_MDS                   |       0.002|     38|       0.000|       0.000|
slv : | solve_YNOx_MDS                   |       0.000|     38|       0.000|       0.000|
slv : | solve_YTd_MDS                    |       0.002|     38|       0.000|       0.000|
slv : | solve_YTurb_MDS                  |       0.002|     38|       0.000|       0.000|
slv : | update_BC_MDS                    |       0.000|     39|       0.000|       0.000|
slv : | update_Mf_after_DvGr             |       0.234|     38|       0.006|       0.009|
slv : | update_VelPressure_MDS           |       0.058|     38|       0.002|       0.006|
slv : +----------------------------------+------------+-------+------------+------------+
-----------------------------------------------------------------------
Memory Working Set Current = 306.96 Mb, Memory Working Set Peak = 308.72 Mb
Memory Private Bytes Current = 335.11 Mb, Memory Private Bytes Peak = 343.04 Mb
Process Threads Number: 35
-----------------------------------------------------------------------
Algebra Pool      : mem_usage = 176.56 Mb, allocated count = 1346

================== Tstep=38 ===================
<Dynamic P> on nsd = 0 {openings (inlet / outlet)}:
  (SP = Static Pressure, EP = Environment Pressure, TP = Total Pressure, E = External)
  {#0, E, (0.000000e+00 / 5.428097e+02)}
  {#1, E, (5.427459e+02 / 0.000000e+00)}
  {#2, E, (1.627516e-14 / 5.427032e+02)}
  {#3, E, (1.941354e-14 / 5.427032e+02)}
  {#4, E, (2.694169e-03 / 5.432010e+02)}
  {#5, E, (9.650036e-15 / 5.427032e+02)}
  MWS[  0]=1.45142
tau_viscous_averaged = 9031.83 
dt(mass,momentum; nsd=  0): min dt/dtG(ncv=  16072)=1.00 , max dt/dtG(ncv=  15971)=7.1    , dtG=0.000780385
Flow alg-view 0 in phys-view 0 isn't Neumann (not Multi Phase treating)
Face Momentum (sd=  0): max value of div(mf) (cv=15664) = 3.835902e-06
Flow alg-view 0 is not Neumann (not for Phase Change + Nested Iters)
+----+----+--------------+--------------+--------------+--------------+--------------+------+----+-+-+--+------+
|Name|view| Initial res  | Initial resL1| Target res   | Final res    | Final res L1 |Visits|Iter|R|F|CL|Status|
| BG |   0|  3.648230e-11|  1.747087e-04|  6.253744e-13|  4.393615e-13|  3.674056e-05|     4|  12|0|n|30|  OK  |
log10(resTarget_Lim / resTarget_Orig): 2.4 
Face Momentum (sd=  0): max value of div(mf) (cv=16020) = 1.738988e-07
	norm_L2 of div(momentum) = 6.628435e-07.
Flow alg-view 0 in phys-view 0 isn't Neumann (not Multi Phase treating)
LOG: number of a-faces with weighted approximations in 0 subdomain: 3.5673 percent
LOG: Rate of a-faces corrected to CUp1st in 0 subdomain: 0.04267 %
slv : SolveBL stage
|nsd|Real WF|NormalF|Cycle F|CriticF| EdgeF |CyclBrF|ExtParF|RWFnumSt|StLvlNum|  nfw  |  alp_U_min  |  nfw  |  alp_U_max  |  nfw  |  alp_T_min  |  nfw  |  alp_T_max  |  nfw  |  BL_s_min   |  nfw  |   BL_s_max  |
|  0|    786|    612|      0|      0|    174|      0|      0|     786|      20|   3387|0.00255539   |   4147|9.1333       |   3634|0            |   3810|9259.33      |   3841|-130.396     |   3634|0            |
Face Momentum (sd=  0): max value of div(mf) (cv=16020) = 1.738988e-07
	norm_L2 of div(momentum) = 6.628435e-07.
nsd = 0 BC: AP Inlet occurs on 3643 w-faces
+----+----+----+--------------+--------------+--------------+--------------+--------------+------+----+-+-+--+------+
|Name|view| n_y| Initial res  | Initial resL1| Target res   | Final res    | Final res L1 |Visits|Iter|R|F|CL|Status|
+----+----+----+--------------+--------------+--------------+--------------+--------------+------+----+-+-+--+------+
| 3M |   0|   0|  3.419257e-04|  6.199073e-01|  6.411108e-08|  6.351197e-10|  3.381345e-04|     1|   3|0|n|29|  OK  |
Velocity (predicted):
        (local) sd   0: min(  17625)=0.7655423522082      , max(  16072)=41.10037575381       
Flow alg-view 0 is not Neumann (not for Phase Change + Nested Iters)
+----+----+--------------+--------------+--------------+--------------+--------------+------+----+-+-+--+------+
|Name|view| Initial res  | Initial resL1| Target res   | Final res    | Final res L1 |Visits|Iter|R|F|CL|Status|
|DVGR|   0|  9.901340e-07|  2.670227e-02|  6.188338e-11|  5.017526e-11|  2.449024e-04|     3|   9|0|n|30|  OK  |
PRESSURE SOLVER(geom_index=  0): sum_C_dp=-2.73232e-10
Face Momentum (sd=  0): max value of div(mf) (cv=15357) = 1.201228e-06
	norm_L2 of div(momentum) = 7.083455e-06.
nsd = 0 min_dtHy = 0.000780385 (nCV =	16072 ) max_dtHy = 0.005524 (nCV =	15971 ) 
+----+----+--------------+--------------+--------------+--------------+--------------+------+----+-+-+--+------+
|Name|view| Initial res  | Initial resL1| Target res   | Final res    | Final res L1 |Visits|Iter|R|F|CL|Status|
|CHT |   0|  2.091878e-08|  2.907187e-03|  1.307424e-12|  2.789828e-15|  8.036583e-07|     1|   9|0|n|30|  OK  |
slv : Fluid subdom(new) 0
slv : P static (new)                 : min(  16073) = 100646.32195665      , max(  16075) = 102837.47584655      
slv : Density (new)                  : min(  16073) = 1.1948019201475      , max(  16075) = 1.2218821744454      
slv : Velocity (new)                 : min(  17625) = 0.70119469067376     , max(  16072) = 41.109525325087      
slv : Mach number (new)              : min(  17625) = 0.0020417527320032   , max(  16072) = 0.11987378933933     
slv : Temperature (new)              : min(  16072) = 292.80764278802      , max(  17625) = 293.64522020896      
slv : Total enthalpy, Y-shifted (new): min(  17665) = 448.35379696087      , max(  15572) = 450.09949796553      
slv : MASS FLUXES AT OPENINGS: MF=-100.32, AP=100.32
slv : DvGr statistics: min alpha=0.154221(nfa=52877, geom_slice=0)
slv : +----------------------------------+------------+-------+------------+------------+
slv : |          Collector name          | Total Time | Count |  Avg Time  |  Max Time  |
slv : +----------------------------------+------------+-------+------------+------------+
slv : | Calculate_inc                    |      10.202|     38|       0.268|       0.492|
slv : | CollectEMT_Results               |       0.000|     39|       0.000|       0.000|
slv : | HeatPathCalculator_Dynamic       |       0.021|      1|       0.021|       0.021|
slv : | LiSy_make_portrait               |       0.353|    134|       0.003|       0.006|
slv : | Results_processing               |       2.185|     38|       0.058|       0.081|
slv : | build_sl_ordering_CHT            |       0.032|     39|       0.001|       0.005|
slv : | build_sl_ordering_MDS            |       0.072|     39|       0.002|       0.011|
slv : | build_sl_ordering_fluid          |       0.070|     39|       0.002|       0.011|
slv : | calc_Convolutions_MDS            |       0.662|     39|       0.017|       0.031|
slv : | calc_wall_dist                   |       0.569|      1|       0.569|       0.569|
slv : | create_Gr_operators_MDS          |       0.385|     39|       0.010|       0.014|
slv : | create_Gr_operators_portrait_MDS |       0.268|     39|       0.007|       0.010|
slv : | init_Hy_group_MDS                |       0.484|     39|       0.012|       0.016|
slv : | perform_stage_total              |       7.972|   1061|       0.008|       0.570|
slv : | precalc_at_start_MDS             |       0.506|      2|       0.253|       0.477|
slv : | solve_3M_MDS                     |       1.096|     39|       0.028|       0.046|
slv : | solve_3M_alg_MDS                 |       0.211|     39|       0.005|       0.008|
slv : | solve_BG_MDS                     |       1.246|     39|       0.032|       0.065|
slv : | solve_BG_alg_MDS                 |       0.655|     39|       0.017|       0.029|
slv : | solve_BL_MDS                     |       0.257|     39|       0.007|       0.026|
slv : | solve_CHT                        |       0.894|     39|       0.023|       0.036|
slv : | solve_CHT_MDS                    |       0.648|     39|       0.017|       0.023|
slv : | solve_CHT_alg_MDS                |       0.193|     39|       0.005|       0.010|
slv : | solve_DvGr_MDS                   |       1.987|     39|       0.051|       0.102|
slv : | solve_DvGr_alg_MDS               |       0.752|     39|       0.019|       0.064|
slv : | solve_INPR_MDS                   |       0.000|      1|       0.000|       0.000|
slv : | solve_PS+QJ                      |       0.000|      0|       0.000|       0.000|
slv : | solve_YLMA_MDS                   |       0.002|     39|       0.000|       0.000|
slv : | solve_YNOx_MDS                   |       0.000|     39|       0.000|       0.000|
slv : | solve_YTd_MDS                    |       0.002|     39|       0.000|       0.000|
slv : | solve_YTurb_MDS                  |       0.002|     39|       0.000|       0.000|
slv : | update_BC_MDS                    |       0.000|     40|       0.000|       0.000|
slv : | update_Mf_after_DvGr             |       0.239|     39|       0.006|       0.009|
slv : | update_VelPressure_MDS           |       0.059|     39|       0.002|       0.006|
slv : +----------------------------------+------------+-------+------------+------------+
-----------------------------------------------------------------------
Memory Working Set Current = 307.11 Mb, Memory Working Set Peak = 308.72 Mb
Memory Private Bytes Current = 336.12 Mb, Memory Private Bytes Peak = 343.04 Mb
Process Threads Number: 35
-----------------------------------------------------------------------
Algebra Pool      : mem_usage = 176.56 Mb, allocated count = 1350

================== Tstep=39 ===================
<Dynamic P> on nsd = 0 {openings (inlet / outlet)}:
  (SP = Static Pressure, EP = Environment Pressure, TP = Total Pressure, E = External)
  {#0, E, (0.000000e+00 / 5.428105e+02)}
  {#1, E, (5.427459e+02 / 0.000000e+00)}
  {#2, E, (1.408057e-14 / 5.427032e+02)}
  {#3, E, (1.755963e-14 / 5.427032e+02)}
  {#4, E, (2.653648e-03 / 5.434224e+02)}
  {#5, E, (1.411450e-14 / 5.427032e+02)}
  MWS[  0]=1.44785
tau_viscous_averaged = 9031.83 
dt(mass,momentum; nsd=  0): min dt/dtG(ncv=  16072)=1.00 , max dt/dtG(ncv=  15971)=6.9    , dtG=0.000785814
Flow alg-view 0 in phys-view 0 isn't Neumann (not Multi Phase treating)
Face Momentum (sd=  0): max value of div(mf) (cv=14947) = 1.316856e-06
Flow alg-view 0 is not Neumann (not for Phase Change + Nested Iters)
+----+----+--------------+--------------+--------------+--------------+--------------+------+----+-+-+--+------+
|Name|view| Initial res  | Initial resL1| Target res   | Final res    | Final res L1 |Visits|Iter|R|F|CL|Status|
| BG |   0|  5.207292e-11|  2.468697e-04|  6.188338e-13|  3.008396e-13|  2.232452e-05|     5|  15|0|n|30|  OK  |
log10(resTarget_Lim / resTarget_Orig): 2.3 
Face Momentum (sd=  0): max value of div(mf) (cv=16020) = 1.919083e-07
	norm_L2 of div(momentum) = 5.484885e-07.
Flow alg-view 0 in phys-view 0 isn't Neumann (not Multi Phase treating)
LOG: number of a-faces with weighted approximations in 0 subdomain: 3.48927 percent
LOG: Rate of a-faces corrected to CUp1st in 0 subdomain: 0.045321 %
slv : SolveBL stage
|nsd|Real WF|NormalF|Cycle F|CriticF| EdgeF |CyclBrF|ExtParF|RWFnumSt|StLvlNum|  nfw  |  alp_U_min  |  nfw  |  alp_U_max  |  nfw  |  alp_T_min  |  nfw  |  alp_T_max  |  nfw  |  BL_s_min   |  nfw  |   BL_s_max  |
|  0|    786|    610|      0|      0|    176|      0|      0|     786|      20|   3387|0.00307601   |   4147|10.6778      |   3634|0            |   3754|19003.7      |   3841|-130.364     |   3634|0            |
Face Momentum (sd=  0): max value of div(mf) (cv=16020) = 1.919083e-07
	norm_L2 of div(momentum) = 5.484885e-07.
nsd = 0 BC: AP Inlet occurs on 3638 w-faces
+----+----+----+--------------+--------------+--------------+--------------+--------------+------+----+-+-+--+------+
|Name|view| n_y| Initial res  | Initial resL1| Target res   | Final res    | Final res L1 |Visits|Iter|R|F|CL|Status|
+----+----+----+--------------+--------------+--------------+--------------+--------------+------+----+-+-+--+------+
| 3M |   0|   0|  3.361261e-04|  6.269177e-01|  6.302364e-08|  6.547424e-10|  3.333786e-04|     1|   3|0|n|29|  OK  |
Velocity (predicted):
        (local) sd   0: min(  17625)=0.64543778682046     , max(  16072)=41.201887664844      
Flow alg-view 0 is not Neumann (not for Phase Change + Nested Iters)
+----+----+--------------+--------------+--------------+--------------+--------------+------+----+-+-+--+------+
|Name|view| Initial res  | Initial resL1| Target res   | Final res    | Final res L1 |Visits|Iter|R|F|CL|Status|
|DVGR|   0|  9.950115e-07|  2.742303e-02|  6.218822e-11|  5.117784e-11|  2.585187e-04|     3|   9|0|n|30|  OK  |
PRESSURE SOLVER(geom_index=  0): sum_C_dp=-2.92581e-10
Face Momentum (sd=  0): max value of div(mf) (cv=15644) = 9.972607e-07
	norm_L2 of div(momentum) = 7.153874e-06.
nsd = 0 min_dtHy = 0.000785814 (nCV =	16072 ) max_dtHy = 0.00543671 (nCV =	15971 ) 
+----+----+--------------+--------------+--------------+--------------+--------------+------+----+-+-+--+------+
|Name|view| Initial res  | Initial resL1| Target res   | Final res    | Final res L1 |Visits|Iter|R|F|CL|Status|
|CHT |   0|  2.592535e-08|  3.075886e-03|  1.620335e-12|  2.682224e-15|  7.571845e-07|     1|   9|0|n|30|  OK  |
slv : Fluid subdom(new) 0
slv : P static (new)                 : min(  16073) = 100647.28495791      , max(  16075) = 102837.85059144      
slv : Density (new)                  : min(  16073) = 1.1948150197946      , max(  16075) = 1.2218830694886      
slv : Velocity (new)                 : min(  17625) = 0.71483376411084     , max(  16072) = 41.213331749627      
slv : Mach number (new)              : min(  17625) = 0.002081467414636    , max(  16072) = 0.12017735113969     
slv : Temperature (new)              : min(  16072) = 292.80340090892      , max(  17625) = 293.64517607256      
slv : Total enthalpy, Y-shifted (new): min(  17665) = 448.32103518988      , max(  15590) = 450.09869362591      
slv : MASS FLUXES AT OPENINGS: MF=-100.32, AP=100.32
slv : DvGr statistics: min alpha=0.160547(nfa=50651, geom_slice=0)
slv : +----------------------------------+------------+-------+------------+------------+
slv : |          Collector name          | Total Time | Count |  Avg Time  |  Max Time  |
slv : +----------------------------------+------------+-------+------------+------------+
slv : | Calculate_inc                    |      10.450|     39|       0.268|       0.492|
slv : | CollectEMT_Results               |       0.000|     40|       0.000|       0.000|
slv : | HeatPathCalculator_Dynamic       |       0.021|      1|       0.021|       0.021|
slv : | LiSy_make_portrait               |       0.363|    137|       0.003|       0.007|
slv : | Results_processing               |       2.250|     39|       0.058|       0.081|
slv : | build_sl_ordering_CHT            |       0.032|     40|       0.001|       0.005|
slv : | build_sl_ordering_MDS            |       0.073|     40|       0.002|       0.011|
slv : | build_sl_ordering_fluid          |       0.070|     40|       0.002|       0.011|
slv : | calc_Convolutions_MDS            |       0.678|     40|       0.017|       0.031|
slv : | calc_wall_dist                   |       0.569|      1|       0.569|       0.569|
slv : | create_Gr_operators_MDS          |       0.394|     40|       0.010|       0.014|
slv : | create_Gr_operators_portrait_MDS |       0.274|     40|       0.007|       0.010|
slv : | init_Hy_group_MDS                |       0.496|     40|       0.012|       0.016|
slv : | perform_stage_total              |       8.164|   1088|       0.008|       0.570|
slv : | precalc_at_start_MDS             |       0.506|      2|       0.253|       0.477|
slv : | solve_3M_MDS                     |       1.125|     40|       0.028|       0.046|
slv : | solve_3M_alg_MDS                 |       0.219|     40|       0.005|       0.008|
slv : | solve_BG_MDS                     |       1.279|     40|       0.032|       0.065|
slv : | solve_BG_alg_MDS                 |       0.674|     40|       0.017|       0.029|
slv : | solve_BL_MDS                     |       0.262|     40|       0.007|       0.026|
slv : | solve_CHT                        |       0.917|     40|       0.023|       0.036|
slv : | solve_CHT_MDS                    |       0.665|     40|       0.017|       0.023|
slv : | solve_CHT_alg_MDS                |       0.198|     40|       0.005|       0.010|
slv : | solve_DvGr_MDS                   |       2.041|     40|       0.051|       0.102|
slv : | solve_DvGr_alg_MDS               |       0.773|     40|       0.019|       0.064|
slv : | solve_INPR_MDS                   |       0.000|      1|       0.000|       0.000|
slv : | solve_PS+QJ                      |       0.000|      0|       0.000|       0.000|
slv : | solve_YLMA_MDS                   |       0.002|     40|       0.000|       0.000|
slv : | solve_YNOx_MDS                   |       0.000|     40|       0.000|       0.000|
slv : | solve_YTd_MDS                    |       0.002|     40|       0.000|       0.000|
slv : | solve_YTurb_MDS                  |       0.002|     40|       0.000|       0.000|
slv : | update_BC_MDS                    |       0.000|     41|       0.000|       0.000|
slv : | update_Mf_after_DvGr             |       0.247|     40|       0.006|       0.009|
slv : | update_VelPressure_MDS           |       0.061|     40|       0.002|       0.006|
slv : +----------------------------------+------------+-------+------------+------------+
Interpolator cache: total calls 2371, optimised calls 871 (36.7 %)
-----------------------------------------------------------------------
Memory Working Set Current = 308.22 Mb, Memory Working Set Peak = 308.72 Mb
Memory Private Bytes Current = 337.09 Mb, Memory Private Bytes Peak = 343.04 Mb
Process Threads Number: 35
-----------------------------------------------------------------------
Iteration : time = 1.57798 , count = 5 , time/count = 0.315595
Calculate_inc() : time = 1.29657 , count = 5 , time/count = 0.259313
TreatFlowEvolution() : time = 0.266404 , count = 5 , time/count = 0.0532808
SolverPreview : time = 0 , count = 5 , time/count = 0
TreatGoals : time = 0.266404 , count = 5 , time/count = 0.0532808
Algebra Pool      : mem_usage = 176.56 Mb, allocated count = 1348

================== Tstep=40 ===================
<Dynamic P> on nsd = 0 {openings (inlet / outlet)}:
  (SP = Static Pressure, EP = Environment Pressure, TP = Total Pressure, E = External)
  {#0, E, (0.000000e+00 / 5.428107e+02)}
  {#1, E, (5.427460e+02 / 0.000000e+00)}
  {#2, E, (1.343968e-14 / 5.427032e+02)}
  {#3, E, (1.698984e-14 / 5.427032e+02)}
  {#4, E, (2.649630e-03 / 5.437878e+02)}
  {#5, E, (2.202901e-14 / 5.427032e+02)}
  MWS[  0]=1.4515
tau_viscous_averaged = 9031.83 
dt(mass,momentum; nsd=  0): min dt/dtG(ncv=  16072)=1.00 , max dt/dtG(ncv=  15971)=7.2    , dtG=0.00114227
Flow alg-view 0 in phys-view 0 isn't Neumann (not Multi Phase treating)
Face Momentum (sd=  0): max value of div(mf) (cv=15664) = 4.430092e-06
Flow alg-view 0 is not Neumann (not for Phase Change + Nested Iters)
+----+----+--------------+--------------+--------------+--------------+--------------+------+----+-+-+--+------+
|Name|view| Initial res  | Initial resL1| Target res   | Final res    | Final res L1 |Visits|Iter|R|F|CL|Status|
| BG |   0|  7.224619e-11|  2.642702e-04|  6.218822e-13|  1.976695e-13|  2.604810e-05|     5|  15|0|n|30|  OK  |
log10(resTarget_Lim / resTarget_Orig): 2.1 
Face Momentum (sd=  0): max value of div(mf) (cv=16020) = 1.192679e-07
	norm_L2 of div(momentum) = 4.446004e-07.
Flow alg-view 0 in phys-view 0 isn't Neumann (not Multi Phase treating)
LOG: number of a-faces with weighted approximations in 0 subdomain: 3.7043 percent
LOG: Rate of a-faces corrected to CUp1st in 0 subdomain: 0.0412815 %
slv : SolveBL stage
|nsd|Real WF|NormalF|Cycle F|CriticF| EdgeF |CyclBrF|ExtParF|RWFnumSt|StLvlNum|  nfw  |  alp_U_min  |  nfw  |  alp_U_max  |  nfw  |  alp_T_min  |  nfw  |  alp_T_max  |  nfw  |  BL_s_min   |  nfw  |   BL_s_max  |
|  0|    786|    611|      0|      0|    175|      0|      0|     786|      20|   3387|0.00304607   |   4147|10.7885      |   3634|0            |   3810|6961.26      |   3841|-130.381     |   3634|0            |
Face Momentum (sd=  0): max value of div(mf) (cv=16020) = 1.192679e-07
	norm_L2 of div(momentum) = 4.446004e-07.
nsd = 0 BC: AP Inlet occurs on 3641 w-faces
+----+----+----+--------------+--------------+--------------+--------------+--------------+------+----+-+-+--+------+
|Name|view| n_y| Initial res  | Initial resL1| Target res   | Final res    | Final res L1 |Visits|Iter|R|F|CL|Status|
+----+----+----+--------------+--------------+--------------+--------------+--------------+------+----+-+-+--+------+
| 3M |   0|   0|  3.118116e-04|  6.255174e-01|  5.846468e-08|  9.895564e-10|  4.436272e-04|     1|   3|0|n|29|  OK  |
Velocity (predicted):
        (local) sd   0: min(  17665)=0.75181913757219     , max(  16072)=41.088716495938      
Flow alg-view 0 is not Neumann (not for Phase Change + Nested Iters)
+----+----+--------------+--------------+--------------+--------------+--------------+------+----+-+-+--+------+
|Name|view| Initial res  | Initial resL1| Target res   | Final res    | Final res L1 |Visits|Iter|R|F|CL|Status|
|DVGR|   0|  1.178665e-06|  3.169043e-02|  7.366655e-11|  2.642649e-11|  1.968158e-04|     3|   9|0|n|30|  OK  |
PRESSURE SOLVER(geom_index=  0): sum_C_dp=-2.64353e-11
Face Momentum (sd=  0): max value of div(mf) (cv=15633) = 6.230890e-07
	norm_L2 of div(momentum) = 5.140672e-06.
nsd = 0 min_dtHy = 0.00114227 (nCV =	16072 ) max_dtHy = 0.00817333 (nCV =	15971 ) 
+----+----+--------------+--------------+--------------+--------------+--------------+------+----+-+-+--+------+
|Name|view| Initial res  | Initial resL1| Target res   | Final res    | Final res L1 |Visits|Iter|R|F|CL|Status|
|CHT |   0|  2.673841e-08|  3.219381e-03|  1.671151e-12|  1.703015e-14|  1.834407e-06|     1|   9|0|n|30|  OK  |
slv : Fluid subdom(new) 0
slv : P static (new)                 : min(  16073) = 100646.72783017      , max(  16075) = 102837.7076264       
slv : Density (new)                  : min(  16073) = 1.1948064058677      , max(  16075) = 1.2218851606023      
slv : Velocity (new)                 : min(  17625) = 0.7026600944459      , max(  16072) = 41.114520738828      
slv : Mach number (new)              : min(  17625) = 0.0020460200042604   , max(  16072) = 0.11988839733795     
slv : Temperature (new)              : min(  16072) = 292.80743876558      , max(  17625) = 293.64513937799      
slv : Total enthalpy, Y-shifted (new): min(  17665) = 448.28021680336      , max(  15590) = 450.0989791134       
slv : MASS FLUXES AT OPENINGS: MF=-100.32, AP=100.32
slv : DvGr statistics: min alpha=0.154779(nfa=44835, geom_slice=0)
slv : +----------------------------------+------------+-------+------------+------------+
slv : |          Collector name          | Total Time | Count |  Avg Time  |  Max Time  |
slv : +----------------------------------+------------+-------+------------+------------+
slv : | Calculate_inc                    |      10.718|     40|       0.268|       0.492|
slv : | CollectEMT_Results               |       0.000|     41|       0.000|       0.000|
slv : | HeatPathCalculator_Dynamic       |       0.021|      1|       0.021|       0.021|
slv : | LiSy_make_portrait               |       0.373|    140|       0.003|       0.007|
slv : | Results_processing               |       2.308|     40|       0.058|       0.081|
slv : | build_sl_ordering_CHT            |       0.032|     41|       0.001|       0.005|
slv : | build_sl_ordering_MDS            |       0.073|     41|       0.002|       0.011|
slv : | build_sl_ordering_fluid          |       0.071|     41|       0.002|       0.011|
slv : | calc_Convolutions_MDS            |       0.694|     41|       0.017|       0.031|
slv : | calc_wall_dist                   |       0.569|      1|       0.569|       0.569|
slv : | create_Gr_operators_MDS          |       0.402|     41|       0.010|       0.014|
slv : | create_Gr_operators_portrait_MDS |       0.280|     41|       0.007|       0.010|
slv : | init_Hy_group_MDS                |       0.509|     41|       0.012|       0.016|
slv : | perform_stage_total              |       8.350|   1115|       0.007|       0.570|
slv : | precalc_at_start_MDS             |       0.506|      2|       0.253|       0.477|
slv : | solve_3M_MDS                     |       1.155|     41|       0.028|       0.046|
slv : | solve_3M_alg_MDS                 |       0.224|     41|       0.005|       0.008|
slv : | solve_BG_MDS                     |       1.315|     41|       0.032|       0.065|
slv : | solve_BG_alg_MDS                 |       0.691|     41|       0.017|       0.029|
slv : | solve_BL_MDS                     |       0.270|     41|       0.007|       0.026|
slv : | solve_CHT                        |       0.944|     41|       0.023|       0.036|
slv : | solve_CHT_MDS                    |       0.684|     41|       0.017|       0.023|
slv : | solve_CHT_alg_MDS                |       0.203|     41|       0.005|       0.010|
slv : | solve_DvGr_MDS                   |       2.089|     41|       0.051|       0.102|
slv : | solve_DvGr_alg_MDS               |       0.789|     41|       0.019|       0.064|
slv : | solve_INPR_MDS                   |       0.000|      1|       0.000|       0.000|
slv : | solve_PS+QJ                      |       0.000|      0|       0.000|       0.000|
slv : | solve_YLMA_MDS                   |       0.002|     41|       0.000|       0.000|
slv : | solve_YNOx_MDS                   |       0.000|     41|       0.000|       0.000|
slv : | solve_YTd_MDS                    |       0.002|     41|       0.000|       0.000|
slv : | solve_YTurb_MDS                  |       0.002|     41|       0.000|       0.000|
slv : | update_BC_MDS                    |       0.000|     42|       0.000|       0.000|
slv : | update_Mf_after_DvGr             |       0.254|     41|       0.006|       0.009|
slv : | update_VelPressure_MDS           |       0.062|     41|       0.002|       0.006|
slv : +----------------------------------+------------+-------+------------+------------+
-----------------------------------------------------------------------
Memory Working Set Current = 306.79 Mb, Memory Working Set Peak = 308.72 Mb
Memory Private Bytes Current = 336.40 Mb, Memory Private Bytes Peak = 343.04 Mb
Process Threads Number: 35
-----------------------------------------------------------------------
Algebra Pool      : mem_usage = 176.56 Mb, allocated count = 1345

================== Tstep=41 ===================
<Dynamic P> on nsd = 0 {openings (inlet / outlet)}:
  (SP = Static Pressure, EP = Environment Pressure, TP = Total Pressure, E = External)
  {#0, E, (0.000000e+00 / 5.428109e+02)}
  {#1, E, (5.427459e+02 / 0.000000e+00)}
  {#2, E, (1.502209e-14 / 5.427032e+02)}
  {#3, E, (1.815914e-14 / 5.427032e+02)}
  {#4, E, (2.681038e-03 / 5.434359e+02)}
  {#5, E, (2.582246e-14 / 5.427032e+02)}
  MWS[  0]=1.44802
tau_viscous_averaged = 9031.83 
dt(mass,momentum; nsd=  0): min dt/dtG(ncv=  16072)=1.00 , max dt/dtG(ncv=  15971)=7.0    , dtG=0.0011508
Flow alg-view 0 in phys-view 0 isn't Neumann (not Multi Phase treating)
Face Momentum (sd=  0): max value of div(mf) (cv=15633) = 6.230890e-07
Flow alg-view 0 is not Neumann (not for Phase Change + Nested Iters)
+----+----+--------------+--------------+--------------+--------------+--------------+------+----+-+-+--+------+
|Name|view| Initial res  | Initial resL1| Target res   | Final res    | Final res L1 |Visits|Iter|R|F|CL|Status|
| BG |   0|  2.651698e-11|  1.974074e-04|  7.366655e-13|  1.717185e-13|  2.677246e-05|     4|  12|0|n|30|  OK  |
log10(resTarget_Lim / resTarget_Orig): 2.6 
Face Momentum (sd=  0): max value of div(mf) (cv=15381) = 4.034230e-08
	norm_L2 of div(momentum) = 4.143893e-07.
Flow alg-view 0 in phys-view 0 isn't Neumann (not Multi Phase treating)
LOG: number of a-faces with weighted approximations in 0 subdomain: 3.70549 percent
LOG: Rate of a-faces corrected to CUp1st in 0 subdomain: 0.0447294 %
slv : SolveBL stage
|nsd|Real WF|NormalF|Cycle F|CriticF| EdgeF |CyclBrF|ExtParF|RWFnumSt|StLvlNum|  nfw  |  alp_U_min  |  nfw  |  alp_U_max  |  nfw  |  alp_T_min  |  nfw  |  alp_T_max  |  nfw  |  BL_s_min   |  nfw  |   BL_s_max  |
|  0|    786|    612|      0|      0|    174|      0|      0|     786|      20|   3387|0.00281512   |   4147|10.1035      |   3634|0            |   3754|19033.8      |   3841|-130.345     |   3634|0            |
Face Momentum (sd=  0): max value of div(mf) (cv=15381) = 4.034230e-08
	norm_L2 of div(momentum) = 4.143893e-07.
nsd = 0 BC: AP Inlet occurs on 3562 w-faces
+----+----+----+--------------+--------------+--------------+--------------+--------------+------+----+-+-+--+------+
|Name|view| n_y| Initial res  | Initial resL1| Target res   | Final res    | Final res L1 |Visits|Iter|R|F|CL|Status|
+----+----+----+--------------+--------------+--------------+--------------+--------------+------+----+-+-+--+------+
| 3M |   0|   0|  3.480550e-04|  6.293132e-01|  6.526032e-08|  1.106355e-09|  4.598758e-04|     1|   3|0|n|29|  OK  |
Velocity (predicted):
        (local) sd   0: min(  17625)=0.66520134823763     , max(  16072)=41.20249828029       
Flow alg-view 0 is not Neumann (not for Phase Change + Nested Iters)
+----+----+--------------+--------------+--------------+--------------+--------------+------+----+-+-+--+------+
|Name|view| Initial res  | Initial resL1| Target res   | Final res    | Final res L1 |Visits|Iter|R|F|CL|Status|
|DVGR|   0|  1.247578e-06|  3.093145e-02|  7.797362e-11|  4.135953e-11|  1.907830e-04|     3|   9|0|n|30|  OK  |
PRESSURE SOLVER(geom_index=  0): sum_C_dp=8.68195e-11
Face Momentum (sd=  0): max value of div(mf) (cv=15357) = 1.528602e-06
	norm_L2 of div(momentum) = 6.431140e-06.
nsd = 0 min_dtHy = 0.0011508 (nCV =	16072 ) max_dtHy = 0.00803545 (nCV =	15971 ) 
+----+----+--------------+--------------+--------------+--------------+--------------+------+----+-+-+--+------+
|Name|view| Initial res  | Initial resL1| Target res   | Final res    | Final res L1 |Visits|Iter|R|F|CL|Status|
|CHT |   0|  2.833919e-08|  3.337519e-03|  1.771199e-12|  2.419180e-14|  2.357742e-06|     1|   9|0|n|30|  OK  |
slv : Fluid subdom(new) 0
slv : P static (new)                 : min(  16073) = 100647.24815094      , max(  16075) = 102837.972025        
slv : Density (new)                  : min(  16073) = 1.1948158748217      , max(  16075) = 1.2218844964679      
slv : Velocity (new)                 : min(  17665) = 0.7086033021267      , max(  16072) = 41.233477022206      
slv : Mach number (new)              : min(  17665) = 0.0020633258814995   , max(  16072) = 0.12023626291284     
slv : Temperature (new)              : min(  16072) = 292.80257616802      , max(  17625) = 293.64510195066      
slv : Total enthalpy, Y-shifted (new): min(  17665) = 448.25719126697      , max(  15590) = 450.09858742393      
slv : MASS FLUXES AT OPENINGS: MF=-100.32, AP=100.32
slv : DvGr statistics: min alpha=0.160522(nfa=50651, geom_slice=0)
slv : +----------------------------------+------------+-------+------------+------------+
slv : |          Collector name          | Total Time | Count |  Avg Time  |  Max Time  |
slv : +----------------------------------+------------+-------+------------+------------+
slv : | Calculate_inc                    |      10.993|     41|       0.268|       0.492|
slv : | CollectEMT_Results               |       0.000|     42|       0.000|       0.000|
slv : | HeatPathCalculator_Dynamic       |       0.021|      1|       0.021|       0.021|
slv : | LiSy_make_portrait               |       0.381|    143|       0.003|       0.007|
slv : | Results_processing               |       2.354|     41|       0.057|       0.081|
slv : | build_sl_ordering_CHT            |       0.032|     42|       0.001|       0.005|
slv : | build_sl_ordering_MDS            |       0.073|     42|       0.002|       0.011|
slv : | build_sl_ordering_fluid          |       0.071|     42|       0.002|       0.011|
slv : | calc_Convolutions_MDS            |       0.710|     42|       0.017|       0.031|
slv : | calc_wall_dist                   |       0.569|      1|       0.569|       0.569|
slv : | create_Gr_operators_MDS          |       0.411|     42|       0.010|       0.014|
slv : | create_Gr_operators_portrait_MDS |       0.286|     42|       0.007|       0.010|
slv : | init_Hy_group_MDS                |       0.521|     42|       0.012|       0.016|
slv : | perform_stage_total              |       8.524|   1142|       0.007|       0.570|
slv : | precalc_at_start_MDS             |       0.506|      2|       0.253|       0.477|
slv : | solve_3M_MDS                     |       1.185|     42|       0.028|       0.046|
slv : | solve_3M_alg_MDS                 |       0.229|     42|       0.005|       0.008|
slv : | solve_BG_MDS                     |       1.344|     42|       0.032|       0.065|
slv : | solve_BG_alg_MDS                 |       0.703|     42|       0.017|       0.029|
slv : | solve_BL_MDS                     |       0.275|     42|       0.007|       0.026|
slv : | solve_CHT                        |       0.969|     42|       0.023|       0.036|
slv : | solve_CHT_MDS                    |       0.702|     42|       0.017|       0.023|
slv : | solve_CHT_alg_MDS                |       0.208|     42|       0.005|       0.010|
slv : | solve_DvGr_MDS                   |       2.137|     42|       0.051|       0.102|
slv : | solve_DvGr_alg_MDS               |       0.805|     42|       0.019|       0.064|
slv : | solve_INPR_MDS                   |       0.000|      1|       0.000|       0.000|
slv : | solve_PS+QJ                      |       0.000|      0|       0.000|       0.000|
slv : | solve_YLMA_MDS                   |       0.002|     42|       0.000|       0.000|
slv : | solve_YNOx_MDS                   |       0.000|     42|       0.000|       0.000|
slv : | solve_YTd_MDS                    |       0.002|     42|       0.000|       0.000|
slv : | solve_YTurb_MDS                  |       0.002|     42|       0.000|       0.000|
slv : | update_BC_MDS                    |       0.000|     43|       0.000|       0.000|
slv : | update_Mf_after_DvGr             |       0.259|     42|       0.006|       0.009|
slv : | update_VelPressure_MDS           |       0.063|     42|       0.002|       0.006|
slv : +----------------------------------+------------+-------+------------+------------+
-----------------------------------------------------------------------
Memory Working Set Current = 309.61 Mb, Memory Working Set Peak = 309.61 Mb
Memory Private Bytes Current = 337.11 Mb, Memory Private Bytes Peak = 343.04 Mb
Process Threads Number: 35
-----------------------------------------------------------------------
Algebra Pool      : mem_usage = 176.56 Mb, allocated count = 1345

================== Tstep=42 ===================
<Dynamic P> on nsd = 0 {openings (inlet / outlet)}:
  (SP = Static Pressure, EP = Environment Pressure, TP = Total Pressure, E = External)
  {#0, E, (0.000000e+00 / 5.428108e+02)}
  {#1, E, (5.427458e+02 / 0.000000e+00)}
  {#2, E, (1.698924e-14 / 5.427032e+02)}
  {#3, E, (1.935762e-14 / 5.427032e+02)}
  {#4, E, (2.737629e-03 / 5.431056e+02)}
  {#5, E, (2.196090e-14 / 5.427032e+02)}
  MWS[  0]=1.45222
tau_viscous_averaged = 9031.83 
dt(mass,momentum; nsd=  0): min dt/dtG(ncv=  16072)=1.00 , max dt/dtG(ncv=  15971)=7.2    , dtG=0.00114223
Flow alg-view 0 in phys-view 0 isn't Neumann (not Multi Phase treating)
Face Momentum (sd=  0): max value of div(mf) (cv=15357) = 1.528602e-06
Flow alg-view 0 is not Neumann (not for Phase Change + Nested Iters)
+----+----+--------------+--------------+--------------+--------------+--------------+------+----+-+-+--+------+
|Name|view| Initial res  | Initial resL1| Target res   | Final res    | Final res L1 |Visits|Iter|R|F|CL|Status|
| BG |   0|  4.185829e-11|  1.921871e-04|  7.797362e-13|  2.288814e-13|  2.471960e-05|     4|  12|0|n|30|  OK  |
log10(resTarget_Lim / resTarget_Orig): 2.5 
Face Momentum (sd=  0): max value of div(mf) (cv=16020) = 1.214695e-07
	norm_L2 of div(momentum) = 4.784155e-07.
Flow alg-view 0 in phys-view 0 isn't Neumann (not Multi Phase treating)
LOG: number of a-faces with weighted approximations in 0 subdomain: 3.64057 percent
LOG: Rate of a-faces corrected to CUp1st in 0 subdomain: 0.0400414 %
slv : SolveBL stage
|nsd|Real WF|NormalF|Cycle F|CriticF| EdgeF |CyclBrF|ExtParF|RWFnumSt|StLvlNum|  nfw  |  alp_U_min  |  nfw  |  alp_U_max  |  nfw  |  alp_T_min  |  nfw  |  alp_T_max  |  nfw  |  BL_s_min   |  nfw  |   BL_s_max  |
|  0|    786|    611|      0|      0|    175|      0|      0|     786|      20|   3387|0.00264354   |   4147|10.3482      |   3634|0            |   3810|7595.23      |   3841|-130.397     |   3634|0            |
Face Momentum (sd=  0): max value of div(mf) (cv=16020) = 1.214695e-07
	norm_L2 of div(momentum) = 4.784155e-07.
nsd = 0 BC: AP Inlet occurs on 3600 w-faces
+----+----+----+--------------+--------------+--------------+--------------+--------------+------+----+-+-+--+------+
|Name|view| n_y| Initial res  | Initial resL1| Target res   | Final res    | Final res L1 |Visits|Iter|R|F|CL|Status|
+----+----+----+--------------+--------------+--------------+--------------+--------------+------+----+-+-+--+------+
| 3M |   0|   0|  3.255246e-04|  6.337038e-01|  6.103586e-08|  1.024756e-09|  4.483578e-04|     1|   3|0|n|29|  OK  |
Velocity (predicted):
        (local) sd   0: min(  17665)=0.73135277351048     , max(  16072)=41.081184254298      
Flow alg-view 0 is not Neumann (not for Phase Change + Nested Iters)
+----+----+--------------+--------------+--------------+--------------+--------------+------+----+-+-+--+------+
|Name|view| Initial res  | Initial resL1| Target res   | Final res    | Final res L1 |Visits|Iter|R|F|CL|Status|
|DVGR|   0|  1.191914e-06|  3.126646e-02|  7.449463e-11|  1.965499e-11|  1.676931e-04|     3|   9|0|n|30|  OK  |
PRESSURE SOLVER(geom_index=  0): sum_C_dp=7.85754e-11
Face Momentum (sd=  0): max value of div(mf) (cv=15357) = 6.818173e-07
	norm_L2 of div(momentum) = 4.433396e-06.
nsd = 0 min_dtHy = 0.00114223 (nCV =	16072 ) max_dtHy = 0.00819657 (nCV =	15971 ) 
+----+----+--------------+--------------+--------------+--------------+--------------+------+----+-+-+--+------+
|Name|view| Initial res  | Initial resL1| Target res   | Final res    | Final res L1 |Visits|Iter|R|F|CL|Status|
|CHT |   0|  2.687909e-08|  3.280587e-03|  1.679943e-12|  2.627784e-14|  2.372489e-06|     1|   9|0|n|30|  OK  |
slv : Fluid subdom(new) 0
slv : P static (new)                 : min(  16073) = 100646.52536205      , max(  16075) = 102837.81585506      
slv : Density (new)                  : min(  16073) = 1.1948037433559      , max(  16075) = 1.2218867590153      
slv : Velocity (new)                 : min(  17625) = 0.7010718265266      , max(  16072) = 41.107667505087      
slv : Mach number (new)              : min(  17625) = 0.002041395422179    , max(  16072) = 0.11986835659521     
slv : Temperature (new)              : min(  16072) = 292.80771845422      , max(  17625) = 293.64509055997      
slv : Total enthalpy, Y-shifted (new): min(  17665) = 448.23421392557      , max(  15590) = 450.0985725268       
slv : MASS FLUXES AT OPENINGS: MF=-100.32, AP=100.32
slv : DvGr statistics: min alpha=0.160571(nfa=50651, geom_slice=0)
slv : +----------------------------------+------------+-------+------------+------------+
slv : |          Collector name          | Total Time | Count |  Avg Time  |  Max Time  |
slv : +----------------------------------+------------+-------+------------+------------+
slv : | Calculate_inc                    |      11.254|     42|       0.268|       0.492|
slv : | CollectEMT_Results               |       0.000|     43|       0.000|       0.000|
slv : | HeatPathCalculator_Dynamic       |       0.021|      1|       0.021|       0.021|
slv : | LiSy_make_portrait               |       0.389|    146|       0.003|       0.007|
slv : | Results_processing               |       2.414|     42|       0.057|       0.081|
slv : | build_sl_ordering_CHT            |       0.032|     43|       0.001|       0.005|
slv : | build_sl_ordering_MDS            |       0.074|     43|       0.002|       0.011|
slv : | build_sl_ordering_fluid          |       0.072|     43|       0.002|       0.011|
slv : | calc_Convolutions_MDS            |       0.725|     43|       0.017|       0.031|
slv : | calc_wall_dist                   |       0.569|      1|       0.569|       0.569|
slv : | create_Gr_operators_MDS          |       0.421|     43|       0.010|       0.014|
slv : | create_Gr_operators_portrait_MDS |       0.293|     43|       0.007|       0.010|
slv : | init_Hy_group_MDS                |       0.536|     43|       0.012|       0.016|
slv : | perform_stage_total              |       8.743|   1169|       0.007|       0.570|
slv : | precalc_at_start_MDS             |       0.506|      2|       0.253|       0.477|
slv : | solve_3M_MDS                     |       1.219|     43|       0.028|       0.046|
slv : | solve_3M_alg_MDS                 |       0.240|     43|       0.006|       0.011|
slv : | solve_BG_MDS                     |       1.380|     43|       0.032|       0.065|
slv : | solve_BG_alg_MDS                 |       0.723|     43|       0.017|       0.029|
slv : | solve_BL_MDS                     |       0.282|     43|       0.007|       0.026|
slv : | solve_CHT                        |       0.993|     43|       0.023|       0.036|
slv : | solve_CHT_MDS                    |       0.721|     43|       0.017|       0.023|
slv : | solve_CHT_alg_MDS                |       0.213|     43|       0.005|       0.010|
slv : | solve_DvGr_MDS                   |       2.187|     43|       0.051|       0.102|
slv : | solve_DvGr_alg_MDS               |       0.822|     43|       0.019|       0.064|
slv : | solve_INPR_MDS                   |       0.000|      1|       0.000|       0.000|
slv : | solve_PS+QJ                      |       0.000|      0|       0.000|       0.000|
slv : | solve_YLMA_MDS                   |       0.002|     43|       0.000|       0.000|
slv : | solve_YNOx_MDS                   |       0.000|     43|       0.000|       0.000|
slv : | solve_YTd_MDS                    |       0.002|     43|       0.000|       0.000|
slv : | solve_YTurb_MDS                  |       0.002|     43|       0.000|       0.000|
slv : | update_BC_MDS                    |       0.000|     44|       0.000|       0.000|
slv : | update_Mf_after_DvGr             |       0.264|     43|       0.006|       0.009|
slv : | update_VelPressure_MDS           |       0.064|     43|       0.001|       0.006|
slv : +----------------------------------+------------+-------+------------+------------+
-----------------------------------------------------------------------
Memory Working Set Current = 306.87 Mb, Memory Working Set Peak = 309.61 Mb
Memory Private Bytes Current = 335.59 Mb, Memory Private Bytes Peak = 343.04 Mb
Process Threads Number: 35
-----------------------------------------------------------------------
Algebra Pool      : mem_usage = 176.56 Mb, allocated count = 1336

================== Tstep=43 ===================
<Dynamic P> on nsd = 0 {openings (inlet / outlet)}:
  (SP = Static Pressure, EP = Environment Pressure, TP = Total Pressure, E = External)
  {#0, E, (0.000000e+00 / 5.428105e+02)}
  {#1, E, (5.427457e+02 / 0.000000e+00)}
  {#2, E, (1.755045e-14 / 5.427032e+02)}
  {#3, E, (1.976883e-14 / 5.427032e+02)}
  {#4, E, (2.704267e-03 / 5.431114e+02)}
  {#5, E, (1.622957e-14 / 5.427032e+02)}
  MWS[  0]=1.44778
tau_viscous_averaged = 9031.83 
dt(mass,momentum; nsd=  0): min dt/dtG(ncv=  16072)=1.00 , max dt/dtG(ncv=  15971)=7.0    , dtG=0.00115175
Flow alg-view 0 in phys-view 0 isn't Neumann (not Multi Phase treating)
Face Momentum (sd=  0): max value of div(mf) (cv=14962) = 1.311026e-06
Flow alg-view 0 is not Neumann (not for Phase Change + Nested Iters)
+----+----+--------------+--------------+--------------+--------------+--------------+------+----+-+-+--+------+
|Name|view| Initial res  | Initial resL1| Target res   | Final res    | Final res L1 |Visits|Iter|R|F|CL|Status|
| BG |   0|  2.398268e-11|  1.722560e-04|  7.449463e-13|  6.264670e-13|  4.486639e-05|     3|   9|0|n|30|  OK  |
log10(resTarget_Lim / resTarget_Orig): 2.7 
Face Momentum (sd=  0): max value of div(mf) (cv=16020) = 1.556129e-07
	norm_L2 of div(momentum) = 7.914967e-07.
Flow alg-view 0 in phys-view 0 isn't Neumann (not Multi Phase treating)
LOG: number of a-faces with weighted approximations in 0 subdomain: 3.62806 percent
LOG: Rate of a-faces corrected to CUp1st in 0 subdomain: 0.0439369 %
slv : SolveBL stage
|nsd|Real WF|NormalF|Cycle F|CriticF| EdgeF |CyclBrF|ExtParF|RWFnumSt|StLvlNum|  nfw  |  alp_U_min  |  nfw  |  alp_U_max  |  nfw  |  alp_T_min  |  nfw  |  alp_T_max  |  nfw  |  BL_s_min   |  nfw  |   BL_s_max  |
|  0|    786|    610|      0|      0|    176|      0|      0|     786|      20|   3387|0.00238009   |   4147|9.70471      |   3634|0            |   3754|19013.7      |   3841|-130.312     |   3634|0            |
Face Momentum (sd=  0): max value of div(mf) (cv=16020) = 1.556129e-07
	norm_L2 of div(momentum) = 7.914967e-07.
nsd = 0 BC: AP Inlet occurs on 3600 w-faces
+----+----+----+--------------+--------------+--------------+--------------+--------------+------+----+-+-+--+------+
|Name|view| n_y| Initial res  | Initial resL1| Target res   | Final res    | Final res L1 |Visits|Iter|R|F|CL|Status|
+----+----+----+--------------+--------------+--------------+--------------+--------------+------+----+-+-+--+------+
| 3M |   0|   0|  3.046824e-04|  6.115438e-01|  5.712794e-08|  1.135221e-09|  4.689459e-04|     1|   3|0|n|29|  OK  |
Velocity (predicted):
        (local) sd   0: min(  17625)=0.65169756462733     , max(  16072)=41.212738574639      
Flow alg-view 0 is not Neumann (not for Phase Change + Nested Iters)
+----+----+--------------+--------------+--------------+--------------+--------------+------+----+-+-+--+------+
|Name|view| Initial res  | Initial resL1| Target res   | Final res    | Final res L1 |Visits|Iter|R|F|CL|Status|
|DVGR|   0|  1.108536e-06|  3.115708e-02|  6.928348e-11|  2.031400e-11|  1.701172e-04|     3|   9|0|n|30|  OK  |
PRESSURE SOLVER(geom_index=  0): sum_C_dp=9.53937e-11
Face Momentum (sd=  0): max value of div(mf) (cv=15357) = 6.814885e-07
	norm_L2 of div(momentum) = 4.507107e-06.
nsd = 0 min_dtHy = 0.00115175 (nCV =	16072 ) max_dtHy = 0.00807625 (nCV =	15971 ) 
+----+----+--------------+--------------+--------------+--------------+--------------+------+----+-+-+--+------+
|Name|view| Initial res  | Initial resL1| Target res   | Final res    | Final res L1 |Visits|Iter|R|F|CL|Status|
|CHT |   0|  2.255876e-08|  3.133315e-03|  1.409923e-12|  2.738386e-14|  2.393426e-06|     1|   9|0|n|30|  OK  |
slv : Fluid subdom(new) 0
slv : P static (new)                 : min(  16073) = 100647.15865805      , max(  16075) = 102838.13569604      
slv : Density (new)                  : min(  16073) = 1.1948135370333      , max(  16075) = 1.2218864303283      
slv : Velocity (new)                 : min(  17665) = 0.71086886587708     , max(  16072) = 41.234621498272      
slv : Mach number (new)              : min(  17665) = 0.0020699229074302   , max(  16072) = 0.12023960977587     
slv : Temperature (new)              : min(  16072) = 292.80252925195      , max(  17625) = 293.64507334957      
slv : Total enthalpy, Y-shifted (new): min(  17665) = 448.22719128238      , max(  15590) = 450.09703080892      
slv : MASS FLUXES AT OPENINGS: MF=-100.32, AP=100.32
slv : DvGr statistics: min alpha=0.155222(nfa=44835, geom_slice=0)
slv : +----------------------------------+------------+-------+------------+------------+
slv : |          Collector name          | Total Time | Count |  Avg Time  |  Max Time  |
slv : +----------------------------------+------------+-------+------------+------------+
slv : | Calculate_inc                    |      11.553|     43|       0.269|       0.492|
slv : | CollectEMT_Results               |       0.000|     44|       0.000|       0.000|
slv : | HeatPathCalculator_Dynamic       |       0.021|      1|       0.021|       0.021|
slv : | LiSy_make_portrait               |       0.396|    149|       0.003|       0.007|
slv : | Results_processing               |       2.450|     43|       0.057|       0.081|
slv : | build_sl_ordering_CHT            |       0.032|     44|       0.001|       0.005|
slv : | build_sl_ordering_MDS            |       0.074|     44|       0.002|       0.011|
slv : | build_sl_ordering_fluid          |       0.072|     44|       0.002|       0.011|
slv : | calc_Convolutions_MDS            |       0.743|     44|       0.017|       0.031|
slv : | calc_wall_dist                   |       0.569|      1|       0.569|       0.569|
slv : | create_Gr_operators_MDS          |       0.432|     44|       0.010|       0.014|
slv : | create_Gr_operators_portrait_MDS |       0.300|     44|       0.007|       0.010|
slv : | init_Hy_group_MDS                |       0.548|     44|       0.012|       0.016|
slv : | perform_stage_total              |       8.917|   1196|       0.007|       0.570|
slv : | precalc_at_start_MDS             |       0.506|      2|       0.253|       0.477|
slv : | solve_3M_MDS                     |       1.247|     44|       0.028|       0.046|
slv : | solve_3M_alg_MDS                 |       0.245|     44|       0.006|       0.011|
slv : | solve_BG_MDS                     |       1.409|     44|       0.032|       0.065|
slv : | solve_BG_alg_MDS                 |       0.735|     44|       0.017|       0.029|
slv : | solve_BL_MDS                     |       0.290|     44|       0.007|       0.026|
slv : | solve_CHT                        |       1.015|     44|       0.023|       0.036|
slv : | solve_CHT_MDS                    |       0.736|     44|       0.017|       0.023|
slv : | solve_CHT_alg_MDS                |       0.218|     44|       0.005|       0.010|
slv : | solve_DvGr_MDS                   |       2.230|     44|       0.051|       0.102|
slv : | solve_DvGr_alg_MDS               |       0.839|     44|       0.019|       0.064|
slv : | solve_INPR_MDS                   |       0.000|      1|       0.000|       0.000|
slv : | solve_PS+QJ                      |       0.000|      0|       0.000|       0.000|
slv : | solve_YLMA_MDS                   |       0.002|     44|       0.000|       0.000|
slv : | solve_YNOx_MDS                   |       0.000|     44|       0.000|       0.000|
slv : | solve_YTd_MDS                    |       0.002|     44|       0.000|       0.000|
slv : | solve_YTurb_MDS                  |       0.002|     44|       0.000|       0.000|
slv : | update_BC_MDS                    |       0.000|     45|       0.000|       0.000|
slv : | update_Mf_after_DvGr             |       0.273|     44|       0.006|       0.009|
slv : | update_VelPressure_MDS           |       0.066|     44|       0.001|       0.006|
slv : +----------------------------------+------------+-------+------------+------------+
-----------------------------------------------------------------------
Memory Working Set Current = 307.43 Mb, Memory Working Set Peak = 309.91 Mb
Memory Private Bytes Current = 335.13 Mb, Memory Private Bytes Peak = 343.04 Mb
Process Threads Number: 35
-----------------------------------------------------------------------
Algebra Pool      : mem_usage = 176.56 Mb, allocated count = 1348

================== Tstep=44 ===================
<Dynamic P> on nsd = 0 {openings (inlet / outlet)}:
  (SP = Static Pressure, EP = Environment Pressure, TP = Total Pressure, E = External)
  {#0, E, (0.000000e+00 / 5.428103e+02)}
  {#1, E, (5.427459e+02 / 0.000000e+00)}
  {#2, E, (1.731078e-14 / 5.427032e+02)}
  {#3, E, (1.977255e-14 / 5.427032e+02)}
  {#4, E, (2.729382e-03 / 5.430204e+02)}
  {#5, E, (1.194876e-14 / 5.427032e+02)}
  MWS[  0]=1.45225
tau_viscous_averaged = 9031.83 
dt(mass,momentum; nsd=  0): min dt/dtG(ncv=  16072)=1.00 , max dt/dtG(ncv=  15971)=7.2    , dtG=0.00114218
Flow alg-view 0 in phys-view 0 isn't Neumann (not Multi Phase treating)
Face Momentum (sd=  0): max value of div(mf) (cv=18540) = 1.269779e-06
Flow alg-view 0 is not Neumann (not for Phase Change + Nested Iters)
+----+----+--------------+--------------+--------------+--------------+--------------+------+----+-+-+--+------+
|Name|view| Initial res  | Initial resL1| Target res   | Final res    | Final res L1 |Visits|Iter|R|F|CL|Status|
| BG |   0|  2.201978e-11|  1.718386e-04|  6.928348e-13|  2.439854e-13|  3.029249e-05|     4|  12|0|n|30|  OK  |
log10(resTarget_Lim / resTarget_Orig): 2.7 
Face Momentum (sd=  0): max value of div(mf) (cv=16020) = 7.788214e-08
	norm_L2 of div(momentum) = 4.939488e-07.
Flow alg-view 0 in phys-view 0 isn't Neumann (not Multi Phase treating)
LOG: number of a-faces with weighted approximations in 0 subdomain: 3.79841 percent
LOG: Rate of a-faces corrected to CUp1st in 0 subdomain: 0.0432507 %
slv : SolveBL stage
|nsd|Real WF|NormalF|Cycle F|CriticF| EdgeF |CyclBrF|ExtParF|RWFnumSt|StLvlNum|  nfw  |  alp_U_min  |  nfw  |  alp_U_max  |  nfw  |  alp_T_min  |  nfw  |  alp_T_max  |  nfw  |  BL_s_min   |  nfw  |   BL_s_max  |
|  0|    786|    611|      0|      0|    175|      0|      0|     786|      20|   3279|0.00195361   |   4147|10.1467      |   3634|0            |   3810|7461.62      |   3841|-130.392     |   3634|0            |
Face Momentum (sd=  0): max value of div(mf) (cv=16020) = 7.788214e-08
	norm_L2 of div(momentum) = 4.939488e-07.
nsd = 0 BC: AP Inlet occurs on 3611 w-faces
+----+----+----+--------------+--------------+--------------+--------------+--------------+------+----+-+-+--+------+
|Name|view| n_y| Initial res  | Initial resL1| Target res   | Final res    | Final res L1 |Visits|Iter|R|F|CL|Status|
+----+----+----+--------------+--------------+--------------+--------------+--------------+------+----+-+-+--+------+
| 3M |   0|   0|  3.604825e-04|  5.987504e-01|  6.759047e-08|  1.069041e-09|  4.599492e-04|     1|   3|0|n|29|  OK  |
Velocity (predicted):
        (local) sd   0: min(  17665)=0.73376678940821     , max(  16072)=41.087169722043      
Flow alg-view 0 is not Neumann (not for Phase Change + Nested Iters)
+----+----+--------------+--------------+--------------+--------------+--------------+------+----+-+-+--+------+
|Name|view| Initial res  | Initial resL1| Target res   | Final res    | Final res L1 |Visits|Iter|R|F|CL|Status|
|DVGR|   0|  8.842678e-07|  2.852277e-02|  5.526674e-11|  3.528131e-11|  1.632730e-04|     3|   9|0|n|30|  OK  |
PRESSURE SOLVER(geom_index=  0): sum_C_dp=-5.29291e-12
Face Momentum (sd=  0): max value of div(mf) (cv=15357) = 1.452583e-06
	norm_L2 of div(momentum) = 5.939809e-06.
nsd = 0 min_dtHy = 0.00114218 (nCV =	16072 ) max_dtHy = 0.00823256 (nCV =	15971 ) 
+----+----+--------------+--------------+--------------+--------------+--------------+------+----+-+-+--+------+
|Name|view| Initial res  | Initial resL1| Target res   | Final res    | Final res L1 |Visits|Iter|R|F|CL|Status|
|CHT |   0|  3.333341e-08|  3.325252e-03|  2.083338e-12|  3.218095e-14|  2.531835e-06|     1|   9|0|n|30|  OK  |
slv : Fluid subdom(new) 0
slv : P static (new)                 : min(  16073) = 100646.53958177      , max(  16075) = 102838.004046        
slv : Density (new)                  : min(  16073) = 1.194803742388       , max(  16075) = 1.2218891559298      
slv : Velocity (new)                 : min(  17625) = 0.69061939014317     , max(  16072) = 41.115788491957      
slv : Mach number (new)              : min(  17625) = 0.0020109598775337   , max(  16072) = 0.11989210462682     
slv : Temperature (new)              : min(  16072) = 292.80738689208      , max(  17625) = 293.64506841227      
slv : Total enthalpy, Y-shifted (new): min(  17665) = 448.21399551302      , max(  15572) = 450.0978415954       
slv : MASS FLUXES AT OPENINGS: MF=-100.32, AP=100.32
slv : DvGr statistics: min alpha=0.156778(nfa=44823, geom_slice=0)
slv : +----------------------------------+------------+-------+------------+------------+
slv : |          Collector name          | Total Time | Count |  Avg Time  |  Max Time  |
slv : +----------------------------------+------------+-------+------------+------------+
slv : | Calculate_inc                    |      11.818|     44|       0.269|       0.492|
slv : | CollectEMT_Results               |       0.000|     45|       0.000|       0.000|
slv : | HeatPathCalculator_Dynamic       |       0.021|      1|       0.021|       0.021|
slv : | LiSy_make_portrait               |       0.407|    152|       0.003|       0.007|
slv : | Results_processing               |       2.503|     44|       0.057|       0.081|
slv : | build_sl_ordering_CHT            |       0.032|     45|       0.001|       0.005|
slv : | build_sl_ordering_MDS            |       0.074|     45|       0.002|       0.011|
slv : | build_sl_ordering_fluid          |       0.072|     45|       0.002|       0.011|
slv : | calc_Convolutions_MDS            |       0.760|     45|       0.017|       0.031|
slv : | calc_wall_dist                   |       0.569|      1|       0.569|       0.569|
slv : | create_Gr_operators_MDS          |       0.441|     45|       0.010|       0.014|
slv : | create_Gr_operators_portrait_MDS |       0.308|     45|       0.007|       0.010|
slv : | init_Hy_group_MDS                |       0.562|     45|       0.012|       0.016|
slv : | perform_stage_total              |       9.100|   1223|       0.007|       0.570|
slv : | precalc_at_start_MDS             |       0.506|      2|       0.253|       0.477|
slv : | solve_3M_MDS                     |       1.278|     45|       0.028|       0.046|
slv : | solve_3M_alg_MDS                 |       0.251|     45|       0.006|       0.011|
slv : | solve_BG_MDS                     |       1.438|     45|       0.032|       0.065|
slv : | solve_BG_alg_MDS                 |       0.748|     45|       0.017|       0.029|
slv : | solve_BL_MDS                     |       0.297|     45|       0.007|       0.026|
slv : | solve_CHT                        |       1.037|     45|       0.023|       0.036|
slv : | solve_CHT_MDS                    |       0.754|     45|       0.017|       0.023|
slv : | solve_CHT_alg_MDS                |       0.223|     45|       0.005|       0.010|
slv : | solve_DvGr_MDS                   |       2.277|     45|       0.051|       0.102|
slv : | solve_DvGr_alg_MDS               |       0.852|     45|       0.019|       0.064|
slv : | solve_INPR_MDS                   |       0.000|      1|       0.000|       0.000|
slv : | solve_PS+QJ                      |       0.000|      0|       0.000|       0.000|
slv : | solve_YLMA_MDS                   |       0.002|     45|       0.000|       0.000|
slv : | solve_YNOx_MDS                   |       0.000|     45|       0.000|       0.000|
slv : | solve_YTd_MDS                    |       0.002|     45|       0.000|       0.000|
slv : | solve_YTurb_MDS                  |       0.002|     45|       0.000|       0.000|
slv : | update_BC_MDS                    |       0.000|     46|       0.000|       0.000|
slv : | update_Mf_after_DvGr             |       0.278|     45|       0.006|       0.009|
slv : | update_VelPressure_MDS           |       0.067|     45|       0.001|       0.006|
slv : +----------------------------------+------------+-------+------------+------------+
Interpolator cache: total calls 2371, optimised calls 864 (36.4 %)
-----------------------------------------------------------------------
Memory Working Set Current = 306.07 Mb, Memory Working Set Peak = 309.91 Mb
Memory Private Bytes Current = 332.02 Mb, Memory Private Bytes Peak = 343.04 Mb
Process Threads Number: 35
-----------------------------------------------------------------------
Iteration : time = 1.62492 , count = 5 , time/count = 0.324984
Calculate_inc() : time = 1.36024 , count = 5 , time/count = 0.272047
TreatFlowEvolution() : time = 0.264682 , count = 5 , time/count = 0.0529364
SolverPreview : time = 0 , count = 5 , time/count = 0
TreatGoals : time = 0.264682 , count = 5 , time/count = 0.0529364
Algebra Pool      : mem_usage = 176.56 Mb, allocated count = 1345

================== Tstep=45 ===================
<Dynamic P> on nsd = 0 {openings (inlet / outlet)}:
  (SP = Static Pressure, EP = Environment Pressure, TP = Total Pressure, E = External)
  {#0, E, (0.000000e+00 / 5.428107e+02)}
  {#1, E, (5.427459e+02 / 0.000000e+00)}
  {#2, E, (1.625731e-14 / 5.427032e+02)}
  {#3, E, (1.934763e-14 / 5.427032e+02)}
  {#4, E, (2.692054e-03 / 5.430967e+02)}
  {#5, E, (1.062690e-14 / 5.427032e+02)}
  MWS[  0]=1.44807
tau_viscous_averaged = 9031.83 
dt(mass,momentum; nsd=  0): min dt/dtG(ncv=  16072)=1.00 , max dt/dtG(ncv=  15971)=7.0    , dtG=0.00115117
Flow alg-view 0 in phys-view 0 isn't Neumann (not Multi Phase treating)
Face Momentum (sd=  0): max value of div(mf) (cv=14960) = 3.134784e-06
Flow alg-view 0 is not Neumann (not for Phase Change + Nested Iters)
+----+----+--------------+--------------+--------------+--------------+--------------+------+----+-+-+--+------+
|Name|view| Initial res  | Initial resL1| Target res   | Final res    | Final res L1 |Visits|Iter|R|F|CL|Status|
| BG |   0|  5.726085e-11|  1.722662e-04|  5.526674e-13|  1.394522e-13|  2.185528e-05|     4|  12|0|n|30|  OK  |
log10(resTarget_Lim / resTarget_Orig): 2.2 
Face Momentum (sd=  0): max value of div(mf) (cv=16020) = 4.597062e-08
	norm_L2 of div(momentum) = 3.734330e-07.
Flow alg-view 0 in phys-view 0 isn't Neumann (not Multi Phase treating)
LOG: number of a-faces with weighted approximations in 0 subdomain: 3.67928 percent
LOG: Rate of a-faces corrected to CUp1st in 0 subdomain: 0.0401204 %
slv : SolveBL stage
|nsd|Real WF|NormalF|Cycle F|CriticF| EdgeF |CyclBrF|ExtParF|RWFnumSt|StLvlNum|  nfw  |  alp_U_min  |  nfw  |  alp_U_max  |  nfw  |  alp_T_min  |  nfw  |  alp_T_max  |  nfw  |  BL_s_min   |  nfw  |   BL_s_max  |
|  0|    786|    612|      0|      0|    174|      0|      0|     786|      20|   3387|0.00282845   |   4147|9.25949      |   3634|0            |   3754|19047.7      |   3841|-130.317     |   3634|0            |
Face Momentum (sd=  0): max value of div(mf) (cv=16020) = 4.597062e-08
	norm_L2 of div(momentum) = 3.734330e-07.
nsd = 0 BC: AP Inlet occurs on 3603 w-faces
+----+----+----+--------------+--------------+--------------+--------------+--------------+------+----+-+-+--+------+
|Name|view| n_y| Initial res  | Initial resL1| Target res   | Final res    | Final res L1 |Visits|Iter|R|F|CL|Status|
+----+----+----+--------------+--------------+--------------+--------------+--------------+------+----+-+-+--+------+
| 3M |   0|   0|  3.487224e-04|  5.996677e-01|  6.538544e-08|  9.118954e-10|  4.258580e-04|     1|   3|0|n|29|  OK  |
Velocity (predicted):
        (local) sd   0: min(  17625)=0.65235492894352     , max(  16072)=41.21723083859       
Flow alg-view 0 is not Neumann (not for Phase Change + Nested Iters)
+----+----+--------------+--------------+--------------+--------------+--------------+------+----+-+-+--+------+
|Name|view| Initial res  | Initial resL1| Target res   | Final res    | Final res L1 |Visits|Iter|R|F|CL|Status|
|DVGR|   0|  1.026235e-06|  2.914039e-02|  6.413966e-11|  3.651279e-11|  2.184031e-04|     3|   9|0|n|30|  OK  |
PRESSURE SOLVER(geom_index=  0): sum_C_dp=-1.4423e-10
Face Momentum (sd=  0): max value of div(mf) (cv=15357) = 1.122811e-06
	norm_L2 of div(momentum) = 6.042584e-06.
nsd = 0 min_dtHy = 0.00115117 (nCV =	16072 ) max_dtHy = 0.00806422 (nCV =	15971 ) 
+----+----+--------------+--------------+--------------+--------------+--------------+------+----+-+-+--+------+
|Name|view| Initial res  | Initial resL1| Target res   | Final res    | Final res L1 |Visits|Iter|R|F|CL|Status|
|CHT |   0|  2.681997e-08|  3.293129e-03|  1.676248e-12|  3.567906e-14|  2.660911e-06|     1|   9|0|n|30|  OK  |
slv : Fluid subdom(new) 0
slv : P static (new)                 : min(  16073) = 100647.04453398      , max(  16075) = 102838.18634555      
slv : Density (new)                  : min(  16073) = 1.1948131924012      , max(  16075) = 1.2218871499057      
slv : Velocity (new)                 : min(  17625) = 0.71106557324203     , max(  16072) = 41.239960435591      
slv : Mach number (new)              : min(  17625) = 0.0020704955510576   , max(  16072) = 0.12025522275524     
slv : Temperature (new)              : min(  16072) = 292.80231047055      , max(  17625) = 293.64505327334      
slv : Total enthalpy, Y-shifted (new): min(  17665) = 448.21294050313      , max(  15590) = 450.09681853504      
slv : MASS FLUXES AT OPENINGS: MF=-100.32, AP=100.32
slv : DvGr statistics: min alpha=0.156144(nfa=44835, geom_slice=0)
slv : +----------------------------------+------------+-------+------------+------------+
slv : |          Collector name          | Total Time | Count |  Avg Time  |  Max Time  |
slv : +----------------------------------+------------+-------+------------+------------+
slv : | Calculate_inc                    |      12.082|     45|       0.268|       0.492|
slv : | CollectEMT_Results               |       0.000|     46|       0.000|       0.000|
slv : | HeatPathCalculator_Dynamic       |       0.021|      1|       0.021|       0.021|
slv : | LiSy_make_portrait               |       0.415|    155|       0.003|       0.007|
slv : | Results_processing               |       2.569|     45|       0.057|       0.081|
slv : | build_sl_ordering_CHT            |       0.032|     46|       0.001|       0.005|
slv : | build_sl_ordering_MDS            |       0.075|     46|       0.002|       0.011|
slv : | build_sl_ordering_fluid          |       0.072|     46|       0.002|       0.011|
slv : | calc_Convolutions_MDS            |       0.775|     46|       0.017|       0.031|
slv : | calc_wall_dist                   |       0.569|      1|       0.569|       0.569|
slv : | create_Gr_operators_MDS          |       0.450|     46|       0.010|       0.014|
slv : | create_Gr_operators_portrait_MDS |       0.316|     46|       0.007|       0.010|
slv : | init_Hy_group_MDS                |       0.575|     46|       0.012|       0.016|
slv : | perform_stage_total              |       9.287|   1250|       0.007|       0.570|
slv : | precalc_at_start_MDS             |       0.506|      2|       0.253|       0.477|
slv : | solve_3M_MDS                     |       1.312|     46|       0.029|       0.046|
slv : | solve_3M_alg_MDS                 |       0.258|     46|       0.006|       0.011|
slv : | solve_BG_MDS                     |       1.467|     46|       0.032|       0.065|
slv : | solve_BG_alg_MDS                 |       0.763|     46|       0.017|       0.029|
slv : | solve_BL_MDS                     |       0.302|     46|       0.007|       0.026|
slv : | solve_CHT                        |       1.058|     46|       0.023|       0.036|
slv : | solve_CHT_MDS                    |       0.770|     46|       0.017|       0.023|
slv : | solve_CHT_alg_MDS                |       0.227|     46|       0.005|       0.010|
slv : | solve_DvGr_MDS                   |       2.322|     46|       0.050|       0.102|
slv : | solve_DvGr_alg_MDS               |       0.868|     46|       0.019|       0.064|
slv : | solve_INPR_MDS                   |       0.000|      1|       0.000|       0.000|
slv : | solve_PS+QJ                      |       0.000|      0|       0.000|       0.000|
slv : | solve_YLMA_MDS                   |       0.002|     46|       0.000|       0.000|
slv : | solve_YNOx_MDS                   |       0.000|     46|       0.000|       0.000|
slv : | solve_YTd_MDS                    |       0.002|     46|       0.000|       0.000|
slv : | solve_YTurb_MDS                  |       0.002|     46|       0.000|       0.000|
slv : | update_BC_MDS                    |       0.000|     47|       0.000|       0.000|
slv : | update_Mf_after_DvGr             |       0.283|     46|       0.006|       0.009|
slv : | update_VelPressure_MDS           |       0.068|     46|       0.001|       0.006|
slv : +----------------------------------+------------+-------+------------+------------+
-----------------------------------------------------------------------
Memory Working Set Current = 309.10 Mb, Memory Working Set Peak = 309.91 Mb
Memory Private Bytes Current = 337.09 Mb, Memory Private Bytes Peak = 343.04 Mb
Process Threads Number: 35
-----------------------------------------------------------------------
Algebra Pool      : mem_usage = 176.56 Mb, allocated count = 1331

================== Tstep=46 ===================
<Dynamic P> on nsd = 0 {openings (inlet / outlet)}:
  (SP = Static Pressure, EP = Environment Pressure, TP = Total Pressure, E = External)
  {#0, E, (0.000000e+00 / 5.428113e+02)}
  {#1, E, (5.427458e+02 / 0.000000e+00)}
  {#2, E, (1.579411e-14 / 5.427032e+02)}
  {#3, E, (1.832302e-14 / 5.427032e+02)}
  {#4, E, (2.644560e-03 / 5.437069e+02)}
  {#5, E, (1.425617e-14 / 5.427032e+02)}
  MWS[  0]=1.45244
tau_viscous_averaged = 9031.83 
dt(mass,momentum; nsd=  0): min dt/dtG(ncv=  16072)=1.00 , max dt/dtG(ncv=  15971)=7.2    , dtG=0.00114191
Flow alg-view 0 in phys-view 0 isn't Neumann (not Multi Phase treating)
Face Momentum (sd=  0): max value of div(mf) (cv=15357) = 1.122811e-06
Flow alg-view 0 is not Neumann (not for Phase Change + Nested Iters)
+----+----+--------------+--------------+--------------+--------------+--------------+------+----+-+-+--+------+
|Name|view| Initial res  | Initial resL1| Target res   | Final res    | Final res L1 |Visits|Iter|R|F|CL|Status|
| BG |   0|  3.867860e-11|  2.212710e-04|  6.413966e-13|  1.448850e-13|  2.943214e-05|     4|  12|0|n|30|  OK  |
log10(resTarget_Lim / resTarget_Orig): 2.4 
Face Momentum (sd=  0): max value of div(mf) (cv=16097) = 2.466209e-08
	norm_L2 of div(momentum) = 3.806377e-07.
Flow alg-view 0 in phys-view 0 isn't Neumann (not Multi Phase treating)
LOG: number of a-faces with weighted approximations in 0 subdomain: 3.7174 percent
LOG: Rate of a-faces corrected to CUp1st in 0 subdomain: 0.0426663 %
slv : SolveBL stage
|nsd|Real WF|NormalF|Cycle F|CriticF| EdgeF |CyclBrF|ExtParF|RWFnumSt|StLvlNum|  nfw  |  alp_U_min  |  nfw  |  alp_U_max  |  nfw  |  alp_T_min  |  nfw  |  alp_T_max  |  nfw  |  BL_s_min   |  nfw  |   BL_s_max  |
|  0|    786|    611|      0|      0|    175|      0|      0|     786|      20|   3387|0.00306309   |   4147|9.17105      |   3634|0            |   3810|7234.32      |   3841|-130.405     |   3634|0            |
Face Momentum (sd=  0): max value of div(mf) (cv=16097) = 2.466209e-08
	norm_L2 of div(momentum) = 3.806377e-07.
nsd = 0 BC: AP Inlet occurs on 3560 w-faces
+----+----+----+--------------+--------------+--------------+--------------+--------------+------+----+-+-+--+------+
|Name|view| n_y| Initial res  | Initial resL1| Target res   | Final res    | Final res L1 |Visits|Iter|R|F|CL|Status|
+----+----+----+--------------+--------------+--------------+--------------+--------------+------+----+-+-+--+------+
| 3M |   0|   0|  3.448108e-04|  6.176052e-01|  6.465203e-08|  1.127666e-09|  4.737829e-04|     1|   3|0|n|29|  OK  |
Velocity (predicted):
        (local) sd   0: min(  17625)=0.73871824952824     , max(  16072)=41.089158610434      
Flow alg-view 0 is not Neumann (not for Phase Change + Nested Iters)
+----+----+--------------+--------------+--------------+--------------+--------------+------+----+-+-+--+------+
|Name|view| Initial res  | Initial resL1| Target res   | Final res    | Final res L1 |Visits|Iter|R|F|CL|Status|
|DVGR|   0|  1.115589e-06|  3.021076e-02|  6.972429e-11|  3.500379e-11|  2.283735e-04|     3|   9|0|n|30|  OK  |
PRESSURE SOLVER(geom_index=  0): sum_C_dp=-1.48777e-10
Face Momentum (sd=  0): max value of div(mf) (cv=15357) = 1.217638e-06
	norm_L2 of div(momentum) = 5.916402e-06.
nsd = 0 min_dtHy = 0.00114191 (nCV =	16072 ) max_dtHy = 0.00820239 (nCV =	15971 ) 
+----+----+--------------+--------------+--------------+--------------+--------------+------+----+-+-+--+------+
|Name|view| Initial res  | Initial resL1| Target res   | Final res    | Final res L1 |Visits|Iter|R|F|CL|Status|
|CHT |   0|  2.544270e-08|  3.260718e-03|  1.590169e-12|  2.835859e-14|  2.421265e-06|     1|   9|0|n|30|  OK  |
slv : Fluid subdom(new) 0
slv : P static (new)                 : min(  16073) = 100646.3327765       , max(  16075) = 102837.96192547      
slv : Density (new)                  : min(  16073) = 1.1948014065413      , max(  16075) = 1.2218885548731      
slv : Velocity (new)                 : min(  17625) = 0.68471539417493     , max(  16072) = 41.108829350822      
slv : Mach number (new)              : min(  17625) = 0.0019937685231134   , max(  16072) = 0.11987175416434     
slv : Temperature (new)              : min(  16072) = 292.80767097121      , max(  17625) = 293.64506142433      
slv : Total enthalpy, Y-shifted (new): min(  17665) = 448.20675458647      , max(  15590) = 450.09652457945      
slv : MASS FLUXES AT OPENINGS: MF=-100.32, AP=100.32
slv : DvGr statistics: min alpha=0.160556(nfa=50651, geom_slice=0)
slv : +----------------------------------+------------+-------+------------+------------+
slv : |          Collector name          | Total Time | Count |  Avg Time  |  Max Time  |
slv : +----------------------------------+------------+-------+------------+------------+
slv : | Calculate_inc                    |      12.356|     46|       0.269|       0.492|
slv : | CollectEMT_Results               |       0.000|     47|       0.000|       0.000|
slv : | HeatPathCalculator_Dynamic       |       0.021|      1|       0.021|       0.021|
slv : | LiSy_make_portrait               |       0.422|    158|       0.003|       0.007|
slv : | Results_processing               |       2.628|     46|       0.057|       0.081|
slv : | build_sl_ordering_CHT            |       0.032|     47|       0.001|       0.005|
slv : | build_sl_ordering_MDS            |       0.075|     47|       0.002|       0.011|
slv : | build_sl_ordering_fluid          |       0.072|     47|       0.002|       0.011|
slv : | calc_Convolutions_MDS            |       0.791|     47|       0.017|       0.031|
slv : | calc_wall_dist                   |       0.569|      1|       0.569|       0.569|
slv : | create_Gr_operators_MDS          |       0.461|     47|       0.010|       0.014|
slv : | create_Gr_operators_portrait_MDS |       0.323|     47|       0.007|       0.010|
slv : | init_Hy_group_MDS                |       0.585|     47|       0.012|       0.016|
slv : | perform_stage_total              |       9.457|   1277|       0.007|       0.570|
slv : | precalc_at_start_MDS             |       0.506|      2|       0.253|       0.477|
slv : | solve_3M_MDS                     |       1.339|     47|       0.028|       0.046|
slv : | solve_3M_alg_MDS                 |       0.263|     47|       0.006|       0.011|
slv : | solve_BG_MDS                     |       1.494|     47|       0.032|       0.065|
slv : | solve_BG_alg_MDS                 |       0.775|     47|       0.016|       0.029|
slv : | solve_BL_MDS                     |       0.308|     47|       0.007|       0.026|
slv : | solve_CHT                        |       1.077|     47|       0.023|       0.036|
slv : | solve_CHT_MDS                    |       0.784|     47|       0.017|       0.023|
slv : | solve_CHT_alg_MDS                |       0.231|     47|       0.005|       0.010|
slv : | solve_DvGr_MDS                   |       2.368|     47|       0.050|       0.102|
slv : | solve_DvGr_alg_MDS               |       0.885|     47|       0.019|       0.064|
slv : | solve_INPR_MDS                   |       0.000|      1|       0.000|       0.000|
slv : | solve_PS+QJ                      |       0.000|      0|       0.000|       0.000|
slv : | solve_YLMA_MDS                   |       0.002|     47|       0.000|       0.000|
slv : | solve_YNOx_MDS                   |       0.000|     47|       0.000|       0.000|
slv : | solve_YTd_MDS                    |       0.002|     47|       0.000|       0.000|
slv : | solve_YTurb_MDS                  |       0.002|     47|       0.000|       0.000|
slv : | update_BC_MDS                    |       0.000|     48|       0.000|       0.000|
slv : | update_Mf_after_DvGr             |       0.291|     47|       0.006|       0.009|
slv : | update_VelPressure_MDS           |       0.069|     47|       0.001|       0.006|
slv : +----------------------------------+------------+-------+------------+------------+
-----------------------------------------------------------------------
Memory Working Set Current = 306.89 Mb, Memory Working Set Peak = 309.91 Mb
Memory Private Bytes Current = 333.46 Mb, Memory Private Bytes Peak = 343.04 Mb
Process Threads Number: 35
-----------------------------------------------------------------------
Algebra Pool      : mem_usage = 176.56 Mb, allocated count = 1349

================== Tstep=47 ===================
<Dynamic P> on nsd = 0 {openings (inlet / outlet)}:
  (SP = Static Pressure, EP = Environment Pressure, TP = Total Pressure, E = External)
  {#0, E, (0.000000e+00 / 5.428116e+02)}
  {#1, E, (5.427458e+02 / 0.000000e+00)}
  {#2, E, (1.607586e-14 / 5.427032e+02)}
  {#3, E, (1.919618e-14 / 5.427032e+02)}
  {#4, E, (2.673848e-03 / 5.438225e+02)}
  {#5, E, (1.981417e-14 / 5.427032e+02)}
  MWS[  0]=1.44783
tau_viscous_averaged = 9031.83 
dt(mass,momentum; nsd=  0): min dt/dtG(ncv=  16072)=1.00 , max dt/dtG(ncv=  15971)=7.0    , dtG=0.00115173
Flow alg-view 0 in phys-view 0 isn't Neumann (not Multi Phase treating)
Face Momentum (sd=  0): max value of div(mf) (cv=15357) = 1.217638e-06
Flow alg-view 0 is not Neumann (not for Phase Change + Nested Iters)
+----+----+--------------+--------------+--------------+--------------+--------------+------+----+-+-+--+------+
|Name|view| Initial res  | Initial resL1| Target res   | Final res    | Final res L1 |Visits|Iter|R|F|CL|Status|
| BG |   0|  3.512574e-11|  2.288848e-04|  6.972429e-13|  3.935527e-13|  4.026083e-05|     4|  12|0|n|30|  OK  |
log10(resTarget_Lim / resTarget_Orig): 2.5 
Face Momentum (sd=  0): max value of div(mf) (cv=15915) = 1.609970e-07
	norm_L2 of div(momentum) = 6.273378e-07.
Flow alg-view 0 in phys-view 0 isn't Neumann (not Multi Phase treating)
LOG: number of a-faces with weighted approximations in 0 subdomain: 3.92469 percent
LOG: Rate of a-faces corrected to CUp1st in 0 subdomain: 0.0428908 %
slv : SolveBL stage
|nsd|Real WF|NormalF|Cycle F|CriticF| EdgeF |CyclBrF|ExtParF|RWFnumSt|StLvlNum|  nfw  |  alp_U_min  |  nfw  |  alp_U_max  |  nfw  |  alp_T_min  |  nfw  |  alp_T_max  |  nfw  |  BL_s_min   |  nfw  |   BL_s_max  |
|  0|    786|    610|      0|      0|    176|      0|      0|     786|      20|   3387|0.00302284   |   4147|8.73673      |   3634|0            |   3754|19033.3      |   3841|-130.3       |   3634|0            |
Face Momentum (sd=  0): max value of div(mf) (cv=15915) = 1.609970e-07
	norm_L2 of div(momentum) = 6.273378e-07.
nsd = 0 BC: AP Inlet occurs on 3413 w-faces
+----+----+----+--------------+--------------+--------------+--------------+--------------+------+----+-+-+--+------+
|Name|view| n_y| Initial res  | Initial resL1| Target res   | Final res    | Final res L1 |Visits|Iter|R|F|CL|Status|
+----+----+----+--------------+--------------+--------------+--------------+--------------+------+----+-+-+--+------+
| 3M |   0|   0|  4.783668e-04|  6.227634e-01|  8.969377e-08|  1.144010e-09|  4.696763e-04|     1|   3|0|n|29|  OK  |
Velocity (predicted):
        (local) sd   0: min(  17625)=0.64278183698419     , max(  16072)=41.22177307092       
Flow alg-view 0 is not Neumann (not for Phase Change + Nested Iters)
+----+----+--------------+--------------+--------------+--------------+--------------+------+----+-+-+--+------+
|Name|view| Initial res  | Initial resL1| Target res   | Final res    | Final res L1 |Visits|Iter|R|F|CL|Status|
|DVGR|   0|  1.022861e-06|  2.920326e-02|  6.392880e-11|  4.845650e-11|  1.964200e-04|     3|   9|0|n|30|  OK  |
PRESSURE SOLVER(geom_index=  0): sum_C_dp=5.8226e-11
Face Momentum (sd=  0): max value of div(mf) (cv=15357) = 1.662156e-06
	norm_L2 of div(momentum) = 6.961072e-06.
nsd = 0 min_dtHy = 0.00115173 (nCV =	16072 ) max_dtHy = 0.00809042 (nCV =	15971 ) 
+----+----+--------------+--------------+--------------+--------------+--------------+------+----+-+-+--+------+
|Name|view| Initial res  | Initial resL1| Target res   | Final res    | Final res L1 |Visits|Iter|R|F|CL|Status|
|CHT |   0|  3.677231e-08|  3.465624e-03|  2.298270e-12|  3.135681e-14|  2.574022e-06|     1|   9|0|n|30|  OK  |
slv : Fluid subdom(new) 0
slv : P static (new)                 : min(  16073) = 100647.00332282      , max(  16075) = 102838.22578673      
slv : Density (new)                  : min(  16073) = 1.1948120887052      , max(  16075) = 1.2218875171155      
slv : Velocity (new)                 : min(  17625) = 0.69611929026542     , max(  16072) = 41.237889960772      
slv : Mach number (new)              : min(  17625) = 0.0020269746621172   , max(  16072) = 0.12024916794352     
slv : Temperature (new)              : min(  16072) = 292.80239528996      , max(  17625) = 293.64505058501      
slv : Total enthalpy, Y-shifted (new): min(  17665) = 448.21025285428      , max(  15590) = 450.09727543261      
slv : MASS FLUXES AT OPENINGS: MF=-100.32, AP=100.32
slv : DvGr statistics: min alpha=0.160522(nfa=50651, geom_slice=0)
slv : +----------------------------------+------------+-------+------------+------------+
slv : |          Collector name          | Total Time | Count |  Avg Time  |  Max Time  |
slv : +----------------------------------+------------+-------+------------+------------+
slv : | Calculate_inc                    |      12.595|     47|       0.268|       0.492|
slv : | CollectEMT_Results               |       0.000|     48|       0.000|       0.000|
slv : | HeatPathCalculator_Dynamic       |       0.021|      1|       0.021|       0.021|
slv : | LiSy_make_portrait               |       0.429|    161|       0.003|       0.007|
slv : | Results_processing               |       2.674|     47|       0.057|       0.081|
slv : | build_sl_ordering_CHT            |       0.032|     48|       0.001|       0.005|
slv : | build_sl_ordering_MDS            |       0.075|     48|       0.002|       0.011|
slv : | build_sl_ordering_fluid          |       0.073|     48|       0.002|       0.011|
slv : | calc_Convolutions_MDS            |       0.806|     48|       0.017|       0.031|
slv : | calc_wall_dist                   |       0.569|      1|       0.569|       0.569|
slv : | create_Gr_operators_MDS          |       0.471|     48|       0.010|       0.014|
slv : | create_Gr_operators_portrait_MDS |       0.329|     48|       0.007|       0.010|
slv : | init_Hy_group_MDS                |       0.597|     48|       0.012|       0.016|
slv : | perform_stage_total              |       9.639|   1304|       0.007|       0.570|
slv : | precalc_at_start_MDS             |       0.506|      2|       0.253|       0.477|
slv : | solve_3M_MDS                     |       1.367|     48|       0.028|       0.046|
slv : | solve_3M_alg_MDS                 |       0.268|     48|       0.006|       0.011|
slv : | solve_BG_MDS                     |       1.521|     48|       0.032|       0.065|
slv : | solve_BG_alg_MDS                 |       0.789|     48|       0.016|       0.029|
slv : | solve_BL_MDS                     |       0.313|     48|       0.007|       0.026|
slv : | solve_CHT                        |       1.098|     48|       0.023|       0.036|
slv : | solve_CHT_MDS                    |       0.799|     48|       0.017|       0.023|
slv : | solve_CHT_alg_MDS                |       0.237|     48|       0.005|       0.010|
slv : | solve_DvGr_MDS                   |       2.415|     48|       0.050|       0.102|
slv : | solve_DvGr_alg_MDS               |       0.901|     48|       0.019|       0.064|
slv : | solve_INPR_MDS                   |       0.000|      1|       0.000|       0.000|
slv : | solve_PS+QJ                      |       0.000|      0|       0.000|       0.000|
slv : | solve_YLMA_MDS                   |       0.002|     48|       0.000|       0.000|
slv : | solve_YNOx_MDS                   |       0.000|     48|       0.000|       0.000|
slv : | solve_YTd_MDS                    |       0.002|     48|       0.000|       0.000|
slv : | solve_YTurb_MDS                  |       0.002|     48|       0.000|       0.000|
slv : | update_BC_MDS                    |       0.000|     49|       0.000|       0.000|
slv : | update_Mf_after_DvGr             |       0.297|     48|       0.006|       0.009|
slv : | update_VelPressure_MDS           |       0.073|     48|       0.002|       0.006|
slv : +----------------------------------+------------+-------+------------+------------+
-----------------------------------------------------------------------
Memory Working Set Current = 307.27 Mb, Memory Working Set Peak = 309.91 Mb
Memory Private Bytes Current = 335.21 Mb, Memory Private Bytes Peak = 343.04 Mb
Process Threads Number: 35
-----------------------------------------------------------------------
Algebra Pool      : mem_usage = 176.56 Mb, allocated count = 1348

================== Tstep=48 ===================
<Dynamic P> on nsd = 0 {openings (inlet / outlet)}:
  (SP = Static Pressure, EP = Environment Pressure, TP = Total Pressure, E = External)
  {#0, E, (0.000000e+00 / 5.428112e+02)}
  {#1, E, (5.427458e+02 / 0.000000e+00)}
  {#2, E, (1.939917e-14 / 5.427032e+02)}
  {#3, E, (2.266216e-14 / 5.427032e+02)}
  {#4, E, (2.757999e-03 / 5.431039e+02)}
  {#5, E, (1.946199e-14 / 5.427032e+02)}
  MWS[  0]=1.45238
tau_viscous_averaged = 9031.83 
dt(mass,momentum; nsd=  0): min dt/dtG(ncv=  16072)=1.00 , max dt/dtG(ncv=  15971)=7.2    , dtG=0.00114209
Flow alg-view 0 in phys-view 0 isn't Neumann (not Multi Phase treating)
Face Momentum (sd=  0): max value of div(mf) (cv=15357) = 1.662156e-06
Flow alg-view 0 is not Neumann (not for Phase Change + Nested Iters)
+----+----+--------------+--------------+--------------+--------------+--------------+------+----+-+-+--+------+
|Name|view| Initial res  | Initial resL1| Target res   | Final res    | Final res L1 |Visits|Iter|R|F|CL|Status|
| BG |   0|  4.863746e-11|  1.974807e-04|  6.392880e-13|  1.617886e-13|  2.286795e-05|     4|  12|0|n|30|  OK  |
log10(resTarget_Lim / resTarget_Orig): 2.3 
Face Momentum (sd=  0): max value of div(mf) (cv=15717) = 3.304712e-08
	norm_L2 of div(momentum) = 4.022296e-07.
Flow alg-view 0 in phys-view 0 isn't Neumann (not Multi Phase treating)
LOG: number of a-faces with weighted approximations in 0 subdomain: 3.82402 percent
LOG: Rate of a-faces corrected to CUp1st in 0 subdomain: 0.0438692 %
slv : SolveBL stage
|nsd|Real WF|NormalF|Cycle F|CriticF| EdgeF |CyclBrF|ExtParF|RWFnumSt|StLvlNum|  nfw  |  alp_U_min  |  nfw  |  alp_U_max  |  nfw  |  alp_T_min  |  nfw  |  alp_T_max  |  nfw  |  BL_s_min   |  nfw  |   BL_s_max  |
|  0|    786|    611|      0|      0|    175|      0|      0|     786|      20|   3387|0.00296172   |   4147|9.44921      |   3634|0            |   3810|7312.05      |   3841|-130.404     |   3634|0            |
Face Momentum (sd=  0): max value of div(mf) (cv=15717) = 3.304712e-08
	norm_L2 of div(momentum) = 4.022296e-07.
nsd = 0 BC: AP Inlet occurs on 3429 w-faces
+----+----+----+--------------+--------------+--------------+--------------+--------------+------+----+-+-+--+------+
|Name|view| n_y| Initial res  | Initial resL1| Target res   | Final res    | Final res L1 |Visits|Iter|R|F|CL|Status|
+----+----+----+--------------+--------------+--------------+--------------+--------------+------+----+-+-+--+------+
| 3M |   0|   0|  3.174821e-04|  5.827271e-01|  5.952790e-08|  9.442675e-10|  4.448749e-04|     1|   3|0|n|29|  OK  |
Velocity (predicted):
        (local) sd   0: min(  17625)=0.72235823425717     , max(  16072)=41.09095157401       
Flow alg-view 0 is not Neumann (not for Phase Change + Nested Iters)
+----+----+--------------+--------------+--------------+--------------+--------------+------+----+-+-+--+------+
|Name|view| Initial res  | Initial resL1| Target res   | Final res    | Final res L1 |Visits|Iter|R|F|CL|Status|
|DVGR|   0|  1.162735e-06|  3.029535e-02|  7.267096e-11|  2.744476e-11|  1.861017e-04|     3|   9|0|n|30|  OK  |
PRESSURE SOLVER(geom_index=  0): sum_C_dp=9.24308e-11
Face Momentum (sd=  0): max value of div(mf) (cv=15357) = 8.864763e-07
	norm_L2 of div(momentum) = 5.238776e-06.
nsd = 0 min_dtHy = 0.00114209 (nCV =	16072 ) max_dtHy = 0.00826104 (nCV =	15971 ) 
+----+----+--------------+--------------+--------------+--------------+--------------+------+----+-+-+--+------+
|Name|view| Initial res  | Initial resL1| Target res   | Final res    | Final res L1 |Visits|Iter|R|F|CL|Status|
|CHT |   0|  2.770661e-08|  3.343010e-03|  1.731663e-12|  3.109508e-14|  2.693309e-06|     1|   9|0|n|30|  OK  |
slv : Fluid subdom(new) 0
slv : P static (new)                 : min(  16073) = 100646.40745916      , max(  16075) = 102838.07818941      
slv : Density (new)                  : min(  16073) = 1.194802356948       , max(  16075) = 1.2218900979558      
slv : Velocity (new)                 : min(  17625) = 0.67989323000939     , max(  16072) = 41.117457025966      
slv : Mach number (new)              : min(  17625) = 0.0019797272769815   , max(  16072) = 0.11989698389603     
slv : Temperature (new)              : min(  16072) = 292.80731873571      , max(  17625) = 293.6450519565       
slv : Total enthalpy, Y-shifted (new): min(  17665) = 448.20650664933      , max(  15572) = 450.09907818025      
slv : MASS FLUXES AT OPENINGS: MF=-100.32, AP=100.32
slv : DvGr statistics: min alpha=0.160572(nfa=50651, geom_slice=0)
slv : +----------------------------------+------------+-------+------------+------------+
slv : |          Collector name          | Total Time | Count |  Avg Time  |  Max Time  |
slv : +----------------------------------+------------+-------+------------+------------+
slv : | Calculate_inc                    |      12.851|     48|       0.268|       0.492|
slv : | CollectEMT_Results               |       0.000|     49|       0.000|       0.000|
slv : | HeatPathCalculator_Dynamic       |       0.021|      1|       0.021|       0.021|
slv : | LiSy_make_portrait               |       0.437|    164|       0.003|       0.007|
slv : | Results_processing               |       2.748|     48|       0.057|       0.081|
slv : | build_sl_ordering_CHT            |       0.032|     49|       0.001|       0.005|
slv : | build_sl_ordering_MDS            |       0.075|     49|       0.002|       0.011|
slv : | build_sl_ordering_fluid          |       0.073|     49|       0.001|       0.011|
slv : | calc_Convolutions_MDS            |       0.823|     49|       0.017|       0.031|
slv : | calc_wall_dist                   |       0.569|      1|       0.569|       0.569|
slv : | create_Gr_operators_MDS          |       0.482|     49|       0.010|       0.014|
slv : | create_Gr_operators_portrait_MDS |       0.336|     49|       0.007|       0.010|
slv : | init_Hy_group_MDS                |       0.610|     49|       0.012|       0.016|
slv : | perform_stage_total              |       9.816|   1331|       0.007|       0.570|
slv : | precalc_at_start_MDS             |       0.506|      2|       0.253|       0.477|
slv : | solve_3M_MDS                     |       1.398|     49|       0.029|       0.046|
slv : | solve_3M_alg_MDS                 |       0.275|     49|       0.006|       0.011|
slv : | solve_BG_MDS                     |       1.548|     49|       0.032|       0.065|
slv : | solve_BG_alg_MDS                 |       0.802|     49|       0.016|       0.029|
slv : | solve_BL_MDS                     |       0.320|     49|       0.007|       0.026|
slv : | solve_CHT                        |       1.119|     49|       0.023|       0.036|
slv : | solve_CHT_MDS                    |       0.814|     49|       0.017|       0.023|
slv : | solve_CHT_alg_MDS                |       0.242|     49|       0.005|       0.010|
slv : | solve_DvGr_MDS                   |       2.463|     49|       0.050|       0.102|
slv : | solve_DvGr_alg_MDS               |       0.917|     49|       0.019|       0.064|
slv : | solve_INPR_MDS                   |       0.000|      1|       0.000|       0.000|
slv : | solve_PS+QJ                      |       0.000|      0|       0.000|       0.000|
slv : | solve_YLMA_MDS                   |       0.002|     49|       0.000|       0.000|
slv : | solve_YNOx_MDS                   |       0.000|     49|       0.000|       0.000|
slv : | solve_YTd_MDS                    |       0.002|     49|       0.000|       0.000|
slv : | solve_YTurb_MDS                  |       0.002|     49|       0.000|       0.000|
slv : | update_BC_MDS                    |       0.000|     50|       0.000|       0.000|
slv : | update_Mf_after_DvGr             |       0.303|     49|       0.006|       0.009|
slv : | update_VelPressure_MDS           |       0.074|     49|       0.002|       0.006|
slv : +----------------------------------+------------+-------+------------+------------+
-----------------------------------------------------------------------
Memory Working Set Current = 306.35 Mb, Memory Working Set Peak = 309.94 Mb
Memory Private Bytes Current = 331.89 Mb, Memory Private Bytes Peak = 343.04 Mb
Process Threads Number: 35
-----------------------------------------------------------------------
Algebra Pool      : mem_usage = 176.56 Mb, allocated count = 1358

================== Tstep=49 ===================
<Dynamic P> on nsd = 0 {openings (inlet / outlet)}:
  (SP = Static Pressure, EP = Environment Pressure, TP = Total Pressure, E = External)
  {#0, E, (0.000000e+00 / 5.428108e+02)}
  {#1, E, (5.427458e+02 / 0.000000e+00)}
  {#2, E, (1.901245e-14 / 5.427032e+02)}
  {#3, E, (2.183450e-14 / 5.427032e+02)}
  {#4, E, (2.736612e-03 / 5.430650e+02)}
  {#5, E, (1.450872e-14 / 5.427032e+02)}
  MWS[  0]=1.44814
tau_viscous_averaged = 9031.83 
dt(mass,momentum; nsd=  0): min dt/dtG(ncv=  16072)=1.00 , max dt/dtG(ncv=  15971)=7.0    , dtG=0.00115127
Flow alg-view 0 in phys-view 0 isn't Neumann (not Multi Phase treating)
Face Momentum (sd=  0): max value of div(mf) (cv=14960) = 2.655504e-06
Flow alg-view 0 is not Neumann (not for Phase Change + Nested Iters)
+----+----+--------------+--------------+--------------+--------------+--------------+------+----+-+-+--+------+
|Name|view| Initial res  | Initial resL1| Target res   | Final res    | Final res L1 |Visits|Iter|R|F|CL|Status|
| BG |   0|  4.039772e-11|  1.911334e-04|  7.267096e-13|  6.323447e-13|  4.453066e-05|     3|   9|0|n|30|  OK  |
log10(resTarget_Lim / resTarget_Orig): 2.5 
Face Momentum (sd=  0): max value of div(mf) (cv=16020) = 1.088425e-07
	norm_L2 of div(momentum) = 7.952010e-07.
Flow alg-view 0 in phys-view 0 isn't Neumann (not Multi Phase treating)
LOG: number of a-faces with weighted approximations in 0 subdomain: 3.6227 percent
LOG: Rate of a-faces corrected to CUp1st in 0 subdomain: 0.0418754 %
slv : SolveBL stage
|nsd|Real WF|NormalF|Cycle F|CriticF| EdgeF |CyclBrF|ExtParF|RWFnumSt|StLvlNum|  nfw  |  alp_U_min  |  nfw  |  alp_U_max  |  nfw  |  alp_T_min  |  nfw  |  alp_T_max  |  nfw  |  BL_s_min   |  nfw  |   BL_s_max  |
|  0|    786|    612|      0|      0|    174|      0|      0|     786|      20|   3387|0.00251859   |   4147|8.60234      |   3634|0            |   3754|19059.7      |   3841|-130.324     |   3634|0            |
Face Momentum (sd=  0): max value of div(mf) (cv=16020) = 1.088425e-07
	norm_L2 of div(momentum) = 7.952010e-07.
nsd = 0 BC: AP Inlet occurs on 3507 w-faces
+----+----+----+--------------+--------------+--------------+--------------+--------------+------+----+-+-+--+------+
|Name|view| n_y| Initial res  | Initial resL1| Target res   | Final res    | Final res L1 |Visits|Iter|R|F|CL|Status|
+----+----+----+--------------+--------------+--------------+--------------+--------------+------+----+-+-+--+------+
| 3M |   0|   0|  2.889045e-04|  5.742991e-01|  5.416960e-08|  8.421232e-10|  4.099061e-04|     1|   3|0|n|29|  OK  |
Velocity (predicted):
        (local) sd   0: min(  17625)=0.64283986386554     , max(  16072)=41.218771095282      
Flow alg-view 0 is not Neumann (not for Phase Change + Nested Iters)
+----+----+--------------+--------------+--------------+--------------+--------------+------+----+-+-+--+------+
|Name|view| Initial res  | Initial resL1| Target res   | Final res    | Final res L1 |Visits|Iter|R|F|CL|Status|
|DVGR|   0|  9.613031e-07|  2.835964e-02|  6.008144e-11|  4.499330e-11|  2.148124e-04|     3|   9|0|n|30|  OK  |
PRESSURE SOLVER(geom_index=  0): sum_C_dp=1.44453e-10
Face Momentum (sd=  0): max value of div(mf) (cv=15357) = 1.586490e-06
	norm_L2 of div(momentum) = 6.707707e-06.
nsd = 0 min_dtHy = 0.00115127 (nCV =	16072 ) max_dtHy = 0.00807798 (nCV =	15971 ) 
+----+----+--------------+--------------+--------------+--------------+--------------+------+----+-+-+--+------+
|Name|view| Initial res  | Initial resL1| Target res   | Final res    | Final res L1 |Visits|Iter|R|F|CL|Status|
|CHT |   0|  2.316130e-08|  3.136735e-03|  1.447581e-12|  2.985400e-14|  2.614738e-06|     1|   9|0|n|30|  OK  |
slv : Fluid subdom(new) 0
slv : P static (new)                 : min(  16073) = 100646.99249218      , max(  16075) = 102838.29134614      
slv : Density (new)                  : min(  16073) = 1.1948128071663      , max(  16075) = 1.221888245916       
slv : Velocity (new)                 : min(  17625) = 0.70382080377538     , max(  16072) = 41.238215313686      
slv : Mach number (new)              : min(  17625) = 0.0020494001189294   , max(  16072) = 0.12025011940457     
slv : Temperature (new)              : min(  16072) = 292.80238190066      , max(  17625) = 293.64504217271      
slv : Total enthalpy, Y-shifted (new): min(  17665) = 448.21110441204      , max(  15572) = 450.09911704789      
slv : MASS FLUXES AT OPENINGS: MF=-100.32, AP=100.32
slv : DvGr statistics: min alpha=0.152846(nfa=44835, geom_slice=0)
slv : +----------------------------------+------------+-------+------------+------------+
slv : |          Collector name          | Total Time | Count |  Avg Time  |  Max Time  |
slv : +----------------------------------+------------+-------+------------+------------+
slv : | Calculate_inc                    |      13.107|     49|       0.267|       0.492|
slv : | CollectEMT_Results               |       0.000|     50|       0.000|       0.000|
slv : | HeatPathCalculator_Dynamic       |       0.021|      1|       0.021|       0.021|
slv : | LiSy_make_portrait               |       0.444|    167|       0.003|       0.007|
slv : | Results_processing               |       2.816|     49|       0.057|       0.081|
slv : | build_sl_ordering_CHT            |       0.032|     50|       0.001|       0.005|
slv : | build_sl_ordering_MDS            |       0.076|     50|       0.002|       0.011|
slv : | build_sl_ordering_fluid          |       0.073|     50|       0.001|       0.011|
slv : | calc_Convolutions_MDS            |       0.839|     50|       0.017|       0.031|
slv : | calc_wall_dist                   |       0.569|      1|       0.569|       0.569|
slv : | create_Gr_operators_MDS          |       0.491|     50|       0.010|       0.014|
slv : | create_Gr_operators_portrait_MDS |       0.343|     50|       0.007|       0.010|
slv : | init_Hy_group_MDS                |       0.624|     50|       0.012|       0.016|
slv : | perform_stage_total              |       9.981|   1358|       0.007|       0.570|
slv : | precalc_at_start_MDS             |       0.506|      2|       0.253|       0.477|
slv : | solve_3M_MDS                     |       1.425|     50|       0.029|       0.046|
slv : | solve_3M_alg_MDS                 |       0.281|     50|       0.006|       0.011|
slv : | solve_BG_MDS                     |       1.576|     50|       0.032|       0.065|
slv : | solve_BG_alg_MDS                 |       0.813|     50|       0.016|       0.029|
slv : | solve_BL_MDS                     |       0.325|     50|       0.007|       0.026|
slv : | solve_CHT                        |       1.139|     50|       0.023|       0.036|
slv : | solve_CHT_MDS                    |       0.829|     50|       0.017|       0.023|
slv : | solve_CHT_alg_MDS                |       0.247|     50|       0.005|       0.010|
slv : | solve_DvGr_MDS                   |       2.505|     50|       0.050|       0.102|
slv : | solve_DvGr_alg_MDS               |       0.930|     50|       0.019|       0.064|
slv : | solve_INPR_MDS                   |       0.000|      1|       0.000|       0.000|
slv : | solve_PS+QJ                      |       0.000|      0|       0.000|       0.000|
slv : | solve_YLMA_MDS                   |       0.002|     50|       0.000|       0.000|
slv : | solve_YNOx_MDS                   |       0.000|     50|       0.000|       0.000|
slv : | solve_YTd_MDS                    |       0.002|     50|       0.000|       0.000|
slv : | solve_YTurb_MDS                  |       0.002|     50|       0.000|       0.000|
slv : | update_BC_MDS                    |       0.000|     51|       0.000|       0.000|
slv : | update_Mf_after_DvGr             |       0.310|     50|       0.006|       0.009|
slv : | update_VelPressure_MDS           |       0.075|     50|       0.001|       0.006|
slv : +----------------------------------+------------+-------+------------+------------+
Interpolator cache: total calls 2374, optimised calls 845 (35.6 %)
-----------------------------------------------------------------------
Memory Working Set Current = 307.85 Mb, Memory Working Set Peak = 309.94 Mb
Memory Private Bytes Current = 335.25 Mb, Memory Private Bytes Peak = 343.04 Mb
Process Threads Number: 35
-----------------------------------------------------------------------
Iteration : time = 1.57826 , count = 5 , time/count = 0.315652
Calculate_inc() : time = 1.24936 , count = 5 , time/count = 0.249872
TreatFlowEvolution() : time = 0.313429 , count = 5 , time/count = 0.0626858
SolverPreview : time = 0 , count = 5 , time/count = 0
TreatGoals : time = 0.29778 , count = 5 , time/count = 0.059556
Algebra Pool      : mem_usage = 176.56 Mb, allocated count = 1345

================== Tstep=50 ===================
<Dynamic P> on nsd = 0 {openings (inlet / outlet)}:
  (SP = Static Pressure, EP = Environment Pressure, TP = Total Pressure, E = External)
  {#0, E, (0.000000e+00 / 5.428102e+02)}
  {#1, E, (5.427458e+02 / 0.000000e+00)}
  {#2, E, (1.962236e-14 / 5.427032e+02)}
  {#3, E, (2.254038e-14 / 5.427032e+02)}
  {#4, E, (2.745434e-03 / 5.430023e+02)}
  {#5, E, (1.036223e-14 / 5.427032e+02)}
  MWS[  0]=1.45238
tau_viscous_averaged = 9031.83 
dt(mass,momentum; nsd=  0): min dt/dtG(ncv=  16072)=1.00 , max dt/dtG(ncv=  15971)=7.2    , dtG=0.00114201
Flow alg-view 0 in phys-view 0 isn't Neumann (not Multi Phase treating)
Face Momentum (sd=  0): max value of div(mf) (cv=15664) = 1.211632e-05
Flow alg-view 0 is not Neumann (not for Phase Change + Nested Iters)
+----+----+--------------+--------------+--------------+--------------+--------------+------+----+-+-+--+------+
|Name|view| Initial res  | Initial resL1| Target res   | Final res    | Final res L1 |Visits|Iter|R|F|CL|Status|
| BG |   0|  1.922686e-10|  2.277154e-04|  6.008144e-13|  4.747292e-13|  3.780936e-05|     4|  12|0|n|30|  OK  |
log10(resTarget_Lim / resTarget_Orig): 1.7 
Face Momentum (sd=  0): max value of div(mf) (cv=14399) = 9.592808e-08
	norm_L2 of div(momentum) = 6.890059e-07.
Flow alg-view 0 in phys-view 0 isn't Neumann (not Multi Phase treating)
LOG: number of a-faces with weighted approximations in 0 subdomain: 3.68166 percent
LOG: Rate of a-faces corrected to CUp1st in 0 subdomain: 0.0429761 %
slv : SolveBL stage
|nsd|Real WF|NormalF|Cycle F|CriticF| EdgeF |CyclBrF|ExtParF|RWFnumSt|StLvlNum|  nfw  |  alp_U_min  |  nfw  |  alp_U_max  |  nfw  |  alp_T_min  |  nfw  |  alp_T_max  |  nfw  |  BL_s_min   |  nfw  |   BL_s_max  |
|  0|    786|    611|      0|      0|    175|      0|      0|     786|      20|   3279|0.0020858    |   4147|8.556        |   3634|0            |   3810|7827.23      |   3841|-130.399     |   3634|0            |
Face Momentum (sd=  0): max value of div(mf) (cv=14399) = 9.592808e-08
	norm_L2 of div(momentum) = 6.890059e-07.
nsd = 0 BC: AP Inlet occurs on 3524 w-faces
+----+----+----+--------------+--------------+--------------+--------------+--------------+------+----+-+-+--+------+
|Name|view| n_y| Initial res  | Initial resL1| Target res   | Final res    | Final res L1 |Visits|Iter|R|F|CL|Status|
+----+----+----+--------------+--------------+--------------+--------------+--------------+------+----+-+-+--+------+
| 3M |   0|   0|  4.197691e-04|  5.940669e-01|  7.870671e-08|  1.083583e-09|  4.520012e-04|     1|   3|0|n|29|  OK  |
Velocity (predicted):
        (local) sd   0: min(  17625)=0.72884767682964     , max(  16072)=41.091237431121      
Flow alg-view 0 is not Neumann (not for Phase Change + Nested Iters)
+----+----+--------------+--------------+--------------+--------------+--------------+------+----+-+-+--+------+
|Name|view| Initial res  | Initial resL1| Target res   | Final res    | Final res L1 |Visits|Iter|R|F|CL|Status|
|DVGR|   0|  9.851572e-07|  2.925028e-02|  6.157233e-11|  2.852391e-11|  1.618889e-04|     3|   9|0|n|30|  OK  |
PRESSURE SOLVER(geom_index=  0): sum_C_dp=1.67769e-11
Face Momentum (sd=  0): max value of div(mf) (cv=15357) = 1.148433e-06
	norm_L2 of div(momentum) = 5.340780e-06.
nsd = 0 min_dtHy = 0.00114201 (nCV =	16072 ) max_dtHy = 0.00820593 (nCV =	15971 ) 
+----+----+--------------+--------------+--------------+--------------+--------------+------+----+-+-+--+------+
|Name|view| Initial res  | Initial resL1| Target res   | Final res    | Final res L1 |Visits|Iter|R|F|CL|Status|
|CHT |   0|  3.439955e-08|  3.391442e-03|  2.149972e-12|  3.027957e-14|  2.522038e-06|     1|   9|0|n|30|  OK  |
slv : Fluid subdom(new) 0
slv : P static (new)                 : min(  16073) = 100646.38523889      , max(  16075) = 102838.13184211      
slv : Density (new)                  : min(  16073) = 1.1948022957329      , max(  16075) = 1.2218903687118      
slv : Velocity (new)                 : min(  17625) = 0.68442694176458     , max(  16072) = 41.112755633167      
slv : Mach number (new)              : min(  17625) = 0.001992928643791    , max(  16072) = 0.11988323570985     
slv : Temperature (new)              : min(  16072) = 292.80751066049      , max(  17625) = 293.64504886715      
slv : Total enthalpy, Y-shifted (new): min(  17665) = 448.20738168045      , max(  15572) = 450.0977661308       
slv : MASS FLUXES AT OPENINGS: MF=-100.32, AP=100.32
slv : DvGr statistics: min alpha=0.160546(nfa=50651, geom_slice=0)
slv : +----------------------------------+------------+-------+------------+------------+
slv : |          Collector name          | Total Time | Count |  Avg Time  |  Max Time  |
slv : +----------------------------------+------------+-------+------------+------------+
slv : | Calculate_inc                    |      13.347|     50|       0.267|       0.492|
slv : | CollectEMT_Results               |       0.000|     51|       0.000|       0.000|
slv : | HeatPathCalculator_Dynamic       |       0.021|      1|       0.021|       0.021|
slv : | LiSy_make_portrait               |       0.452|    170|       0.003|       0.007|
slv : | Results_processing               |       2.871|     50|       0.057|       0.081|
slv : | build_sl_ordering_CHT            |       0.032|     51|       0.001|       0.005|
slv : | build_sl_ordering_MDS            |       0.076|     51|       0.001|       0.011|
slv : | build_sl_ordering_fluid          |       0.073|     51|       0.001|       0.011|
slv : | calc_Convolutions_MDS            |       0.855|     51|       0.017|       0.031|
slv : | calc_wall_dist                   |       0.569|      1|       0.569|       0.569|
slv : | create_Gr_operators_MDS          |       0.500|     51|       0.010|       0.014|
slv : | create_Gr_operators_portrait_MDS |       0.350|     51|       0.007|       0.010|
slv : | init_Hy_group_MDS                |       0.635|     51|       0.012|       0.016|
slv : | perform_stage_total              |      10.152|   1385|       0.007|       0.570|
slv : | precalc_at_start_MDS             |       0.506|      2|       0.253|       0.477|
slv : | solve_3M_MDS                     |       1.452|     51|       0.028|       0.046|
slv : | solve_3M_alg_MDS                 |       0.287|     51|       0.006|       0.011|
slv : | solve_BG_MDS                     |       1.603|     51|       0.031|       0.065|
slv : | solve_BG_alg_MDS                 |       0.827|     51|       0.016|       0.029|
slv : | solve_BL_MDS                     |       0.332|     51|       0.007|       0.026|
slv : | solve_CHT                        |       1.162|     51|       0.023|       0.036|
slv : | solve_CHT_MDS                    |       0.847|     51|       0.017|       0.023|
slv : | solve_CHT_alg_MDS                |       0.251|     51|       0.005|       0.010|
slv : | solve_DvGr_MDS                   |       2.551|     51|       0.050|       0.102|
slv : | solve_DvGr_alg_MDS               |       0.944|     51|       0.019|       0.064|
slv : | solve_INPR_MDS                   |       0.000|      1|       0.000|       0.000|
slv : | solve_PS+QJ                      |       0.000|      0|       0.000|       0.000|
slv : | solve_YLMA_MDS                   |       0.002|     51|       0.000|       0.000|
slv : | solve_YNOx_MDS                   |       0.000|     51|       0.000|       0.000|
slv : | solve_YTd_MDS                    |       0.002|     51|       0.000|       0.000|
slv : | solve_YTurb_MDS                  |       0.002|     51|       0.000|       0.000|
slv : | update_BC_MDS                    |       0.000|     52|       0.000|       0.000|
slv : | update_Mf_after_DvGr             |       0.316|     51|       0.006|       0.009|
slv : | update_VelPressure_MDS           |       0.076|     51|       0.001|       0.006|
slv : +----------------------------------+------------+-------+------------+------------+
-----------------------------------------------------------------------
Memory Working Set Current = 308.84 Mb, Memory Working Set Peak = 309.94 Mb
Memory Private Bytes Current = 337.21 Mb, Memory Private Bytes Peak = 343.04 Mb
Process Threads Number: 35
-----------------------------------------------------------------------
Algebra Pool      : mem_usage = 176.56 Mb, allocated count = 1352

================== Tstep=51 ===================
<Dynamic P> on nsd = 0 {openings (inlet / outlet)}:
  (SP = Static Pressure, EP = Environment Pressure, TP = Total Pressure, E = External)
  {#0, E, (0.000000e+00 / 5.428104e+02)}
  {#1, E, (5.427457e+02 / 0.000000e+00)}
  {#2, E, (1.808793e-14 / 5.427032e+02)}
  {#3, E, (2.235903e-14 / 5.427032e+02)}
  {#4, E, (2.695376e-03 / 5.430634e+02)}
  {#5, E, (8.370482e-15 / 5.427032e+02)}
  MWS[  0]=1.44797
tau_viscous_averaged = 9031.83 
dt(mass,momentum; nsd=  0): min dt/dtG(ncv=  16072)=1.00 , max dt/dtG(ncv=  15971)=6.9    , dtG=0.00115162
Flow alg-view 0 in phys-view 0 isn't Neumann (not Multi Phase treating)
Face Momentum (sd=  0): max value of div(mf) (cv=15664) = 1.046403e-05
Flow alg-view 0 is not Neumann (not for Phase Change + Nested Iters)
+----+----+--------------+--------------+--------------+--------------+--------------+------+----+-+-+--+------+
|Name|view| Initial res  | Initial resL1| Target res   | Final res    | Final res L1 |Visits|Iter|R|F|CL|Status|
| BG |   0|  1.381313e-10|  1.730214e-04|  6.157233e-13|  3.314206e-13|  2.703584e-05|     4|  12|0|n|30|  OK  |
log10(resTarget_Lim / resTarget_Orig): 1.9 
Face Momentum (sd=  0): max value of div(mf) (cv=16020) = 1.013890e-07
	norm_L2 of div(momentum) = 5.756914e-07.
Flow alg-view 0 in phys-view 0 isn't Neumann (not Multi Phase treating)
LOG: number of a-faces with weighted approximations in 0 subdomain: 3.59828 percent
LOG: Rate of a-faces corrected to CUp1st in 0 subdomain: 0.0428011 %
slv : SolveBL stage
|nsd|Real WF|NormalF|Cycle F|CriticF| EdgeF |CyclBrF|ExtParF|RWFnumSt|StLvlNum|  nfw  |  alp_U_min  |  nfw  |  alp_U_max  |  nfw  |  alp_T_min  |  nfw  |  alp_T_max  |  nfw  |  BL_s_min   |  nfw  |   BL_s_max  |
|  0|    786|    611|      0|      0|    175|      0|      0|     786|      20|   3387|0.00307251   |   4147|8.16252      |   3634|0            |   3754|19076.7      |   3841|-130.315     |   3634|0            |
Face Momentum (sd=  0): max value of div(mf) (cv=16020) = 1.013890e-07
	norm_L2 of div(momentum) = 5.756914e-07.
nsd = 0 BC: AP Inlet occurs on 3608 w-faces
+----+----+----+--------------+--------------+--------------+--------------+--------------+------+----+-+-+--+------+
|Name|view| n_y| Initial res  | Initial resL1| Target res   | Final res    | Final res L1 |Visits|Iter|R|F|CL|Status|
+----+----+----+--------------+--------------+--------------+--------------+--------------+------+----+-+-+--+------+
| 3M |   0|   0|  3.511854e-04|  5.862731e-01|  6.584727e-08|  8.529052e-10|  4.099902e-04|     1|   3|0|n|29|  OK  |
Velocity (predicted):
        (local) sd   0: min(  17625)=0.64722195407698     , max(  16072)=41.218535225207      
Flow alg-view 0 is not Neumann (not for Phase Change + Nested Iters)
+----+----+--------------+--------------+--------------+--------------+--------------+------+----+-+-+--+------+
|Name|view| Initial res  | Initial resL1| Target res   | Final res    | Final res L1 |Visits|Iter|R|F|CL|Status|
|DVGR|   0|  8.299565e-07|  2.693633e-02|  5.187228e-11|  3.022798e-11|  1.832949e-04|     3|   9|0|n|30|  OK  |
PRESSURE SOLVER(geom_index=  0): sum_C_dp=-9.78096e-11
Face Momentum (sd=  0): max value of div(mf) (cv=15357) = 1.153193e-06
	norm_L2 of div(momentum) = 5.498000e-06.
nsd = 0 min_dtHy = 0.00115162 (nCV =	16072 ) max_dtHy = 0.00797766 (nCV =	15971 ) 
+----+----+--------------+--------------+--------------+--------------+--------------+------+----+-+-+--+------+
|Name|view| Initial res  | Initial resL1| Target res   | Final res    | Final res L1 |Visits|Iter|R|F|CL|Status|
|CHT |   0|  2.634873e-08|  3.271081e-03|  1.646796e-12|  3.004224e-14|  2.631978e-06|     1|   9|0|n|30|  OK  |
slv : Fluid subdom(new) 0
slv : P static (new)                 : min(  16073) = 100646.9586194       , max(  16075) = 102838.31633594      
slv : Density (new)                  : min(  16073) = 1.1948124352854      , max(  16075) = 1.2218882848265      
slv : Velocity (new)                 : min(  17625) = 0.70979532607437     , max(  16072) = 41.234773624339      
slv : Mach number (new)              : min(  17625) = 0.0020667968645746   , max(  16072) = 0.12024005467969     
slv : Temperature (new)              : min(  16072) = 292.80252285916      , max(  17625) = 293.64504022815      
slv : Total enthalpy, Y-shifted (new): min(  17665) = 448.21289452894      , max(  15590) = 450.09749697773      
slv : MASS FLUXES AT OPENINGS: MF=-100.32, AP=100.32
slv : DvGr statistics: min alpha=0.160545(nfa=50651, geom_slice=0)
slv : +----------------------------------+------------+-------+------------+------------+
slv : |          Collector name          | Total Time | Count |  Avg Time  |  Max Time  |
slv : +----------------------------------+------------+-------+------------+------------+
slv : | Calculate_inc                    |      13.590|     51|       0.266|       0.492|
slv : | CollectEMT_Results               |       0.000|     52|       0.000|       0.000|
slv : | HeatPathCalculator_Dynamic       |       0.021|      1|       0.021|       0.021|
slv : | LiSy_make_portrait               |       0.460|    173|       0.003|       0.007|
slv : | Results_processing               |       2.932|     51|       0.057|       0.081|
slv : | build_sl_ordering_CHT            |       0.032|     52|       0.001|       0.005|
slv : | build_sl_ordering_MDS            |       0.076|     52|       0.001|       0.011|
slv : | build_sl_ordering_fluid          |       0.073|     52|       0.001|       0.011|
slv : | calc_Convolutions_MDS            |       0.871|     52|       0.017|       0.031|
slv : | calc_wall_dist                   |       0.569|      1|       0.569|       0.569|
slv : | create_Gr_operators_MDS          |       0.509|     52|       0.010|       0.014|
slv : | create_Gr_operators_portrait_MDS |       0.356|     52|       0.007|       0.010|
slv : | init_Hy_group_MDS                |       0.646|     52|       0.012|       0.016|
slv : | perform_stage_total              |      10.325|   1412|       0.007|       0.570|
slv : | precalc_at_start_MDS             |       0.506|      2|       0.253|       0.477|
slv : | solve_3M_MDS                     |       1.478|     52|       0.028|       0.046|
slv : | solve_3M_alg_MDS                 |       0.292|     52|       0.006|       0.011|
slv : | solve_BG_MDS                     |       1.631|     52|       0.031|       0.065|
slv : | solve_BG_alg_MDS                 |       0.839|     52|       0.016|       0.029|
slv : | solve_BL_MDS                     |       0.337|     52|       0.006|       0.026|
slv : | solve_CHT                        |       1.184|     52|       0.023|       0.036|
slv : | solve_CHT_MDS                    |       0.864|     52|       0.017|       0.023|
slv : | solve_CHT_alg_MDS                |       0.258|     52|       0.005|       0.010|
slv : | solve_DvGr_MDS                   |       2.597|     52|       0.050|       0.102|
slv : | solve_DvGr_alg_MDS               |       0.961|     52|       0.018|       0.064|
slv : | solve_INPR_MDS                   |       0.000|      1|       0.000|       0.000|
slv : | solve_PS+QJ                      |       0.000|      0|       0.000|       0.000|
slv : | solve_YLMA_MDS                   |       0.002|     52|       0.000|       0.000|
slv : | solve_YNOx_MDS                   |       0.000|     52|       0.000|       0.000|
slv : | solve_YTd_MDS                    |       0.002|     52|       0.000|       0.000|
slv : | solve_YTurb_MDS                  |       0.002|     52|       0.000|       0.000|
slv : | update_BC_MDS                    |       0.000|     53|       0.000|       0.000|
slv : | update_Mf_after_DvGr             |       0.321|     52|       0.006|       0.009|
slv : | update_VelPressure_MDS           |       0.078|     52|       0.002|       0.006|
slv : +----------------------------------+------------+-------+------------+------------+
-----------------------------------------------------------------------
Memory Working Set Current = 307.40 Mb, Memory Working Set Peak = 309.94 Mb
Memory Private Bytes Current = 336.37 Mb, Memory Private Bytes Peak = 343.04 Mb
Process Threads Number: 35
-----------------------------------------------------------------------
Algebra Pool      : mem_usage = 176.56 Mb, allocated count = 1345

================== Tstep=52 ===================
<Dynamic P> on nsd = 0 {openings (inlet / outlet)}:
  (SP = Static Pressure, EP = Environment Pressure, TP = Total Pressure, E = External)
  {#0, E, (0.000000e+00 / 5.428108e+02)}
  {#1, E, (5.427458e+02 / 0.000000e+00)}
  {#2, E, (1.695815e-14 / 5.427032e+02)}
  {#3, E, (2.092395e-14 / 5.427032e+02)}
  {#4, E, (2.652507e-03 / 5.431843e+02)}
  {#5, E, (1.078349e-14 / 5.427032e+02)}
  MWS[  0]=1.45226
tau_viscous_averaged = 9031.83 
dt(mass,momentum; nsd=  0): min dt/dtG(ncv=  16072)=1.00 , max dt/dtG(ncv=  15971)=7.2    , dtG=0.00114224
Flow alg-view 0 in phys-view 0 isn't Neumann (not Multi Phase treating)
Face Momentum (sd=  0): max value of div(mf) (cv=15664) = 3.691028e-06
Flow alg-view 0 is not Neumann (not for Phase Change + Nested Iters)
+----+----+--------------+--------------+--------------+--------------+--------------+------+----+-+-+--+------+
|Name|view| Initial res  | Initial resL1| Target res   | Final res    | Final res L1 |Visits|Iter|R|F|CL|Status|
| BG |   0|  4.926362e-11|  1.915651e-04|  5.187228e-13|  1.579407e-13|  2.489063e-05|     4|  12|0|n|30|  OK  |
log10(resTarget_Lim / resTarget_Orig): 2.2 
Face Momentum (sd=  0): max value of div(mf) (cv=16020) = 5.875503e-08
	norm_L2 of div(momentum) = 3.974175e-07.
Flow alg-view 0 in phys-view 0 isn't Neumann (not Multi Phase treating)
LOG: number of a-faces with weighted approximations in 0 subdomain: 3.51012 percent
LOG: Rate of a-faces corrected to CUp1st in 0 subdomain: 0.0438468 %
slv : SolveBL stage
|nsd|Real WF|NormalF|Cycle F|CriticF| EdgeF |CyclBrF|ExtParF|RWFnumSt|StLvlNum|  nfw  |  alp_U_min  |  nfw  |  alp_U_max  |  nfw  |  alp_T_min  |  nfw  |  alp_T_max  |  nfw  |  BL_s_min   |  nfw  |   BL_s_max  |
|  0|    786|    612|      0|      0|    174|      0|      0|     786|      20|   3387|0.00322691   |   4147|8.41274      |   3634|0            |   3810|8289.01      |   3841|-130.404     |   3634|0            |
Face Momentum (sd=  0): max value of div(mf) (cv=16020) = 5.875503e-08
	norm_L2 of div(momentum) = 3.974175e-07.
nsd = 0 BC: AP Inlet occurs on 3624 w-faces
+----+----+----+--------------+--------------+--------------+--------------+--------------+------+----+-+-+--+------+
|Name|view| n_y| Initial res  | Initial resL1| Target res   | Final res    | Final res L1 |Visits|Iter|R|F|CL|Status|
+----+----+----+--------------+--------------+--------------+--------------+--------------+------+----+-+-+--+------+
| 3M |   0|   0|  2.919973e-04|  5.559738e-01|  5.474949e-08|  9.849571e-10|  4.464547e-04|     1|   3|0|n|29|  OK  |
Velocity (predicted):
        (local) sd   0: min(  17625)=0.73013108826298     , max(  16072)=41.095219924091      
Flow alg-view 0 is not Neumann (not for Phase Change + Nested Iters)
+----+----+--------------+--------------+--------------+--------------+--------------+------+----+-+-+--+------+
|Name|view| Initial res  | Initial resL1| Target res   | Final res    | Final res L1 |Visits|Iter|R|F|CL|Status|
|DVGR|   0|  1.039954e-06|  2.847188e-02|  6.499711e-11|  3.482565e-11|  2.166865e-04|     3|   9|0|n|30|  OK  |
PRESSURE SOLVER(geom_index=  0): sum_C_dp=-1.31184e-10
Face Momentum (sd=  0): max value of div(mf) (cv=15357) = 1.240877e-06
	norm_L2 of div(momentum) = 5.901328e-06.
nsd = 0 min_dtHy = 0.00114224 (nCV =	16072 ) max_dtHy = 0.00820024 (nCV =	15971 ) 
+----+----+--------------+--------------+--------------+--------------+--------------+------+----+-+-+--+------+
|Name|view| Initial res  | Initial resL1| Target res   | Final res    | Final res L1 |Visits|Iter|R|F|CL|Status|
|CHT |   0|  2.272108e-08|  3.082177e-03|  1.420068e-12|  2.698249e-14|  2.369469e-06|     1|   9|0|n|30|  OK  |
slv : Fluid subdom(new) 0
slv : P static (new)                 : min(  16073) = 100646.29896311      , max(  16075) = 102838.08649111      
slv : Density (new)                  : min(  16073) = 1.1948013264389      , max(  16075) = 1.2218901047824      
slv : Velocity (new)                 : min(  17625) = 0.68420533553385     , max(  16072) = 41.116127610241      
slv : Mach number (new)              : min(  17625) = 0.0019922833514255   , max(  16072) = 0.11989309631604     
slv : Temperature (new)              : min(  16072) = 292.80737298698      , max(  17625) = 293.64505322787      
slv : Total enthalpy, Y-shifted (new): min(  17665) = 448.20894156861      , max(  15590) = 450.09827077696      
slv : MASS FLUXES AT OPENINGS: MF=-100.32, AP=100.32
slv : DvGr statistics: min alpha=0.158681(nfa=44823, geom_slice=0)
slv : +----------------------------------+------------+-------+------------+------------+
slv : |          Collector name          | Total Time | Count |  Avg Time  |  Max Time  |
slv : +----------------------------------+------------+-------+------------+------------+
slv : | Calculate_inc                    |      13.837|     52|       0.266|       0.492|
slv : | CollectEMT_Results               |       0.000|     53|       0.000|       0.000|
slv : | HeatPathCalculator_Dynamic       |       0.021|      1|       0.021|       0.021|
slv : | LiSy_make_portrait               |       0.467|    176|       0.003|       0.007|
slv : | Results_processing               |       3.000|     52|       0.058|       0.081|
slv : | build_sl_ordering_CHT            |       0.032|     53|       0.001|       0.005|
slv : | build_sl_ordering_MDS            |       0.076|     53|       0.001|       0.011|
slv : | build_sl_ordering_fluid          |       0.074|     53|       0.001|       0.011|
slv : | calc_Convolutions_MDS            |       0.887|     53|       0.017|       0.031|
slv : | calc_wall_dist                   |       0.569|      1|       0.569|       0.569|
slv : | create_Gr_operators_MDS          |       0.518|     53|       0.010|       0.014|
slv : | create_Gr_operators_portrait_MDS |       0.363|     53|       0.007|       0.010|
slv : | init_Hy_group_MDS                |       0.656|     53|       0.012|       0.016|
slv : | perform_stage_total              |      10.492|   1439|       0.007|       0.570|
slv : | precalc_at_start_MDS             |       0.506|      2|       0.253|       0.477|
slv : | solve_3M_MDS                     |       1.504|     53|       0.028|       0.046|
slv : | solve_3M_alg_MDS                 |       0.297|     53|       0.006|       0.011|
slv : | solve_BG_MDS                     |       1.659|     53|       0.031|       0.065|
slv : | solve_BG_alg_MDS                 |       0.854|     53|       0.016|       0.029|
slv : | solve_BL_MDS                     |       0.344|     53|       0.006|       0.026|
slv : | solve_CHT                        |       1.204|     53|       0.023|       0.036|
slv : | solve_CHT_MDS                    |       0.878|     53|       0.017|       0.023|
slv : | solve_CHT_alg_MDS                |       0.262|     53|       0.005|       0.010|
slv : | solve_DvGr_MDS                   |       2.642|     53|       0.050|       0.102|
slv : | solve_DvGr_alg_MDS               |       0.974|     53|       0.018|       0.064|
slv : | solve_INPR_MDS                   |       0.000|      1|       0.000|       0.000|
slv : | solve_PS+QJ                      |       0.000|      0|       0.000|       0.000|
slv : | solve_YLMA_MDS                   |       0.002|     53|       0.000|       0.000|
slv : | solve_YNOx_MDS                   |       0.000|     53|       0.000|       0.000|
slv : | solve_YTd_MDS                    |       0.002|     53|       0.000|       0.000|
slv : | solve_YTurb_MDS                  |       0.002|     53|       0.000|       0.000|
slv : | update_BC_MDS                    |       0.000|     54|       0.000|       0.000|
slv : | update_Mf_after_DvGr             |       0.326|     53|       0.006|       0.009|
slv : | update_VelPressure_MDS           |       0.079|     53|       0.001|       0.006|
slv : +----------------------------------+------------+-------+------------+------------+
-----------------------------------------------------------------------
Memory Working Set Current = 310.24 Mb, Memory Working Set Peak = 310.24 Mb
Memory Private Bytes Current = 337.23 Mb, Memory Private Bytes Peak = 343.04 Mb
Process Threads Number: 35
-----------------------------------------------------------------------
Algebra Pool      : mem_usage = 176.56 Mb, allocated count = 1347

================== Tstep=53 ===================
<Dynamic P> on nsd = 0 {openings (inlet / outlet)}:
  (SP = Static Pressure, EP = Environment Pressure, TP = Total Pressure, E = External)
  {#0, E, (0.000000e+00 / 5.428113e+02)}
  {#1, E, (5.427458e+02 / 0.000000e+00)}
  {#2, E, (1.660293e-14 / 5.427032e+02)}
  {#3, E, (2.049666e-14 / 5.427032e+02)}
  {#4, E, (2.619008e-03 / 5.438054e+02)}
  {#5, E, (1.567311e-14 / 5.427032e+02)}
  MWS[  0]=1.44809
tau_viscous_averaged = 9031.83 
dt(mass,momentum; nsd=  0): min dt/dtG(ncv=  16072)=1.00 , max dt/dtG(ncv=  15971)=6.9    , dtG=0.00115138
Flow alg-view 0 in phys-view 0 isn't Neumann (not Multi Phase treating)
Face Momentum (sd=  0): max value of div(mf) (cv=15357) = 1.240877e-06
Flow alg-view 0 is not Neumann (not for Phase Change + Nested Iters)
+----+----+--------------+--------------+--------------+--------------+--------------+------+----+-+-+--+------+
|Name|view| Initial res  | Initial resL1| Target res   | Final res    | Final res L1 |Visits|Iter|R|F|CL|Status|
| BG |   0|  3.502744e-11|  2.173125e-04|  6.499711e-13|  5.055795e-13|  3.632593e-05|     4|  12|0|n|30|  OK  |
log10(resTarget_Lim / resTarget_Orig): 2.5 
Face Momentum (sd=  0): max value of div(mf) (cv=15915) = 2.256882e-07
	norm_L2 of div(momentum) = 7.110411e-07.
Flow alg-view 0 in phys-view 0 isn't Neumann (not Multi Phase treating)
LOG: number of a-faces with weighted approximations in 0 subdomain: 3.69477 percent
LOG: Rate of a-faces corrected to CUp1st in 0 subdomain: 0.0391438 %
slv : SolveBL stage
|nsd|Real WF|NormalF|Cycle F|CriticF| EdgeF |CyclBrF|ExtParF|RWFnumSt|StLvlNum|  nfw  |  alp_U_min  |  nfw  |  alp_U_max  |  nfw  |  alp_T_min  |  nfw  |  alp_T_max  |  nfw  |  BL_s_min   |  nfw  |   BL_s_max  |
|  0|    786|    612|      0|      0|    174|      0|      0|     786|      20|   3387|0.00318985   |   4147|7.8401       |   3634|0            |   3754|19081.4      |   3841|-130.32      |   3634|0            |
Face Momentum (sd=  0): max value of div(mf) (cv=15915) = 2.256882e-07
	norm_L2 of div(momentum) = 7.110411e-07.
nsd = 0 BC: AP Inlet occurs on 3645 w-faces
+----+----+----+--------------+--------------+--------------+--------------+--------------+------+----+-+-+--+------+
|Name|view| n_y| Initial res  | Initial resL1| Target res   | Final res    | Final res L1 |Visits|Iter|R|F|CL|Status|
+----+----+----+--------------+--------------+--------------+--------------+--------------+------+----+-+-+--+------+
| 3M |   0|   0|  4.578612e-04|  5.843509e-01|  8.584897e-08|  1.026568e-09|  4.431208e-04|     1|   3|0|n|29|  OK  |
Velocity (predicted):
        (local) sd   0: min(  17625)=0.6522149269312      , max(  16072)=41.222434499983      
Flow alg-view 0 is not Neumann (not for Phase Change + Nested Iters)
+----+----+--------------+--------------+--------------+--------------+--------------+------+----+-+-+--+------+
|Name|view| Initial res  | Initial resL1| Target res   | Final res    | Final res L1 |Visits|Iter|R|F|CL|Status|
|DVGR|   0|  1.117407e-06|  2.973586e-02|  6.983794e-11|  3.557204e-11|  1.744381e-04|     3|   9|0|n|30|  OK  |
PRESSURE SOLVER(geom_index=  0): sum_C_dp=2.35155e-11
Face Momentum (sd=  0): max value of div(mf) (cv=15357) = 1.396554e-06
	norm_L2 of div(momentum) = 5.964232e-06.
nsd = 0 min_dtHy = 0.00115138 (nCV =	16072 ) max_dtHy = 0.00799317 (nCV =	15971 ) 
+----+----+--------------+--------------+--------------+--------------+--------------+------+----+-+-+--+------+
|Name|view| Initial res  | Initial resL1| Target res   | Final res    | Final res L1 |Visits|Iter|R|F|CL|Status|
|CHT |   0|  3.573518e-08|  3.359004e-03|  2.233449e-12|  2.783457e-14|  2.537019e-06|     1|   9|0|n|30|  OK  |
slv : Fluid subdom(new) 0
slv : P static (new)                 : min(  16073) = 100646.84581207      , max(  16075) = 102838.224081        
slv : Density (new)                  : min(  16073) = 1.1948113171954      , max(  16075) = 1.2218871899789      
slv : Velocity (new)                 : min(  17625) = 0.70604316527507     , max(  16072) = 41.236770666964      
slv : Mach number (new)              : min(  17625) = 0.0020558712309319   , max(  16072) = 0.12024589475593     
slv : Temperature (new)              : min(  16072) = 292.80244100303      , max(  17625) = 293.64504407779      
slv : Total enthalpy, Y-shifted (new): min(  17665) = 448.21454540678      , max(  18453) = 450.10074047349      
slv : MASS FLUXES AT OPENINGS: MF=-100.32, AP=100.32
slv : DvGr statistics: min alpha=0.153352(nfa=44835, geom_slice=0)
slv : +----------------------------------+------------+-------+------------+------------+
slv : |          Collector name          | Total Time | Count |  Avg Time  |  Max Time  |
slv : +----------------------------------+------------+-------+------------+------------+
slv : | Calculate_inc                    |      14.076|     53|       0.266|       0.492|
slv : | CollectEMT_Results               |       0.000|     54|       0.000|       0.000|
slv : | HeatPathCalculator_Dynamic       |       0.021|      1|       0.021|       0.021|
slv : | LiSy_make_portrait               |       0.475|    179|       0.003|       0.007|
slv : | Results_processing               |       3.062|     53|       0.058|       0.081|
slv : | build_sl_ordering_CHT            |       0.032|     54|       0.001|       0.005|
slv : | build_sl_ordering_MDS            |       0.076|     54|       0.001|       0.011|
slv : | build_sl_ordering_fluid          |       0.074|     54|       0.001|       0.011|
slv : | calc_Convolutions_MDS            |       0.903|     54|       0.017|       0.031|
slv : | calc_wall_dist                   |       0.569|      1|       0.569|       0.569|
slv : | create_Gr_operators_MDS          |       0.528|     54|       0.010|       0.014|
slv : | create_Gr_operators_portrait_MDS |       0.370|     54|       0.007|       0.010|
slv : | init_Hy_group_MDS                |       0.668|     54|       0.012|       0.016|
slv : | perform_stage_total              |      10.668|   1466|       0.007|       0.570|
slv : | precalc_at_start_MDS             |       0.506|      2|       0.253|       0.477|
slv : | solve_3M_MDS                     |       1.533|     54|       0.028|       0.046|
slv : | solve_3M_alg_MDS                 |       0.303|     54|       0.006|       0.011|
slv : | solve_BG_MDS                     |       1.691|     54|       0.031|       0.065|
slv : | solve_BG_alg_MDS                 |       0.871|     54|       0.016|       0.029|
slv : | solve_BL_MDS                     |       0.349|     54|       0.006|       0.026|
slv : | solve_CHT                        |       1.227|     54|       0.023|       0.036|
slv : | solve_CHT_MDS                    |       0.897|     54|       0.017|       0.023|
slv : | solve_CHT_alg_MDS                |       0.269|     54|       0.005|       0.010|
slv : | solve_DvGr_MDS                   |       2.686|     54|       0.050|       0.102|
slv : | solve_DvGr_alg_MDS               |       0.987|     54|       0.018|       0.064|
slv : | solve_INPR_MDS                   |       0.000|      1|       0.000|       0.000|
slv : | solve_PS+QJ                      |       0.000|      0|       0.000|       0.000|
slv : | solve_YLMA_MDS                   |       0.002|     54|       0.000|       0.000|
slv : | solve_YNOx_MDS                   |       0.000|     54|       0.000|       0.000|
slv : | solve_YTd_MDS                    |       0.002|     54|       0.000|       0.000|
slv : | solve_YTurb_MDS                  |       0.002|     54|       0.000|       0.000|
slv : | update_BC_MDS                    |       0.000|     55|       0.000|       0.000|
slv : | update_Mf_after_DvGr             |       0.331|     54|       0.006|       0.009|
slv : | update_VelPressure_MDS           |       0.080|     54|       0.001|       0.006|
slv : +----------------------------------+------------+-------+------------+------------+
-----------------------------------------------------------------------
Memory Working Set Current = 311.13 Mb, Memory Working Set Peak = 311.13 Mb
Memory Private Bytes Current = 337.23 Mb, Memory Private Bytes Peak = 343.04 Mb
Process Threads Number: 35
-----------------------------------------------------------------------
Algebra Pool      : mem_usage = 176.56 Mb, allocated count = 1345

================== Tstep=54 ===================
<Dynamic P> on nsd = 0 {openings (inlet / outlet)}:
  (SP = Static Pressure, EP = Environment Pressure, TP = Total Pressure, E = External)
  {#0, E, (0.000000e+00 / 5.428107e+02)}
  {#1, E, (5.427457e+02 / 0.000000e+00)}
  {#2, E, (1.761146e-14 / 5.427032e+02)}
  {#3, E, (2.118841e-14 / 5.427032e+02)}
  {#4, E, (2.684061e-03 / 5.432155e+02)}
  {#5, E, (1.658353e-14 / 5.427032e+02)}
  MWS[  0]=1.45233
tau_viscous_averaged = 9031.83 
dt(mass,momentum; nsd=  0): min dt/dtG(ncv=  16072)=1.00 , max dt/dtG(ncv=  15971)=7.2    , dtG=0.00114211
Flow alg-view 0 in phys-view 0 isn't Neumann (not Multi Phase treating)
Face Momentum (sd=  0): max value of div(mf) (cv=15357) = 1.396554e-06
Flow alg-view 0 is not Neumann (not for Phase Change + Nested Iters)
+----+----+--------------+--------------+--------------+--------------+--------------+------+----+-+-+--+------+
|Name|view| Initial res  | Initial resL1| Target res   | Final res    | Final res L1 |Visits|Iter|R|F|CL|Status|
| BG |   0|  3.588964e-11|  1.757391e-04|  6.983794e-13|  4.338341e-13|  2.745015e-05|     4|  12|0|n|30|  OK  |
log10(resTarget_Lim / resTarget_Orig): 2.5 
Face Momentum (sd=  0): max value of div(mf) (cv=16020) = 2.119582e-07
	norm_L2 of div(momentum) = 6.586609e-07.
Flow alg-view 0 in phys-view 0 isn't Neumann (not Multi Phase treating)
LOG: number of a-faces with weighted approximations in 0 subdomain: 3.94136 percent
LOG: Rate of a-faces corrected to CUp1st in 0 subdomain: 0.043972 %
slv : SolveBL stage
|nsd|Real WF|NormalF|Cycle F|CriticF| EdgeF |CyclBrF|ExtParF|RWFnumSt|StLvlNum|  nfw  |  alp_U_min  |  nfw  |  alp_U_max  |  nfw  |  alp_T_min  |  nfw  |  alp_T_max  |  nfw  |  BL_s_min   |  nfw  |   BL_s_max  |
|  0|    786|    610|      0|      0|    176|      0|      0|     786|      20|   3387|0.00311007   |   4147|8.38754      |   3634|0            |   3810|8355.4       |   3841|-130.402     |   3634|0            |
Face Momentum (sd=  0): max value of div(mf) (cv=16020) = 2.119582e-07
	norm_L2 of div(momentum) = 6.586609e-07.
nsd = 0 BC: AP Inlet occurs on 3543 w-faces
+----+----+----+--------------+--------------+--------------+--------------+--------------+------+----+-+-+--+------+
|Name|view| n_y| Initial res  | Initial resL1| Target res   | Final res    | Final res L1 |Visits|Iter|R|F|CL|Status|
+----+----+----+--------------+--------------+--------------+--------------+--------------+------+----+-+-+--+------+
| 3M |   0|   0|  3.876960e-04|  5.897546e-01|  7.269301e-08|  8.830326e-10|  4.230316e-04|     1|   3|0|n|29|  OK  |
Velocity (predicted):
        (local) sd   0: min(  17625)=0.72916828395935     , max(  16072)=41.094591237131      
Flow alg-view 0 is not Neumann (not for Phase Change + Nested Iters)
+----+----+--------------+--------------+--------------+--------------+--------------+------+----+-+-+--+------+
|Name|view| Initial res  | Initial resL1| Target res   | Final res    | Final res L1 |Visits|Iter|R|F|CL|Status|
|DVGR|   0|  9.614590e-07|  2.831073e-02|  6.009119e-11|  1.017921e-11|  1.147660e-04|     3|   9|0|n|30|  OK  |
PRESSURE SOLVER(geom_index=  0): sum_C_dp=3.87786e-11
Face Momentum (sd=  0): max value of div(mf) (cv=15375) = 4.325613e-07
	norm_L2 of div(momentum) = 3.190489e-06.
nsd = 0 min_dtHy = 0.00114211 (nCV =	16072 ) max_dtHy = 0.00818796 (nCV =	15971 ) 
+----+----+--------------+--------------+--------------+--------------+--------------+------+----+-+-+--+------+
|Name|view| Initial res  | Initial resL1| Target res   | Final res    | Final res L1 |Visits|Iter|R|F|CL|Status|
|CHT |   0|  3.267881e-08|  3.402213e-03|  2.042426e-12|  2.764585e-14|  2.573973e-06|     1|   9|0|n|30|  OK  |
slv : Fluid subdom(new) 0
slv : P static (new)                 : min(  16073) = 100646.24969946      , max(  16075) = 102838.04739859      
slv : Density (new)                  : min(  16073) = 1.194800735637       , max(  16075) = 1.2218892052862      
slv : Velocity (new)                 : min(  17625) = 0.68046101479892     , max(  16072) = 41.111048464755      
slv : Mach number (new)              : min(  17625) = 0.0019813805532503   , max(  16072) = 0.11987824347413     
slv : Temperature (new)              : min(  16072) = 292.80758035459      , max(  17625) = 293.64505532663      
slv : Total enthalpy, Y-shifted (new): min(  17665) = 448.20972492481      , max(  18453) = 450.10681460116      
slv : MASS FLUXES AT OPENINGS: MF=-100.32, AP=100.32
slv : DvGr statistics: min alpha=0.160571(nfa=50651, geom_slice=0)
slv : +----------------------------------+------------+-------+------------+------------+
slv : |          Collector name          | Total Time | Count |  Avg Time  |  Max Time  |
slv : +----------------------------------+------------+-------+------------+------------+
slv : | Calculate_inc                    |      14.329|     54|       0.265|       0.492|
slv : | CollectEMT_Results               |       0.000|     55|       0.000|       0.000|
slv : | HeatPathCalculator_Dynamic       |       0.021|      1|       0.021|       0.021|
slv : | LiSy_make_portrait               |       0.484|    182|       0.003|       0.007|
slv : | Results_processing               |       3.139|     54|       0.058|       0.081|
slv : | build_sl_ordering_CHT            |       0.032|     55|       0.001|       0.005|
slv : | build_sl_ordering_MDS            |       0.077|     55|       0.001|       0.011|
slv : | build_sl_ordering_fluid          |       0.074|     55|       0.001|       0.011|
slv : | calc_Convolutions_MDS            |       0.918|     55|       0.017|       0.031|
slv : | calc_wall_dist                   |       0.569|      1|       0.569|       0.569|
slv : | create_Gr_operators_MDS          |       0.537|     55|       0.010|       0.014|
slv : | create_Gr_operators_portrait_MDS |       0.377|     55|       0.007|       0.010|
slv : | init_Hy_group_MDS                |       0.682|     55|       0.012|       0.016|
slv : | perform_stage_total              |      10.865|   1493|       0.007|       0.570|
slv : | precalc_at_start_MDS             |       0.506|      2|       0.253|       0.477|
slv : | solve_3M_MDS                     |       1.562|     55|       0.028|       0.046|
slv : | solve_3M_alg_MDS                 |       0.308|     55|       0.006|       0.011|
slv : | solve_BG_MDS                     |       1.727|     55|       0.031|       0.065|
slv : | solve_BG_alg_MDS                 |       0.885|     55|       0.016|       0.029|
slv : | solve_BL_MDS                     |       0.358|     55|       0.007|       0.026|
slv : | solve_CHT                        |       1.250|     55|       0.023|       0.036|
slv : | solve_CHT_MDS                    |       0.914|     55|       0.017|       0.023|
slv : | solve_CHT_alg_MDS                |       0.274|     55|       0.005|       0.010|
slv : | solve_DvGr_MDS                   |       2.732|     55|       0.050|       0.102|
slv : | solve_DvGr_alg_MDS               |       1.002|     55|       0.018|       0.064|
slv : | solve_INPR_MDS                   |       0.000|      1|       0.000|       0.000|
slv : | solve_PS+QJ                      |       0.000|      0|       0.000|       0.000|
slv : | solve_YLMA_MDS                   |       0.002|     55|       0.000|       0.000|
slv : | solve_YNOx_MDS                   |       0.000|     55|       0.000|       0.000|
slv : | solve_YTd_MDS                    |       0.002|     55|       0.000|       0.000|
slv : | solve_YTurb_MDS                  |       0.003|     55|       0.000|       0.000|
slv : | update_BC_MDS                    |       0.000|     56|       0.000|       0.000|
slv : | update_Mf_after_DvGr             |       0.336|     55|       0.006|       0.009|
slv : | update_VelPressure_MDS           |       0.081|     55|       0.001|       0.006|
slv : +----------------------------------+------------+-------+------------+------------+
Interpolator cache: total calls 2377, optimised calls 888 (37.4 %)
-----------------------------------------------------------------------
Memory Working Set Current = 311.46 Mb, Memory Working Set Peak = 311.46 Mb
Memory Private Bytes Current = 337.45 Mb, Memory Private Bytes Peak = 343.04 Mb
Process Threads Number: 35
-----------------------------------------------------------------------
Iteration : time = 1.56235 , count = 5 , time/count = 0.31247
Calculate_inc() : time = 1.26652 , count = 5 , time/count = 0.253304
TreatFlowEvolution() : time = 0.280609 , count = 5 , time/count = 0.0561218
SolverPreview : time = 0 , count = 5 , time/count = 0
TreatGoals : time = 0.280609 , count = 5 , time/count = 0.0561218
Algebra Pool      : mem_usage = 176.56 Mb, allocated count = 1352

================== Tstep=55 ===================
<Dynamic P> on nsd = 0 {openings (inlet / outlet)}:
  (SP = Static Pressure, EP = Environment Pressure, TP = Total Pressure, E = External)
  {#0, E, (0.000000e+00 / 5.428105e+02)}
  {#1, E, (5.427456e+02 / 0.000000e+00)}
  {#2, E, (1.816175e-14 / 5.427032e+02)}
  {#3, E, (2.160034e-14 / 5.427032e+02)}
  {#4, E, (2.730097e-03 / 5.430494e+02)}
  {#5, E, (1.394804e-14 / 5.427032e+02)}
  MWS[  0]=1.44791
tau_viscous_averaged = 9031.83 
dt(mass,momentum; nsd=  0): min dt/dtG(ncv=  16072)=1.00 , max dt/dtG(ncv=  15971)=6.9    , dtG=0.00115181
Flow alg-view 0 in phys-view 0 isn't Neumann (not Multi Phase treating)
Face Momentum (sd=  0): max value of div(mf) (cv=14960) = 2.482190e-06
Flow alg-view 0 is not Neumann (not for Phase Change + Nested Iters)
+----+----+--------------+--------------+--------------+--------------+--------------+------+----+-+-+--+------+
|Name|view| Initial res  | Initial resL1| Target res   | Final res    | Final res L1 |Visits|Iter|R|F|CL|Status|
| BG |   0|  2.133575e-11|  1.201580e-04|  6.009119e-13|  2.637787e-13|  2.739298e-05|     3|   9|0|n|30|  OK  |
log10(resTarget_Lim / resTarget_Orig): 2.7 
Face Momentum (sd=  0): max value of div(mf) (cv=15328) = 5.427383e-08
	norm_L2 of div(momentum) = 5.135939e-07.
Flow alg-view 0 in phys-view 0 isn't Neumann (not Multi Phase treating)
LOG: number of a-faces with weighted approximations in 0 subdomain: 3.63104 percent
LOG: Rate of a-faces corrected to CUp1st in 0 subdomain: 0.0411874 %
slv : SolveBL stage
|nsd|Real WF|NormalF|Cycle F|CriticF| EdgeF |CyclBrF|ExtParF|RWFnumSt|StLvlNum|  nfw  |  alp_U_min  |  nfw  |  alp_U_max  |  nfw  |  alp_T_min  |  nfw  |  alp_T_max  |  nfw  |  BL_s_min   |  nfw  |   BL_s_max  |
|  0|    786|    611|      0|      0|    175|      0|      0|     786|      20|   3387|0.00274224   |   4147|7.96895      |   3634|0            |   3754|19082.1      |   3841|-130.312     |   3634|0            |
Face Momentum (sd=  0): max value of div(mf) (cv=15328) = 5.427383e-08
	norm_L2 of div(momentum) = 5.135939e-07.
nsd = 0 BC: AP Inlet occurs on 3617 w-faces
+----+----+----+--------------+--------------+--------------+--------------+--------------+------+----+-+-+--+------+
|Name|view| n_y| Initial res  | Initial resL1| Target res   | Final res    | Final res L1 |Visits|Iter|R|F|CL|Status|
+----+----+----+--------------+--------------+--------------+--------------+--------------+------+----+-+-+--+------+
| 3M |   0|   0|  3.088536e-04|  5.472485e-01|  5.791004e-08|  8.678564e-10|  4.180144e-04|     1|   3|0|n|29|  OK  |
Velocity (predicted):
        (local) sd   0: min(  17625)=0.64953195352722     , max(  16072)=41.221102079401      
Flow alg-view 0 is not Neumann (not for Phase Change + Nested Iters)
+----+----+--------------+--------------+--------------+--------------+--------------+------+----+-+-+--+------+
|Name|view| Initial res  | Initial resL1| Target res   | Final res    | Final res L1 |Visits|Iter|R|F|CL|Status|
|DVGR|   0|  8.139689e-07|  2.634766e-02|  5.087305e-11|  3.516820e-11|  2.014632e-04|     3|   9|0|n|30|  OK  |
PRESSURE SOLVER(geom_index=  0): sum_C_dp=1.07525e-10
Face Momentum (sd=  0): max value of div(mf) (cv=15357) = 1.176413e-06
	norm_L2 of div(momentum) = 5.930280e-06.
nsd = 0 min_dtHy = 0.00115181 (nCV =	16072 ) max_dtHy = 0.00793918 (nCV =	15971 ) 
+----+----+--------------+--------------+--------------+--------------+--------------+------+----+-+-+--+------+
|Name|view| Initial res  | Initial resL1| Target res   | Final res    | Final res L1 |Visits|Iter|R|F|CL|Status|
|CHT |   0|  2.490252e-08|  3.162559e-03|  1.556407e-12|  2.869159e-14|  2.511687e-06|     1|   9|0|n|30|  OK  |
slv : Fluid subdom(new) 0
slv : P static (new)                 : min(  16073) = 100646.92495876      , max(  16075) = 102838.28113622      
slv : Density (new)                  : min(  16073) = 1.1948120579072      , max(  16075) = 1.2218874901946      
slv : Velocity (new)                 : min(  17625) = 0.70229610790784     , max(  16072) = 41.232531465458      
slv : Mach number (new)              : min(  17625) = 0.0020449604551986   , max(  16072) = 0.12023349781628     
slv : Temperature (new)              : min(  16072) = 292.80261466618      , max(  17625) = 293.64504865268      
slv : Total enthalpy, Y-shifted (new): min(  17665) = 448.21537384453      , max(  18453) = 450.11248800084      
slv : MASS FLUXES AT OPENINGS: MF=-100.32, AP=100.32
slv : DvGr statistics: min alpha=0.160531(nfa=50651, geom_slice=0)
slv : +----------------------------------+------------+-------+------------+------------+
slv : |          Collector name          | Total Time | Count |  Avg Time  |  Max Time  |
slv : +----------------------------------+------------+-------+------------+------------+
slv : | Calculate_inc                    |      14.604|     55|       0.266|       0.492|
slv : | CollectEMT_Results               |       0.000|     56|       0.000|       0.000|
slv : | HeatPathCalculator_Dynamic       |       0.021|      1|       0.021|       0.021|
slv : | LiSy_make_portrait               |       0.492|    185|       0.003|       0.007|
slv : | Results_processing               |       3.183|     55|       0.058|       0.081|
slv : | build_sl_ordering_CHT            |       0.032|     56|       0.001|       0.005|
slv : | build_sl_ordering_MDS            |       0.077|     56|       0.001|       0.011|
slv : | build_sl_ordering_fluid          |       0.074|     56|       0.001|       0.011|
slv : | calc_Convolutions_MDS            |       0.934|     56|       0.017|       0.031|
slv : | calc_wall_dist                   |       0.569|      1|       0.569|       0.569|
slv : | create_Gr_operators_MDS          |       0.545|     56|       0.010|       0.014|
slv : | create_Gr_operators_portrait_MDS |       0.384|     56|       0.007|       0.010|
slv : | init_Hy_group_MDS                |       0.692|     56|       0.012|       0.016|
slv : | perform_stage_total              |      11.036|   1520|       0.007|       0.570|
slv : | precalc_at_start_MDS             |       0.506|      2|       0.253|       0.477|
slv : | solve_3M_MDS                     |       1.590|     56|       0.028|       0.046|
slv : | solve_3M_alg_MDS                 |       0.313|     56|       0.006|       0.011|
slv : | solve_BG_MDS                     |       1.753|     56|       0.031|       0.065|
slv : | solve_BG_alg_MDS                 |       0.897|     56|       0.016|       0.029|
slv : | solve_BL_MDS                     |       0.364|     56|       0.006|       0.026|
slv : | solve_CHT                        |       1.275|     56|       0.023|       0.036|
slv : | solve_CHT_MDS                    |       0.933|     56|       0.017|       0.023|
slv : | solve_CHT_alg_MDS                |       0.282|     56|       0.005|       0.010|
slv : | solve_DvGr_MDS                   |       2.776|     56|       0.050|       0.102|
slv : | solve_DvGr_alg_MDS               |       1.015|     56|       0.018|       0.064|
slv : | solve_INPR_MDS                   |       0.000|      1|       0.000|       0.000|
slv : | solve_PS+QJ                      |       0.000|      0|       0.000|       0.000|
slv : | solve_YLMA_MDS                   |       0.002|     56|       0.000|       0.000|
slv : | solve_YNOx_MDS                   |       0.000|     56|       0.000|       0.000|
slv : | solve_YTd_MDS                    |       0.002|     56|       0.000|       0.000|
slv : | solve_YTurb_MDS                  |       0.003|     56|       0.000|       0.000|
slv : | update_BC_MDS                    |       0.000|     57|       0.000|       0.000|
slv : | update_Mf_after_DvGr             |       0.341|     56|       0.006|       0.009|
slv : | update_VelPressure_MDS           |       0.087|     56|       0.002|       0.006|
slv : +----------------------------------+------------+-------+------------+------------+
-----------------------------------------------------------------------
Memory Working Set Current = 306.18 Mb, Memory Working Set Peak = 311.46 Mb
Memory Private Bytes Current = 331.60 Mb, Memory Private Bytes Peak = 343.04 Mb
Process Threads Number: 35
-----------------------------------------------------------------------
Algebra Pool      : mem_usage = 176.56 Mb, allocated count = 1356

================== Tstep=56 ===================
<Dynamic P> on nsd = 0 {openings (inlet / outlet)}:
  (SP = Static Pressure, EP = Environment Pressure, TP = Total Pressure, E = External)
  {#0, E, (0.000000e+00 / 5.428099e+02)}
  {#1, E, (5.427458e+02 / 0.000000e+00)}
  {#2, E, (1.846086e-14 / 5.427032e+02)}
  {#3, E, (2.147878e-14 / 5.427032e+02)}
  {#4, E, (2.736236e-03 / 5.429856e+02)}
  {#5, E, (1.182476e-14 / 5.427032e+02)}
  MWS[  0]=1.45218
tau_viscous_averaged = 9031.83 
dt(mass,momentum; nsd=  0): min dt/dtG(ncv=  16072)=1.00 , max dt/dtG(ncv=  15971)=7.2    , dtG=0.00114239
Flow alg-view 0 in phys-view 0 isn't Neumann (not Multi Phase treating)
Face Momentum (sd=  0): max value of div(mf) (cv=18554) = 1.653550e-06
Flow alg-view 0 is not Neumann (not for Phase Change + Nested Iters)
+----+----+--------------+--------------+--------------+--------------+--------------+------+----+-+-+--+------+
|Name|view| Initial res  | Initial resL1| Target res   | Final res    | Final res L1 |Visits|Iter|R|F|CL|Status|
| BG |   0|  3.793560e-11|  2.033692e-04|  5.087305e-13|  2.945816e-13|  3.044148e-05|     4|  12|0|n|30|  OK  |
log10(resTarget_Lim / resTarget_Orig): 2.3 
Face Momentum (sd=  0): max value of div(mf) (cv=16020) = 1.185237e-07
	norm_L2 of div(momentum) = 5.427537e-07.
Flow alg-view 0 in phys-view 0 isn't Neumann (not Multi Phase treating)
LOG: number of a-faces with weighted approximations in 0 subdomain: 3.68226 percent
LOG: Rate of a-faces corrected to CUp1st in 0 subdomain: 0.0455566 %
slv : SolveBL stage
|nsd|Real WF|NormalF|Cycle F|CriticF| EdgeF |CyclBrF|ExtParF|RWFnumSt|StLvlNum|  nfw  |  alp_U_min  |  nfw  |  alp_U_max  |  nfw  |  alp_T_min  |  nfw  |  alp_T_max  |  nfw  |  BL_s_min   |  nfw  |   BL_s_max  |
|  0|    786|    612|      0|      0|    174|      0|      0|     786|      20|   3387|0.00260516   |   4147|8.55314      |   3634|0            |   3773|14824.9      |   3841|-130.392     |   3634|0            |
Face Momentum (sd=  0): max value of div(mf) (cv=16020) = 1.185237e-07
	norm_L2 of div(momentum) = 5.427537e-07.
nsd = 0 BC: AP Inlet occurs on 3611 w-faces
+----+----+----+--------------+--------------+--------------+--------------+--------------+------+----+-+-+--+------+
|Name|view| n_y| Initial res  | Initial resL1| Target res   | Final res    | Final res L1 |Visits|Iter|R|F|CL|Status|
+----+----+----+--------------+--------------+--------------+--------------+--------------+------+----+-+-+--+------+
| 3M |   0|   0|  2.491303e-04|  5.227953e-01|  4.671193e-08|  1.000470e-09|  4.342847e-04|     1|   3|0|n|29|  OK  |
Velocity (predicted):
        (local) sd   0: min(  17625)=0.72639425936845     , max(  16072)=41.095456218477      
Flow alg-view 0 is not Neumann (not for Phase Change + Nested Iters)
+----+----+--------------+--------------+--------------+--------------+--------------+------+----+-+-+--+------+
|Name|view| Initial res  | Initial resL1| Target res   | Final res    | Final res L1 |Visits|Iter|R|F|CL|Status|
|DVGR|   0|  8.522278e-07|  2.728384e-02|  5.326424e-11|  2.000481e-11|  1.743100e-04|     3|   9|0|n|30|  OK  |
PRESSURE SOLVER(geom_index=  0): sum_C_dp=1.03029e-10
Face Momentum (sd=  0): max value of div(mf) (cv=15983) = 7.491887e-07
	norm_L2 of div(momentum) = 4.472675e-06.
nsd = 0 min_dtHy = 0.00114239 (nCV =	16072 ) max_dtHy = 0.00817015 (nCV =	15971 ) 
+----+----+--------------+--------------+--------------+--------------+--------------+------+----+-+-+--+------+
|Name|view| Initial res  | Initial resL1| Target res   | Final res    | Final res L1 |Visits|Iter|R|F|CL|Status|
|CHT |   0|  2.242882e-08|  3.050188e-03|  1.401801e-12|  3.069320e-14|  2.513142e-06|     1|   9|0|n|30|  OK  |
slv : Fluid subdom(new) 0
slv : P static (new)                 : min(  16073) = 100646.38193093      , max(  16075) = 102838.12102586      
slv : Density (new)                  : min(  16073) = 1.1948022815322      , max(  16075) = 1.2218903147546      
slv : Velocity (new)                 : min(  17625) = 0.67687429819011     , max(  16072) = 41.114368472504      
slv : Mach number (new)              : min(  17625) = 0.0019709366736932   , max(  16072) = 0.1198879520983      
slv : Temperature (new)              : min(  16072) = 292.80744483634      , max(  17625) = 293.64505635773      
slv : Total enthalpy, Y-shifted (new): min(  17665) = 448.21079859142      , max(  18453) = 450.11766251588      
slv : MASS FLUXES AT OPENINGS: MF=-100.32, AP=100.32
slv : DvGr statistics: min alpha=0.157575(nfa=44823, geom_slice=0)
slv : +----------------------------------+------------+-------+------------+------------+
slv : |          Collector name          | Total Time | Count |  Avg Time  |  Max Time  |
slv : +----------------------------------+------------+-------+------------+------------+
slv : | Calculate_inc                    |      14.853|     56|       0.265|       0.492|
slv : | CollectEMT_Results               |       0.000|     57|       0.000|       0.000|
slv : | HeatPathCalculator_Dynamic       |       0.021|      1|       0.021|       0.021|
slv : | LiSy_make_portrait               |       0.501|    188|       0.003|       0.007|
slv : | Results_processing               |       3.222|     56|       0.058|       0.081|
slv : | build_sl_ordering_CHT            |       0.032|     57|       0.001|       0.005|
slv : | build_sl_ordering_MDS            |       0.077|     57|       0.001|       0.011|
slv : | build_sl_ordering_fluid          |       0.074|     57|       0.001|       0.011|
slv : | calc_Convolutions_MDS            |       0.950|     57|       0.017|       0.031|
slv : | calc_wall_dist                   |       0.569|      1|       0.569|       0.569|
slv : | create_Gr_operators_MDS          |       0.555|     57|       0.010|       0.014|
slv : | create_Gr_operators_portrait_MDS |       0.391|     57|       0.007|       0.010|
slv : | init_Hy_group_MDS                |       0.702|     57|       0.012|       0.016|
slv : | perform_stage_total              |      11.201|   1547|       0.007|       0.570|
slv : | precalc_at_start_MDS             |       0.506|      2|       0.253|       0.477|
slv : | solve_3M_MDS                     |       1.617|     57|       0.028|       0.046|
slv : | solve_3M_alg_MDS                 |       0.318|     57|       0.006|       0.011|
slv : | solve_BG_MDS                     |       1.778|     57|       0.031|       0.065|
slv : | solve_BG_alg_MDS                 |       0.909|     57|       0.016|       0.029|
slv : | solve_BL_MDS                     |       0.369|     57|       0.006|       0.026|
slv : | solve_CHT                        |       1.299|     57|       0.023|       0.036|
slv : | solve_CHT_MDS                    |       0.950|     57|       0.017|       0.023|
slv : | solve_CHT_alg_MDS                |       0.287|     57|       0.005|       0.010|
slv : | solve_DvGr_MDS                   |       2.822|     57|       0.050|       0.102|
slv : | solve_DvGr_alg_MDS               |       1.030|     57|       0.018|       0.064|
slv : | solve_INPR_MDS                   |       0.000|      1|       0.000|       0.000|
slv : | solve_PS+QJ                      |       0.000|      0|       0.000|       0.000|
slv : | solve_YLMA_MDS                   |       0.002|     57|       0.000|       0.000|
slv : | solve_YNOx_MDS                   |       0.000|     57|       0.000|       0.000|
slv : | solve_YTd_MDS                    |       0.002|     57|       0.000|       0.000|
slv : | solve_YTurb_MDS                  |       0.003|     57|       0.000|       0.000|
slv : | update_BC_MDS                    |       0.000|     58|       0.000|       0.000|
slv : | update_Mf_after_DvGr             |       0.347|     57|       0.006|       0.009|
slv : | update_VelPressure_MDS           |       0.089|     57|       0.002|       0.006|
slv : +----------------------------------+------------+-------+------------+------------+
-----------------------------------------------------------------------
Memory Working Set Current = 307.29 Mb, Memory Working Set Peak = 311.46 Mb
Memory Private Bytes Current = 319.07 Mb, Memory Private Bytes Peak = 343.04 Mb
Process Threads Number: 35
-----------------------------------------------------------------------
Algebra Pool      : mem_usage = 176.56 Mb, allocated count = 1343

================== Tstep=57 ===================
<Dynamic P> on nsd = 0 {openings (inlet / outlet)}:
  (SP = Static Pressure, EP = Environment Pressure, TP = Total Pressure, E = External)
  {#0, E, (0.000000e+00 / 5.428100e+02)}
  {#1, E, (5.427458e+02 / 0.000000e+00)}
  {#2, E, (1.739428e-14 / 5.427032e+02)}
  {#3, E, (2.096301e-14 / 5.427032e+02)}
  {#4, E, (2.710854e-03 / 5.429922e+02)}
  {#5, E, (9.049559e-15 / 5.427032e+02)}
  MWS[  0]=1.44803
tau_viscous_averaged = 9031.83 
dt(mass,momentum; nsd=  0): min dt/dtG(ncv=  16072)=1.00 , max dt/dtG(ncv=  15971)=6.9    , dtG=0.00115153
Flow alg-view 0 in phys-view 0 isn't Neumann (not Multi Phase treating)
Face Momentum (sd=  0): max value of div(mf) (cv=14962) = 2.572068e-06
Flow alg-view 0 is not Neumann (not for Phase Change + Nested Iters)
+----+----+--------------+--------------+--------------+--------------+--------------+------+----+-+-+--+------+
|Name|view| Initial res  | Initial resL1| Target res   | Final res    | Final res L1 |Visits|Iter|R|F|CL|Status|
| BG |   0|  2.671515e-11|  1.773857e-04|  5.326424e-13|  1.545631e-13|  1.912156e-05|     5|  15|0|n|30|  OK  |
log10(resTarget_Lim / resTarget_Orig): 2.5 
Face Momentum (sd=  0): max value of div(mf) (cv=16020) = 1.360955e-07
	norm_L2 of div(momentum) = 3.931452e-07.
Flow alg-view 0 in phys-view 0 isn't Neumann (not Multi Phase treating)
LOG: number of a-faces with weighted approximations in 0 subdomain: 3.60066 percent
LOG: Rate of a-faces corrected to CUp1st in 0 subdomain: 0.0390886 %
slv : SolveBL stage
|nsd|Real WF|NormalF|Cycle F|CriticF| EdgeF |CyclBrF|ExtParF|RWFnumSt|StLvlNum|  nfw  |  alp_U_min  |  nfw  |  alp_U_max  |  nfw  |  alp_T_min  |  nfw  |  alp_T_max  |  nfw  |  BL_s_min   |  nfw  |   BL_s_max  |
|  0|    786|    610|      0|      0|    176|      0|      0|     786|      20|   3387|0.0027315    |   4147|8.36415      |   3634|0            |   3754|19078.9      |   3841|-130.328     |   3634|0            |
Face Momentum (sd=  0): max value of div(mf) (cv=16020) = 1.360955e-07
	norm_L2 of div(momentum) = 3.931452e-07.
nsd = 0 BC: AP Inlet occurs on 3609 w-faces
+----+----+----+--------------+--------------+--------------+--------------+--------------+------+----+-+-+--+------+
|Name|view| n_y| Initial res  | Initial resL1| Target res   | Final res    | Final res L1 |Visits|Iter|R|F|CL|Status|
+----+----+----+--------------+--------------+--------------+--------------+--------------+------+----+-+-+--+------+
| 3M |   0|   0|  2.992401e-04|  5.261156e-01|  5.610751e-08|  8.751083e-10|  4.163330e-04|     1|   3|0|n|29|  OK  |
Velocity (predicted):
        (local) sd   0: min(  17625)=0.64759473741771     , max(  16072)=41.220984058995      
Flow alg-view 0 is not Neumann (not for Phase Change + Nested Iters)
+----+----+--------------+--------------+--------------+--------------+--------------+------+----+-+-+--+------+
|Name|view| Initial res  | Initial resL1| Target res   | Final res    | Final res L1 |Visits|Iter|R|F|CL|Status|
|DVGR|   0|  9.735301e-07|  2.807470e-02|  6.084563e-11|  1.666584e-11|  1.458941e-04|     3|   9|0|n|30|  OK  |
PRESSURE SOLVER(geom_index=  0): sum_C_dp=6.65899e-12
Face Momentum (sd=  0): max value of div(mf) (cv=18673) = 5.964187e-07
	norm_L2 of div(momentum) = 4.082383e-06.
nsd = 0 min_dtHy = 0.00115153 (nCV =	16072 ) max_dtHy = 0.00788807 (nCV =	15971 ) 
+----+----+--------------+--------------+--------------+--------------+--------------+------+----+-+-+--+------+
|Name|view| Initial res  | Initial resL1| Target res   | Final res    | Final res L1 |Visits|Iter|R|F|CL|Status|
|CHT |   0|  2.556298e-08|  3.061836e-03|  1.597686e-12|  3.120868e-14|  2.607845e-06|     1|   9|0|n|30|  OK  |
slv : Fluid subdom(new) 0
slv : P static (new)                 : min(  16073) = 100646.98820895      , max(  16075) = 102838.27089595      
slv : Density (new)                  : min(  16073) = 1.1948127943712      , max(  16075) = 1.2218874738858      
slv : Velocity (new)                 : min(  17625) = 0.70358467190796     , max(  16072) = 41.232721047262      
slv : Mach number (new)              : min(  17625) = 0.0020487125336208   , max(  16072) = 0.12023405222885     
slv : Temperature (new)              : min(  16072) = 292.80260686156      , max(  17625) = 293.64504551555      
slv : Total enthalpy, Y-shifted (new): min(  17665) = 448.21599207393      , max(  18018) = 450.123072412        
slv : MASS FLUXES AT OPENINGS: MF=-100.32, AP=100.32
slv : DvGr statistics: min alpha=0.153785(nfa=44835, geom_slice=0)
slv : +----------------------------------+------------+-------+------------+------------+
slv : |          Collector name          | Total Time | Count |  Avg Time  |  Max Time  |
slv : +----------------------------------+------------+-------+------------+------------+
slv : | Calculate_inc                    |      15.091|     57|       0.265|       0.492|
slv : | CollectEMT_Results               |       0.000|     58|       0.000|       0.000|
slv : | HeatPathCalculator_Dynamic       |       0.021|      1|       0.021|       0.021|
slv : | LiSy_make_portrait               |       0.508|    191|       0.003|       0.007|
slv : | Results_processing               |       3.273|     57|       0.057|       0.081|
slv : | build_sl_ordering_CHT            |       0.032|     58|       0.001|       0.005|
slv : | build_sl_ordering_MDS            |       0.077|     58|       0.001|       0.011|
slv : | build_sl_ordering_fluid          |       0.075|     58|       0.001|       0.011|
slv : | calc_Convolutions_MDS            |       0.965|     58|       0.017|       0.031|
slv : | calc_wall_dist                   |       0.569|      1|       0.569|       0.569|
slv : | create_Gr_operators_MDS          |       0.564|     58|       0.010|       0.014|
slv : | create_Gr_operators_portrait_MDS |       0.397|     58|       0.007|       0.010|
slv : | init_Hy_group_MDS                |       0.714|     58|       0.012|       0.016|
slv : | perform_stage_total              |      11.381|   1574|       0.007|       0.570|
slv : | precalc_at_start_MDS             |       0.506|      2|       0.253|       0.477|
slv : | solve_3M_MDS                     |       1.646|     58|       0.028|       0.046|
slv : | solve_3M_alg_MDS                 |       0.323|     58|       0.006|       0.011|
slv : | solve_BG_MDS                     |       1.808|     58|       0.031|       0.065|
slv : | solve_BG_alg_MDS                 |       0.925|     58|       0.016|       0.029|
slv : | solve_BL_MDS                     |       0.376|     58|       0.006|       0.026|
slv : | solve_CHT                        |       1.321|     58|       0.023|       0.036|
slv : | solve_CHT_MDS                    |       0.967|     58|       0.017|       0.023|
slv : | solve_CHT_alg_MDS                |       0.292|     58|       0.005|       0.010|
slv : | solve_DvGr_MDS                   |       2.870|     58|       0.049|       0.102|
slv : | solve_DvGr_alg_MDS               |       1.048|     58|       0.018|       0.064|
slv : | solve_INPR_MDS                   |       0.000|      1|       0.000|       0.000|
slv : | solve_PS+QJ                      |       0.000|      0|       0.000|       0.000|
slv : | solve_YLMA_MDS                   |       0.002|     58|       0.000|       0.000|
slv : | solve_YNOx_MDS                   |       0.000|     58|       0.000|       0.000|
slv : | solve_YTd_MDS                    |       0.002|     58|       0.000|       0.000|
slv : | solve_YTurb_MDS                  |       0.003|     58|       0.000|       0.000|
slv : | update_BC_MDS                    |       0.000|     59|       0.000|       0.000|
slv : | update_Mf_after_DvGr             |       0.352|     58|       0.006|       0.009|
slv : | update_VelPressure_MDS           |       0.090|     58|       0.002|       0.006|
slv : +----------------------------------+------------+-------+------------+------------+
-----------------------------------------------------------------------
Memory Working Set Current = 310.34 Mb, Memory Working Set Peak = 311.46 Mb
Memory Private Bytes Current = 337.43 Mb, Memory Private Bytes Peak = 343.04 Mb
Process Threads Number: 35
-----------------------------------------------------------------------
Algebra Pool      : mem_usage = 176.56 Mb, allocated count = 1346

================== Tstep=58 ===================
<Dynamic P> on nsd = 0 {openings (inlet / outlet)}:
  (SP = Static Pressure, EP = Environment Pressure, TP = Total Pressure, E = External)
  {#0, E, (0.000000e+00 / 5.428102e+02)}
  {#1, E, (5.427457e+02 / 0.000000e+00)}
  {#2, E, (1.629924e-14 / 5.427032e+02)}
  {#3, E, (1.964523e-14 / 5.427032e+02)}
  {#4, E, (2.647749e-03 / 5.431503e+02)}
  {#5, E, (8.237892e-15 / 5.427032e+02)}
  MWS[  0]=1.45219
tau_viscous_averaged = 9031.83 
dt(mass,momentum; nsd=  0): min dt/dtG(ncv=  16072)=1.00 , max dt/dtG(ncv=  15971)=7.1    , dtG=0.00114224
Flow alg-view 0 in phys-view 0 isn't Neumann (not Multi Phase treating)
Face Momentum (sd=  0): max value of div(mf) (cv=15664) = 8.828607e-06
Flow alg-view 0 is not Neumann (not for Phase Change + Nested Iters)
+----+----+--------------+--------------+--------------+--------------+--------------+------+----+-+-+--+------+
|Name|view| Initial res  | Initial resL1| Target res   | Final res    | Final res L1 |Visits|Iter|R|F|CL|Status|
| BG |   0|  9.914687e-11|  1.574422e-04|  6.084563e-13|  2.244538e-13|  2.522351e-05|     4|  12|0|n|30|  OK  |
log10(resTarget_Lim / resTarget_Orig): 2.0 
Face Momentum (sd=  0): max value of div(mf) (cv=14399) = 6.314171e-08
	norm_L2 of div(momentum) = 4.737655e-07.
Flow alg-view 0 in phys-view 0 isn't Neumann (not Multi Phase treating)
LOG: number of a-faces with weighted approximations in 0 subdomain: 3.60542 percent
LOG: Rate of a-faces corrected to CUp1st in 0 subdomain: 0.0447746 %
slv : SolveBL stage
|nsd|Real WF|NormalF|Cycle F|CriticF| EdgeF |CyclBrF|ExtParF|RWFnumSt|StLvlNum|  nfw  |  alp_U_min  |  nfw  |  alp_U_max  |  nfw  |  alp_T_min  |  nfw  |  alp_T_max  |  nfw  |  BL_s_min   |  nfw  |   BL_s_max  |
|  0|    786|    612|      0|      0|    174|      0|      0|     786|      20|   3279|0.00206178   |   4147|9.13448      |   3634|0            |   3736|12116.9      |   3841|-130.402     |   3634|0            |
Face Momentum (sd=  0): max value of div(mf) (cv=14399) = 6.314171e-08
	norm_L2 of div(momentum) = 4.737655e-07.
nsd = 0 BC: AP Inlet occurs on 3638 w-faces
+----+----+----+--------------+--------------+--------------+--------------+--------------+------+----+-+-+--+------+
|Name|view| n_y| Initial res  | Initial resL1| Target res   | Final res    | Final res L1 |Visits|Iter|R|F|CL|Status|
+----+----+----+--------------+--------------+--------------+--------------+--------------+------+----+-+-+--+------+
| 3M |   0|   0|  3.159613e-04|  5.292213e-01|  5.924274e-08|  9.459951e-10|  4.368667e-04|     1|   3|0|n|29|  OK  |
Velocity (predicted):
        (local) sd   0: min(  17625)=0.72336774119972     , max(  16072)=41.092001497276      
Flow alg-view 0 is not Neumann (not for Phase Change + Nested Iters)
+----+----+--------------+--------------+--------------+--------------+--------------+------+----+-+-+--+------+
|Name|view| Initial res  | Initial resL1| Target res   | Final res    | Final res L1 |Visits|Iter|R|F|CL|Status|
|DVGR|   0|  9.305671e-07|  2.799211e-02|  5.816045e-11|  3.708217e-11|  1.765012e-04|     3|   9|0|n|30|  OK  |
PRESSURE SOLVER(geom_index=  0): sum_C_dp=-7.72436e-11
Face Momentum (sd=  0): max value of div(mf) (cv=15357) = 1.457080e-06
	norm_L2 of div(momentum) = 6.089515e-06.
nsd = 0 min_dtHy = 0.00114224 (nCV =	16072 ) max_dtHy = 0.00813921 (nCV =	15971 ) 
+----+----+--------------+--------------+--------------+--------------+--------------+------+----+-+-+--+------+
|Name|view| Initial res  | Initial resL1| Target res   | Final res    | Final res L1 |Visits|Iter|R|F|CL|Status|
|CHT |   0|  2.120317e-08|  2.948134e-03|  1.325198e-12|  2.588903e-14|  2.387404e-06|     1|   9|0|n|30|  OK  |
slv : Fluid subdom(new) 0
slv : P static (new)                 : min(  16073) = 100646.40938419      , max(  16075) = 102838.07843142      
slv : Density (new)                  : min(  16073) = 1.1948025163546      , max(  16075) = 1.2218894443495      
slv : Velocity (new)                 : min(  17625) = 0.67750972845627     , max(  16072) = 41.107767985933      
slv : Mach number (new)              : min(  17625) = 0.0019727869357204   , max(  16072) = 0.11986865043307     
slv : Temperature (new)              : min(  16072) = 292.80771433224      , max(  17625) = 293.64505547558      
slv : Total enthalpy, Y-shifted (new): min(  17665) = 448.21078610843      , max(  18018) = 450.12847205075      
slv : MASS FLUXES AT OPENINGS: MF=-100.32, AP=100.32
slv : DvGr statistics: min alpha=0.14908(nfa=52877, geom_slice=0)
slv : +----------------------------------+------------+-------+------------+------------+
slv : |          Collector name          | Total Time | Count |  Avg Time  |  Max Time  |
slv : +----------------------------------+------------+-------+------------+------------+
slv : | Calculate_inc                    |      15.353|     58|       0.265|       0.492|
slv : | CollectEMT_Results               |       0.000|     59|       0.000|       0.000|
slv : | HeatPathCalculator_Dynamic       |       0.021|      1|       0.021|       0.021|
slv : | LiSy_make_portrait               |       0.517|    194|       0.003|       0.007|
slv : | Results_processing               |       3.333|     58|       0.057|       0.081|
slv : | build_sl_ordering_CHT            |       0.032|     59|       0.001|       0.005|
slv : | build_sl_ordering_MDS            |       0.078|     59|       0.001|       0.011|
slv : | build_sl_ordering_fluid          |       0.075|     59|       0.001|       0.011|
slv : | calc_Convolutions_MDS            |       0.983|     59|       0.017|       0.031|
slv : | calc_wall_dist                   |       0.569|      1|       0.569|       0.569|
slv : | create_Gr_operators_MDS          |       0.573|     59|       0.010|       0.014|
slv : | create_Gr_operators_portrait_MDS |       0.405|     59|       0.007|       0.010|
slv : | init_Hy_group_MDS                |       0.727|     59|       0.012|       0.016|
slv : | perform_stage_total              |      11.557|   1601|       0.007|       0.570|
slv : | precalc_at_start_MDS             |       0.506|      2|       0.253|       0.477|
slv : | solve_3M_MDS                     |       1.674|     59|       0.028|       0.046|
slv : | solve_3M_alg_MDS                 |       0.329|     59|       0.006|       0.011|
slv : | solve_BG_MDS                     |       1.837|     59|       0.031|       0.065|
slv : | solve_BG_alg_MDS                 |       0.941|     59|       0.016|       0.029|
slv : | solve_BL_MDS                     |       0.383|     59|       0.006|       0.026|
slv : | solve_CHT                        |       1.344|     59|       0.023|       0.036|
slv : | solve_CHT_MDS                    |       0.986|     59|       0.017|       0.023|
slv : | solve_CHT_alg_MDS                |       0.296|     59|       0.005|       0.010|
slv : | solve_DvGr_MDS                   |       2.919|     59|       0.049|       0.102|
slv : | solve_DvGr_alg_MDS               |       1.063|     59|       0.018|       0.064|
slv : | solve_INPR_MDS                   |       0.000|      1|       0.000|       0.000|
slv : | solve_PS+QJ                      |       0.000|      0|       0.000|       0.000|
slv : | solve_YLMA_MDS                   |       0.002|     59|       0.000|       0.000|
slv : | solve_YNOx_MDS                   |       0.000|     59|       0.000|       0.000|
slv : | solve_YTd_MDS                    |       0.002|     59|       0.000|       0.000|
slv : | solve_YTurb_MDS                  |       0.003|     59|       0.000|       0.000|
slv : | update_BC_MDS                    |       0.000|     60|       0.000|       0.000|
slv : | update_Mf_after_DvGr             |       0.358|     59|       0.006|       0.009|
slv : | update_VelPressure_MDS           |       0.091|     59|       0.002|       0.006|
slv : +----------------------------------+------------+-------+------------+------------+
-----------------------------------------------------------------------
Memory Working Set Current = 311.14 Mb, Memory Working Set Peak = 311.46 Mb
Memory Private Bytes Current = 337.43 Mb, Memory Private Bytes Peak = 343.04 Mb
Process Threads Number: 35
-----------------------------------------------------------------------
Algebra Pool      : mem_usage = 176.56 Mb, allocated count = 1349

================== Tstep=59 ===================
<Dynamic P> on nsd = 0 {openings (inlet / outlet)}:
  (SP = Static Pressure, EP = Environment Pressure, TP = Total Pressure, E = External)
  {#0, E, (0.000000e+00 / 5.428107e+02)}
  {#1, E, (5.427457e+02 / 0.000000e+00)}
  {#2, E, (1.525788e-14 / 5.427032e+02)}
  {#3, E, (1.876500e-14 / 5.427032e+02)}
  {#4, E, (2.616151e-03 / 5.434585e+02)}
  {#5, E, (1.056918e-14 / 5.427032e+02)}
  MWS[  0]=1.4478
tau_viscous_averaged = 9031.83 
dt(mass,momentum; nsd=  0): min dt/dtG(ncv=  16072)=1.00 , max dt/dtG(ncv=  15971)=6.9    , dtG=0.00115192
Flow alg-view 0 in phys-view 0 isn't Neumann (not Multi Phase treating)
Face Momentum (sd=  0): max value of div(mf) (cv=15664) = 4.099462e-06
Flow alg-view 0 is not Neumann (not for Phase Change + Nested Iters)
+----+----+--------------+--------------+--------------+--------------+--------------+------+----+-+-+--+------+
|Name|view| Initial res  | Initial resL1| Target res   | Final res    | Final res L1 |Visits|Iter|R|F|CL|Status|
| BG |   0|  5.389474e-11|  1.806367e-04|  5.816045e-13|  4.829832e-13|  2.825097e-05|     4|  12|0|n|30|  OK  |
log10(resTarget_Lim / resTarget_Orig): 2.2 
Face Momentum (sd=  0): max value of div(mf) (cv=15915) = 2.297448e-07
	norm_L2 of div(momentum) = 6.949699e-07.
Flow alg-view 0 in phys-view 0 isn't Neumann (not Multi Phase treating)
LOG: number of a-faces with weighted approximations in 0 subdomain: 3.60423 percent
LOG: Rate of a-faces corrected to CUp1st in 0 subdomain: 0.0394005 %
slv : SolveBL stage
|nsd|Real WF|NormalF|Cycle F|CriticF| EdgeF |CyclBrF|ExtParF|RWFnumSt|StLvlNum|  nfw  |  alp_U_min  |  nfw  |  alp_U_max  |  nfw  |  alp_T_min  |  nfw  |  alp_T_max  |  nfw  |  BL_s_min   |  nfw  |   BL_s_max  |
|  0|    786|    612|      0|      0|    174|      0|      0|     786|      20|   3387|0.00339521   |   4147|8.71394      |   3634|0            |   3754|19077.8      |   3841|-130.325     |   3634|0            |
Face Momentum (sd=  0): max value of div(mf) (cv=15915) = 2.297448e-07
	norm_L2 of div(momentum) = 6.949699e-07.
nsd = 0 BC: AP Inlet occurs on 3624 w-faces
+----+----+----+--------------+--------------+--------------+--------------+--------------+------+----+-+-+--+------+
|Name|view| n_y| Initial res  | Initial resL1| Target res   | Final res    | Final res L1 |Visits|Iter|R|F|CL|Status|
+----+----+----+--------------+--------------+--------------+--------------+--------------+------+----+-+-+--+------+
| 3M |   0|   0|  3.417410e-04|  5.439977e-01|  6.407643e-08|  1.003038e-09|  4.393503e-04|     1|   3|0|n|29|  OK  |
Velocity (predicted):
        (local) sd   0: min(  17625)=0.64974511941638     , max(  16072)=41.218529153146      
Flow alg-view 0 is not Neumann (not for Phase Change + Nested Iters)
+----+----+--------------+--------------+--------------+--------------+--------------+------+----+-+-+--+------+
|Name|view| Initial res  | Initial resL1| Target res   | Final res    | Final res L1 |Visits|Iter|R|F|CL|Status|
|DVGR|   0|  9.883143e-07|  2.775469e-02|  6.176965e-11|  2.927926e-11|  2.076675e-04|     3|   9|0|n|30|  OK  |
PRESSURE SOLVER(geom_index=  0): sum_C_dp=-1.12391e-10
Face Momentum (sd=  0): max value of div(mf) (cv=15375) = 7.642249e-07
	norm_L2 of div(momentum) = 5.411034e-06.
nsd = 0 min_dtHy = 0.00115192 (nCV =	16072 ) max_dtHy = 0.00800028 (nCV =	15971 ) 
+----+----+--------------+--------------+--------------+--------------+--------------+------+----+-+-+--+------+
|Name|view| Initial res  | Initial resL1| Target res   | Final res    | Final res L1 |Visits|Iter|R|F|CL|Status|
|CHT |   0|  2.557876e-08|  3.165294e-03|  1.598673e-12|  2.663059e-14|  2.464031e-06|     1|   9|0|n|30|  OK  |
slv : Fluid subdom(new) 0
slv : P static (new)                 : min(  16073) = 100647.02772943      , max(  16075) = 102838.2488005       
slv : Density (new)                  : min(  16073) = 1.1948131724378      , max(  16075) = 1.2218871469374      
slv : Velocity (new)                 : min(  17625) = 0.70220790056549     , max(  16072) = 41.229567404031      
slv : Mach number (new)              : min(  17625) = 0.0020447036291836   , max(  16072) = 0.12022482984877     
slv : Temperature (new)              : min(  16072) = 292.80273607893      , max(  17625) = 293.64504346763      
slv : Total enthalpy, Y-shifted (new): min(  17665) = 448.21586588687      , max(  18018) = 450.13373725981      
slv : MASS FLUXES AT OPENINGS: MF=-100.32, AP=100.32
slv : DvGr statistics: min alpha=0.160523(nfa=50651, geom_slice=0)
slv : +----------------------------------+------------+-------+------------+------------+
slv : |          Collector name          | Total Time | Count |  Avg Time  |  Max Time  |
slv : +----------------------------------+------------+-------+------------+------------+
slv : | Calculate_inc                    |      15.607|     59|       0.265|       0.492|
slv : | CollectEMT_Results               |       0.000|     60|       0.000|       0.000|
slv : | HeatPathCalculator_Dynamic       |       0.021|      1|       0.021|       0.021|
slv : | LiSy_make_portrait               |       0.525|    197|       0.003|       0.007|
slv : | Results_processing               |       3.372|     59|       0.057|       0.081|
slv : | build_sl_ordering_CHT            |       0.032|     60|       0.001|       0.005|
slv : | build_sl_ordering_MDS            |       0.078|     60|       0.001|       0.011|
slv : | build_sl_ordering_fluid          |       0.075|     60|       0.001|       0.011|
slv : | calc_Convolutions_MDS            |       1.001|     60|       0.017|       0.031|
slv : | calc_wall_dist                   |       0.569|      1|       0.569|       0.569|
slv : | create_Gr_operators_MDS          |       0.585|     60|       0.010|       0.014|
slv : | create_Gr_operators_portrait_MDS |       0.411|     60|       0.007|       0.010|
slv : | init_Hy_group_MDS                |       0.738|     60|       0.012|       0.016|
slv : | perform_stage_total              |      11.731|   1628|       0.007|       0.570|
slv : | precalc_at_start_MDS             |       0.506|      2|       0.253|       0.477|
slv : | solve_3M_MDS                     |       1.704|     60|       0.028|       0.046|
slv : | solve_3M_alg_MDS                 |       0.336|     60|       0.006|       0.011|
slv : | solve_BG_MDS                     |       1.866|     60|       0.031|       0.065|
slv : | solve_BG_alg_MDS                 |       0.954|     60|       0.016|       0.029|
slv : | solve_BL_MDS                     |       0.389|     60|       0.006|       0.026|
slv : | solve_CHT                        |       1.368|     60|       0.023|       0.036|
slv : | solve_CHT_MDS                    |       1.003|     60|       0.017|       0.023|
slv : | solve_CHT_alg_MDS                |       0.302|     60|       0.005|       0.010|
slv : | solve_DvGr_MDS                   |       2.962|     60|       0.049|       0.102|
slv : | solve_DvGr_alg_MDS               |       1.077|     60|       0.018|       0.064|
slv : | solve_INPR_MDS                   |       0.000|      1|       0.000|       0.000|
slv : | solve_PS+QJ                      |       0.000|      0|       0.000|       0.000|
slv : | solve_YLMA_MDS                   |       0.002|     60|       0.000|       0.000|
slv : | solve_YNOx_MDS                   |       0.000|     60|       0.000|       0.000|
slv : | solve_YTd_MDS                    |       0.002|     60|       0.000|       0.000|
slv : | solve_YTurb_MDS                  |       0.003|     60|       0.000|       0.000|
slv : | update_BC_MDS                    |       0.000|     61|       0.000|       0.000|
slv : | update_Mf_after_DvGr             |       0.364|     60|       0.006|       0.009|
slv : | update_VelPressure_MDS           |       0.093|     60|       0.002|       0.006|
slv : +----------------------------------+------------+-------+------------+------------+
Interpolator cache: total calls 2370, optimised calls 875 (36.9 %)
-----------------------------------------------------------------------
Memory Working Set Current = 311.47 Mb, Memory Working Set Peak = 311.47 Mb
Memory Private Bytes Current = 337.44 Mb, Memory Private Bytes Peak = 343.04 Mb
Process Threads Number: 35
-----------------------------------------------------------------------
Iteration : time = 1.51625 , count = 5 , time/count = 0.30325
Calculate_inc() : time = 1.25025 , count = 5 , time/count = 0.25005
TreatFlowEvolution() : time = 0.266001 , count = 5 , time/count = 0.0532002
SolverPreview : time = 0 , count = 5 , time/count = 0
TreatGoals : time = 0.250371 , count = 5 , time/count = 0.0500742
Algebra Pool      : mem_usage = 176.56 Mb, allocated count = 1353

================== Tstep=60 ===================
<Dynamic P> on nsd = 0 {openings (inlet / outlet)}:
  (SP = Static Pressure, EP = Environment Pressure, TP = Total Pressure, E = External)
  {#0, E, (0.000000e+00 / 5.428110e+02)}
  {#1, E, (5.427458e+02 / 0.000000e+00)}
  {#2, E, (1.489625e-14 / 5.427032e+02)}
  {#3, E, (1.863868e-14 / 5.427032e+02)}
  {#4, E, (2.611333e-03 / 5.437692e+02)}
  {#5, E, (1.433980e-14 / 0.000000e+00)}
  MWS[  0]=1.45208
tau_viscous_averaged = 9031.83 
dt(mass,momentum; nsd=  0): min dt/dtG(ncv=  16072)=1.00 , max dt/dtG(ncv=  15971)=7.2    , dtG=0.00114248
Flow alg-view 0 in phys-view 0 isn't Neumann (not Multi Phase treating)
Face Momentum (sd=  0): max value of div(mf) (cv=15375) = 7.642249e-07
Flow alg-view 0 is not Neumann (not for Phase Change + Nested Iters)
+----+----+--------------+--------------+--------------+--------------+--------------+------+----+-+-+--+------+
|Name|view| Initial res  | Initial resL1| Target res   | Final res    | Final res L1 |Visits|Iter|R|F|CL|Status|
| BG |   0|  2.958174e-11|  2.081885e-04|  6.176965e-13|  4.283591e-13|  3.149673e-05|     4|  12|0|n|30|  OK  |
log10(resTarget_Lim / resTarget_Orig): 2.5 
Face Momentum (sd=  0): max value of div(mf) (cv=16020) = 1.991213e-07
	norm_L2 of div(momentum) = 6.544915e-07.
Flow alg-view 0 in phys-view 0 isn't Neumann (not Multi Phase treating)
LOG: number of a-faces with weighted approximations in 0 subdomain: 3.7448 percent
LOG: Rate of a-faces corrected to CUp1st in 0 subdomain: 0.0438183 %
slv : SolveBL stage
|nsd|Real WF|NormalF|Cycle F|CriticF| EdgeF |CyclBrF|ExtParF|RWFnumSt|StLvlNum|  nfw  |  alp_U_min  |  nfw  |  alp_U_max  |  nfw  |  alp_T_min  |  nfw  |  alp_T_max  |  nfw  |  BL_s_min   |  nfw  |   BL_s_max  |
|  0|    786|    610|      0|      0|    176|      0|      0|     786|      20|   3387|0.00349573   |   4147|9.60398      |   3634|0            |   3736|12118.4      |   3841|-130.417     |   3634|0            |
Face Momentum (sd=  0): max value of div(mf) (cv=16020) = 1.991213e-07
	norm_L2 of div(momentum) = 6.544915e-07.
nsd = 0 BC: AP Inlet occurs on 3626 w-faces
+----+----+----+--------------+--------------+--------------+--------------+--------------+------+----+-+-+--+------+
|Name|view| n_y| Initial res  | Initial resL1| Target res   | Final res    | Final res L1 |Visits|Iter|R|F|CL|Status|
+----+----+----+--------------+--------------+--------------+--------------+--------------+------+----+-+-+--+------+
| 3M |   0|   0|  2.821917e-04|  5.372335e-01|  5.291095e-08|  8.922966e-10|  4.251343e-04|     1|   3|0|n|29|  OK  |
Velocity (predicted):
        (local) sd   0: min(  17625)=0.72251735467496     , max(  16072)=41.094903910361      
Flow alg-view 0 is not Neumann (not for Phase Change + Nested Iters)
+----+----+--------------+--------------+--------------+--------------+--------------+------+----+-+-+--+------+
|Name|view| Initial res  | Initial resL1| Target res   | Final res    | Final res L1 |Visits|Iter|R|F|CL|Status|
|DVGR|   0|  8.949419e-07|  2.760498e-02|  5.593387e-11|  2.470413e-11|  1.844486e-04|     3|   9|0|n|30|  OK  |
PRESSURE SOLVER(geom_index=  0): sum_C_dp=-7.11474e-11
Face Momentum (sd=  0): max value of div(mf) (cv=15494) = 6.161749e-07
	norm_L2 of div(momentum) = 4.970326e-06.
nsd = 0 min_dtHy = 0.00114248 (nCV =	16072 ) max_dtHy = 0.00817894 (nCV =	15971 ) 
+----+----+--------------+--------------+--------------+--------------+--------------+------+----+-+-+--+------+
|Name|view| Initial res  | Initial resL1| Target res   | Final res    | Final res L1 |Visits|Iter|R|F|CL|Status|
|CHT |   0|  2.561571e-08|  3.165931e-03|  1.600982e-12|  2.872262e-14|  2.537613e-06|     1|   9|0|n|30|  OK  |
slv : Fluid subdom(new) 0
slv : P static (new)                 : min(  16073) = 100646.4357738       , max(  16075) = 102838.05211604      
slv : Density (new)                  : min(  16073) = 1.1948028711827      , max(  16075) = 1.2218895224439      
slv : Velocity (new)                 : min(  17625) = 0.68009879113297     , max(  16072) = 41.111033141461      
slv : Mach number (new)              : min(  17625) = 0.0019803258366041   , max(  16072) = 0.11987819864762     
slv : Temperature (new)              : min(  16072) = 292.80758106333      , max(  17625) = 293.64505122373      
slv : Total enthalpy, Y-shifted (new): min(  17665) = 448.21068271575      , max(  18018) = 450.1389357071       
slv : MASS FLUXES AT OPENINGS: MF=-100.32, AP=100.32
slv : DvGr statistics: min alpha=0.15801(nfa=44823, geom_slice=0)
slv : +----------------------------------+------------+-------+------------+------------+
slv : |          Collector name          | Total Time | Count |  Avg Time  |  Max Time  |
slv : +----------------------------------+------------+-------+------------+------------+
slv : | Calculate_inc                    |      15.861|     60|       0.264|       0.492|
slv : | CollectEMT_Results               |       0.000|     61|       0.000|       0.000|
slv : | HeatPathCalculator_Dynamic       |       0.021|      1|       0.021|       0.021|
slv : | LiSy_make_portrait               |       0.533|    200|       0.003|       0.007|
slv : | Results_processing               |       3.430|     60|       0.057|       0.081|
slv : | build_sl_ordering_CHT            |       0.032|     61|       0.001|       0.005|
slv : | build_sl_ordering_MDS            |       0.078|     61|       0.001|       0.011|
slv : | build_sl_ordering_fluid          |       0.075|     61|       0.001|       0.011|
slv : | calc_Convolutions_MDS            |       1.018|     61|       0.017|       0.031|
slv : | calc_wall_dist                   |       0.569|      1|       0.569|       0.569|
slv : | create_Gr_operators_MDS          |       0.595|     61|       0.010|       0.014|
slv : | create_Gr_operators_portrait_MDS |       0.418|     61|       0.007|       0.010|
slv : | init_Hy_group_MDS                |       0.748|     61|       0.012|       0.016|
slv : | perform_stage_total              |      11.905|   1655|       0.007|       0.570|
slv : | precalc_at_start_MDS             |       0.506|      2|       0.253|       0.477|
slv : | solve_3M_MDS                     |       1.730|     61|       0.028|       0.046|
slv : | solve_3M_alg_MDS                 |       0.341|     61|       0.006|       0.011|
slv : | solve_BG_MDS                     |       1.897|     61|       0.031|       0.065|
slv : | solve_BG_alg_MDS                 |       0.969|     61|       0.016|       0.029|
slv : | solve_BL_MDS                     |       0.396|     61|       0.006|       0.026|
slv : | solve_CHT                        |       1.393|     61|       0.023|       0.036|
slv : | solve_CHT_MDS                    |       1.022|     61|       0.017|       0.023|
slv : | solve_CHT_alg_MDS                |       0.307|     61|       0.005|       0.010|
slv : | solve_DvGr_MDS                   |       3.009|     61|       0.049|       0.102|
slv : | solve_DvGr_alg_MDS               |       1.091|     61|       0.018|       0.064|
slv : | solve_INPR_MDS                   |       0.000|      1|       0.000|       0.000|
slv : | solve_PS+QJ                      |       0.000|      0|       0.000|       0.000|
slv : | solve_YLMA_MDS                   |       0.002|     61|       0.000|       0.000|
slv : | solve_YNOx_MDS                   |       0.000|     61|       0.000|       0.000|
slv : | solve_YTd_MDS                    |       0.003|     61|       0.000|       0.000|
slv : | solve_YTurb_MDS                  |       0.003|     61|       0.000|       0.000|
slv : | update_BC_MDS                    |       0.000|     62|       0.000|       0.000|
slv : | update_Mf_after_DvGr             |       0.369|     61|       0.006|       0.009|
slv : | update_VelPressure_MDS           |       0.094|     61|       0.002|       0.006|
slv : +----------------------------------+------------+-------+------------+------------+
-----------------------------------------------------------------------
Memory Working Set Current = 308.21 Mb, Memory Working Set Peak = 311.47 Mb
Memory Private Bytes Current = 337.43 Mb, Memory Private Bytes Peak = 343.04 Mb
Process Threads Number: 35
-----------------------------------------------------------------------
Algebra Pool      : mem_usage = 176.56 Mb, allocated count = 1342

================== Tstep=61 ===================
<Dynamic P> on nsd = 0 {openings (inlet / outlet)}:
  (SP = Static Pressure, EP = Environment Pressure, TP = Total Pressure, E = External)
  {#0, E, (0.000000e+00 / 5.428108e+02)}
  {#1, E, (5.427458e+02 / 0.000000e+00)}
  {#2, E, (1.541075e-14 / 5.427032e+02)}
  {#3, E, (1.943118e-14 / 5.427032e+02)}
  {#4, E, (2.641396e-03 / 5.435810e+02)}
  {#5, E, (1.846454e-14 / 5.427032e+02)}
  MWS[  0]=1.44791
tau_viscous_averaged = 9031.83 
dt(mass,momentum; nsd=  0): min dt/dtG(ncv=  16072)=1.00 , max dt/dtG(ncv=  15971)=6.9    , dtG=0.00115166
Flow alg-view 0 in phys-view 0 isn't Neumann (not Multi Phase treating)
Face Momentum (sd=  0): max value of div(mf) (cv=15494) = 6.161749e-07
Flow alg-view 0 is not Neumann (not for Phase Change + Nested Iters)
+----+----+--------------+--------------+--------------+--------------+--------------+------+----+-+-+--+------+
|Name|view| Initial res  | Initial resL1| Target res   | Final res    | Final res L1 |Visits|Iter|R|F|CL|Status|
| BG |   0|  2.473547e-11|  1.848040e-04|  5.593387e-13|  1.555332e-13|  2.723520e-05|     4|  12|0|n|30|  OK  |
log10(resTarget_Lim / resTarget_Orig): 2.6 
Face Momentum (sd=  0): max value of div(mf) (cv=15703) = 4.488596e-08
	norm_L2 of div(momentum) = 3.943770e-07.
Flow alg-view 0 in phys-view 0 isn't Neumann (not Multi Phase treating)
LOG: number of a-faces with weighted approximations in 0 subdomain: 3.84428 percent
LOG: Rate of a-faces corrected to CUp1st in 0 subdomain: 0.0396623 %
slv : SolveBL stage
|nsd|Real WF|NormalF|Cycle F|CriticF| EdgeF |CyclBrF|ExtParF|RWFnumSt|StLvlNum|  nfw  |  alp_U_min  |  nfw  |  alp_U_max  |  nfw  |  alp_T_min  |  nfw  |  alp_T_max  |  nfw  |  BL_s_min   |  nfw  |   BL_s_max  |
|  0|    786|    611|      0|      0|    175|      0|      0|     786|      20|   3387|0.00335227   |   4147|9.02732      |   3634|0            |   3754|19076.1      |   3841|-130.331     |   3634|0            |
Face Momentum (sd=  0): max value of div(mf) (cv=15703) = 4.488596e-08
	norm_L2 of div(momentum) = 3.943770e-07.
nsd = 0 BC: AP Inlet occurs on 3585 w-faces
+----+----+----+--------------+--------------+--------------+--------------+--------------+------+----+-+-+--+------+
|Name|view| n_y| Initial res  | Initial resL1| Target res   | Final res    | Final res L1 |Visits|Iter|R|F|CL|Status|
+----+----+----+--------------+--------------+--------------+--------------+--------------+------+----+-+-+--+------+
| 3M |   0|   0|  4.005289e-04|  5.358444e-01|  7.509917e-08|  8.797164e-10|  4.208693e-04|     1|   3|0|n|29|  OK  |
Velocity (predicted):
        (local) sd   0: min(  17625)=0.65116417747099     , max(  16072)=41.225163286298      
Flow alg-view 0 is not Neumann (not for Phase Change + Nested Iters)
+----+----+--------------+--------------+--------------+--------------+--------------+------+----+-+-+--+------+
|Name|view| Initial res  | Initial resL1| Target res   | Final res    | Final res L1 |Visits|Iter|R|F|CL|Status|
|DVGR|   0|  9.722516e-07|  2.733543e-02|  6.076573e-11|  4.137626e-11|  1.705274e-04|     3|   9|0|n|30|  OK  |
PRESSURE SOLVER(geom_index=  0): sum_C_dp=9.67153e-11
Face Momentum (sd=  0): max value of div(mf) (cv=15357) = 1.735262e-06
	norm_L2 of div(momentum) = 6.432440e-06.
nsd = 0 min_dtHy = 0.00115166 (nCV =	16072 ) max_dtHy = 0.0079331 (nCV =	15971 ) 
+----+----+--------------+--------------+--------------+--------------+--------------+------+----+-+-+--+------+
|Name|view| Initial res  | Initial resL1| Target res   | Final res    | Final res L1 |Visits|Iter|R|F|CL|Status|
|CHT |   0|  3.113500e-08|  3.258038e-03|  1.945938e-12|  2.645325e-14|  2.431852e-06|     1|   9|0|n|30|  OK  |
slv : Fluid subdom(new) 0
slv : P static (new)                 : min(  16073) = 100647.04635422      , max(  16075) = 102838.21728788      
slv : Density (new)                  : min(  16073) = 1.1948134588511      , max(  16075) = 1.2218869036313      
slv : Velocity (new)                 : min(  17625) = 0.70503092926174     , max(  16072) = 41.232961888033      
slv : Mach number (new)              : min(  17625) = 0.0020529237857885   , max(  16072) = 0.12023475652685     
slv : Temperature (new)              : min(  16072) = 292.80259702603      , max(  17625) = 293.64504269333      
slv : Total enthalpy, Y-shifted (new): min(  17665) = 448.2146075905       , max(  18018) = 450.14403906083      
slv : MASS FLUXES AT OPENINGS: MF=-100.32, AP=100.32
slv : DvGr statistics: min alpha=0.154091(nfa=44835, geom_slice=0)
slv : +----------------------------------+------------+-------+------------+------------+
slv : |          Collector name          | Total Time | Count |  Avg Time  |  Max Time  |
slv : +----------------------------------+------------+-------+------------+------------+
slv : | Calculate_inc                    |      16.112|     61|       0.264|       0.492|
slv : | CollectEMT_Results               |       0.000|     62|       0.000|       0.000|
slv : | HeatPathCalculator_Dynamic       |       0.021|      1|       0.021|       0.021|
slv : | LiSy_make_portrait               |       0.541|    203|       0.003|       0.007|
slv : | Results_processing               |       3.480|     61|       0.057|       0.081|
slv : | build_sl_ordering_CHT            |       0.032|     62|       0.001|       0.005|
slv : | build_sl_ordering_MDS            |       0.078|     62|       0.001|       0.011|
slv : | build_sl_ordering_fluid          |       0.075|     62|       0.001|       0.011|
slv : | calc_Convolutions_MDS            |       1.035|     62|       0.017|       0.031|
slv : | calc_wall_dist                   |       0.569|      1|       0.569|       0.569|
slv : | create_Gr_operators_MDS          |       0.605|     62|       0.010|       0.014|
slv : | create_Gr_operators_portrait_MDS |       0.424|     62|       0.007|       0.010|
slv : | init_Hy_group_MDS                |       0.764|     62|       0.012|       0.016|
slv : | perform_stage_total              |      12.076|   1682|       0.007|       0.570|
slv : | precalc_at_start_MDS             |       0.506|      2|       0.253|       0.477|
slv : | solve_3M_MDS                     |       1.756|     62|       0.028|       0.046|
slv : | solve_3M_alg_MDS                 |       0.346|     62|       0.006|       0.011|
slv : | solve_BG_MDS                     |       1.923|     62|       0.031|       0.065|
slv : | solve_BG_alg_MDS                 |       0.981|     62|       0.016|       0.029|
slv : | solve_BL_MDS                     |       0.401|     62|       0.006|       0.026|
slv : | solve_CHT                        |       1.428|     62|       0.023|       0.036|
slv : | solve_CHT_MDS                    |       1.052|     62|       0.017|       0.030|
slv : | solve_CHT_alg_MDS                |       0.325|     62|       0.005|       0.018|
slv : | solve_DvGr_MDS                   |       3.054|     62|       0.049|       0.102|
slv : | solve_DvGr_alg_MDS               |       1.102|     62|       0.018|       0.064|
slv : | solve_INPR_MDS                   |       0.000|      1|       0.000|       0.000|
slv : | solve_PS+QJ                      |       0.000|      0|       0.000|       0.000|
slv : | solve_YLMA_MDS                   |       0.002|     62|       0.000|       0.000|
slv : | solve_YNOx_MDS                   |       0.000|     62|       0.000|       0.000|
slv : | solve_YTd_MDS                    |       0.003|     62|       0.000|       0.000|
slv : | solve_YTurb_MDS                  |       0.003|     62|       0.000|       0.000|
slv : | update_BC_MDS                    |       0.000|     63|       0.000|       0.000|
slv : | update_Mf_after_DvGr             |       0.377|     62|       0.006|       0.009|
slv : | update_VelPressure_MDS           |       0.096|     62|       0.002|       0.006|
slv : +----------------------------------+------------+-------+------------+------------+
-----------------------------------------------------------------------
Memory Working Set Current = 310.51 Mb, Memory Working Set Peak = 311.47 Mb
Memory Private Bytes Current = 337.61 Mb, Memory Private Bytes Peak = 343.04 Mb
Process Threads Number: 35
-----------------------------------------------------------------------
Algebra Pool      : mem_usage = 176.56 Mb, allocated count = 1351

================== Tstep=62 ===================
<Dynamic P> on nsd = 0 {openings (inlet / outlet)}:
  (SP = Static Pressure, EP = Environment Pressure, TP = Total Pressure, E = External)
  {#0, E, (0.000000e+00 / 5.428103e+02)}
  {#1, E, (5.427457e+02 / 0.000000e+00)}
  {#2, E, (1.742476e-14 / 5.427032e+02)}
  {#3, E, (2.095394e-14 / 5.427032e+02)}
  {#4, E, (2.696343e-03 / 5.431129e+02)}
  {#5, E, (1.720083e-14 / 5.427032e+02)}
  MWS[  0]=1.4522
tau_viscous_averaged = 9031.83 
dt(mass,momentum; nsd=  0): min dt/dtG(ncv=  16072)=1.00 , max dt/dtG(ncv=  15971)=7.1    , dtG=0.00114227
Flow alg-view 0 in phys-view 0 isn't Neumann (not Multi Phase treating)
Face Momentum (sd=  0): max value of div(mf) (cv=15357) = 1.735262e-06
Flow alg-view 0 is not Neumann (not for Phase Change + Nested Iters)
+----+----+--------------+--------------+--------------+--------------+--------------+------+----+-+-+--+------+
|Name|view| Initial res  | Initial resL1| Target res   | Final res    | Final res L1 |Visits|Iter|R|F|CL|Status|
| BG |   0|  4.210861e-11|  1.726049e-04|  6.076573e-13|  1.756690e-13|  2.206787e-05|     4|  12|0|n|30|  OK  |
log10(resTarget_Lim / resTarget_Orig): 2.4 
Face Momentum (sd=  0): max value of div(mf) (cv=16020) = 1.043686e-07
	norm_L2 of div(momentum) = 4.191289e-07.
Flow alg-view 0 in phys-view 0 isn't Neumann (not Multi Phase treating)
LOG: number of a-faces with weighted approximations in 0 subdomain: 3.68524 percent
LOG: Rate of a-faces corrected to CUp1st in 0 subdomain: 0.0442173 %
slv : SolveBL stage
|nsd|Real WF|NormalF|Cycle F|CriticF| EdgeF |CyclBrF|ExtParF|RWFnumSt|StLvlNum|  nfw  |  alp_U_min  |  nfw  |  alp_U_max  |  nfw  |  alp_T_min  |  nfw  |  alp_T_max  |  nfw  |  BL_s_min   |  nfw  |   BL_s_max  |
|  0|    786|    611|      0|      0|    175|      0|      0|     786|      20|   3387|0.00319756   |   4147|9.50974      |   3634|0            |   3773|15454.7      |   3841|-130.403     |   3634|0            |
Face Momentum (sd=  0): max value of div(mf) (cv=16020) = 1.043686e-07
	norm_L2 of div(momentum) = 4.191289e-07.
nsd = 0 BC: AP Inlet occurs on 3551 w-faces
+----+----+----+--------------+--------------+--------------+--------------+--------------+------+----+-+-+--+------+
|Name|view| n_y| Initial res  | Initial resL1| Target res   | Final res    | Final res L1 |Visits|Iter|R|F|CL|Status|
+----+----+----+--------------+--------------+--------------+--------------+--------------+------+----+-+-+--+------+
| 3M |   0|   0|  3.302794e-04|  5.458198e-01|  6.192738e-08|  9.796809e-10|  4.321291e-04|     1|   3|0|n|29|  OK  |
Velocity (predicted):
        (local) sd   0: min(  17625)=0.72592445663727     , max(  16072)=41.097101196305      
Flow alg-view 0 is not Neumann (not for Phase Change + Nested Iters)
+----+----+--------------+--------------+--------------+--------------+--------------+------+----+-+-+--+------+
|Name|view| Initial res  | Initial resL1| Target res   | Final res    | Final res L1 |Visits|Iter|R|F|CL|Status|
|DVGR|   0|  9.440046e-07|  2.736309e-02|  5.900029e-11|  1.886365e-11|  1.589568e-04|     3|   9|0|n|30|  OK  |
PRESSURE SOLVER(geom_index=  0): sum_C_dp=7.77522e-11
Face Momentum (sd=  0): max value of div(mf) (cv=15983) = 7.159560e-07
	norm_L2 of div(momentum) = 4.343232e-06.
nsd = 0 min_dtHy = 0.00114227 (nCV =	16072 ) max_dtHy = 0.00815447 (nCV =	15971 ) 
+----+----+--------------+--------------+--------------+--------------+--------------+------+----+-+-+--+------+
|Name|view| Initial res  | Initial resL1| Target res   | Final res    | Final res L1 |Visits|Iter|R|F|CL|Status|
|CHT |   0|  2.708146e-08|  3.151685e-03|  1.692591e-12|  2.866521e-14|  2.447378e-06|     1|   9|0|n|30|  OK  |
slv : Fluid subdom(new) 0
slv : P static (new)                 : min(  16073) = 100646.48600341      , max(  16075) = 102838.05920813      
slv : Density (new)                  : min(  16073) = 1.194803505747       , max(  16075) = 1.2218893549069      
slv : Velocity (new)                 : min(  17625) = 0.68178728390935     , max(  16072) = 41.108268926226      
slv : Mach number (new)              : min(  17625) = 0.0019852424300543   , max(  16072) = 0.11987011532091     
slv : Temperature (new)              : min(  16072) = 292.80769388287      , max(  17625) = 293.64504974108      
slv : Total enthalpy, Y-shifted (new): min(  17665) = 448.20952498879      , max(  18018) = 450.14901063283      
slv : MASS FLUXES AT OPENINGS: MF=-100.32, AP=100.32
slv : DvGr statistics: min alpha=0.149202(nfa=52877, geom_slice=0)
slv : +----------------------------------+------------+-------+------------+------------+
slv : |          Collector name          | Total Time | Count |  Avg Time  |  Max Time  |
slv : +----------------------------------+------------+-------+------------+------------+
slv : | Calculate_inc                    |      16.392|     62|       0.264|       0.492|
slv : | CollectEMT_Results               |       0.000|     63|       0.000|       0.000|
slv : | HeatPathCalculator_Dynamic       |       0.021|      1|       0.021|       0.021|
slv : | LiSy_make_portrait               |       0.549|    206|       0.003|       0.007|
slv : | Results_processing               |       3.519|     62|       0.057|       0.081|
slv : | build_sl_ordering_CHT            |       0.032|     63|       0.001|       0.005|
slv : | build_sl_ordering_MDS            |       0.078|     63|       0.001|       0.011|
slv : | build_sl_ordering_fluid          |       0.075|     63|       0.001|       0.011|
slv : | calc_Convolutions_MDS            |       1.051|     63|       0.017|       0.031|
slv : | calc_wall_dist                   |       0.569|      1|       0.569|       0.569|
slv : | create_Gr_operators_MDS          |       0.614|     63|       0.010|       0.014|
slv : | create_Gr_operators_portrait_MDS |       0.431|     63|       0.007|       0.010|
slv : | init_Hy_group_MDS                |       0.777|     63|       0.012|       0.016|
slv : | perform_stage_total              |      12.243|   1709|       0.007|       0.570|
slv : | precalc_at_start_MDS             |       0.506|      2|       0.253|       0.477|
slv : | solve_3M_MDS                     |       1.784|     63|       0.028|       0.046|
slv : | solve_3M_alg_MDS                 |       0.352|     63|       0.006|       0.011|
slv : | solve_BG_MDS                     |       1.951|     63|       0.031|       0.065|
slv : | solve_BG_alg_MDS                 |       0.995|     63|       0.016|       0.029|
slv : | solve_BL_MDS                     |       0.407|     63|       0.006|       0.026|
slv : | solve_CHT                        |       1.451|     63|       0.023|       0.036|
slv : | solve_CHT_MDS                    |       1.069|     63|       0.017|       0.030|
slv : | solve_CHT_alg_MDS                |       0.330|     63|       0.005|       0.018|
slv : | solve_DvGr_MDS                   |       3.099|     63|       0.049|       0.102|
slv : | solve_DvGr_alg_MDS               |       1.117|     63|       0.018|       0.064|
slv : | solve_INPR_MDS                   |       0.000|      1|       0.000|       0.000|
slv : | solve_PS+QJ                      |       0.000|      0|       0.000|       0.000|
slv : | solve_YLMA_MDS                   |       0.002|     63|       0.000|       0.000|
slv : | solve_YNOx_MDS                   |       0.000|     63|       0.000|       0.000|
slv : | solve_YTd_MDS                    |       0.003|     63|       0.000|       0.000|
slv : | solve_YTurb_MDS                  |       0.003|     63|       0.000|       0.000|
slv : | update_BC_MDS                    |       0.000|     64|       0.000|       0.000|
slv : | update_Mf_after_DvGr             |       0.382|     63|       0.006|       0.009|
slv : | update_VelPressure_MDS           |       0.097|     63|       0.002|       0.006|
slv : +----------------------------------+------------+-------+------------+------------+
-----------------------------------------------------------------------
Memory Working Set Current = 310.93 Mb, Memory Working Set Peak = 311.47 Mb
Memory Private Bytes Current = 337.62 Mb, Memory Private Bytes Peak = 343.04 Mb
Process Threads Number: 35
-----------------------------------------------------------------------
Algebra Pool      : mem_usage = 176.56 Mb, allocated count = 1344

================== Tstep=63 ===================
<Dynamic P> on nsd = 0 {openings (inlet / outlet)}:
  (SP = Static Pressure, EP = Environment Pressure, TP = Total Pressure, E = External)
  {#0, E, (0.000000e+00 / 5.428100e+02)}
  {#1, E, (5.427456e+02 / 0.000000e+00)}
  {#2, E, (1.765359e-14 / 5.427032e+02)}
  {#3, E, (2.120880e-14 / 5.427032e+02)}
  {#4, E, (2.715600e-03 / 5.430163e+02)}
  {#5, E, (1.317873e-14 / 5.427032e+02)}
  MWS[  0]=1.44781
tau_viscous_averaged = 9031.83 
dt(mass,momentum; nsd=  0): min dt/dtG(ncv=  16072)=1.00 , max dt/dtG(ncv=  15971)=6.8    , dtG=0.001152
Flow alg-view 0 in phys-view 0 isn't Neumann (not Multi Phase treating)
Face Momentum (sd=  0): max value of div(mf) (cv=14962) = 2.044405e-06
Flow alg-view 0 is not Neumann (not for Phase Change + Nested Iters)
+----+----+--------------+--------------+--------------+--------------+--------------+------+----+-+-+--+------+
|Name|view| Initial res  | Initial resL1| Target res   | Final res    | Final res L1 |Visits|Iter|R|F|CL|Status|
| BG |   0|  2.445775e-11|  1.636892e-04|  5.900029e-13|  5.574196e-13|  2.862499e-05|     4|  12|0|n|30|  OK  |
log10(resTarget_Lim / resTarget_Orig): 2.6 
Face Momentum (sd=  0): max value of div(mf) (cv=16020) = 2.642312e-07
	norm_L2 of div(momentum) = 7.466054e-07.
Flow alg-view 0 in phys-view 0 isn't Neumann (not Multi Phase treating)
LOG: number of a-faces with weighted approximations in 0 subdomain: 3.82938 percent
LOG: Rate of a-faces corrected to CUp1st in 0 subdomain: 0.0417059 %
slv : SolveBL stage
|nsd|Real WF|NormalF|Cycle F|CriticF| EdgeF |CyclBrF|ExtParF|RWFnumSt|StLvlNum|  nfw  |  alp_U_min  |  nfw  |  alp_U_max  |  nfw  |  alp_T_min  |  nfw  |  alp_T_max  |  nfw  |  BL_s_min   |  nfw  |   BL_s_max  |
|  0|    786|    610|      0|      0|    176|      0|      0|     786|      20|   3387|0.00299793   |   4147|8.96135      |   3634|0            |   3754|19075.4      |   3841|-130.326     |   3634|0            |
Face Momentum (sd=  0): max value of div(mf) (cv=16020) = 2.642312e-07
	norm_L2 of div(momentum) = 7.466054e-07.
nsd = 0 BC: AP Inlet occurs on 3546 w-faces
+----+----+----+--------------+--------------+--------------+--------------+--------------+------+----+-+-+--+------+
|Name|view| n_y| Initial res  | Initial resL1| Target res   | Final res    | Final res L1 |Visits|Iter|R|F|CL|Status|
+----+----+----+--------------+--------------+--------------+--------------+--------------+------+----+-+-+--+------+
| 3M |   0|   0|  2.714594e-04|  5.113157e-01|  5.089864e-08|  8.448565e-10|  4.106831e-04|     1|   3|0|n|29|  OK  |
Velocity (predicted):
        (local) sd   0: min(  17625)=0.65364312472232     , max(  16072)=41.226727286773      
Flow alg-view 0 is not Neumann (not for Phase Change + Nested Iters)
+----+----+--------------+--------------+--------------+--------------+--------------+------+----+-+-+--+------+
|Name|view| Initial res  | Initial resL1| Target res   | Final res    | Final res L1 |Visits|Iter|R|F|CL|Status|
|DVGR|   0|  8.197433e-07|  2.644195e-02|  5.123395e-11|  2.466562e-11|  1.794983e-04|     3|   9|0|n|30|  OK  |
PRESSURE SOLVER(geom_index=  0): sum_C_dp=8.20931e-11
Face Momentum (sd=  0): max value of div(mf) (cv=15357) = 8.294306e-07
	norm_L2 of div(momentum) = 4.966451e-06.
nsd = 0 min_dtHy = 0.001152 (nCV =	16072 ) max_dtHy = 0.00788221 (nCV =	15971 ) 
+----+----+--------------+--------------+--------------+--------------+--------------+------+----+-+-+--+------+
|Name|view| Initial res  | Initial resL1| Target res   | Final res    | Final res L1 |Visits|Iter|R|F|CL|Status|
|CHT |   0|  2.305565e-08|  3.035679e-03|  1.440978e-12|  3.022302e-14|  2.491050e-06|     1|   9|0|n|30|  OK  |
slv : Fluid subdom(new) 0
slv : P static (new)                 : min(  16073) = 100647.17085505      , max(  16075) = 102838.29770258      
slv : Density (new)                  : min(  16073) = 1.1948147714632      , max(  16075) = 1.2218877245083      
slv : Velocity (new)                 : min(  17625) = 0.70925439419607     , max(  16072) = 41.232018652903      
slv : Mach number (new)              : min(  17625) = 0.0020652217731293   , max(  16072) = 0.12023199816312     
slv : Temperature (new)              : min(  16072) = 292.80263570611      , max(  17625) = 293.64503871277      
slv : Total enthalpy, Y-shifted (new): min(  17665) = 448.21320763197      , max(  18018) = 450.15377594984      
slv : MASS FLUXES AT OPENINGS: MF=-100.32, AP=100.32
slv : DvGr statistics: min alpha=0.160546(nfa=50651, geom_slice=0)
slv : +----------------------------------+------------+-------+------------+------------+
slv : |          Collector name          | Total Time | Count |  Avg Time  |  Max Time  |
slv : +----------------------------------+------------+-------+------------+------------+
slv : | Calculate_inc                    |      16.631|     63|       0.264|       0.492|
slv : | CollectEMT_Results               |       0.000|     64|       0.000|       0.000|
slv : | HeatPathCalculator_Dynamic       |       0.021|      1|       0.021|       0.021|
slv : | LiSy_make_portrait               |       0.556|    209|       0.003|       0.007|
slv : | Results_processing               |       3.566|     63|       0.057|       0.081|
slv : | build_sl_ordering_CHT            |       0.032|     64|       0.001|       0.005|
slv : | build_sl_ordering_MDS            |       0.080|     64|       0.001|       0.011|
slv : | build_sl_ordering_fluid          |       0.076|     64|       0.001|       0.011|
slv : | calc_Convolutions_MDS            |       1.070|     64|       0.017|       0.031|
slv : | calc_wall_dist                   |       0.569|      1|       0.569|       0.569|
slv : | create_Gr_operators_MDS          |       0.624|     64|       0.010|       0.014|
slv : | create_Gr_operators_portrait_MDS |       0.437|     64|       0.007|       0.010|
slv : | init_Hy_group_MDS                |       0.789|     64|       0.012|       0.016|
slv : | perform_stage_total              |      12.425|   1736|       0.007|       0.570|
slv : | precalc_at_start_MDS             |       0.506|      2|       0.253|       0.477|
slv : | solve_3M_MDS                     |       1.811|     64|       0.028|       0.046|
slv : | solve_3M_alg_MDS                 |       0.357|     64|       0.006|       0.011|
slv : | solve_BG_MDS                     |       1.978|     64|       0.031|       0.065|
slv : | solve_BG_alg_MDS                 |       1.007|     64|       0.016|       0.029|
slv : | solve_BL_MDS                     |       0.413|     64|       0.006|       0.026|
slv : | solve_CHT                        |       1.474|     64|       0.023|       0.036|
slv : | solve_CHT_MDS                    |       1.087|     64|       0.017|       0.030|
slv : | solve_CHT_alg_MDS                |       0.334|     64|       0.005|       0.018|
slv : | solve_DvGr_MDS                   |       3.144|     64|       0.049|       0.102|
slv : | solve_DvGr_alg_MDS               |       1.130|     64|       0.018|       0.064|
slv : | solve_INPR_MDS                   |       0.000|      1|       0.000|       0.000|
slv : | solve_PS+QJ                      |       0.000|      0|       0.000|       0.000|
slv : | solve_YLMA_MDS                   |       0.002|     64|       0.000|       0.000|
slv : | solve_YNOx_MDS                   |       0.000|     64|       0.000|       0.000|
slv : | solve_YTd_MDS                    |       0.003|     64|       0.000|       0.000|
slv : | solve_YTurb_MDS                  |       0.003|     64|       0.000|       0.000|
slv : | update_BC_MDS                    |       0.000|     65|       0.000|       0.000|
slv : | update_Mf_after_DvGr             |       0.386|     64|       0.006|       0.009|
slv : | update_VelPressure_MDS           |       0.098|     64|       0.002|       0.006|
slv : +----------------------------------+------------+-------+------------+------------+
-----------------------------------------------------------------------
Memory Working Set Current = 311.54 Mb, Memory Working Set Peak = 311.54 Mb
Memory Private Bytes Current = 337.62 Mb, Memory Private Bytes Peak = 343.04 Mb
Process Threads Number: 35
-----------------------------------------------------------------------
Algebra Pool      : mem_usage = 176.56 Mb, allocated count = 1345

================== Tstep=64 ===================
<Dynamic P> on nsd = 0 {openings (inlet / outlet)}:
  (SP = Static Pressure, EP = Environment Pressure, TP = Total Pressure, E = External)
  {#0, E, (0.000000e+00 / 5.428097e+02)}
  {#1, E, (5.427458e+02 / 0.000000e+00)}
  {#2, E, (1.727741e-14 / 5.427032e+02)}
  {#3, E, (2.082566e-14 / 5.427032e+02)}
  {#4, E, (2.707388e-03 / 5.430019e+02)}
  {#5, E, (1.090215e-14 / 5.427032e+02)}
  MWS[  0]=1.45216
tau_viscous_averaged = 9031.83 
dt(mass,momentum; nsd=  0): min dt/dtG(ncv=  16072)=1.00 , max dt/dtG(ncv=  15971)=7.1    , dtG=0.00114252
Flow alg-view 0 in phys-view 0 isn't Neumann (not Multi Phase treating)
Face Momentum (sd=  0): max value of div(mf) (cv=15664) = 9.805403e-06
Flow alg-view 0 is not Neumann (not for Phase Change + Nested Iters)
+----+----+--------------+--------------+--------------+--------------+--------------+------+----+-+-+--+------+
|Name|view| Initial res  | Initial resL1| Target res   | Final res    | Final res L1 |Visits|Iter|R|F|CL|Status|
| BG |   0|  1.511238e-10|  1.966469e-04|  5.123395e-13|  3.770761e-13|  3.637700e-05|     4|  12|0|n|30|  OK  |
log10(resTarget_Lim / resTarget_Orig): 1.7 
Face Momentum (sd=  0): max value of div(mf) (cv=14399) = 7.507346e-08
	norm_L2 of div(momentum) = 6.140652e-07.
Flow alg-view 0 in phys-view 0 isn't Neumann (not Multi Phase treating)
LOG: number of a-faces with weighted approximations in 0 subdomain: 3.84011 percent
LOG: Rate of a-faces corrected to CUp1st in 0 subdomain: 0.0449289 %
slv : SolveBL stage
|nsd|Real WF|NormalF|Cycle F|CriticF| EdgeF |CyclBrF|ExtParF|RWFnumSt|StLvlNum|  nfw  |  alp_U_min  |  nfw  |  alp_U_max  |  nfw  |  alp_T_min  |  nfw  |  alp_T_max  |  nfw  |  BL_s_min   |  nfw  |   BL_s_max  |
|  0|    786|    611|      0|      0|    175|      0|      0|     786|      20|   3387|0.00279414   |   4147|9.41021      |   3634|0            |   3736|12116.8      |   3841|-130.401     |   3634|0            |
Face Momentum (sd=  0): max value of div(mf) (cv=14399) = 7.507346e-08
	norm_L2 of div(momentum) = 6.140652e-07.
nsd = 0 BC: AP Inlet occurs on 3591 w-faces
+----+----+----+--------------+--------------+--------------+--------------+--------------+------+----+-+-+--+------+
|Name|view| n_y| Initial res  | Initial resL1| Target res   | Final res    | Final res L1 |Visits|Iter|R|F|CL|Status|
+----+----+----+--------------+--------------+--------------+--------------+--------------+------+----+-+-+--+------+
| 3M |   0|   0|  2.245234e-04|  4.794492e-01|  4.209814e-08|  9.528600e-10|  4.352603e-04|     1|   3|0|n|29|  OK  |
Velocity (predicted):
        (local) sd   0: min(  17625)=0.72815581855837     , max(  16072)=41.101500367703      
Flow alg-view 0 is not Neumann (not for Phase Change + Nested Iters)
+----+----+--------------+--------------+--------------+--------------+--------------+------+----+-+-+--+------+
|Name|view| Initial res  | Initial resL1| Target res   | Final res    | Final res L1 |Visits|Iter|R|F|CL|Status|
|DVGR|   0|  8.180218e-07|  2.670370e-02|  5.112637e-11|  1.874377e-11|  1.650888e-04|     3|   9|0|n|30|  OK  |
PRESSURE SOLVER(geom_index=  0): sum_C_dp=7.71295e-11
Face Momentum (sd=  0): max value of div(mf) (cv=15644) = 5.700689e-07
	norm_L2 of div(momentum) = 4.329409e-06.
nsd = 0 min_dtHy = 0.00114252 (nCV =	16072 ) max_dtHy = 0.00813125 (nCV =	15971 ) 
+----+----+--------------+--------------+--------------+--------------+--------------+------+----+-+-+--+------+
|Name|view| Initial res  | Initial resL1| Target res   | Final res    | Final res L1 |Visits|Iter|R|F|CL|Status|
|CHT |   0|  2.131001e-08|  2.911826e-03|  1.331876e-12|  2.619083e-14|  2.304250e-06|     1|   9|0|n|30|  OK  |
slv : Fluid subdom(new) 0
slv : P static (new)                 : min(  16073) = 100646.63177027      , max(  16075) = 102838.14852046      
slv : Density (new)                  : min(  16073) = 1.1948051424291      , max(  16075) = 1.2218905972719      
slv : Velocity (new)                 : min(  17625) = 0.68581314598016     , max(  16072) = 41.11287492012       
slv : Mach number (new)              : min(  17625) = 0.0019969650233922   , max(  16072) = 0.119883584528       
slv : Temperature (new)              : min(  16072) = 292.80750584055      , max(  17625) = 293.64504849627      
slv : Total enthalpy, Y-shifted (new): min(  17665) = 448.20735848915      , max(  15309) = 450.158466178        
slv : MASS FLUXES AT OPENINGS: MF=-100.32, AP=100.32
slv : DvGr statistics: min alpha=0.15706(nfa=44823, geom_slice=0)
slv : +----------------------------------+------------+-------+------------+------------+
slv : |          Collector name          | Total Time | Count |  Avg Time  |  Max Time  |
slv : +----------------------------------+------------+-------+------------+------------+
slv : | Calculate_inc                    |      16.889|     64|       0.264|       0.492|
slv : | CollectEMT_Results               |       0.000|     65|       0.000|       0.000|
slv : | HeatPathCalculator_Dynamic       |       0.021|      1|       0.021|       0.021|
slv : | LiSy_make_portrait               |       0.564|    212|       0.003|       0.007|
slv : | Results_processing               |       3.619|     64|       0.057|       0.081|
slv : | build_sl_ordering_CHT            |       0.032|     65|       0.000|       0.005|
slv : | build_sl_ordering_MDS            |       0.080|     65|       0.001|       0.011|
slv : | build_sl_ordering_fluid          |       0.076|     65|       0.001|       0.011|
slv : | calc_Convolutions_MDS            |       1.087|     65|       0.017|       0.031|
slv : | calc_wall_dist                   |       0.569|      1|       0.569|       0.569|
slv : | create_Gr_operators_MDS          |       0.633|     65|       0.010|       0.014|
slv : | create_Gr_operators_portrait_MDS |       0.444|     65|       0.007|       0.010|
slv : | init_Hy_group_MDS                |       0.802|     65|       0.012|       0.016|
slv : | perform_stage_total              |      12.599|   1763|       0.007|       0.570|
slv : | precalc_at_start_MDS             |       0.506|      2|       0.253|       0.477|
slv : | solve_3M_MDS                     |       1.838|     65|       0.028|       0.046|
slv : | solve_3M_alg_MDS                 |       0.362|     65|       0.006|       0.011|
slv : | solve_BG_MDS                     |       2.008|     65|       0.031|       0.065|
slv : | solve_BG_alg_MDS                 |       1.022|     65|       0.016|       0.029|
slv : | solve_BL_MDS                     |       0.421|     65|       0.006|       0.026|
slv : | solve_CHT                        |       1.499|     65|       0.023|       0.036|
slv : | solve_CHT_MDS                    |       1.107|     65|       0.017|       0.030|
slv : | solve_CHT_alg_MDS                |       0.340|     65|       0.005|       0.018|
slv : | solve_DvGr_MDS                   |       3.191|     65|       0.049|       0.102|
slv : | solve_DvGr_alg_MDS               |       1.144|     65|       0.018|       0.064|
slv : | solve_INPR_MDS                   |       0.000|      1|       0.000|       0.000|
slv : | solve_PS+QJ                      |       0.000|      0|       0.000|       0.000|
slv : | solve_YLMA_MDS                   |       0.002|     65|       0.000|       0.000|
slv : | solve_YNOx_MDS                   |       0.000|     65|       0.000|       0.000|
slv : | solve_YTd_MDS                    |       0.003|     65|       0.000|       0.000|
slv : | solve_YTurb_MDS                  |       0.003|     65|       0.000|       0.000|
slv : | update_BC_MDS                    |       0.000|     66|       0.000|       0.000|
slv : | update_Mf_after_DvGr             |       0.392|     65|       0.006|       0.009|
slv : | update_VelPressure_MDS           |       0.099|     65|       0.002|       0.006|
slv : +----------------------------------+------------+-------+------------+------------+
Interpolator cache: total calls 2373, optimised calls 891 (37.5 %)
-----------------------------------------------------------------------
Memory Working Set Current = 311.81 Mb, Memory Working Set Peak = 311.82 Mb
Memory Private Bytes Current = 337.62 Mb, Memory Private Bytes Peak = 343.04 Mb
Process Threads Number: 35
-----------------------------------------------------------------------
Iteration : time = 1.53153 , count = 5 , time/count = 0.306306
Calculate_inc() : time = 1.29486 , count = 5 , time/count = 0.258973
TreatFlowEvolution() : time = 0.236665 , count = 5 , time/count = 0.047333
SolverPreview : time = 0 , count = 5 , time/count = 0
TreatGoals : time = 0.236665 , count = 5 , time/count = 0.047333
Algebra Pool      : mem_usage = 176.56 Mb, allocated count = 1354

================== Tstep=65 ===================
<Dynamic P> on nsd = 0 {openings (inlet / outlet)}:
  (SP = Static Pressure, EP = Environment Pressure, TP = Total Pressure, E = External)
  {#0, E, (0.000000e+00 / 5.428099e+02)}
  {#1, E, (5.427458e+02 / 0.000000e+00)}
  {#2, E, (1.645380e-14 / 5.427032e+02)}
  {#3, E, (2.012052e-14 / 5.427032e+02)}
  {#4, E, (2.690322e-03 / 5.430089e+02)}
  {#5, E, (8.883717e-15 / 5.427032e+02)}
  MWS[  0]=1.44797
tau_viscous_averaged = 9031.83 
dt(mass,momentum; nsd=  0): min dt/dtG(ncv=  16072)=1.00 , max dt/dtG(ncv=  15971)=6.9    , dtG=0.00115175
Flow alg-view 0 in phys-view 0 isn't Neumann (not Multi Phase treating)
Face Momentum (sd=  0): max value of div(mf) (cv=15664) = 1.141720e-05
Flow alg-view 0 is not Neumann (not for Phase Change + Nested Iters)
+----+----+--------------+--------------+--------------+--------------+--------------+------+----+-+-+--+------+
|Name|view| Initial res  | Initial resL1| Target res   | Final res    | Final res L1 |Visits|Iter|R|F|CL|Status|
| BG |   0|  1.493939e-10|  1.770953e-04|  5.112637e-13|  1.349405e-13|  2.074649e-05|     5|  15|0|n|30|  OK  |
log10(resTarget_Lim / resTarget_Orig): 1.7 
Face Momentum (sd=  0): max value of div(mf) (cv=16020) = 8.237049e-08
	norm_L2 of div(momentum) = 3.673426e-07.
Flow alg-view 0 in phys-view 0 isn't Neumann (not Multi Phase treating)
LOG: number of a-faces with weighted approximations in 0 subdomain: 3.69239 percent
LOG: Rate of a-faces corrected to CUp1st in 0 subdomain: 0.0377449 %
slv : SolveBL stage
|nsd|Real WF|NormalF|Cycle F|CriticF| EdgeF |CyclBrF|ExtParF|RWFnumSt|StLvlNum|  nfw  |  alp_U_min  |  nfw  |  alp_U_max  |  nfw  |  alp_T_min  |  nfw  |  alp_T_max  |  nfw  |  BL_s_min   |  nfw  |   BL_s_max  |
|  0|    786|    612|      0|      0|    174|      0|      0|     786|      20|   3387|0.00318964   |   4147|8.72823      |   3634|0            |   3754|19075.7      |   3841|-130.323     |   3634|0            |
Face Momentum (sd=  0): max value of div(mf) (cv=16020) = 8.237049e-08
	norm_L2 of div(momentum) = 3.673426e-07.
nsd = 0 BC: AP Inlet occurs on 3613 w-faces
+----+----+----+--------------+--------------+--------------+--------------+--------------+------+----+-+-+--+------+
|Name|view| n_y| Initial res  | Initial resL1| Target res   | Final res    | Final res L1 |Visits|Iter|R|F|CL|Status|
+----+----+----+--------------+--------------+--------------+--------------+--------------+------+----+-+-+--+------+
| 3M |   0|   0|  2.907622e-04|  5.048819e-01|  5.451791e-08|  9.953033e-10|  4.341964e-04|     1|   3|0|n|29|  OK  |
Velocity (predicted):
        (local) sd   0: min(  17625)=0.65924480396356     , max(  16072)=41.23063921424       
Flow alg-view 0 is not Neumann (not for Phase Change + Nested Iters)
+----+----+--------------+--------------+--------------+--------------+--------------+------+----+-+-+--+------+
|Name|view| Initial res  | Initial resL1| Target res   | Final res    | Final res L1 |Visits|Iter|R|F|CL|Status|
|DVGR|   0|  8.616188e-07|  2.696705e-02|  5.385118e-11|  1.890474e-11|  1.353485e-04|     3|   9|0|n|30|  OK  |
PRESSURE SOLVER(geom_index=  0): sum_C_dp=-3.43267e-11
Face Momentum (sd=  0): max value of div(mf) (cv=15357) = 9.298085e-07
	norm_L2 of div(momentum) = 4.347960e-06.
nsd = 0 min_dtHy = 0.00115175 (nCV =	16072 ) max_dtHy = 0.00799673 (nCV =	15971 ) 
+----+----+--------------+--------------+--------------+--------------+--------------+------+----+-+-+--+------+
|Name|view| Initial res  | Initial resL1| Target res   | Final res    | Final res L1 |Visits|Iter|R|F|CL|Status|
|CHT |   0|  2.590428e-08|  3.120530e-03|  1.619018e-12|  2.689836e-14|  2.420868e-06|     1|   9|0|n|30|  OK  |
slv : Fluid subdom(new) 0
slv : P static (new)                 : min(  16073) = 100647.23274982      , max(  16075) = 102838.29746657      
slv : Density (new)                  : min(  16073) = 1.1948155084957      , max(  16075) = 1.2218879353935      
slv : Velocity (new)                 : min(  17625) = 0.71092656588351     , max(  16072) = 41.236008868357      
slv : Mach number (new)              : min(  17625) = 0.002070090843861    , max(  16072) = 0.12024366698152     
slv : Temperature (new)              : min(  16072) = 292.80247222355      , max(  17625) = 293.64503693014      
slv : Total enthalpy, Y-shifted (new): min(  17665) = 448.21207620748      , max(  15309) = 450.16235801532      
slv : MASS FLUXES AT OPENINGS: MF=-100.32, AP=100.32
slv : DvGr statistics: min alpha=0.154569(nfa=44835, geom_slice=0)
slv : +----------------------------------+------------+-------+------------+------------+
slv : |          Collector name          | Total Time | Count |  Avg Time  |  Max Time  |
slv : +----------------------------------+------------+-------+------------+------------+
slv : | Calculate_inc                    |      17.146|     65|       0.264|       0.492|
slv : | CollectEMT_Results               |       0.000|     66|       0.000|       0.000|
slv : | HeatPathCalculator_Dynamic       |       0.021|      1|       0.021|       0.021|
slv : | LiSy_make_portrait               |       0.574|    215|       0.003|       0.007|
slv : | Results_processing               |       3.674|     65|       0.057|       0.081|
slv : | build_sl_ordering_CHT            |       0.032|     66|       0.000|       0.005|
slv : | build_sl_ordering_MDS            |       0.080|     66|       0.001|       0.011|
slv : | build_sl_ordering_fluid          |       0.076|     66|       0.001|       0.011|
slv : | calc_Convolutions_MDS            |       1.103|     66|       0.017|       0.031|
slv : | calc_wall_dist                   |       0.569|      1|       0.569|       0.569|
slv : | create_Gr_operators_MDS          |       0.643|     66|       0.010|       0.014|
slv : | create_Gr_operators_portrait_MDS |       0.452|     66|       0.007|       0.010|
slv : | init_Hy_group_MDS                |       0.816|     66|       0.012|       0.016|
slv : | perform_stage_total              |      12.783|   1790|       0.007|       0.570|
slv : | precalc_at_start_MDS             |       0.506|      2|       0.253|       0.477|
slv : | solve_3M_MDS                     |       1.868|     66|       0.028|       0.046|
slv : | solve_3M_alg_MDS                 |       0.369|     66|       0.006|       0.011|
slv : | solve_BG_MDS                     |       2.039|     66|       0.031|       0.065|
slv : | solve_BG_alg_MDS                 |       1.038|     66|       0.016|       0.029|
slv : | solve_BL_MDS                     |       0.427|     66|       0.006|       0.026|
slv : | solve_CHT                        |       1.524|     66|       0.023|       0.036|
slv : | solve_CHT_MDS                    |       1.126|     66|       0.017|       0.030|
slv : | solve_CHT_alg_MDS                |       0.345|     66|       0.005|       0.018|
slv : | solve_DvGr_MDS                   |       3.236|     66|       0.049|       0.102|
slv : | solve_DvGr_alg_MDS               |       1.159|     66|       0.018|       0.064|
slv : | solve_INPR_MDS                   |       0.000|      1|       0.000|       0.000|
slv : | solve_PS+QJ                      |       0.000|      0|       0.000|       0.000|
slv : | solve_YLMA_MDS                   |       0.003|     66|       0.000|       0.000|
slv : | solve_YNOx_MDS                   |       0.000|     66|       0.000|       0.000|
slv : | solve_YTd_MDS                    |       0.003|     66|       0.000|       0.000|
slv : | solve_YTurb_MDS                  |       0.003|     66|       0.000|       0.000|
slv : | update_BC_MDS                    |       0.000|     67|       0.000|       0.000|
slv : | update_Mf_after_DvGr             |       0.398|     66|       0.006|       0.009|
slv : | update_VelPressure_MDS           |       0.101|     66|       0.002|       0.006|
slv : +----------------------------------+------------+-------+------------+------------+
-----------------------------------------------------------------------
Memory Working Set Current = 309.78 Mb, Memory Working Set Peak = 311.82 Mb
Memory Private Bytes Current = 337.56 Mb, Memory Private Bytes Peak = 343.04 Mb
Process Threads Number: 35
-----------------------------------------------------------------------
Algebra Pool      : mem_usage = 176.56 Mb, allocated count = 1348

================== Tstep=66 ===================
<Dynamic P> on nsd = 0 {openings (inlet / outlet)}:
  (SP = Static Pressure, EP = Environment Pressure, TP = Total Pressure, E = External)
  {#0, E, (0.000000e+00 / 5.428102e+02)}
  {#1, E, (5.427457e+02 / 0.000000e+00)}
  {#2, E, (1.511345e-14 / 5.427032e+02)}
  {#3, E, (1.887588e-14 / 5.427032e+02)}
  {#4, E, (2.597664e-03 / 5.432754e+02)}
  {#5, E, (8.973310e-15 / 5.427032e+02)}
  MWS[  0]=1.4523
tau_viscous_averaged = 9031.83 
dt(mass,momentum; nsd=  0): min dt/dtG(ncv=  16072)=1.00 , max dt/dtG(ncv=  15971)=7.1    , dtG=0.00114228
Flow alg-view 0 in phys-view 0 isn't Neumann (not Multi Phase treating)
Face Momentum (sd=  0): max value of div(mf) (cv=15664) = 3.173678e-06
Flow alg-view 0 is not Neumann (not for Phase Change + Nested Iters)
+----+----+--------------+--------------+--------------+--------------+--------------+------+----+-+-+--+------+
|Name|view| Initial res  | Initial resL1| Target res   | Final res    | Final res L1 |Visits|Iter|R|F|CL|Status|
| BG |   0|  3.015360e-11|  1.407593e-04|  5.385118e-13|  2.158935e-13|  2.056550e-05|     4|  12|0|n|30|  OK  |
log10(resTarget_Lim / resTarget_Orig): 2.5 
Face Momentum (sd=  0): max value of div(mf) (cv=16020) = 1.427470e-07
	norm_L2 of div(momentum) = 4.646434e-07.
Flow alg-view 0 in phys-view 0 isn't Neumann (not Multi Phase treating)
LOG: number of a-faces with weighted approximations in 0 subdomain: 3.6489 percent
LOG: Rate of a-faces corrected to CUp1st in 0 subdomain: 0.042862 %
slv : SolveBL stage
|nsd|Real WF|NormalF|Cycle F|CriticF| EdgeF |CyclBrF|ExtParF|RWFnumSt|StLvlNum|  nfw  |  alp_U_min  |  nfw  |  alp_U_max  |  nfw  |  alp_T_min  |  nfw  |  alp_T_max  |  nfw  |  BL_s_min   |  nfw  |   BL_s_max  |
|  0|    786|    610|      0|      0|    176|      0|      0|     786|      20|   3279|0.00339524   |   4147|9.46798      |   3634|0            |   3736|12115.5      |   3841|-130.414     |   3634|0            |
Face Momentum (sd=  0): max value of div(mf) (cv=16020) = 1.427470e-07
	norm_L2 of div(momentum) = 4.646434e-07.
nsd = 0 BC: AP Inlet occurs on 3644 w-faces
+----+----+----+--------------+--------------+--------------+--------------+--------------+------+----+-+-+--+------+
|Name|view| n_y| Initial res  | Initial resL1| Target res   | Final res    | Final res L1 |Visits|Iter|R|F|CL|Status|
+----+----+----+--------------+--------------+--------------+--------------+--------------+------+----+-+-+--+------+
| 3M |   0|   0|  3.042089e-04|  5.068424e-01|  5.703917e-08|  8.823606e-10|  4.255098e-04|     1|   3|0|n|29|  OK  |
Velocity (predicted):
        (local) sd   0: min(  17625)=0.73046724081263     , max(  16072)=41.099209301104      
Flow alg-view 0 is not Neumann (not for Phase Change + Nested Iters)
+----+----+--------------+--------------+--------------+--------------+--------------+------+----+-+-+--+------+
|Name|view| Initial res  | Initial resL1| Target res   | Final res    | Final res L1 |Visits|Iter|R|F|CL|Status|
|DVGR|   0|  8.699137e-07|  2.671190e-02|  5.436960e-11|  3.200428e-11|  1.718748e-04|     3|   9|0|n|30|  OK  |
PRESSURE SOLVER(geom_index=  0): sum_C_dp=-1.00548e-10
Face Momentum (sd=  0): max value of div(mf) (cv=15357) = 1.443314e-06
	norm_L2 of div(momentum) = 5.657235e-06.
nsd = 0 min_dtHy = 0.00114228 (nCV =	16072 ) max_dtHy = 0.00816604 (nCV =	15971 ) 
+----+----+--------------+--------------+--------------+--------------+--------------+------+----+-+-+--+------+
|Name|view| Initial res  | Initial resL1| Target res   | Final res    | Final res L1 |Visits|Iter|R|F|CL|Status|
|CHT |   0|  2.174545e-08|  2.990564e-03|  1.359091e-12|  2.621401e-14|  2.456930e-06|     1|   9|0|n|30|  OK  |
slv : Fluid subdom(new) 0
slv : P static (new)                 : min(  16073) = 100646.64427473      , max(  16075) = 102838.10876298      
slv : Density (new)                  : min(  16073) = 1.1948051087678      , max(  16075) = 1.2218899055512      
slv : Velocity (new)                 : min(  17625) = 0.69070366301303     , max(  16072) = 41.108423138354      
slv : Mach number (new)              : min(  17625) = 0.0020112053451587   , max(  16072) = 0.11987056628248     
slv : Temperature (new)              : min(  16072) = 292.80768757449      , max(  17625) = 293.6450448981       
slv : Total enthalpy, Y-shifted (new): min(  17665) = 448.20612140292      , max(  15308) = 450.16634472175      
slv : MASS FLUXES AT OPENINGS: MF=-100.32, AP=100.32
slv : DvGr statistics: min alpha=0.158665(nfa=52947, geom_slice=0)
slv : +----------------------------------+------------+-------+------------+------------+
slv : |          Collector name          | Total Time | Count |  Avg Time  |  Max Time  |
slv : +----------------------------------+------------+-------+------------+------------+
slv : | Calculate_inc                    |      17.407|     66|       0.264|       0.492|
slv : | CollectEMT_Results               |       0.000|     67|       0.000|       0.000|
slv : | HeatPathCalculator_Dynamic       |       0.021|      1|       0.021|       0.021|
slv : | LiSy_make_portrait               |       0.582|    218|       0.003|       0.007|
slv : | Results_processing               |       3.741|     66|       0.057|       0.081|
slv : | build_sl_ordering_CHT            |       0.032|     67|       0.000|       0.005|
slv : | build_sl_ordering_MDS            |       0.081|     67|       0.001|       0.011|
slv : | build_sl_ordering_fluid          |       0.076|     67|       0.001|       0.011|
slv : | calc_Convolutions_MDS            |       1.120|     67|       0.017|       0.031|
slv : | calc_wall_dist                   |       0.569|      1|       0.569|       0.569|
slv : | create_Gr_operators_MDS          |       0.653|     67|       0.010|       0.014|
slv : | create_Gr_operators_portrait_MDS |       0.459|     67|       0.007|       0.010|
slv : | init_Hy_group_MDS                |       0.829|     67|       0.012|       0.016|
slv : | perform_stage_total              |      12.970|   1817|       0.007|       0.570|
slv : | precalc_at_start_MDS             |       0.506|      2|       0.253|       0.477|
slv : | solve_3M_MDS                     |       1.898|     67|       0.028|       0.046|
slv : | solve_3M_alg_MDS                 |       0.376|     67|       0.006|       0.011|
slv : | solve_BG_MDS                     |       2.068|     67|       0.031|       0.065|
slv : | solve_BG_alg_MDS                 |       1.054|     67|       0.016|       0.029|
slv : | solve_BL_MDS                     |       0.433|     67|       0.006|       0.026|
slv : | solve_CHT                        |       1.547|     67|       0.023|       0.036|
slv : | solve_CHT_MDS                    |       1.144|     67|       0.017|       0.030|
slv : | solve_CHT_alg_MDS                |       0.349|     67|       0.005|       0.018|
slv : | solve_DvGr_MDS                   |       3.285|     67|       0.049|       0.102|
slv : | solve_DvGr_alg_MDS               |       1.174|     67|       0.018|       0.064|
slv : | solve_INPR_MDS                   |       0.000|      1|       0.000|       0.000|
slv : | solve_PS+QJ                      |       0.000|      0|       0.000|       0.000|
slv : | solve_YLMA_MDS                   |       0.003|     67|       0.000|       0.000|
slv : | solve_YNOx_MDS                   |       0.000|     67|       0.000|       0.000|
slv : | solve_YTd_MDS                    |       0.003|     67|       0.000|       0.000|
slv : | solve_YTurb_MDS                  |       0.003|     67|       0.000|       0.000|
slv : | update_BC_MDS                    |       0.000|     68|       0.000|       0.000|
slv : | update_Mf_after_DvGr             |       0.403|     67|       0.006|       0.009|
slv : | update_VelPressure_MDS           |       0.102|     67|       0.002|       0.006|
slv : +----------------------------------+------------+-------+------------+------------+
-----------------------------------------------------------------------
Memory Working Set Current = 310.92 Mb, Memory Working Set Peak = 311.82 Mb
Memory Private Bytes Current = 337.59 Mb, Memory Private Bytes Peak = 343.04 Mb
Process Threads Number: 35
-----------------------------------------------------------------------
Algebra Pool      : mem_usage = 176.56 Mb, allocated count = 1367

================== Tstep=67 ===================
<Dynamic P> on nsd = 0 {openings (inlet / outlet)}:
  (SP = Static Pressure, EP = Environment Pressure, TP = Total Pressure, E = External)
  {#0, E, (0.000000e+00 / 5.428108e+02)}
  {#1, E, (5.427457e+02 / 0.000000e+00)}
  {#2, E, (1.452167e-14 / 5.427032e+02)}
  {#3, E, (1.808022e-14 / 5.427032e+02)}
  {#4, E, (2.582659e-03 / 5.437664e+02)}
  {#5, E, (1.247395e-14 / 5.427032e+02)}
  MWS[  0]=1.44781
tau_viscous_averaged = 9031.83 
dt(mass,momentum; nsd=  0): min dt/dtG(ncv=  16072)=1.00 , max dt/dtG(ncv=  15971)=6.9    , dtG=0.00115206
Flow alg-view 0 in phys-view 0 isn't Neumann (not Multi Phase treating)
Face Momentum (sd=  0): max value of div(mf) (cv=15357) = 1.443314e-06
Flow alg-view 0 is not Neumann (not for Phase Change + Nested Iters)
+----+----+--------------+--------------+--------------+--------------+--------------+------+----+-+-+--+------+
|Name|view| Initial res  | Initial resL1| Target res   | Final res    | Final res L1 |Visits|Iter|R|F|CL|Status|
| BG |   0|  3.203541e-11|  1.720823e-04|  5.436960e-13|  4.460378e-13|  3.840104e-05|     3|   9|0|n|30|  OK  |
log10(resTarget_Lim / resTarget_Orig): 2.4 
Face Momentum (sd=  0): max value of div(mf) (cv=16020) = 1.147794e-07
	norm_L2 of div(momentum) = 6.678606e-07.
Flow alg-view 0 in phys-view 0 isn't Neumann (not Multi Phase treating)
LOG: number of a-faces with weighted approximations in 0 subdomain: 3.78828 percent
LOG: Rate of a-faces corrected to CUp1st in 0 subdomain: 0.0390118 %
slv : SolveBL stage
|nsd|Real WF|NormalF|Cycle F|CriticF| EdgeF |CyclBrF|ExtParF|RWFnumSt|StLvlNum|  nfw  |  alp_U_min  |  nfw  |  alp_U_max  |  nfw  |  alp_T_min  |  nfw  |  alp_T_max  |  nfw  |  BL_s_min   |  nfw  |   BL_s_max  |
|  0|    786|    611|      0|      0|    175|      0|      0|     786|      20|   3387|0.00351672   |   4147|8.79212      |   3634|0            |   3754|19073.5      |   3841|-130.329     |   3634|0            |
Face Momentum (sd=  0): max value of div(mf) (cv=16020) = 1.147794e-07
	norm_L2 of div(momentum) = 6.678606e-07.
nsd = 0 BC: AP Inlet occurs on 3657 w-faces
+----+----+----+--------------+--------------+--------------+--------------+--------------+------+----+-+-+--+------+
|Name|view| n_y| Initial res  | Initial resL1| Target res   | Final res    | Final res L1 |Visits|Iter|R|F|CL|Status|
+----+----+----+--------------+--------------+--------------+--------------+--------------+------+----+-+-+--+------+
| 3M |   0|   0|  3.125444e-04|  5.205802e-01|  5.860208e-08|  8.427065e-10|  4.122703e-04|     1|   3|0|n|29|  OK  |
Velocity (predicted):
        (local) sd   0: min(  17625)=0.66319632633651     , max(  16072)=41.227487562783      
Flow alg-view 0 is not Neumann (not for Phase Change + Nested Iters)
+----+----+--------------+--------------+--------------+--------------+--------------+------+----+-+-+--+------+
|Name|view| Initial res  | Initial resL1| Target res   | Final res    | Final res L1 |Visits|Iter|R|F|CL|Status|
|DVGR|   0|  9.007922e-07|  2.689090e-02|  5.629951e-11|  2.274690e-11|  1.796221e-04|     3|   9|0|n|30|  OK  |
PRESSURE SOLVER(geom_index=  0): sum_C_dp=-8.59446e-11
Face Momentum (sd=  0): max value of div(mf) (cv=15526) = 6.100254e-07
	norm_L2 of div(momentum) = 4.769372e-06.
nsd = 0 min_dtHy = 0.00115206 (nCV =	16072 ) max_dtHy = 0.00793483 (nCV =	15971 ) 
+----+----+--------------+--------------+--------------+--------------+--------------+------+----+-+-+--+------+
|Name|view| Initial res  | Initial resL1| Target res   | Final res    | Final res L1 |Visits|Iter|R|F|CL|Status|
|CHT |   0|  2.838451e-08|  3.262496e-03|  1.774032e-12|  2.595321e-14|  2.363789e-06|     1|   9|0|n|30|  OK  |
slv : Fluid subdom(new) 0
slv : P static (new)                 : min(  16073) = 100647.29136259      , max(  16075) = 102838.30515787      
slv : Density (new)                  : min(  16073) = 1.1948159081247      , max(  16075) = 1.2218877985242      
slv : Velocity (new)                 : min(  17625) = 0.71410050809298     , max(  16072) = 41.231520522921      
slv : Mach number (new)              : min(  17625) = 0.0020793327924043   , max(  16072) = 0.1202305414552      
slv : Temperature (new)              : min(  16072) = 292.80265610508      , max(  17625) = 293.64503771535      
slv : Total enthalpy, Y-shifted (new): min(  17665) = 448.21062841975      , max(  15308) = 450.17047363839      
slv : MASS FLUXES AT OPENINGS: MF=-100.32, AP=100.32
slv : DvGr statistics: min alpha=0.159644(nfa=52877, geom_slice=0)
slv : +----------------------------------+------------+-------+------------+------------+
slv : |          Collector name          | Total Time | Count |  Avg Time  |  Max Time  |
slv : +----------------------------------+------------+-------+------------+------------+
slv : | Calculate_inc                    |      17.670|     67|       0.264|       0.492|
slv : | CollectEMT_Results               |       0.000|     68|       0.000|       0.000|
slv : | HeatPathCalculator_Dynamic       |       0.021|      1|       0.021|       0.021|
slv : | LiSy_make_portrait               |       0.592|    221|       0.003|       0.007|
slv : | Results_processing               |       3.801|     67|       0.057|       0.081|
slv : | build_sl_ordering_CHT            |       0.032|     68|       0.000|       0.005|
slv : | build_sl_ordering_MDS            |       0.081|     68|       0.001|       0.011|
slv : | build_sl_ordering_fluid          |       0.077|     68|       0.001|       0.011|
slv : | calc_Convolutions_MDS            |       1.136|     68|       0.017|       0.031|
slv : | calc_wall_dist                   |       0.569|      1|       0.569|       0.569|
slv : | create_Gr_operators_MDS          |       0.664|     68|       0.010|       0.014|
slv : | create_Gr_operators_portrait_MDS |       0.466|     68|       0.007|       0.010|
slv : | init_Hy_group_MDS                |       0.841|     68|       0.012|       0.016|
slv : | perform_stage_total              |      13.143|   1844|       0.007|       0.570|
slv : | precalc_at_start_MDS             |       0.506|      2|       0.253|       0.477|
slv : | solve_3M_MDS                     |       1.929|     68|       0.028|       0.046|
slv : | solve_3M_alg_MDS                 |       0.384|     68|       0.006|       0.011|
slv : | solve_BG_MDS                     |       2.097|     68|       0.031|       0.065|
slv : | solve_BG_alg_MDS                 |       1.065|     68|       0.016|       0.029|
slv : | solve_BL_MDS                     |       0.439|     68|       0.006|       0.026|
slv : | solve_CHT                        |       1.570|     68|       0.023|       0.036|
slv : | solve_CHT_MDS                    |       1.163|     68|       0.017|       0.030|
slv : | solve_CHT_alg_MDS                |       0.355|     68|       0.005|       0.018|
slv : | solve_DvGr_MDS                   |       3.327|     68|       0.049|       0.102|
slv : | solve_DvGr_alg_MDS               |       1.188|     68|       0.017|       0.064|
slv : | solve_INPR_MDS                   |       0.000|      1|       0.000|       0.000|
slv : | solve_PS+QJ                      |       0.000|      0|       0.000|       0.000|
slv : | solve_YLMA_MDS                   |       0.003|     68|       0.000|       0.000|
slv : | solve_YNOx_MDS                   |       0.000|     68|       0.000|       0.000|
slv : | solve_YTd_MDS                    |       0.003|     68|       0.000|       0.000|
slv : | solve_YTurb_MDS                  |       0.003|     68|       0.000|       0.000|
slv : | update_BC_MDS                    |       0.000|     69|       0.000|       0.000|
slv : | update_Mf_after_DvGr             |       0.408|     68|       0.006|       0.009|
slv : | update_VelPressure_MDS           |       0.104|     68|       0.002|       0.006|
slv : +----------------------------------+------------+-------+------------+------------+
-----------------------------------------------------------------------
Memory Working Set Current = 311.10 Mb, Memory Working Set Peak = 311.82 Mb
Memory Private Bytes Current = 337.59 Mb, Memory Private Bytes Peak = 343.04 Mb
Process Threads Number: 35
-----------------------------------------------------------------------
Algebra Pool      : mem_usage = 176.56 Mb, allocated count = 1350

================== Tstep=68 ===================
<Dynamic P> on nsd = 0 {openings (inlet / outlet)}:
  (SP = Static Pressure, EP = Environment Pressure, TP = Total Pressure, E = External)
  {#0, E, (0.000000e+00 / 5.428106e+02)}
  {#1, E, (5.427458e+02 / 0.000000e+00)}
  {#2, E, (1.458821e-14 / 5.427032e+02)}
  {#3, E, (1.848507e-14 / 5.427032e+02)}
  {#4, E, (2.601437e-03 / 5.437361e+02)}
  {#5, E, (1.634007e-14 / 5.427032e+02)}
  MWS[  0]=1.45214
tau_viscous_averaged = 9031.83 
dt(mass,momentum; nsd=  0): min dt/dtG(ncv=  16072)=1.00 , max dt/dtG(ncv=  15971)=7.1    , dtG=0.00114255
Flow alg-view 0 in phys-view 0 isn't Neumann (not Multi Phase treating)
Face Momentum (sd=  0): max value of div(mf) (cv=15526) = 6.100254e-07
Flow alg-view 0 is not Neumann (not for Phase Change + Nested Iters)
+----+----+--------------+--------------+--------------+--------------+--------------+------+----+-+-+--+------+
|Name|view| Initial res  | Initial resL1| Target res   | Final res    | Final res L1 |Visits|Iter|R|F|CL|Status|
| BG |   0|  2.278157e-11|  1.798151e-04|  5.629951e-13|  1.679427e-13|  2.671536e-05|     4|  12|0|n|30|  OK  |
log10(resTarget_Lim / resTarget_Orig): 2.6 
Face Momentum (sd=  0): max value of div(mf) (cv=16020) = 6.198637e-08
	norm_L2 of div(momentum) = 4.098082e-07.
Flow alg-view 0 in phys-view 0 isn't Neumann (not Multi Phase treating)
LOG: number of a-faces with weighted approximations in 0 subdomain: 3.8949 percent
LOG: Rate of a-faces corrected to CUp1st in 0 subdomain: 0.0461708 %
slv : SolveBL stage
|nsd|Real WF|NormalF|Cycle F|CriticF| EdgeF |CyclBrF|ExtParF|RWFnumSt|StLvlNum|  nfw  |  alp_U_min  |  nfw  |  alp_U_max  |  nfw  |  alp_T_min  |  nfw  |  alp_T_max  |  nfw  |  BL_s_min   |  nfw  |   BL_s_max  |
|  0|    786|    611|      0|      0|    175|      0|      0|     786|      20|   3387|0.00345806   |   4147|9.35289      |   3634|0            |   3773|16070.6      |   3841|-130.412     |   3634|0            |
Face Momentum (sd=  0): max value of div(mf) (cv=16020) = 6.198637e-08
	norm_L2 of div(momentum) = 4.098082e-07.
nsd = 0 BC: AP Inlet occurs on 3547 w-faces
+----+----+----+--------------+--------------+--------------+--------------+--------------+------+----+-+-+--+------+
|Name|view| n_y| Initial res  | Initial resL1| Target res   | Final res    | Final res L1 |Visits|Iter|R|F|CL|Status|
+----+----+----+--------------+--------------+--------------+--------------+--------------+------+----+-+-+--+------+
| 3M |   0|   0|  2.434131e-04|  4.992849e-01|  4.563995e-08|  1.000860e-09|  4.371565e-04|     1|   3|0|n|29|  OK  |
Velocity (predicted):
        (local) sd   0: min(  17625)=0.73682918948388     , max(  16072)=41.099869608907      
Flow alg-view 0 is not Neumann (not for Phase Change + Nested Iters)
+----+----+--------------+--------------+--------------+--------------+--------------+------+----+-+-+--+------+
|Name|view| Initial res  | Initial resL1| Target res   | Final res    | Final res L1 |Visits|Iter|R|F|CL|Status|
|DVGR|   0|  7.480811e-07|  2.524869e-02|  4.675507e-11|  1.679241e-11|  1.503471e-04|     3|   9|0|n|30|  OK  |
PRESSURE SOLVER(geom_index=  0): sum_C_dp=-4.51778e-11
Face Momentum (sd=  0): max value of div(mf) (cv=18673) = 5.608015e-07
	norm_L2 of div(momentum) = 4.097855e-06.
nsd = 0 min_dtHy = 0.00114255 (nCV =	16072 ) max_dtHy = 0.00815179 (nCV =	15971 ) 
+----+----+--------------+--------------+--------------+--------------+--------------+------+----+-+-+--+------+
|Name|view| Initial res  | Initial resL1| Target res   | Final res    | Final res L1 |Visits|Iter|R|F|CL|Status|
|CHT |   0|  2.658649e-08|  3.164962e-03|  1.661655e-12|  3.025306e-14|  2.429627e-06|     1|   9|0|n|30|  OK  |
slv : Fluid subdom(new) 0
slv : P static (new)                 : min(  16073) = 100646.71662839      , max(  16075) = 102838.11330118      
slv : Density (new)                  : min(  16073) = 1.1948059033765      , max(  16075) = 1.2218902645282      
slv : Velocity (new)                 : min(  17625) = 0.68924556197995     , max(  16072) = 41.110918008151      
slv : Mach number (new)              : min(  17625) = 0.0020069596126718   , max(  16072) = 0.11987786196855     
slv : Temperature (new)              : min(  16072) = 292.80758575015      , max(  17625) = 293.64504591536      
slv : Total enthalpy, Y-shifted (new): min(  17665) = 448.20470756879      , max(  15308) = 450.1742989948       
slv : MASS FLUXES AT OPENINGS: MF=-100.32, AP=100.32
slv : DvGr statistics: min alpha=0.150987(nfa=52877, geom_slice=0)
slv : +----------------------------------+------------+-------+------------+------------+
slv : |          Collector name          | Total Time | Count |  Avg Time  |  Max Time  |
slv : +----------------------------------+------------+-------+------------+------------+
slv : | Calculate_inc                    |      17.922|     68|       0.264|       0.492|
slv : | CollectEMT_Results               |       0.000|     69|       0.000|       0.000|
slv : | HeatPathCalculator_Dynamic       |       0.021|      1|       0.021|       0.021|
slv : | LiSy_make_portrait               |       0.599|    224|       0.003|       0.007|
slv : | Results_processing               |       3.866|     68|       0.057|       0.081|
slv : | build_sl_ordering_CHT            |       0.032|     69|       0.000|       0.005|
slv : | build_sl_ordering_MDS            |       0.081|     69|       0.001|       0.011|
slv : | build_sl_ordering_fluid          |       0.077|     69|       0.001|       0.011|
slv : | calc_Convolutions_MDS            |       1.152|     69|       0.017|       0.031|
slv : | calc_wall_dist                   |       0.569|      1|       0.569|       0.569|
slv : | create_Gr_operators_MDS          |       0.674|     69|       0.010|       0.014|
slv : | create_Gr_operators_portrait_MDS |       0.472|     69|       0.007|       0.010|
slv : | init_Hy_group_MDS                |       0.852|     69|       0.012|       0.016|
slv : | perform_stage_total              |      13.318|   1871|       0.007|       0.570|
slv : | precalc_at_start_MDS             |       0.506|      2|       0.253|       0.477|
slv : | solve_3M_MDS                     |       1.954|     69|       0.028|       0.046|
slv : | solve_3M_alg_MDS                 |       0.389|     69|       0.006|       0.011|
slv : | solve_BG_MDS                     |       2.126|     69|       0.031|       0.065|
slv : | solve_BG_alg_MDS                 |       1.079|     69|       0.016|       0.029|
slv : | solve_BL_MDS                     |       0.445|     69|       0.006|       0.026|
slv : | solve_CHT                        |       1.590|     69|       0.023|       0.036|
slv : | solve_CHT_MDS                    |       1.177|     69|       0.017|       0.030|
slv : | solve_CHT_alg_MDS                |       0.360|     69|       0.005|       0.018|
slv : | solve_DvGr_MDS                   |       3.377|     69|       0.049|       0.102|
slv : | solve_DvGr_alg_MDS               |       1.209|     69|       0.018|       0.064|
slv : | solve_INPR_MDS                   |       0.000|      1|       0.000|       0.000|
slv : | solve_PS+QJ                      |       0.000|      0|       0.000|       0.000|
slv : | solve_YLMA_MDS                   |       0.003|     69|       0.000|       0.000|
slv : | solve_YNOx_MDS                   |       0.000|     69|       0.000|       0.000|
slv : | solve_YTd_MDS                    |       0.003|     69|       0.000|       0.000|
slv : | solve_YTurb_MDS                  |       0.003|     69|       0.000|       0.000|
slv : | update_BC_MDS                    |       0.000|     70|       0.000|       0.000|
slv : | update_Mf_after_DvGr             |       0.413|     69|       0.006|       0.009|
slv : | update_VelPressure_MDS           |       0.105|     69|       0.002|       0.006|
slv : +----------------------------------+------------+-------+------------+------------+
-----------------------------------------------------------------------
Memory Working Set Current = 311.49 Mb, Memory Working Set Peak = 311.82 Mb
Memory Private Bytes Current = 337.60 Mb, Memory Private Bytes Peak = 343.04 Mb
Process Threads Number: 35
-----------------------------------------------------------------------
Algebra Pool      : mem_usage = 176.56 Mb, allocated count = 1346

================== Tstep=69 ===================
<Dynamic P> on nsd = 0 {openings (inlet / outlet)}:
  (SP = Static Pressure, EP = Environment Pressure, TP = Total Pressure, E = External)
  {#0, E, (0.000000e+00 / 5.428107e+02)}
  {#1, E, (5.427458e+02 / 0.000000e+00)}
  {#2, E, (1.535860e-14 / 5.427032e+02)}
  {#3, E, (1.932451e-14 / 5.427032e+02)}
  {#4, E, (2.632545e-03 / 5.434037e+02)}
  {#5, E, (1.906662e-14 / 5.427032e+02)}
  MWS[  0]=1.4479
tau_viscous_averaged = 9031.83 
dt(mass,momentum; nsd=  0): min dt/dtG(ncv=  16072)=1.00 , max dt/dtG(ncv=  15971)=6.8    , dtG=0.00115179
Flow alg-view 0 in phys-view 0 isn't Neumann (not Multi Phase treating)
Face Momentum (sd=  0): max value of div(mf) (cv=14962) = 3.144456e-06
Flow alg-view 0 is not Neumann (not for Phase Change + Nested Iters)
+----+----+--------------+--------------+--------------+--------------+--------------+------+----+-+-+--+------+
|Name|view| Initial res  | Initial resL1| Target res   | Final res    | Final res L1 |Visits|Iter|R|F|CL|Status|
| BG |   0|  2.669329e-11|  1.536410e-04|  4.675507e-13|  3.923082e-13|  3.061543e-05|     4|  12|0|n|30|  OK  |
log10(resTarget_Lim / resTarget_Orig): 2.4 
Face Momentum (sd=  0): max value of div(mf) (cv=16020) = 1.924018e-07
	norm_L2 of div(momentum) = 6.263451e-07.
Flow alg-view 0 in phys-view 0 isn't Neumann (not Multi Phase treating)
LOG: number of a-faces with weighted approximations in 0 subdomain: 3.73646 percent
LOG: Rate of a-faces corrected to CUp1st in 0 subdomain: 0.0391185 %
slv : SolveBL stage
|nsd|Real WF|NormalF|Cycle F|CriticF| EdgeF |CyclBrF|ExtParF|RWFnumSt|StLvlNum|  nfw  |  alp_U_min  |  nfw  |  alp_U_max  |  nfw  |  alp_T_min  |  nfw  |  alp_T_max  |  nfw  |  BL_s_min   |  nfw  |   BL_s_max  |
|  0|    786|    610|      0|      0|    176|      0|      0|     786|      20|   3387|0.00331055   |   4147|8.83398      |   3634|0            |   3754|19071.8      |   3841|-130.346     |   3634|0            |
Face Momentum (sd=  0): max value of div(mf) (cv=16020) = 1.924018e-07
	norm_L2 of div(momentum) = 6.263451e-07.
nsd = 0 BC: AP Inlet occurs on 3516 w-faces
+----+----+----+--------------+--------------+--------------+--------------+--------------+------+----+-+-+--+------+
|Name|view| n_y| Initial res  | Initial resL1| Target res   | Final res    | Final res L1 |Visits|Iter|R|F|CL|Status|
+----+----+----+--------------+--------------+--------------+--------------+--------------+------+----+-+-+--+------+
| 3M |   0|   0|  3.381851e-04|  4.996522e-01|  6.340972e-08|  8.510716e-10|  4.066304e-04|     1|   3|0|n|29|  OK  |
Velocity (predicted):
        (local) sd   0: min(  17625)=0.66510316686203     , max(  16072)=41.227789136323      
Flow alg-view 0 is not Neumann (not for Phase Change + Nested Iters)
+----+----+--------------+--------------+--------------+--------------+--------------+------+----+-+-+--+------+
|Name|view| Initial res  | Initial resL1| Target res   | Final res    | Final res L1 |Visits|Iter|R|F|CL|Status|
|DVGR|   0|  8.351387e-07|  2.603473e-02|  5.219617e-11|  4.432689e-11|  1.729543e-04|     3|   9|0|n|30|  OK  |
PRESSURE SOLVER(geom_index=  0): sum_C_dp=9.22269e-11
Face Momentum (sd=  0): max value of div(mf) (cv=15357) = 1.760008e-06
	norm_L2 of div(momentum) = 6.657846e-06.
nsd = 0 min_dtHy = 0.00115179 (nCV =	16072 ) max_dtHy = 0.00787972 (nCV =	15971 ) 
+----+----+--------------+--------------+--------------+--------------+--------------+------+----+-+-+--+------+
|Name|view| Initial res  | Initial resL1| Target res   | Final res    | Final res L1 |Visits|Iter|R|F|CL|Status|
|CHT |   0|  2.858087e-08|  3.144888e-03|  1.786304e-12|  3.014885e-14|  2.427621e-06|     1|   9|0|n|30|  OK  |
slv : Fluid subdom(new) 0
slv : P static (new)                 : min(  16073) = 100647.36079848      , max(  16075) = 102838.29849983      
slv : Density (new)                  : min(  16073) = 1.1948166662207      , max(  16075) = 1.2218878409581      
slv : Velocity (new)                 : min(  17625) = 0.71321851681546     , max(  16072) = 41.231623418861      
slv : Mach number (new)              : min(  17625) = 0.0020767645952944   , max(  16072) = 0.12023084236518     
slv : Temperature (new)              : min(  16072) = 292.80265186232      , max(  17625) = 293.64503671057      
slv : Total enthalpy, Y-shifted (new): min(  17665) = 448.20913073854      , max(  15308) = 450.1781098514       
slv : MASS FLUXES AT OPENINGS: MF=-100.32, AP=100.32
slv : DvGr statistics: min alpha=0.153681(nfa=44835, geom_slice=0)
slv : +----------------------------------+------------+-------+------------+------------+
slv : |          Collector name          | Total Time | Count |  Avg Time  |  Max Time  |
slv : +----------------------------------+------------+-------+------------+------------+
slv : | Calculate_inc                    |      18.171|     69|       0.263|       0.492|
slv : | CollectEMT_Results               |       0.000|     70|       0.000|       0.000|
slv : | HeatPathCalculator_Dynamic       |       0.021|      1|       0.021|       0.021|
slv : | LiSy_make_portrait               |       0.607|    227|       0.003|       0.007|
slv : | Results_processing               |       3.903|     69|       0.057|       0.081|
slv : | build_sl_ordering_CHT            |       0.032|     70|       0.000|       0.005|
slv : | build_sl_ordering_MDS            |       0.081|     70|       0.001|       0.011|
slv : | build_sl_ordering_fluid          |       0.077|     70|       0.001|       0.011|
slv : | calc_Convolutions_MDS            |       1.167|     70|       0.017|       0.031|
slv : | calc_wall_dist                   |       0.569|      1|       0.569|       0.569|
slv : | create_Gr_operators_MDS          |       0.684|     70|       0.010|       0.014|
slv : | create_Gr_operators_portrait_MDS |       0.479|     70|       0.007|       0.010|
slv : | init_Hy_group_MDS                |       0.863|     70|       0.012|       0.016|
slv : | perform_stage_total              |      13.492|   1898|       0.007|       0.570|
slv : | precalc_at_start_MDS             |       0.506|      2|       0.253|       0.477|
slv : | solve_3M_MDS                     |       1.982|     70|       0.028|       0.046|
slv : | solve_3M_alg_MDS                 |       0.395|     70|       0.006|       0.011|
slv : | solve_BG_MDS                     |       2.158|     70|       0.031|       0.065|
slv : | solve_BG_alg_MDS                 |       1.093|     70|       0.016|       0.029|
slv : | solve_BL_MDS                     |       0.451|     70|       0.006|       0.026|
slv : | solve_CHT                        |       1.614|     70|       0.023|       0.036|
slv : | solve_CHT_MDS                    |       1.194|     70|       0.017|       0.030|
slv : | solve_CHT_alg_MDS                |       0.363|     70|       0.005|       0.018|
slv : | solve_DvGr_MDS                   |       3.421|     70|       0.049|       0.102|
slv : | solve_DvGr_alg_MDS               |       1.224|     70|       0.017|       0.064|
slv : | solve_INPR_MDS                   |       0.000|      1|       0.000|       0.000|
slv : | solve_PS+QJ                      |       0.000|      0|       0.000|       0.000|
slv : | solve_YLMA_MDS                   |       0.003|     70|       0.000|       0.000|
slv : | solve_YNOx_MDS                   |       0.000|     70|       0.000|       0.000|
slv : | solve_YTd_MDS                    |       0.003|     70|       0.000|       0.000|
slv : | solve_YTurb_MDS                  |       0.003|     70|       0.000|       0.000|
slv : | update_BC_MDS                    |       0.000|     71|       0.000|       0.000|
slv : | update_Mf_after_DvGr             |       0.420|     70|       0.006|       0.009|
slv : | update_VelPressure_MDS           |       0.106|     70|       0.002|       0.006|
slv : +----------------------------------+------------+-------+------------+------------+
Interpolator cache: total calls 2381, optimised calls 862 (36.2 %)
-----------------------------------------------------------------------
Memory Working Set Current = 307.61 Mb, Memory Working Set Peak = 311.82 Mb
Memory Private Bytes Current = 333.22 Mb, Memory Private Bytes Peak = 343.04 Mb
Process Threads Number: 35
-----------------------------------------------------------------------
Iteration : time = 1.56162 , count = 5 , time/count = 0.312323
Calculate_inc() : time = 1.27919 , count = 5 , time/count = 0.255839
TreatFlowEvolution() : time = 0.282422 , count = 5 , time/count = 0.0564844
SolverPreview : time = 0 , count = 5 , time/count = 0
TreatGoals : time = 0.282422 , count = 5 , time/count = 0.0564844
Algebra Pool      : mem_usage = 176.56 Mb, allocated count = 1356

================== Tstep=70 ===================
<Dynamic P> on nsd = 0 {openings (inlet / outlet)}:
  (SP = Static Pressure, EP = Environment Pressure, TP = Total Pressure, E = External)
  {#0, E, (0.000000e+00 / 5.428100e+02)}
  {#1, E, (5.427457e+02 / 0.000000e+00)}
  {#2, E, (1.829744e-14 / 5.427032e+02)}
  {#3, E, (2.005425e-14 / 5.427032e+02)}
  {#4, E, (2.669526e-03 / 5.431007e+02)}
  {#5, E, (1.694033e-14 / 5.427032e+02)}
  MWS[  0]=1.45215
tau_viscous_averaged = 9031.83 
dt(mass,momentum; nsd=  0): min dt/dtG(ncv=  16072)=1.00 , max dt/dtG(ncv=  15971)=7.1    , dtG=0.00114237
Flow alg-view 0 in phys-view 0 isn't Neumann (not Multi Phase treating)
Face Momentum (sd=  0): max value of div(mf) (cv=15357) = 1.760008e-06
Flow alg-view 0 is not Neumann (not for Phase Change + Nested Iters)
+----+----+--------------+--------------+--------------+--------------+--------------+------+----+-+-+--+------+
|Name|view| Initial res  | Initial resL1| Target res   | Final res    | Final res L1 |Visits|Iter|R|F|CL|Status|
| BG |   0|  4.474003e-11|  1.744128e-04|  5.219617e-13|  1.539892e-13|  2.158020e-05|     4|  12|0|n|30|  OK  |
log10(resTarget_Lim / resTarget_Orig): 2.3 
Face Momentum (sd=  0): max value of div(mf) (cv=16020) = 8.414490e-08
	norm_L2 of div(momentum) = 3.924146e-07.
Flow alg-view 0 in phys-view 0 isn't Neumann (not Multi Phase treating)
LOG: number of a-faces with weighted approximations in 0 subdomain: 3.62389 percent
LOG: Rate of a-faces corrected to CUp1st in 0 subdomain: 0.0456064 %
slv : SolveBL stage
|nsd|Real WF|NormalF|Cycle F|CriticF| EdgeF |CyclBrF|ExtParF|RWFnumSt|StLvlNum|  nfw  |  alp_U_min  |  nfw  |  alp_U_max  |  nfw  |  alp_T_min  |  nfw  |  alp_T_max  |  nfw  |  BL_s_min   |  nfw  |   BL_s_max  |
|  0|    786|    611|      0|      0|    175|      0|      0|     786|      20|   3387|0.003142     |   4147|9.49059      |   3634|0            |   3736|12113.1      |   3841|-130.409     |   3634|0            |
Face Momentum (sd=  0): max value of div(mf) (cv=16020) = 8.414490e-08
	norm_L2 of div(momentum) = 3.924146e-07.
nsd = 0 BC: AP Inlet occurs on 3536 w-faces
+----+----+----+--------------+--------------+--------------+--------------+--------------+------+----+-+-+--+------+
|Name|view| n_y| Initial res  | Initial resL1| Target res   | Final res    | Final res L1 |Visits|Iter|R|F|CL|Status|
+----+----+----+--------------+--------------+--------------+--------------+--------------+------+----+-+-+--+------+
| 3M |   0|   0|  3.153024e-04|  5.085924e-01|  5.911921e-08|  9.506517e-10|  4.361217e-04|     1|   3|0|n|29|  OK  |
Velocity (predicted):
        (local) sd   0: min(  17625)=0.73478431080851     , max(  16072)=41.097229704875      
Flow alg-view 0 is not Neumann (not for Phase Change + Nested Iters)
+----+----+--------------+--------------+--------------+--------------+--------------+------+----+-+-+--+------+
|Name|view| Initial res  | Initial resL1| Target res   | Final res    | Final res L1 |Visits|Iter|R|F|CL|Status|
|DVGR|   0|  8.800007e-07|  2.625021e-02|  5.500005e-11|  1.291284e-11|  1.403159e-04|     3|   9|0|n|30|  OK  |
PRESSURE SOLVER(geom_index=  0): sum_C_dp=6.22805e-11
Face Momentum (sd=  0): max value of div(mf) (cv=17617) = 4.324609e-07
	norm_L2 of div(momentum) = 3.593445e-06.
nsd = 0 min_dtHy = 0.00114237 (nCV =	16072 ) max_dtHy = 0.0081313 (nCV =	15971 ) 
+----+----+--------------+--------------+--------------+--------------+--------------+------+----+-+-+--+------+
|Name|view| Initial res  | Initial resL1| Target res   | Final res    | Final res L1 |Visits|Iter|R|F|CL|Status|
|CHT |   0|  2.810491e-08|  3.064216e-03|  1.756557e-12|  2.527187e-14|  2.273457e-06|     1|   9|0|n|30|  OK  |
slv : Fluid subdom(new) 0
slv : P static (new)                 : min(  16073) = 100646.80368948      , max(  16075) = 102838.13428556      
slv : Density (new)                  : min(  16073) = 1.1948068111724      , max(  16075) = 1.2218901805478      
slv : Velocity (new)                 : min(  17625) = 0.68560573560844     , max(  16072) = 41.105475833269      
slv : Mach number (new)              : min(  17625) = 0.0019963610823776   , max(  16072) = 0.11986194753829     
slv : Temperature (new)              : min(  16072) = 292.80780794312      , max(  17625) = 293.64504825033      
slv : Total enthalpy, Y-shifted (new): min(  17665) = 448.20302130244      , max(  15308) = 450.18157355043      
slv : MASS FLUXES AT OPENINGS: MF=-100.32, AP=100.32
slv : DvGr statistics: min alpha=0.16056(nfa=50651, geom_slice=0)
slv : +----------------------------------+------------+-------+------------+------------+
slv : |          Collector name          | Total Time | Count |  Avg Time  |  Max Time  |
slv : +----------------------------------+------------+-------+------------+------------+
slv : | Calculate_inc                    |      18.427|     70|       0.263|       0.492|
slv : | CollectEMT_Results               |       0.000|     71|       0.000|       0.000|
slv : | HeatPathCalculator_Dynamic       |       0.021|      1|       0.021|       0.021|
slv : | LiSy_make_portrait               |       0.615|    230|       0.003|       0.007|
slv : | Results_processing               |       3.954|     70|       0.056|       0.081|
slv : | build_sl_ordering_CHT            |       0.032|     71|       0.000|       0.005|
slv : | build_sl_ordering_MDS            |       0.082|     71|       0.001|       0.011|
slv : | build_sl_ordering_fluid          |       0.077|     71|       0.001|       0.011|
slv : | calc_Convolutions_MDS            |       1.183|     71|       0.017|       0.031|
slv : | calc_wall_dist                   |       0.569|      1|       0.569|       0.569|
slv : | create_Gr_operators_MDS          |       0.693|     71|       0.010|       0.014|
slv : | create_Gr_operators_portrait_MDS |       0.485|     71|       0.007|       0.010|
slv : | init_Hy_group_MDS                |       0.877|     71|       0.012|       0.016|
slv : | perform_stage_total              |      13.682|   1925|       0.007|       0.570|
slv : | precalc_at_start_MDS             |       0.506|      2|       0.253|       0.477|
slv : | solve_3M_MDS                     |       2.011|     71|       0.028|       0.046|
slv : | solve_3M_alg_MDS                 |       0.400|     71|       0.006|       0.011|
slv : | solve_BG_MDS                     |       2.187|     71|       0.031|       0.065|
slv : | solve_BG_alg_MDS                 |       1.105|     71|       0.016|       0.029|
slv : | solve_BL_MDS                     |       0.457|     71|       0.006|       0.026|
slv : | solve_CHT                        |       1.640|     71|       0.023|       0.036|
slv : | solve_CHT_MDS                    |       1.212|     71|       0.017|       0.030|
slv : | solve_CHT_alg_MDS                |       0.368|     71|       0.005|       0.018|
slv : | solve_DvGr_MDS                   |       3.472|     71|       0.049|       0.102|
slv : | solve_DvGr_alg_MDS               |       1.243|     71|       0.018|       0.064|
slv : | solve_INPR_MDS                   |       0.000|      1|       0.000|       0.000|
slv : | solve_PS+QJ                      |       0.000|      0|       0.000|       0.000|
slv : | solve_YLMA_MDS                   |       0.003|     71|       0.000|       0.000|
slv : | solve_YNOx_MDS                   |       0.000|     71|       0.000|       0.000|
slv : | solve_YTd_MDS                    |       0.003|     71|       0.000|       0.000|
slv : | solve_YTurb_MDS                  |       0.003|     71|       0.000|       0.000|
slv : | update_BC_MDS                    |       0.000|     72|       0.000|       0.000|
slv : | update_Mf_after_DvGr             |       0.425|     71|       0.006|       0.009|
slv : | update_VelPressure_MDS           |       0.108|     71|       0.002|       0.006|
slv : +----------------------------------+------------+-------+------------+------------+
-----------------------------------------------------------------------
Memory Working Set Current = 308.07 Mb, Memory Working Set Peak = 311.82 Mb
Memory Private Bytes Current = 336.84 Mb, Memory Private Bytes Peak = 343.04 Mb
Process Threads Number: 35
-----------------------------------------------------------------------
Algebra Pool      : mem_usage = 176.56 Mb, allocated count = 1364

================== Tstep=71 ===================
<Dynamic P> on nsd = 0 {openings (inlet / outlet)}:
  (SP = Static Pressure, EP = Environment Pressure, TP = Total Pressure, E = External)
  {#0, E, (0.000000e+00 / 5.428100e+02)}
  {#1, E, (5.427457e+02 / 0.000000e+00)}
  {#2, E, (1.704426e-14 / 5.427032e+02)}
  {#3, E, (2.057539e-14 / 5.427032e+02)}
  {#4, E, (2.691220e-03 / 5.430198e+02)}
  {#5, E, (1.286470e-14 / 5.427032e+02)}
  MWS[  0]=1.44771
tau_viscous_averaged = 9031.83 
dt(mass,momentum; nsd=  0): min dt/dtG(ncv=  16072)=1.00 , max dt/dtG(ncv=  15971)=6.9    , dtG=0.00115214
Flow alg-view 0 in phys-view 0 isn't Neumann (not Multi Phase treating)
Face Momentum (sd=  0): max value of div(mf) (cv=14962) = 2.322909e-06
Flow alg-view 0 is not Neumann (not for Phase Change + Nested Iters)
+----+----+--------------+--------------+--------------+--------------+--------------+------+----+-+-+--+------+
|Name|view| Initial res  | Initial resL1| Target res   | Final res    | Final res L1 |Visits|Iter|R|F|CL|Status|
| BG |   0|  2.152510e-11|  1.462703e-04|  5.500005e-13|  1.952862e-13|  2.411974e-05|     4|  12|0|n|30|  OK  |
log10(resTarget_Lim / resTarget_Orig): 2.6 
Face Momentum (sd=  0): max value of div(mf) (cv=15915) = 1.246753e-07
	norm_L2 of div(momentum) = 4.419119e-07.
Flow alg-view 0 in phys-view 0 isn't Neumann (not Multi Phase treating)
LOG: number of a-faces with weighted approximations in 0 subdomain: 3.68345 percent
LOG: Rate of a-faces corrected to CUp1st in 0 subdomain: 0.0393754 %
slv : SolveBL stage
|nsd|Real WF|NormalF|Cycle F|CriticF| EdgeF |CyclBrF|ExtParF|RWFnumSt|StLvlNum|  nfw  |  alp_U_min  |  nfw  |  alp_U_max  |  nfw  |  alp_T_min  |  nfw  |  alp_T_max  |  nfw  |  BL_s_min   |  nfw  |   BL_s_max  |
|  0|    786|    612|      0|      0|    174|      0|      0|     786|      20|   3387|0.00309282   |   4147|8.83694      |   3634|0            |   3754|19070.9      |   3841|-130.331     |   3634|0            |
Face Momentum (sd=  0): max value of div(mf) (cv=15915) = 1.246753e-07
	norm_L2 of div(momentum) = 4.419119e-07.
nsd = 0 BC: AP Inlet occurs on 3558 w-faces
+----+----+----+--------------+--------------+--------------+--------------+--------------+------+----+-+-+--+------+
|Name|view| n_y| Initial res  | Initial resL1| Target res   | Final res    | Final res L1 |Visits|Iter|R|F|CL|Status|
+----+----+----+--------------+--------------+--------------+--------------+--------------+------+----+-+-+--+------+
| 3M |   0|   0|  2.799103e-04|  5.010716e-01|  5.248319e-08|  9.908982e-10|  4.350178e-04|     1|   3|0|n|29|  OK  |
Velocity (predicted):
        (local) sd   0: min(  17625)=0.6637081950402      , max(  16072)=41.226791151269      
Flow alg-view 0 is not Neumann (not for Phase Change + Nested Iters)
+----+----+--------------+--------------+--------------+--------------+--------------+------+----+-+-+--+------+
|Name|view| Initial res  | Initial resL1| Target res   | Final res    | Final res L1 |Visits|Iter|R|F|CL|Status|
|DVGR|   0|  7.069238e-07|  2.441171e-02|  4.418274e-11|  1.207405e-11|  1.274921e-04|     3|   9|0|n|30|  OK  |
PRESSURE SOLVER(geom_index=  0): sum_C_dp=2.36545e-11
Face Momentum (sd=  0): max value of div(mf) (cv=15760) = 3.686855e-07
	norm_L2 of div(momentum) = 3.474774e-06.
nsd = 0 min_dtHy = 0.00115214 (nCV =	16072 ) max_dtHy = 0.00799592 (nCV =	15971 ) 
+----+----+--------------+--------------+--------------+--------------+--------------+------+----+-+-+--+------+
|Name|view| Initial res  | Initial resL1| Target res   | Final res    | Final res L1 |Visits|Iter|R|F|CL|Status|
|CHT |   0|  2.645185e-08|  3.075669e-03|  1.653241e-12|  2.725465e-14|  2.437929e-06|     1|   9|0|n|30|  OK  |
slv : Fluid subdom(new) 0
slv : P static (new)                 : min(  16073) = 100647.46011001      , max(  16075) = 102838.3586027       
slv : Density (new)                  : min(  16073) = 1.1948177189362      , max(  16075) = 1.2218885823308      
slv : Velocity (new)                 : min(  17625) = 0.70787394382846     , max(  16072) = 41.230692170309      
slv : Mach number (new)              : min(  17625) = 0.0020612021533297   , max(  16072) = 0.12022811905514     
slv : Temperature (new)              : min(  16072) = 292.80269005058      , max(  17625) = 293.6450374411       
slv : Total enthalpy, Y-shifted (new): min(  17665) = 448.20769455521      , max(  15308) = 450.18502928609      
slv : MASS FLUXES AT OPENINGS: MF=-100.32, AP=100.32
slv : DvGr statistics: min alpha=0.158772(nfa=52877, geom_slice=0)
slv : +----------------------------------+------------+-------+------------+------------+
slv : |          Collector name          | Total Time | Count |  Avg Time  |  Max Time  |
slv : +----------------------------------+------------+-------+------------+------------+
slv : | Calculate_inc                    |      18.703|     71|       0.263|       0.492|
slv : | CollectEMT_Results               |       0.000|     72|       0.000|       0.000|
slv : | HeatPathCalculator_Dynamic       |       0.021|      1|       0.021|       0.021|
slv : | LiSy_make_portrait               |       0.623|    233|       0.003|       0.007|
slv : | Results_processing               |       4.002|     71|       0.056|       0.081|
slv : | build_sl_ordering_CHT            |       0.032|     72|       0.000|       0.005|
slv : | build_sl_ordering_MDS            |       0.082|     72|       0.001|       0.011|
slv : | build_sl_ordering_fluid          |       0.077|     72|       0.001|       0.011|
slv : | calc_Convolutions_MDS            |       1.198|     72|       0.017|       0.031|
slv : | calc_wall_dist                   |       0.569|      1|       0.569|       0.569|
slv : | create_Gr_operators_MDS          |       0.701|     72|       0.010|       0.014|
slv : | create_Gr_operators_portrait_MDS |       0.492|     72|       0.007|       0.010|
slv : | init_Hy_group_MDS                |       0.888|     72|       0.012|       0.016|
slv : | perform_stage_total              |      13.849|   1952|       0.007|       0.570|
slv : | precalc_at_start_MDS             |       0.506|      2|       0.253|       0.477|
slv : | solve_3M_MDS                     |       2.039|     72|       0.028|       0.046|
slv : | solve_3M_alg_MDS                 |       0.406|     72|       0.006|       0.011|
slv : | solve_BG_MDS                     |       2.214|     72|       0.031|       0.065|
slv : | solve_BG_alg_MDS                 |       1.118|     72|       0.016|       0.029|
slv : | solve_BL_MDS                     |       0.462|     72|       0.006|       0.026|
slv : | solve_CHT                        |       1.661|     72|       0.023|       0.036|
slv : | solve_CHT_MDS                    |       1.229|     72|       0.017|       0.030|
slv : | solve_CHT_alg_MDS                |       0.373|     72|       0.005|       0.018|
slv : | solve_DvGr_MDS                   |       3.518|     72|       0.049|       0.102|
slv : | solve_DvGr_alg_MDS               |       1.256|     72|       0.017|       0.064|
slv : | solve_INPR_MDS                   |       0.000|      1|       0.000|       0.000|
slv : | solve_PS+QJ                      |       0.000|      0|       0.000|       0.000|
slv : | solve_YLMA_MDS                   |       0.003|     72|       0.000|       0.000|
slv : | solve_YNOx_MDS                   |       0.000|     72|       0.000|       0.000|
slv : | solve_YTd_MDS                    |       0.003|     72|       0.000|       0.000|
slv : | solve_YTurb_MDS                  |       0.003|     72|       0.000|       0.000|
slv : | update_BC_MDS                    |       0.000|     73|       0.000|       0.000|
slv : | update_Mf_after_DvGr             |       0.432|     72|       0.006|       0.009|
slv : | update_VelPressure_MDS           |       0.109|     72|       0.002|       0.006|
slv : +----------------------------------+------------+-------+------------+------------+
-----------------------------------------------------------------------
Memory Working Set Current = 308.62 Mb, Memory Working Set Peak = 311.82 Mb
Memory Private Bytes Current = 336.45 Mb, Memory Private Bytes Peak = 343.04 Mb
Process Threads Number: 35
-----------------------------------------------------------------------
Algebra Pool      : mem_usage = 176.56 Mb, allocated count = 1353

================== Tstep=72 ===================
<Dynamic P> on nsd = 0 {openings (inlet / outlet)}:
  (SP = Static Pressure, EP = Environment Pressure, TP = Total Pressure, E = External)
  {#0, E, (0.000000e+00 / 5.428101e+02)}
  {#1, E, (5.427458e+02 / 0.000000e+00)}
  {#2, E, (1.661834e-14 / 5.427032e+02)}
  {#3, E, (2.052079e-14 / 5.427032e+02)}
  {#4, E, (2.688503e-03 / 5.430146e+02)}
  {#5, E, (1.103454e-14 / 5.427032e+02)}
  MWS[  0]=1.45212
tau_viscous_averaged = 9031.83 
dt(mass,momentum; nsd=  0): min dt/dtG(ncv=  16072)=1.00 , max dt/dtG(ncv=  15971)=7.1    , dtG=0.00114253
Flow alg-view 0 in phys-view 0 isn't Neumann (not Multi Phase treating)
Face Momentum (sd=  0): max value of div(mf) (cv=18540) = 4.558651e-07
Flow alg-view 0 is not Neumann (not for Phase Change + Nested Iters)
+----+----+--------------+--------------+--------------+--------------+--------------+------+----+-+-+--+------+
|Name|view| Initial res  | Initial resL1| Target res   | Final res    | Final res L1 |Visits|Iter|R|F|CL|Status|
| BG |   0|  1.232306e-11|  1.283146e-04|  4.418274e-13|  1.567166e-13|  2.239548e-05|     4|  12|0|n|30|  OK  |
log10(resTarget_Lim / resTarget_Orig): 2.8 
Face Momentum (sd=  0): max value of div(mf) (cv=16020) = 9.304284e-08
	norm_L2 of div(momentum) = 3.958744e-07.
Flow alg-view 0 in phys-view 0 isn't Neumann (not Multi Phase treating)
LOG: number of a-faces with weighted approximations in 0 subdomain: 3.67273 percent
LOG: Rate of a-faces corrected to CUp1st in 0 subdomain: 0.0457712 %
slv : SolveBL stage
|nsd|Real WF|NormalF|Cycle F|CriticF| EdgeF |CyclBrF|ExtParF|RWFnumSt|StLvlNum|  nfw  |  alp_U_min  |  nfw  |  alp_U_max  |  nfw  |  alp_T_min  |  nfw  |  alp_T_max  |  nfw  |  BL_s_min   |  nfw  |   BL_s_max  |
|  0|    786|    610|      0|      0|    176|      0|      0|     786|      20|   3387|0.0033633    |   4147|9.70669      |   3634|0            |   3736|12113.8      |   3841|-130.429     |   3634|0            |
Face Momentum (sd=  0): max value of div(mf) (cv=16020) = 9.304284e-08
	norm_L2 of div(momentum) = 3.958744e-07.
nsd = 0 BC: AP Inlet occurs on 3593 w-faces
+----+----+----+--------------+--------------+--------------+--------------+--------------+------+----+-+-+--+------+
|Name|view| n_y| Initial res  | Initial resL1| Target res   | Final res    | Final res L1 |Visits|Iter|R|F|CL|Status|
+----+----+----+--------------+--------------+--------------+--------------+--------------+------+----+-+-+--+------+
| 3M |   0|   0|  2.448623e-04|  4.641028e-01|  4.591168e-08|  8.888295e-10|  4.246142e-04|     1|   3|0|n|29|  OK  |
Velocity (predicted):
        (local) sd   0: min(  17625)=0.73013159308044     , max(  16072)=41.101404441477      
Flow alg-view 0 is not Neumann (not for Phase Change + Nested Iters)
+----+----+--------------+--------------+--------------+--------------+--------------+------+----+-+-+--+------+
|Name|view| Initial res  | Initial resL1| Target res   | Final res    | Final res L1 |Visits|Iter|R|F|CL|Status|
|DVGR|   0|  7.409187e-07|  2.461742e-02|  4.630742e-11|  3.163952e-11|  1.551102e-04|     3|   9|0|n|30|  OK  |
PRESSURE SOLVER(geom_index=  0): sum_C_dp=-1.64583e-11
Face Momentum (sd=  0): max value of div(mf) (cv=15357) = 1.389342e-06
	norm_L2 of div(momentum) = 5.624903e-06.
nsd = 0 min_dtHy = 0.00114253 (nCV =	16072 ) max_dtHy = 0.00815875 (nCV =	15971 ) 
+----+----+--------------+--------------+--------------+--------------+--------------+------+----+-+-+--+------+
|Name|view| Initial res  | Initial resL1| Target res   | Final res    | Final res L1 |Visits|Iter|R|F|CL|Status|
|CHT |   0|  2.155530e-08|  2.863252e-03|  1.347206e-12|  2.782299e-14|  2.456085e-06|     1|   9|0|n|30|  OK  |
slv : Fluid subdom(new) 0
slv : P static (new)                 : min(  16073) = 100646.86420762      , max(  16075) = 102838.17988869      
slv : Density (new)                  : min(  16073) = 1.1948073877238      , max(  16075) = 1.2218911231765      
slv : Velocity (new)                 : min(  17625) = 0.68571714792619     , max(  16072) = 41.109097465986      
slv : Mach number (new)              : min(  17625) = 0.0019966855042202   , max(  16072) = 0.11987253818956     
slv : Temperature (new)              : min(  16072) = 292.80766011317      , max(  17625) = 293.64504555122      
slv : Total enthalpy, Y-shifted (new): min(  17665) = 448.20249635722      , max(  18017) = 450.18833572894      
slv : MASS FLUXES AT OPENINGS: MF=-100.32, AP=100.32
slv : DvGr statistics: min alpha=0.151341(nfa=52877, geom_slice=0)
slv : +----------------------------------+------------+-------+------------+------------+
slv : |          Collector name          | Total Time | Count |  Avg Time  |  Max Time  |
slv : +----------------------------------+------------+-------+------------+------------+
slv : | Calculate_inc                    |      18.946|     72|       0.263|       0.492|
slv : | CollectEMT_Results               |       0.000|     73|       0.000|       0.000|
slv : | HeatPathCalculator_Dynamic       |       0.021|      1|       0.021|       0.021|
slv : | LiSy_make_portrait               |       0.630|    236|       0.003|       0.007|
slv : | Results_processing               |       4.053|     72|       0.056|       0.081|
slv : | build_sl_ordering_CHT            |       0.032|     73|       0.000|       0.005|
slv : | build_sl_ordering_MDS            |       0.082|     73|       0.001|       0.011|
slv : | build_sl_ordering_fluid          |       0.078|     73|       0.001|       0.011|
slv : | calc_Convolutions_MDS            |       1.214|     73|       0.017|       0.031|
slv : | calc_wall_dist                   |       0.569|      1|       0.569|       0.569|
slv : | create_Gr_operators_MDS          |       0.710|     73|       0.010|       0.014|
slv : | create_Gr_operators_portrait_MDS |       0.499|     73|       0.007|       0.010|
slv : | init_Hy_group_MDS                |       0.898|     73|       0.012|       0.016|
slv : | perform_stage_total              |      14.022|   1979|       0.007|       0.570|
slv : | precalc_at_start_MDS             |       0.506|      2|       0.253|       0.477|
slv : | solve_3M_MDS                     |       2.067|     73|       0.028|       0.046|
slv : | solve_3M_alg_MDS                 |       0.412|     73|       0.006|       0.011|
slv : | solve_BG_MDS                     |       2.244|     73|       0.031|       0.065|
slv : | solve_BG_alg_MDS                 |       1.131|     73|       0.015|       0.029|
slv : | solve_BL_MDS                     |       0.470|     73|       0.006|       0.026|
slv : | solve_CHT                        |       1.685|     73|       0.023|       0.036|
slv : | solve_CHT_MDS                    |       1.245|     73|       0.017|       0.030|
slv : | solve_CHT_alg_MDS                |       0.377|     73|       0.005|       0.018|
slv : | solve_DvGr_MDS                   |       3.562|     73|       0.049|       0.102|
slv : | solve_DvGr_alg_MDS               |       1.270|     73|       0.017|       0.064|
slv : | solve_INPR_MDS                   |       0.000|      1|       0.000|       0.000|
slv : | solve_PS+QJ                      |       0.000|      0|       0.000|       0.000|
slv : | solve_YLMA_MDS                   |       0.003|     73|       0.000|       0.000|
slv : | solve_YNOx_MDS                   |       0.000|     73|       0.000|       0.000|
slv : | solve_YTd_MDS                    |       0.003|     73|       0.000|       0.000|
slv : | solve_YTurb_MDS                  |       0.003|     73|       0.000|       0.000|
slv : | update_BC_MDS                    |       0.000|     74|       0.000|       0.000|
slv : | update_Mf_after_DvGr             |       0.438|     73|       0.006|       0.009|
slv : | update_VelPressure_MDS           |       0.110|     73|       0.002|       0.006|
slv : +----------------------------------+------------+-------+------------+------------+
-----------------------------------------------------------------------
Memory Working Set Current = 308.33 Mb, Memory Working Set Peak = 311.82 Mb
Memory Private Bytes Current = 337.15 Mb, Memory Private Bytes Peak = 343.04 Mb
Process Threads Number: 35
-----------------------------------------------------------------------
Algebra Pool      : mem_usage = 176.56 Mb, allocated count = 1344

================== Tstep=73 ===================
<Dynamic P> on nsd = 0 {openings (inlet / outlet)}:
  (SP = Static Pressure, EP = Environment Pressure, TP = Total Pressure, E = External)
  {#0, E, (0.000000e+00 / 5.428107e+02)}
  {#1, E, (5.427458e+02 / 0.000000e+00)}
  {#2, E, (1.636673e-14 / 5.427032e+02)}
  {#3, E, (1.986721e-14 / 5.427032e+02)}
  {#4, E, (2.661333e-03 / 5.430942e+02)}
  {#5, E, (1.096533e-14 / 5.427032e+02)}
  MWS[  0]=1.44784
tau_viscous_averaged = 9031.83 
dt(mass,momentum; nsd=  0): min dt/dtG(ncv=  16072)=1.00 , max dt/dtG(ncv=  15971)=6.9    , dtG=0.00115172
Flow alg-view 0 in phys-view 0 isn't Neumann (not Multi Phase treating)
Face Momentum (sd=  0): max value of div(mf) (cv=15357) = 1.389342e-06
Flow alg-view 0 is not Neumann (not for Phase Change + Nested Iters)
+----+----+--------------+--------------+--------------+--------------+--------------+------+----+-+-+--+------+
|Name|view| Initial res  | Initial resL1| Target res   | Final res    | Final res L1 |Visits|Iter|R|F|CL|Status|
| BG |   0|  3.274515e-11|  1.569818e-04|  4.630742e-13|  1.691590e-13|  2.263763e-05|     4|  12|0|n|30|  OK  |
log10(resTarget_Lim / resTarget_Orig): 2.4 
Face Momentum (sd=  0): max value of div(mf) (cv=16020) = 9.682733e-08
	norm_L2 of div(momentum) = 4.112894e-07.
Flow alg-view 0 in phys-view 0 isn't Neumann (not Multi Phase treating)
LOG: number of a-faces with weighted approximations in 0 subdomain: 3.64831 percent
LOG: Rate of a-faces corrected to CUp1st in 0 subdomain: 0.0381351 %
slv : SolveBL stage
|nsd|Real WF|NormalF|Cycle F|CriticF| EdgeF |CyclBrF|ExtParF|RWFnumSt|StLvlNum|  nfw  |  alp_U_min  |  nfw  |  alp_U_max  |  nfw  |  alp_T_min  |  nfw  |  alp_T_max  |  nfw  |  BL_s_min   |  nfw  |   BL_s_max  |
|  0|    786|    611|      0|      0|    175|      0|      0|     786|      20|   3387|0.00343669   |   4147|9.1152       |   3634|0            |   3754|19070.2      |   3841|-130.331     |   3634|0            |
Face Momentum (sd=  0): max value of div(mf) (cv=16020) = 9.682733e-08
	norm_L2 of div(momentum) = 4.112894e-07.
nsd = 0 BC: AP Inlet occurs on 3606 w-faces
+----+----+----+--------------+--------------+--------------+--------------+--------------+------+----+-+-+--+------+
|Name|view| n_y| Initial res  | Initial resL1| Target res   | Final res    | Final res L1 |Visits|Iter|R|F|CL|Status|
+----+----+----+--------------+--------------+--------------+--------------+--------------+------+----+-+-+--+------+
| 3M |   0|   0|  3.229049e-04|  4.929079e-01|  6.054466e-08|  8.540668e-10|  4.138679e-04|     1|   3|0|n|29|  OK  |
Velocity (predicted):
        (local) sd   0: min(  17625)=0.66026693758558     , max(  16072)=41.235830578964      
Flow alg-view 0 is not Neumann (not for Phase Change + Nested Iters)
+----+----+--------------+--------------+--------------+--------------+--------------+------+----+-+-+--+------+
|Name|view| Initial res  | Initial resL1| Target res   | Final res    | Final res L1 |Visits|Iter|R|F|CL|Status|
|DVGR|   0|  8.864929e-07|  2.590378e-02|  5.540581e-11|  1.581483e-11|  1.293895e-04|     3|   9|0|n|30|  OK  |
PRESSURE SOLVER(geom_index=  0): sum_C_dp=-7.48498e-12
Face Momentum (sd=  0): max value of div(mf) (cv=15357) = 7.718504e-07
	norm_L2 of div(momentum) = 3.976788e-06.
nsd = 0 min_dtHy = 0.00115172 (nCV =	16072 ) max_dtHy = 0.00793189 (nCV =	15971 ) 
+----+----+--------------+--------------+--------------+--------------+--------------+------+----+-+-+--+------+
|Name|view| Initial res  | Initial resL1| Target res   | Final res    | Final res L1 |Visits|Iter|R|F|CL|Status|
|CHT |   0|  3.089832e-08|  3.177926e-03|  1.931145e-12|  2.702323e-14|  2.374101e-06|     1|   9|0|n|30|  OK  |
slv : Fluid subdom(new) 0
slv : P static (new)                 : min(  16073) = 100647.46664997      , max(  16075) = 102838.33476638      
slv : Density (new)                  : min(  16073) = 1.19481756723        , max(  16075) = 1.2218884691616      
slv : Velocity (new)                 : min(  17625) = 0.70955504712551     , max(  16072) = 41.232810407906      
slv : Mach number (new)              : min(  17625) = 0.0020660972260615   , max(  16072) = 0.1202343135441      
slv : Temperature (new)              : min(  16072) = 292.80260323573      , max(  17625) = 293.64503715697      
slv : Total enthalpy, Y-shifted (new): min(  17665) = 448.20711218671      , max(  18017) = 450.19120083914      
slv : MASS FLUXES AT OPENINGS: MF=-100.32, AP=100.32
slv : DvGr statistics: min alpha=0.15393(nfa=44835, geom_slice=0)
slv : +----------------------------------+------------+-------+------------+------------+
slv : |          Collector name          | Total Time | Count |  Avg Time  |  Max Time  |
slv : +----------------------------------+------------+-------+------------+------------+
slv : | Calculate_inc                    |      19.202|     73|       0.263|       0.492|
slv : | CollectEMT_Results               |       0.000|     74|       0.000|       0.000|
slv : | HeatPathCalculator_Dynamic       |       0.021|      1|       0.021|       0.021|
slv : | LiSy_make_portrait               |       0.638|    239|       0.003|       0.007|
slv : | Results_processing               |       4.105|     73|       0.056|       0.081|
slv : | build_sl_ordering_CHT            |       0.032|     74|       0.000|       0.005|
slv : | build_sl_ordering_MDS            |       0.083|     74|       0.001|       0.011|
slv : | build_sl_ordering_fluid          |       0.078|     74|       0.001|       0.011|
slv : | calc_Convolutions_MDS            |       1.230|     74|       0.017|       0.031|
slv : | calc_wall_dist                   |       0.569|      1|       0.569|       0.569|
slv : | create_Gr_operators_MDS          |       0.719|     74|       0.010|       0.014|
slv : | create_Gr_operators_portrait_MDS |       0.507|     74|       0.007|       0.010|
slv : | init_Hy_group_MDS                |       0.912|     74|       0.012|       0.016|
slv : | perform_stage_total              |      14.214|   2006|       0.007|       0.570|
slv : | precalc_at_start_MDS             |       0.506|      2|       0.253|       0.477|
slv : | solve_3M_MDS                     |       2.094|     74|       0.028|       0.046|
slv : | solve_3M_alg_MDS                 |       0.416|     74|       0.006|       0.011|
slv : | solve_BG_MDS                     |       2.285|     74|       0.031|       0.065|
slv : | solve_BG_alg_MDS                 |       1.158|     74|       0.016|       0.029|
slv : | solve_BL_MDS                     |       0.476|     74|       0.006|       0.026|
slv : | solve_CHT                        |       1.707|     74|       0.023|       0.036|
slv : | solve_CHT_MDS                    |       1.262|     74|       0.017|       0.030|
slv : | solve_CHT_alg_MDS                |       0.384|     74|       0.005|       0.018|
slv : | solve_DvGr_MDS                   |       3.605|     74|       0.049|       0.102|
slv : | solve_DvGr_alg_MDS               |       1.284|     74|       0.017|       0.064|
slv : | solve_INPR_MDS                   |       0.000|      1|       0.000|       0.000|
slv : | solve_PS+QJ                      |       0.000|      0|       0.000|       0.000|
slv : | solve_YLMA_MDS                   |       0.003|     74|       0.000|       0.000|
slv : | solve_YNOx_MDS                   |       0.000|     74|       0.000|       0.000|
slv : | solve_YTd_MDS                    |       0.003|     74|       0.000|       0.000|
slv : | solve_YTurb_MDS                  |       0.003|     74|       0.000|       0.000|
slv : | update_BC_MDS                    |       0.000|     75|       0.000|       0.000|
slv : | update_Mf_after_DvGr             |       0.443|     74|       0.006|       0.009|
slv : | update_VelPressure_MDS           |       0.111|     74|       0.002|       0.006|
slv : +----------------------------------+------------+-------+------------+------------+
-----------------------------------------------------------------------
Memory Working Set Current = 310.67 Mb, Memory Working Set Peak = 311.82 Mb
Memory Private Bytes Current = 337.86 Mb, Memory Private Bytes Peak = 343.04 Mb
Process Threads Number: 35
-----------------------------------------------------------------------
Algebra Pool      : mem_usage = 176.56 Mb, allocated count = 1349

================== Tstep=74 ===================
<Dynamic P> on nsd = 0 {openings (inlet / outlet)}:
  (SP = Static Pressure, EP = Environment Pressure, TP = Total Pressure, E = External)
  {#0, E, (0.000000e+00 / 5.428105e+02)}
  {#1, E, (5.427457e+02 / 0.000000e+00)}
  {#2, E, (1.612905e-14 / 5.427032e+02)}
  {#3, E, (1.969119e-14 / 5.427032e+02)}
  {#4, E, (2.581401e-03 / 5.435678e+02)}
  {#5, E, (1.165576e-14 / 5.427032e+02)}
  MWS[  0]=1.45219
tau_viscous_averaged = 9031.83 
dt(mass,momentum; nsd=  0): min dt/dtG(ncv=  16072)=1.00 , max dt/dtG(ncv=  15971)=7.1    , dtG=0.00114212
Flow alg-view 0 in phys-view 0 isn't Neumann (not Multi Phase treating)
Face Momentum (sd=  0): max value of div(mf) (cv=15357) = 7.718504e-07
Flow alg-view 0 is not Neumann (not for Phase Change + Nested Iters)
+----+----+--------------+--------------+--------------+--------------+--------------+------+----+-+-+--+------+
|Name|view| Initial res  | Initial resL1| Target res   | Final res    | Final res L1 |Visits|Iter|R|F|CL|Status|
| BG |   0|  1.581993e-11|  1.295317e-04|  5.540581e-13|  3.123094e-13|  3.142724e-05|     3|   9|0|n|30|  OK  |
log10(resTarget_Lim / resTarget_Orig): 2.7 
Face Momentum (sd=  0): max value of div(mf) (cv=15718) = 6.009263e-08
	norm_L2 of div(momentum) = 5.588465e-07.
Flow alg-view 0 in phys-view 0 isn't Neumann (not Multi Phase treating)
LOG: number of a-faces with weighted approximations in 0 subdomain: 3.72515 percent
LOG: Rate of a-faces corrected to CUp1st in 0 subdomain: 0.0457525 %
slv : SolveBL stage
|nsd|Real WF|NormalF|Cycle F|CriticF| EdgeF |CyclBrF|ExtParF|RWFnumSt|StLvlNum|  nfw  |  alp_U_min  |  nfw  |  alp_U_max  |  nfw  |  alp_T_min  |  nfw  |  alp_T_max  |  nfw  |  BL_s_min   |  nfw  |   BL_s_max  |
|  0|    786|    611|      0|      0|    175|      0|      0|     786|      20|   3387|0.00340743   |   4147|9.73609      |   3634|0            |   3773|16405.6      |   3841|-130.413     |   3634|0            |
Face Momentum (sd=  0): max value of div(mf) (cv=15718) = 6.009263e-08
	norm_L2 of div(momentum) = 5.588465e-07.
nsd = 0 BC: AP Inlet occurs on 3600 w-faces
+----+----+----+--------------+--------------+--------------+--------------+--------------+------+----+-+-+--+------+
|Name|view| n_y| Initial res  | Initial resL1| Target res   | Final res    | Final res L1 |Visits|Iter|R|F|CL|Status|
+----+----+----+--------------+--------------+--------------+--------------+--------------+------+----+-+-+--+------+
| 3M |   0|   0|  2.855762e-04|  4.927464e-01|  5.354555e-08|  1.000040e-09|  4.370945e-04|     1|   3|0|n|29|  OK  |
Velocity (predicted):
        (local) sd   0: min(  17625)=0.73228075139981     , max(  16072)=41.10336843835       
Flow alg-view 0 is not Neumann (not for Phase Change + Nested Iters)
+----+----+--------------+--------------+--------------+--------------+--------------+------+----+-+-+--+------+
|Name|view| Initial res  | Initial resL1| Target res   | Final res    | Final res L1 |Visits|Iter|R|F|CL|Status|
|DVGR|   0|  8.044014e-07|  2.544018e-02|  5.027509e-11|  1.650679e-11|  1.478543e-04|     3|   9|0|n|30|  OK  |
PRESSURE SOLVER(geom_index=  0): sum_C_dp=-8.05794e-11
Face Momentum (sd=  0): max value of div(mf) (cv=15357) = 5.177199e-07
	norm_L2 of div(momentum) = 4.062856e-06.
nsd = 0 min_dtHy = 0.00114212 (nCV =	16072 ) max_dtHy = 0.00815475 (nCV =	15971 ) 
+----+----+--------------+--------------+--------------+--------------+--------------+------+----+-+-+--+------+
|Name|view| Initial res  | Initial resL1| Target res   | Final res    | Final res L1 |Visits|Iter|R|F|CL|Status|
|CHT |   0|  2.799159e-08|  3.116139e-03|  1.749475e-12|  3.013858e-14|  2.475218e-06|     1|   9|0|n|30|  OK  |
slv : Fluid subdom(new) 0
slv : P static (new)                 : min(  16073) = 100646.85040855      , max(  16075) = 102838.12200317      
slv : Density (new)                  : min(  16073) = 1.19480697832        , max(  16075) = 1.2218902531075      
slv : Velocity (new)                 : min(  17625) = 0.68633820148726     , max(  16072) = 41.105711209941      
slv : Mach number (new)              : min(  17625) = 0.0019984939068693   , max(  16072) = 0.11986263584906     
slv : Temperature (new)              : min(  16072) = 292.80779831213      , max(  17625) = 293.64504380099      
slv : Total enthalpy, Y-shifted (new): min(  17665) = 448.20103755337      , max(  18017) = 450.19362317621      
slv : MASS FLUXES AT OPENINGS: MF=-100.32, AP=100.32
slv : DvGr statistics: min alpha=0.16055(nfa=50651, geom_slice=0)
slv : +----------------------------------+------------+-------+------------+------------+
slv : |          Collector name          | Total Time | Count |  Avg Time  |  Max Time  |
slv : +----------------------------------+------------+-------+------------+------------+
slv : | Calculate_inc                    |      19.465|     74|       0.263|       0.492|
slv : | CollectEMT_Results               |       0.000|     75|       0.000|       0.000|
slv : | HeatPathCalculator_Dynamic       |       0.021|      1|       0.021|       0.021|
slv : | LiSy_make_portrait               |       0.646|    242|       0.003|       0.007|
slv : | Results_processing               |       4.165|     74|       0.056|       0.081|
slv : | build_sl_ordering_CHT            |       0.032|     75|       0.000|       0.005|
slv : | build_sl_ordering_MDS            |       0.083|     75|       0.001|       0.011|
slv : | build_sl_ordering_fluid          |       0.078|     75|       0.001|       0.011|
slv : | calc_Convolutions_MDS            |       1.246|     75|       0.017|       0.031|
slv : | calc_wall_dist                   |       0.569|      1|       0.569|       0.569|
slv : | create_Gr_operators_MDS          |       0.728|     75|       0.010|       0.014|
slv : | create_Gr_operators_portrait_MDS |       0.514|     75|       0.007|       0.010|
slv : | init_Hy_group_MDS                |       0.923|     75|       0.012|       0.016|
slv : | perform_stage_total              |      14.390|   2033|       0.007|       0.570|
slv : | precalc_at_start_MDS             |       0.506|      2|       0.253|       0.477|
slv : | solve_3M_MDS                     |       2.122|     75|       0.028|       0.046|
slv : | solve_3M_alg_MDS                 |       0.421|     75|       0.006|       0.011|
slv : | solve_BG_MDS                     |       2.317|     75|       0.031|       0.065|
slv : | solve_BG_alg_MDS                 |       1.169|     75|       0.016|       0.029|
slv : | solve_BL_MDS                     |       0.482|     75|       0.006|       0.026|
slv : | solve_CHT                        |       1.730|     75|       0.023|       0.036|
slv : | solve_CHT_MDS                    |       1.280|     75|       0.017|       0.030|
slv : | solve_CHT_alg_MDS                |       0.388|     75|       0.005|       0.018|
slv : | solve_DvGr_MDS                   |       3.652|     75|       0.049|       0.102|
slv : | solve_DvGr_alg_MDS               |       1.300|     75|       0.017|       0.064|
slv : | solve_INPR_MDS                   |       0.000|      1|       0.000|       0.000|
slv : | solve_PS+QJ                      |       0.000|      0|       0.000|       0.000|
slv : | solve_YLMA_MDS                   |       0.003|     75|       0.000|       0.000|
slv : | solve_YNOx_MDS                   |       0.000|     75|       0.000|       0.000|
slv : | solve_YTd_MDS                    |       0.003|     75|       0.000|       0.000|
slv : | solve_YTurb_MDS                  |       0.003|     75|       0.000|       0.000|
slv : | update_BC_MDS                    |       0.000|     76|       0.000|       0.000|
slv : | update_Mf_after_DvGr             |       0.449|     75|       0.006|       0.009|
slv : | update_VelPressure_MDS           |       0.112|     75|       0.001|       0.006|
slv : +----------------------------------+------------+-------+------------+------------+
Interpolator cache: total calls 2374, optimised calls 897 (37.8 %)
-----------------------------------------------------------------------
Memory Working Set Current = 311.25 Mb, Memory Working Set Peak = 311.82 Mb
Memory Private Bytes Current = 337.86 Mb, Memory Private Bytes Peak = 343.04 Mb
Process Threads Number: 35
-----------------------------------------------------------------------
Iteration : time = 1.56433 , count = 5 , time/count = 0.312866
Calculate_inc() : time = 1.28095 , count = 5 , time/count = 0.25619
TreatFlowEvolution() : time = 0.267684 , count = 5 , time/count = 0.0535368
SolverPreview : time = 0 , count = 5 , time/count = 0
TreatGoals : time = 0.267684 , count = 5 , time/count = 0.0535368
Algebra Pool      : mem_usage = 176.56 Mb, allocated count = 1349

================== Tstep=75 ===================
<Dynamic P> on nsd = 0 {openings (inlet / outlet)}:
  (SP = Static Pressure, EP = Environment Pressure, TP = Total Pressure, E = External)
  {#0, E, (0.000000e+00 / 5.428104e+02)}
  {#1, E, (5.427457e+02 / 0.000000e+00)}
  {#2, E, (1.555056e-14 / 5.427032e+02)}
  {#3, E, (1.998384e-14 / 5.427032e+02)}
  {#4, E, (2.583176e-03 / 5.437574e+02)}
  {#5, E, (1.426049e-14 / 5.427032e+02)}
  MWS[  0]=1.44772
tau_viscous_averaged = 9031.83 
dt(mass,momentum; nsd=  0): min dt/dtG(ncv=  16072)=1.00 , max dt/dtG(ncv=  15971)=6.8    , dtG=0.00115176
Flow alg-view 0 in phys-view 0 isn't Neumann (not Multi Phase treating)
Face Momentum (sd=  0): max value of div(mf) (cv=14962) = 3.000178e-06
Flow alg-view 0 is not Neumann (not for Phase Change + Nested Iters)
+----+----+--------------+--------------+--------------+--------------+--------------+------+----+-+-+--+------+
|Name|view| Initial res  | Initial resL1| Target res   | Final res    | Final res L1 |Visits|Iter|R|F|CL|Status|
| BG |   0|  2.566941e-11|  1.517415e-04|  5.027509e-13|  3.716606e-13|  2.967382e-05|     4|  12|0|n|30|  OK  |
log10(resTarget_Lim / resTarget_Orig): 2.5 
Face Momentum (sd=  0): max value of div(mf) (cv=16020) = 1.849273e-07
	norm_L2 of div(momentum) = 6.096397e-07.
Flow alg-view 0 in phys-view 0 isn't Neumann (not Multi Phase treating)
LOG: number of a-faces with weighted approximations in 0 subdomain: 3.89431 percent
LOG: Rate of a-faces corrected to CUp1st in 0 subdomain: 0.0397725 %
slv : SolveBL stage
|nsd|Real WF|NormalF|Cycle F|CriticF| EdgeF |CyclBrF|ExtParF|RWFnumSt|StLvlNum|  nfw  |  alp_U_min  |  nfw  |  alp_U_max  |  nfw  |  alp_T_min  |  nfw  |  alp_T_max  |  nfw  |  BL_s_min   |  nfw  |   BL_s_max  |
|  0|    786|    610|      0|      0|    176|      0|      0|     786|      20|   3387|0.0033118    |   4147|9.25612      |   3634|0            |   3810|12232.4      |   3841|-130.348     |   3634|0            |
Face Momentum (sd=  0): max value of div(mf) (cv=16020) = 1.849273e-07
	norm_L2 of div(momentum) = 6.096397e-07.
nsd = 0 BC: AP Inlet occurs on 3574 w-faces
+----+----+----+--------------+--------------+--------------+--------------+--------------+------+----+-+-+--+------+
|Name|view| n_y| Initial res  | Initial resL1| Target res   | Final res    | Final res L1 |Visits|Iter|R|F|CL|Status|
+----+----+----+--------------+--------------+--------------+--------------+--------------+------+----+-+-+--+------+
| 3M |   0|   0|  3.504779e-04|  4.940926e-01|  6.571461e-08|  8.190872e-10|  4.032568e-04|     1|   3|0|n|29|  OK  |
Velocity (predicted):
        (local) sd   0: min(  17625)=0.66195221569963     , max(  16072)=41.233989119477      
Flow alg-view 0 is not Neumann (not for Phase Change + Nested Iters)
+----+----+--------------+--------------+--------------+--------------+--------------+------+----+-+-+--+------+
|Name|view| Initial res  | Initial resL1| Target res   | Final res    | Final res L1 |Visits|Iter|R|F|CL|Status|
|DVGR|   0|  7.005970e-07|  2.388094e-02|  4.378731e-11|  4.085026e-11|  1.815022e-04|     3|   9|0|n|30|  OK  |
PRESSURE SOLVER(geom_index=  0): sum_C_dp=6.92703e-11
Face Momentum (sd=  0): max value of div(mf) (cv=15357) = 1.555250e-06
	norm_L2 of div(momentum) = 6.391423e-06.
nsd = 0 min_dtHy = 0.00115176 (nCV =	16072 ) max_dtHy = 0.0078794 (nCV =	15971 ) 
+----+----+--------------+--------------+--------------+--------------+--------------+------+----+-+-+--+------+
|Name|view| Initial res  | Initial resL1| Target res   | Final res    | Final res L1 |Visits|Iter|R|F|CL|Status|
|CHT |   0|  2.998581e-08|  3.153339e-03|  1.874113e-12|  3.037410e-14|  2.502632e-06|     1|   9|0|n|30|  OK  |
slv : Fluid subdom(new) 0
slv : P static (new)                 : min(  16073) = 100647.53252289      , max(  16075) = 102838.34770481      
slv : Density (new)                  : min(  16073) = 1.1948179451902      , max(  16075) = 1.2218886027896      
slv : Velocity (new)                 : min(  17625) = 0.71262096566118     , max(  16072) = 41.227902141508      
slv : Mach number (new)              : min(  17625) = 0.0020750246467715   , max(  16072) = 0.12021996003104     
slv : Temperature (new)              : min(  16072) = 292.80280429428      , max(  17625) = 293.6450328918       
slv : Total enthalpy, Y-shifted (new): min(  17665) = 448.205869981        , max(  18014) = 450.19600485485      
slv : MASS FLUXES AT OPENINGS: MF=-100.32, AP=100.32
slv : DvGr statistics: min alpha=0.157377(nfa=52877, geom_slice=0)
slv : +----------------------------------+------------+-------+------------+------------+
slv : |          Collector name          | Total Time | Count |  Avg Time  |  Max Time  |
slv : +----------------------------------+------------+-------+------------+------------+
slv : | Calculate_inc                    |      19.713|     75|       0.263|       0.492|
slv : | CollectEMT_Results               |       0.000|     76|       0.000|       0.000|
slv : | HeatPathCalculator_Dynamic       |       0.021|      1|       0.021|       0.021|
slv : | LiSy_make_portrait               |       0.655|    245|       0.003|       0.007|
slv : | Results_processing               |       4.227|     75|       0.056|       0.081|
slv : | build_sl_ordering_CHT            |       0.032|     76|       0.000|       0.005|
slv : | build_sl_ordering_MDS            |       0.083|     76|       0.001|       0.011|
slv : | build_sl_ordering_fluid          |       0.078|     76|       0.001|       0.011|
slv : | calc_Convolutions_MDS            |       1.262|     76|       0.017|       0.031|
slv : | calc_wall_dist                   |       0.569|      1|       0.569|       0.569|
slv : | create_Gr_operators_MDS          |       0.737|     76|       0.010|       0.014|
slv : | create_Gr_operators_portrait_MDS |       0.520|     76|       0.007|       0.010|
slv : | init_Hy_group_MDS                |       0.936|     76|       0.012|       0.016|
slv : | perform_stage_total              |      14.574|   2060|       0.007|       0.570|
slv : | precalc_at_start_MDS             |       0.506|      2|       0.253|       0.477|
slv : | solve_3M_MDS                     |       2.153|     76|       0.028|       0.046|
slv : | solve_3M_alg_MDS                 |       0.430|     76|       0.006|       0.011|
slv : | solve_BG_MDS                     |       2.346|     76|       0.031|       0.065|
slv : | solve_BG_alg_MDS                 |       1.181|     76|       0.016|       0.029|
slv : | solve_BL_MDS                     |       0.489|     76|       0.006|       0.026|
slv : | solve_CHT                        |       1.757|     76|       0.023|       0.036|
slv : | solve_CHT_MDS                    |       1.302|     76|       0.017|       0.030|
slv : | solve_CHT_alg_MDS                |       0.396|     76|       0.005|       0.018|
slv : | solve_DvGr_MDS                   |       3.705|     76|       0.049|       0.102|
slv : | solve_DvGr_alg_MDS               |       1.319|     76|       0.017|       0.064|
slv : | solve_INPR_MDS                   |       0.000|      1|       0.000|       0.000|
slv : | solve_PS+QJ                      |       0.000|      0|       0.000|       0.000|
slv : | solve_YLMA_MDS                   |       0.003|     76|       0.000|       0.000|
slv : | solve_YNOx_MDS                   |       0.000|     76|       0.000|       0.000|
slv : | solve_YTd_MDS                    |       0.003|     76|       0.000|       0.000|
slv : | solve_YTurb_MDS                  |       0.003|     76|       0.000|       0.000|
slv : | update_BC_MDS                    |       0.000|     77|       0.000|       0.000|
slv : | update_Mf_after_DvGr             |       0.454|     76|       0.006|       0.009|
slv : | update_VelPressure_MDS           |       0.114|     76|       0.001|       0.006|
slv : +----------------------------------+------------+-------+------------+------------+
-----------------------------------------------------------------------
Memory Working Set Current = 311.73 Mb, Memory Working Set Peak = 311.82 Mb
Memory Private Bytes Current = 337.86 Mb, Memory Private Bytes Peak = 343.04 Mb
Process Threads Number: 35
-----------------------------------------------------------------------
Algebra Pool      : mem_usage = 176.56 Mb, allocated count = 1356

================== Tstep=76 ===================
<Dynamic P> on nsd = 0 {openings (inlet / outlet)}:
  (SP = Static Pressure, EP = Environment Pressure, TP = Total Pressure, E = External)
  {#0, E, (0.000000e+00 / 5.428100e+02)}
  {#1, E, (5.427458e+02 / 0.000000e+00)}
  {#2, E, (1.712547e-14 / 5.427032e+02)}
  {#3, E, (2.101816e-14 / 5.427032e+02)}
  {#4, E, (2.650710e-03 / 5.431123e+02)}
  {#5, E, (1.473592e-14 / 5.427032e+02)}
  MWS[  0]=1.45202
tau_viscous_averaged = 9031.83 
dt(mass,momentum; nsd=  0): min dt/dtG(ncv=  16072)=1.00 , max dt/dtG(ncv=  15971)=7.1    , dtG=0.00114222
Flow alg-view 0 in phys-view 0 isn't Neumann (not Multi Phase treating)
Face Momentum (sd=  0): max value of div(mf) (cv=15357) = 1.555250e-06
Flow alg-view 0 is not Neumann (not for Phase Change + Nested Iters)
+----+----+--------------+--------------+--------------+--------------+--------------+------+----+-+-+--+------+
|Name|view| Initial res  | Initial resL1| Target res   | Final res    | Final res L1 |Visits|Iter|R|F|CL|Status|
| BG |   0|  4.099155e-11|  1.826482e-04|  4.378731e-13|  2.328558e-13|  2.486163e-05|     4|  12|0|n|30|  OK  |
log10(resTarget_Lim / resTarget_Orig): 2.2 
Face Momentum (sd=  0): max value of div(mf) (cv=16020) = 1.177666e-07
	norm_L2 of div(momentum) = 4.825514e-07.
Flow alg-view 0 in phys-view 0 isn't Neumann (not Multi Phase treating)
LOG: number of a-faces with weighted approximations in 0 subdomain: 3.7728 percent
LOG: Rate of a-faces corrected to CUp1st in 0 subdomain: 0.0474588 %
slv : SolveBL stage
|nsd|Real WF|NormalF|Cycle F|CriticF| EdgeF |CyclBrF|ExtParF|RWFnumSt|StLvlNum|  nfw  |  alp_U_min  |  nfw  |  alp_U_max  |  nfw  |  alp_T_min  |  nfw  |  alp_T_max  |  nfw  |  BL_s_min   |  nfw  |   BL_s_max  |
|  0|    786|    611|      0|      0|    175|      0|      0|     786|      20|   3387|0.00308231   |   4147|9.82454      |   3634|0            |   3736|12111.3      |   3841|-130.423     |   3634|0            |
Face Momentum (sd=  0): max value of div(mf) (cv=16020) = 1.177666e-07
	norm_L2 of div(momentum) = 4.825514e-07.
nsd = 0 BC: AP Inlet occurs on 3519 w-faces
+----+----+----+--------------+--------------+--------------+--------------+--------------+------+----+-+-+--+------+
|Name|view| n_y| Initial res  | Initial resL1| Target res   | Final res    | Final res L1 |Visits|Iter|R|F|CL|Status|
+----+----+----+--------------+--------------+--------------+--------------+--------------+------+----+-+-+--+------+
| 3M |   0|   0|  2.498282e-04|  4.621895e-01|  4.684279e-08|  9.464523e-10|  4.333667e-04|     1|   3|0|n|29|  OK  |
Velocity (predicted):
        (local) sd   0: min(  17625)=0.7328308572417      , max(  16072)=41.106293403547      
Flow alg-view 0 is not Neumann (not for Phase Change + Nested Iters)
+----+----+--------------+--------------+--------------+--------------+--------------+------+----+-+-+--+------+
|Name|view| Initial res  | Initial resL1| Target res   | Final res    | Final res L1 |Visits|Iter|R|F|CL|Status|
|DVGR|   0|  7.831851e-07|  2.486705e-02|  4.894907e-11|  2.419430e-11|  1.789003e-04|     3|   9|0|n|30|  OK  |
PRESSURE SOLVER(geom_index=  0): sum_C_dp=9.90089e-11
Face Momentum (sd=  0): max value of div(mf) (cv=15357) = 9.755594e-07
	norm_L2 of div(momentum) = 4.918772e-06.
nsd = 0 min_dtHy = 0.00114222 (nCV =	16072 ) max_dtHy = 0.00813214 (nCV =	15971 ) 
+----+----+--------------+--------------+--------------+--------------+--------------+------+----+-+-+--+------+
|Name|view| Initial res  | Initial resL1| Target res   | Final res    | Final res L1 |Visits|Iter|R|F|CL|Status|
|CHT |   0|  2.367275e-08|  2.963055e-03|  1.479547e-12|  2.616491e-14|  2.248701e-06|     1|   9|0|n|30|  OK  |
slv : Fluid subdom(new) 0
slv : P static (new)                 : min(  16073) = 100646.98412609      , max(  16075) = 102838.18114399      
slv : Density (new)                  : min(  16073) = 1.1948081621357      , max(  16075) = 1.2218911846132      
slv : Velocity (new)                 : min(  17625) = 0.6873232915563      , max(  16072) = 41.106304968563      
slv : Mach number (new)              : min(  17625) = 0.002001362314234    , max(  16072) = 0.11986437215391     
slv : Temperature (new)              : min(  16072) = 292.80777411772      , max(  17625) = 293.6450433494       
slv : Total enthalpy, Y-shifted (new): min(  17665) = 448.20022028257      , max(  18014) = 450.19874520197      
slv : MASS FLUXES AT OPENINGS: MF=-100.32, AP=100.32
slv : DvGr statistics: min alpha=0.157629(nfa=44823, geom_slice=0)
slv : +----------------------------------+------------+-------+------------+------------+
slv : |          Collector name          | Total Time | Count |  Avg Time  |  Max Time  |
slv : +----------------------------------+------------+-------+------------+------------+
slv : | Calculate_inc                    |      19.985|     76|       0.263|       0.492|
slv : | CollectEMT_Results               |       0.000|     77|       0.000|       0.000|
slv : | HeatPathCalculator_Dynamic       |       0.021|      1|       0.021|       0.021|
slv : | LiSy_make_portrait               |       0.663|    248|       0.003|       0.007|
slv : | Results_processing               |       4.297|     76|       0.057|       0.081|
slv : | build_sl_ordering_CHT            |       0.032|     77|       0.000|       0.005|
slv : | build_sl_ordering_MDS            |       0.083|     77|       0.001|       0.011|
slv : | build_sl_ordering_fluid          |       0.078|     77|       0.001|       0.011|
slv : | calc_Convolutions_MDS            |       1.278|     77|       0.017|       0.031|
slv : | calc_wall_dist                   |       0.569|      1|       0.569|       0.569|
slv : | create_Gr_operators_MDS          |       0.746|     77|       0.010|       0.014|
slv : | create_Gr_operators_portrait_MDS |       0.526|     77|       0.007|       0.010|
slv : | init_Hy_group_MDS                |       0.948|     77|       0.012|       0.016|
slv : | perform_stage_total              |      14.751|   2087|       0.007|       0.570|
slv : | precalc_at_start_MDS             |       0.506|      2|       0.253|       0.477|
slv : | solve_3M_MDS                     |       2.184|     77|       0.028|       0.046|
slv : | solve_3M_alg_MDS                 |       0.440|     77|       0.006|       0.011|
slv : | solve_BG_MDS                     |       2.372|     77|       0.031|       0.065|
slv : | solve_BG_alg_MDS                 |       1.192|     77|       0.015|       0.029|
slv : | solve_BL_MDS                     |       0.497|     77|       0.006|       0.026|
slv : | solve_CHT                        |       1.779|     77|       0.023|       0.036|
slv : | solve_CHT_MDS                    |       1.318|     77|       0.017|       0.030|
slv : | solve_CHT_alg_MDS                |       0.400|     77|       0.005|       0.018|
slv : | solve_DvGr_MDS                   |       3.751|     77|       0.049|       0.102|
slv : | solve_DvGr_alg_MDS               |       1.332|     77|       0.017|       0.064|
slv : | solve_INPR_MDS                   |       0.000|      1|       0.000|       0.000|
slv : | solve_PS+QJ                      |       0.000|      0|       0.000|       0.000|
slv : | solve_YLMA_MDS                   |       0.003|     77|       0.000|       0.000|
slv : | solve_YNOx_MDS                   |       0.000|     77|       0.000|       0.000|
slv : | solve_YTd_MDS                    |       0.003|     77|       0.000|       0.000|
slv : | solve_YTurb_MDS                  |       0.003|     77|       0.000|       0.000|
slv : | update_BC_MDS                    |       0.000|     78|       0.000|       0.000|
slv : | update_Mf_after_DvGr             |       0.461|     77|       0.006|       0.009|
slv : | update_VelPressure_MDS           |       0.115|     77|       0.001|       0.006|
slv : +----------------------------------+------------+-------+------------+------------+
-----------------------------------------------------------------------
Memory Working Set Current = 311.96 Mb, Memory Working Set Peak = 311.97 Mb
Memory Private Bytes Current = 337.86 Mb, Memory Private Bytes Peak = 343.04 Mb
Process Threads Number: 35
-----------------------------------------------------------------------
Algebra Pool      : mem_usage = 176.56 Mb, allocated count = 1341

================== Tstep=77 ===================
<Dynamic P> on nsd = 0 {openings (inlet / outlet)}:
  (SP = Static Pressure, EP = Environment Pressure, TP = Total Pressure, E = External)
  {#0, E, (0.000000e+00 / 5.428100e+02)}
  {#1, E, (5.427458e+02 / 0.000000e+00)}
  {#2, E, (1.733828e-14 / 5.427032e+02)}
  {#3, E, (2.142329e-14 / 5.427032e+02)}
  {#4, E, (2.698346e-03 / 5.429985e+02)}
  {#5, E, (1.115182e-14 / 5.427032e+02)}
  MWS[  0]=1.44774
tau_viscous_averaged = 9031.83 
dt(mass,momentum; nsd=  0): min dt/dtG(ncv=  16072)=1.00 , max dt/dtG(ncv=  15971)=6.9    , dtG=0.00115125
Flow alg-view 0 in phys-view 0 isn't Neumann (not Multi Phase treating)
Face Momentum (sd=  0): max value of div(mf) (cv=15664) = 8.319900e-06
Flow alg-view 0 is not Neumann (not for Phase Change + Nested Iters)
+----+----+--------------+--------------+--------------+--------------+--------------+------+----+-+-+--+------+
|Name|view| Initial res  | Initial resL1| Target res   | Final res    | Final res L1 |Visits|Iter|R|F|CL|Status|
| BG |   0|  1.045931e-10|  1.940855e-04|  4.894907e-13|  3.317711e-13|  3.273737e-05|     4|  12|0|n|30|  OK  |
log10(resTarget_Lim / resTarget_Orig): 1.9 
Face Momentum (sd=  0): max value of div(mf) (cv=15915) = 1.076254e-07
	norm_L2 of div(momentum) = 5.759958e-07.
Flow alg-view 0 in phys-view 0 isn't Neumann (not Multi Phase treating)
LOG: number of a-faces with weighted approximations in 0 subdomain: 3.66141 percent
LOG: Rate of a-faces corrected to CUp1st in 0 subdomain: 0.0386755 %
slv : SolveBL stage
|nsd|Real WF|NormalF|Cycle F|CriticF| EdgeF |CyclBrF|ExtParF|RWFnumSt|StLvlNum|  nfw  |  alp_U_min  |  nfw  |  alp_U_max  |  nfw  |  alp_T_min  |  nfw  |  alp_T_max  |  nfw  |  BL_s_min   |  nfw  |   BL_s_max  |
|  0|    786|    612|      0|      0|    174|      0|      0|     786|      20|   3387|0.00310609   |   4147|9.08         |   3634|0            |   3773|16509.8      |   3841|-130.347     |   3634|0            |
Face Momentum (sd=  0): max value of div(mf) (cv=15915) = 1.076254e-07
	norm_L2 of div(momentum) = 5.759958e-07.
nsd = 0 BC: AP Inlet occurs on 3529 w-faces
+----+----+----+--------------+--------------+--------------+--------------+--------------+------+----+-+-+--+------+
|Name|view| n_y| Initial res  | Initial resL1| Target res   | Final res    | Final res L1 |Visits|Iter|R|F|CL|Status|
+----+----+----+--------------+--------------+--------------+--------------+--------------+------+----+-+-+--+------+
| 3M |   0|   0|  2.798296e-04|  4.840741e-01|  5.246804e-08|  9.905248e-10|  4.310153e-04|     1|   3|0|n|29|  OK  |
Velocity (predicted):
        (local) sd   0: min(  17625)=0.66445444056125     , max(  16072)=41.236862438844      
Flow alg-view 0 is not Neumann (not for Phase Change + Nested Iters)
+----+----+--------------+--------------+--------------+--------------+--------------+------+----+-+-+--+------+
|Name|view| Initial res  | Initial resL1| Target res   | Final res    | Final res L1 |Visits|Iter|R|F|CL|Status|
|DVGR|   0|  7.591644e-07|  2.430835e-02|  4.744777e-11|  8.598746e-12|  1.003933e-04|     3|   9|0|n|30|  OK  |
PRESSURE SOLVER(geom_index=  0): sum_C_dp=-4.6751e-12
Face Momentum (sd=  0): max value of div(mf) (cv=15279) = 4.291031e-07
	norm_L2 of div(momentum) = 2.932363e-06.
nsd = 0 min_dtHy = 0.00115125 (nCV =	16072 ) max_dtHy = 0.00799654 (nCV =	15971 ) 
+----+----+--------------+--------------+--------------+--------------+--------------+------+----+-+-+--+------+
|Name|view| Initial res  | Initial resL1| Target res   | Final res    | Final res L1 |Visits|Iter|R|F|CL|Status|
|CHT |   0|  2.731411e-08|  3.044671e-03|  1.707132e-12|  2.701261e-14|  2.413973e-06|     1|   9|0|n|30|  OK  |
slv : Fluid subdom(new) 0
slv : P static (new)                 : min(  16073) = 100647.60118297      , max(  16075) = 102838.31912348      
slv : Density (new)                  : min(  16073) = 1.1948184419979      , max(  16075) = 1.2218885971622      
slv : Velocity (new)                 : min(  17625) = 0.71133637840565     , max(  16072) = 41.227910509985      
slv : Mach number (new)              : min(  17625) = 0.0020712841621283   , max(  16072) = 0.12021998451321     
slv : Temperature (new)              : min(  16072) = 292.80280390357      , max(  17625) = 293.64503191716      
slv : Total enthalpy, Y-shifted (new): min(  17665) = 448.20539832511      , max(  18014) = 450.20118881846      
slv : MASS FLUXES AT OPENINGS: MF=-100.32, AP=100.32
slv : DvGr statistics: min alpha=0.153533(nfa=52877, geom_slice=0)
slv : +----------------------------------+------------+-------+------------+------------+
slv : |          Collector name          | Total Time | Count |  Avg Time  |  Max Time  |
slv : +----------------------------------+------------+-------+------------+------------+
slv : | Calculate_inc                    |      20.234|     77|       0.263|       0.492|
slv : | CollectEMT_Results               |       0.000|     78|       0.000|       0.000|
slv : | HeatPathCalculator_Dynamic       |       0.021|      1|       0.021|       0.021|
slv : | LiSy_make_portrait               |       0.672|    251|       0.003|       0.007|
slv : | Results_processing               |       4.372|     77|       0.057|       0.081|
slv : | build_sl_ordering_CHT            |       0.032|     78|       0.000|       0.005|
slv : | build_sl_ordering_MDS            |       0.083|     78|       0.001|       0.011|
slv : | build_sl_ordering_fluid          |       0.079|     78|       0.001|       0.011|
slv : | calc_Convolutions_MDS            |       1.294|     78|       0.017|       0.031|
slv : | calc_wall_dist                   |       0.569|      1|       0.569|       0.569|
slv : | create_Gr_operators_MDS          |       0.756|     78|       0.010|       0.014|
slv : | create_Gr_operators_portrait_MDS |       0.533|     78|       0.007|       0.010|
slv : | init_Hy_group_MDS                |       0.961|     78|       0.012|       0.016|
slv : | perform_stage_total              |      14.938|   2114|       0.007|       0.570|
slv : | precalc_at_start_MDS             |       0.506|      2|       0.253|       0.477|
slv : | solve_3M_MDS                     |       2.215|     78|       0.028|       0.046|
slv : | solve_3M_alg_MDS                 |       0.447|     78|       0.006|       0.011|
slv : | solve_BG_MDS                     |       2.403|     78|       0.031|       0.065|
slv : | solve_BG_alg_MDS                 |       1.208|     78|       0.015|       0.029|
slv : | solve_BL_MDS                     |       0.503|     78|       0.006|       0.026|
slv : | solve_CHT                        |       1.806|     78|       0.023|       0.036|
slv : | solve_CHT_MDS                    |       1.338|     78|       0.017|       0.030|
slv : | solve_CHT_alg_MDS                |       0.406|     78|       0.005|       0.018|
slv : | solve_DvGr_MDS                   |       3.807|     78|       0.049|       0.102|
slv : | solve_DvGr_alg_MDS               |       1.350|     78|       0.017|       0.064|
slv : | solve_INPR_MDS                   |       0.000|      1|       0.000|       0.000|
slv : | solve_PS+QJ                      |       0.000|      0|       0.000|       0.000|
slv : | solve_YLMA_MDS                   |       0.003|     78|       0.000|       0.000|
slv : | solve_YNOx_MDS                   |       0.000|     78|       0.000|       0.000|
slv : | solve_YTd_MDS                    |       0.003|     78|       0.000|       0.000|
slv : | solve_YTurb_MDS                  |       0.003|     78|       0.000|       0.000|
slv : | update_BC_MDS                    |       0.000|     79|       0.000|       0.000|
slv : | update_Mf_after_DvGr             |       0.467|     78|       0.006|       0.009|
slv : | update_VelPressure_MDS           |       0.116|     78|       0.001|       0.006|
slv : +----------------------------------+------------+-------+------------+------------+
-----------------------------------------------------------------------
Memory Working Set Current = 310.04 Mb, Memory Working Set Peak = 311.97 Mb
Memory Private Bytes Current = 337.77 Mb, Memory Private Bytes Peak = 343.04 Mb
Process Threads Number: 35
-----------------------------------------------------------------------
/************Goal values******************/
SG Normal Force 1				0.0222884726 N
/************End of Goal values******************/
/************	Min/Max Parameters	************/
Density (Fluid):		min = 1.19481844 kg/m^3		max = 1.2218886 kg/m^3
Pressure:		min = 100624.205 Pa		max = 102838.319 Pa
Temperature (Fluid):		min = 292.802804 K		max = 293.646303 K
Velocity:		min = 0 m/s		max = 41.2279105 m/s
Velocity (X):		min = -37.4238872 m/s		max = 5.48069623 m/s
Velocity (Y):		min = -22.0568138 m/s		max = 22.0852084 m/s
Velocity (Z):		min = -11.5179572 m/s		max = 9.88553622 m/s
Mach Number:		min = 0		max = 0.120219985
/************	End of Min/Max Parameters	************/
Solver finished at	26.8.2025	15:18:25
ENDING PROGRAM...
Estimated fld size=5.72 Mb
Writing fld file "Z:\Developer\MIT_Rkt_Team\Githubs\MIT_Rkt_Zephyrus_Aero\CFD\sldwrks\08.15.2025\1\fldBC99.tmp"...
**************   CHeatPathCalculator report ******************
Total Enthalpy Rate
	domain 0 (External: 0.00133738; Inner: 0)
Temperatures
	0 (Vol 0.445973; Tmin 292.803; Tav 293.2; Tmax 293.646)
Total Energy Balance [W]
	0.00133738
**************   CHeatPathCalculator report end******************
store res: FILE RENAMED: "Z:\Developer\MIT_Rkt_Team\Githubs\MIT_Rkt_Zephyrus_Aero\CFD\sldwrks\08.15.2025\1\fldBC99.tmp" -> "Z:\Developer\MIT_Rkt_Team\Githubs\MIT_Rkt_Zephyrus_Aero\CFD\sldwrks\08.15.2025\1\1.fld"
store res: FILE SAVED: 1.fld. Total save fld took 1.09 sec.
real fld size=7.67 Mb
CPT size=1.006 MB (1055070 bytes).
OK
Depository creating ...
nb_bricks (0.000 s)
FS faces count 43 
Face_aver_on (0.003 s)
FS triangles count 1922 
wall_triangles (0.089 s)
size of cv_intrp_f = 4.60 Mb
size of cv_intrp_s = 0.00 Mb
size of cv_intrp_frw = 0.00 Mb
CCVInterp_DepEntry::Calculate duration = 0.134 s
cv_interp (0.406 s)
favorite_params (1.263 s)
Face_aver_off (0.000 s)
Depository creating ...OK (1.676 s)
GetFloMASTERData succeeded in (0.011 s)
Solver finished at	26.8.2025	15:18:28
Total CPU time 31 s
Calculation takes 28.017 s
Free memory:
slv : +----------------------------------+------------+-------+------------+------------+
slv : |          Collector name          | Total Time | Count |  Avg Time  |  Max Time  |
slv : +----------------------------------+------------+-------+------------+------------+
slv : | Calculate_inc                    |      20.499|     78|       0.263|       0.492|
slv : | CollectEMT_Results               |       0.000|     79|       0.000|       0.000|
slv : | HeatPathCalculator_Dynamic       |       0.040|      2|       0.020|       0.021|
slv : | LiSy_make_portrait               |       0.672|    251|       0.003|       0.007|
slv : | Results_processing               |       4.447|     78|       0.057|       0.081|
slv : | build_sl_ordering_CHT            |       0.032|     78|       0.000|       0.005|
slv : | build_sl_ordering_MDS            |       0.083|     78|       0.001|       0.011|
slv : | build_sl_ordering_fluid          |       0.079|     78|       0.001|       0.011|
slv : | calc_Convolutions_MDS            |       1.294|     78|       0.017|       0.031|
slv : | calc_wall_dist                   |       0.569|      1|       0.569|       0.569|
slv : | create_Gr_operators_MDS          |       0.756|     78|       0.010|       0.014|
slv : | create_Gr_operators_portrait_MDS |       0.533|     78|       0.007|       0.010|
slv : | init_Hy_group_MDS                |       0.961|     78|       0.012|       0.016|
slv : | perform_stage_total              |      14.938|   2114|       0.007|       0.570|
slv : | precalc_at_start_MDS             |       0.506|      2|       0.253|       0.477|
slv : | solve_3M_MDS                     |       2.215|     78|       0.028|       0.046|
slv : | solve_3M_alg_MDS                 |       0.447|     78|       0.006|       0.011|
slv : | solve_BG_MDS                     |       2.403|     78|       0.031|       0.065|
slv : | solve_BG_alg_MDS                 |       1.208|     78|       0.015|       0.029|
slv : | solve_BL_MDS                     |       0.503|     78|       0.006|       0.026|
slv : | solve_CHT                        |       1.806|     78|       0.023|       0.036|
slv : | solve_CHT_MDS                    |       1.338|     78|       0.017|       0.030|
slv : | solve_CHT_alg_MDS                |       0.406|     78|       0.005|       0.018|
slv : | solve_DvGr_MDS                   |       3.807|     78|       0.049|       0.102|
slv : | solve_DvGr_alg_MDS               |       1.350|     78|       0.017|       0.064|
slv : | solve_INPR_MDS                   |       0.000|      1|       0.000|       0.000|
slv : | solve_PS+QJ                      |       0.000|      0|       0.000|       0.000|
slv : | solve_YLMA_MDS                   |       0.003|     78|       0.000|       0.000|
slv : | solve_YNOx_MDS                   |       0.000|     78|       0.000|       0.000|
slv : | solve_YTd_MDS                    |       0.003|     78|       0.000|       0.000|
slv : | solve_YTurb_MDS                  |       0.003|     78|       0.000|       0.000|
slv : | update_BC_MDS                    |       0.000|     79|       0.000|       0.000|
slv : | update_Mf_after_DvGr             |       0.467|     78|       0.006|       0.009|
slv : | update_VelPressure_MDS           |       0.116|     78|       0.001|       0.006|
slv : +----------------------------------+------------+-------+------------+------------+
alg : 
alg :  size = 57969
alg :  build_coarse_task_lists       0.000  1
alg :  build_fine_select_omega       0.032  78
alg :  build_fine_task_lists         0.001  1
alg :  build_select_pivot_nonzeros   0.034  78
alg :  build_select_vectors          0.017  78
alg :  calc_residual_LU              0.036  156
alg :  call_MG_solver                0.302  78
alg :  clean_fine_level              0.000  78
alg :  init_fine_EMT_solver          0.000  78
alg :  init_fine_level               0.085  78
alg :  init_fine_task_lists          0.000  78
alg :  mg_cycle                      0.281  78
alg :  prepare_MG                    0.085  78
alg :  run_smoothing                 0.281  78
alg :  smoother_fine                 0.259  702
alg :  solve_MG                      0.302  78
alg :  update_mg_status              0.000  78
alg : 
alg :  size = 57969
alg :  assembling_nnz_PardisoCholesky        0.028  78
alg :  assembling_portrait_PardisoCholesky   0.001  1
alg :  build_coarse_select_omega             0.000  78
alg :  build_coarse_task_lists               0.000  1
alg :  build_fine_select_omega               0.014  78
alg :  build_fine_task_lists                 0.003  1
alg :  build_select_pivot_nonzeros           0.033  78
alg :  build_select_vectors                  0.023  78
alg :  calc_residual_LU                      0.111  350
alg :  call_MG_solver                        1.249  78
alg :  clean_coarse_levels                   0.001  78
alg :  clean_fine_level                      0.000  78
alg :  init_coarse_EMT_solver                0.000  78
alg :  init_coarse_levels                    0.400  78
alg :  init_coarse_task_lists                0.000  78
alg :  init_fine_EMT_solver                  0.000  78
alg :  init_fine_level                       0.071  78
alg :  init_fine_task_lists                  0.000  78
alg :  mg_cycle                              1.222  78
alg :  numerical_PardisoCholesky             0.302  78
alg :  perform_prolongation                  0.031  194
alg :  perform_restriction                   0.023  194
alg :  prepare_MG                            0.071  78
alg :  run_smoothing                         0.625  272
alg :  smoother_fine                         0.535  816
alg :  solve_MG                              1.249  78
alg :  solve_PardisoCholesky                 0.135  194
alg :  symbolic_PardisoCholesky              0.022  1
alg :  update_mg_status                      0.004  466
alg : 
alg :  size = 57969
alg :  assembling_nnz_PardisoCholesky        0.031  79
alg :  assembling_portrait_PardisoCholesky   0.003  1
alg :  build_coarse_select_omega             0.000  79
alg :  build_coarse_task_lists               0.001  1
alg :  build_fine_select_omega               0.013  79
alg :  build_fine_task_lists                 0.001  1
alg :  build_select_pivot_nonzeros           0.030  79
alg :  build_select_vectors                  0.017  79
alg :  calc_residual_LU                      0.144  464
alg :  call_MG_solver                        1.669  79
alg :  clean_coarse_levels                   0.002  79
alg :  clean_fine_level                      0.000  79
alg :  init_coarse_EMT_solver                0.000  79
alg :  init_coarse_levels                    0.683  79
alg :  init_coarse_task_lists                0.000  79
alg :  init_fine_EMT_solver                  0.000  79
alg :  init_fine_level                       0.061  79
alg :  init_fine_task_lists                  0.000  79
alg :  mg_cycle                              1.645  81
alg :  numerical_PardisoCholesky             0.381  79
alg :  perform_prolongation                  0.064  304
alg :  perform_restriction                   0.027  304
alg :  prepare_MG                            0.061  79
alg :  run_smoothing                         0.665  385
alg :  smoother_fine                         0.536  1635
alg :  solve_MG                              1.669  79
alg :  solve_PardisoCholesky                 0.195  304
alg :  symbolic_PardisoCholesky              0.247  1
alg :  update_mg_status                      0.006  689
alg : 
alg :  size = 57969
alg :  build_coarse_task_lists       0.000  1
alg :  build_fine_select_omega       0.076  78
alg :  build_fine_task_lists         0.001  1
alg :  build_select_pivot_nonzeros   0.052  78
alg :  build_select_vectors          0.014  78
alg :  calc_residual_LU              0.093  156
alg :  call_MG_solver                0.247  78
alg :  clean_fine_level              0.000  78
alg :  init_fine_EMT_solver          0.000  78
alg :  init_fine_level               0.145  78
alg :  init_fine_task_lists          0.000  78
alg :  mg_cycle                      0.200  78
alg :  prepare_MG                    0.145  78
alg :  run_smoothing                 0.199  78
alg :  smoother_fine                 0.153  234
alg :  solve_MG                      0.248  78
alg :  update_mg_status              0.000  78
-----------------------------------------------------------------------
Start to free mesher data...
MMP (gbs): locals=0, allc_sz=0.00 MB (0.00 MB), used_sz=0.00 MB, blk_sz=(0.00 MB/0.00 MB), blks-min-max=0/0 (big 0/0)
MMP (cpt_rgs): locals=0, allc_sz=0.00 MB (0.00 MB), used_sz=0.00 MB, blk_sz=(0.00 MB/0.00 MB), blks-min-max=0/0 (big 0/0)
MMP (slv_rgs): locals=0, allc_sz=0.00 MB (0.00 MB), used_sz=0.00 MB, blk_sz=(0.00 MB/0.00 MB), blks-min-max=0/0 (big 0/0)
MMP (msh): locals=14, allc_sz=9.98 MB (0.00 MB), used_sz=6.66 MB, blk_sz=(0.03 MB/3.40 MB), blks-min-max=3/15 (big 0/0)
MMP (brx): locals=0, allc_sz=0.00 MB (0.00 MB), used_sz=0.00 MB, blk_sz=(0.00 MB/0.00 MB), blks-min-max=0/0 (big 0/0)
MMP (bcf): locals=14, allc_sz=29.07 MB (0.00 MB), used_sz=23.21 MB, blk_sz=(0.04 MB/3.02 MB), blks-min-max=9/24 (big 0/0)
MMP (xsl): locals=0, allc_sz=0.00 MB (0.00 MB), used_sz=0.00 MB, blk_sz=(0.00 MB/0.00 MB), blks-min-max=0/0 (big 0/0)
Free xsl...            OK	Time=0.002 s
Free ray collector...  OK	Time=0.000 s
Free ray intersector...OK	Time=0.000 s
Free body sets...      OK	Time=0.000 s
Free Geometry DB takes 0.000 s
Free mesh conn...      OK	Time=0.000 s
Free geomsd...         OK	Time=0.000 s
Free mbricks...        OK	Time=0.000 s
Free hash info...      OK	Time=0.001 s
Free bricks-x...       OK	Time=0.000 s
Free bcf...            OK	Time=0.002 s
Free mesh h...         OK	Time=0.000 s
Free bricks arr..      OK	Time=0.000 s
Free bricks tree...    OK	Time=0.000 s
Free mesh pools...     OK	Time=0.009 s
Free bodies mapper...  OK	Time=0.001 s
Free geom crits...     OK	Time=0.000 s
Free cpt regions...    OK	Time=0.000 s
Free peculiar surfs... OK	Time=0.000 s
Free sw-geometries...  OK	Time=0.000 s
Free mesher wrk data...OK	Time=0.000 s
Total free mesher data time: 0.019 s
-----------------------------------------------------------------------
Free memory: OK (0.112 s)
-----------------------------------------------------------------------
Memory Working Set Current = 260.52 Mb, Memory Working Set Peak = 354.68 Mb
Memory Private Bytes Current = 263.17 Mb, Memory Private Bytes Peak = 390.38 Mb
Process Threads Number: 35
Process Threads Number Peak: 35
-----------------------------------------------------------------------
Free memory:
-----------------------------------------------------------------------
Start to free mesher data...
MMP (gbs): locals=0, allc_sz=0.00 MB (0.00 MB), used_sz=0.00 MB, blk_sz=(0.00 MB/0.00 MB), blks-min-max=0/0 (big 0/0)
MMP (cpt_rgs): locals=0, allc_sz=0.00 MB (0.00 MB), used_sz=0.00 MB, blk_sz=(0.00 MB/0.00 MB), blks-min-max=0/0 (big 0/0)
MMP (slv_rgs): locals=0, allc_sz=0.00 MB (0.00 MB), used_sz=0.00 MB, blk_sz=(0.00 MB/0.00 MB), blks-min-max=0/0 (big 0/0)
MMP (msh): locals=0, allc_sz=0.00 MB (0.00 MB), used_sz=0.00 MB, blk_sz=(0.00 MB/0.00 MB), blks-min-max=0/0 (big 0/0)
MMP (brx): locals=0, allc_sz=0.00 MB (0.00 MB), used_sz=0.00 MB, blk_sz=(0.00 MB/0.00 MB), blks-min-max=0/0 (big 0/0)
MMP (bcf): locals=0, allc_sz=0.00 MB (0.00 MB), used_sz=0.00 MB, blk_sz=(0.00 MB/0.00 MB), blks-min-max=0/0 (big 0/0)
MMP (xsl): locals=0, allc_sz=0.00 MB (0.00 MB), used_sz=0.00 MB, blk_sz=(0.00 MB/0.00 MB), blks-min-max=0/0 (big 0/0)
Free xsl...            OK	Time=0.000 s
Free ray collector...  OK	Time=0.000 s
Free ray intersector...OK	Time=0.001 s
Free body sets...      OK	Time=0.000 s
Free Geometry DB takes 0.000 s
Free mesh conn...      OK	Time=0.000 s
Free geomsd...         OK	Time=0.000 s
Free mbricks...        OK	Time=0.000 s
Free hash info...      OK	Time=0.000 s
Free bricks-x...       OK	Time=0.000 s
Free mesh h...         OK	Time=0.000 s
Free bricks arr..      OK	Time=0.000 s
Free bricks tree...    OK	Time=0.000 s
Free mesh pools...     OK	Time=0.000 s
Free bodies mapper...  OK	Time=0.000 s
Free geom crits...     OK	Time=0.000 s
Free cpt regions...    OK	Time=0.000 s
Free peculiar surfs... OK	Time=0.000 s
Free sw-geometries...  OK	Time=0.000 s
Free mesher wrk data...OK	Time=0.000 s
Total free mesher data time: 0.007 s
-----------------------------------------------------------------------
Free memory: OK (0.009 s)
-----------------------------------------------------------------------
Memory Working Set Current = 260.52 Mb, Memory Working Set Peak = 354.68 Mb
Memory Private Bytes Current = 264.11 Mb, Memory Private Bytes Peak = 390.38 Mb
Process Threads Number: 35
Process Threads Number Peak: 35
-----------------------------------------------------------------------
Algebra Pool      : mem_usage = 176.56 Mb, allocated count = 0
Solver finished in 30.763 seconds
finished solver summary thread
Log ended at 26.08.2025	15:18:28
