ISO-10303-21;
HEADER;
FILE_DESCRIPTION (( 'STEP AP214' ),
    '1' );
FILE_NAME ('Fin_0_AoA.STEP',
    '2025-08-25T05:54:15',
    ( '' ),
    ( '' ),
    'SwSTEP 2.0',
    'SolidWorks 2025',
    '' );
FILE_SCHEMA (( 'AUTOMOTIVE_DESIGN' ));
ENDSEC;

DATA;
#1 = ORIENTED_EDGE ( 'NONE', *, *, #180, .T. ) ;
#2 = CARTESIAN_POINT ( 'NONE',  ( 749.8360869030479989, 897.3194592881034168, 1354.398695994682839 ) ) ;
#3 = CIRCLE ( 'NONE', #771, 0.9999999999999994449 ) ;
#4 = EDGE_LOOP ( 'NONE', ( #626, #154, #1217, #900, #1330 ) ) ;
#5 = DIRECTION ( 'NONE',  ( 0.1370521391469138317, 0.000000000000000000, -0.9905638349724137370 ) ) ;
#6 = EDGE_CURVE ( 'NONE', #178, #152, #280, .T. ) ;
#7 = CARTESIAN_POINT ( 'NONE',  ( 734.4257127812682029, 902.0819592881034623, 1327.145996877259222 ) ) ;
#8 = VECTOR ( 'NONE', #1205, 1000.000000000000000 ) ;
#9 = VERTEX_POINT ( 'NONE', #253 ) ;
#10 = AXIS2_PLACEMENT_3D ( 'NONE', #76, #528, #725 ) ;
#11 = EDGE_LOOP ( 'NONE', ( #518, #704 ) ) ;
#12 = DIRECTION ( 'NONE',  ( 0.000000000000000000, -1.000000000000000000, 0.000000000000000000 ) ) ;
#13 = ORIENTED_EDGE ( 'NONE', *, *, #1467, .F. ) ;
#14 = CARTESIAN_POINT ( 'NONE',  ( 735.1606412999537952, 901.5862575676333108, 1326.728826515092123 ) ) ;
#15 = DIRECTION ( 'NONE',  ( 0.000000000000000000, 1.000000000000000000, 0.000000000000000000 ) ) ;
#16 = EDGE_LOOP ( 'NONE', ( #1182, #85 ) ) ;
#17 = DIRECTION ( 'NONE',  ( 0.5812381937190960191, 1.655245454330673518E-17, 0.8137334712067352260 ) ) ;
#18 = EDGE_CURVE ( 'NONE', #1103, #408, #735, .T. ) ;
#19 = ORIENTED_EDGE ( 'NONE', *, *, #1348, .T. ) ;
#20 = EDGE_LOOP ( 'NONE', ( #737, #1025, #1033, #221 ) ) ;
#21 = DIRECTION ( 'NONE',  ( 0.000000000000000000, -1.000000000000000000, 0.000000000000000000 ) ) ;
#22 = CARTESIAN_POINT ( 'NONE',  ( 735.7878398409094416, 902.0819592881033486, 1351.685753914372754 ) ) ;
#23 = ORIENTED_EDGE ( 'NONE', *, *, #1210, .F. ) ;
#24 = CARTESIAN_POINT ( 'NONE',  ( 749.0498268590386033, 897.3194592881034168, 1354.289910859234851 ) ) ;
#25 = ADVANCED_FACE ( 'NONE', ( #1188 ), #621, .F. ) ;
#26 = EDGE_LOOP ( 'NONE', ( #1148, #78, #1279, #508 ) ) ;
#27 = CYLINDRICAL_SURFACE ( 'NONE', #875, 0.9999999999999994449 ) ;
#28 = TOROIDAL_SURFACE ( 'NONE', #618, 4.000500000000000611, 0.7620000000000000107 ) ;
#29 = CARTESIAN_POINT ( 'NONE',  ( 734.3920646428737200, 902.7702542830008952, 1327.389193584841678 ) ) ;
#30 = DIRECTION ( 'NONE',  ( 0.9905638349724136260, -0.000000000000000000, 0.1370521391469132488 ) ) ;
#31 = DIRECTION ( 'NONE',  ( 0.9905638349724136260, 0.000000000000000000, 0.1370521391469134709 ) ) ;
#32 = ORIENTED_EDGE ( 'NONE', *, *, #1439, .T. ) ;
#33 = DIRECTION ( 'NONE',  ( 0.9905638349724136260, -0.000000000000000000, 0.1370521391469134709 ) ) ;
#34 = VECTOR ( 'NONE', #630, 1000.000000000000000 ) ;
#35 = ORIENTED_EDGE ( 'NONE', *, *, #1203, .T. ) ;
#36 = ADVANCED_FACE ( 'NONE', ( #949 ), #823, .F. ) ;
#37 = CYLINDRICAL_SURFACE ( 'NONE', #1389, 0.7619999999999713669 ) ;
#38 = CARTESIAN_POINT ( 'NONE',  ( 737.5991303193322892, 902.0819592881034623, 1326.054130924600031 ) ) ;
#39 = VERTEX_POINT ( 'NONE', #1425 ) ;
#40 = CARTESIAN_POINT ( 'NONE',  ( 734.4469701811551658, 906.8444592881033941, 1326.627531335634785 ) ) ;
#41 = CARTESIAN_POINT ( 'NONE',  ( 734.4207327876940781, 902.5396956402031492, 1327.181990489351847 ) ) ;
#42 = ORIENTED_EDGE ( 'NONE', *, *, #1213, .F. ) ;
#43 = AXIS2_PLACEMENT_3D ( 'NONE', #980, #1438, #616 ) ;
#44 = PRODUCT_RELATED_PRODUCT_CATEGORY ( 'part', '', ( #648 ) ) ;
#45 = LINE ( 'NONE', #577, #1465 ) ;
#46 = DIRECTION ( 'NONE',  ( -0.9905638349724136260, -0.000000000000000000, -0.1370521391469141648 ) ) ;
#47 = DIRECTION ( 'NONE',  ( 0.1370521391469138317, 0.000000000000000000, -0.9905638349724137370 ) ) ;
#48 = ORIENTED_EDGE ( 'NONE', *, *, #1032, .T. ) ;
#49 = CARTESIAN_POINT ( 'NONE',  ( 700.2301302805591376, 909.2212158040414351, 1365.172076189226345 ) ) ;
#50 = LINE ( 'NONE', #1087, #241 ) ;
#51 = ORIENTED_EDGE ( 'NONE', *, *, #1153, .F. ) ;
#52 = COLOUR_RGB ( '',0.7921568627450980005, 0.8196078431372548767, 0.9333333333333333481 ) ;
#53 = DIRECTION ( 'NONE',  ( -0.9905638349724128489, 0.000000000000000000, -0.1370521391469192718 ) ) ;
#54 = ORIENTED_EDGE ( 'NONE', *, *, #534, .F. ) ;
#55 = CARTESIAN_POINT ( 'NONE',  ( 739.0600967151810892, 897.3194592881033032, 1328.035051790571515 ) ) ;
#56 = ADVANCED_FACE ( 'NONE', ( #849 ), #1274, .F. ) ;
#57 = ORIENTED_EDGE ( 'NONE', *, *, #160, .T. ) ;
#58 = FACE_OUTER_BOUND ( 'NONE', #331, .T. ) ;
#59 = AXIS2_PLACEMENT_3D ( 'NONE', #273, #47, #1419 ) ;
#60 = CARTESIAN_POINT ( 'NONE',  ( 731.0983778545414680, 901.5136340134707780, 1351.194783461488896 ) ) ;
#61 = FACE_OUTER_BOUND ( 'NONE', #1418, .T. ) ;
#62 = DIRECTION ( 'NONE',  ( 0.000000000000000000, 1.000000000000000000, 0.000000000000000000 ) ) ;
#63 = CARTESIAN_POINT ( 'NONE',  ( 731.0861596302077032, 901.7847205441386222, 1351.283092416224463 ) ) ;
#64 = ORIENTED_EDGE ( 'NONE', *, *, #405, .F. ) ;
#65 = EDGE_CURVE ( 'NONE', #814, #649, #1044, .T. ) ;
#66 = DIRECTION ( 'NONE',  ( -0.8137334712068550191, 0.000000000000000000, 0.5812381937189283754 ) ) ;
#67 = PLANE ( 'NONE',  #693 ) ;
#68 = CARTESIAN_POINT ( 'NONE',  ( 674.0229447007366161, 901.6047048514381004, 1365.172076189226345 ) ) ;
#69 = CARTESIAN_POINT ( 'NONE',  ( 753.3172112373795244, 906.0824592881032231, 1329.238374586383770 ) ) ;
#70 = CARTESIAN_POINT ( 'NONE',  ( 731.5904797817063354, 901.5950037251412823, 1351.874275661808724 ) ) ;
#71 = ORIENTED_EDGE ( 'NONE', *, *, #6, .F. ) ;
#72 = CARTESIAN_POINT ( 'NONE',  ( 739.0600967151810892, 906.8444592881032804, 1328.035051790571515 ) ) ;
#73 = EDGE_CURVE ( 'NONE', #768, #558, #1356, .T. ) ;
#74 = CARTESIAN_POINT ( 'NONE',  ( 731.0882042374842058, 901.7040616071235490, 1351.268314726234848 ) ) ;
#75 = EDGE_CURVE ( 'NONE', #872, #318, #529, .T. ) ;
#76 = CARTESIAN_POINT ( 'NONE',  ( 734.4964983729037158, 897.3194592881034168, 1326.634383942592194 ) ) ;
#77 = DIRECTION ( 'NONE',  ( -0.000000000000000000, -1.000000000000000000, -0.000000000000000000 ) ) ;
#78 = ORIENTED_EDGE ( 'NONE', *, *, #121, .T. ) ;
#79 = DIRECTION ( 'NONE',  ( 0.000000000000000000, 1.000000000000000000, 0.000000000000000000 ) ) ;
#80 = LINE ( 'NONE', #532, #592 ) ;
#81 = ADVANCED_FACE ( 'NONE', ( #981 ), #1222, .F. ) ;
#82 = DIRECTION ( 'NONE',  ( 0.000000000000000000, 0.000000000000000000, 1.000000000000000000 ) ) ;
#83 = AXIS2_PLACEMENT_3D ( 'NONE', #765, #315, #1010 ) ;
#84 = CARTESIAN_POINT ( 'NONE',  ( 749.0498268590384896, 906.0824592881032231, 1354.289910859235533 ) ) ;
#85 = ORIENTED_EDGE ( 'NONE', *, *, #873, .F. ) ;
#86 = LINE ( 'NONE', #24, #575 ) ;
#87 = LINE ( 'NONE', #874, #413 ) ;
#88 = DIRECTION ( 'NONE',  ( 0.1370521391469138317, 0.000000000000000000, -0.9905638349724136260 ) ) ;
#89 = CARTESIAN_POINT ( 'NONE',  ( 731.1012931274212860, 902.6860334861770525, 1351.173712911974462 ) ) ;
#90 = ADVANCED_FACE ( 'NONE', ( #183 ), #1110, .F. ) ;
#91 = CARTESIAN_POINT ( 'NONE',  ( 739.1645304452110850, 898.0814592881033604, 1327.280242148322259 ) ) ;
#92 = EDGE_LOOP ( 'NONE', ( #976, #64 ) ) ;
#93 = LINE ( 'NONE', #1331, #317 ) ;
#94 = DIRECTION ( 'NONE',  ( -0.1370521391469141925, -0.000000000000000000, 0.9905638349724135150 ) ) ;
#95 = LINE ( 'NONE', #91, #1102 ) ;
#96 =( GEOMETRIC_REPRESENTATION_CONTEXT ( 3 ) GLOBAL_UNCERTAINTY_ASSIGNED_CONTEXT ( ( #540 ) ) GLOBAL_UNIT_ASSIGNED_CONTEXT ( ( #795, #250, #1014 ) ) REPRESENTATION_CONTEXT ( 'NONE', 'WORKASPACE' ) );
#97 = ORIENTED_EDGE ( 'NONE', *, *, #75, .T. ) ;
#98 = DIRECTION ( 'NONE',  ( -0.1370521391469812500, 0.000000000000000000, 0.9905638349724041891 ) ) ;
#99 = EDGE_CURVE ( 'NONE', #768, #1034, #1089, .T. ) ;
#100 = B_SPLINE_CURVE_WITH_KNOTS ( 'NONE', 3,
 ( #937, #966, #1290, #1395, #258, #41, #955, #714 ),
 .UNSPECIFIED., .F., .F.,
 ( 4, 2, 2, 4 ),
 ( 0.0007846987681869496125, 0.0009057477256994699586, 0.001026796683211990413, 0.001268894598237050621 ),
 .UNSPECIFIED. ) ;
#101 = DIRECTION ( 'NONE',  ( 0.9905638349724098513, 0.000000000000000000, 0.1370521391469405881 ) ) ;
#102 = CARTESIAN_POINT ( 'NONE',  ( 753.2127775073495286, 906.0824592881032231, 1329.993184228633027 ) ) ;
#103 = VECTOR ( 'NONE', #1461, 1000.000000000000000 ) ;
#104 = CARTESIAN_POINT ( 'NONE',  ( 735.2332302251645615, 901.5789446884136851, 1326.736316471083001 ) ) ;
#105 = AXIS2_PLACEMENT_3D ( 'NONE', #961, #1278, #1175 ) ;
#106 = ORIENTED_EDGE ( 'NONE', *, *, #1160, .F. ) ;
#107 = EDGE_CURVE ( 'NONE', #639, #383, #879, .T. ) ;
#108 = CARTESIAN_POINT ( 'NONE',  ( 731.1198077686020724, 902.7702542830007815, 1351.039895708642916 ) ) ;
#109 = LINE ( 'NONE', #907, #336 ) ;
#110 = ORIENTED_EDGE ( 'NONE', *, *, #107, .F. ) ;
#111 = ORIENTED_EDGE ( 'NONE', *, *, #595, .T. ) ;
#112 = CARTESIAN_POINT ( 'NONE',  ( 735.1244450897166871, 897.3194592881034168, 1327.522576515091941 ) ) ;
#113 = EDGE_CURVE ( 'NONE', #1307, #1020, #95, .T. ) ;
#114 = DIRECTION ( 'NONE',  ( 0.000000000000000000, 0.000000000000000000, 1.000000000000000000 ) ) ;
#115 = CARTESIAN_POINT ( 'NONE',  ( 610.2568512870913082, 901.6723471730292658, 1276.272076189226482 ) ) ;
#116 = ORIENTED_EDGE ( 'NONE', *, *, #1355, .F. ) ;
#117 = AXIS2_PLACEMENT_3D ( 'NONE', #651, #548, #101 ) ;
#118 = VERTEX_POINT ( 'NONE', #1440 ) ;
#119 = CARTESIAN_POINT ( 'NONE',  ( 610.5229447007366161, 902.5592137247688242, 1276.272076189226254 ) ) ;
#120 = ORIENTED_EDGE ( 'NONE', *, *, #847, .T. ) ;
#121 = EDGE_CURVE ( 'NONE', #455, #945, #483, .T. ) ;
#122 = DIRECTION ( 'NONE',  ( -0.9905638349724135150, 0.000000000000000000, -0.1370521391469142758 ) ) ;
#123 = DIRECTION ( 'NONE',  ( 0.9905638349724136260, 0.000000000000000000, 0.1370521391469141648 ) ) ;
#124 = AXIS2_PLACEMENT_3D ( 'NONE', #654, #1432, #407 ) ;
#125 = AXIS2_PLACEMENT_3D ( 'NONE', #185, #1443, #1104 ) ;
#126 = ORIENTED_EDGE ( 'NONE', *, *, #1320, .T. ) ;
#127 = DIRECTION ( 'NONE',  ( -0.1370521391469130823, 0.000000000000000000, 0.9905638349724137370 ) ) ;
#128 = ORIENTED_EDGE ( 'NONE', *, *, #415, .F. ) ;
#129 = VECTOR ( 'NONE', #381, 999.9999999999998863 ) ;
#130 = APPLICATION_PROTOCOL_DEFINITION ( 'draft international standard', 'automotive_design', 1998, #1003 ) ;
#131 = LINE ( 'NONE', #779, #363 ) ;
#132 = PLANE ( 'NONE',  #629 ) ;
#133 = EDGE_CURVE ( 'NONE', #850, #1396, #1311, .T. ) ;
#134 = EDGE_LOOP ( 'NONE', ( #1179, #681, #715, #933 ) ) ;
#135 = ORIENTED_EDGE ( 'NONE', *, *, #1245, .F. ) ;
#136 = CARTESIAN_POINT ( 'NONE',  ( 672.1455067411482105, 906.8444592881033941, 1365.172076189226345 ) ) ;
#137 = ORIENTED_EDGE ( 'NONE', *, *, #1355, .T. ) ;
#138 = FACE_OUTER_BOUND ( 'NONE', #11, .T. ) ;
#139 = CARTESIAN_POINT ( 'NONE',  ( 734.4469701811551658, 897.3194592881034168, 1326.627531335634785 ) ) ;
#140 = DIRECTION ( 'NONE',  ( -0.000000000000000000, -1.000000000000000000, -0.000000000000000000 ) ) ;
#141 = VERTEX_POINT ( 'NONE', #660 ) ;
#142 = EDGE_CURVE ( 'NONE', #1344, #448, #1453, .T. ) ;
#143 = VERTEX_POINT ( 'NONE', #69 ) ;
#144 = DIRECTION ( 'NONE',  ( 0.000000000000000000, 1.000000000000000000, 0.000000000000000000 ) ) ;
#145 = ORIENTED_EDGE ( 'NONE', *, *, #607, .F. ) ;
#146 = AXIS2_PLACEMENT_3D ( 'NONE', #225, #232, #583 ) ;
#147 = ORIENTED_EDGE ( 'NONE', *, *, #237, .F. ) ;
#148 = CARTESIAN_POINT ( 'NONE',  ( 735.1974542464118940, 902.5814192152697615, 1326.731366588758192 ) ) ;
#149 = EDGE_CURVE ( 'NONE', #1096, #141, #1382, .T. ) ;
#150 = CIRCLE ( 'NONE', #986, 0.7937499999999264588 ) ;
#151 = CARTESIAN_POINT ( 'NONE',  ( 731.1089874333590615, 901.4181529049153596, 1351.118101221090910 ) ) ;
#152 = VERTEX_POINT ( 'NONE', #646 ) ;
#153 = DIRECTION ( 'NONE',  ( -0.9905638349724115166, 0.000000000000000000, -0.1370521391469291805 ) ) ;
#154 = ORIENTED_EDGE ( 'NONE', *, *, #527, .F. ) ;
#155 = ORIENTED_EDGE ( 'NONE', *, *, #1313, .T. ) ;
#156 = DIRECTION ( 'NONE',  ( 0.9691759639880594968, 0.2463695411933372881, 0.000000000000000000 ) ) ;
#157 = LINE ( 'NONE', #283, #1462 ) ;
#158 = ORIENTED_EDGE ( 'NONE', *, *, #222, .F. ) ;
#159 = AXIS2_PLACEMENT_3D ( 'NONE', #466, #359, #1143 ) ;
#160 = EDGE_CURVE ( 'NONE', #441, #1038, #1447, .T. ) ;
#161 = PLANE ( 'NONE',  #43 ) ;
#162 = ORIENTED_EDGE ( 'NONE', *, *, #1016, .T. ) ;
#163 = ORIENTED_EDGE ( 'NONE', *, *, #1109, .T. ) ;
#164 = FACE_OUTER_BOUND ( 'NONE', #912, .T. ) ;
#165 = CARTESIAN_POINT ( 'NONE',  ( 731.1022997410835842, 902.4142050572884273, 1351.355490765976356 ) ) ;
#166 = LINE ( 'NONE', #1186, #1168 ) ;
#167 = ADVANCED_FACE ( 'NONE', ( #1101 ), #460, .T. ) ;
#168 = ORIENTED_EDGE ( 'NONE', *, *, #65, .T. ) ;
#169 = DIRECTION ( 'NONE',  ( -0.1370521391469812500, 0.000000000000000000, 0.9905638349724041891 ) ) ;
#170 = VERTEX_POINT ( 'NONE', #84 ) ;
#171 = DIRECTION ( 'NONE',  ( 0.9691759639880593857, -0.2463695411933376767, 0.000000000000000000 ) ) ;
#172 = AXIS2_PLACEMENT_3D ( 'NONE', #1095, #1207, #996 ) ;
#173 = VECTOR ( 'NONE', #1378, 1000.000000000000000 ) ;
#174 = CARTESIAN_POINT ( 'NONE',  ( 731.4350342140580779, 902.5493087844886304, 1351.799549119309404 ) ) ;
#175 = FACE_OUTER_BOUND ( 'NONE', #699, .T. ) ;
#176 = CIRCLE ( 'NONE', #817, 2.000000000000029310 ) ;
#177 = EDGE_CURVE ( 'NONE', #201, #585, #871, .T. ) ;
#178 = VERTEX_POINT ( 'NONE', #773 ) ;
#179 = DIRECTION ( 'NONE',  ( 0.1370521391469138317, -0.000000000000000000, -0.9905638349724136260 ) ) ;
#180 = EDGE_CURVE ( 'NONE', #649, #872, #670, .T. ) ;
#181 = CARTESIAN_POINT ( 'NONE',  ( 731.2579581478175896, 902.5037859964145355, 1351.632947459176648 ) ) ;
#182 = CARTESIAN_POINT ( 'NONE',  ( 734.3425364511250564, 898.0814592881033604, 1327.382340977884269 ) ) ;
#183 = FACE_OUTER_BOUND ( 'NONE', #1161, .T. ) ;
#184 = EDGE_LOOP ( 'NONE', ( #1404, #956, #920, #1470 ) ) ;
#185 = CARTESIAN_POINT ( 'NONE',  ( 731.8608910262806830, 897.3194592881034168, 1351.110377835372674 ) ) ;
#186 = CARTESIAN_POINT ( 'NONE',  ( 731.8608910262806830, 897.3194592881034168, 1351.110377835372674 ) ) ;
#187 = ADVANCED_FACE ( 'NONE', ( #631 ), #200, .T. ) ;
#188 = DIRECTION ( 'NONE',  ( -0.1370521391469133599, 0.000000000000000000, 0.9905638349724136260 ) ) ;
#189 = AXIS2_PLACEMENT_3D ( 'NONE', #1333, #657, #428 ) ;
#190 = FACE_OUTER_BOUND ( 'NONE', #834, .T. ) ;
#191 = DIRECTION ( 'NONE',  ( 0.000000000000000000, 0.000000000000000000, 1.000000000000000000 ) ) ;
#192 = AXIS2_PLACEMENT_3D ( 'NONE', #1327, #1214, #1108 ) ;
#193 = ORIENTED_EDGE ( 'NONE', *, *, #1437, .T. ) ;
#194 = CARTESIAN_POINT ( 'NONE',  ( 737.0920374044885648, 902.0819592881033486, 1329.719217113998411 ) ) ;
#195 = DIRECTION ( 'NONE',  ( 0.9905638349724136260, 0.000000000000000000, 0.1370521391469132211 ) ) ;
#196 = AXIS2_PLACEMENT_3D ( 'NONE', #638, #759, #1336 ) ;
#197 = ADVANCED_FACE ( 'NONE', ( #855 ), #1314, .F. ) ;
#198 = VECTOR ( 'NONE', #1055, 1000.000000000000114 ) ;
#199 = DIRECTION ( 'NONE',  ( -0.5812381937190961301, 2.649294320951968228E-17, -0.8137334712067352260 ) ) ;
#200 = CYLINDRICAL_SURFACE ( 'NONE', #124, 0.7937499999999264588 ) ;
#201 = VERTEX_POINT ( 'NONE', #666 ) ;
#202 = DIRECTION ( 'NONE',  ( 0.000000000000000000, 0.000000000000000000, 1.000000000000000000 ) ) ;
#203 = DIRECTION ( 'NONE',  ( 0.1370521391469142758, 0.000000000000000000, -0.9905638349724135150 ) ) ;
#204 = LINE ( 'NONE', #1342, #1051 ) ;
#205 = EDGE_CURVE ( 'NONE', #1243, #850, #913, .T. ) ;
#206 = DIRECTION ( 'NONE',  ( 0.9905638349724137370, -0.000000000000000000, 0.1370521391469130823 ) ) ;
#207 = ORIENTED_EDGE ( 'NONE', *, *, #396, .T. ) ;
#208 = CARTESIAN_POINT ( 'NONE',  ( 739.0731650744335184, 902.0819592881034623, 1329.993321392292273 ) ) ;
#209 = CARTESIAN_POINT ( 'NONE',  ( 734.8349680013578791, 901.6259010013292254, 1326.769450795567309 ) ) ;
#210 = DIRECTION ( 'NONE',  ( 0.9905638349724098513, 0.000000000000000000, 0.1370521391469405881 ) ) ;
#211 = CIRCLE ( 'NONE', #1255, 2.000000000000029310 ) ;
#212 = EDGE_CURVE ( 'NONE', #1283, #1129, #1469, .T. ) ;
#213 = ORIENTED_EDGE ( 'NONE', *, *, #1109, .F. ) ;
#214 = LINE ( 'NONE', #781, #829 ) ;
#215 = DIRECTION ( 'NONE',  ( -0.1370521391469812500, 0.000000000000000000, 0.9905638349724041891 ) ) ;
#216 = DIRECTION ( 'NONE',  ( -0.1370521391469141925, -0.000000000000000000, 0.9905638349724135150 ) ) ;
#217 = CIRCLE ( 'NONE', #858, 0.7937499999999264588 ) ;
#218 = ORIENTED_EDGE ( 'NONE', *, *, #615, .T. ) ;
#219 = AXIS2_PLACEMENT_3D ( 'NONE', #1067, #1183, #1224 ) ;
#220 = EDGE_CURVE ( 'NONE', #448, #1276, #927, .T. ) ;
#221 = ORIENTED_EDGE ( 'NONE', *, *, #1062, .F. ) ;
#222 = EDGE_CURVE ( 'NONE', #1396, #780, #1363, .T. ) ;
#223 = SURFACE_STYLE_USAGE ( .BOTH. , #1035 ) ;
#224 = DIRECTION ( 'NONE',  ( -0.9905638349724136260, 0.000000000000000000, -0.1370521391469132488 ) ) ;
#225 = CARTESIAN_POINT ( 'NONE',  ( 739.0600967151810892, 898.0814592881033604, 1328.035051790571515 ) ) ;
#226 = ORIENTED_EDGE ( 'NONE', *, *, #1296, .T. ) ;
#227 = DIRECTION ( 'NONE',  ( 0.000000000000000000, 0.000000000000000000, 1.000000000000000000 ) ) ;
#228 = AXIS2_PLACEMENT_3D ( 'NONE', #1258, #1406, #279 ) ;
#229 = ORIENTED_EDGE ( 'NONE', *, *, #389, .F. ) ;
#230 = FACE_OUTER_BOUND ( 'NONE', #661, .T. ) ;
#231 = EDGE_CURVE ( 'NONE', #872, #441, #1030, .T. ) ;
#232 = DIRECTION ( 'NONE',  ( 0.9905638349724138481, 0.000000000000000000, 0.1370521391469126937 ) ) ;
#233 = CARTESIAN_POINT ( 'NONE',  ( 734.4257127812680892, 906.8444592881033941, 1327.145996877259222 ) ) ;
#234 = ORIENTED_EDGE ( 'NONE', *, *, #534, .T. ) ;
#235 = ORIENTED_EDGE ( 'NONE', *, *, #160, .F. ) ;
#236 = CARTESIAN_POINT ( 'NONE',  ( 734.4257127812680892, 901.7847205441433971, 1327.145996877259222 ) ) ;
#237 = EDGE_CURVE ( 'NONE', #806, #677, #109, .T. ) ;
#238 = ORIENTED_EDGE ( 'NONE', *, *, #1115, .T. ) ;
#239 = DIRECTION ( 'NONE',  ( -0.1370521391469142758, 0.000000000000000000, 0.9905638349724135150 ) ) ;
#240 = DIRECTION ( 'NONE',  ( -0.1370521391469812500, 0.000000000000000000, 0.9905638349724041891 ) ) ;
#241 = VECTOR ( 'NONE', #1310, 1000.000000000000114 ) ;
#242 = ORIENTED_EDGE ( 'NONE', *, *, #891, .F. ) ;
#243 = ORIENTED_EDGE ( 'NONE', *, *, #803, .T. ) ;
#244 = DIRECTION ( 'NONE',  ( -0.9905638349724136260, -0.000000000000000000, -0.1370521391469132211 ) ) ;
#245 = ORIENTED_EDGE ( 'NONE', *, *, #1237, .T. ) ;
#246 = CARTESIAN_POINT ( 'NONE',  ( 734.5879938212210618, 902.4789937968564573, 1326.920176792875964 ) ) ;
#247 = EDGE_CURVE ( 'NONE', #991, #335, #1090, .T. ) ;
#248 = EDGE_LOOP ( 'NONE', ( #793, #245, #703, #356, #502 ) ) ;
#249 = VERTEX_POINT ( 'NONE', #104 ) ;
#250 =( NAMED_UNIT ( * ) PLANE_ANGLE_UNIT ( ) SI_UNIT ( $, .RADIAN. ) );
#251 = ORIENTED_EDGE ( 'NONE', *, *, #684, .F. ) ;
#252 = LINE ( 'NONE', #710, #1011 ) ;
#253 = CARTESIAN_POINT ( 'NONE',  ( 752.5309511933702424, 906.8444592881033941, 1329.129589450935555 ) ) ;
#254 = CARTESIAN_POINT ( 'NONE',  ( 734.4964983729037158, 901.3936642932056884, 1326.634383942592422 ) ) ;
#255 = ADVANCED_FACE ( 'NONE', ( #790 ), #454, .F. ) ;
#256 = EDGE_LOOP ( 'NONE', ( #839, #295, #1420, #1128, #418, #1367 ) ) ;
#257 = FACE_OUTER_BOUND ( 'NONE', #399, .T. ) ;
#258 = CARTESIAN_POINT ( 'NONE',  ( 734.4135140220693074, 902.6500107270286435, 1327.234165144965118 ) ) ;
#259 =( LENGTH_UNIT ( ) NAMED_UNIT ( * ) SI_UNIT ( .MILLI., .METRE. ) );
#260 = EDGE_LOOP ( 'NONE', ( #880, #168, #385, #1272, #1338, #888 ) ) ;
#261 = LINE ( 'NONE', #716, #869 ) ;
#262 = VERTEX_POINT ( 'NONE', #562 ) ;
#263 = ADVANCED_FACE ( 'NONE', ( #576 ), #1017, .F. ) ;
#264 = ORIENTED_EDGE ( 'NONE', *, *, #1256, .T. ) ;
#265 = CARTESIAN_POINT ( 'NONE',  ( 673.7568512870910808, 902.4915714031777725, 1365.172076189226345 ) ) ;
#266 = CIRCLE ( 'NONE', #719, 0.7937499999999264588 ) ;
#267 = ADVANCED_FACE ( 'NONE', ( #337 ), #557, .F. ) ;
#268 = AXIS2_PLACEMENT_3D ( 'NONE', #531, #419, #662 ) ;
#269 = DIRECTION ( 'NONE',  ( 0.000000000000000000, -0.000000000000000000, -1.000000000000000000 ) ) ;
#270 = EDGE_LOOP ( 'NONE', ( #1232, #1049, #1085, #617 ) ) ;
#271 = PLANE ( 'NONE',  #10 ) ;
#272 = ORIENTED_EDGE ( 'NONE', *, *, #1348, .F. ) ;
#273 = CARTESIAN_POINT ( 'NONE',  ( 737.0920374044885648, 902.0819592881033486, 1329.719217113998411 ) ) ;
#274 = ORIENTED_EDGE ( 'NONE', *, *, #778, .F. ) ;
#275 = DIRECTION ( 'NONE',  ( 0.9905638349724249503, 0.000000000000000000, 0.1370521391468316474 ) ) ;
#276 = CARTESIAN_POINT ( 'NONE',  ( 731.1012850041012143, 901.4779709267311318, 1351.173771624423807 ) ) ;
#277 = EDGE_CURVE ( 'NONE', #925, #1096, #474, .T. ) ;
#278 = AXIS2_PLACEMENT_3D ( 'NONE', #620, #285, #53 ) ;
#279 = DIRECTION ( 'NONE',  ( 0.9905638349724115166, 0.000000000000000000, 0.1370521391469291805 ) ) ;
#280 = LINE ( 'NONE', #139, #1288 ) ;
#281 = ORIENTED_EDGE ( 'NONE', *, *, #149, .F. ) ;
#282 = CARTESIAN_POINT ( 'NONE',  ( 735.6834061108794458, 906.0824592881032231, 1352.440563556621782 ) ) ;
#283 = CARTESIAN_POINT ( 'NONE',  ( 720.7798329626925806, 906.8444592881033941, 1407.031319432469445 ) ) ;
#284 = EDGE_CURVE ( 'NONE', #1264, #335, #461, .T. ) ;
#285 = DIRECTION ( 'NONE',  ( -0.1370521391469132488, -0.000000000000000000, 0.9905638349724137370 ) ) ;
#286 = EDGE_LOOP ( 'NONE', ( #242, #364, #1150, #135, #213, #57, #35 ) ) ;
#287 = B_SPLINE_CURVE_WITH_KNOTS ( 'NONE', 3,
 ( #761, #977, #1209, #1006, #1112, #867, #442, #1457 ),
 .UNSPECIFIED., .F., .F.,
 ( 4, 2, 2, 4 ),
 ( 1.108582088366547468E-06, 0.0002463014191797169641, 0.0003688978377253921770, 0.0004914942562710673899 ),
 .UNSPECIFIED. ) ;
#288 = ORIENTED_EDGE ( 'NONE', *, *, #446, .T. ) ;
#289 = CYLINDRICAL_SURFACE ( 'NONE', #642, 0.4999999999999873990 ) ;
#290 = B_SPLINE_CURVE_WITH_KNOTS ( 'NONE', 3,
 ( #1023, #343, #14, #329 ),
 .UNSPECIFIED., .F., .F.,
 ( 4, 4 ),
 ( -1.705415120824620384E-05, 9.203710429179487234E-05 ),
 .UNSPECIFIED. ) ;
#291 = CIRCLE ( 'NONE', #105, 0.9999999999999994449 ) ;
#292 = CARTESIAN_POINT ( 'NONE',  ( 735.7878398409094416, 906.0824592881032231, 1351.685753914372754 ) ) ;
#293 = DIRECTION ( 'NONE',  ( 0.9905638349724136260, 0.000000000000000000, 0.1370521391469132211 ) ) ;
#294 = CARTESIAN_POINT ( 'NONE',  ( 737.5991303193322892, 902.0819592881034623, 1326.054130924600031 ) ) ;
#295 = ORIENTED_EDGE ( 'NONE', *, *, #659, .F. ) ;
#296 = DIRECTION ( 'NONE',  ( -0.9691759639880593857, 0.2463695411933376767, 0.000000000000000000 ) ) ;
#297 = LINE ( 'NONE', #1326, #1375 ) ;
#298 = DIRECTION ( 'NONE',  ( -0.000000000000000000, -1.000000000000000000, -0.000000000000000000 ) ) ;
#299 = DIRECTION ( 'NONE',  ( 0.2426410909116990533, 0.9545088733307245388, -0.1733150649369277763 ) ) ;
#300 = ORIENTED_EDGE ( 'NONE', *, *, #6, .T. ) ;
#301 = EDGE_CURVE ( 'NONE', #249, #1243, #290, .T. ) ;
#302 = LINE ( 'NONE', #553, #838 ) ;
#303 = FACE_OUTER_BOUND ( 'NONE', #260, .T. ) ;
#304 = AXIS2_PLACEMENT_3D ( 'NONE', #443, #1098, #890 ) ;
#305 = DIRECTION ( 'NONE',  ( -0.9905638349724136260, 0.000000000000000000, -0.1370521391469132488 ) ) ;
#306 = DIRECTION ( 'NONE',  ( 0.000000000000000000, 1.000000000000000000, 0.000000000000000000 ) ) ;
#307 = CIRCLE ( 'NONE', #192, 4.762500000000009948 ) ;
#308 = ORIENTED_EDGE ( 'NONE', *, *, #722, .T. ) ;
#309 = DIRECTION ( 'NONE',  ( 0.9905638349724136260, 0.000000000000000000, 0.1370521391469134709 ) ) ;
#310 = CARTESIAN_POINT ( 'NONE',  ( 774.2524840569599291, 906.8444592881032804, 1357.007633822780008 ) ) ;
#311 = VECTOR ( 'NONE', #21, 1000.000000000000000 ) ;
#312 = PRODUCT_DEFINITION_SHAPE ( 'NONE', 'NONE',  #810 ) ;
#313 = ADVANCED_FACE ( 'NONE', ( #922 ), #796, .F. ) ;
#314 = AXIS2_PLACEMENT_3D ( 'NONE', #2, #1236, #354 ) ;
#315 = DIRECTION ( 'NONE',  ( 0.9905638349724137370, -0.000000000000000000, 0.1370521391469130823 ) ) ;
#316 = CARTESIAN_POINT ( 'NONE',  ( 760.6455067411483242, 906.8444592881033941, 1276.272076189226254 ) ) ;
#317 = VECTOR ( 'NONE', #525, 1000.000000000000000 ) ;
#318 = VERTEX_POINT ( 'NONE', #695 ) ;
#319 = CARTESIAN_POINT ( 'NONE',  ( 627.3803735032331588, 906.8444592881033941, 1276.272076189226254 ) ) ;
#320 = CARTESIAN_POINT ( 'NONE',  ( 735.1244450897164597, 901.5902416268964998, 1326.728826515092123 ) ) ;
#321 = EDGE_CURVE ( 'NONE', #610, #1283, #131, .T. ) ;
#322 = CARTESIAN_POINT ( 'NONE',  ( 738.0826012394610416, 902.0819592881033486, 1329.856269253145229 ) ) ;
#323 = DIRECTION ( 'NONE',  ( 1.000000000000000000, 0.000000000000000000, 0.000000000000000000 ) ) ;
#324 = ORIENTED_EDGE ( 'NONE', *, *, #1213, .T. ) ;
#325 = CARTESIAN_POINT ( 'NONE',  ( 610.5229447007366161, 902.5592137247688242, 1276.272076189226254 ) ) ;
#326 = CARTESIAN_POINT ( 'NONE',  ( 674.0229447007366161, 901.6047048514381004, 1365.172076189226345 ) ) ;
#327 = ORIENTED_EDGE ( 'NONE', *, *, #1040, .F. ) ;
#328 = ADVANCED_FACE ( 'NONE', ( #782 ), #1233, .F. ) ;
#329 = CARTESIAN_POINT ( 'NONE',  ( 735.1244450897164597, 901.5902416268964998, 1326.728826515092123 ) ) ;
#330 = EDGE_CURVE ( 'NONE', #393, #170, #86, .T. ) ;
#331 = EDGE_LOOP ( 'NONE', ( #163, #928, #831, #234, #538, #845, #126, #470, #983, #672, #596, #1196, #1, #606 ) ) ;
#332 = EDGE_LOOP ( 'NONE', ( #1357, #340, #388, #1064 ) ) ;
#333 = DIRECTION ( 'NONE',  ( -0.1370521391469132766, 0.000000000000000000, 0.9905638349724137370 ) ) ;
#334 = CARTESIAN_POINT ( 'NONE',  ( 731.0983781267041195, 902.6502811046365196, 1351.194781494394647 ) ) ;
#335 = VERTEX_POINT ( 'NONE', #1366 ) ;
#336 = VECTOR ( 'NONE', #898, 1000.000000000000114 ) ;
#337 = FACE_OUTER_BOUND ( 'NONE', #612, .T. ) ;
#338 = ORIENTED_EDGE ( 'NONE', *, *, #865, .F. ) ;
#339 = ADVANCED_FACE ( 'NONE', ( #698 ), #471, .F. ) ;
#340 = ORIENTED_EDGE ( 'NONE', *, *, #1153, .T. ) ;
#341 = LINE ( 'NONE', #350, #1329 ) ;
#342 = EDGE_LOOP ( 'NONE', ( #1140, #970, #1013, #1463, #1433 ) ) ;
#343 = CARTESIAN_POINT ( 'NONE',  ( 735.1973807837090362, 901.5825066601319122, 1326.731356424627165 ) ) ;
#344 = FACE_OUTER_BOUND ( 'NONE', #689, .T. ) ;
#345 = EDGE_LOOP ( 'NONE', ( #574, #193, #1388, #1202, #1299 ) ) ;
#346 = FACE_OUTER_BOUND ( 'NONE', #667, .T. ) ;
#347 = AXIS2_PLACEMENT_3D ( 'NONE', #797, #144, #1250 ) ;
#348 = ADVANCED_FACE ( 'NONE', ( #346 ), #456, .F. ) ;
#349 = ORIENTED_EDGE ( 'NONE', *, *, #1386, .F. ) ;
#350 = CARTESIAN_POINT ( 'NONE',  ( 734.1261538383581637, 902.7702542830008952, 1329.311101757316919 ) ) ;
#351 = DIRECTION ( 'NONE',  ( 0.000000000000000000, -1.000000000000000000, 0.000000000000000000 ) ) ;
#352 = CYLINDRICAL_SURFACE ( 'NONE', #347, 0.7937499999999264588 ) ;
#353 = ORIENTED_EDGE ( 'NONE', *, *, #1286, .T. ) ;
#354 = DIRECTION ( 'NONE',  ( 0.9905638349724136260, 0.000000000000000000, 0.1370521391469134709 ) ) ;
#355 = AXIS2_PLACEMENT_3D ( 'NONE', #1149, #480, #367 ) ;
#356 = ORIENTED_EDGE ( 'NONE', *, *, #1146, .T. ) ;
#357 = DIRECTION ( 'NONE',  ( -0.000000000000000000, -1.000000000000000000, -0.000000000000000000 ) ) ;
#358 = B_SPLINE_CURVE_WITH_KNOTS ( 'NONE', 3,
 ( #320, #1225, #209, #663, #669, #1435 ),
 .UNSPECIFIED., .F., .F.,
 ( 4, 2, 4 ),
 ( 9.203710429179487234E-05, 0.0005296675654168118367, 0.0009672980265418287468 ),
 .UNSPECIFIED. ) ;
#359 = DIRECTION ( 'NONE',  ( 0.000000000000000000, 0.000000000000000000, 1.000000000000000000 ) ) ;
#360 = ADVANCED_FACE ( 'NONE', ( #477 ), #1269, .F. ) ;
#361 = DIRECTION ( 'NONE',  ( -0.1370521391469141925, -0.000000000000000000, 0.9905638349724136260 ) ) ;
#362 = AXIS2_PLACEMENT_3D ( 'NONE', #1343, #424, #537 ) ;
#363 = VECTOR ( 'NONE', #1349, 1000.000000000000114 ) ;
#364 = ORIENTED_EDGE ( 'NONE', *, *, #247, .T. ) ;
#365 = B_SPLINE_CURVE_WITH_KNOTS ( 'NONE', 3,
 ( #636, #1303, #151, #276, #60, #1297, #74, #374 ),
 .UNSPECIFIED., .F., .F.,
 ( 4, 2, 2, 4 ),
 ( 7.041798402378688940E-06, 0.0001300098833450039635, 0.0002529779682876292092, 0.0004989141381728993789 ),
 .UNSPECIFIED. ) ;
#366 = ORIENTED_EDGE ( 'NONE', *, *, #1245, .T. ) ;
#367 = DIRECTION ( 'NONE',  ( 0.000000000000000000, 0.000000000000000000, 1.000000000000000000 ) ) ;
#368 = VERTEX_POINT ( 'NONE', #485 ) ;
#369 = EDGE_CURVE ( 'NONE', #451, #697, #1392, .T. ) ;
#370 = CARTESIAN_POINT ( 'NONE',  ( 737.5991303193322892, 902.0819592881034623, 1326.054130924600031 ) ) ;
#371 = CARTESIAN_POINT ( 'NONE',  ( 749.8360869030477716, 906.8444592881032804, 1354.398695994683294 ) ) ;
#372 = ORIENTED_EDGE ( 'NONE', *, *, #1146, .F. ) ;
#373 = CARTESIAN_POINT ( 'NONE',  ( 753.4259963728275125, 906.8444592881033941, 1328.452114542374147 ) ) ;
#374 = CARTESIAN_POINT ( 'NONE',  ( 731.0861596302077032, 901.7847205441386222, 1351.283092416224463 ) ) ;
#375 = ORIENTED_EDGE ( 'NONE', *, *, #1163, .F. ) ;
#376 = DIRECTION ( 'NONE',  ( -0.1370521391469141648, 0.000000000000000000, 0.9905638349724136260 ) ) ;
#377 = ORIENTED_EDGE ( 'NONE', *, *, #427, .T. ) ;
#378 = EDGE_CURVE ( 'NONE', #141, #451, #1337, .T. ) ;
#379 = ORIENTED_EDGE ( 'NONE', *, *, #330, .F. ) ;
#380 = CIRCLE ( 'NONE', #117, 2.000000000000029310 ) ;
#381 = DIRECTION ( 'NONE',  ( -0.9905638349724136260, -0.000000000000000000, -0.1370521391469141648 ) ) ;
#382 = CARTESIAN_POINT ( 'NONE',  ( 731.7521058908326950, 902.5849738877923301, 1351.896637879382524 ) ) ;
#383 = VERTEX_POINT ( 'NONE', #800 ) ;
#384 = DIRECTION ( 'NONE',  ( -0.9905638349724136260, -0.000000000000000000, -0.1370521391469132211 ) ) ;
#385 = ORIENTED_EDGE ( 'NONE', *, *, #1456, .F. ) ;
#386 = AXIS2_PLACEMENT_3D ( 'NONE', #743, #1158, #591 ) ;
#387 = CIRCLE ( 'NONE', #1216, 0.7619999999999713669 ) ;
#388 = ORIENTED_EDGE ( 'NONE', *, *, #865, .T. ) ;
#389 = EDGE_CURVE ( 'NONE', #587, #394, #1252, .T. ) ;
#390 = CARTESIAN_POINT ( 'NONE',  ( 733.9809538458537190, 902.0819592881033486, 1352.205016167871918 ) ) ;
#391 = VECTOR ( 'NONE', #881, 1000.000000000000114 ) ;
#392 = CARTESIAN_POINT ( 'NONE',  ( 731.0861596302078169, 906.8444592881033941, 1351.283092416224463 ) ) ;
#393 = VERTEX_POINT ( 'NONE', #916 ) ;
#394 = VERTEX_POINT ( 'NONE', #736 ) ;
#395 = CARTESIAN_POINT ( 'NONE',  ( 749.8360869030479989, 897.3194592881034168, 1354.398695994682839 ) ) ;
#396 = EDGE_CURVE ( 'NONE', #39, #571, #437, .T. ) ;
#397 = FACE_OUTER_BOUND ( 'NONE', #256, .T. ) ;
#398 = LINE ( 'NONE', #1305, #788 ) ;
#399 = EDGE_LOOP ( 'NONE', ( #655, #1005, #229, #486 ) ) ;
#400 = CARTESIAN_POINT ( 'NONE',  ( 739.1645304452110850, 902.0819592881033486, 1327.280242148322259 ) ) ;
#401 = EDGE_LOOP ( 'NONE', ( #457, #1173, #1474, #1308 ) ) ;
#402 = CYLINDRICAL_SURFACE ( 'NONE', #1417, 0.4999999999999873990 ) ;
#403 = CYLINDRICAL_SURFACE ( 'NONE', #959, 4.762500000000009948 ) ;
#404 = AXIS2_PLACEMENT_3D ( 'NONE', #1451, #94, #435 ) ;
#405 = EDGE_CURVE ( 'NONE', #1383, #1301, #746, .T. ) ;
#406 = CARTESIAN_POINT ( 'NONE',  ( 731.8608910262806830, 906.8444592881033941, 1351.110377835372674 ) ) ;
#407 = DIRECTION ( 'NONE',  ( 0.000000000000000000, 0.000000000000000000, 1.000000000000000000 ) ) ;
#408 = VERTEX_POINT ( 'NONE', #969 ) ;
#409 = DIRECTION ( 'NONE',  ( 0.000000000000000000, 0.000000000000000000, 1.000000000000000000 ) ) ;
#410 = VECTOR ( 'NONE', #30, 1000.000000000000114 ) ;
#411 = LINE ( 'NONE', #1219, #8 ) ;
#412 = CIRCLE ( 'NONE', #954, 0.7619999999999713669 ) ;
#413 = VECTOR ( 'NONE', #992, 1000.000000000000114 ) ;
#414 = DIRECTION ( 'NONE',  ( 0.9905638349724136260, -0.000000000000000000, 0.1370521391469132488 ) ) ;
#415 = EDGE_CURVE ( 'NONE', #1029, #895, #1282, .T. ) ;
#416 = VECTOR ( 'NONE', #361, 999.9999999999998863 ) ;
#417 = CARTESIAN_POINT ( 'NONE',  ( 735.1244450897166871, 897.3194592881034168, 1327.522576515091941 ) ) ;
#418 = ORIENTED_EDGE ( 'NONE', *, *, #220, .F. ) ;
#419 = DIRECTION ( 'NONE',  ( -0.1370521391469132488, -0.000000000000000000, 0.9905638349724137370 ) ) ;
#420 = UNCERTAINTY_MEASURE_WITH_UNIT (LENGTH_MEASURE( 1.000000000000000082E-05 ), #259, 'distance_accuracy_value', 'NONE');
#421 = LINE ( 'NONE', #868, #1071 ) ;
#422 = FACE_OUTER_BOUND ( 'NONE', #924, .T. ) ;
#423 = VECTOR ( 'NONE', #1206, 1000.000000000000000 ) ;
#424 = DIRECTION ( 'NONE',  ( 0.1370521391469132488, 0.000000000000000000, -0.9905638349724137370 ) ) ;
#425 = ORIENTED_EDGE ( 'NONE', *, *, #1220, .T. ) ;
#426 = CARTESIAN_POINT ( 'NONE',  ( 734.3920646428737200, 901.3936642932056884, 1327.389193584841678 ) ) ;
#427 = EDGE_CURVE ( 'NONE', #1276, #249, #1193, .T. ) ;
#428 = DIRECTION ( 'NONE',  ( 0.9905638349724136260, 0.000000000000000000, 0.1370521391469132488 ) ) ;
#429 = VECTOR ( 'NONE', #33, 1000.000000000000114 ) ;
#430 = DIRECTION ( 'NONE',  ( 0.1370521391469132766, -0.000000000000000000, -0.9905638349724137370 ) ) ;
#431 = CARTESIAN_POINT ( 'NONE',  ( 739.1645304452110850, 897.3194592881033032, 1327.280242148322259 ) ) ;
#432 = EDGE_LOOP ( 'NONE', ( #1229, #1455, #54, #288 ) ) ;
#433 = CARTESIAN_POINT ( 'NONE',  ( 734.6170724924970727, 902.0819592881033486, 1354.903871334860696 ) ) ;
#434 = EDGE_CURVE ( 'NONE', #1116, #726, #1181, .T. ) ;
#435 = DIRECTION ( 'NONE',  ( 0.9905638349724098513, 0.000000000000000000, 0.1370521391469405881 ) ) ;
#436 = CLOSED_SHELL ( 'NONE', ( #822, #676, #1195, #897, #360, #1341, #1266, #756, #328, #830, #1448, #644, #794, #313, #36, #90, #641, #1022, #1390, #255, #267, #1177, #187, #81, #899, #520, #929, #742, #489, #25, #167, #854, #634, #348, #263, #462, #1099, #1275, #1398, #560 ) ) ;
#437 = CIRCLE ( 'NONE', #1414, 0.7619999999999713669 ) ;
#438 = CARTESIAN_POINT ( 'NONE',  ( 731.0882041043073514, 902.4598517153086732, 1351.268315688789244 ) ) ;
#439 = DIRECTION ( 'NONE',  ( 0.000000000000000000, -1.000000000000000000, 0.000000000000000000 ) ) ;
#440 =( BOUNDED_CURVE ( )  B_SPLINE_CURVE ( 3, ( #1263, #1271, #819, #119 ),
 .UNSPECIFIED., .F., .F. ) 
 B_SPLINE_CURVE_WITH_KNOTS ( ( 4, 4 ),
 ( 0.000000000000000000, 1.268008348124147977 ),
 .UNSPECIFIED. ) 
 CURVE ( )  GEOMETRIC_REPRESENTATION_ITEM ( )  RATIONAL_B_SPLINE_CURVE ( ( 1.000000000000000000, 0.8704413324986755018, 0.8704413324986755018, 1.000000000000000000 ) ) 
 REPRESENTATION_ITEM ( '' )  );
#441 = VERTEX_POINT ( 'NONE', #1300 ) ;
#442 = CARTESIAN_POINT ( 'NONE',  ( 734.3977157834253831, 901.3936642932059158, 1327.348349162481327 ) ) ;
#443 = CARTESIAN_POINT ( 'NONE',  ( 752.6397363288181168, 897.3194592881034168, 1328.343329406926159 ) ) ;
#444 = EDGE_CURVE ( 'NONE', #1075, #1259, #623, .T. ) ;
#445 = LINE ( 'NONE', #988, #1050 ) ;
#446 = EDGE_CURVE ( 'NONE', #585, #610, #1284, .T. ) ;
#447 = DIRECTION ( 'NONE',  ( 0.1370521391469141648, 0.000000000000000000, -0.9905638349724136260 ) ) ;
#448 = VERTEX_POINT ( 'NONE', #55 ) ;
#449 = FILL_AREA_STYLE_COLOUR ( '', #52 ) ;
#450 = CARTESIAN_POINT ( 'NONE',  ( 739.1645304452110850, 902.0819592881033486, 1327.280242148322259 ) ) ;
#451 = VERTEX_POINT ( 'NONE', #510 ) ;
#452 = VECTOR ( 'NONE', #12, 1000.000000000000000 ) ;
#453 = EDGE_CURVE ( 'NONE', #1041, #1285, #291, .T. ) ;
#454 = PLANE ( 'NONE',  #1164 ) ;
#455 = VERTEX_POINT ( 'NONE', #740 ) ;
#456 = PLANE ( 'NONE',  #836 ) ;
#457 = ORIENTED_EDGE ( 'NONE', *, *, #1296, .F. ) ;
#458 = DIRECTION ( 'NONE',  ( 0.000000000000000000, 0.000000000000000000, -1.000000000000000000 ) ) ;
#459 = AXIS2_PLACEMENT_3D ( 'NONE', #1215, #206, #975 ) ;
#460 = TOROIDAL_SURFACE ( 'NONE', #362, 4.000500000000000611, 0.7620000000000000107 ) ;
#461 = LINE ( 'NONE', #568, #173 ) ;
#462 = ADVANCED_FACE ( 'NONE', ( #628 ), #67, .T. ) ;
#463 = ORIENTED_EDGE ( 'NONE', *, *, #133, .F. ) ;
#464 = ORIENTED_EDGE ( 'NONE', *, *, #884, .T. ) ;
#465 = CARTESIAN_POINT ( 'NONE',  ( 733.6265086575247096, 902.0819592881033486, 1354.766819195713879 ) ) ;
#466 = CARTESIAN_POINT ( 'NONE',  ( 0.000000000000000000, 0.000000000000000000, 0.000000000000000000 ) ) ;
#467 = ORIENTED_EDGE ( 'NONE', *, *, #18, .F. ) ;
#468 = CARTESIAN_POINT ( 'NONE',  ( 734.4469701811551658, 897.3194592881034168, 1326.627531335634785 ) ) ;
#469 = LINE ( 'NONE', #914, #496 ) ;
#470 = ORIENTED_EDGE ( 'NONE', *, *, #1008, .F. ) ;
#471 = PLANE ( 'NONE',  #314 ) ;
#472 = ORIENTED_EDGE ( 'NONE', *, *, #1386, .T. ) ;
#473 = DIRECTION ( 'NONE',  ( 0.000000000000000000, 0.000000000000000000, -1.000000000000000000 ) ) ;
#474 = LINE ( 'NONE', #1136, #856 ) ;
#475 = DIRECTION ( 'NONE',  ( 0.000000000000000000, -1.000000000000000000, 0.000000000000000000 ) ) ;
#476 = EDGE_LOOP ( 'NONE', ( #51, #281, #602, #1268 ) ) ;
#477 = FACE_OUTER_BOUND ( 'NONE', #248, .T. ) ;
#478 = AXIS2_PLACEMENT_3D ( 'NONE', #136, #473, #918 ) ;
#479 = ORIENTED_EDGE ( 'NONE', *, *, #586, .T. ) ;
#480 = DIRECTION ( 'NONE',  ( -0.000000000000000000, -1.000000000000000000, -0.000000000000000000 ) ) ;
#481 = EDGE_CURVE ( 'NONE', #1259, #1029, #365, .T. ) ;
#482 = ORIENTED_EDGE ( 'NONE', *, *, #783, .T. ) ;
#483 = CIRCLE ( 'NONE', #196, 4.762500000000009948 ) ;
#484 = ORIENTED_EDGE ( 'NONE', *, *, #947, .F. ) ;
#485 = CARTESIAN_POINT ( 'NONE',  ( 731.7521058908328087, 897.3194592881034168, 1351.896637879382070 ) ) ;
#486 = ORIENTED_EDGE ( 'NONE', *, *, #1472, .F. ) ;
#487 = CARTESIAN_POINT ( 'NONE',  ( 735.1244450897166871, 897.3194592881034168, 1327.522576515091941 ) ) ;
#488 = CIRCLE ( 'NONE', #1197, 0.7937499999999264588 ) ;
#489 = ADVANCED_FACE ( 'NONE', ( #397 ), #1028, .T. ) ;
#490 = VERTEX_POINT ( 'NONE', #521 ) ;
#491 = EDGE_CURVE ( 'NONE', #201, #1018, #157, .T. ) ;
#492 = DIRECTION ( 'NONE',  ( -0.000000000000000000, -1.000000000000000000, -0.000000000000000000 ) ) ;
#493 = DIRECTION ( 'NONE',  ( -0.1370521391469141648, 0.000000000000000000, 0.9905638349724135150 ) ) ;
#494 = ORIENTED_EDGE ( 'NONE', *, *, #1130, .T. ) ;
#495 = FACE_OUTER_BOUND ( 'NONE', #332, .T. ) ;
#496 = VECTOR ( 'NONE', #1371, 1000.000000000000114 ) ;
#497 = CYLINDRICAL_SURFACE ( 'NONE', #625, 0.7619999999999713669 ) ;
#498 = ORIENTED_EDGE ( 'NONE', *, *, #972, .T. ) ;
#499 = CARTESIAN_POINT ( 'NONE',  ( 734.9785134438654950, 902.5576144852618654, 1326.728826515092123 ) ) ;
#500 = EDGE_CURVE ( 'NONE', #1020, #408, #973, .T. ) ;
#501 = DIRECTION ( 'NONE',  ( 0.1370521391469132211, 0.000000000000000000, -0.9905638349724136260 ) ) ;
#502 = ORIENTED_EDGE ( 'NONE', *, *, #841, .F. ) ;
#503 = AXIS2_PLACEMENT_3D ( 'NONE', #554, #770, #861 ) ;
#504 = DIRECTION ( 'NONE',  ( -0.5812381937190961301, 0.000000000000000000, -0.8137334712067352260 ) ) ;
#505 = DIRECTION ( 'NONE',  ( 0.000000000000000000, 1.000000000000000000, 0.000000000000000000 ) ) ;
#506 = ORIENTED_EDGE ( 'NONE', *, *, #763, .F. ) ;
#507 = CARTESIAN_POINT ( 'NONE',  ( 753.3172112373795244, 898.0814592881033604, 1329.238374586383770 ) ) ;
#508 = ORIENTED_EDGE ( 'NONE', *, *, #1422, .T. ) ;
#509 = VECTOR ( 'NONE', #1242, 1000.000000000000000 ) ;
#510 = CARTESIAN_POINT ( 'NONE',  ( 735.2332302251645615, 906.8444592881033941, 1326.736316471082546 ) ) ;
#511 = VECTOR ( 'NONE', #901, 1000.000000000000000 ) ;
#512 = ORIENTED_EDGE ( 'NONE', *, *, #133, .T. ) ;
#513 = DIRECTION ( 'NONE',  ( 0.1370521391469132488, 0.000000000000000000, -0.9905638349724137370 ) ) ;
#514 = AXIS2_PLACEMENT_3D ( 'NONE', #1434, #1364, #309 ) ;
#515 = CARTESIAN_POINT ( 'NONE',  ( 739.0600967151810892, 902.0819592881033486, 1328.035051790571515 ) ) ;
#516 = CARTESIAN_POINT ( 'NONE',  ( 734.9715176808260821, 902.0819592881033486, 1352.342068307018735 ) ) ;
#517 = CARTESIAN_POINT ( 'NONE',  ( 731.2077426809213421, 901.6780904410098856, 1351.568314734538717 ) ) ;
#518 = ORIENTED_EDGE ( 'NONE', *, *, #73, .T. ) ;
#519 = DIRECTION ( 'NONE',  ( 0.000000000000000000, 1.000000000000000000, 0.000000000000000000 ) ) ;
#520 = ADVANCED_FACE ( 'NONE', ( #1199 ), #403, .T. ) ;
#521 = CARTESIAN_POINT ( 'NONE',  ( 749.0498268590386033, 897.3194592881034168, 1354.289910859234851 ) ) ;
#522 = CARTESIAN_POINT ( 'NONE',  ( 753.3172112373795244, 897.3194592881033032, 1329.238374586383770 ) ) ;
#523 = CARTESIAN_POINT ( 'NONE',  ( 752.6397363288181168, 906.8444592881033941, 1328.343329406926159 ) ) ;
#524 = EDGE_LOOP ( 'NONE', ( #1132, #1039, #327, #1111 ) ) ;
#525 = DIRECTION ( 'NONE',  ( 0.000000000000000000, 1.000000000000000000, 0.000000000000000000 ) ) ;
#526 = CARTESIAN_POINT ( 'NONE',  ( 608.6455067411483242, 906.8444592881033941, 1276.272076189226254 ) ) ;
#527 = EDGE_CURVE ( 'NONE', #118, #1442, #701, .T. ) ;
#528 = DIRECTION ( 'NONE',  ( -0.9905638349724136260, 0.000000000000000000, -0.1370521391469141648 ) ) ;
#529 = LINE ( 'NONE', #878, #1436 ) ;
#530 = ORIENTED_EDGE ( 'NONE', *, *, #434, .T. ) ;
#531 = CARTESIAN_POINT ( 'NONE',  ( 735.6834061108794458, 902.0819592881033486, 1352.440563556621782 ) ) ;
#532 = CARTESIAN_POINT ( 'NONE',  ( 749.8360869030477716, 906.0824592881032231, 1354.398695994683294 ) ) ;
#533 = CIRCLE ( 'NONE', #1359, 0.7937499999999264588 ) ;
#534 = EDGE_CURVE ( 'NONE', #585, #1129, #50, .T. ) ;
#535 = CARTESIAN_POINT ( 'NONE',  ( 608.6455067411483242, 902.0819592881034623, 1276.272076189226254 ) ) ;
#536 = EDGE_CURVE ( 'NONE', #857, #945, #387, .T. ) ;
#537 = DIRECTION ( 'NONE',  ( -0.9905638349724136260, 0.000000000000000000, -0.1370521391469132211 ) ) ;
#538 = ORIENTED_EDGE ( 'NONE', *, *, #1210, .T. ) ;
#539 = DIRECTION ( 'NONE',  ( 0.9905638349724136260, -0.000000000000000000, 0.1370521391469134709 ) ) ;
#540 = UNCERTAINTY_MEASURE_WITH_UNIT (LENGTH_MEASURE( 1.000000000000000082E-05 ), #795, 'distance_accuracy_value', 'NONE');
#541 = CARTESIAN_POINT ( 'NONE',  ( 737.0920374044885648, 902.0819592881033486, 1329.719217113998411 ) ) ;
#542 = FACE_OUTER_BOUND ( 'NONE', #1372, .T. ) ;
#543 = AXIS2_PLACEMENT_3D ( 'NONE', #1169, #15, #608 ) ;
#544 = DIRECTION ( 'NONE',  ( -0.9905638349724136260, 0.000000000000000000, -0.1370521391469132488 ) ) ;
#545 = EDGE_CURVE ( 'NONE', #1154, #925, #100, .T. ) ;
#546 = ORIENTED_EDGE ( 'NONE', *, *, #389, .T. ) ;
#547 = CARTESIAN_POINT ( 'NONE',  ( 739.0600967151810892, 906.0824592881032231, 1328.035051790571515 ) ) ;
#548 = DIRECTION ( 'NONE',  ( -0.1370521391469141648, 0.000000000000000000, 0.9905638349724135150 ) ) ;
#549 = MECHANICAL_DESIGN_GEOMETRIC_PRESENTATION_REPRESENTATION (  '', ( #1118 ), #96 ) ;
#550 = DIRECTION ( 'NONE',  ( -0.1370521391469141648, 0.000000000000000000, 0.9905638349724136260 ) ) ;
#551 = DIRECTION ( 'NONE',  ( 0.1370521391469133599, -0.000000000000000000, -0.9905638349724136260 ) ) ;
#552 = ORIENTED_EDGE ( 'NONE', *, *, #180, .F. ) ;
#553 = CARTESIAN_POINT ( 'NONE',  ( 749.8360869030479989, 906.8444592881033941, 1354.398695994682839 ) ) ;
#554 = CARTESIAN_POINT ( 'NONE',  ( 702.0449662006077460, 902.0819592881034623, 1407.031319432469445 ) ) ;
#555 = AXIS2_PLACEMENT_3D ( 'NONE', #1249, #122, #239 ) ;
#556 = LINE ( 'NONE', #870, #1024 ) ;
#557 = CYLINDRICAL_SURFACE ( 'NONE', #1048, 0.7937499999999264588 ) ;
#558 = VERTEX_POINT ( 'NONE', #731 ) ;
#559 = CYLINDRICAL_SURFACE ( 'NONE', #567, 0.7937499999999264588 ) ;
#560 = ADVANCED_FACE ( 'NONE', ( #1165 ), #497, .T. ) ;
#561 = LINE ( 'NONE', #1015, #1212 ) ;
#562 = CARTESIAN_POINT ( 'NONE',  ( 731.0861596302078169, 897.3194592881034168, 1351.283092416224463 ) ) ;
#563 = ORIENTED_EDGE ( 'NONE', *, *, #1410, .T. ) ;
#564 = CARTESIAN_POINT ( 'NONE',  ( 735.2332302251645615, 897.3194592881034168, 1326.736316471082546 ) ) ;
#565 = ORIENTED_EDGE ( 'NONE', *, *, #694, .T. ) ;
#566 = CARTESIAN_POINT ( 'NONE',  ( 735.2332302251645615, 902.5849738877928985, 1326.736316471083001 ) ) ;
#567 = AXIS2_PLACEMENT_3D ( 'NONE', #112, #1021, #458 ) ;
#568 = CARTESIAN_POINT ( 'NONE',  ( 696.6732415100237858, 902.0819592881034623, 1397.486217952826109 ) ) ;
#569 = ORIENTED_EDGE ( 'NONE', *, *, #545, .F. ) ;
#570 = CIRCLE ( 'NONE', #1409, 4.000500000000038803 ) ;
#571 = VERTEX_POINT ( 'NONE', #619 ) ;
#572 = LINE ( 'NONE', #1027, #452 ) ;
#573 = AXIS2_PLACEMENT_3D ( 'NONE', #417, #306, #191 ) ;
#574 = ORIENTED_EDGE ( 'NONE', *, *, #369, .T. ) ;
#575 = VECTOR ( 'NONE', #140, 1000.000000000000000 ) ;
#576 = FACE_OUTER_BOUND ( 'NONE', #1057, .T. ) ;
#577 = CARTESIAN_POINT ( 'NONE',  ( 608.6455067411483242, 906.8444592881033941, 1276.272076189226254 ) ) ;
#578 = EDGE_CURVE ( 'NONE', #143, #1307, #411, .T. ) ;
#579 = ORIENTED_EDGE ( 'NONE', *, *, #1324, .T. ) ;
#580 = CARTESIAN_POINT ( 'NONE',  ( 753.3172112373795244, 906.8444592881032804, 1329.238374586383770 ) ) ;
#581 = ORIENTED_EDGE ( 'NONE', *, *, #947, .T. ) ;
#582 = PLANE ( 'NONE',  #478 ) ;
#583 = DIRECTION ( 'NONE',  ( 0.1370521391469812500, 0.000000000000000000, -0.9905638349724041891 ) ) ;
#584 = LINE ( 'NONE', #590, #934 ) ;
#585 = VERTEX_POINT ( 'NONE', #764 ) ;
#586 = EDGE_CURVE ( 'NONE', #945, #639, #1211, .T. ) ;
#587 = VERTEX_POINT ( 'NONE', #325 ) ;
#588 = SURFACE_STYLE_FILL_AREA ( #1239 ) ;
#589 = VERTEX_POINT ( 'NONE', #757 ) ;
#590 = CARTESIAN_POINT ( 'NONE',  ( 735.1244450897166871, 897.3194592881034168, 1326.728826515092123 ) ) ;
#591 = DIRECTION ( 'NONE',  ( -0.9905638349724249503, 0.000000000000000000, -0.1370521391468316474 ) ) ;
#592 = VECTOR ( 'NONE', #1445, 1000.000000000000114 ) ;
#593 = EDGE_LOOP ( 'NONE', ( #1350, #1393, #1294, #300, #1061, #512, #32, #162, #1171, #935, #717, #801, #530, #1166 ) ) ;
#594 = CARTESIAN_POINT ( 'NONE',  ( 752.6397363288181168, 897.3194592881034168, 1329.137079406926205 ) ) ;
#595 = EDGE_CURVE ( 'NONE', #941, #945, #214, .T. ) ;
#596 = ORIENTED_EDGE ( 'NONE', *, *, #909, .F. ) ;
#597 = CARTESIAN_POINT ( 'NONE',  ( 734.8330874754976776, 902.5376349826746036, 1326.770395599730819 ) ) ;
#598 = CARTESIAN_POINT ( 'NONE',  ( 752.6397363288181168, 897.3194592881034168, 1329.137079406926205 ) ) ;
#599 = DIRECTION ( 'NONE',  ( 0.9905638349724137370, -0.000000000000000000, 0.1370521391469130823 ) ) ;
#600 = VECTOR ( 'NONE', #877, 1000.000000000000114 ) ;
#601 = CIRCLE ( 'NONE', #984, 0.7619999999999713669 ) ;
#602 = ORIENTED_EDGE ( 'NONE', *, *, #277, .F. ) ;
#603 = DIRECTION ( 'NONE',  ( -0.8137334712068550191, 0.000000000000000000, 0.5812381937189283754 ) ) ;
#604 = AXIS2_PLACEMENT_3D ( 'NONE', #22, #1267, #153 ) ;
#605 = DIRECTION ( 'NONE',  ( -0.9905638349724137370, 6.240093522598135235E-16, -0.1370521391469125272 ) ) ;
#606 = ORIENTED_EDGE ( 'NONE', *, *, #231, .T. ) ;
#607 = EDGE_CURVE ( 'NONE', #558, #768, #380, .T. ) ;
#608 = DIRECTION ( 'NONE',  ( 0.000000000000000000, 0.000000000000000000, 1.000000000000000000 ) ) ;
#609 = B_SPLINE_CURVE_WITH_KNOTS ( 'NONE', 3,
 ( #846, #965, #148, #840 ),
 .UNSPECIFIED., .F., .F.,
 ( 4, 4 ),
 ( 0.0009014420851241640312, 0.001010309790739603820 ),
 .UNSPECIFIED. ) ;
#610 = VERTEX_POINT ( 'NONE', #1107 ) ;
#611 = DIRECTION ( 'NONE',  ( 0.1370521391469132766, -0.000000000000000000, -0.9905638349724137370 ) ) ;
#612 = EDGE_LOOP ( 'NONE', ( #1291, #1362, #158, #463 ) ) ;
#613 = CARTESIAN_POINT ( 'NONE',  ( 674.0229447007366161, 902.5592137247688242, 1365.172076189226345 ) ) ;
#614 = ORIENTED_EDGE ( 'NONE', *, *, #99, .F. ) ;
#615 = EDGE_CURVE ( 'NONE', #902, #1034, #211, .T. ) ;
#616 = DIRECTION ( 'NONE',  ( -0.9905638349724136260, 0.000000000000000000, -0.1370521391469138317 ) ) ;
#617 = ORIENTED_EDGE ( 'NONE', *, *, #615, .F. ) ;
#618 = AXIS2_PLACEMENT_3D ( 'NONE', #1076, #513, #851 ) ;
#619 = CARTESIAN_POINT ( 'NONE',  ( 749.9405206330777673, 897.3194592881033032, 1353.643886352434265 ) ) ;
#620 = CARTESIAN_POINT ( 'NONE',  ( 735.6834061108794458, 902.0819592881033486, 1352.440563556621782 ) ) ;
#621 = PLANE ( 'NONE',  #1004 ) ;
#622 = AXIS2_PLACEMENT_3D ( 'NONE', #864, #299, #1002 ) ;
#623 = LINE ( 'NONE', #254, #812 ) ;
#624 = ADVANCED_FACE ( 'NONE', ( #1458 ), #993, .F. ) ;
#625 = AXIS2_PLACEMENT_3D ( 'NONE', #944, #1184, #1403 ) ;
#626 = ORIENTED_EDGE ( 'NONE', *, *, #1410, .F. ) ;
#627 = CARTESIAN_POINT ( 'NONE',  ( 731.7521058908328087, 901.5789446884142535, 1351.896637879382070 ) ) ;
#628 = FACE_OUTER_BOUND ( 'NONE', #1238, .T. ) ;
#629 = AXIS2_PLACEMENT_3D ( 'NONE', #370, #376, #123 ) ;
#630 = DIRECTION ( 'NONE',  ( 0.000000000000000000, -1.000000000000000000, 0.000000000000000000 ) ) ;
#631 = FACE_OUTER_BOUND ( 'NONE', #1373, .T. ) ;
#632 = DIRECTION ( 'NONE',  ( 0.9905638349724128489, 0.000000000000000000, 0.1370521391469192718 ) ) ;
#633 = ORIENTED_EDGE ( 'NONE', *, *, #1072, .T. ) ;
#634 = ADVANCED_FACE ( 'NONE', ( #1345 ), #643, .F. ) ;
#635 = DIRECTION ( 'NONE',  ( 0.1370521391469138317, 0.000000000000000000, -0.9905638349724136260 ) ) ;
#636 = CARTESIAN_POINT ( 'NONE',  ( 731.1198077686020724, 901.3936642932059158, 1351.039895708642916 ) ) ;
#637 = FACE_OUTER_BOUND ( 'NONE', #1391, .T. ) ;
#638 = CARTESIAN_POINT ( 'NONE',  ( 735.7878398409094416, 902.0819592881033486, 1351.685753914372754 ) ) ;
#639 = VERTEX_POINT ( 'NONE', #876 ) ;
#640 = LINE ( 'NONE', #775, #885 ) ;
#641 = ADVANCED_FACE ( 'NONE', ( #1230 ), #1000, .F. ) ;
#642 = AXIS2_PLACEMENT_3D ( 'NONE', #1046, #739, #66 ) ;
#643 = PLANE ( 'NONE',  #189 ) ;
#644 = ADVANCED_FACE ( 'NONE', ( #1340 ), #1124, .F. ) ;
#645 = DIRECTION ( 'NONE',  ( 0.1370521391469812500, 0.000000000000000000, -0.9905638349724041891 ) ) ;
#646 = CARTESIAN_POINT ( 'NONE',  ( 735.2332302251645615, 897.3194592881034168, 1326.736316471082546 ) ) ;
#647 = AXIS2_PLACEMENT_3D ( 'NONE', #1407, #62, #968 ) ;
#648 = PRODUCT ( 'Fin_0_AoA', 'Fin_0_AoA', '', ( #919 ) ) ;
#649 = VERTEX_POINT ( 'NONE', #1466 ) ;
#650 = DIRECTION ( 'NONE',  ( -0.000000000000000000, -1.000000000000000000, -0.000000000000000000 ) ) ;
#651 = CARTESIAN_POINT ( 'NONE',  ( 737.5991303193322892, 902.0819592881034623, 1326.054130924600031 ) ) ;
#652 = EDGE_CURVE ( 'NONE', #318, #1038, #883, .T. ) ;
#653 = CARTESIAN_POINT ( 'NONE',  ( 731.1089979813638138, 902.7458247832247480, 1351.118024983886016 ) ) ;
#654 = CARTESIAN_POINT ( 'NONE',  ( 748.9410417235907289, 906.8444592881033941, 1355.076170903244247 ) ) ;
#655 = ORIENTED_EDGE ( 'NONE', *, *, #284, .F. ) ;
#656 = CARTESIAN_POINT ( 'NONE',  ( 735.7878398409094416, 906.8444592881032804, 1351.685753914372754 ) ) ;
#657 = DIRECTION ( 'NONE',  ( -0.1370521391469132488, 0.000000000000000000, 0.9905638349724136260 ) ) ;
#658 = CARTESIAN_POINT ( 'NONE',  ( 734.4964983729037158, 897.3194592881034168, 1326.634383942592194 ) ) ;
#659 = EDGE_CURVE ( 'NONE', #1243, #780, #358, .T. ) ;
#660 = CARTESIAN_POINT ( 'NONE',  ( 735.1244450897166871, 906.8444592881033941, 1326.728826515092123 ) ) ;
#661 = EDGE_LOOP ( 'NONE', ( #569, #811, #581, #1253, #338, #106 ) ) ;
#662 = DIRECTION ( 'NONE',  ( -0.9905638349724128489, 0.000000000000000000, -0.1370521391469192718 ) ) ;
#663 = CARTESIAN_POINT ( 'NONE',  ( 734.5877406900921187, 901.6849184427231876, 1326.920128408182563 ) ) ;
#664 = VECTOR ( 'NONE', #1287, 1000.000000000000000 ) ;
#665 = LINE ( 'NONE', #1473, #600 ) ;
#666 = CARTESIAN_POINT ( 'NONE',  ( 690.8803735032330451, 906.8444592881033941, 1365.172076189226345 ) ) ;
#667 = EDGE_LOOP ( 'NONE', ( #264, #19, #754, #784, #1381, #680, #1139, #207 ) ) ;
#668 = EDGE_CURVE ( 'NONE', #408, #9, #297, .T. ) ;
#669 = CARTESIAN_POINT ( 'NONE',  ( 734.4889934932856477, 901.7217710535175001, 1327.028581399771156 ) ) ;
#670 = CIRCLE ( 'NONE', #787, 0.7937499999999264588 ) ;
#671 = DIRECTION ( 'NONE',  ( -0.9905638349724136260, 0.000000000000000000, -0.1370521391469141648 ) ) ;
#672 = ORIENTED_EDGE ( 'NONE', *, *, #378, .T. ) ;
#673 = DIRECTION ( 'NONE',  ( -0.9905638349724136260, 0.000000000000000000, -0.1370521391469141648 ) ) ;
#674 = VECTOR ( 'NONE', #813, 1000.000000000000000 ) ;
#675 = ORIENTED_EDGE ( 'NONE', *, *, #444, .F. ) ;
#676 = ADVANCED_FACE ( 'NONE', ( #303 ), #1009, .T. ) ;
#677 = VERTEX_POINT ( 'NONE', #987 ) ;
#678 = CARTESIAN_POINT ( 'NONE',  ( 673.7568512870910808, 901.6723471730292658, 1365.172076189226345 ) ) ;
#679 = CARTESIAN_POINT ( 'NONE',  ( 610.5229447007366161, 901.6047048514381004, 1276.272076189226254 ) ) ;
#680 = ORIENTED_EDGE ( 'NONE', *, *, #107, .T. ) ;
#681 = ORIENTED_EDGE ( 'NONE', *, *, #500, .T. ) ;
#682 = LINE ( 'NONE', #1134, #921 ) ;
#683 = SHAPE_DEFINITION_REPRESENTATION ( #312, #896 ) ;
#684 = EDGE_CURVE ( 'NONE', #170, #857, #80, .T. ) ;
#685 = DIRECTION ( 'NONE',  ( 0.1370521391469142758, 0.000000000000000000, -0.9905638349724135150 ) ) ;
#686 = DIRECTION ( 'NONE',  ( -1.000000000000000000, -0.000000000000000000, 9.130123557772679427E-17 ) ) ;
#687 = ORIENTED_EDGE ( 'NONE', *, *, #247, .F. ) ;
#688 = CARTESIAN_POINT ( 'NONE',  ( 703.2881345792541197, 902.5592137247688242, 1406.143342019150623 ) ) ;
#689 = EDGE_LOOP ( 'NONE', ( #774, #893, #467, #484, #13 ) ) ;
#690 = FACE_OUTER_BOUND ( 'NONE', #476, .T. ) ;
#691 = AXIS2_PLACEMENT_3D ( 'NONE', #38, #493, #1319 ) ;
#692 = ORIENTED_EDGE ( 'NONE', *, *, #1430, .T. ) ;
#693 = AXIS2_PLACEMENT_3D ( 'NONE', #842, #1077, #269 ) ;
#694 = EDGE_CURVE ( 'NONE', #178, #1020, #421, .T. ) ;
#695 = CARTESIAN_POINT ( 'NONE',  ( 753.4259963728275125, 897.3194592881034168, 1328.452114542374147 ) ) ;
#696 = CARTESIAN_POINT ( 'NONE',  ( 777.5247409312316904, 906.0824592881032231, 1333.356931698978769 ) ) ;
#697 = VERTEX_POINT ( 'NONE', #566 ) ;
#698 = FACE_OUTER_BOUND ( 'NONE', #16, .T. ) ;
#699 = EDGE_LOOP ( 'NONE', ( #633, #218 ) ) ;
#700 = DIRECTION ( 'NONE',  ( -0.9905638349724249503, 0.000000000000000000, -0.1370521391468316474 ) ) ;
#701 = B_SPLINE_CURVE_WITH_KNOTS ( 'NONE', 3,
 ( #382, #826, #174, #181, #1423, #833, #165, #750 ),
 .UNSPECIFIED., .F., .F.,
 ( 4, 2, 2, 4 ),
 ( -1.705415120819683876E-05, 0.0004755984315037656979, 0.0007219247228596588307, 0.0009682510142155519636 ),
 .UNSPECIFIED. ) ;
#702 = APPLICATION_PROTOCOL_DEFINITION ( 'draft international standard', 'automotive_design', 1998, #1083 ) ;
#703 = ORIENTED_EDGE ( 'NONE', *, *, #237, .T. ) ;
#704 = ORIENTED_EDGE ( 'NONE', *, *, #607, .T. ) ;
#705 = B_SPLINE_CURVE_WITH_KNOTS ( 'NONE', 3,
 ( #1273, #1037, #246, #597, #499, #1063 ),
 .UNSPECIFIED., .F., .F.,
 ( 4, 2, 4 ),
 ( 2.608225645983799410E-05, 0.0004637621707920009805, 0.0009014420851241640312 ),
 .UNSPECIFIED. ) ;
#706 = ORIENTED_EDGE ( 'NONE', *, *, #1163, .T. ) ;
#707 = FACE_OUTER_BOUND ( 'NONE', #184, .T. ) ;
#708 =( NAMED_UNIT ( * ) SI_UNIT ( $, .STERADIAN. ) SOLID_ANGLE_UNIT ( ) );
#709 = ORIENTED_EDGE ( 'NONE', *, *, #444, .T. ) ;
#710 = CARTESIAN_POINT ( 'NONE',  ( 749.0498268590386033, 897.3194592881034168, 1354.289910859234851 ) ) ;
#711 = ORIENTED_EDGE ( 'NONE', *, *, #177, .F. ) ;
#712 = EDGE_CURVE ( 'NONE', #1301, #1383, #1405, .T. ) ;
#713 = CARTESIAN_POINT ( 'NONE',  ( 608.6455067411483242, 902.0819592881034623, 1276.272076189226254 ) ) ;
#714 = CARTESIAN_POINT ( 'NONE',  ( 734.4257127812672934, 902.3791980320625044, 1327.145996877260814 ) ) ;
#715 = ORIENTED_EDGE ( 'NONE', *, *, #1304, .T. ) ;
#716 = CARTESIAN_POINT ( 'NONE',  ( 608.6455067411483242, 897.3194592881034168, 1276.272076189226254 ) ) ;
#717 = ORIENTED_EDGE ( 'NONE', *, *, #321, .F. ) ;
#718 = CARTESIAN_POINT ( 'NONE',  ( 748.3455067411481423, 906.8444592881033941, 1365.172076189226345 ) ) ;
#719 = AXIS2_PLACEMENT_3D ( 'NONE', #752, #843, #1200 ) ;
#720 = ORIENTED_EDGE ( 'NONE', *, *, #284, .T. ) ;
#721 = CYLINDRICAL_SURFACE ( 'NONE', #219, 4.762500000000009948 ) ;
#722 = EDGE_CURVE ( 'NONE', #455, #1154, #341, .T. ) ;
#723 = DIRECTION ( 'NONE',  ( 0.9905638349724136260, 0.000000000000000000, 0.1370521391469132488 ) ) ;
#724 = EDGE_LOOP ( 'NONE', ( #116, #720, #687, #1353 ) ) ;
#725 = DIRECTION ( 'NONE',  ( -0.1370521391469141648, 0.000000000000000000, 0.9905638349724136260 ) ) ;
#726 = VERTEX_POINT ( 'NONE', #802 ) ;
#727 = CARTESIAN_POINT ( 'NONE',  ( 731.1023002139028222, 901.7497124933994428, 1351.355492886860930 ) ) ;
#728 = EDGE_LOOP ( 'NONE', ( #155, #997, #1251, #908, #147 ) ) ;
#729 = LINE ( 'NONE', #713, #815 ) ;
#730 = CIRCLE ( 'NONE', #278, 4.000500000000038803 ) ;
#731 = CARTESIAN_POINT ( 'NONE',  ( 735.6180026493874493, 902.0819592881034623, 1325.780026646306169 ) ) ;
#732 =( BOUNDED_CURVE ( )  B_SPLINE_CURVE ( 3, ( #1346, #1114, #678, #326 ),
 .UNSPECIFIED., .F., .F. ) 
 B_SPLINE_CURVE_WITH_KNOTS ( ( 4, 4 ),
 ( 0.000000000000000000, 1.268008348124325835 ),
 .UNSPECIFIED. ) 
 CURVE ( )  GEOMETRIC_REPRESENTATION_ITEM ( )  RATIONAL_B_SPLINE_CURVE ( ( 1.000000000000000000, 0.8704413324986403078, 0.8704413324986403078, 1.000000000000000000 ) ) 
 REPRESENTATION_ITEM ( '' )  );
#733 = EDGE_CURVE ( 'NONE', #490, #1283, #1280, .T. ) ;
#734 = FACE_BOUND ( 'NONE', #92, .T. ) ;
#735 = LINE ( 'NONE', #1293, #410 ) ;
#736 = CARTESIAN_POINT ( 'NONE',  ( 674.0229447007366161, 902.5592137247688242, 1365.172076189226345 ) ) ;
#737 = ORIENTED_EDGE ( 'NONE', *, *, #453, .T. ) ;
#738 = TOROIDAL_SURFACE ( 'NONE', #999, 4.000500000000000611, 0.7620000000000000107 ) ;
#739 = DIRECTION ( 'NONE',  ( -0.5812381937190961301, 0.000000000000000000, -0.8137334712067352260 ) ) ;
#740 = CARTESIAN_POINT ( 'NONE',  ( 731.1198077686020724, 902.7702542830007815, 1351.039895708642916 ) ) ;
#741 = LINE ( 'NONE', #1070, #34 ) ;
#742 = ADVANCED_FACE ( 'NONE', ( #230 ), #738, .T. ) ;
#743 = CARTESIAN_POINT ( 'NONE',  ( 733.6265086575247096, 902.0819592881033486, 1354.766819195713879 ) ) ;
#744 = AXIS2_PLACEMENT_3D ( 'NONE', #1036, #351, #804 ) ;
#745 = CARTESIAN_POINT ( 'NONE',  ( 749.9405206330777673, 898.0814592881033604, 1353.643886352434265 ) ) ;
#746 = CIRCLE ( 'NONE', #59, 0.9999999999999994449 ) ;
#747 = VERTEX_POINT ( 'NONE', #926 ) ;
#748 = CARTESIAN_POINT ( 'NONE',  ( 732.9903900108812422, 902.0819592881033486, 1352.067964028724873 ) ) ;
#749 = BREP_WITH_VOIDS ( 'NONE', #436, ( #1185 ) );
#750 = CARTESIAN_POINT ( 'NONE',  ( 731.0861596302078169, 902.3791980320680750, 1351.283092416224690 ) ) ;
#751 = VECTOR ( 'NONE', #492, 1000.000000000000000 ) ;
#752 = CARTESIAN_POINT ( 'NONE',  ( 752.6397363288181168, 897.3194592881034168, 1328.343329406926159 ) ) ;
#753 = DIRECTION ( 'NONE',  ( -0.1370521391469141925, -0.000000000000000000, 0.9905638349724136260 ) ) ;
#754 = ORIENTED_EDGE ( 'NONE', *, *, #578, .F. ) ;
#755 = DIRECTION ( 'NONE',  ( 0.000000000000000000, 0.000000000000000000, 1.000000000000000000 ) ) ;
#756 = ADVANCED_FACE ( 'NONE', ( #690 ), #559, .F. ) ;
#757 = CARTESIAN_POINT ( 'NONE',  ( 735.1244450897166871, 902.5736769493100837, 1326.728826515092123 ) ) ;
#758 = DIRECTION ( 'NONE',  ( -0.9691759639880594968, -0.2463695411933372881, -0.000000000000000000 ) ) ;
#759 = DIRECTION ( 'NONE',  ( 0.1370521391469132488, 0.000000000000000000, -0.9905638349724137370 ) ) ;
#760 = ORIENTED_EDGE ( 'NONE', *, *, #142, .F. ) ;
#761 = CARTESIAN_POINT ( 'NONE',  ( 734.4257127812680892, 901.7847205441433971, 1327.145996877259222 ) ) ;
#762 = VECTOR ( 'NONE', #195, 1000.000000000000114 ) ;
#763 = EDGE_CURVE ( 'NONE', #383, #39, #1361, .T. ) ;
#764 = CARTESIAN_POINT ( 'NONE',  ( 748.3455067411481423, 906.8444592881033941, 1365.172076189226345 ) ) ;
#765 = CARTESIAN_POINT ( 'NONE',  ( 753.2127775073495286, 898.0814592881033604, 1329.993184228633027 ) ) ;
#766 = AXIS2_PLACEMENT_3D ( 'NONE', #658, #671, #550 ) ;
#767 = DIRECTION ( 'NONE',  ( 0.000000000000000000, 0.000000000000000000, 1.000000000000000000 ) ) ;
#768 = VERTEX_POINT ( 'NONE', #1384 ) ;
#769 = CARTESIAN_POINT ( 'NONE',  ( 731.0861596302077032, 901.7847205441386222, 1351.283092416224463 ) ) ;
#770 = DIRECTION ( 'NONE',  ( 0.2426410909116986647, -0.9545088733307246498, -0.1733150649369274432 ) ) ;
#771 = AXIS2_PLACEMENT_3D ( 'NONE', #390, #1302, #275 ) ;
#772 = CARTESIAN_POINT ( 'NONE',  ( 734.4257127812680892, 897.3194592881034168, 1327.145996877259222 ) ) ;
#773 = CARTESIAN_POINT ( 'NONE',  ( 752.5309511933702424, 897.3194592881034168, 1329.129589450935555 ) ) ;
#774 = ORIENTED_EDGE ( 'NONE', *, *, #1376, .F. ) ;
#775 = CARTESIAN_POINT ( 'NONE',  ( 694.2849617871152077, 896.4539953428352419, 1365.172076189226345 ) ) ;
#776 = CARTESIAN_POINT ( 'NONE',  ( 748.3455067411481423, 897.3194592881034168, 1365.172076189226345 ) ) ;
#777 = CYLINDRICAL_SURFACE ( 'NONE', #1138, 0.7619999999999713669 ) ;
#778 = EDGE_CURVE ( 'NONE', #383, #170, #682, .T. ) ;
#779 = CARTESIAN_POINT ( 'NONE',  ( 748.3455067411481423, 897.3194592881034168, 1365.172076189226345 ) ) ;
#780 = VERTEX_POINT ( 'NONE', #236 ) ;
#781 = CARTESIAN_POINT ( 'NONE',  ( 738.7941859106655329, 906.8444592881032804, 1329.956959963046756 ) ) ;
#782 = FACE_OUTER_BOUND ( 'NONE', #785, .T. ) ;
#783 = EDGE_CURVE ( 'NONE', #1315, #1442, #572, .T. ) ;
#784 = ORIENTED_EDGE ( 'NONE', *, *, #1376, .T. ) ;
#785 = EDGE_LOOP ( 'NONE', ( #952, #1377, #1322, #808 ) ) ;
#786 = DIRECTION ( 'NONE',  ( 0.9905638349724136260, 0.000000000000000000, 0.1370521391469132488 ) ) ;
#787 = AXIS2_PLACEMENT_3D ( 'NONE', #523, #1194, #767 ) ;
#788 = VECTOR ( 'NONE', #293, 1000.000000000000114 ) ;
#789 = CARTESIAN_POINT ( 'NONE',  ( 731.0911350596804823, 902.5396881516752501, 1351.247131791822767 ) ) ;
#790 = FACE_OUTER_BOUND ( 'NONE', #345, .T. ) ;
#791 = VERTEX_POINT ( 'NONE', #809 ) ;
#792 = ADVANCED_FACE ( 'NONE', ( #707 ), #27, .F. ) ;
#793 = ORIENTED_EDGE ( 'NONE', *, *, #939, .T. ) ;
#794 = ADVANCED_FACE ( 'NONE', ( #1141 ), #582, .F. ) ;
#795 =( LENGTH_UNIT ( ) NAMED_UNIT ( * ) SI_UNIT ( .MILLI., .METRE. ) );
#796 = PLANE ( 'NONE',  #555 ) ;
#797 = CARTESIAN_POINT ( 'NONE',  ( 752.6397363288181168, 897.3194592881034168, 1328.343329406926159 ) ) ;
#798 = CIRCLE ( 'NONE', #543, 0.7937499999999264588 ) ;
#799 = ORIENTED_EDGE ( 'NONE', *, *, #1008, .T. ) ;
#800 = CARTESIAN_POINT ( 'NONE',  ( 749.8360869030477716, 906.0824592881032231, 1354.398695994683294 ) ) ;
#801 = ORIENTED_EDGE ( 'NONE', *, *, #1430, .F. ) ;
#802 = CARTESIAN_POINT ( 'NONE',  ( 627.3803735032331588, 897.3194592881034168, 1276.272076189226254 ) ) ;
#803 = EDGE_CURVE ( 'NONE', #249, #152, #1374, .T. ) ;
#804 = DIRECTION ( 'NONE',  ( 0.000000000000000000, -0.000000000000000000, -1.000000000000000000 ) ) ;
#805 = DIRECTION ( 'NONE',  ( 0.000000000000000000, 0.000000000000000000, -1.000000000000000000 ) ) ;
#806 = VERTEX_POINT ( 'NONE', #1174 ) ;
#807 = DIRECTION ( 'NONE',  ( -0.9905638349724137370, 0.000000000000000000, -0.1370521391469130823 ) ) ;
#808 = ORIENTED_EDGE ( 'NONE', *, *, #1320, .F. ) ;
#809 = CARTESIAN_POINT ( 'NONE',  ( 731.7521058908328087, 906.8444592881033941, 1351.896637879382070 ) ) ;
#810 = PRODUCT_DEFINITION ( 'UNKNOWN', '', #994, #1325 ) ;
#811 = ORIENTED_EDGE ( 'NONE', *, *, #1422, .F. ) ;
#812 = VECTOR ( 'NONE', #1074, 1000.000000000000114 ) ;
#813 = DIRECTION ( 'NONE',  ( 0.1370521391469130823, -0.000000000000000000, -0.9905638349724137370 ) ) ;
#814 = VERTEX_POINT ( 'NONE', #594 ) ;
#815 = VECTOR ( 'NONE', #171, 1000.000000000000114 ) ;
#816 = DIRECTION ( 'NONE',  ( -0.1370521391469134709, 0.000000000000000000, 0.9905638349724136260 ) ) ;
#817 = AXIS2_PLACEMENT_3D ( 'NONE', #194, #635, #1092 ) ;
#818 = ORIENTED_EDGE ( 'NONE', *, *, #733, .F. ) ;
#819 = CARTESIAN_POINT ( 'NONE',  ( 610.2568512870913082, 902.4915714031778862, 1276.272076189226482 ) ) ;
#820 = ORIENTED_EDGE ( 'NONE', *, *, #1313, .F. ) ;
#821 = DIRECTION ( 'NONE',  ( -1.000000000000000000, -0.000000000000000000, 9.130123557772679427E-17 ) ) ;
#822 = ADVANCED_FACE ( 'NONE', ( #1394 ), #289, .T. ) ;
#823 = PLANE ( 'NONE',  #647 ) ;
#824 = EDGE_LOOP ( 'NONE', ( #837, #120, #137, #1246, #692, #1073, #711 ) ) ;
#825 = CARTESIAN_POINT ( 'NONE',  ( 753.2127775073495286, 897.3194592881033032, 1329.993184228633027 ) ) ;
#826 = CARTESIAN_POINT ( 'NONE',  ( 731.5902109719420423, 902.5688881423484418, 1351.874238469907141 ) ) ;
#827 = VERTEX_POINT ( 'NONE', #825 ) ;
#828 = DIRECTION ( 'NONE',  ( 0.000000000000000000, -1.000000000000000000, 0.000000000000000000 ) ) ;
#829 = VECTOR ( 'NONE', #188, 1000.000000000000114 ) ;
#830 = ADVANCED_FACE ( 'NONE', ( #58 ), #1155, .T. ) ;
#831 = ORIENTED_EDGE ( 'NONE', *, *, #177, .T. ) ;
#832 = CARTESIAN_POINT ( 'NONE',  ( 734.4257127812672934, 902.3791980320625044, 1327.145996877260814 ) ) ;
#833 = CARTESIAN_POINT ( 'NONE',  ( 731.1301474534602676, 902.4411713048938282, 1351.430256598659071 ) ) ;
#834 = EDGE_LOOP ( 'NONE', ( #565, #472, #377, #243, #71 ) ) ;
#835 = CARTESIAN_POINT ( 'NONE',  ( 735.7878398409094416, 897.3194592881033032, 1351.685753914372754 ) ) ;
#836 = AXIS2_PLACEMENT_3D ( 'NONE', #580, #807, #127 ) ;
#837 = ORIENTED_EDGE ( 'NONE', *, *, #884, .F. ) ;
#838 = VECTOR ( 'NONE', #539, 1000.000000000000114 ) ;
#839 = ORIENTED_EDGE ( 'NONE', *, *, #972, .F. ) ;
#840 = CARTESIAN_POINT ( 'NONE',  ( 735.2332302251645615, 902.5849738877928985, 1326.736316471083001 ) ) ;
#841 = EDGE_CURVE ( 'NONE', #368, #490, #1309, .T. ) ;
#842 = CARTESIAN_POINT ( 'NONE',  ( 777.2588301267159068, 897.3194592881033032, 1335.278839871454238 ) ) ;
#843 = DIRECTION ( 'NONE',  ( -0.000000000000000000, -1.000000000000000000, -0.000000000000000000 ) ) ;
#844 = ORIENTED_EDGE ( 'NONE', *, *, #778, .T. ) ;
#845 = ORIENTED_EDGE ( 'NONE', *, *, #964, .F. ) ;
#846 = CARTESIAN_POINT ( 'NONE',  ( 735.1244450897166871, 902.5736769493100837, 1326.728826515092123 ) ) ;
#847 = EDGE_CURVE ( 'NONE', #394, #1264, #990, .T. ) ;
#848 = CYLINDRICAL_SURFACE ( 'NONE', #905, 0.7619999999999713669 ) ;
#849 = FACE_OUTER_BOUND ( 'NONE', #20, .T. ) ;
#850 = VERTEX_POINT ( 'NONE', #1190 ) ;
#851 = DIRECTION ( 'NONE',  ( -0.9905638349724136260, 0.000000000000000000, -0.1370521391469132211 ) ) ;
#852 = CARTESIAN_POINT ( 'NONE',  ( 739.1645304452110850, 902.0819592881033486, 1327.280242148322259 ) ) ;
#853 = LINE ( 'NONE', #835, #1105 ) ;
#854 = ADVANCED_FACE ( 'NONE', ( #164 ), #28, .T. ) ;
#855 = FACE_OUTER_BOUND ( 'NONE', #1091, .T. ) ;
#856 = VECTOR ( 'NONE', #892, 1000.000000000000000 ) ;
#857 = VERTEX_POINT ( 'NONE', #282 ) ;
#858 = AXIS2_PLACEMENT_3D ( 'NONE', #1468, #1446, #114 ) ;
#859 = CIRCLE ( 'NONE', #83, 0.7619999999999713669 ) ;
#860 = LINE ( 'NONE', #1151, #416 ) ;
#861 = DIRECTION ( 'NONE',  ( 0.9691759639880594968, 0.2463695411933372881, 0.000000000000000000 ) ) ;
#862 = CIRCLE ( 'NONE', #604, 4.762500000000009948 ) ;
#863 = DIRECTION ( 'NONE',  ( 0.1370521391469141648, 0.000000000000000000, -0.9905638349724136260 ) ) ;
#864 = CARTESIAN_POINT ( 'NONE',  ( 695.7156193215250823, 902.0819592881034623, 1398.170233801753966 ) ) ;
#865 = EDGE_CURVE ( 'NONE', #589, #697, #609, .T. ) ;
#866 = ORIENTED_EDGE ( 'NONE', *, *, #536, .F. ) ;
#867 = CARTESIAN_POINT ( 'NONE',  ( 734.4028725373100315, 901.4180827095019595, 1327.311077990095328 ) ) ;
#868 = CARTESIAN_POINT ( 'NONE',  ( 752.5309511933702424, 897.3194592881034168, 1329.129589450935555 ) ) ;
#869 = VECTOR ( 'NONE', #686, 1000.000000000000000 ) ;
#870 = CARTESIAN_POINT ( 'NONE',  ( 739.1645304452110850, 898.0814592881033604, 1327.280242148322259 ) ) ;
#871 = LINE ( 'NONE', #1328, #1413 ) ;
#872 = VERTEX_POINT ( 'NONE', #373 ) ;
#873 = EDGE_CURVE ( 'NONE', #1285, #1041, #3, .T. ) ;
#874 = CARTESIAN_POINT ( 'NONE',  ( 734.4964983729037158, 906.8444592881033941, 1326.634383942592194 ) ) ;
#875 = AXIS2_PLACEMENT_3D ( 'NONE', #465, #911, #1262 ) ;
#876 = CARTESIAN_POINT ( 'NONE',  ( 749.9405206330777673, 906.8444592881032804, 1353.643886352434265 ) ) ;
#877 = DIRECTION ( 'NONE',  ( -0.1370521391469141370, 0.000000000000000000, 0.9905638349724135150 ) ) ;
#878 = CARTESIAN_POINT ( 'NONE',  ( 753.4259963728275125, 906.8444592881033941, 1328.452114542373920 ) ) ;
#879 = CIRCLE ( 'NONE', #459, 0.7619999999999713669 ) ;
#880 = ORIENTED_EDGE ( 'NONE', *, *, #1060, .F. ) ;
#881 = DIRECTION ( 'NONE',  ( 0.1370521391469138317, -0.000000000000000000, -0.9905638349724136260 ) ) ;
#882 = VECTOR ( 'NONE', #505, 1000.000000000000000 ) ;
#883 = LINE ( 'NONE', #776, #948 ) ;
#884 = EDGE_CURVE ( 'NONE', #394, #201, #1421, .T. ) ;
#885 = VECTOR ( 'NONE', #296, 1000.000000000000227 ) ;
#886 = DIRECTION ( 'NONE',  ( 0.9905638349724128489, 0.000000000000000000, 0.1370521391469192718 ) ) ;
#887 = DIRECTION ( 'NONE',  ( 0.000000000000000000, 0.000000000000000000, -1.000000000000000000 ) ) ;
#888 = ORIENTED_EDGE ( 'NONE', *, *, #694, .F. ) ;
#889 = CARTESIAN_POINT ( 'NONE',  ( 752.5309511933701287, 898.0814592881033604, 1329.129589450935782 ) ) ;
#890 = DIRECTION ( 'NONE',  ( 0.000000000000000000, 0.000000000000000000, 1.000000000000000000 ) ) ;
#891 = EDGE_CURVE ( 'NONE', #991, #726, #729, .T. ) ;
#892 = DIRECTION ( 'NONE',  ( -0.000000000000000000, 1.000000000000000000, -0.000000000000000000 ) ) ;
#893 = ORIENTED_EDGE ( 'NONE', *, *, #1304, .F. ) ;
#894 = CARTESIAN_POINT ( 'NONE',  ( 731.0861596302078169, 902.3791980320680750, 1351.283092416224690 ) ) ;
#895 = VERTEX_POINT ( 'NONE', #627 ) ;
#896 = ADVANCED_BREP_SHAPE_REPRESENTATION ( 'Fin_0_AoA', ( #749, #159 ), #931 ) ;
#897 = ADVANCED_FACE ( 'NONE', ( #495 ), #1412, .F. ) ;
#898 = DIRECTION ( 'NONE',  ( 0.9905638349724136260, 0.000000000000000000, 0.1370521391469132211 ) ) ;
#899 = ADVANCED_FACE ( 'NONE', ( #257 ), #402, .T. ) ;
#900 = ORIENTED_EDGE ( 'NONE', *, *, #536, .T. ) ;
#901 = DIRECTION ( 'NONE',  ( 0.000000000000000000, -1.000000000000000000, -0.000000000000000000 ) ) ;
#902 = VERTEX_POINT ( 'NONE', #1058 ) ;
#903 = PRESENTATION_STYLE_ASSIGNMENT (( #223 ) ) ;
#904 = AXIS2_PLACEMENT_3D ( 'NONE', #989, #439, #887 ) ;
#905 = AXIS2_PLACEMENT_3D ( 'NONE', #182, #1100, #645 ) ;
#906 = AXIS2_PLACEMENT_3D ( 'NONE', #186, #1464, #755 ) ;
#907 = CARTESIAN_POINT ( 'NONE',  ( 749.8360869030477716, 898.0814592881033604, 1354.398695994683294 ) ) ;
#908 = ORIENTED_EDGE ( 'NONE', *, *, #1286, .F. ) ;
#909 = EDGE_CURVE ( 'NONE', #9, #451, #943, .T. ) ;
#910 = ORIENTED_EDGE ( 'NONE', *, *, #1072, .F. ) ;
#911 = DIRECTION ( 'NONE',  ( 0.1370521391469138039, -0.000000000000000000, -0.9905638349724135150 ) ) ;
#912 = EDGE_LOOP ( 'NONE', ( #1270, #1411, #820, #1261, #128 ) ) ;
#913 = LINE ( 'NONE', #1127, #311 ) ;
#914 = CARTESIAN_POINT ( 'NONE',  ( 753.2127775073495286, 897.3194592881033032, 1329.993184228633027 ) ) ;
#915 = ORIENTED_EDGE ( 'NONE', *, *, #652, .T. ) ;
#916 = CARTESIAN_POINT ( 'NONE',  ( 749.0498268590386033, 906.8444592881033941, 1354.289910859234851 ) ) ;
#917 = EDGE_LOOP ( 'NONE', ( #844, #706, #353, #506 ) ) ;
#918 = DIRECTION ( 'NONE',  ( -1.000000000000000000, 0.000000000000000000, -0.000000000000000000 ) ) ;
#919 = PRODUCT_CONTEXT ( 'NONE', #1003, 'mechanical' ) ;
#920 = ORIENTED_EDGE ( 'NONE', *, *, #1062, .T. ) ;
#921 = VECTOR ( 'NONE', #244, 1000.000000000000114 ) ;
#922 = FACE_OUTER_BOUND ( 'NONE', #1156, .T. ) ;
#923 = DIRECTION ( 'NONE',  ( -0.000000000000000000, -1.000000000000000000, -0.000000000000000000 ) ) ;
#924 = EDGE_LOOP ( 'NONE', ( #1152, #498, #709, #1026, #226, #1427 ) ) ;
#925 = VERTEX_POINT ( 'NONE', #832 ) ;
#926 = CARTESIAN_POINT ( 'NONE',  ( 753.2127775073495286, 906.8444592881032804, 1329.993184228633027 ) ) ;
#927 = CIRCLE ( 'NONE', #146, 0.7619999999999713669 ) ;
#928 = ORIENTED_EDGE ( 'NONE', *, *, #491, .F. ) ;
#929 = ADVANCED_FACE ( 'NONE', ( #953 ), #721, .T. ) ;
#930 = AXIS2_PLACEMENT_3D ( 'NONE', #1019, #816, #31 ) ;
#931 =( GEOMETRIC_REPRESENTATION_CONTEXT ( 3 ) GLOBAL_UNCERTAINTY_ASSIGNED_CONTEXT ( ( #420 ) ) GLOBAL_UNIT_ASSIGNED_CONTEXT ( ( #259, #1387, #708 ) ) REPRESENTATION_CONTEXT ( 'NONE', 'WORKASPACE' ) );
#932 = CARTESIAN_POINT ( 'NONE',  ( 749.7273017676000109, 906.8444592881033941, 1355.184956038692235 ) ) ;
#933 = ORIENTED_EDGE ( 'NONE', *, *, #578, .T. ) ;
#934 = VECTOR ( 'NONE', #475, 1000.000000000000000 ) ;
#935 = ORIENTED_EDGE ( 'NONE', *, *, #733, .T. ) ;
#936 = CARTESIAN_POINT ( 'NONE',  ( 652.8444705303737692, 906.8444592881033941, 1398.775686282835977 ) ) ;
#937 = CARTESIAN_POINT ( 'NONE',  ( 734.3920646428737200, 902.7702542830008952, 1327.389193584841678 ) ) ;
#938 = ORIENTED_EDGE ( 'NONE', *, *, #65, .F. ) ;
#939 = EDGE_CURVE ( 'NONE', #368, #895, #1117, .T. ) ;
#940 = FACE_OUTER_BOUND ( 'NONE', #960, .T. ) ;
#941 = VERTEX_POINT ( 'NONE', #72 ) ;
#942 = ORIENTED_EDGE ( 'NONE', *, *, #545, .T. ) ;
#943 = LINE ( 'NONE', #40, #129 ) ;
#944 = CARTESIAN_POINT ( 'NONE',  ( 749.9405206330777673, 898.0814592881033604, 1353.643886352434265 ) ) ;
#945 = VERTEX_POINT ( 'NONE', #656 ) ;
#946 = CARTESIAN_POINT ( 'NONE',  ( 690.8803735032330451, 897.3194592881034168, 1365.172076189226345 ) ) ;
#947 = EDGE_CURVE ( 'NONE', #941, #1103, #1053, .T. ) ;
#948 = VECTOR ( 'NONE', #203, 1000.000000000000114 ) ;
#949 = FACE_OUTER_BOUND ( 'NONE', #593, .T. ) ;
#950 = CARTESIAN_POINT ( 'NONE',  ( 731.7521058908328087, 901.5789446884142535, 1351.896637879382070 ) ) ;
#951 = EDGE_CURVE ( 'NONE', #118, #791, #93, .T. ) ;
#952 = ORIENTED_EDGE ( 'NONE', *, *, #951, .F. ) ;
#953 = FACE_OUTER_BOUND ( 'NONE', #26, .T. ) ;
#954 = AXIS2_PLACEMENT_3D ( 'NONE', #102, #1231, #215 ) ;
#955 = CARTESIAN_POINT ( 'NONE',  ( 734.4236685190925300, 902.4598433550124810, 1327.160772072982354 ) ) ;
#956 = ORIENTED_EDGE ( 'NONE', *, *, #873, .T. ) ;
#957 = AXIS2_PLACEMENT_3D ( 'NONE', #294, #216, #210 ) ;
#958 = LINE ( 'NONE', #522, #423 ) ;
#959 = AXIS2_PLACEMENT_3D ( 'NONE', #852, #1059, #1191 ) ;
#960 = EDGE_LOOP ( 'NONE', ( #938, #1069, #1122, #552 ) ) ;
#961 = CARTESIAN_POINT ( 'NONE',  ( 733.9809538458537190, 902.0819592881033486, 1352.205016167871918 ) ) ;
#962 = VECTOR ( 'NONE', #1316, 1000.000000000000000 ) ;
#963 = ORIENTED_EDGE ( 'NONE', *, *, #491, .T. ) ;
#964 = EDGE_CURVE ( 'NONE', #791, #393, #302, .T. ) ;
#965 = CARTESIAN_POINT ( 'NONE',  ( 735.1607438618082142, 902.5776722974179620, 1326.728826515091896 ) ) ;
#966 = CARTESIAN_POINT ( 'NONE',  ( 734.3977308780476960, 902.7702542830010088, 1327.348240063951607 ) ) ;
#967 = CARTESIAN_POINT ( 'NONE',  ( 739.1645304452110850, 898.0814592881033604, 1327.280242148322259 ) ) ;
#968 = DIRECTION ( 'NONE',  ( 0.000000000000000000, -0.000000000000000000, 1.000000000000000000 ) ) ;
#969 = CARTESIAN_POINT ( 'NONE',  ( 752.5309511933701287, 906.0824592881032231, 1329.129589450936010 ) ) ;
#970 = ORIENTED_EDGE ( 'NONE', *, *, #684, .T. ) ;
#971 = CARTESIAN_POINT ( 'NONE',  ( 673.5917116788810972, 902.3088080091589518, 1365.172076189226345 ) ) ;
#972 = EDGE_CURVE ( 'NONE', #780, #1075, #287, .T. ) ;
#973 = LINE ( 'NONE', #1068, #882 ) ;
#974 = CARTESIAN_POINT ( 'NONE',  ( 731.1198077686020724, 901.3936642932059158, 1351.039895708642916 ) ) ;
#975 = DIRECTION ( 'NONE',  ( -0.1370521391469812500, 0.000000000000000000, 0.9905638349724041891 ) ) ;
#976 = ORIENTED_EDGE ( 'NONE', *, *, #712, .F. ) ;
#977 = CARTESIAN_POINT ( 'NONE',  ( 734.4236682200513542, 901.7040634241616317, 1327.160774234346263 ) ) ;
#978 = DIRECTION ( 'NONE',  ( 9.130123557772679427E-17, -0.000000000000000000, 1.000000000000000000 ) ) ;
#979 = EDGE_CURVE ( 'NONE', #1285, #1383, #1106, .T. ) ;
#980 = CARTESIAN_POINT ( 'NONE',  ( 737.0920374044885648, 902.0819592881033486, 1329.719217113998411 ) ) ;
#981 = FACE_OUTER_BOUND ( 'NONE', #401, .T. ) ;
#982 = VECTOR ( 'NONE', #685, 1000.000000000000114 ) ;
#983 = ORIENTED_EDGE ( 'NONE', *, *, #149, .T. ) ;
#984 = AXIS2_PLACEMENT_3D ( 'NONE', #1088, #1431, #1416 ) ;
#985 = LINE ( 'NONE', #1323, #1056 ) ;
#986 = AXIS2_PLACEMENT_3D ( 'NONE', #1444, #79, #409 ) ;
#987 = CARTESIAN_POINT ( 'NONE',  ( 749.0498268590384896, 898.0814592881033604, 1354.289910859235533 ) ) ;
#988 = CARTESIAN_POINT ( 'NONE',  ( 777.5247409312316904, 906.8444592881032804, 1333.356931698978769 ) ) ;
#989 = CARTESIAN_POINT ( 'NONE',  ( 731.8608910262806830, 897.3194592881034168, 1351.110377835372674 ) ) ;
#990 =( BOUNDED_CURVE ( )  B_SPLINE_CURVE ( 3, ( #613, #265, #971, #1402 ),
 .UNSPECIFIED., .F., .F. ) 
 B_SPLINE_CURVE_WITH_KNOTS ( ( 4, 4 ),
 ( 5.015176959055260397, 6.283185307179586232 ),
 .UNSPECIFIED. ) 
 CURVE ( )  GEOMETRIC_REPRESENTATION_ITEM ( )  RATIONAL_B_SPLINE_CURVE ( ( 1.000000000000000000, 0.8704413324986403078, 0.8704413324986403078, 1.000000000000000000 ) ) 
 REPRESENTATION_ITEM ( '' )  );
#991 = VERTEX_POINT ( 'NONE', #1339 ) ;
#992 = DIRECTION ( 'NONE',  ( -0.1370521391469141370, 0.000000000000000000, 0.9905638349724135150 ) ) ;
#993 = CYLINDRICAL_SURFACE ( 'NONE', #404, 2.000000000000029310 ) ;
#994 = PRODUCT_DEFINITION_FORMATION_WITH_SPECIFIED_SOURCE ( 'ANY', '', #648, .NOT_KNOWN. ) ;
#995 = DIRECTION ( 'NONE',  ( 1.000000000000000000, 0.000000000000000000, 0.000000000000000000 ) ) ;
#996 = DIRECTION ( 'NONE',  ( 0.000000000000000000, 0.000000000000000000, 1.000000000000000000 ) ) ;
#997 = ORIENTED_EDGE ( 'NONE', *, *, #1324, .F. ) ;
#998 = DIRECTION ( 'NONE',  ( -0.9905638349724137370, 0.000000000000000000, -0.1370521391469125272 ) ) ;
#999 = AXIS2_PLACEMENT_3D ( 'NONE', #1471, #333, #786 ) ;
#1000 = PLANE ( 'NONE',  #503 ) ;
#1001 = CARTESIAN_POINT ( 'NONE',  ( 774.2524840569599291, 906.0824592881032231, 1357.007633822780008 ) ) ;
#1002 = DIRECTION ( 'NONE',  ( -0.9691759639880593857, 0.2463695411933376767, 0.000000000000000000 ) ) ;
#1003 = APPLICATION_CONTEXT ( 'automotive_design' ) ;
#1004 = AXIS2_PLACEMENT_3D ( 'NONE', #371, #501, #1081 ) ;
#1005 = ORIENTED_EDGE ( 'NONE', *, *, #847, .F. ) ;
#1006 = CARTESIAN_POINT ( 'NONE',  ( 734.4134934781084212, 901.5136268074800228, 1327.234313629365261 ) ) ;
#1007 = VECTOR ( 'NONE', #17, 1000.000000000000000 ) ;
#1008 = EDGE_CURVE ( 'NONE', #1096, #1315, #87, .T. ) ;
#1009 = CYLINDRICAL_SURFACE ( 'NONE', #304, 0.7937499999999264588 ) ;
#1010 = DIRECTION ( 'NONE',  ( -0.1370521391469812500, 0.000000000000000000, 0.9905638349724041891 ) ) ;
#1011 = VECTOR ( 'NONE', #923, 1000.000000000000000 ) ;
#1012 = DIRECTION ( 'NONE',  ( 0.000000000000000000, -1.000000000000000000, 0.000000000000000000 ) ) ;
#1013 = ORIENTED_EDGE ( 'NONE', *, *, #1047, .T. ) ;
#1014 =( NAMED_UNIT ( * ) SI_UNIT ( $, .STERADIAN. ) SOLID_ANGLE_UNIT ( ) );
#1015 = CARTESIAN_POINT ( 'NONE',  ( 672.1455067411482105, 897.3194592881034168, 1365.172076189226345 ) ) ;
#1016 = EDGE_CURVE ( 'NONE', #262, #368, #1441, .T. ) ;
#1017 = PLANE ( 'NONE',  #744 ) ;
#1018 = VERTEX_POINT ( 'NONE', #319 ) ;
#1019 = CARTESIAN_POINT ( 'NONE',  ( 749.8360869030479989, 897.3194592881034168, 1354.398695994682839 ) ) ;
#1020 = VERTEX_POINT ( 'NONE', #889 ) ;
#1021 = DIRECTION ( 'NONE',  ( 0.000000000000000000, -1.000000000000000000, 0.000000000000000000 ) ) ;
#1022 = ADVANCED_FACE ( 'NONE', ( #1218 ), #1450, .F. ) ;
#1023 = CARTESIAN_POINT ( 'NONE',  ( 735.2332302251645615, 901.5789446884136851, 1326.736316471083001 ) ) ;
#1024 = VECTOR ( 'NONE', #224, 1000.000000000000114 ) ;
#1025 = ORIENTED_EDGE ( 'NONE', *, *, #979, .T. ) ;
#1026 = ORIENTED_EDGE ( 'NONE', *, *, #481, .T. ) ;
#1027 = CARTESIAN_POINT ( 'NONE',  ( 731.0861596302077032, 902.0819592881034623, 1351.283092416224463 ) ) ;
#1028 = TOROIDAL_SURFACE ( 'NONE', #1289, 4.000500000000000611, 0.7620000000000000107 ) ;
#1029 = VERTEX_POINT ( 'NONE', #769 ) ;
#1030 = LINE ( 'NONE', #1475, #982 ) ;
#1031 = CARTESIAN_POINT ( 'NONE',  ( 749.0498268590386033, 897.3194592881034168, 1354.289910859234851 ) ) ;
#1032 = EDGE_CURVE ( 'NONE', #1116, #1223, #640, .T. ) ;
#1033 = ORIENTED_EDGE ( 'NONE', *, *, #405, .T. ) ;
#1034 = VERTEX_POINT ( 'NONE', #208 ) ;
#1035 = SURFACE_SIDE_STYLE ('',( #588 ) ) ;
#1036 = CARTESIAN_POINT ( 'NONE',  ( 777.2588301267159068, 906.8444592881032804, 1335.278839871454238 ) ) ;
#1037 = CARTESIAN_POINT ( 'NONE',  ( 734.4889186820989835, 902.4420731030764955, 1327.028720209701532 ) ) ;
#1038 = VERTEX_POINT ( 'NONE', #1097 ) ;
#1039 = ORIENTED_EDGE ( 'NONE', *, *, #205, .T. ) ;
#1040 = EDGE_CURVE ( 'NONE', #152, #850, #150, .T. ) ;
#1041 = VERTEX_POINT ( 'NONE', #748 ) ;
#1042 = AXIS2_PLACEMENT_3D ( 'NONE', #526, #978, #1317 ) ;
#1043 = LINE ( 'NONE', #1031, #751 ) ;
#1044 = LINE ( 'NONE', #598, #1260 ) ;
#1045 = ORIENTED_EDGE ( 'NONE', *, *, #220, .T. ) ;
#1046 = CARTESIAN_POINT ( 'NONE',  ( 697.0801082456271160, 902.0819592881034623, 1397.195598855966637 ) ) ;
#1047 = EDGE_CURVE ( 'NONE', #857, #118, #1170, .T. ) ;
#1048 = AXIS2_PLACEMENT_3D ( 'NONE', #1257, #1012, #1228 ) ;
#1049 = ORIENTED_EDGE ( 'NONE', *, *, #73, .F. ) ;
#1050 = VECTOR ( 'NONE', #305, 1000.000000000000114 ) ;
#1051 = VECTOR ( 'NONE', #199, 1000.000000000000000 ) ;
#1052 = CYLINDRICAL_SURFACE ( 'NONE', #1321, 0.7937499999999264588 ) ;
#1053 = CIRCLE ( 'NONE', #1240, 0.7619999999999713669 ) ;
#1054 = DIRECTION ( 'NONE',  ( 0.000000000000000000, 1.000000000000000000, 0.000000000000000000 ) ) ;
#1055 = DIRECTION ( 'NONE',  ( -0.5812381937190960191, -0.000000000000000000, -0.8137334712067352260 ) ) ;
#1056 = VECTOR ( 'NONE', #179, 1000.000000000000114 ) ;
#1057 = EDGE_LOOP ( 'NONE', ( #238, #1399, #111, #479 ) ) ;
#1058 = CARTESIAN_POINT ( 'NONE',  ( 735.1109097345438386, 902.0819592881034623, 1329.445112835704549 ) ) ;
#1059 = DIRECTION ( 'NONE',  ( 0.1370521391469133599, 0.000000000000000000, -0.9905638349724137370 ) ) ;
#1060 = EDGE_CURVE ( 'NONE', #814, #178, #488, .T. ) ;
#1061 = ORIENTED_EDGE ( 'NONE', *, *, #1040, .T. ) ;
#1062 = EDGE_CURVE ( 'NONE', #1041, #1301, #985, .T. ) ;
#1063 = CARTESIAN_POINT ( 'NONE',  ( 735.1244450897166871, 902.5736769493100837, 1326.728826515092123 ) ) ;
#1064 = ORIENTED_EDGE ( 'NONE', *, *, #369, .F. ) ;
#1065 = VECTOR ( 'NONE', #758, 1000.000000000000227 ) ;
#1066 = ORIENTED_EDGE ( 'NONE', *, *, #113, .F. ) ;
#1067 = CARTESIAN_POINT ( 'NONE',  ( 738.7941859106655329, 902.0819592881033486, 1329.956959963046756 ) ) ;
#1068 = CARTESIAN_POINT ( 'NONE',  ( 752.5309511933702424, 897.3194592881034168, 1329.129589450935555 ) ) ;
#1069 = ORIENTED_EDGE ( 'NONE', *, *, #1332, .F. ) ;
#1070 = CARTESIAN_POINT ( 'NONE',  ( 731.0861596302077032, 902.0819592881034623, 1351.283092416224463 ) ) ;
#1071 = VECTOR ( 'NONE', #1351, 1000.000000000000000 ) ;
#1072 = EDGE_CURVE ( 'NONE', #1034, #902, #176, .T. ) ;
#1073 = ORIENTED_EDGE ( 'NONE', *, *, #446, .F. ) ;
#1074 = DIRECTION ( 'NONE',  ( -0.1370521391469133599, -0.000000000000000000, 0.9905638349724136260 ) ) ;
#1075 = VERTEX_POINT ( 'NONE', #426 ) ;
#1076 = CARTESIAN_POINT ( 'NONE',  ( 735.7878398409094416, 902.0819592881033486, 1351.685753914372754 ) ) ;
#1077 = DIRECTION ( 'NONE',  ( 0.000000000000000000, -1.000000000000000000, 0.000000000000000000 ) ) ;
#1078 = CLOSED_SHELL ( 'NONE', ( #56, #197, #1123, #624, #792, #1227, #339 ) ) ;
#1079 = CARTESIAN_POINT ( 'NONE',  ( 734.4469701811551658, 897.3194592881034168, 1326.627531335634785 ) ) ;
#1080 = AXIS2_PLACEMENT_3D ( 'NONE', #400, #611, #632 ) ;
#1081 = DIRECTION ( 'NONE',  ( -0.9905638349724136260, 0.000000000000000000, -0.1370521391469132211 ) ) ;
#1082 = EDGE_CURVE ( 'NONE', #558, #902, #860, .T. ) ;
#1083 = APPLICATION_CONTEXT ( 'automotive_design' ) ;
#1084 = AXIS2_PLACEMENT_3D ( 'NONE', #487, #1086, #1428 ) ;
#1085 = ORIENTED_EDGE ( 'NONE', *, *, #99, .T. ) ;
#1086 = DIRECTION ( 'NONE',  ( 0.000000000000000000, -1.000000000000000000, 0.000000000000000000 ) ) ;
#1087 = CARTESIAN_POINT ( 'NONE',  ( 748.3455067411481423, 906.8444592881033941, 1365.172076189226345 ) ) ;
#1088 = CARTESIAN_POINT ( 'NONE',  ( 735.7878398409094416, 898.0814592881033604, 1351.685753914372754 ) ) ;
#1089 = LINE ( 'NONE', #1201, #1335 ) ;
#1090 =( BOUNDED_CURVE ( )  B_SPLINE_CURVE ( 3, ( #679, #115, #1354, #1144 ),
 .UNSPECIFIED., .F., .T. ) 
 B_SPLINE_CURVE_WITH_KNOTS ( ( 4, 4 ),
 ( 5.015176959055438033, 6.283185307179586232 ),
 .UNSPECIFIED. ) 
 CURVE ( )  GEOMETRIC_REPRESENTATION_ITEM ( )  RATIONAL_B_SPLINE_CURVE ( ( 1.000000000000000000, 0.8704413324986755018, 0.8704413324986755018, 1.000000000000000000 ) ) 
 REPRESENTATION_ITEM ( '' )  );
#1091 = EDGE_LOOP ( 'NONE', ( #145, #1208, #910, #614 ) ) ;
#1092 = DIRECTION ( 'NONE',  ( -0.9905638349724098513, 0.000000000000000000, -0.1370521391469405881 ) ) ;
#1093 = DIRECTION ( 'NONE',  ( -0.1370521391469812500, 0.000000000000000000, 0.9905638349724041891 ) ) ;
#1094 = PLANE ( 'NONE',  #1248 ) ;
#1095 = CARTESIAN_POINT ( 'NONE',  ( 735.1244450897166871, 906.8444592881033941, 1327.522576515091941 ) ) ;
#1096 = VERTEX_POINT ( 'NONE', #233 ) ;
#1097 = CARTESIAN_POINT ( 'NONE',  ( 760.6455067411483242, 897.3194592881034168, 1276.272076189226254 ) ) ;
#1098 = DIRECTION ( 'NONE',  ( 0.000000000000000000, 1.000000000000000000, 0.000000000000000000 ) ) ;
#1099 = ADVANCED_FACE ( 'NONE', ( #344 ), #37, .T. ) ;
#1100 = DIRECTION ( 'NONE',  ( 0.9905638349724137370, 0.000000000000000000, 0.1370521391469132766 ) ) ;
#1101 = FACE_OUTER_BOUND ( 'NONE', #4, .T. ) ;
#1102 = VECTOR ( 'NONE', #544, 1000.000000000000114 ) ;
#1103 = VERTEX_POINT ( 'NONE', #1157 ) ;
#1104 = DIRECTION ( 'NONE',  ( 0.000000000000000000, 0.000000000000000000, -1.000000000000000000 ) ) ;
#1105 = VECTOR ( 'NONE', #384, 1000.000000000000114 ) ;
#1106 = LINE ( 'NONE', #433, #391 ) ;
#1107 = CARTESIAN_POINT ( 'NONE',  ( 748.3455067411481423, 897.3194592881034168, 1365.172076189226345 ) ) ;
#1108 = DIRECTION ( 'NONE',  ( 0.9905638349724115166, 0.000000000000000000, 0.1370521391469291805 ) ) ;
#1109 = EDGE_CURVE ( 'NONE', #441, #1018, #45, .T. ) ;
#1110 = PLANE ( 'NONE',  #622 ) ;
#1111 = ORIENTED_EDGE ( 'NONE', *, *, #803, .F. ) ;
#1112 = CARTESIAN_POINT ( 'NONE',  ( 734.4105782219514822, 901.4778732442015325, 1327.255384058011941 ) ) ;
#1113 = DIRECTION ( 'NONE',  ( -0.9905638349724098513, 0.000000000000000000, -0.1370521391469405881 ) ) ;
#1114 = CARTESIAN_POINT ( 'NONE',  ( 673.5917116788810972, 901.8551105670480865, 1365.172076189226345 ) ) ;
#1115 = EDGE_CURVE ( 'NONE', #639, #747, #1379, .T. ) ;
#1116 = VERTEX_POINT ( 'NONE', #946 ) ;
#1117 = LINE ( 'NONE', #1204, #962 ) ;
#1118 = STYLED_ITEM ( 'NONE', ( #903 ), #749 ) ;
#1119 = DIRECTION ( 'NONE',  ( 0.000000000000000000, 1.000000000000000000, 0.000000000000000000 ) ) ;
#1120 = FACE_OUTER_BOUND ( 'NONE', #432, .T. ) ;
#1121 = DIRECTION ( 'NONE',  ( -0.000000000000000000, 1.000000000000000000, -0.000000000000000000 ) ) ;
#1122 = ORIENTED_EDGE ( 'NONE', *, *, #75, .F. ) ;
#1123 = ADVANCED_FACE ( 'NONE', ( #138 ), #132, .T. ) ;
#1124 = PLANE ( 'NONE',  #1042 ) ;
#1125 = CARTESIAN_POINT ( 'NONE',  ( 731.1141181581634783, 902.7702542830008952, 1351.081018177585065 ) ) ;
#1126 = ORIENTED_EDGE ( 'NONE', *, *, #1368, .T. ) ;
#1127 = CARTESIAN_POINT ( 'NONE',  ( 735.1244450897166871, 897.3194592881034168, 1326.728826515092123 ) ) ;
#1128 = ORIENTED_EDGE ( 'NONE', *, *, #427, .F. ) ;
#1129 = VERTEX_POINT ( 'NONE', #932 ) ;
#1130 = EDGE_CURVE ( 'NONE', #1344, #1259, #862, .T. ) ;
#1131 = DIRECTION ( 'NONE',  ( -0.1370521391469142758, 0.000000000000000000, 0.9905638349724135150 ) ) ;
#1132 = ORIENTED_EDGE ( 'NONE', *, *, #301, .T. ) ;
#1133 = ORIENTED_EDGE ( 'NONE', *, *, #586, .F. ) ;
#1134 = CARTESIAN_POINT ( 'NONE',  ( 749.8360869030477716, 906.0824592881032231, 1354.398695994683294 ) ) ;
#1135 = AXIS2_PLACEMENT_3D ( 'NONE', #1369, #5, #700 ) ;
#1136 = CARTESIAN_POINT ( 'NONE',  ( 734.4257127812682029, 902.0819592881034623, 1327.145996877259222 ) ) ;
#1137 = CARTESIAN_POINT ( 'NONE',  ( 753.3172112373795244, 906.8444592881032804, 1329.238374586383770 ) ) ;
#1138 = AXIS2_PLACEMENT_3D ( 'NONE', #1001, #1221, #1226 ) ;
#1139 = ORIENTED_EDGE ( 'NONE', *, *, #763, .T. ) ;
#1140 = ORIENTED_EDGE ( 'NONE', *, *, #330, .T. ) ;
#1141 = FACE_OUTER_BOUND ( 'NONE', #824, .T. ) ;
#1142 = AXIS2_PLACEMENT_3D ( 'NONE', #1358, #1244, #227 ) ;
#1143 = DIRECTION ( 'NONE',  ( 1.000000000000000000, 0.000000000000000000, 0.000000000000000000 ) ) ;
#1144 = CARTESIAN_POINT ( 'NONE',  ( 610.0917116788812109, 902.0819592881034623, 1276.272076189226254 ) ) ;
#1145 = DIRECTION ( 'NONE',  ( -0.9905638349724137370, 0.000000000000000000, -0.1370521391469132766 ) ) ;
#1146 = EDGE_CURVE ( 'NONE', #677, #490, #1043, .T. ) ;
#1147 = EDGE_LOOP ( 'NONE', ( #366, #546, #464, #963 ) ) ;
#1148 = ORIENTED_EDGE ( 'NONE', *, *, #722, .F. ) ;
#1149 = CARTESIAN_POINT ( 'NONE',  ( 748.9410417235907289, 897.3194592881034168, 1355.076170903244247 ) ) ;
#1150 = ORIENTED_EDGE ( 'NONE', *, *, #1472, .T. ) ;
#1151 = CARTESIAN_POINT ( 'NONE',  ( 735.6180026493874493, 902.0819592881034623, 1325.780026646306169 ) ) ;
#1152 = ORIENTED_EDGE ( 'NONE', *, *, #222, .T. ) ;
#1153 = EDGE_CURVE ( 'NONE', #141, #589, #584, .T. ) ;
#1154 = VERTEX_POINT ( 'NONE', #29 ) ;
#1155 = PLANE ( 'NONE',  #1306 ) ;
#1156 = EDGE_LOOP ( 'NONE', ( #1449, #97, #915, #235 ) ) ;
#1157 = CARTESIAN_POINT ( 'NONE',  ( 739.1645304452110850, 906.0824592881032231, 1327.280242148322259 ) ) ;
#1158 = DIRECTION ( 'NONE',  ( 0.1370521391469138039, -0.000000000000000000, -0.9905638349724135150 ) ) ;
#1159 = CARTESIAN_POINT ( 'NONE',  ( 731.1301491061170736, 901.7227456809523574, 1351.430260955870381 ) ) ;
#1160 = EDGE_CURVE ( 'NONE', #925, #589, #705, .T. ) ;
#1161 = EDGE_LOOP ( 'NONE', ( #48, #1126, #1235, #1176 ) ) ;
#1162 = CARTESIAN_POINT ( 'NONE',  ( 697.0801082456271160, 902.0819592881034623, 1397.195598855966637 ) ) ;
#1163 = EDGE_CURVE ( 'NONE', #170, #677, #252, .T. ) ;
#1164 = AXIS2_PLACEMENT_3D ( 'NONE', #468, #447, #673 ) ;
#1165 = FACE_OUTER_BOUND ( 'NONE', #728, .T. ) ;
#1166 = ORIENTED_EDGE ( 'NONE', *, *, #1203, .F. ) ;
#1167 = AXIS2_PLACEMENT_3D ( 'NONE', #1334, #1241, #1131 ) ;
#1168 = VECTOR ( 'NONE', #414, 1000.000000000000114 ) ;
#1169 = CARTESIAN_POINT ( 'NONE',  ( 748.9410417235907289, 906.8444592881033941, 1355.076170903244247 ) ) ;
#1170 = CIRCLE ( 'NONE', #268, 4.000500000000038803 ) ;
#1171 = ORIENTED_EDGE ( 'NONE', *, *, #841, .T. ) ;
#1172 = DIRECTION ( 'NONE',  ( -0.000000000000000000, -1.000000000000000000, -0.000000000000000000 ) ) ;
#1173 = ORIENTED_EDGE ( 'NONE', *, *, #415, .T. ) ;
#1174 = CARTESIAN_POINT ( 'NONE',  ( 735.6834061108794458, 898.0814592881033604, 1352.440563556621782 ) ) ;
#1175 = DIRECTION ( 'NONE',  ( 0.9905638349724249503, 0.000000000000000000, 0.1370521391468316474 ) ) ;
#1176 = ORIENTED_EDGE ( 'NONE', *, *, #434, .F. ) ;
#1177 = ADVANCED_FACE ( 'NONE', ( #940 ), #352, .T. ) ;
#1178 = CARTESIAN_POINT ( 'NONE',  ( 749.7273017676000109, 897.3194592881034168, 1355.184956038692235 ) ) ;
#1179 = ORIENTED_EDGE ( 'NONE', *, *, #113, .T. ) ;
#1180 = CIRCLE ( 'NONE', #228, 4.762500000000009948 ) ;
#1181 = LINE ( 'NONE', #1408, #198 ) ;
#1182 = ORIENTED_EDGE ( 'NONE', *, *, #453, .F. ) ;
#1183 = DIRECTION ( 'NONE',  ( -0.1370521391469133599, 0.000000000000000000, 0.9905638349724137370 ) ) ;
#1184 = DIRECTION ( 'NONE',  ( -0.9905638349724137370, 0.000000000000000000, -0.1370521391469132488 ) ) ;
#1185 = ORIENTED_CLOSED_SHELL ( 'NONE', *, #1078, .F. );
#1186 = CARTESIAN_POINT ( 'NONE',  ( 734.4469701811550522, 906.0824592881032231, 1326.627531335635240 ) ) ;
#1187 = PRESENTATION_LAYER_ASSIGNMENT (  '', '', ( #1118 ) ) ;
#1188 = FACE_OUTER_BOUND ( 'NONE', #917, .T. ) ;
#1189 = ORIENTED_EDGE ( 'NONE', *, *, #142, .T. ) ;
#1190 = CARTESIAN_POINT ( 'NONE',  ( 735.1244450897166871, 897.3194592881034168, 1326.728826515092123 ) ) ;
#1191 = DIRECTION ( 'NONE',  ( -0.9905638349724115166, 0.000000000000000000, -0.1370521391469291805 ) ) ;
#1192 = CARTESIAN_POINT ( 'NONE',  ( 735.1244450897164597, 901.5902416268964998, 1326.728826515092123 ) ) ;
#1193 = CIRCLE ( 'NONE', #1080, 4.000500000000038803 ) ;
#1194 = DIRECTION ( 'NONE',  ( 0.000000000000000000, 1.000000000000000000, 0.000000000000000000 ) ) ;
#1195 = ADVANCED_FACE ( 'NONE', ( #1281 ), #1052, .F. ) ;
#1196 = ORIENTED_EDGE ( 'NONE', *, *, #1456, .T. ) ;
#1197 = AXIS2_PLACEMENT_3D ( 'NONE', #1198, #650, #202 ) ;
#1198 = CARTESIAN_POINT ( 'NONE',  ( 752.6397363288181168, 897.3194592881034168, 1328.343329406926159 ) ) ;
#1199 = FACE_OUTER_BOUND ( 'NONE', #1401, .T. ) ;
#1200 = DIRECTION ( 'NONE',  ( 0.000000000000000000, 0.000000000000000000, 1.000000000000000000 ) ) ;
#1201 = CARTESIAN_POINT ( 'NONE',  ( 739.5802579892771291, 902.0819592881034623, 1326.328235202893893 ) ) ;
#1202 = ORIENTED_EDGE ( 'NONE', *, *, #668, .T. ) ;
#1203 = EDGE_CURVE ( 'NONE', #1038, #726, #261, .T. ) ;
#1204 = CARTESIAN_POINT ( 'NONE',  ( 731.7521058908328087, 906.8444592881033941, 1351.896637879382070 ) ) ;
#1205 = DIRECTION ( 'NONE',  ( -0.000000000000000000, -1.000000000000000000, -0.000000000000000000 ) ) ;
#1206 = DIRECTION ( 'NONE',  ( 0.1370521391469130823, -0.000000000000000000, -0.9905638349724137370 ) ) ;
#1207 = DIRECTION ( 'NONE',  ( -0.000000000000000000, -1.000000000000000000, -0.000000000000000000 ) ) ;
#1208 = ORIENTED_EDGE ( 'NONE', *, *, #1082, .T. ) ;
#1209 = CARTESIAN_POINT ( 'NONE',  ( 734.4207371132800972, 901.6242234779348337, 1327.181959225563332 ) ) ;
#1210 = EDGE_CURVE ( 'NONE', #1129, #393, #798, .T. ) ;
#1211 = LINE ( 'NONE', #310, #762 ) ;
#1212 = VECTOR ( 'NONE', #995, 1000.000000000000000 ) ;
#1213 = EDGE_CURVE ( 'NONE', #448, #827, #469, .T. ) ;
#1214 = DIRECTION ( 'NONE',  ( -0.1370521391469132766, 0.000000000000000000, 0.9905638349724137370 ) ) ;
#1215 = CARTESIAN_POINT ( 'NONE',  ( 749.9405206330777673, 906.0824592881032231, 1353.643886352434265 ) ) ;
#1216 = AXIS2_PLACEMENT_3D ( 'NONE', #292, #605, #1093 ) ;
#1217 = ORIENTED_EDGE ( 'NONE', *, *, #1047, .F. ) ;
#1218 = FACE_OUTER_BOUND ( 'NONE', #342, .T. ) ;
#1219 = CARTESIAN_POINT ( 'NONE',  ( 753.3172112373795244, 906.8444592881032804, 1329.238374586383770 ) ) ;
#1220 = EDGE_CURVE ( 'NONE', #1075, #448, #1180, .T. ) ;
#1221 = DIRECTION ( 'NONE',  ( 0.9905638349724137370, 0.000000000000000000, 0.1370521391469132488 ) ) ;
#1222 = CYLINDRICAL_SURFACE ( 'NONE', #904, 0.7937499999999264588 ) ;
#1223 = VERTEX_POINT ( 'NONE', #68 ) ;
#1224 = DIRECTION ( 'NONE',  ( 0.9905638349724115166, 0.000000000000000000, 0.1370521391469291805 ) ) ;
#1225 = CARTESIAN_POINT ( 'NONE',  ( 734.9792403791780089, 901.6062240783267043, 1326.728826515092123 ) ) ;
#1226 = DIRECTION ( 'NONE',  ( 0.1370521391469812500, 0.000000000000000000, -0.9905638349724041891 ) ) ;
#1227 = ADVANCED_FACE ( 'NONE', ( #734, #175 ), #161, .T. ) ;
#1228 = DIRECTION ( 'NONE',  ( 0.000000000000000000, 0.000000000000000000, -1.000000000000000000 ) ) ;
#1229 = ORIENTED_EDGE ( 'NONE', *, *, #321, .T. ) ;
#1230 = FACE_OUTER_BOUND ( 'NONE', #1147, .T. ) ;
#1231 = DIRECTION ( 'NONE',  ( 0.9905638349724137370, -0.000000000000000000, 0.1370521391469130823 ) ) ;
#1232 = ORIENTED_EDGE ( 'NONE', *, *, #1082, .F. ) ;
#1233 = CYLINDRICAL_SURFACE ( 'NONE', #125, 0.7937499999999264588 ) ;
#1234 = VECTOR ( 'NONE', #1121, 1000.000000000000000 ) ;
#1235 = ORIENTED_EDGE ( 'NONE', *, *, #891, .T. ) ;
#1236 = DIRECTION ( 'NONE',  ( -0.1370521391469134709, 0.000000000000000000, 0.9905638349724136260 ) ) ;
#1237 = EDGE_CURVE ( 'NONE', #895, #806, #730, .T. ) ;
#1238 = EDGE_LOOP ( 'NONE', ( #1189, #324, #1365, #579 ) ) ;
#1239 = FILL_AREA_STYLE ('',( #449 ) ) ;
#1240 = AXIS2_PLACEMENT_3D ( 'NONE', #547, #998, #98 ) ;
#1241 = DIRECTION ( 'NONE',  ( -0.9905638349724135150, 0.000000000000000000, -0.1370521391469142758 ) ) ;
#1242 = DIRECTION ( 'NONE',  ( 0.000000000000000000, 1.000000000000000000, 0.000000000000000000 ) ) ;
#1243 = VERTEX_POINT ( 'NONE', #1192 ) ;
#1244 = DIRECTION ( 'NONE',  ( -0.000000000000000000, -1.000000000000000000, -0.000000000000000000 ) ) ;
#1245 = EDGE_CURVE ( 'NONE', #1018, #587, #1424, .T. ) ;
#1246 = ORIENTED_EDGE ( 'NONE', *, *, #1032, .F. ) ;
#1247 = DIRECTION ( 'NONE',  ( 0.1370521391469133599, -0.000000000000000000, -0.9905638349724136260 ) ) ;
#1248 = AXIS2_PLACEMENT_3D ( 'NONE', #1079, #863, #1318 ) ;
#1249 = CARTESIAN_POINT ( 'NONE',  ( 748.3455067411481423, 906.8444592881033941, 1365.172076189226345 ) ) ;
#1250 = DIRECTION ( 'NONE',  ( 0.000000000000000000, 0.000000000000000000, 1.000000000000000000 ) ) ;
#1251 = ORIENTED_EDGE ( 'NONE', *, *, #396, .F. ) ;
#1252 = LINE ( 'NONE', #688, #1007 ) ;
#1253 = ORIENTED_EDGE ( 'NONE', *, *, #1437, .F. ) ;
#1254 = CARTESIAN_POINT ( 'NONE',  ( 749.8360869030477716, 906.8444592881032804, 1354.398695994683294 ) ) ;
#1255 = AXIS2_PLACEMENT_3D ( 'NONE', #541, #88, #1113 ) ;
#1256 = EDGE_CURVE ( 'NONE', #571, #827, #958, .T. ) ;
#1257 = CARTESIAN_POINT ( 'NONE',  ( 735.1244450897166871, 897.3194592881034168, 1327.522576515091941 ) ) ;
#1258 = CARTESIAN_POINT ( 'NONE',  ( 739.0600967151810892, 902.0819592881033486, 1328.035051790571515 ) ) ;
#1259 = VERTEX_POINT ( 'NONE', #974 ) ;
#1260 = VECTOR ( 'NONE', #1054, 1000.000000000000000 ) ;
#1261 = ORIENTED_EDGE ( 'NONE', *, *, #1237, .F. ) ;
#1262 = DIRECTION ( 'NONE',  ( -0.9905638349724249503, 0.000000000000000000, -0.1370521391468316474 ) ) ;
#1263 = CARTESIAN_POINT ( 'NONE',  ( 610.0917116788812109, 902.0819592881034623, 1276.272076189226254 ) ) ;
#1264 = VERTEX_POINT ( 'NONE', #1312 ) ;
#1265 = VECTOR ( 'NONE', #156, 1000.000000000000227 ) ;
#1266 = ADVANCED_FACE ( 'NONE', ( #190 ), #1094, .F. ) ;
#1267 = DIRECTION ( 'NONE',  ( 0.1370521391469132488, 0.000000000000000000, -0.9905638349724137370 ) ) ;
#1268 = ORIENTED_EDGE ( 'NONE', *, *, #1160, .T. ) ;
#1269 = PLANE ( 'NONE',  #930 ) ;
#1270 = ORIENTED_EDGE ( 'NONE', *, *, #481, .F. ) ;
#1271 = CARTESIAN_POINT ( 'NONE',  ( 610.0917116788812109, 902.3088080091589518, 1276.272076189226482 ) ) ;
#1272 = ORIENTED_EDGE ( 'NONE', *, *, #668, .F. ) ;
#1273 = CARTESIAN_POINT ( 'NONE',  ( 734.4257127812672934, 902.3791980320625044, 1327.145996877260814 ) ) ;
#1274 = CYLINDRICAL_SURFACE ( 'NONE', #386, 0.9999999999999994449 ) ;
#1275 = ADVANCED_FACE ( 'NONE', ( #61 ), #848, .T. ) ;
#1276 = VERTEX_POINT ( 'NONE', #967 ) ;
#1277 = DIRECTION ( 'NONE',  ( 0.000000000000000000, -0.000000000000000000, 1.000000000000000000 ) ) ;
#1278 = DIRECTION ( 'NONE',  ( -0.1370521391469134709, 0.000000000000000000, 0.9905638349724137370 ) ) ;
#1279 = ORIENTED_EDGE ( 'NONE', *, *, #595, .F. ) ;
#1280 = CIRCLE ( 'NONE', #355, 0.7937499999999264588 ) ;
#1281 = FACE_OUTER_BOUND ( 'NONE', #524, .T. ) ;
#1282 = B_SPLINE_CURVE_WITH_KNOTS ( 'NONE', 3,
 ( #63, #727, #1159, #517, #1426, #1400, #70, #950 ),
 .UNSPECIFIED., .F., .F.,
 ( 4, 2, 2, 4 ),
 ( 0.0001068814135855169849, 0.0003527987056175154053, 0.0005987159976495138800, 0.001090550581713334646 ),
 .UNSPECIFIED. ) ;
#1283 = VERTEX_POINT ( 'NONE', #1178 ) ;
#1284 = LINE ( 'NONE', #718, #1385 ) ;
#1285 = VERTEX_POINT ( 'NONE', #516 ) ;
#1286 = EDGE_CURVE ( 'NONE', #677, #39, #398, .T. ) ;
#1287 = DIRECTION ( 'NONE',  ( 0.000000000000000000, -1.000000000000000000, -0.000000000000000000 ) ) ;
#1288 = VECTOR ( 'NONE', #46, 999.9999999999998863 ) ;
#1289 = AXIS2_PLACEMENT_3D ( 'NONE', #515, #1415, #723 ) ;
#1290 = CARTESIAN_POINT ( 'NONE',  ( 734.4029095259322730, 902.7456077752530064, 1327.310810649564019 ) ) ;
#1291 = ORIENTED_EDGE ( 'NONE', *, *, #205, .F. ) ;
#1292 = CARTESIAN_POINT ( 'NONE',  ( 736.1014735695163154, 902.0819592881033486, 1329.582164974851594 ) ) ;
#1293 = CARTESIAN_POINT ( 'NONE',  ( 734.4469701811550522, 906.0824592881032231, 1326.627531335635240 ) ) ;
#1294 = ORIENTED_EDGE ( 'NONE', *, *, #1060, .T. ) ;
#1295 = CARTESIAN_POINT ( 'NONE',  ( 735.2332302251645615, 897.3194592881034168, 1326.736316471082546 ) ) ;
#1296 = EDGE_CURVE ( 'NONE', #1029, #262, #741, .T. ) ;
#1297 = CARTESIAN_POINT ( 'NONE',  ( 731.0911270765184327, 901.6243675586150630, 1351.247189491263953 ) ) ;
#1298 = CARTESIAN_POINT ( 'NONE',  ( 735.7878398409094416, 897.3194592881033032, 1351.685753914372754 ) ) ;
#1299 = ORIENTED_EDGE ( 'NONE', *, *, #909, .T. ) ;
#1300 = CARTESIAN_POINT ( 'NONE',  ( 760.6455067411483242, 906.8444592881033941, 1276.272076189226254 ) ) ;
#1301 = VERTEX_POINT ( 'NONE', #1292 ) ;
#1302 = DIRECTION ( 'NONE',  ( -0.1370521391469134709, 0.000000000000000000, 0.9905638349724137370 ) ) ;
#1303 = CARTESIAN_POINT ( 'NONE',  ( 731.1141498805156971, 901.3936642932058021, 1351.080788899771505 ) ) ;
#1304 = EDGE_CURVE ( 'NONE', #408, #143, #166, .T. ) ;
#1305 = CARTESIAN_POINT ( 'NONE',  ( 749.8360869030477716, 898.0814592881033604, 1354.398695994683294 ) ) ;
#1306 = AXIS2_PLACEMENT_3D ( 'NONE', #936, #519, #1277 ) ;
#1307 = VERTEX_POINT ( 'NONE', #507 ) ;
#1308 = ORIENTED_EDGE ( 'NONE', *, *, #1016, .F. ) ;
#1309 = LINE ( 'NONE', #395, #429 ) ;
#1310 = DIRECTION ( 'NONE',  ( 0.1370521391469142758, 0.000000000000000000, -0.9905638349724135150 ) ) ;
#1311 = CIRCLE ( 'NONE', #573, 0.7937499999999264588 ) ;
#1312 = CARTESIAN_POINT ( 'NONE',  ( 673.5917116788810972, 902.0819592881034623, 1365.172076189226345 ) ) ;
#1313 = EDGE_CURVE ( 'NONE', #806, #1344, #601, .T. ) ;
#1314 = CYLINDRICAL_SURFACE ( 'NONE', #957, 2.000000000000029310 ) ;
#1315 = VERTEX_POINT ( 'NONE', #392 ) ;
#1316 = DIRECTION ( 'NONE',  ( 0.000000000000000000, 1.000000000000000000, 0.000000000000000000 ) ) ;
#1317 = DIRECTION ( 'NONE',  ( 1.000000000000000000, 0.000000000000000000, -9.130123557772679427E-17 ) ) ;
#1318 = DIRECTION ( 'NONE',  ( -0.9905638349724136260, 0.000000000000000000, -0.1370521391469141648 ) ) ;
#1319 = DIRECTION ( 'NONE',  ( 0.9905638349724098513, 0.000000000000000000, 0.1370521391469405881 ) ) ;
#1320 = EDGE_CURVE ( 'NONE', #791, #1315, #533, .T. ) ;
#1321 = AXIS2_PLACEMENT_3D ( 'NONE', #1397, #828, #805 ) ;
#1322 = ORIENTED_EDGE ( 'NONE', *, *, #783, .F. ) ;
#1323 = CARTESIAN_POINT ( 'NONE',  ( 732.6359448225522328, 902.0819592881033486, 1354.629767056567061 ) ) ;
#1324 = EDGE_CURVE ( 'NONE', #571, #1344, #853, .T. ) ;
#1325 = PRODUCT_DEFINITION_CONTEXT ( 'detailed design', #1083, 'design' ) ;
#1326 = CARTESIAN_POINT ( 'NONE',  ( 752.5309511933702424, 897.3194592881034168, 1329.129589450935555 ) ) ;
#1327 = CARTESIAN_POINT ( 'NONE',  ( 739.0600967151810892, 902.0819592881033486, 1328.035051790571515 ) ) ;
#1328 = CARTESIAN_POINT ( 'NONE',  ( 672.1455067411482105, 906.8444592881033941, 1365.172076189226345 ) ) ;
#1329 = VECTOR ( 'NONE', #1247, 1000.000000000000114 ) ;
#1330 = ORIENTED_EDGE ( 'NONE', *, *, #121, .F. ) ;
#1331 = CARTESIAN_POINT ( 'NONE',  ( 731.7521058908328087, 906.8444592881033941, 1351.896637879382070 ) ) ;
#1332 = EDGE_CURVE ( 'NONE', #318, #814, #266, .T. ) ;
#1333 = CARTESIAN_POINT ( 'NONE',  ( 734.4469701811550522, 906.8444592881032804, 1326.627531335635240 ) ) ;
#1334 = CARTESIAN_POINT ( 'NONE',  ( 748.3455067411481423, 906.8444592881033941, 1365.172076189226345 ) ) ;
#1335 = VECTOR ( 'NONE', #753, 999.9999999999998863 ) ;
#1336 = DIRECTION ( 'NONE',  ( -0.9905638349724115166, 0.000000000000000000, -0.1370521391469291805 ) ) ;
#1337 = CIRCLE ( 'NONE', #1142, 0.7937499999999264588 ) ;
#1338 = ORIENTED_EDGE ( 'NONE', *, *, #500, .F. ) ;
#1339 = CARTESIAN_POINT ( 'NONE',  ( 610.5229447007366161, 901.6047048514381004, 1276.272076189226254 ) ) ;
#1340 = FACE_OUTER_BOUND ( 'NONE', #286, .T. ) ;
#1341 = ADVANCED_FACE ( 'NONE', ( #637 ), #271, .F. ) ;
#1342 = CARTESIAN_POINT ( 'NONE',  ( 696.9587877001713423, 901.6047048514381004, 1397.282256388435144 ) ) ;
#1343 = CARTESIAN_POINT ( 'NONE',  ( 735.7878398409094416, 902.0819592881033486, 1351.685753914372754 ) ) ;
#1344 = VERTEX_POINT ( 'NONE', #1298 ) ;
#1345 = FACE_OUTER_BOUND ( 'NONE', #134, .T. ) ;
#1346 = CARTESIAN_POINT ( 'NONE',  ( 673.5917116788810972, 902.0819592881034623, 1365.172076189226345 ) ) ;
#1347 = ORIENTED_EDGE ( 'NONE', *, *, #212, .F. ) ;
#1348 = EDGE_CURVE ( 'NONE', #827, #1307, #859, .T. ) ;
#1349 = DIRECTION ( 'NONE',  ( 0.1370521391469142758, 0.000000000000000000, -0.9905638349724135150 ) ) ;
#1350 = ORIENTED_EDGE ( 'NONE', *, *, #652, .F. ) ;
#1351 = DIRECTION ( 'NONE',  ( 0.000000000000000000, 1.000000000000000000, 0.000000000000000000 ) ) ;
#1352 = PLANE ( 'NONE',  #1167 ) ;
#1353 = ORIENTED_EDGE ( 'NONE', *, *, #1368, .F. ) ;
#1354 = CARTESIAN_POINT ( 'NONE',  ( 610.0917116788812109, 901.8551105670479728, 1276.272076189226482 ) ) ;
#1355 = EDGE_CURVE ( 'NONE', #1264, #1223, #732, .T. ) ;
#1356 = CIRCLE ( 'NONE', #691, 2.000000000000029310 ) ;
#1357 = ORIENTED_EDGE ( 'NONE', *, *, #378, .F. ) ;
#1358 = CARTESIAN_POINT ( 'NONE',  ( 735.1244450897166871, 906.8444592881033941, 1327.522576515091941 ) ) ;
#1359 = AXIS2_PLACEMENT_3D ( 'NONE', #406, #298, #82 ) ;
#1360 = ORIENTED_EDGE ( 'NONE', *, *, #277, .T. ) ;
#1361 = LINE ( 'NONE', #1254, #1454 ) ;
#1362 = ORIENTED_EDGE ( 'NONE', *, *, #659, .T. ) ;
#1363 = LINE ( 'NONE', #7, #1234 ) ;
#1364 = DIRECTION ( 'NONE',  ( -0.1370521391469134709, 0.000000000000000000, 0.9905638349724136260 ) ) ;
#1365 = ORIENTED_EDGE ( 'NONE', *, *, #1256, .F. ) ;
#1366 = CARTESIAN_POINT ( 'NONE',  ( 610.0917116788812109, 902.0819592881034623, 1276.272076189226254 ) ) ;
#1367 = ORIENTED_EDGE ( 'NONE', *, *, #1220, .F. ) ;
#1368 = EDGE_CURVE ( 'NONE', #1223, #991, #204, .T. ) ;
#1369 = CARTESIAN_POINT ( 'NONE',  ( 737.0920374044885648, 902.0819592881033486, 1329.719217113998411 ) ) ;
#1370 = CARTESIAN_POINT ( 'NONE',  ( 749.7273017676000109, 906.8444592881033941, 1355.184956038692235 ) ) ;
#1371 = DIRECTION ( 'NONE',  ( 0.9905638349724136260, -0.000000000000000000, 0.1370521391469132488 ) ) ;
#1372 = EDGE_LOOP ( 'NONE', ( #110, #1133, #866, #251, #274 ) ) ;
#1373 = EDGE_LOOP ( 'NONE', ( #818, #372, #375, #379, #23, #1347 ) ) ;
#1374 = LINE ( 'NONE', #1295, #664 ) ;
#1375 = VECTOR ( 'NONE', #1119, 1000.000000000000000 ) ;
#1376 = EDGE_CURVE ( 'NONE', #143, #747, #412, .T. ) ;
#1377 = ORIENTED_EDGE ( 'NONE', *, *, #527, .T. ) ;
#1378 = DIRECTION ( 'NONE',  ( -0.5812381937190961301, 0.000000000000000000, -0.8137334712067352260 ) ) ;
#1379 = LINE ( 'NONE', #1137, #674 ) ;
#1380 = B_SPLINE_CURVE_WITH_KNOTS ( 'NONE', 3,
 ( #1459, #438, #789, #334, #89, #653, #1125, #108 ),
 .UNSPECIFIED., .F., .F.,
 ( 4, 2, 2, 4 ),
 ( 1.108582088580688408E-06, 0.0002462909716914134500, 0.0003688821664928397070, 0.0004914733612942659641 ),
 .UNSPECIFIED. ) ;
#1381 = ORIENTED_EDGE ( 'NONE', *, *, #1115, .F. ) ;
#1382 = CIRCLE ( 'NONE', #172, 0.7937499999999264588 ) ;
#1383 = VERTEX_POINT ( 'NONE', #322 ) ;
#1384 = CARTESIAN_POINT ( 'NONE',  ( 739.5802579892771291, 902.0819592881034623, 1326.328235202893893 ) ) ;
#1385 = VECTOR ( 'NONE', #1172, 1000.000000000000000 ) ;
#1386 = EDGE_CURVE ( 'NONE', #1020, #1276, #556, .T. ) ;
#1387 =( NAMED_UNIT ( * ) PLANE_ANGLE_UNIT ( ) SI_UNIT ( $, .RADIAN. ) );
#1388 = ORIENTED_EDGE ( 'NONE', *, *, #18, .T. ) ;
#1389 = AXIS2_PLACEMENT_3D ( 'NONE', #696, #1145, #240 ) ;
#1390 = ADVANCED_FACE ( 'NONE', ( #422 ), #1452, .F. ) ;
#1391 = EDGE_LOOP ( 'NONE', ( #308, #942, #1360, #799, #482, #563 ) ) ;
#1392 = LINE ( 'NONE', #564, #511 ) ;
#1393 = ORIENTED_EDGE ( 'NONE', *, *, #1332, .T. ) ;
#1394 = FACE_OUTER_BOUND ( 'NONE', #724, .T. ) ;
#1395 = CARTESIAN_POINT ( 'NONE',  ( 734.4105898226308682, 902.6858960318297704, 1327.255300212449583 ) ) ;
#1396 = VERTEX_POINT ( 'NONE', #772 ) ;
#1397 = CARTESIAN_POINT ( 'NONE',  ( 735.1244450897166871, 897.3194592881034168, 1327.522576515091941 ) ) ;
#1398 = ADVANCED_FACE ( 'NONE', ( #542 ), #777, .T. ) ;
#1399 = ORIENTED_EDGE ( 'NONE', *, *, #1467, .T. ) ;
#1400 = CARTESIAN_POINT ( 'NONE',  ( 731.4350499353881787, 901.6146069385841884, 1351.799559916500812 ) ) ;
#1401 = EDGE_LOOP ( 'NONE', ( #675, #425, #760, #494 ) ) ;
#1402 = CARTESIAN_POINT ( 'NONE',  ( 673.5917116788810972, 902.0819592881034623, 1365.172076189226345 ) ) ;
#1403 = DIRECTION ( 'NONE',  ( -0.1370521391469812500, 0.000000000000000000, 0.9905638349724041891 ) ) ;
#1404 = ORIENTED_EDGE ( 'NONE', *, *, #979, .F. ) ;
#1405 = CIRCLE ( 'NONE', #1135, 0.9999999999999994449 ) ;
#1406 = DIRECTION ( 'NONE',  ( -0.1370521391469132766, 0.000000000000000000, 0.9905638349724137370 ) ) ;
#1407 = CARTESIAN_POINT ( 'NONE',  ( 652.8444705303737692, 897.3194592881034168, 1398.775686282835977 ) ) ;
#1408 = CARTESIAN_POINT ( 'NONE',  ( 714.4504860836098032, 897.3194592881034168, 1398.170233801753966 ) ) ;
#1409 = AXIS2_PLACEMENT_3D ( 'NONE', #450, #430, #886 ) ;
#1410 = EDGE_CURVE ( 'NONE', #1442, #455, #1380, .T. ) ;
#1411 = ORIENTED_EDGE ( 'NONE', *, *, #1130, .F. ) ;
#1412 = CYLINDRICAL_SURFACE ( 'NONE', #1084, 0.7937499999999264588 ) ;
#1413 = VECTOR ( 'NONE', #323, 1000.000000000000000 ) ;
#1414 = AXIS2_PLACEMENT_3D ( 'NONE', #745, #599, #169 ) ;
#1415 = DIRECTION ( 'NONE',  ( -0.1370521391469132766, 0.000000000000000000, 0.9905638349724137370 ) ) ;
#1416 = DIRECTION ( 'NONE',  ( 0.1370521391469812500, 0.000000000000000000, -0.9905638349724041891 ) ) ;
#1417 = AXIS2_PLACEMENT_3D ( 'NONE', #1162, #504, #603 ) ;
#1418 = EDGE_LOOP ( 'NONE', ( #272, #42, #1045, #349, #1066 ) ) ;
#1419 = DIRECTION ( 'NONE',  ( -0.9905638349724249503, 0.000000000000000000, -0.1370521391468316474 ) ) ;
#1420 = ORIENTED_EDGE ( 'NONE', *, *, #301, .F. ) ;
#1421 = LINE ( 'NONE', #49, #1265 ) ;
#1422 = EDGE_CURVE ( 'NONE', #941, #1154, #307, .T. ) ;
#1423 = CARTESIAN_POINT ( 'NONE',  ( 731.2077375146014901, 902.4858258011678345, 1351.568306959364918 ) ) ;
#1424 = LINE ( 'NONE', #535, #1065 ) ;
#1425 = CARTESIAN_POINT ( 'NONE',  ( 749.8360869030477716, 898.0814592881033604, 1354.398695994683294 ) ) ;
#1426 = CARTESIAN_POINT ( 'NONE',  ( 731.2579658494241812, 901.6601300056820492, 1351.632956702050024 ) ) ;
#1427 = ORIENTED_EDGE ( 'NONE', *, *, #1439, .F. ) ;
#1428 = DIRECTION ( 'NONE',  ( 0.000000000000000000, 0.000000000000000000, -1.000000000000000000 ) ) ;
#1429 = DIRECTION ( 'NONE',  ( -0.5812381937190961301, -0.000000000000000000, -0.8137334712067352260 ) ) ;
#1430 = EDGE_CURVE ( 'NONE', #1116, #610, #561, .T. ) ;
#1431 = DIRECTION ( 'NONE',  ( 0.9905638349724137370, -6.240093522598142138E-16, 0.1370521391469124994 ) ) ;
#1432 = DIRECTION ( 'NONE',  ( 0.000000000000000000, 1.000000000000000000, 0.000000000000000000 ) ) ;
#1433 = ORIENTED_EDGE ( 'NONE', *, *, #964, .T. ) ;
#1434 = CARTESIAN_POINT ( 'NONE',  ( 749.8360869030479989, 897.3194592881034168, 1354.398695994682839 ) ) ;
#1435 = CARTESIAN_POINT ( 'NONE',  ( 734.4257127812680892, 901.7847205441433971, 1327.145996877259222 ) ) ;
#1436 = VECTOR ( 'NONE', #77, 1000.000000000000000 ) ;
#1437 = EDGE_CURVE ( 'NONE', #697, #1103, #570, .T. ) ;
#1438 = DIRECTION ( 'NONE',  ( 0.1370521391469138317, 0.000000000000000000, -0.9905638349724136260 ) ) ;
#1439 = EDGE_CURVE ( 'NONE', #1396, #262, #665, .T. ) ;
#1440 = CARTESIAN_POINT ( 'NONE',  ( 731.7521058908326950, 902.5849738877923301, 1351.896637879382524 ) ) ;
#1441 = CIRCLE ( 'NONE', #906, 0.7937499999999264588 ) ;
#1442 = VERTEX_POINT ( 'NONE', #894 ) ;
#1443 = DIRECTION ( 'NONE',  ( 0.000000000000000000, -1.000000000000000000, 0.000000000000000000 ) ) ;
#1444 = CARTESIAN_POINT ( 'NONE',  ( 735.1244450897166871, 897.3194592881034168, 1327.522576515091941 ) ) ;
#1445 = DIRECTION ( 'NONE',  ( -0.9905638349724136260, -0.000000000000000000, -0.1370521391469132211 ) ) ;
#1446 = DIRECTION ( 'NONE',  ( 0.000000000000000000, 1.000000000000000000, 0.000000000000000000 ) ) ;
#1447 = LINE ( 'NONE', #316, #103 ) ;
#1448 = ADVANCED_FACE ( 'NONE', ( #1120 ), #1352, .F. ) ;
#1449 = ORIENTED_EDGE ( 'NONE', *, *, #231, .F. ) ;
#1450 = PLANE ( 'NONE',  #514 ) ;
#1451 = CARTESIAN_POINT ( 'NONE',  ( 737.5991303193322892, 902.0819592881034623, 1326.054130924600031 ) ) ;
#1452 = PLANE ( 'NONE',  #766 ) ;
#1453 = LINE ( 'NONE', #431, #1460 ) ;
#1454 = VECTOR ( 'NONE', #357, 1000.000000000000000 ) ;
#1455 = ORIENTED_EDGE ( 'NONE', *, *, #212, .T. ) ;
#1456 = EDGE_CURVE ( 'NONE', #9, #649, #217, .T. ) ;
#1457 = CARTESIAN_POINT ( 'NONE',  ( 734.3920646428737200, 901.3936642932056884, 1327.389193584841678 ) ) ;
#1458 = FACE_OUTER_BOUND ( 'NONE', #270, .T. ) ;
#1459 = CARTESIAN_POINT ( 'NONE',  ( 731.0861596302078169, 902.3791980320680750, 1351.283092416224690 ) ) ;
#1460 = VECTOR ( 'NONE', #551, 1000.000000000000114 ) ;
#1461 = DIRECTION ( 'NONE',  ( -0.000000000000000000, -1.000000000000000000, -0.000000000000000000 ) ) ;
#1462 = VECTOR ( 'NONE', #1429, 1000.000000000000000 ) ;
#1463 = ORIENTED_EDGE ( 'NONE', *, *, #951, .T. ) ;
#1464 = DIRECTION ( 'NONE',  ( 0.000000000000000000, 1.000000000000000000, 0.000000000000000000 ) ) ;
#1465 = VECTOR ( 'NONE', #821, 1000.000000000000000 ) ;
#1466 = CARTESIAN_POINT ( 'NONE',  ( 752.6397363288181168, 906.8444592881033941, 1329.137079406926205 ) ) ;
#1467 = EDGE_CURVE ( 'NONE', #747, #941, #445, .T. ) ;
#1468 = CARTESIAN_POINT ( 'NONE',  ( 752.6397363288181168, 906.8444592881033941, 1328.343329406926159 ) ) ;
#1469 = LINE ( 'NONE', #1370, #509 ) ;
#1470 = ORIENTED_EDGE ( 'NONE', *, *, #712, .T. ) ;
#1471 = CARTESIAN_POINT ( 'NONE',  ( 739.0600967151810892, 902.0819592881033486, 1328.035051790571515 ) ) ;
#1472 = EDGE_CURVE ( 'NONE', #335, #587, #440, .T. ) ;
#1473 = CARTESIAN_POINT ( 'NONE',  ( 734.4964983729037158, 897.3194592881034168, 1326.634383942592194 ) ) ;
#1474 = ORIENTED_EDGE ( 'NONE', *, *, #939, .F. ) ;
#1475 = CARTESIAN_POINT ( 'NONE',  ( 748.3455067411481423, 906.8444592881033941, 1365.172076189226345 ) ) ;
ENDSEC;
END-ISO-10303-21;
