solid newshell_supersonic_trapezoid
   facet normal 4.039238e-01 -5.715449e-01 -7.142702e-01
      outer loop
         vertex 1.084990e+01 1.298479e+01 1.846668e+01
         vertex 1.032572e+01 1.284806e+01 1.827967e+01
         vertex 1.080007e+01 1.515608e+01 1.670108e+01
      endloop
   endfacet
   facet normal 2.762041e-01 -5.691977e-01 -7.744193e-01
      outer loop
         vertex 2.202436e+01 1.970855e+01 1.847913e+01
         vertex 2.207591e+01 1.972492e+01 1.848548e+01
         vertex 2.175535e+01 1.753968e+01 1.997730e+01
      endloop
   endfacet
   facet normal 1.552696e-02 -5.640642e-01 -8.255849e-01
      outer loop
         vertex 3.462820e+01 1.644412e+01 2.315396e+01
         vertex 3.419945e+01 1.644009e+01 2.314865e+01
         vertex 3.428248e+01 2.199007e+01 1.935830e+01
      endloop
   endfacet
   facet normal 2.436648e-02 -5.640549e-01 -8.253777e-01
      outer loop
         vertex 3.428248e+01 2.199007e+01 1.935830e+01
         vertex 3.419945e+01 1.644009e+01 2.314865e+01
         vertex 3.413902e+01 2.198607e+01 1.935679e+01
      endloop
   endfacet
   facet normal 2.576419e-02 -5.640248e-01 -8.253558e-01
      outer loop
         vertex 3.413902e+01 2.198607e+01 1.935679e+01
         vertex 3.419945e+01 1.644009e+01 2.314865e+01
         vertex 3.376881e+01 1.643337e+01 2.313980e+01
      endloop
   endfacet
   facet normal 3.283758e-02 -5.642298e-01 -8.249645e-01
      outer loop
         vertex 3.413902e+01 2.198607e+01 1.935679e+01
         vertex 3.376881e+01 1.643337e+01 2.313980e+01
         vertex 3.367491e+01 2.196868e+01 1.935022e+01
      endloop
   endfacet
   facet normal 8.705367e-02 -5.648157e-01 -8.206125e-01
      outer loop
         vertex 3.177629e+01 2.182956e+01 1.929737e+01
         vertex 3.188757e+01 2.184060e+01 1.930157e+01
         vertex 3.158701e+01 1.635959e+01 2.304219e+01
      endloop
   endfacet
   facet normal 7.555436e-02 -5.649153e-01 -8.216825e-01
      outer loop
         vertex 3.158701e+01 1.635959e+01 2.304219e+01
         vertex 3.188757e+01 2.184060e+01 1.930157e+01
         vertex 3.202719e+01 1.637969e+01 2.306884e+01
      endloop
   endfacet
   facet normal 9.206383e-02 -5.646790e-01 -8.201597e-01
      outer loop
         vertex 3.177629e+01 2.182956e+01 1.929737e+01
         vertex 3.158701e+01 1.635959e+01 2.304219e+01
         vertex 3.147716e+01 2.179816e+01 1.928541e+01
      endloop
   endfacet
   facet normal 8.521842e-02 -5.651189e-01 -8.205964e-01
      outer loop
         vertex 3.147716e+01 2.179816e+01 1.928541e+01
         vertex 3.158701e+01 1.635959e+01 2.304219e+01
         vertex 3.114493e+01 1.633682e+01 2.301196e+01
      endloop
   endfacet
   facet normal 9.795831e-02 -5.649856e-01 -8.192652e-01
      outer loop
         vertex 3.147716e+01 2.179816e+01 1.928541e+01
         vertex 3.114493e+01 1.633682e+01 2.301196e+01
         vertex 3.129078e+01 2.177736e+01 1.927747e+01
      endloop
   endfacet
   facet normal 9.478330e-02 -5.651018e-01 -8.195585e-01
      outer loop
         vertex 3.114493e+01 1.633682e+01 2.301196e+01
         vertex 3.070093e+01 1.631138e+01 2.297815e+01
         vertex 3.129078e+01 2.177736e+01 1.927747e+01
      endloop
   endfacet
   facet normal 1.042456e-01 -5.652671e-01 -8.182945e-01
      outer loop
         vertex 3.129078e+01 2.177736e+01 1.927747e+01
         vertex 3.070093e+01 1.631138e+01 2.297815e+01
         vertex 3.025503e+01 1.628328e+01 2.294076e+01
      endloop
   endfacet
   facet normal 1.063616e-01 -5.654159e-01 -8.179193e-01
      outer loop
         vertex 3.129078e+01 2.177736e+01 1.927747e+01
         vertex 3.025503e+01 1.628328e+01 2.294076e+01
         vertex 3.077283e+01 2.171459e+01 1.925351e+01
      endloop
   endfacet
   facet normal 1.136063e-01 -5.654356e-01 -8.169310e-01
      outer loop
         vertex 3.077283e+01 2.171459e+01 1.925351e+01
         vertex 3.025503e+01 1.628328e+01 2.294076e+01
         vertex 2.980720e+01 1.625251e+01 2.289978e+01
      endloop
   endfacet
   facet normal 1.181881e-01 -5.656926e-01 -8.161026e-01
      outer loop
         vertex 3.077283e+01 2.171459e+01 1.925351e+01
         vertex 2.980720e+01 1.625251e+01 2.289978e+01
         vertex 3.027552e+01 2.164762e+01 1.922791e+01
      endloop
   endfacet
   facet normal 1.228639e-01 -5.656489e-01 -8.154421e-01
      outer loop
         vertex 3.027552e+01 2.164762e+01 1.922791e+01
         vertex 2.980720e+01 1.625251e+01 2.289978e+01
         vertex 2.935747e+01 1.621908e+01 2.285520e+01
      endloop
   endfacet
   facet normal 1.301457e-01 -5.659741e-01 -8.140856e-01
      outer loop
         vertex 3.027552e+01 2.164762e+01 1.922791e+01
         vertex 2.935747e+01 1.621908e+01 2.285520e+01
         vertex 2.971687e+01 2.156477e+01 1.919619e+01
      endloop
   endfacet
   facet normal 1.320186e-01 -5.659195e-01 -8.138220e-01
      outer loop
         vertex 2.971687e+01 2.156477e+01 1.919619e+01
         vertex 2.935747e+01 1.621908e+01 2.285520e+01
         vertex 2.890582e+01 1.618300e+01 2.280703e+01
      endloop
   endfacet
   facet normal 1.424834e-01 -5.661864e-01 -8.118691e-01
      outer loop
         vertex 2.971687e+01 2.156477e+01 1.919619e+01
         vertex 2.890582e+01 1.618300e+01 2.280703e+01
         vertex 2.915379e+01 2.147333e+01 1.916114e+01
      endloop
   endfacet
   facet normal 1.410669e-01 -5.662566e-01 -8.120674e-01
      outer loop
         vertex 2.890582e+01 1.618300e+01 2.280703e+01
         vertex 2.845225e+01 1.614425e+01 2.275526e+01
         vertex 2.915379e+01 2.147333e+01 1.916114e+01
      endloop
   endfacet
   facet normal 1.500100e-01 -5.663214e-01 -8.104178e-01
      outer loop
         vertex 2.915379e+01 2.147333e+01 1.916114e+01
         vertex 2.845225e+01 1.614425e+01 2.275526e+01
         vertex 2.799677e+01 1.610285e+01 2.269988e+01
      endloop
   endfacet
   facet normal 1.545803e-01 -5.666078e-01 -8.093581e-01
      outer loop
         vertex 2.915379e+01 2.147333e+01 1.916114e+01
         vertex 2.799677e+01 1.610285e+01 2.269988e+01
         vertex 2.858618e+01 2.137332e+01 1.912275e+01
      endloop
   endfacet
   facet normal 1.588485e-01 -5.665509e-01 -8.085711e-01
      outer loop
         vertex 2.858618e+01 2.137332e+01 1.912275e+01
         vertex 2.799677e+01 1.610285e+01 2.269988e+01
         vertex 2.753937e+01 1.605879e+01 2.264089e+01
      endloop
   endfacet
   facet normal 1.664048e-01 -5.668795e-01 -8.068191e-01
      outer loop
         vertex 2.858618e+01 2.137332e+01 1.912275e+01
         vertex 2.753937e+01 1.605879e+01 2.264089e+01
         vertex 2.801398e+01 2.126474e+01 1.908102e+01
      endloop
   endfacet
   facet normal 1.675810e-01 -5.668395e-01 -8.066037e-01
      outer loop
         vertex 2.801398e+01 2.126474e+01 1.908102e+01
         vertex 2.753937e+01 1.605879e+01 2.264089e+01
         vertex 2.708006e+01 1.601208e+01 2.257829e+01
      endloop
   endfacet
   facet normal 1.779695e-01 -5.670868e-01 -8.042011e-01
      outer loop
         vertex 2.801398e+01 2.126474e+01 1.908102e+01
         vertex 2.708006e+01 1.601208e+01 2.257829e+01
         vertex 2.743712e+01 2.114762e+01 1.903595e+01
      endloop
   endfacet
   facet normal 1.762082e-01 -5.671844e-01 -8.045201e-01
      outer loop
         vertex 2.708006e+01 1.601208e+01 2.257829e+01
         vertex 2.661882e+01 1.596272e+01 2.251207e+01
         vertex 2.743712e+01 2.114762e+01 1.903595e+01
      endloop
   endfacet
   facet normal 1.847273e-01 -5.672263e-01 -8.025772e-01
      outer loop
         vertex 2.743712e+01 2.114762e+01 1.903595e+01
         vertex 2.661882e+01 1.596272e+01 2.251207e+01
         vertex 2.615568e+01 1.591070e+01 2.244223e+01
      endloop
   endfacet
   facet normal 1.893258e-01 -5.675192e-01 -8.012975e-01
      outer loop
         vertex 2.743712e+01 2.114762e+01 1.903595e+01
         vertex 2.615568e+01 1.591070e+01 2.244223e+01
         vertex 2.685551e+01 2.102195e+01 1.898754e+01
      endloop
   endfacet
   facet normal 1.931415e-01 -5.674561e-01 -8.004311e-01
      outer loop
         vertex 2.685551e+01 2.102195e+01 1.898754e+01
         vertex 2.615568e+01 1.591070e+01 2.244223e+01
         vertex 2.569061e+01 1.585603e+01 2.236877e+01
      endloop
   endfacet
   facet normal 2.004197e-01 -5.677760e-01 -7.984124e-01
      outer loop
         vertex 2.685551e+01 2.102195e+01 1.898754e+01
         vertex 2.569061e+01 1.585603e+01 2.236877e+01
         vertex 2.626910e+01 2.088774e+01 1.893578e+01
      endloop
   endfacet
   facet normal 2.014488e-01 -5.677367e-01 -7.981813e-01
      outer loop
         vertex 2.626910e+01 2.088774e+01 1.893578e+01
         vertex 2.569061e+01 1.585603e+01 2.236877e+01
         vertex 2.522363e+01 1.579871e+01 2.229168e+01
      endloop
   endfacet
   facet normal 2.112736e-01 -5.679683e-01 -7.954719e-01
      outer loop
         vertex 2.626910e+01 2.088774e+01 1.893578e+01
         vertex 2.522363e+01 1.579871e+01 2.229168e+01
         vertex 2.567782e+01 2.074499e+01 1.888066e+01
      endloop
   endfacet
   facet normal 2.096524e-01 -5.680667e-01 -7.958305e-01
      outer loop
         vertex 2.567782e+01 2.074499e+01 1.888066e+01
         vertex 2.522363e+01 1.579871e+01 2.229168e+01
         vertex 2.475473e+01 1.573874e+01 2.221096e+01
      endloop
   endfacet
   facet normal 2.218907e-01 -5.680969e-01 -7.924837e-01
      outer loop
         vertex 2.567782e+01 2.074499e+01 1.888066e+01
         vertex 2.475473e+01 1.573874e+01 2.221096e+01
         vertex 2.508160e+01 2.059369e+01 1.882218e+01
      endloop
   endfacet
   facet normal 2.177482e-01 -5.684453e-01 -7.933824e-01
      outer loop
         vertex 2.475473e+01 1.573874e+01 2.221096e+01
         vertex 2.428392e+01 1.567612e+01 2.212661e+01
         vertex 2.508160e+01 2.059369e+01 1.882218e+01
      endloop
   endfacet
   facet normal 2.257377e-01 -5.683060e-01 -7.912464e-01
      outer loop
         vertex 2.508160e+01 2.059369e+01 1.882218e+01
         vertex 2.428392e+01 1.567612e+01 2.212661e+01
         vertex 2.381119e+01 1.561085e+01 2.203862e+01
      endloop
   endfacet
   facet normal 2.323604e-01 -5.686128e-01 -7.891059e-01
      outer loop
         vertex 2.508160e+01 2.059369e+01 1.882218e+01
         vertex 2.381119e+01 1.561085e+01 2.203862e+01
         vertex 2.448038e+01 2.043383e+01 1.876034e+01
      endloop
   endfacet
   facet normal 2.336222e-01 -5.685603e-01 -7.887711e-01
      outer loop
         vertex 2.448038e+01 2.043383e+01 1.876034e+01
         vertex 2.381119e+01 1.561085e+01 2.203862e+01
         vertex 2.333654e+01 1.554293e+01 2.194700e+01
      endloop
   endfacet
   facet normal 2.425548e-01 -5.687841e-01 -7.859083e-01
      outer loop
         vertex 2.448038e+01 2.043383e+01 1.876034e+01
         vertex 2.333654e+01 1.554293e+01 2.194700e+01
         vertex 2.387411e+01 2.026540e+01 1.869512e+01
      endloop
   endfacet
   facet normal 2.623077e-01 -5.690417e-01 -7.793499e-01
      outer loop
         vertex 2.264615e+01 1.990278e+01 1.855453e+01
         vertex 2.326272e+01 2.008839e+01 1.862652e+01
         vertex 2.271161e+01 1.776054e+01 2.014071e+01
      endloop
   endfacet
   facet normal 2.525117e-01 -5.688931e-01 -7.826867e-01
      outer loop
         vertex 2.271161e+01 1.776054e+01 2.014071e+01
         vertex 2.326272e+01 2.008839e+01 1.862652e+01
         vertex 2.285998e+01 1.547237e+01 2.185173e+01
      endloop
   endfacet
   facet normal 2.811552e-01 -5.687880e-01 -7.729372e-01
      outer loop
         vertex 2.202436e+01 1.970855e+01 1.847913e+01
         vertex 2.175535e+01 1.753968e+01 1.997730e+01
         vertex 2.139728e+01 1.950569e+01 1.840031e+01
      endloop
   endfacet
   facet normal 3.028150e-01 -5.664604e-01 -7.664370e-01
      outer loop
         vertex 2.078919e+01 1.730365e+01 1.980239e+01
         vertex 2.012707e+01 1.907395e+01 1.823239e+01
         vertex 2.017684e+01 1.909138e+01 1.823918e+01
      endloop
   endfacet
   facet normal 2.987975e-01 -5.681328e-01 -7.667758e-01
      outer loop
         vertex 2.017684e+01 1.909138e+01 1.823918e+01
         vertex 2.076487e+01 1.929416e+01 1.831807e+01
         vertex 2.078919e+01 1.730365e+01 1.980239e+01
      endloop
   endfacet
   facet normal 2.924902e-01 -5.693493e-01 -7.683039e-01
      outer loop
         vertex 2.078919e+01 1.730365e+01 1.980239e+01
         vertex 2.076487e+01 1.929416e+01 1.831807e+01
         vertex 2.111215e+01 1.941117e+01 1.836357e+01
      endloop
   endfacet
   facet normal 2.791723e-01 -5.702346e-01 -7.725900e-01
      outer loop
         vertex 2.078919e+01 1.730365e+01 1.980239e+01
         vertex 2.111215e+01 1.941117e+01 1.836357e+01
         vertex 2.175535e+01 1.753968e+01 1.997730e+01
      endloop
   endfacet
   facet normal 2.890171e-01 -5.662539e-01 -7.718975e-01
      outer loop
         vertex 2.175535e+01 1.753968e+01 1.997730e+01
         vertex 2.111215e+01 1.941117e+01 1.836357e+01
         vertex 2.115396e+01 1.942512e+01 1.836900e+01
      endloop
   endfacet
   facet normal 2.871175e-01 -5.669983e-01 -7.720599e-01
      outer loop
         vertex 2.175535e+01 1.753968e+01 1.997730e+01
         vertex 2.115396e+01 1.942512e+01 1.836900e+01
         vertex 2.139728e+01 1.950569e+01 1.840031e+01
      endloop
   endfacet
   facet normal 3.163157e-01 -5.677704e-01 -7.599875e-01
      outer loop
         vertex 1.915503e+01 1.872541e+01 1.809667e+01
         vertex 1.918709e+01 1.873715e+01 1.810124e+01
         vertex 1.947048e+01 1.490429e+01 2.108265e+01
      endloop
   endfacet
   facet normal 3.119389e-01 -5.688644e-01 -7.609779e-01
      outer loop
         vertex 1.947048e+01 1.490429e+01 2.108265e+01
         vertex 1.918709e+01 1.873715e+01 1.810124e+01
         vertex 1.985488e+01 1.897791e+01 1.819501e+01
      endloop
   endfacet
   facet normal 3.057829e-01 -5.696411e-01 -7.628931e-01
      outer loop
         vertex 1.947048e+01 1.490429e+01 2.108265e+01
         vertex 1.985488e+01 1.897791e+01 1.819501e+01
         vertex 2.012707e+01 1.907395e+01 1.823239e+01
      endloop
   endfacet
   facet normal 3.293076e-01 -5.679351e-01 -7.543250e-01
      outer loop
         vertex 1.814721e+01 1.834809e+01 1.794959e+01
         vertex 1.818474e+01 1.836243e+01 1.795518e+01
         vertex 1.848485e+01 1.471816e+01 2.082999e+01
      endloop
   endfacet
   facet normal 2.999304e-01 -5.718926e-01 -7.635316e-01
      outer loop
         vertex 1.947048e+01 1.490429e+01 2.108265e+01
         vertex 1.897862e+01 1.481255e+01 2.095815e+01
         vertex 1.915503e+01 1.872541e+01 1.809667e+01
      endloop
   endfacet
   facet normal 3.067961e-01 -5.708022e-01 -7.616173e-01
      outer loop
         vertex 1.915503e+01 1.872541e+01 1.809667e+01
         vertex 1.897862e+01 1.481255e+01 2.095815e+01
         vertex 1.848485e+01 1.471816e+01 2.082999e+01
      endloop
   endfacet
   facet normal 3.215964e-01 -5.696756e-01 -7.563368e-01
      outer loop
         vertex 1.915503e+01 1.872541e+01 1.809667e+01
         vertex 1.848485e+01 1.471816e+01 2.082999e+01
         vertex 1.844967e+01 1.846300e+01 1.799440e+01
      endloop
   endfacet
   facet normal 3.275070e-01 -5.684160e-01 -7.547466e-01
      outer loop
         vertex 1.844967e+01 1.846300e+01 1.799440e+01
         vertex 1.848485e+01 1.471816e+01 2.082999e+01
         vertex 1.818474e+01 1.836243e+01 1.795518e+01
      endloop
   endfacet
   facet normal 3.267909e-01 -5.724031e-01 -7.520388e-01
      outer loop
         vertex 1.699210e+01 1.441912e+01 2.042350e+01
         vertex 1.713438e+01 1.795311e+01 1.779549e+01
         vertex 1.749159e+01 1.452145e+01 2.056267e+01
      endloop
   endfacet
   facet normal 3.418270e-01 -5.680832e-01 -7.486226e-01
      outer loop
         vertex 1.749159e+01 1.452145e+01 2.056267e+01
         vertex 1.713438e+01 1.795311e+01 1.779549e+01
         vertex 1.716985e+01 1.796720e+01 1.780099e+01
      endloop
   endfacet
   facet normal 3.135545e-01 -5.721769e-01 -7.578240e-01
      outer loop
         vertex 1.848485e+01 1.471816e+01 2.082999e+01
         vertex 1.798918e+01 1.462113e+01 2.069816e+01
         vertex 1.814721e+01 1.834809e+01 1.794959e+01
      endloop
   endfacet
   facet normal 3.202278e-01 -5.710352e-01 -7.558922e-01
      outer loop
         vertex 1.814721e+01 1.834809e+01 1.794959e+01
         vertex 1.798918e+01 1.462113e+01 2.069816e+01
         vertex 1.749159e+01 1.452145e+01 2.056267e+01
      endloop
   endfacet
   facet normal 3.326224e-01 -5.700183e-01 -7.512932e-01
      outer loop
         vertex 1.814721e+01 1.834809e+01 1.794959e+01
         vertex 1.749159e+01 1.452145e+01 2.056267e+01
         vertex 1.773875e+01 1.819067e+01 1.788819e+01
      endloop
   endfacet
   facet normal 3.384086e-01 -5.690551e-01 -7.494370e-01
      outer loop
         vertex 1.773875e+01 1.819067e+01 1.788819e+01
         vertex 1.749159e+01 1.452145e+01 2.056267e+01
         vertex 1.716985e+01 1.796720e+01 1.780099e+01
      endloop
   endfacet
   facet normal 3.539786e-01 -5.681885e-01 -7.428735e-01
      outer loop
         vertex 1.610925e+01 1.753778e+01 1.763330e+01
         vertex 1.614240e+01 1.755145e+01 1.763864e+01
         vertex 1.649071e+01 1.431415e+01 2.028066e+01
      endloop
   endfacet
   facet normal 3.529502e-01 -5.685024e-01 -7.431226e-01
      outer loop
         vertex 1.649071e+01 1.431415e+01 2.028066e+01
         vertex 1.614240e+01 1.755145e+01 1.763864e+01
         vertex 1.629999e+01 1.761622e+01 1.766394e+01
      endloop
   endfacet
   facet normal 3.481324e-01 -5.697958e-01 -7.444036e-01
      outer loop
         vertex 1.649071e+01 1.431415e+01 2.028066e+01
         vertex 1.629999e+01 1.761622e+01 1.766394e+01
         vertex 1.702221e+01 1.790841e+01 1.777804e+01
      endloop
   endfacet
   facet normal 4.113879e-01 -5.706491e-01 -7.107176e-01
      outer loop
         vertex 1.080007e+01 1.515608e+01 1.670108e+01
         vertex 1.032572e+01 1.284806e+01 1.827967e+01
         vertex 1.050763e+01 1.501443e+01 1.664554e+01
      endloop
   endfacet
   facet normal 4.092652e-01 -5.711135e-01 -7.115696e-01
      outer loop
         vertex 1.050763e+01 1.501443e+01 1.664554e+01
         vertex 1.032572e+01 1.284806e+01 1.827967e+01
         vertex 9.799657e+00 1.270868e+01 1.808896e+01
      endloop
   endfacet
   facet normal 4.164676e-01 -5.708396e-01 -7.075994e-01
      outer loop
         vertex 1.050763e+01 1.501443e+01 1.664554e+01
         vertex 9.799657e+00 1.270868e+01 1.808896e+01
         vertex 9.707274e+00 1.462152e+01 1.649145e+01
      endloop
   endfacet
   facet normal 4.145082e-01 -5.714700e-01 -7.082408e-01
      outer loop
         vertex 9.707274e+00 1.462152e+01 1.649145e+01
         vertex 9.799657e+00 1.270868e+01 1.808896e+01
         vertex 9.271699e+00 1.256665e+01 1.789457e+01
      endloop
   endfacet
   facet normal 4.235263e-01 -5.703470e-01 -7.037967e-01
      outer loop
         vertex 9.707274e+00 1.462152e+01 1.649145e+01
         vertex 9.271699e+00 1.256665e+01 1.789457e+01
         vertex 8.900710e+00 1.421797e+01 1.633311e+01
      endloop
   endfacet
   facet normal 4.400971e-01 -5.705284e-01 -6.934060e-01
      outer loop
         vertex 7.268748e+00 1.337883e+01 1.600368e+01
         vertex 7.467935e+00 1.348284e+01 1.604452e+01
         vertex 7.140985e+00 1.197206e+01 1.708006e+01
      endloop
   endfacet
   facet normal 4.368385e-01 -5.709796e-01 -6.950931e-01
      outer loop
         vertex 7.140985e+00 1.197206e+01 1.708006e+01
         vertex 7.467935e+00 1.348284e+01 1.604452e+01
         vertex 8.087885e+00 1.380375e+01 1.617052e+01
      endloop
   endfacet
   facet normal 4.323007e-01 -5.703110e-01 -6.984708e-01
      outer loop
         vertex 7.140985e+00 1.197206e+01 1.708006e+01
         vertex 8.087885e+00 1.380375e+01 1.617052e+01
         vertex 8.210116e+00 1.227465e+01 1.749470e+01
      endloop
   endfacet
   facet normal 4.319340e-01 -5.704432e-01 -6.985897e-01
      outer loop
         vertex 8.210116e+00 1.227465e+01 1.749470e+01
         vertex 8.087885e+00 1.380375e+01 1.617052e+01
         vertex 8.590707e+00 1.406087e+01 1.627146e+01
      endloop
   endfacet
   facet normal 4.222301e-01 -5.717148e-01 -7.034657e-01
      outer loop
         vertex 8.210116e+00 1.227465e+01 1.749470e+01
         vertex 8.590707e+00 1.406087e+01 1.627146e+01
         vertex 9.271699e+00 1.256665e+01 1.789457e+01
      endloop
   endfacet
   facet normal 4.289193e-01 -5.677542e-01 -7.026261e-01
      outer loop
         vertex 9.271699e+00 1.256665e+01 1.789457e+01
         vertex 8.590707e+00 1.406087e+01 1.627146e+01
         vertex 8.600558e+00 1.406588e+01 1.627342e+01
      endloop
   endfacet
   facet normal 4.277809e-01 -5.684265e-01 -7.027765e-01
      outer loop
         vertex 9.271699e+00 1.256665e+01 1.789457e+01
         vertex 8.600558e+00 1.406588e+01 1.627342e+01
         vertex 8.900710e+00 1.421797e+01 1.633311e+01
      endloop
   endfacet
   facet normal 4.443281e-01 -5.708595e-01 -6.904289e-01
      outer loop
         vertex 6.599234e+00 1.173533e+01 1.693162e+01
         vertex 6.081596e+00 1.174132e+01 1.659354e+01
         vertex 6.443248e+00 1.294319e+01 1.583255e+01
      endloop
   endfacet
   facet normal 4.476989e-01 -5.706191e-01 -6.884472e-01
      outer loop
         vertex 6.443248e+00 1.294319e+01 1.583255e+01
         vertex 6.081596e+00 1.174132e+01 1.659354e+01
         vertex 5.927653e+00 1.174284e+01 1.649217e+01
      endloop
   endfacet
   facet normal 4.493343e-01 -5.706991e-01 -6.873145e-01
      outer loop
         vertex 6.443248e+00 1.294319e+01 1.583255e+01
         vertex 5.927653e+00 1.174284e+01 1.649217e+01
         vertex 6.016012e+00 1.271486e+01 1.574284e+01
      endloop
   endfacet
   facet normal 4.501051e-01 -5.705047e-01 -6.869714e-01
      outer loop
         vertex 6.016012e+00 1.271486e+01 1.574284e+01
         vertex 5.927653e+00 1.174284e+01 1.649217e+01
         vertex 5.592233e+00 1.174570e+01 1.627003e+01
      endloop
   endfacet
   facet normal 4.543131e-01 -5.707318e-01 -6.840064e-01
      outer loop
         vertex 6.016012e+00 1.271486e+01 1.574284e+01
         vertex 5.592233e+00 1.174570e+01 1.627003e+01
         vertex 5.170531e+00 1.225734e+01 1.556303e+01
      endloop
   endfacet
   facet normal 4.527165e-01 -5.720217e-01 -6.839876e-01
      outer loop
         vertex 5.170531e+00 1.225734e+01 1.556303e+01
         vertex 5.592233e+00 1.174570e+01 1.627003e+01
         vertex 5.256769e+00 1.174794e+01 1.604612e+01
      endloop
   endfacet
   facet normal 4.565532e-01 -5.703091e-01 -6.828666e-01
      outer loop
         vertex 5.170531e+00 1.225734e+01 1.556303e+01
         vertex 5.256769e+00 1.174794e+01 1.604612e+01
         vertex 4.921251e+00 1.174956e+01 1.582044e+01
      endloop
   endfacet
   facet normal 4.590940e-01 -5.705777e-01 -6.809360e-01
      outer loop
         vertex 4.921251e+00 1.174956e+01 1.582044e+01
         vertex 4.689975e+00 1.175030e+01 1.566390e+01
         vertex 5.170531e+00 1.225734e+01 1.556303e+01
      endloop
   endfacet
   facet normal 4.603133e-01 -5.714275e-01 -6.793985e-01
      outer loop
         vertex 5.170531e+00 1.225734e+01 1.556303e+01
         vertex 4.689975e+00 1.175030e+01 1.566390e+01
         vertex 4.585673e+00 1.175053e+01 1.559304e+01
      endloop
   endfacet
   facet normal 4.617390e-01 -5.729398e-01 -6.771536e-01
      outer loop
         vertex 5.170531e+00 1.225734e+01 1.556303e+01
         vertex 4.585673e+00 1.175053e+01 1.559304e+01
         vertex 4.250027e+00 1.175084e+01 1.536390e+01
      endloop
   endfacet
   facet normal 4.443690e-01 -5.708428e-01 -6.904163e-01
      outer loop
         vertex 6.443248e+00 1.294319e+01 1.583255e+01
         vertex 7.268748e+00 1.337883e+01 1.600368e+01
         vertex 6.599234e+00 1.173533e+01 1.693162e+01
      endloop
   endfacet
   facet normal 4.394477e-01 -5.706855e-01 -6.936885e-01
      outer loop
         vertex 6.599234e+00 1.173533e+01 1.693162e+01
         vertex 7.268748e+00 1.337883e+01 1.600368e+01
         vertex 7.140985e+00 1.197206e+01 1.708006e+01
      endloop
   endfacet
   facet normal 4.393738e-01 -5.702756e-01 -6.940724e-01
      outer loop
         vertex 6.599234e+00 1.173533e+01 1.693162e+01
         vertex 7.140985e+00 1.197206e+01 1.708006e+01
         vertex 7.127401e+00 1.172781e+01 1.727215e+01
      endloop
   endfacet
   facet normal 4.356091e-01 -5.712809e-01 -6.956169e-01
      outer loop
         vertex 7.127401e+00 1.172781e+01 1.727215e+01
         vertex 7.140985e+00 1.197206e+01 1.708006e+01
         vertex 7.270740e+00 1.172553e+01 1.736378e+01
      endloop
   endfacet
   facet normal 4.300961e-01 -5.747969e-01 -6.961508e-01
      outer loop
         vertex 7.270740e+00 1.172553e+01 1.736378e+01
         vertex 7.140985e+00 1.197206e+01 1.708006e+01
         vertex 7.942235e+00 1.171358e+01 1.778851e+01
      endloop
   endfacet
   facet normal 4.322651e-01 -5.716008e-01 -6.974378e-01
      outer loop
         vertex 7.942235e+00 1.171358e+01 1.778851e+01
         vertex 7.140985e+00 1.197206e+01 1.708006e+01
         vertex 8.210116e+00 1.227465e+01 1.749470e+01
      endloop
   endfacet
   facet normal 4.273086e-01 -5.710608e-01 -7.009257e-01
      outer loop
         vertex 7.942235e+00 1.171358e+01 1.778851e+01
         vertex 8.210116e+00 1.227465e+01 1.749470e+01
         vertex 8.089442e+00 1.171069e+01 1.788061e+01
      endloop
   endfacet
   facet normal 4.236065e-01 -5.715384e-01 -7.027812e-01
      outer loop
         vertex 8.089442e+00 1.171069e+01 1.788061e+01
         vertex 8.210116e+00 1.227465e+01 1.749470e+01
         vertex 8.613787e+00 1.169960e+01 1.820568e+01
      endloop
   endfacet
   facet normal 4.222088e-01 -5.725457e-01 -7.028024e-01
      outer loop
         vertex 8.613787e+00 1.169960e+01 1.820568e+01
         vertex 8.210116e+00 1.227465e+01 1.749470e+01
         vertex 9.271699e+00 1.256665e+01 1.789457e+01
      endloop
   endfacet
   facet normal 4.200492e-01 -5.716360e-01 -7.048340e-01
      outer loop
         vertex 8.613787e+00 1.169960e+01 1.820568e+01
         vertex 9.271699e+00 1.256665e+01 1.789457e+01
         vertex 8.753551e+00 1.169645e+01 1.829153e+01
      endloop
   endfacet
   facet normal 4.145343e-01 -5.703214e-01 -7.091508e-01
      outer loop
         vertex 8.753551e+00 1.169645e+01 1.829153e+01
         vertex 9.271699e+00 1.256665e+01 1.789457e+01
         vertex 9.799657e+00 1.270868e+01 1.808896e+01
      endloop
   endfacet
   facet normal 4.160238e-01 -5.714964e-01 -7.073303e-01
      outer loop
         vertex 8.753551e+00 1.169645e+01 1.829153e+01
         vertex 9.799657e+00 1.270868e+01 1.808896e+01
         vertex 9.373657e+00 1.168150e+01 1.866833e+01
      endloop
   endfacet
   facet normal 4.108420e-01 -5.711907e-01 -7.105984e-01
      outer loop
         vertex 9.373657e+00 1.168150e+01 1.866833e+01
         vertex 9.799657e+00 1.270868e+01 1.808896e+01
         vertex 9.726092e+00 1.167232e+01 1.887947e+01
      endloop
   endfacet
   facet normal 4.092557e-01 -5.715536e-01 -7.112217e-01
      outer loop
         vertex 9.726092e+00 1.167232e+01 1.887947e+01
         vertex 9.799657e+00 1.270868e+01 1.808896e+01
         vertex 1.032572e+01 1.284806e+01 1.827967e+01
      endloop
   endfacet
   facet normal 4.073862e-01 -5.712652e-01 -7.125255e-01
      outer loop
         vertex 9.726092e+00 1.167232e+01 1.887947e+01
         vertex 1.032572e+01 1.284806e+01 1.827967e+01
         vertex 9.993600e+00 1.166505e+01 1.903825e+01
      endloop
   endfacet
   facet normal 4.039256e-01 -5.714570e-01 -7.143396e-01
      outer loop
         vertex 9.993600e+00 1.166505e+01 1.903825e+01
         vertex 1.032572e+01 1.284806e+01 1.827967e+01
         vertex 1.084990e+01 1.298479e+01 1.846668e+01
      endloop
   endfacet
   facet normal 4.025061e-01 -5.710303e-01 -7.154811e-01
      outer loop
         vertex 9.993600e+00 1.166505e+01 1.903825e+01
         vertex 1.084990e+01 1.298479e+01 1.846668e+01
         vertex 1.061343e+01 1.164721e+01 1.940119e+01
      endloop
   endfacet
   facet normal 3.985101e-01 -5.715790e-01 -7.172776e-01
      outer loop
         vertex 1.061343e+01 1.164721e+01 1.940119e+01
         vertex 1.084990e+01 1.298479e+01 1.846668e+01
         vertex 1.137219e+01 1.311888e+01 1.865001e+01
      endloop
   endfacet
   facet normal 3.954227e-01 -5.710662e-01 -7.193916e-01
      outer loop
         vertex 1.061343e+01 1.164721e+01 1.940119e+01
         vertex 1.137219e+01 1.311888e+01 1.865001e+01
         vertex 1.123322e+01 1.162808e+01 1.975705e+01
      endloop
   endfacet
   facet normal 3.930156e-01 -5.715410e-01 -7.203331e-01
      outer loop
         vertex 1.123322e+01 1.162808e+01 1.975705e+01
         vertex 1.137219e+01 1.311888e+01 1.865001e+01
         vertex 1.189258e+01 1.325032e+01 1.882965e+01
      endloop
   endfacet
   facet normal 3.881474e-01 -5.712155e-01 -7.232250e-01
      outer loop
         vertex 1.123322e+01 1.162808e+01 1.975705e+01
         vertex 1.189258e+01 1.325032e+01 1.882965e+01
         vertex 1.185300e+01 1.160776e+01 2.010573e+01
      endloop
   endfacet
   facet normal 3.874380e-01 -5.713881e-01 -7.234691e-01
      outer loop
         vertex 1.189258e+01 1.325032e+01 1.882965e+01
         vertex 1.241107e+01 1.337911e+01 1.900560e+01
         vertex 1.185300e+01 1.160776e+01 2.010573e+01
      endloop
   endfacet
   facet normal 3.817729e-01 -5.714430e-01 -7.264313e-01
      outer loop
         vertex 1.185300e+01 1.160776e+01 2.010573e+01
         vertex 1.241107e+01 1.337911e+01 1.900560e+01
         vertex 1.292767e+01 1.350525e+01 1.917786e+01
      endloop
   endfacet
   facet normal 3.807711e-01 -5.712188e-01 -7.271330e-01
      outer loop
         vertex 1.185300e+01 1.160776e+01 2.010573e+01
         vertex 1.292767e+01 1.350525e+01 1.917786e+01
         vertex 1.247285e+01 1.158635e+01 2.044714e+01
      endloop
   endfacet
   facet normal 3.764993e-01 -5.715195e-01 -7.291184e-01
      outer loop
         vertex 1.247285e+01 1.158635e+01 2.044714e+01
         vertex 1.292767e+01 1.350525e+01 1.917786e+01
         vertex 1.254208e+01 1.158389e+01 2.048481e+01
      endloop
   endfacet
   facet normal 3.760202e-01 -5.715665e-01 -7.293288e-01
      outer loop
         vertex 1.254208e+01 1.158389e+01 2.048481e+01
         vertex 1.292767e+01 1.350525e+01 1.917786e+01
         vertex 1.344238e+01 1.362875e+01 1.934645e+01
      endloop
   endfacet
   facet normal 3.728134e-01 -5.712206e-01 -7.312436e-01
      outer loop
         vertex 1.254208e+01 1.158389e+01 2.048481e+01
         vertex 1.344238e+01 1.362875e+01 1.934645e+01
         vertex 1.309283e+01 1.156395e+01 2.078117e+01
      endloop
   endfacet
   facet normal 3.701839e-01 -5.715333e-01 -7.323343e-01
      outer loop
         vertex 1.309283e+01 1.156395e+01 2.078117e+01
         vertex 1.344238e+01 1.362875e+01 1.934645e+01
         vertex 1.395518e+01 1.374960e+01 1.951135e+01
      endloop
   endfacet
   facet normal 3.655532e-01 -5.712042e-01 -7.349127e-01
      outer loop
         vertex 1.309283e+01 1.156395e+01 2.078117e+01
         vertex 1.395518e+01 1.374960e+01 1.951135e+01
         vertex 1.371298e+01 1.154067e+01 2.110774e+01
      endloop
   endfacet
   facet normal 3.642593e-01 -5.714106e-01 -7.353945e-01
      outer loop
         vertex 1.371298e+01 1.154067e+01 2.110774e+01
         vertex 1.395518e+01 1.374960e+01 1.951135e+01
         vertex 1.446609e+01 1.386780e+01 1.967257e+01
      endloop
   endfacet
   facet normal 3.602043e-01 -5.713550e-01 -7.374323e-01
      outer loop
         vertex 1.371298e+01 1.154067e+01 2.110774e+01
         vertex 1.446609e+01 1.386780e+01 1.967257e+01
         vertex 1.393238e+01 1.153225e+01 2.122144e+01
      endloop
   endfacet
   facet normal 3.582436e-01 -5.714772e-01 -7.382922e-01
      outer loop
         vertex 1.393238e+01 1.153225e+01 2.122144e+01
         vertex 1.446609e+01 1.386780e+01 1.967257e+01
         vertex 1.497510e+01 1.398336e+01 1.983011e+01
      endloop
   endfacet
   facet normal 3.552130e-01 -5.711582e-01 -7.400014e-01
      outer loop
         vertex 1.393238e+01 1.153225e+01 2.122144e+01
         vertex 1.497510e+01 1.398336e+01 1.983011e+01
         vertex 1.450406e+01 1.150987e+01 2.151313e+01
      endloop
   endfacet
   facet normal 3.521395e-01 -5.714292e-01 -7.412600e-01
      outer loop
         vertex 1.450406e+01 1.150987e+01 2.151313e+01
         vertex 1.497510e+01 1.398336e+01 1.983011e+01
         vertex 1.548220e+01 1.409627e+01 1.998397e+01
      endloop
   endfacet
   facet normal 3.477937e-01 -5.711321e-01 -7.435373e-01
      outer loop
         vertex 1.450406e+01 1.150987e+01 2.151313e+01
         vertex 1.548220e+01 1.409627e+01 1.998397e+01
         vertex 1.507576e+01 1.148694e+01 2.179815e+01
      endloop
   endfacet
   facet normal 3.459432e-01 -5.713353e-01 -7.442441e-01
      outer loop
         vertex 1.507576e+01 1.148694e+01 2.179815e+01
         vertex 1.548220e+01 1.409627e+01 1.998397e+01
         vertex 1.598741e+01 1.420653e+01 2.013415e+01
      endloop
   endfacet
   facet normal 3.402285e-01 -5.711264e-01 -7.470336e-01
      outer loop
         vertex 1.507576e+01 1.148694e+01 2.179815e+01
         vertex 1.598741e+01 1.420653e+01 2.013415e+01
         vertex 1.564753e+01 1.146354e+01 2.207645e+01
      endloop
   endfacet
   facet normal 4.097111e-01 -5.698384e-01 -7.123349e-01
      outer loop
         vertex 1.080007e+01 1.515608e+01 1.670108e+01
         vertex 1.081768e+01 1.516458e+01 1.670441e+01
         vertex 1.084990e+01 1.298479e+01 1.846668e+01
      endloop
   endfacet
   facet normal 4.084914e-01 -5.701931e-01 -7.127514e-01
      outer loop
         vertex 1.084990e+01 1.298479e+01 1.846668e+01
         vertex 1.081768e+01 1.516458e+01 1.670441e+01
         vertex 1.108065e+01 1.529101e+01 1.675397e+01
      endloop
   endfacet
   facet normal 3.984982e-01 -5.721948e-01 -7.167931e-01
      outer loop
         vertex 1.084990e+01 1.298479e+01 1.846668e+01
         vertex 1.108065e+01 1.529101e+01 1.675397e+01
         vertex 1.137219e+01 1.311888e+01 1.865001e+01
      endloop
   endfacet
   facet normal 4.036446e-01 -5.703044e-01 -7.154187e-01
      outer loop
         vertex 1.137219e+01 1.311888e+01 1.865001e+01
         vertex 1.108065e+01 1.529101e+01 1.675397e+01
         vertex 1.184418e+01 1.565331e+01 1.689596e+01
      endloop
   endfacet
   facet normal 3.930134e-01 -5.716607e-01 -7.202392e-01
      outer loop
         vertex 1.137219e+01 1.311888e+01 1.865001e+01
         vertex 1.184418e+01 1.565331e+01 1.689596e+01
         vertex 1.189258e+01 1.325032e+01 1.882965e+01
      endloop
   endfacet
   facet normal 3.963633e-01 -5.707174e-01 -7.191507e-01
      outer loop
         vertex 1.189258e+01 1.325032e+01 1.882965e+01
         vertex 1.184418e+01 1.565331e+01 1.689596e+01
         vertex 1.260166e+01 1.600553e+01 1.703393e+01
      endloop
   endfacet
   facet normal 3.874397e-01 -5.712868e-01 -7.235481e-01
      outer loop
         vertex 1.189258e+01 1.325032e+01 1.882965e+01
         vertex 1.260166e+01 1.600553e+01 1.703393e+01
         vertex 1.241107e+01 1.337911e+01 1.900560e+01
      endloop
   endfacet
   facet normal 3.907596e-01 -5.705959e-01 -7.223069e-01
      outer loop
         vertex 1.241107e+01 1.337911e+01 1.900560e+01
         vertex 1.260166e+01 1.600553e+01 1.703393e+01
         vertex 1.296038e+01 1.616977e+01 1.709824e+01
      endloop
   endfacet
   facet normal 3.817708e-01 -5.715752e-01 -7.263283e-01
      outer loop
         vertex 1.241107e+01 1.337911e+01 1.900560e+01
         vertex 1.296038e+01 1.616977e+01 1.709824e+01
         vertex 1.292767e+01 1.350525e+01 1.917786e+01
      endloop
   endfacet
   facet normal 3.868558e-01 -5.703114e-01 -7.246292e-01
      outer loop
         vertex 1.292767e+01 1.350525e+01 1.917786e+01
         vertex 1.296038e+01 1.616977e+01 1.709824e+01
         vertex 1.335314e+01 1.634769e+01 1.716790e+01
      endloop
   endfacet
   facet normal 3.760161e-01 -5.718542e-01 -7.291054e-01
      outer loop
         vertex 1.292767e+01 1.350525e+01 1.917786e+01
         vertex 1.335314e+01 1.634769e+01 1.716790e+01
         vertex 1.344238e+01 1.362875e+01 1.934645e+01
      endloop
   endfacet
   facet normal 3.809999e-01 -5.704793e-01 -7.275936e-01
      outer loop
         vertex 1.344238e+01 1.362875e+01 1.934645e+01
         vertex 1.335314e+01 1.634769e+01 1.716790e+01
         vertex 1.409865e+01 1.667982e+01 1.729787e+01
      endloop
   endfacet
   facet normal 3.701856e-01 -5.714036e-01 -7.324347e-01
      outer loop
         vertex 1.344238e+01 1.362875e+01 1.934645e+01
         vertex 1.409865e+01 1.667982e+01 1.729787e+01
         vertex 1.395518e+01 1.374960e+01 1.951135e+01
      endloop
   endfacet
   facet normal 3.731798e-01 -5.707732e-01 -7.314061e-01
      outer loop
         vertex 1.395518e+01 1.374960e+01 1.951135e+01
         vertex 1.409865e+01 1.667982e+01 1.729787e+01
         vertex 1.483826e+01 1.700193e+01 1.742386e+01
      endloop
   endfacet
   facet normal 3.642633e-01 -5.710771e-01 -7.356516e-01
      outer loop
         vertex 1.395518e+01 1.374960e+01 1.951135e+01
         vertex 1.483826e+01 1.700193e+01 1.742386e+01
         vertex 1.446609e+01 1.386780e+01 1.967257e+01
      endloop
   endfacet
   facet normal 3.678114e-01 -5.705335e-01 -7.343067e-01
      outer loop
         vertex 1.446609e+01 1.386780e+01 1.967257e+01
         vertex 1.483826e+01 1.700193e+01 1.742386e+01
         vertex 1.507188e+01 1.710212e+01 1.746304e+01
      endloop
   endfacet
   facet normal 3.582437e-01 -5.714686e-01 -7.382988e-01
      outer loop
         vertex 1.446609e+01 1.386780e+01 1.967257e+01
         vertex 1.507188e+01 1.710212e+01 1.746304e+01
         vertex 1.497510e+01 1.398336e+01 1.983011e+01
      endloop
   endfacet
   facet normal 3.636732e-01 -5.703042e-01 -7.365425e-01
      outer loop
         vertex 1.497510e+01 1.398336e+01 1.983011e+01
         vertex 1.507188e+01 1.710212e+01 1.746304e+01
         vertex 1.557202e+01 1.731406e+01 1.754589e+01
      endloop
   endfacet
   facet normal 3.521392e-01 -5.714575e-01 -7.412384e-01
      outer loop
         vertex 1.497510e+01 1.398336e+01 1.983011e+01
         vertex 1.557202e+01 1.731406e+01 1.754589e+01
         vertex 1.548220e+01 1.409627e+01 1.998397e+01
      endloop
   endfacet
   facet normal 3.577963e-01 -5.702599e-01 -7.394494e-01
      outer loop
         vertex 1.548220e+01 1.409627e+01 1.998397e+01
         vertex 1.557202e+01 1.731406e+01 1.754589e+01
         vertex 1.610925e+01 1.753778e+01 1.763330e+01
      endloop
   endfacet
   facet normal 3.459430e-01 -5.713615e-01 -7.442241e-01
      outer loop
         vertex 1.548220e+01 1.409627e+01 1.998397e+01
         vertex 1.610925e+01 1.753778e+01 1.763330e+01
         vertex 1.598741e+01 1.420653e+01 2.013415e+01
      endloop
   endfacet
   facet normal 3.396454e-01 -5.725951e-01 -7.461741e-01
      outer loop
         vertex 1.598741e+01 1.420653e+01 2.013415e+01
         vertex 1.610925e+01 1.753778e+01 1.763330e+01
         vertex 1.649071e+01 1.431415e+01 2.028066e+01
      endloop
   endfacet
   facet normal 3.396567e-01 -5.712000e-01 -7.472375e-01
      outer loop
         vertex 1.598741e+01 1.420653e+01 2.013415e+01
         vertex 1.649071e+01 1.431415e+01 2.028066e+01
         vertex 1.564753e+01 1.146354e+01 2.207645e+01
      endloop
   endfacet
   facet normal 3.325188e-01 -5.711370e-01 -7.504890e-01
      outer loop
         vertex 1.564753e+01 1.146354e+01 2.207645e+01
         vertex 1.649071e+01 1.431415e+01 2.028066e+01
         vertex 1.621941e+01 1.143975e+01 2.234793e+01
      endloop
   endfacet
   facet normal 3.433120e-01 -5.703465e-01 -7.462183e-01
      outer loop
         vertex 1.702221e+01 1.790841e+01 1.777804e+01
         vertex 1.713438e+01 1.795311e+01 1.779549e+01
         vertex 1.649071e+01 1.431415e+01 2.028066e+01
      endloop
   endfacet
   facet normal 3.332739e-01 -5.712171e-01 -7.500930e-01
      outer loop
         vertex 1.649071e+01 1.431415e+01 2.028066e+01
         vertex 1.713438e+01 1.795311e+01 1.779549e+01
         vertex 1.699210e+01 1.441912e+01 2.042350e+01
      endloop
   endfacet
   facet normal 3.332752e-01 -5.710272e-01 -7.502370e-01
      outer loop
         vertex 1.649071e+01 1.431415e+01 2.028066e+01
         vertex 1.699210e+01 1.441912e+01 2.042350e+01
         vertex 1.621941e+01 1.143975e+01 2.234793e+01
      endloop
   endfacet
   facet normal 3.267986e-01 -5.711326e-01 -7.530008e-01
      outer loop
         vertex 1.621941e+01 1.143975e+01 2.234793e+01
         vertex 1.699210e+01 1.441912e+01 2.042350e+01
         vertex 1.749159e+01 1.452145e+01 2.056267e+01
      endloop
   endfacet
   facet normal 3.247472e-01 -5.709012e-01 -7.540631e-01
      outer loop
         vertex 1.621941e+01 1.143975e+01 2.234793e+01
         vertex 1.749159e+01 1.452145e+01 2.056267e+01
         vertex 1.679144e+01 1.141565e+01 2.261253e+01
      endloop
   endfacet
   facet normal 3.202276e-01 -5.710715e-01 -7.558648e-01
      outer loop
         vertex 1.679144e+01 1.141565e+01 2.261253e+01
         vertex 1.749159e+01 1.452145e+01 2.056267e+01
         vertex 1.798918e+01 1.462113e+01 2.069816e+01
      endloop
   endfacet
   facet normal 3.167928e-01 -5.707820e-01 -7.575290e-01
      outer loop
         vertex 1.679144e+01 1.141565e+01 2.261253e+01
         vertex 1.798918e+01 1.462113e+01 2.069816e+01
         vertex 1.736368e+01 1.139132e+01 2.287017e+01
      endloop
   endfacet
   facet normal 3.135596e-01 -5.709664e-01 -7.587343e-01
      outer loop
         vertex 1.736368e+01 1.139132e+01 2.287017e+01
         vertex 1.798918e+01 1.462113e+01 2.069816e+01
         vertex 1.848485e+01 1.471816e+01 2.082999e+01
      endloop
   endfacet
   facet normal 3.086883e-01 -5.706799e-01 -7.609442e-01
      outer loop
         vertex 1.736368e+01 1.139132e+01 2.287017e+01
         vertex 1.848485e+01 1.471816e+01 2.082999e+01
         vertex 1.793615e+01 1.136682e+01 2.312078e+01
      endloop
   endfacet
   facet normal 3.067960e-01 -5.708207e-01 -7.616035e-01
      outer loop
         vertex 1.793615e+01 1.136682e+01 2.312078e+01
         vertex 1.848485e+01 1.471816e+01 2.082999e+01
         vertex 1.897862e+01 1.481255e+01 2.095815e+01
      endloop
   endfacet
   facet normal 3.004320e-01 -5.705922e-01 -7.643070e-01
      outer loop
         vertex 1.793615e+01 1.136682e+01 2.312078e+01
         vertex 1.897862e+01 1.481255e+01 2.095815e+01
         vertex 1.850892e+01 1.134224e+01 2.336427e+01
      endloop
   endfacet
   facet normal 2.999335e-01 -5.706371e-01 -7.644692e-01
      outer loop
         vertex 1.850892e+01 1.134224e+01 2.336427e+01
         vertex 1.897862e+01 1.481255e+01 2.095815e+01
         vertex 1.947048e+01 1.490429e+01 2.108265e+01
      endloop
   endfacet
   facet normal 2.920249e-01 -5.705169e-01 -7.676144e-01
      outer loop
         vertex 1.850892e+01 1.134224e+01 2.336427e+01
         vertex 1.947048e+01 1.490429e+01 2.108265e+01
         vertex 1.908203e+01 1.131765e+01 2.360057e+01
      endloop
   endfacet
   facet normal 2.841793e-01 -5.705409e-01 -7.705356e-01
      outer loop
         vertex 1.930075e+01 1.130829e+01 2.368881e+01
         vertex 1.996043e+01 1.499338e+01 2.120348e+01
         vertex 1.934013e+01 1.130660e+01 2.370458e+01
      endloop
   endfacet
   facet normal 2.859102e-01 -5.704455e-01 -7.699657e-01
      outer loop
         vertex 1.934013e+01 1.130660e+01 2.370458e+01
         vertex 1.996043e+01 1.499338e+01 2.120348e+01
         vertex 2.044847e+01 1.507983e+01 2.132066e+01
      endloop
   endfacet
   facet normal 2.799413e-01 -5.701936e-01 -7.723420e-01
      outer loop
         vertex 1.934013e+01 1.130660e+01 2.370458e+01
         vertex 2.044847e+01 1.507983e+01 2.132066e+01
         vertex 1.987311e+01 1.128386e+01 2.391455e+01
      endloop
   endfacet
   facet normal 2.787481e-01 -5.702693e-01 -7.727175e-01
      outer loop
         vertex 1.987311e+01 1.128386e+01 2.391455e+01
         vertex 2.044847e+01 1.507983e+01 2.132066e+01
         vertex 2.093460e+01 1.516363e+01 2.143418e+01
      endloop
   endfacet
   facet normal 2.718243e-01 -5.700517e-01 -7.753403e-01
      outer loop
         vertex 1.987311e+01 1.128386e+01 2.391455e+01
         vertex 2.093460e+01 1.516363e+01 2.143418e+01
         vertex 2.040622e+01 1.126128e+01 2.411805e+01
      endloop
   endfacet
   facet normal 2.714843e-01 -5.700756e-01 -7.754419e-01
      outer loop
         vertex 2.040622e+01 1.126128e+01 2.411805e+01
         vertex 2.093460e+01 1.516363e+01 2.143418e+01
         vertex 2.141882e+01 1.524479e+01 2.154404e+01
      endloop
   endfacet
   facet normal 2.635810e-01 -5.699058e-01 -7.782882e-01
      outer loop
         vertex 2.040622e+01 1.126128e+01 2.411805e+01
         vertex 2.141882e+01 1.524479e+01 2.154404e+01
         vertex 2.093948e+01 1.123890e+01 2.431504e+01
      endloop
   endfacet
   facet normal 2.381022e-01 -5.694406e-01 -7.867939e-01
      outer loop
         vertex 2.254050e+01 1.117360e+01 2.486627e+01
         vertex 2.200659e+01 1.119501e+01 2.468920e+01
         vertex 2.285998e+01 1.547237e+01 2.185173e+01
      endloop
   endfacet
   facet normal 2.490800e-01 -5.693939e-01 -7.834218e-01
      outer loop
         vertex 2.285998e+01 1.547237e+01 2.185173e+01
         vertex 2.200659e+01 1.119501e+01 2.468920e+01
         vertex 2.238151e+01 1.539916e+01 2.175281e+01
      endloop
   endfacet
   facet normal 2.490805e-01 -5.695696e-01 -7.832939e-01
      outer loop
         vertex 2.285998e+01 1.547237e+01 2.185173e+01
         vertex 2.238151e+01 1.539916e+01 2.175281e+01
         vertex 2.271161e+01 1.776054e+01 2.014071e+01
      endloop
   endfacet
   facet normal 2.525283e-01 -5.688915e-01 -7.826825e-01
      outer loop
         vertex 2.326272e+01 2.008839e+01 1.862652e+01
         vertex 2.387411e+01 2.026540e+01 1.869512e+01
         vertex 2.285998e+01 1.547237e+01 2.185173e+01
      endloop
   endfacet
   facet normal 2.414025e-01 -5.688596e-01 -7.862084e-01
      outer loop
         vertex 2.285998e+01 1.547237e+01 2.185173e+01
         vertex 2.387411e+01 2.026540e+01 1.869512e+01
         vertex 2.333654e+01 1.554293e+01 2.194700e+01
      endloop
   endfacet
   facet normal 2.414033e-01 -5.691352e-01 -7.860086e-01
      outer loop
         vertex 2.285998e+01 1.547237e+01 2.185173e+01
         vertex 2.333654e+01 1.554293e+01 2.194700e+01
         vertex 2.254050e+01 1.117360e+01 2.486627e+01
      endloop
   endfacet
   facet normal 2.336246e-01 -5.692371e-01 -7.882821e-01
      outer loop
         vertex 2.254050e+01 1.117360e+01 2.486627e+01
         vertex 2.333654e+01 1.554293e+01 2.194700e+01
         vertex 2.381119e+01 1.561085e+01 2.203862e+01
      endloop
   endfacet
   facet normal 2.294419e-01 -5.689523e-01 -7.897149e-01
      outer loop
         vertex 2.254050e+01 1.117360e+01 2.486627e+01
         vertex 2.381119e+01 1.561085e+01 2.203862e+01
         vertex 2.307468e+01 1.115262e+01 2.503658e+01
      endloop
   endfacet
   facet normal 2.257406e-01 -5.690233e-01 -7.907298e-01
      outer loop
         vertex 2.307468e+01 1.115262e+01 2.503658e+01
         vertex 2.381119e+01 1.561085e+01 2.203862e+01
         vertex 2.428392e+01 1.567612e+01 2.212661e+01
      endloop
   endfacet
   facet normal 2.205875e-01 -5.687204e-01 -7.924003e-01
      outer loop
         vertex 2.307468e+01 1.115262e+01 2.503658e+01
         vertex 2.428392e+01 1.567612e+01 2.212661e+01
         vertex 2.360917e+01 1.113213e+01 2.520008e+01
      endloop
   endfacet
   facet normal 2.135693e-01 -5.688934e-01 -7.941968e-01
      outer loop
         vertex 2.360917e+01 1.113213e+01 2.520008e+01
         vertex 2.428392e+01 1.567612e+01 2.212661e+01
         vertex 2.390198e+01 1.112113e+01 2.528670e+01
      endloop
   endfacet
   facet normal 2.177489e-01 -5.686012e-01 -7.932705e-01
      outer loop
         vertex 2.390198e+01 1.112113e+01 2.528670e+01
         vertex 2.428392e+01 1.567612e+01 2.212661e+01
         vertex 2.475473e+01 1.573874e+01 2.221096e+01
      endloop
   endfacet
   facet normal 2.090955e-01 -5.685676e-01 -7.956192e-01
      outer loop
         vertex 2.390198e+01 1.112113e+01 2.528670e+01
         vertex 2.475473e+01 1.573874e+01 2.221096e+01
         vertex 2.414399e+01 1.111217e+01 2.535671e+01
      endloop
   endfacet
   facet normal 2.096547e-01 -5.685499e-01 -7.954847e-01
      outer loop
         vertex 2.414399e+01 1.111217e+01 2.535671e+01
         vertex 2.475473e+01 1.573874e+01 2.221096e+01
         vertex 2.522363e+01 1.579871e+01 2.229168e+01
      endloop
   endfacet
   facet normal 2.025040e-01 -5.682518e-01 -7.975475e-01
      outer loop
         vertex 2.414399e+01 1.111217e+01 2.535671e+01
         vertex 2.522363e+01 1.579871e+01 2.229168e+01
         vertex 2.467917e+01 1.109279e+01 2.550640e+01
      endloop
   endfacet
   facet normal 2.014516e-01 -5.682923e-01 -7.977851e-01
      outer loop
         vertex 2.467917e+01 1.109279e+01 2.550640e+01
         vertex 2.522363e+01 1.579871e+01 2.229168e+01
         vertex 2.569061e+01 1.585603e+01 2.236877e+01
      endloop
   endfacet
   facet normal 1.952334e-01 -5.680859e-01 -7.994763e-01
      outer loop
         vertex 2.467917e+01 1.109279e+01 2.550640e+01
         vertex 2.569061e+01 1.585603e+01 2.236877e+01
         vertex 2.498837e+01 1.108189e+01 2.558965e+01
      endloop
   endfacet
   facet normal 1.931450e-01 -5.681095e-01 -7.999666e-01
      outer loop
         vertex 2.498837e+01 1.108189e+01 2.558965e+01
         vertex 2.569061e+01 1.585603e+01 2.236877e+01
         vertex 2.615568e+01 1.591070e+01 2.244223e+01
      endloop
   endfacet
   facet normal 1.881219e-01 -5.678122e-01 -8.013735e-01
      outer loop
         vertex 2.498837e+01 1.108189e+01 2.558965e+01
         vertex 2.615568e+01 1.591070e+01 2.244223e+01
         vertex 2.549939e+01 1.106437e+01 2.572203e+01
      endloop
   endfacet
   facet normal 1.847307e-01 -5.678625e-01 -8.021264e-01
      outer loop
         vertex 2.549939e+01 1.106437e+01 2.572203e+01
         vertex 2.615568e+01 1.591070e+01 2.244223e+01
         vertex 2.661882e+01 1.596272e+01 2.251207e+01
      endloop
   endfacet
   facet normal 1.791506e-01 -5.675574e-01 -8.036067e-01
      outer loop
         vertex 2.549939e+01 1.106437e+01 2.572203e+01
         vertex 2.661882e+01 1.596272e+01 2.251207e+01
         vertex 2.601047e+01 1.104749e+01 2.584789e+01
      endloop
   endfacet
   facet normal 1.762106e-01 -5.676095e-01 -8.042197e-01
      outer loop
         vertex 2.601047e+01 1.104749e+01 2.584789e+01
         vertex 2.661882e+01 1.596272e+01 2.251207e+01
         vertex 2.708006e+01 1.601208e+01 2.257829e+01
      endloop
   endfacet
   facet normal 1.700719e-01 -5.673001e-01 -8.057581e-01
      outer loop
         vertex 2.601047e+01 1.104749e+01 2.584789e+01
         vertex 2.708006e+01 1.601208e+01 2.257829e+01
         vertex 2.652165e+01 1.103131e+01 2.596718e+01
      endloop
   endfacet
   facet normal 1.675840e-01 -5.673513e-01 -8.062432e-01
      outer loop
         vertex 2.652165e+01 1.103131e+01 2.596718e+01
         vertex 2.708006e+01 1.601208e+01 2.257829e+01
         vertex 2.753937e+01 1.605879e+01 2.264089e+01
      endloop
   endfacet
   facet normal 1.608897e-01 -5.670415e-01 -8.078232e-01
      outer loop
         vertex 2.652165e+01 1.103131e+01 2.596718e+01
         vertex 2.753937e+01 1.605879e+01 2.264089e+01
         vertex 2.703293e+01 1.101585e+01 2.607986e+01
      endloop
   endfacet
   facet normal 1.588516e-01 -5.670891e-01 -8.081931e-01
      outer loop
         vertex 2.703293e+01 1.101585e+01 2.607986e+01
         vertex 2.753937e+01 1.605879e+01 2.264089e+01
         vertex 2.799677e+01 1.610285e+01 2.269988e+01
      endloop
   endfacet
   facet normal 1.516069e-01 -5.667827e-01 -8.097979e-01
      outer loop
         vertex 2.703293e+01 1.101585e+01 2.607986e+01
         vertex 2.799677e+01 1.610285e+01 2.269988e+01
         vertex 2.754434e+01 1.100115e+01 2.618589e+01
      endloop
   endfacet
   facet normal 1.500129e-01 -5.668243e-01 -8.100656e-01
      outer loop
         vertex 2.754434e+01 1.100115e+01 2.618589e+01
         vertex 2.799677e+01 1.610285e+01 2.269988e+01
         vertex 2.845225e+01 1.614425e+01 2.275526e+01
      endloop
   endfacet
   facet normal 1.422242e-01 -5.665251e-01 -8.116783e-01
      outer loop
         vertex 2.754434e+01 1.100115e+01 2.618589e+01
         vertex 2.845225e+01 1.614425e+01 2.275526e+01
         vertex 2.805588e+01 1.098725e+01 2.628523e+01
      endloop
   endfacet
   facet normal 1.410687e-01 -5.665584e-01 -8.118567e-01
      outer loop
         vertex 2.805588e+01 1.098725e+01 2.628523e+01
         vertex 2.845225e+01 1.614425e+01 2.275526e+01
         vertex 2.890582e+01 1.618300e+01 2.280703e+01
      endloop
   endfacet
   facet normal 1.327396e-01 -5.662698e-01 -8.134610e-01
      outer loop
         vertex 2.805588e+01 1.098725e+01 2.628523e+01
         vertex 2.890582e+01 1.618300e+01 2.280703e+01
         vertex 2.856757e+01 1.097417e+01 2.637783e+01
      endloop
   endfacet
   facet normal 1.320206e-01 -5.662925e-01 -8.135621e-01
      outer loop
         vertex 2.856757e+01 1.097417e+01 2.637783e+01
         vertex 2.890582e+01 1.618300e+01 2.280703e+01
         vertex 2.935747e+01 1.621908e+01 2.285520e+01
      endloop
   endfacet
   facet normal 1.231618e-01 -5.660185e-01 -8.151406e-01
      outer loop
         vertex 2.856757e+01 1.097417e+01 2.637783e+01
         vertex 2.935747e+01 1.621908e+01 2.285520e+01
         vertex 2.907942e+01 1.096194e+01 2.646365e+01
      endloop
   endfacet
   facet normal 1.228659e-01 -5.660286e-01 -8.151782e-01
      outer loop
         vertex 2.907942e+01 1.096194e+01 2.646365e+01
         vertex 2.935747e+01 1.621908e+01 2.285520e+01
         vertex 2.980720e+01 1.625251e+01 2.289978e+01
      endloop
   endfacet
   facet normal 1.134851e-01 -5.657729e-01 -8.167143e-01
      outer loop
         vertex 2.907942e+01 1.096194e+01 2.646365e+01
         vertex 2.980720e+01 1.625251e+01 2.289978e+01
         vertex 2.959146e+01 1.095061e+01 2.654266e+01
      endloop
   endfacet
   facet normal 1.136080e-01 -5.657683e-01 -8.167003e-01
      outer loop
         vertex 2.959146e+01 1.095061e+01 2.654266e+01
         vertex 2.980720e+01 1.625251e+01 2.289978e+01
         vertex 3.025503e+01 1.628328e+01 2.294076e+01
      endloop
   endfacet
   facet normal 1.053364e-01 -5.655769e-01 -8.179407e-01
      outer loop
         vertex 2.959146e+01 1.095061e+01 2.654266e+01
         vertex 3.025503e+01 1.628328e+01 2.294076e+01
         vertex 2.993468e+01 1.094352e+01 2.659176e+01
      endloop
   endfacet
   facet normal 1.042472e-01 -5.655973e-01 -8.180661e-01
      outer loop
         vertex 2.993468e+01 1.094352e+01 2.659176e+01
         vertex 3.025503e+01 1.628328e+01 2.294076e+01
         vertex 3.070093e+01 1.631138e+01 2.297815e+01
      endloop
   endfacet
   facet normal 9.726892e-02 -5.653120e-01 -8.191221e-01
      outer loop
         vertex 2.993468e+01 1.094352e+01 2.659176e+01
         vertex 3.070093e+01 1.631138e+01 2.297815e+01
         vertex 3.043274e+01 1.093398e+01 2.665748e+01
      endloop
   endfacet
   facet normal 9.478454e-02 -5.653632e-01 -8.193780e-01
      outer loop
         vertex 3.043274e+01 1.093398e+01 2.665748e+01
         vertex 3.070093e+01 1.631138e+01 2.297815e+01
         vertex 3.114493e+01 1.633682e+01 2.301196e+01
      endloop
   endfacet
   facet normal 8.763239e-02 -5.650862e-01 -8.203647e-01
      outer loop
         vertex 3.043274e+01 1.093398e+01 2.665748e+01
         vertex 3.114493e+01 1.633682e+01 2.301196e+01
         vertex 3.093061e+01 1.092535e+01 2.671661e+01
      endloop
   endfacet
   facet normal 8.521851e-02 -5.651395e-01 -8.205822e-01
      outer loop
         vertex 3.093061e+01 1.092535e+01 2.671661e+01
         vertex 3.114493e+01 1.633682e+01 2.301196e+01
         vertex 3.158701e+01 1.635959e+01 2.304219e+01
      endloop
   endfacet
   facet normal 7.792507e-02 -5.648726e-01 -8.214905e-01
      outer loop
         vertex 3.093061e+01 1.092535e+01 2.671661e+01
         vertex 3.158701e+01 1.635959e+01 2.304219e+01
         vertex 3.142829e+01 1.091765e+01 2.676911e+01
      endloop
   endfacet
   facet normal 7.555442e-02 -5.649287e-01 -8.216733e-01
      outer loop
         vertex 3.142829e+01 1.091765e+01 2.676911e+01
         vertex 3.158701e+01 1.635959e+01 2.304219e+01
         vertex 3.202719e+01 1.637969e+01 2.306884e+01
      endloop
   endfacet
   facet normal 6.814498e-02 -5.646737e-01 -8.224961e-01
      outer loop
         vertex 3.142829e+01 1.091765e+01 2.676911e+01
         vertex 3.202719e+01 1.637969e+01 2.306884e+01
         vertex 3.192580e+01 1.091090e+01 2.681497e+01
      endloop
   endfacet
   facet normal 6.578821e-02 -5.647334e-01 -8.226470e-01
      outer loop
         vertex 3.192580e+01 1.091090e+01 2.681497e+01
         vertex 3.202719e+01 1.637969e+01 2.306884e+01
         vertex 3.246546e+01 1.639712e+01 2.309192e+01
      endloop
   endfacet
   facet normal 5.829532e-02 -5.644920e-01 -8.233775e-01
      outer loop
         vertex 3.192580e+01 1.091090e+01 2.681497e+01
         vertex 3.246546e+01 1.639712e+01 2.309192e+01
         vertex 3.242313e+01 1.090511e+01 2.685415e+01
      endloop
   endfacet
   facet normal 5.592847e-02 -5.645561e-01 -8.234977e-01
      outer loop
         vertex 3.242313e+01 1.090511e+01 2.685415e+01
         vertex 3.246546e+01 1.639712e+01 2.309192e+01
         vertex 3.290181e+01 1.641188e+01 2.311144e+01
      endloop
   endfacet
   facet normal 4.838176e-02 -5.643301e-01 -8.241303e-01
      outer loop
         vertex 3.242313e+01 1.090511e+01 2.685415e+01
         vertex 3.290181e+01 1.641188e+01 2.311144e+01
         vertex 3.292029e+01 1.090029e+01 2.688664e+01
      endloop
   endfacet
   facet normal 4.596523e-02 -5.644001e-01 -8.242207e-01
      outer loop
         vertex 3.292029e+01 1.090029e+01 2.688664e+01
         vertex 3.290181e+01 1.641188e+01 2.311144e+01
         vertex 3.333626e+01 1.642396e+01 2.312740e+01
      endloop
   endfacet
   facet normal 3.840351e-02 -5.641912e-01 -8.247505e-01
      outer loop
         vertex 3.292029e+01 1.090029e+01 2.688664e+01
         vertex 3.333626e+01 1.642396e+01 2.312740e+01
         vertex 3.341729e+01 1.089646e+01 2.691240e+01
      endloop
   endfacet
   facet normal 1.783947e-02 -5.639442e-01 -8.256202e-01
      outer loop
         vertex 3.428248e+01 2.199007e+01 1.935830e+01
         vertex 3.459904e+01 2.199652e+01 1.936073e+01
         vertex 3.462820e+01 1.644412e+01 2.315396e+01
      endloop
   endfacet
   facet normal 6.684685e-03 -5.640613e-01 -8.257058e-01
      outer loop
         vertex 3.462820e+01 1.644412e+01 2.315396e+01
         vertex 3.459904e+01 2.199652e+01 1.936073e+01
         vertex 3.505504e+01 2.200000e+01 1.936205e+01
      endloop
   endfacet
   facet normal 5.967616e-03 -5.640263e-01 -8.257353e-01
      outer loop
         vertex 3.462820e+01 1.644412e+01 2.315396e+01
         vertex 3.505504e+01 2.200000e+01 1.936205e+01
         vertex 3.490730e+01 1.089098e+01 2.694910e+01
      endloop
   endfacet
   facet normal 1.519277e-03 -5.639954e-01 -8.257766e-01
      outer loop
         vertex 3.490730e+01 1.089098e+01 2.694910e+01
         vertex 3.505504e+01 2.200000e+01 1.936205e+01
         vertex 3.505504e+01 1.089094e+01 2.694940e+01
      endloop
   endfacet
   facet normal 8.107035e-02 -5.645736e-01 -8.213916e-01
      outer loop
         vertex 3.188757e+01 2.184060e+01 1.930157e+01
         vertex 3.225740e+01 2.187478e+01 1.931458e+01
         vertex 3.202719e+01 1.637969e+01 2.306884e+01
      endloop
   endfacet
   facet normal 7.038836e-02 -5.647267e-01 -8.222708e-01
      outer loop
         vertex 3.202719e+01 1.637969e+01 2.306884e+01
         vertex 3.225740e+01 2.187478e+01 1.931458e+01
         vertex 3.273417e+01 2.191304e+01 1.932912e+01
      endloop
   endfacet
   facet normal 6.578737e-02 -5.645010e-01 -8.228066e-01
      outer loop
         vertex 3.202719e+01 1.637969e+01 2.306884e+01
         vertex 3.273417e+01 2.191304e+01 1.932912e+01
         vertex 3.246546e+01 1.639712e+01 2.309192e+01
      endloop
   endfacet
   facet normal 5.808821e-02 -5.645147e-01 -8.233765e-01
      outer loop
         vertex 3.246546e+01 1.639712e+01 2.309192e+01
         vertex 3.273417e+01 2.191304e+01 1.932912e+01
         vertex 3.320665e+01 2.194434e+01 1.934099e+01
      endloop
   endfacet
   facet normal 5.592794e-02 -5.643866e-01 -8.236139e-01
      outer loop
         vertex 3.246546e+01 1.639712e+01 2.309192e+01
         vertex 3.320665e+01 2.194434e+01 1.934099e+01
         vertex 3.290181e+01 1.641188e+01 2.311144e+01
      endloop
   endfacet
   facet normal 4.557073e-02 -5.642939e-01 -8.243153e-01
      outer loop
         vertex 3.290181e+01 1.641188e+01 2.311144e+01
         vertex 3.320665e+01 2.194434e+01 1.934099e+01
         vertex 3.367491e+01 2.196868e+01 1.935022e+01
      endloop
   endfacet
   facet normal 4.596502e-02 -5.643213e-01 -8.242747e-01
      outer loop
         vertex 3.290181e+01 1.641188e+01 2.311144e+01
         vertex 3.367491e+01 2.196868e+01 1.935022e+01
         vertex 3.333626e+01 1.642396e+01 2.312740e+01
      endloop
   endfacet
   facet normal 3.591428e-02 -5.641344e-01 -8.249015e-01
      outer loop
         vertex 3.333626e+01 1.642396e+01 2.312740e+01
         vertex 3.367491e+01 2.196868e+01 1.935022e+01
         vertex 3.376881e+01 1.643337e+01 2.313980e+01
      endloop
   endfacet
   facet normal 3.591456e-02 -5.642684e-01 -8.248099e-01
      outer loop
         vertex 3.333626e+01 1.642396e+01 2.312740e+01
         vertex 3.376881e+01 1.643337e+01 2.313980e+01
         vertex 3.341729e+01 1.089646e+01 2.691240e+01
      endloop
   endfacet
   facet normal 2.576415e-02 -5.640051e-01 -8.253693e-01
      outer loop
         vertex 3.341729e+01 1.089646e+01 2.691240e+01
         vertex 3.376881e+01 1.643337e+01 2.313980e+01
         vertex 3.419945e+01 1.644009e+01 2.314865e+01
      endloop
   endfacet
   facet normal 2.836213e-02 -5.642160e-01 -8.251400e-01
      outer loop
         vertex 3.341729e+01 1.089646e+01 2.691240e+01
         vertex 3.419945e+01 1.644009e+01 2.314865e+01
         vertex 3.391412e+01 1.089362e+01 2.693142e+01
      endloop
   endfacet
   facet normal 1.552683e-02 -5.639243e-01 -8.256805e-01
      outer loop
         vertex 3.391412e+01 1.089362e+01 2.693142e+01
         vertex 3.419945e+01 1.644009e+01 2.314865e+01
         vertex 3.462820e+01 1.644412e+01 2.315396e+01
      endloop
   endfacet
   facet normal 1.826900e-02 -5.641391e-01 -8.254777e-01
      outer loop
         vertex 3.391412e+01 1.089362e+01 2.693142e+01
         vertex 3.462820e+01 1.644412e+01 2.315396e+01
         vertex 3.441079e+01 1.089180e+01 2.694366e+01
      endloop
   endfacet
   facet normal 8.127475e-03 -5.639437e-01 -8.257732e-01
      outer loop
         vertex 3.441079e+01 1.089180e+01 2.694366e+01
         vertex 3.462820e+01 1.644412e+01 2.315396e+01
         vertex 3.490730e+01 1.089098e+01 2.694910e+01
      endloop
   endfacet
   facet normal 2.467206e-01 -5.696001e-01 -7.840183e-01
      outer loop
         vertex 2.200659e+01 1.119501e+01 2.468920e+01
         vertex 2.147293e+01 1.121679e+01 2.450544e+01
         vertex 2.238151e+01 1.539916e+01 2.175281e+01
      endloop
   endfacet
   facet normal 2.566519e-01 -5.696372e-01 -7.807966e-01
      outer loop
         vertex 2.238151e+01 1.539916e+01 2.175281e+01
         vertex 2.147293e+01 1.121679e+01 2.450544e+01
         vertex 2.190112e+01 1.532329e+01 2.165025e+01
      endloop
   endfacet
   facet normal 2.566509e-01 -5.691605e-01 -7.811445e-01
      outer loop
         vertex 2.238151e+01 1.539916e+01 2.175281e+01
         vertex 2.190112e+01 1.532329e+01 2.165025e+01
         vertex 2.271161e+01 1.776054e+01 2.014071e+01
      endloop
   endfacet
   facet normal 2.645600e-01 -5.698438e-01 -7.780013e-01
      outer loop
         vertex 2.271161e+01 1.776054e+01 2.014071e+01
         vertex 2.190112e+01 1.532329e+01 2.165025e+01
         vertex 2.175535e+01 1.753968e+01 1.997730e+01
      endloop
   endfacet
   facet normal 2.644407e-01 -5.686528e-01 -7.789127e-01
      outer loop
         vertex 2.271161e+01 1.776054e+01 2.014071e+01
         vertex 2.175535e+01 1.753968e+01 1.997730e+01
         vertex 2.264615e+01 1.990278e+01 1.855453e+01
      endloop
   endfacet
   facet normal 2.715609e-01 -5.694900e-01 -7.758452e-01
      outer loop
         vertex 2.264615e+01 1.990278e+01 1.855453e+01
         vertex 2.175535e+01 1.753968e+01 1.997730e+01
         vertex 2.207591e+01 1.972492e+01 1.848548e+01
      endloop
   endfacet
   facet normal 2.552129e-01 -5.697552e-01 -7.811821e-01
      outer loop
         vertex 2.147293e+01 1.121679e+01 2.450544e+01
         vertex 2.093948e+01 1.123890e+01 2.431504e+01
         vertex 2.190112e+01 1.532329e+01 2.165025e+01
      endloop
   endfacet
   facet normal 2.641203e-01 -5.698646e-01 -7.781354e-01
      outer loop
         vertex 2.190112e+01 1.532329e+01 2.165025e+01
         vertex 2.093948e+01 1.123890e+01 2.431504e+01
         vertex 2.141882e+01 1.524479e+01 2.154404e+01
      endloop
   endfacet
   facet normal 2.641204e-01 -5.699350e-01 -7.780838e-01
      outer loop
         vertex 2.190112e+01 1.532329e+01 2.165025e+01
         vertex 2.141882e+01 1.524479e+01 2.154404e+01
         vertex 2.175535e+01 1.753968e+01 1.997730e+01
      endloop
   endfacet
   facet normal 2.714838e-01 -5.695000e-01 -7.758649e-01
      outer loop
         vertex 2.175535e+01 1.753968e+01 1.997730e+01
         vertex 2.141882e+01 1.524479e+01 2.154404e+01
         vertex 2.093460e+01 1.516363e+01 2.143418e+01
      endloop
   endfacet
   facet normal 2.791660e-01 -5.701743e-01 -7.726368e-01
      outer loop
         vertex 2.175535e+01 1.753968e+01 1.997730e+01
         vertex 2.093460e+01 1.516363e+01 2.143418e+01
         vertex 2.078919e+01 1.730365e+01 1.980239e+01
      endloop
   endfacet
   facet normal 2.787481e-01 -5.702661e-01 -7.727199e-01
      outer loop
         vertex 2.078919e+01 1.730365e+01 1.980239e+01
         vertex 2.093460e+01 1.516363e+01 2.143418e+01
         vertex 2.044847e+01 1.507983e+01 2.132066e+01
      endloop
   endfacet
   facet normal 2.968967e-01 -5.690355e-01 -7.668448e-01
      outer loop
         vertex 2.078919e+01 1.730365e+01 1.980239e+01
         vertex 2.044847e+01 1.507983e+01 2.132066e+01
         vertex 2.012707e+01 1.907395e+01 1.823239e+01
      endloop
   endfacet
   facet normal 2.859091e-01 -5.716450e-01 -7.690761e-01
      outer loop
         vertex 2.012707e+01 1.907395e+01 1.823239e+01
         vertex 2.044847e+01 1.507983e+01 2.132066e+01
         vertex 1.996043e+01 1.499338e+01 2.120348e+01
      endloop
   endfacet
   facet normal 2.929718e-01 -5.705749e-01 -7.672104e-01
      outer loop
         vertex 2.012707e+01 1.907395e+01 1.823239e+01
         vertex 1.996043e+01 1.499338e+01 2.120348e+01
         vertex 1.947048e+01 1.490429e+01 2.108265e+01
      endloop
   endfacet
   facet normal 2.929725e-01 -5.701068e-01 -7.675580e-01
      outer loop
         vertex 1.947048e+01 1.490429e+01 2.108265e+01
         vertex 1.996043e+01 1.499338e+01 2.120348e+01
         vertex 1.930075e+01 1.130829e+01 2.368881e+01
      endloop
   endfacet
   facet normal 2.859308e-01 -5.711404e-01 -7.694428e-01
      outer loop
         vertex 1.947048e+01 1.490429e+01 2.108265e+01
         vertex 1.930075e+01 1.130829e+01 2.368881e+01
         vertex 1.908203e+01 1.131765e+01 2.360057e+01
      endloop
   endfacet
   facet normal 4.619784e-01 -5.725536e-01 6.773171e-01
      outer loop
         vertex 4.241129e+00 1.174590e+01 1.449281e+01
         vertex 4.567257e+00 1.174305e+01 1.426796e+01
         vertex 5.082844e+00 1.220946e+01 1.431056e+01
      endloop
   endfacet
   facet normal 4.598086e-01 -5.704512e-01 6.805597e-01
      outer loop
         vertex 5.082844e+00 1.220946e+01 1.431056e+01
         vertex 4.567257e+00 1.174305e+01 1.426796e+01
         vertex 4.894110e+00 1.173958e+01 1.404422e+01
      endloop
   endfacet
   facet normal 4.577530e-01 -5.704234e-01 6.819673e-01
      outer loop
         vertex 5.082844e+00 1.220946e+01 1.431056e+01
         vertex 4.894110e+00 1.173958e+01 1.404422e+01
         vertex 5.182001e+00 1.226359e+01 1.428928e+01
      endloop
   endfacet
   facet normal 4.567122e-01 -5.702467e-01 6.828123e-01
      outer loop
         vertex 5.182001e+00 1.226359e+01 1.428928e+01
         vertex 4.894110e+00 1.173958e+01 1.404422e+01
         vertex 5.247430e+00 1.173514e+01 1.380419e+01
      endloop
   endfacet
   facet normal 4.544188e-01 -5.712020e-01 6.835436e-01
      outer loop
         vertex 5.182001e+00 1.226359e+01 1.428928e+01
         vertex 5.247430e+00 1.173514e+01 1.380419e+01
         vertex 6.016012e+00 1.271486e+01 1.411193e+01
      endloop
   endfacet
   facet normal 4.532121e-01 -5.706511e-01 6.848037e-01
      outer loop
         vertex 6.016012e+00 1.271486e+01 1.411193e+01
         vertex 5.247430e+00 1.173514e+01 1.380419e+01
         vertex 5.599900e+00 1.173003e+01 1.356666e+01
      endloop
   endfacet
   facet normal 4.497075e-01 -5.705116e-01 6.872261e-01
      outer loop
         vertex 6.016012e+00 1.271486e+01 1.411193e+01
         vertex 5.599900e+00 1.173003e+01 1.356666e+01
         vertex 6.333815e+00 1.288489e+01 1.404512e+01
      endloop
   endfacet
   facet normal 4.498764e-01 -5.705574e-01 6.870775e-01
      outer loop
         vertex 6.333815e+00 1.288489e+01 1.404512e+01
         vertex 5.599900e+00 1.173003e+01 1.356666e+01
         vertex 5.951525e+00 1.172426e+01 1.333163e+01
      endloop
   endfacet
   facet normal 4.466503e-01 -5.707093e-01 6.890532e-01
      outer loop
         vertex 6.333815e+00 1.288489e+01 1.404512e+01
         vertex 5.951525e+00 1.172426e+01 1.333163e+01
         vertex 6.801351e+00 1.313307e+01 1.394762e+01
      endloop
   endfacet
   facet normal 4.464280e-01 -5.706571e-01 6.892405e-01
      outer loop
         vertex 6.801351e+00 1.313307e+01 1.394762e+01
         vertex 5.951525e+00 1.172426e+01 1.333163e+01
         vertex 6.302310e+00 1.171785e+01 1.309912e+01
      endloop
   endfacet
   facet normal 4.421114e-01 -5.707526e-01 6.919386e-01
      outer loop
         vertex 6.801351e+00 1.313307e+01 1.394762e+01
         vertex 6.302310e+00 1.171785e+01 1.309912e+01
         vertex 7.460141e+00 1.347878e+01 1.381185e+01
      endloop
   endfacet
   facet normal 4.428588e-01 -5.709759e-01 6.912760e-01
      outer loop
         vertex 6.302310e+00 1.171785e+01 1.309912e+01
         vertex 6.652257e+00 1.171084e+01 1.286914e+01
         vertex 7.460141e+00 1.347878e+01 1.381185e+01
      endloop
   endfacet
   facet normal 4.391348e-01 -5.706721e-01 6.938977e-01
      outer loop
         vertex 7.460141e+00 1.347878e+01 1.381185e+01
         vertex 6.652257e+00 1.171084e+01 1.286914e+01
         vertex 7.074399e+00 1.170157e+01 1.259437e+01
      endloop
   endfacet
   facet normal 4.388806e-01 -5.707073e-01 6.940296e-01
      outer loop
         vertex 7.460141e+00 1.347878e+01 1.381185e+01
         vertex 7.074399e+00 1.170157e+01 1.259437e+01
         vertex 7.585230e+00 1.354388e+01 1.378628e+01
      endloop
   endfacet
   facet normal 4.357445e-01 -5.709732e-01 6.957847e-01
      outer loop
         vertex 7.585230e+00 1.354388e+01 1.378628e+01
         vertex 7.074399e+00 1.170157e+01 1.259437e+01
         vertex 7.301095e+00 1.169625e+01 1.244802e+01
      endloop
   endfacet
   facet normal 4.352008e-01 -5.710753e-01 6.960411e-01
      outer loop
         vertex 7.585230e+00 1.354388e+01 1.378628e+01
         vertex 7.301095e+00 1.169625e+01 1.244802e+01
         vertex 8.367673e+00 1.394717e+01 1.362795e+01
      endloop
   endfacet
   facet normal 4.343513e-01 -5.709883e-01 6.966429e-01
      outer loop
         vertex 7.301095e+00 1.169625e+01 1.244802e+01
         vertex 7.347912e+00 1.169512e+01 1.241791e+01
         vertex 8.367673e+00 1.394717e+01 1.362795e+01
      endloop
   endfacet
   facet normal 4.306753e-01 -5.706823e-01 6.991713e-01
      outer loop
         vertex 8.367673e+00 1.394717e+01 1.362795e+01
         vertex 7.347912e+00 1.169512e+01 1.241791e+01
         vertex 8.040264e+00 1.167723e+01 1.197683e+01
      endloop
   endfacet
   facet normal 4.307656e-01 -5.706650e-01 6.991298e-01
      outer loop
         vertex 8.367673e+00 1.394717e+01 1.362795e+01
         vertex 8.040264e+00 1.167723e+01 1.197683e+01
         vertex 8.600591e+00 1.406590e+01 1.358134e+01
      endloop
   endfacet
   facet normal 4.244820e-01 -5.713770e-01 7.023841e-01
      outer loop
         vertex 8.600591e+00 1.406590e+01 1.358134e+01
         vertex 8.040264e+00 1.167723e+01 1.197683e+01
         vertex 8.483522e+00 1.166467e+01 1.169874e+01
      endloop
   endfacet
   facet normal 4.273786e-01 -5.706217e-01 7.012406e-01
      outer loop
         vertex 8.600591e+00 1.406590e+01 1.358134e+01
         vertex 8.483522e+00 1.166467e+01 1.169874e+01
         vertex 9.148709e+00 1.434286e+01 1.347266e+01
      endloop
   endfacet
   facet normal 4.185321e-01 -5.714837e-01 7.058592e-01
      outer loop
         vertex 9.148709e+00 1.434286e+01 1.347266e+01
         vertex 8.483522e+00 1.166467e+01 1.169874e+01
         vertex 9.150926e+00 1.164423e+01 1.128646e+01
      endloop
   endfacet
   facet normal 3.962056e-01 -5.720777e-01 7.181562e-01
      outer loop
         vertex 1.113317e+01 1.157387e+01 1.010917e+01
         vertex 1.117379e+01 1.533560e+01 1.308332e+01
         vertex 1.047568e+01 1.159868e+01 1.049167e+01
      endloop
   endfacet
   facet normal 4.081488e-01 -5.705169e-01 7.126886e-01
      outer loop
         vertex 1.047568e+01 1.159868e+01 1.049167e+01
         vertex 1.117379e+01 1.533560e+01 1.308332e+01
         vertex 1.081767e+01 1.516457e+01 1.315037e+01
      endloop
   endfacet
   facet normal 4.035393e-01 -5.714642e-01 7.145521e-01
      outer loop
         vertex 1.047568e+01 1.159868e+01 1.049167e+01
         vertex 1.081767e+01 1.516457e+01 1.315037e+01
         vertex 9.885804e+00 1.161974e+01 1.084164e+01
      endloop
   endfacet
   facet normal 4.113808e-01 -5.708998e-01 7.105204e-01
      outer loop
         vertex 9.885804e+00 1.161974e+01 1.084164e+01
         vertex 1.081767e+01 1.516457e+01 1.315037e+01
         vertex 1.050763e+01 1.501443e+01 1.320923e+01
      endloop
   endfacet
   facet normal 4.072373e-01 -5.714790e-01 7.124391e-01
      outer loop
         vertex 9.885804e+00 1.161974e+01 1.084164e+01
         vertex 1.050763e+01 1.501443e+01 1.320923e+01
         vertex 9.814958e+00 1.162219e+01 1.088410e+01
      endloop
   endfacet
   facet normal 4.153514e-01 -5.704714e-01 7.085518e-01
      outer loop
         vertex 9.814958e+00 1.162219e+01 1.088410e+01
         vertex 1.050763e+01 1.501443e+01 1.320923e+01
         vertex 9.928366e+00 1.473082e+01 1.332045e+01
      endloop
   endfacet
   facet normal 4.112831e-01 -5.715196e-01 7.100786e-01
      outer loop
         vertex 9.814958e+00 1.162219e+01 1.088410e+01
         vertex 9.928366e+00 1.473082e+01 1.332045e+01
         vertex 9.150926e+00 1.164423e+01 1.128646e+01
      endloop
   endfacet
   facet normal 4.190596e-01 -5.708366e-01 7.060698e-01
      outer loop
         vertex 9.150926e+00 1.164423e+01 1.128646e+01
         vertex 9.928366e+00 1.473082e+01 1.332045e+01
         vertex 9.715334e+00 1.462552e+01 1.336176e+01
      endloop
   endfacet
   facet normal 4.223980e-01 -5.703541e-01 7.044687e-01
      outer loop
         vertex 9.150926e+00 1.164423e+01 1.128646e+01
         vertex 9.715334e+00 1.462552e+01 1.336176e+01
         vertex 9.148709e+00 1.434286e+01 1.347266e+01
      endloop
   endfacet
   facet normal 3.885703e-01 -5.720861e-01 7.223092e-01
      outer loop
         vertex 1.178750e+01 1.154790e+01 9.736598e+00
         vertex 1.190758e+01 1.568307e+01 1.294716e+01
         vertex 1.113317e+01 1.157387e+01 1.010917e+01
      endloop
   endfacet
   facet normal 3.998055e-01 -5.707090e-01 7.172495e-01
      outer loop
         vertex 1.113317e+01 1.157387e+01 1.010917e+01
         vertex 1.190758e+01 1.568307e+01 1.294716e+01
         vertex 1.183856e+01 1.565067e+01 1.295985e+01
      endloop
   endfacet
   facet normal 4.032045e-01 -5.702312e-01 7.157252e-01
      outer loop
         vertex 1.113317e+01 1.157387e+01 1.010917e+01
         vertex 1.183856e+01 1.565067e+01 1.295985e+01
         vertex 1.117379e+01 1.533560e+01 1.308332e+01
      endloop
   endfacet
   facet normal 3.786206e-01 -5.699032e-01 7.292851e-01
      outer loop
         vertex 1.347002e+01 1.147612e+01 8.816705e+00
         vertex 1.404995e+01 1.665835e+01 1.256530e+01
         vertex 1.382460e+01 1.655859e+01 1.260434e+01
      endloop
   endfacet
   facet normal 3.680534e-01 -5.719790e-01 7.330598e-01
      outer loop
         vertex 1.347002e+01 1.147612e+01 8.816705e+00
         vertex 1.382460e+01 1.655859e+01 1.260434e+01
         vertex 1.284604e+01 1.150349e+01 9.151351e+00
      endloop
   endfacet
   facet normal 3.817665e-01 -5.705743e-01 7.271171e-01
      outer loop
         vertex 1.284604e+01 1.150349e+01 9.151351e+00
         vertex 1.382460e+01 1.655859e+01 1.260434e+01
         vertex 1.348686e+01 1.640781e+01 1.266335e+01
      endloop
   endfacet
   facet normal 3.729088e-01 -5.719363e-01 7.306352e-01
      outer loop
         vertex 1.284604e+01 1.150349e+01 9.151351e+00
         vertex 1.348686e+01 1.640781e+01 1.266335e+01
         vertex 1.268815e+01 1.151029e+01 9.237255e+00
      endloop
   endfacet
   facet normal 3.851335e-01 -5.703491e-01 7.255165e-01
      outer loop
         vertex 1.268815e+01 1.151029e+01 9.237255e+00
         vertex 1.348686e+01 1.640781e+01 1.266335e+01
         vertex 1.316395e+01 1.626224e+01 1.272033e+01
      endloop
   endfacet
   facet normal 3.753403e-01 -5.721082e-01 7.292543e-01
      outer loop
         vertex 1.268815e+01 1.151029e+01 9.237255e+00
         vertex 1.316395e+01 1.626224e+01 1.272033e+01
         vertex 1.243876e+01 1.152090e+01 9.373943e+00
      endloop
   endfacet
   facet normal 3.877190e-01 -5.703758e-01 7.241170e-01
      outer loop
         vertex 1.243876e+01 1.152090e+01 9.373943e+00
         vertex 1.316395e+01 1.626224e+01 1.272033e+01
         vertex 1.298499e+01 1.618098e+01 1.275214e+01
      endloop
   endfacet
   facet normal 3.810169e-01 -5.715146e-01 7.267717e-01
      outer loop
         vertex 1.243876e+01 1.152090e+01 9.373943e+00
         vertex 1.298499e+01 1.618098e+01 1.275214e+01
         vertex 1.178750e+01 1.154790e+01 9.736598e+00
      endloop
   endfacet
   facet normal 3.912305e-01 -5.709172e-01 7.217980e-01
      outer loop
         vertex 1.178750e+01 1.154790e+01 9.736598e+00
         vertex 1.298499e+01 1.618098e+01 1.275214e+01
         vertex 1.250194e+01 1.595958e+01 1.283884e+01
      endloop
   endfacet
   facet normal 3.963886e-01 -5.701805e-01 7.195625e-01
      outer loop
         vertex 1.178750e+01 1.154790e+01 9.736598e+00
         vertex 1.250194e+01 1.595958e+01 1.283884e+01
         vertex 1.190758e+01 1.568307e+01 1.294716e+01
      endloop
   endfacet
   facet normal 3.752667e-01 -5.704639e-01 7.305791e-01
      outer loop
         vertex 1.404995e+01 1.665835e+01 1.256530e+01
         vertex 1.347002e+01 1.147612e+01 8.816705e+00
         vertex 1.448391e+01 1.684853e+01 1.249090e+01
      endloop
   endfacet
   facet normal 3.602210e-01 -5.719763e-01 7.369423e-01
      outer loop
         vertex 1.448391e+01 1.684853e+01 1.249090e+01
         vertex 1.347002e+01 1.147612e+01 8.816705e+00
         vertex 1.409103e+01 1.144813e+01 8.491429e+00
      endloop
   endfacet
   facet normal 3.692973e-01 -5.702788e-01 7.337586e-01
      outer loop
         vertex 1.448391e+01 1.684853e+01 1.249090e+01
         vertex 1.409103e+01 1.144813e+01 8.491429e+00
         vertex 1.514190e+01 1.713200e+01 1.238005e+01
      endloop
   endfacet
   facet normal 3.522754e-01 -5.719465e-01 7.407964e-01
      outer loop
         vertex 1.514190e+01 1.713200e+01 1.238005e+01
         vertex 1.409103e+01 1.144813e+01 8.491429e+00
         vertex 1.470915e+01 1.141963e+01 8.175489e+00
      endloop
   endfacet
   facet normal 3.619824e-01 -5.702146e-01 7.374443e-01
      outer loop
         vertex 1.514190e+01 1.713200e+01 1.238005e+01
         vertex 1.470915e+01 1.141963e+01 8.175489e+00
         vertex 1.579858e+01 1.740891e+01 1.227182e+01
      endloop
   endfacet
   facet normal 3.564452e-01 -5.707608e-01 7.397154e-01
      outer loop
         vertex 1.579858e+01 1.740891e+01 1.227182e+01
         vertex 1.470915e+01 1.141963e+01 8.175489e+00
         vertex 1.614240e+01 1.755145e+01 1.221613e+01
      endloop
   endfacet
   facet normal 3.443927e-01 -5.713793e-01 7.449291e-01
      outer loop
         vertex 1.614240e+01 1.755145e+01 1.221613e+01
         vertex 1.470915e+01 1.141963e+01 8.175489e+00
         vertex 1.532448e+01 1.139074e+01 7.868850e+00
      endloop
   endfacet
   facet normal 3.525424e-01 -5.703327e-01 7.419127e-01
      outer loop
         vertex 1.614240e+01 1.755145e+01 1.221613e+01
         vertex 1.532448e+01 1.139074e+01 7.868850e+00
         vertex 1.645398e+01 1.767915e+01 1.216625e+01
      endloop
   endfacet
   facet normal 3.369608e-01 -5.717298e-01 7.480524e-01
      outer loop
         vertex 1.645398e+01 1.767915e+01 1.216625e+01
         vertex 1.532448e+01 1.139074e+01 7.868850e+00
         vertex 1.580440e+01 1.136791e+01 7.635222e+00
      endloop
   endfacet
   facet normal 3.468430e-01 -5.702885e-01 7.446281e-01
      outer loop
         vertex 1.645398e+01 1.767915e+01 1.216625e+01
         vertex 1.580440e+01 1.136791e+01 7.635222e+00
         vertex 1.710811e+01 1.794265e+01 1.206337e+01
      endloop
   endfacet
   facet normal 3.329723e-01 -5.712778e-01 7.501807e-01
      outer loop
         vertex 1.580440e+01 1.136791e+01 7.635222e+00
         vertex 1.593712e+01 1.136156e+01 7.571476e+00
         vertex 1.710811e+01 1.794265e+01 1.206337e+01
      endloop
   endfacet
   facet normal 3.318531e-01 -5.713694e-01 7.506067e-01
      outer loop
         vertex 1.710811e+01 1.794265e+01 1.206337e+01
         vertex 1.593712e+01 1.136156e+01 7.571476e+00
         vertex 1.596358e+01 1.136029e+01 7.558816e+00
      endloop
   endfacet
   facet normal 3.426019e-01 -5.704201e-01 7.464884e-01
      outer loop
         vertex 1.710811e+01 1.794265e+01 1.206337e+01
         vertex 1.596358e+01 1.136029e+01 7.558816e+00
         vertex 1.716985e+01 1.796720e+01 1.205378e+01
      endloop
   endfacet
   facet normal 3.275911e-01 -5.716226e-01 7.522843e-01
      outer loop
         vertex 1.716985e+01 1.796720e+01 1.205378e+01
         vertex 1.596358e+01 1.136029e+01 7.558816e+00
         vertex 1.654718e+01 1.133219e+01 7.283328e+00
      endloop
   endfacet
   facet normal 3.385238e-01 -5.700308e-01 7.486432e-01
      outer loop
         vertex 1.716985e+01 1.796720e+01 1.205378e+01
         vertex 1.654718e+01 1.133219e+01 7.283328e+00
         vertex 1.776099e+01 1.819931e+01 1.196321e+01
      endloop
   endfacet
   facet normal 3.193400e-01 -5.715637e-01 7.558683e-01
      outer loop
         vertex 1.776099e+01 1.819931e+01 1.196321e+01
         vertex 1.654718e+01 1.133219e+01 7.283328e+00
         vertex 1.715474e+01 1.130273e+01 7.004370e+00
      endloop
   endfacet
   facet normal 3.030843e-01 -5.718936e-01 7.622845e-01
      outer loop
         vertex 1.820779e+01 1.125147e+01 6.540128e+00
         vertex 1.864459e+01 1.853630e+01 1.183180e+01
         vertex 1.775992e+01 1.127328e+01 6.734564e+00
      endloop
   endfacet
   facet normal 3.250794e-01 -5.694644e-01 7.550057e-01
      outer loop
         vertex 1.775992e+01 1.127328e+01 6.734564e+00
         vertex 1.864459e+01 1.853630e+01 1.183180e+01
         vertex 1.841265e+01 1.844901e+01 1.186583e+01
      endloop
   endfacet
   facet normal 3.108140e-01 -5.714046e-01 7.595337e-01
      outer loop
         vertex 1.775992e+01 1.127328e+01 6.734564e+00
         vertex 1.841265e+01 1.844901e+01 1.186583e+01
         vertex 1.715474e+01 1.130273e+01 7.004370e+00
      endloop
   endfacet
   facet normal 3.281718e-01 -5.701276e-01 7.531651e-01
      outer loop
         vertex 1.715474e+01 1.130273e+01 7.004370e+00
         vertex 1.841265e+01 1.844901e+01 1.186583e+01
         vertex 1.818474e+01 1.836243e+01 1.189959e+01
      endloop
   endfacet
   facet normal 3.321708e-01 -5.697124e-01 7.517249e-01
      outer loop
         vertex 1.715474e+01 1.130273e+01 7.004370e+00
         vertex 1.818474e+01 1.836243e+01 1.189959e+01
         vertex 1.776099e+01 1.819931e+01 1.196321e+01
      endloop
   endfacet
   facet normal 3.131699e-01 -5.700053e-01 7.596174e-01
      outer loop
         vertex 1.971241e+01 1.892715e+01 1.167953e+01
         vertex 1.918709e+01 1.873715e+01 1.175353e+01
         vertex 1.820779e+01 1.125147e+01 6.540128e+00
      endloop
   endfacet
   facet normal 3.173648e-01 -5.695687e-01 7.582025e-01
      outer loop
         vertex 1.820779e+01 1.125147e+01 6.540128e+00
         vertex 1.918709e+01 1.873715e+01 1.175353e+01
         vertex 1.906312e+01 1.869167e+01 1.177125e+01
      endloop
   endfacet
   facet normal 3.208080e-01 -5.691606e-01 7.570591e-01
      outer loop
         vertex 1.820779e+01 1.125147e+01 6.540128e+00
         vertex 1.906312e+01 1.869167e+01 1.177125e+01
         vertex 1.864459e+01 1.853630e+01 1.183180e+01
      endloop
   endfacet
   facet normal 3.087417e-01 -5.702346e-01 7.612562e-01
      outer loop
         vertex 1.971241e+01 1.892715e+01 1.167953e+01
         vertex 1.820779e+01 1.125147e+01 6.540128e+00
         vertex 1.985488e+01 1.897791e+01 1.165976e+01
      endloop
   endfacet
   facet normal 2.959876e-01 -5.706543e-01 7.659929e-01
      outer loop
         vertex 1.985488e+01 1.897791e+01 1.165976e+01
         vertex 1.820779e+01 1.125147e+01 6.540128e+00
         vertex 1.878445e+01 1.122344e+01 6.296416e+00
      endloop
   endfacet
   facet normal 3.054803e-01 -5.698148e-01 7.628846e-01
      outer loop
         vertex 1.985488e+01 1.897791e+01 1.165976e+01
         vertex 1.878445e+01 1.122344e+01 6.296416e+00
         vertex 2.017683e+01 1.909138e+01 1.161560e+01
      endloop
   endfacet
   facet normal 3.019740e-01 -5.700291e-01 7.641194e-01
      outer loop
         vertex 2.017683e+01 1.909138e+01 1.161560e+01
         vertex 1.878445e+01 1.122344e+01 6.296416e+00
         vertex 2.037292e+01 1.915964e+01 1.158903e+01
      endloop
   endfacet
   facet normal 2.874634e-01 -5.705742e-01 7.692918e-01
      outer loop
         vertex 2.037292e+01 1.915964e+01 1.158903e+01
         vertex 1.878445e+01 1.122344e+01 6.296416e+00
         vertex 1.935886e+01 1.119565e+01 6.061161e+00
      endloop
   endfacet
   facet normal 2.987636e-01 -5.695471e-01 7.657391e-01
      outer loop
         vertex 2.037292e+01 1.915964e+01 1.158903e+01
         vertex 1.935886e+01 1.119565e+01 6.061161e+00
         vertex 2.062180e+01 1.924536e+01 1.155568e+01
      endloop
   endfacet
   facet normal 2.951889e-01 -5.698023e-01 7.669347e-01
      outer loop
         vertex 2.062180e+01 1.924536e+01 1.155568e+01
         vertex 1.935886e+01 1.119565e+01 6.061161e+00
         vertex 2.088961e+01 1.933642e+01 1.152026e+01
      endloop
   endfacet
   facet normal 2.788339e-01 -5.704799e-01 7.725311e-01
      outer loop
         vertex 2.088961e+01 1.933642e+01 1.152026e+01
         vertex 1.935886e+01 1.119565e+01 6.061161e+00
         vertex 1.993111e+01 1.116816e+01 5.834320e+00
      endloop
   endfacet
   facet normal 2.912982e-01 -5.693267e-01 7.687733e-01
      outer loop
         vertex 2.088961e+01 1.933642e+01 1.152026e+01
         vertex 1.993111e+01 1.116816e+01 5.834320e+00
         vertex 2.115397e+01 1.942512e+01 1.148578e+01
      endloop
   endfacet
   facet normal 2.876478e-01 -5.695918e-01 7.699506e-01
      outer loop
         vertex 2.115397e+01 1.942512e+01 1.148578e+01
         vertex 1.993111e+01 1.116816e+01 5.834320e+00
         vertex 2.140495e+01 1.950821e+01 1.145348e+01
      endloop
   endfacet
   facet normal 2.700996e-01 -5.703703e-01 7.757086e-01
      outer loop
         vertex 2.140495e+01 1.950821e+01 1.145348e+01
         vertex 1.993111e+01 1.116816e+01 5.834320e+00
         vertex 2.050130e+01 1.114106e+01 5.615852e+00
      endloop
   endfacet
   facet normal 2.819836e-01 -5.692647e-01 7.722843e-01
      outer loop
         vertex 2.140495e+01 1.950821e+01 1.145348e+01
         vertex 2.050130e+01 1.114106e+01 5.615852e+00
         vertex 2.191894e+01 1.967493e+01 1.138870e+01
      endloop
   endfacet
   facet normal 2.612621e-01 -5.702447e-01 7.788216e-01
      outer loop
         vertex 2.191894e+01 1.967493e+01 1.138870e+01
         vertex 2.050130e+01 1.114106e+01 5.615852e+00
         vertex 2.106953e+01 1.111440e+01 5.405717e+00
      endloop
   endfacet
   facet normal 2.765891e-01 -5.687979e-01 7.745756e-01
      outer loop
         vertex 2.191894e+01 1.967493e+01 1.138870e+01
         vertex 2.106953e+01 1.111440e+01 5.405717e+00
         vertex 2.211847e+01 1.973839e+01 1.136406e+01
      endloop
   endfacet
   facet normal 2.549514e-01 -5.704428e-01 7.807655e-01
      outer loop
         vertex 2.211847e+01 1.973839e+01 1.136406e+01
         vertex 2.106953e+01 1.111440e+01 5.405717e+00
         vertex 2.129354e+01 1.110401e+01 5.324972e+00
      endloop
   endfacet
   facet normal 2.727216e-01 -5.687791e-01 7.759596e-01
      outer loop
         vertex 2.211847e+01 1.973839e+01 1.136406e+01
         vertex 2.129354e+01 1.110401e+01 5.324972e+00
         vertex 2.243159e+01 1.983655e+01 1.132595e+01
      endloop
   endfacet
   facet normal 2.504859e-01 -5.702653e-01 7.823390e-01
      outer loop
         vertex 2.243159e+01 1.983655e+01 1.132595e+01
         vertex 2.129354e+01 1.110401e+01 5.324972e+00
         vertex 2.163589e+01 1.108825e+01 5.203877e+00
      endloop
   endfacet
   facet normal 2.664102e-01 -5.687807e-01 7.781479e-01
      outer loop
         vertex 2.243159e+01 1.983655e+01 1.132595e+01
         vertex 2.163589e+01 1.108825e+01 5.203877e+00
         vertex 2.294291e+01 1.999299e+01 1.126525e+01
      endloop
   endfacet
   facet normal 2.467535e-01 -5.697903e-01 7.838697e-01
      outer loop
         vertex 2.163589e+01 1.108825e+01 5.203877e+00
         vertex 2.177500e+01 1.108190e+01 5.155470e+00
         vertex 2.294291e+01 1.999299e+01 1.126525e+01
      endloop
   endfacet
   facet normal 2.421228e-01 -5.700455e-01 7.851271e-01
      outer loop
         vertex 2.294291e+01 1.999299e+01 1.126525e+01
         vertex 2.177500e+01 1.108190e+01 5.155470e+00
         vertex 2.220049e+01 1.106267e+01 5.010295e+00
      endloop
   endfacet
   facet normal 2.583735e-01 -5.685305e-01 7.810353e-01
      outer loop
         vertex 2.294291e+01 1.999299e+01 1.126525e+01
         vertex 2.220049e+01 1.106267e+01 5.010295e+00
         vertex 2.345290e+01 2.014421e+01 1.120661e+01
      endloop
   endfacet
   facet normal 2.383227e-01 -5.695801e-01 7.866262e-01
      outer loop
         vertex 2.220049e+01 1.106267e+01 5.010295e+00
         vertex 2.225599e+01 1.106019e+01 4.991680e+00
         vertex 2.345290e+01 2.014421e+01 1.120661e+01
      endloop
   endfacet
   facet normal 2.336622e-01 -5.698087e-01 7.878579e-01
      outer loop
         vertex 2.345290e+01 2.014421e+01 1.120661e+01
         vertex 2.225599e+01 1.106019e+01 4.991680e+00
         vertex 2.276342e+01 1.103772e+01 4.824938e+00
      endloop
   endfacet
   facet normal 2.501641e-01 -5.682760e-01 7.838879e-01
      outer loop
         vertex 2.345290e+01 2.014421e+01 1.120661e+01
         vertex 2.276342e+01 1.103772e+01 4.824938e+00
         vertex 2.396156e+01 2.029013e+01 1.115007e+01
      endloop
   endfacet
   facet normal 2.248786e-01 -5.695752e-01 7.905781e-01
      outer loop
         vertex 2.396156e+01 2.029013e+01 1.115007e+01
         vertex 2.276342e+01 1.103772e+01 4.824938e+00
         vertex 2.332477e+01 1.101345e+01 4.647775e+00
      endloop
   endfacet
   facet normal 2.417804e-01 -5.680177e-01 7.867008e-01
      outer loop
         vertex 2.396156e+01 2.029013e+01 1.115007e+01
         vertex 2.332477e+01 1.101345e+01 4.647775e+00
         vertex 2.446890e+01 2.043070e+01 1.109564e+01
      endloop
   endfacet
   facet normal 2.162546e-01 -5.693344e-01 7.931533e-01
      outer loop
         vertex 2.446890e+01 2.043070e+01 1.109564e+01
         vertex 2.332477e+01 1.101345e+01 4.647775e+00
         vertex 2.379943e+01 1.099345e+01 4.504003e+00
      endloop
   endfacet
   facet normal 2.332362e-01 -5.678934e-01 7.893655e-01
      outer loop
         vertex 2.446890e+01 2.043070e+01 1.109564e+01
         vertex 2.379943e+01 1.099345e+01 4.504003e+00
         vertex 2.497492e+01 2.056585e+01 1.104335e+01
      endloop
   endfacet
   facet normal 2.105383e-01 -5.689375e-01 7.949740e-01
      outer loop
         vertex 2.497492e+01 2.056585e+01 1.104335e+01
         vertex 2.379943e+01 1.099345e+01 4.504003e+00
         vertex 2.401051e+01 1.098472e+01 4.441853e+00
      endloop
   endfacet
   facet normal 2.245659e-01 -5.681085e-01 7.917215e-01
      outer loop
         vertex 2.497492e+01 2.056585e+01 1.104335e+01
         vertex 2.401051e+01 1.098472e+01 4.441853e+00
         vertex 2.547963e+01 2.069551e+01 1.099323e+01
      endloop
   endfacet
   facet normal 2.060525e-01 -5.685035e-01 7.964585e-01
      outer loop
         vertex 2.401051e+01 1.098472e+01 4.441853e+00
         vertex 2.433719e+01 1.097142e+01 4.347842e+00
         vertex 2.547963e+01 2.069551e+01 1.099323e+01
      endloop
   endfacet
   facet normal 1.985616e-01 -5.687851e-01 7.981584e-01
      outer loop
         vertex 2.547963e+01 2.069551e+01 1.099323e+01
         vertex 2.433719e+01 1.097142e+01 4.347842e+00
         vertex 2.487339e+01 1.095016e+01 4.199305e+00
      endloop
   endfacet
   facet normal 2.155419e-01 -5.674352e-01 7.947069e-01
      outer loop
         vertex 2.547963e+01 2.069551e+01 1.099323e+01
         vertex 2.487339e+01 1.095016e+01 4.199305e+00
         vertex 2.598304e+01 2.081960e+01 1.094530e+01
      endloop
   endfacet
   facet normal 1.917389e-01 -5.684298e-01 8.000773e-01
      outer loop
         vertex 2.598304e+01 2.081960e+01 1.094530e+01
         vertex 2.487339e+01 1.095016e+01 4.199305e+00
         vertex 2.513176e+01 1.094019e+01 4.130302e+00
      endloop
   endfacet
   facet normal 2.064617e-01 -5.675821e-01 7.970095e-01
      outer loop
         vertex 2.598304e+01 2.081960e+01 1.094530e+01
         vertex 2.513176e+01 1.094019e+01 4.130302e+00
         vertex 2.648516e+01 2.093806e+01 1.089959e+01
      endloop
   endfacet
   facet normal 1.871573e-01 -5.679909e-01 8.014727e-01
      outer loop
         vertex 2.513176e+01 1.094019e+01 4.130302e+00
         vertex 2.540810e+01 1.092973e+01 4.058355e+00
         vertex 2.648516e+01 2.093806e+01 1.089959e+01
      endloop
   endfacet
   facet normal 1.799649e-01 -5.682273e-01 8.029510e-01
      outer loop
         vertex 2.648516e+01 2.093806e+01 1.089959e+01
         vertex 2.540810e+01 1.092973e+01 4.058355e+00
         vertex 2.594141e+01 1.091015e+01 3.924968e+00
      endloop
   endfacet
   facet normal 1.970503e-01 -5.669753e-01 7.998189e-01
      outer loop
         vertex 2.648516e+01 2.093806e+01 1.089959e+01
         vertex 2.594141e+01 1.091015e+01 3.924968e+00
         vertex 2.698598e+01 2.105080e+01 1.085612e+01
      endloop
   endfacet
   facet normal 1.705404e-01 -5.679320e-01 8.052138e-01
      outer loop
         vertex 2.698598e+01 2.105080e+01 1.085612e+01
         vertex 2.594141e+01 1.091015e+01 3.924968e+00
         vertex 2.647341e+01 1.089146e+01 3.799112e+00
      endloop
   endfacet
   facet normal 1.874883e-01 -5.667464e-01 8.022760e-01
      outer loop
         vertex 2.698598e+01 2.105080e+01 1.085612e+01
         vertex 2.647341e+01 1.089146e+01 3.799112e+00
         vertex 2.748552e+01 2.115774e+01 1.081493e+01
      endloop
   endfacet
   facet normal 1.610277e-01 -5.676282e-01 8.073836e-01
      outer loop
         vertex 2.748552e+01 2.115774e+01 1.081493e+01
         vertex 2.647341e+01 1.089146e+01 3.799112e+00
         vertex 2.700417e+01 1.087369e+01 3.680764e+00
      endloop
   endfacet
   facet normal 1.777101e-01 -5.665187e-01 8.046587e-01
      outer loop
         vertex 2.748552e+01 2.115774e+01 1.081493e+01
         vertex 2.700417e+01 1.087369e+01 3.680764e+00
         vertex 2.798379e+01 2.125880e+01 1.077604e+01
      endloop
   endfacet
   facet normal 1.718363e-01 -5.667328e-01 8.057830e-01
      outer loop
         vertex 2.798379e+01 2.125880e+01 1.077604e+01
         vertex 2.700417e+01 1.087369e+01 3.680764e+00
         vertex 2.807815e+01 2.127730e+01 1.076892e+01
      endloop
   endfacet
   facet normal 1.514554e-01 -5.671895e-01 8.095414e-01
      outer loop
         vertex 2.807815e+01 2.127730e+01 1.076892e+01
         vertex 2.700417e+01 1.087369e+01 3.680764e+00
         vertex 2.753379e+01 1.085688e+01 3.569902e+00
      endloop
   endfacet
   facet normal 1.667550e-01 -5.663264e-01 8.071352e-01
      outer loop
         vertex 2.807815e+01 2.127730e+01 1.076892e+01
         vertex 2.753379e+01 1.085688e+01 3.569902e+00
         vertex 2.848080e+01 2.135390e+01 1.073948e+01
      endloop
   endfacet
   facet normal 1.417542e-01 -5.670024e-01 8.114272e-01
      outer loop
         vertex 2.848080e+01 2.135390e+01 1.073948e+01
         vertex 2.753379e+01 1.085688e+01 3.569902e+00
         vertex 2.806234e+01 1.084106e+01 3.466508e+00
      endloop
   endfacet
   facet normal 1.574706e-01 -5.660709e-01 8.091766e-01
      outer loop
         vertex 2.848080e+01 2.135390e+01 1.073948e+01
         vertex 2.806234e+01 1.084106e+01 3.466508e+00
         vertex 2.897655e+01 2.144294e+01 1.070529e+01
      endloop
   endfacet
   facet normal 1.319939e-01 -5.666849e-01 8.132932e-01
      outer loop
         vertex 2.897655e+01 2.144294e+01 1.070529e+01
         vertex 2.806234e+01 1.084106e+01 3.466508e+00
         vertex 2.858991e+01 1.082625e+01 3.370567e+00
      endloop
   endfacet
   facet normal 1.469945e-01 -5.658524e-01 8.112975e-01
      outer loop
         vertex 2.897655e+01 2.144294e+01 1.070529e+01
         vertex 2.858991e+01 1.082625e+01 3.370567e+00
         vertex 2.947105e+01 2.152582e+01 1.067350e+01
      endloop
   endfacet
   facet normal 1.221525e-01 -5.663677e-01 8.150499e-01
      outer loop
         vertex 2.947105e+01 2.152582e+01 1.067350e+01
         vertex 2.858991e+01 1.082625e+01 3.370567e+00
         vertex 2.911658e+01 1.081248e+01 3.282066e+00
      endloop
   endfacet
   facet normal 1.362705e-01 -5.656387e-01 8.133162e-01
      outer loop
         vertex 2.947105e+01 2.152582e+01 1.067350e+01
         vertex 2.911658e+01 1.081248e+01 3.282066e+00
         vertex 2.996432e+01 2.160245e+01 1.064415e+01
      endloop
   endfacet
   facet normal 1.136447e-01 -5.660387e-01 8.165078e-01
      outer loop
         vertex 2.996432e+01 2.160245e+01 1.064415e+01
         vertex 2.911658e+01 1.081248e+01 3.282066e+00
         vertex 2.949415e+01 1.080325e+01 3.223117e+00
      endloop
   endfacet
   facet normal 1.253112e-01 -5.655876e-01 8.151121e-01
      outer loop
         vertex 2.996432e+01 2.160245e+01 1.064415e+01
         vertex 2.949415e+01 1.080325e+01 3.223117e+00
         vertex 3.045637e+01 2.167272e+01 1.061726e+01
      endloop
   endfacet
   facet normal 1.052261e-01 -5.656901e-01 8.178766e-01
      outer loop
         vertex 2.949415e+01 1.080325e+01 3.223117e+00
         vertex 3.000422e+01 1.079166e+01 3.149474e+00
         vertex 3.045637e+01 2.167272e+01 1.061726e+01
      endloop
   endfacet
   facet normal 9.540726e-02 -5.659736e-01 8.188842e-01
      outer loop
         vertex 3.045637e+01 2.167272e+01 1.061726e+01
         vertex 3.000422e+01 1.079166e+01 3.149474e+00
         vertex 3.051318e+01 1.078111e+01 3.082887e+00
      endloop
   endfacet
   facet normal 1.140102e-01 -5.647936e-01 8.173187e-01
      outer loop
         vertex 3.045637e+01 2.167272e+01 1.061726e+01
         vertex 3.051318e+01 1.078111e+01 3.082887e+00
         vertex 3.094721e+01 2.173652e+01 1.059289e+01
      endloop
   endfacet
   facet normal 1.044282e-01 -5.651313e-01 8.183650e-01
      outer loop
         vertex 3.094721e+01 2.173652e+01 1.059289e+01
         vertex 3.051318e+01 1.078111e+01 3.082887e+00
         vertex 3.127875e+01 2.177598e+01 1.057783e+01
      endloop
   endfacet
   facet normal 8.563857e-02 -5.652518e-01 8.204611e-01
      outer loop
         vertex 3.127875e+01 2.177598e+01 1.057783e+01
         vertex 3.051318e+01 1.078111e+01 3.082887e+00
         vertex 3.102111e+01 1.077163e+01 3.023339e+00
      endloop
   endfacet
   facet normal 9.808753e-02 -5.647997e-01 8.193779e-01
      outer loop
         vertex 3.127875e+01 2.177598e+01 1.057783e+01
         vertex 3.102111e+01 1.077163e+01 3.023339e+00
         vertex 3.147716e+01 2.179816e+01 1.056937e+01
      endloop
   endfacet
   facet normal 9.263150e-02 -5.649415e-01 8.199149e-01
      outer loop
         vertex 3.147716e+01 2.179816e+01 1.056937e+01
         vertex 3.102111e+01 1.077163e+01 3.023339e+00
         vertex 3.173138e+01 2.182500e+01 1.055914e+01
      endloop
   endfacet
   facet normal 7.575846e-02 -5.650067e-01 8.216009e-01
      outer loop
         vertex 3.173138e+01 2.182500e+01 1.055914e+01
         vertex 3.102111e+01 1.077163e+01 3.023339e+00
         vertex 3.152807e+01 1.076323e+01 2.970817e+00
      endloop
   endfacet
   facet normal 8.395435e-02 -5.647376e-01 8.209891e-01
      outer loop
         vertex 3.173138e+01 2.182500e+01 1.055914e+01
         vertex 3.152807e+01 1.076323e+01 2.970817e+00
         vertex 3.218221e+01 2.186815e+01 1.054271e+01
      endloop
   endfacet
   facet normal 6.582344e-02 -5.647775e-01 8.226139e-01
      outer loop
         vertex 3.218221e+01 2.186815e+01 1.054271e+01
         vertex 3.152807e+01 1.076323e+01 2.970817e+00
         vertex 3.203412e+01 1.075592e+01 2.925306e+00
      endloop
   endfacet
   facet normal 7.265083e-02 -5.645715e-01 8.221806e-01
      outer loop
         vertex 3.218221e+01 2.186815e+01 1.054271e+01
         vertex 3.203412e+01 1.075592e+01 2.925306e+00
         vertex 3.263122e+01 2.190534e+01 1.052858e+01
      endloop
   endfacet
   facet normal 5.583228e-02 -5.645679e-01 8.234961e-01
      outer loop
         vertex 3.263122e+01 2.190534e+01 1.052858e+01
         vertex 3.203412e+01 1.075592e+01 2.925306e+00
         vertex 3.253934e+01 1.074972e+01 2.886798e+00
      endloop
   endfacet
   facet normal 6.110753e-02 -5.644228e-01 8.232209e-01
      outer loop
         vertex 3.263122e+01 2.190534e+01 1.052858e+01
         vertex 3.253934e+01 1.074972e+01 2.886798e+00
         vertex 3.307841e+01 2.193650e+01 1.051675e+01
      endloop
   endfacet
   facet normal 4.578823e-02 -5.643818e-01 8.242431e-01
      outer loop
         vertex 3.307841e+01 2.193650e+01 1.051675e+01
         vertex 3.253934e+01 1.074972e+01 2.886798e+00
         vertex 3.304378e+01 1.074463e+01 2.855289e+00
      endloop
   endfacet
   facet normal 4.932204e-02 -5.642942e-01 8.240991e-01
      outer loop
         vertex 3.307841e+01 2.193650e+01 1.051675e+01
         vertex 3.304378e+01 1.074463e+01 2.855289e+00
         vertex 3.352378e+01 2.196156e+01 1.050725e+01
      endloop
   endfacet
   facet normal 3.569416e-02 -5.642234e-01 8.248502e-01
      outer loop
         vertex 3.352378e+01 2.196156e+01 1.050725e+01
         vertex 3.304378e+01 1.074463e+01 2.855289e+00
         vertex 3.354751e+01 1.074066e+01 2.830775e+00
      endloop
   endfacet
   facet normal 3.728442e-02 -5.641883e-01 8.248039e-01
      outer loop
         vertex 3.352378e+01 2.196156e+01 1.050725e+01
         vertex 3.354751e+01 1.074066e+01 2.830775e+00
         vertex 3.396732e+01 2.198043e+01 1.050011e+01
      endloop
   endfacet
   facet normal 2.555022e-02 -5.640974e-01 8.253129e-01
      outer loop
         vertex 3.396732e+01 2.198043e+01 1.050011e+01
         vertex 3.354751e+01 1.074066e+01 2.830775e+00
         vertex 3.405059e+01 1.073781e+01 2.813257e+00
      endloop
   endfacet
   facet normal 2.499051e-02 -5.641082e-01 8.253226e-01
      outer loop
         vertex 3.396732e+01 2.198043e+01 1.050011e+01
         vertex 3.405059e+01 1.073781e+01 2.813257e+00
         vertex 3.440902e+01 2.199304e+01 1.049535e+01
      endloop
   endfacet
   facet normal 1.536188e-02 -5.640086e-01 8.256260e-01
      outer loop
         vertex 3.440902e+01 2.199304e+01 1.049535e+01
         vertex 3.405059e+01 1.073781e+01 2.813257e+00
         vertex 3.455308e+01 1.073610e+01 2.802741e+00
      endloop
   endfacet
   facet normal 1.243451e-02 -5.640571e-01 8.256422e-01
      outer loop
         vertex 3.440902e+01 2.199304e+01 1.049535e+01
         vertex 3.455308e+01 1.073610e+01 2.802741e+00
         vertex 3.484888e+01 2.199928e+01 1.049300e+01
      endloop
   endfacet
   facet normal 5.129494e-03 -5.639625e-01 8.257845e-01
      outer loop
         vertex 3.484888e+01 2.199928e+01 1.049300e+01
         vertex 3.455308e+01 1.073610e+01 2.802741e+00
         vertex 3.505504e+01 1.073553e+01 2.799233e+00
      endloop
   endfacet
   facet normal 3.036611e-03 -5.639934e-01 8.257737e-01
      outer loop
         vertex 3.484888e+01 2.199928e+01 1.049300e+01
         vertex 3.505504e+01 1.073553e+01 2.799233e+00
         vertex 3.505504e+01 2.200000e+01 1.049273e+01
      endloop
   endfacet
   facet normal 4.820734e-01 -8.761308e-01 3.760711e-05
      outer loop
         vertex 5.170531e+00 1.225734e+01 1.556303e+01
         vertex 4.250027e+00 1.175084e+01 1.536390e+01
         vertex 5.182001e+00 1.226359e+01 1.428928e+01
      endloop
   endfacet
   facet normal 4.820593e-01 -8.761386e-01 2.168745e-05
      outer loop
         vertex 5.182001e+00 1.226359e+01 1.428928e+01
         vertex 4.250027e+00 1.175084e+01 1.536390e+01
         vertex 4.247763e+00 1.174958e+01 1.492870e+01
      endloop
   endfacet
   facet normal 4.778337e-01 -8.784141e-01 -7.981446e-03
      outer loop
         vertex 5.182001e+00 1.226359e+01 1.428928e+01
         vertex 4.247763e+00 1.174958e+01 1.492870e+01
         vertex 5.082844e+00 1.220946e+01 1.431056e+01
      endloop
   endfacet
   facet normal 4.824207e-01 -8.759397e-01 5.625550e-05
      outer loop
         vertex 5.082844e+00 1.220946e+01 1.431056e+01
         vertex 4.247763e+00 1.174958e+01 1.492870e+01
         vertex 4.241129e+00 1.174590e+01 1.449281e+01
      endloop
   endfacet
   facet normal 4.759281e-01 -8.794842e-01 -3.419666e-05
      outer loop
         vertex 5.170531e+00 1.225734e+01 1.556303e+01
         vertex 5.182001e+00 1.226359e+01 1.428928e+01
         vertex 6.016012e+00 1.271486e+01 1.574284e+01
      endloop
   endfacet
   facet normal 4.758820e-01 -8.795091e-01 0.000000e+00
      outer loop
         vertex 6.016012e+00 1.271486e+01 1.574284e+01
         vertex 5.182001e+00 1.226359e+01 1.428928e+01
         vertex 6.016012e+00 1.271486e+01 1.411193e+01
      endloop
   endfacet
   facet normal 4.713508e-01 -8.819458e-01 0.000000e+00
      outer loop
         vertex 6.016012e+00 1.271486e+01 1.574284e+01
         vertex 6.016012e+00 1.271486e+01 1.411193e+01
         vertex 6.443248e+00 1.294319e+01 1.583255e+01
      endloop
   endfacet
   facet normal 4.717296e-01 -8.817433e-01 -1.209189e-04
      outer loop
         vertex 6.016012e+00 1.271486e+01 1.411193e+01
         vertex 6.333815e+00 1.288489e+01 1.404512e+01
         vertex 6.443248e+00 1.294319e+01 1.583255e+01
      endloop
   endfacet
   facet normal 4.688883e-01 -8.832575e-01 1.024234e-04
      outer loop
         vertex 6.443248e+00 1.294319e+01 1.583255e+01
         vertex 6.333815e+00 1.288489e+01 1.404512e+01
         vertex 6.801351e+00 1.313307e+01 1.394762e+01
      endloop
   endfacet
   facet normal 4.667906e-01 -8.843678e-01 -4.079573e-04
      outer loop
         vertex 6.443248e+00 1.294319e+01 1.583255e+01
         vertex 6.801351e+00 1.313307e+01 1.394762e+01
         vertex 7.268748e+00 1.337883e+01 1.600368e+01
      endloop
   endfacet
   facet normal 4.646936e-01 -8.854715e-01 2.006823e-04
      outer loop
         vertex 7.268748e+00 1.337883e+01 1.600368e+01
         vertex 6.801351e+00 1.313307e+01 1.394762e+01
         vertex 7.460141e+00 1.347878e+01 1.381185e+01
      endloop
   endfacet
   facet normal 4.628598e-01 -8.864315e-01 -3.214057e-06
      outer loop
         vertex 7.268748e+00 1.337883e+01 1.600368e+01
         vertex 7.460141e+00 1.347878e+01 1.381185e+01
         vertex 7.467935e+00 1.348284e+01 1.604452e+01
      endloop
   endfacet
   facet normal 4.616792e-01 -8.870469e-01 2.026439e-06
      outer loop
         vertex 7.467935e+00 1.348284e+01 1.604452e+01
         vertex 7.460141e+00 1.347878e+01 1.381185e+01
         vertex 7.585230e+00 1.354388e+01 1.378628e+01
      endloop
   endfacet
   facet normal 4.597232e-01 -8.880622e-01 -1.270172e-04
      outer loop
         vertex 7.467935e+00 1.348284e+01 1.604452e+01
         vertex 7.585230e+00 1.354388e+01 1.378628e+01
         vertex 8.087885e+00 1.380375e+01 1.617052e+01
      endloop
   endfacet
   facet normal 4.581969e-01 -8.888507e-01 2.806887e-04
      outer loop
         vertex 8.087885e+00 1.380375e+01 1.617052e+01
         vertex 7.585230e+00 1.354388e+01 1.378628e+01
         vertex 8.367673e+00 1.394717e+01 1.362795e+01
      endloop
   endfacet
   facet normal 4.553101e-01 -8.903329e-01 -1.205886e-04
      outer loop
         vertex 8.087885e+00 1.380375e+01 1.617052e+01
         vertex 8.367673e+00 1.394717e+01 1.362795e+01
         vertex 8.590707e+00 1.406087e+01 1.627146e+01
      endloop
   endfacet
   facet normal 4.541375e-01 -8.909316e-01 4.099133e-06
      outer loop
         vertex 8.590707e+00 1.406087e+01 1.627146e+01
         vertex 8.367673e+00 1.394717e+01 1.362795e+01
         vertex 8.600591e+00 1.406590e+01 1.358134e+01
      endloop
   endfacet
   facet normal 4.532543e-01 -8.913812e-01 1.449002e-08
      outer loop
         vertex 8.590707e+00 1.406087e+01 1.627146e+01
         vertex 8.600591e+00 1.406590e+01 1.358134e+01
         vertex 8.600558e+00 1.406588e+01 1.627342e+01
      endloop
   endfacet
   facet normal 4.519922e-01 -8.920219e-01 -4.726773e-09
      outer loop
         vertex 8.600558e+00 1.406588e+01 1.627342e+01
         vertex 8.600591e+00 1.406590e+01 1.358134e+01
         vertex 8.900710e+00 1.421797e+01 1.633311e+01
      endloop
   endfacet
   facet normal 4.510053e-01 -8.925213e-01 1.352234e-04
      outer loop
         vertex 8.900710e+00 1.421797e+01 1.633311e+01
         vertex 8.600591e+00 1.406590e+01 1.358134e+01
         vertex 9.148709e+00 1.434286e+01 1.347266e+01
      endloop
   endfacet
   facet normal 4.474925e-01 -8.942877e-01 -2.464569e-04
      outer loop
         vertex 8.900710e+00 1.421797e+01 1.633311e+01
         vertex 9.148709e+00 1.434286e+01 1.347266e+01
         vertex 9.707274e+00 1.462152e+01 1.649145e+01
      endloop
   endfacet
   facet normal 4.463939e-01 -8.948366e-01 7.480356e-06
      outer loop
         vertex 9.707274e+00 1.462152e+01 1.649145e+01
         vertex 9.148709e+00 1.434286e+01 1.347266e+01
         vertex 9.715334e+00 1.462552e+01 1.336176e+01
      endloop
   endfacet
   facet normal 4.406774e-01 -8.976656e-01 -1.085373e-05
      outer loop
         vertex 9.707274e+00 1.462152e+01 1.649145e+01
         vertex 9.715334e+00 1.462552e+01 1.336176e+01
         vertex 1.050763e+01 1.501443e+01 1.664554e+01
      endloop
   endfacet
   facet normal 4.430068e-01 -8.965180e-01 -7.087949e-04
      outer loop
         vertex 9.715334e+00 1.462552e+01 1.336176e+01
         vertex 9.928366e+00 1.473082e+01 1.332045e+01
         vertex 1.050763e+01 1.501443e+01 1.664554e+01
      endloop
   endfacet
   facet normal 4.397279e-01 -8.981310e-01 0.000000e+00
      outer loop
         vertex 1.050763e+01 1.501443e+01 1.664554e+01
         vertex 9.928366e+00 1.473082e+01 1.332045e+01
         vertex 1.050763e+01 1.501443e+01 1.320923e+01
      endloop
   endfacet
   facet normal 4.359338e-01 -8.999787e-01 0.000000e+00
      outer loop
         vertex 1.050763e+01 1.501443e+01 1.664554e+01
         vertex 1.050763e+01 1.501443e+01 1.320923e+01
         vertex 1.080007e+01 1.515608e+01 1.670108e+01
      endloop
   endfacet
   facet normal 4.358576e-01 -9.000156e-01 7.880416e-06
      outer loop
         vertex 1.080007e+01 1.515608e+01 1.670108e+01
         vertex 1.050763e+01 1.501443e+01 1.320923e+01
         vertex 1.081767e+01 1.516457e+01 1.315037e+01
      endloop
   endfacet
   facet normal 4.345793e-01 -9.006336e-01 6.598326e-08
      outer loop
         vertex 1.080007e+01 1.515608e+01 1.670108e+01
         vertex 1.081767e+01 1.516457e+01 1.315037e+01
         vertex 1.081768e+01 1.516458e+01 1.670441e+01
      endloop
   endfacet
   facet normal 4.333202e-01 -9.012400e-01 7.253352e-08
      outer loop
         vertex 1.081768e+01 1.516458e+01 1.670441e+01
         vertex 1.081767e+01 1.516457e+01 1.315037e+01
         vertex 1.108065e+01 1.529101e+01 1.675397e+01
      endloop
   endfacet
   facet normal 4.329097e-01 -9.014373e-01 3.695218e-05
      outer loop
         vertex 1.108065e+01 1.529101e+01 1.675397e+01
         vertex 1.081767e+01 1.516457e+01 1.315037e+01
         vertex 1.117379e+01 1.533560e+01 1.308332e+01
      endloop
   endfacet
   facet normal 4.287020e-01 -9.034459e-01 -9.421914e-05
      outer loop
         vertex 1.108065e+01 1.529101e+01 1.675397e+01
         vertex 1.117379e+01 1.533560e+01 1.308332e+01
         vertex 1.184418e+01 1.565331e+01 1.689596e+01
      endloop
   endfacet
   facet normal 4.282891e-01 -9.036418e-01 -5.300428e-06
      outer loop
         vertex 1.117379e+01 1.533560e+01 1.308332e+01
         vertex 1.183856e+01 1.565067e+01 1.295985e+01
         vertex 1.184418e+01 1.565331e+01 1.689596e+01
      endloop
   endfacet
   facet normal 4.249187e-01 -9.052315e-01 5.809416e-07
      outer loop
         vertex 1.184418e+01 1.565331e+01 1.689596e+01
         vertex 1.183856e+01 1.565067e+01 1.295985e+01
         vertex 1.190758e+01 1.568307e+01 1.294716e+01
      endloop
   endfacet
   facet normal 4.216420e-01 -9.067624e-01 -6.356144e-05
      outer loop
         vertex 1.184418e+01 1.565331e+01 1.689596e+01
         vertex 1.190758e+01 1.568307e+01 1.294716e+01
         vertex 1.260166e+01 1.600553e+01 1.703393e+01
      endloop
   endfacet
   facet normal 4.217919e-01 -9.066927e-01 -9.451888e-05
      outer loop
         vertex 1.260166e+01 1.600553e+01 1.703393e+01
         vertex 1.190758e+01 1.568307e+01 1.294716e+01
         vertex 1.250194e+01 1.595958e+01 1.283884e+01
      endloop
   endfacet
   facet normal 4.162927e-01 -9.092307e-01 6.400483e-05
      outer loop
         vertex 1.260166e+01 1.600553e+01 1.703393e+01
         vertex 1.250194e+01 1.595958e+01 1.283884e+01
         vertex 1.296038e+01 1.616977e+01 1.709824e+01
      endloop
   endfacet
   facet normal 4.166674e-01 -9.090590e-01 1.520033e-05
      outer loop
         vertex 1.296038e+01 1.616977e+01 1.709824e+01
         vertex 1.250194e+01 1.595958e+01 1.283884e+01
         vertex 1.298499e+01 1.618098e+01 1.275214e+01
      endloop
   endfacet
   facet normal 4.126336e-01 -9.108971e-01 -1.237822e-05
      outer loop
         vertex 1.296038e+01 1.616977e+01 1.709824e+01
         vertex 1.298499e+01 1.618098e+01 1.275214e+01
         vertex 1.335314e+01 1.634769e+01 1.716790e+01
      endloop
   endfacet
   facet normal 4.134296e-01 -9.105361e-01 -9.237152e-05
      outer loop
         vertex 1.335314e+01 1.634769e+01 1.716790e+01
         vertex 1.298499e+01 1.618098e+01 1.275214e+01
         vertex 1.316395e+01 1.626224e+01 1.272033e+01
      endloop
   endfacet
   facet normal 4.069086e-01 -9.134688e-01 2.413579e-04
      outer loop
         vertex 1.335314e+01 1.634769e+01 1.716790e+01
         vertex 1.316395e+01 1.626224e+01 1.272033e+01
         vertex 1.409865e+01 1.667982e+01 1.729787e+01
      endloop
   endfacet
   facet normal 4.108575e-01 -9.116993e-01 -7.263947e-04
      outer loop
         vertex 1.409865e+01 1.667982e+01 1.729787e+01
         vertex 1.316395e+01 1.626224e+01 1.272033e+01
         vertex 1.348686e+01 1.640781e+01 1.266335e+01
      endloop
   endfacet
   facet normal 4.076268e-01 -9.131486e-01 -2.148561e-04
      outer loop
         vertex 1.409865e+01 1.667982e+01 1.729787e+01
         vertex 1.348686e+01 1.640781e+01 1.266335e+01
         vertex 1.382460e+01 1.655859e+01 1.260434e+01
      endloop
   endfacet
   facet normal 3.956763e-01 -9.183900e-01 1.361761e-04
      outer loop
         vertex 1.514190e+01 1.713200e+01 1.238005e+01
         vertex 1.483826e+01 1.700193e+01 1.742386e+01
         vertex 1.448391e+01 1.684853e+01 1.249090e+01
      endloop
   endfacet
   facet normal 3.993210e-01 -9.168112e-01 -1.747327e-04
      outer loop
         vertex 1.448391e+01 1.684853e+01 1.249090e+01
         vertex 1.483826e+01 1.700193e+01 1.742386e+01
         vertex 1.409865e+01 1.667982e+01 1.729787e+01
      endloop
   endfacet
   facet normal 4.014067e-01 -9.158999e-01 2.441192e-05
      outer loop
         vertex 1.448391e+01 1.684853e+01 1.249090e+01
         vertex 1.409865e+01 1.667982e+01 1.729787e+01
         vertex 1.404995e+01 1.665835e+01 1.256530e+01
      endloop
   endfacet
   facet normal 4.047991e-01 -9.144057e-01 -1.727869e-05
      outer loop
         vertex 1.404995e+01 1.665835e+01 1.256530e+01
         vertex 1.409865e+01 1.667982e+01 1.729787e+01
         vertex 1.382460e+01 1.655859e+01 1.260434e+01
      endloop
   endfacet
   facet normal 3.736276e-01 -9.275788e-01 -1.540925e-04
      outer loop
         vertex 1.710811e+01 1.794265e+01 1.206337e+01
         vertex 1.629999e+01 1.761622e+01 1.766394e+01
         vertex 1.645398e+01 1.767915e+01 1.216625e+01
      endloop
   endfacet
   facet normal 3.801270e-01 -9.249343e-01 5.822921e-05
      outer loop
         vertex 1.645398e+01 1.767915e+01 1.216625e+01
         vertex 1.629999e+01 1.761622e+01 1.766394e+01
         vertex 1.614240e+01 1.755145e+01 1.763864e+01
      endloop
   endfacet
   facet normal 3.792532e-01 -9.252929e-01 1.081059e-07
      outer loop
         vertex 1.645398e+01 1.767915e+01 1.216625e+01
         vertex 1.614240e+01 1.755145e+01 1.763864e+01
         vertex 1.614240e+01 1.755145e+01 1.221613e+01
      endloop
   endfacet
   facet normal 3.812338e-01 -9.244787e-01 1.072158e-07
      outer loop
         vertex 1.614240e+01 1.755145e+01 1.221613e+01
         vertex 1.614240e+01 1.755145e+01 1.763864e+01
         vertex 1.610925e+01 1.753778e+01 1.763330e+01
      endloop
   endfacet
   facet normal 3.829759e-01 -9.237584e-01 1.258301e-05
      outer loop
         vertex 1.614240e+01 1.755145e+01 1.221613e+01
         vertex 1.610925e+01 1.753778e+01 1.763330e+01
         vertex 1.579858e+01 1.740891e+01 1.227182e+01
      endloop
   endfacet
   facet normal 3.844430e-01 -9.231487e-01 -8.708557e-05
      outer loop
         vertex 1.579858e+01 1.740891e+01 1.227182e+01
         vertex 1.610925e+01 1.753778e+01 1.763330e+01
         vertex 1.557202e+01 1.731406e+01 1.754589e+01
      endloop
   endfacet
   facet normal 3.885576e-01 -9.214244e-01 1.206728e-04
      outer loop
         vertex 1.579858e+01 1.740891e+01 1.227182e+01
         vertex 1.557202e+01 1.731406e+01 1.754589e+01
         vertex 1.514190e+01 1.713200e+01 1.238005e+01
      endloop
   endfacet
   facet normal 3.901740e-01 -9.207411e-01 -3.799138e-05
      outer loop
         vertex 1.514190e+01 1.713200e+01 1.238005e+01
         vertex 1.557202e+01 1.731406e+01 1.754589e+01
         vertex 1.507188e+01 1.710212e+01 1.746304e+01
      endloop
   endfacet
   facet normal 3.941386e-01 -9.190510e-01 2.656185e-05
      outer loop
         vertex 1.514190e+01 1.713200e+01 1.238005e+01
         vertex 1.507188e+01 1.710212e+01 1.746304e+01
         vertex 1.483826e+01 1.700193e+01 1.742386e+01
      endloop
   endfacet
   facet normal 3.596129e-01 -9.331016e-01 1.985074e-05
      outer loop
         vertex 1.818474e+01 1.836243e+01 1.189959e+01
         vertex 1.814721e+01 1.834809e+01 1.794959e+01
         vertex 1.773875e+01 1.819067e+01 1.788819e+01
      endloop
   endfacet
   facet normal 3.592415e-01 -9.332446e-01 -1.191391e-05
      outer loop
         vertex 1.818474e+01 1.836243e+01 1.189959e+01
         vertex 1.773875e+01 1.819067e+01 1.788819e+01
         vertex 1.776099e+01 1.819931e+01 1.196321e+01
      endloop
   endfacet
   facet normal 3.656144e-01 -9.307664e-01 1.561525e-05
      outer loop
         vertex 1.776099e+01 1.819931e+01 1.196321e+01
         vertex 1.773875e+01 1.819067e+01 1.788819e+01
         vertex 1.716985e+01 1.796720e+01 1.780099e+01
      endloop
   endfacet
   facet normal 3.654803e-01 -9.308191e-01 -5.412796e-08
      outer loop
         vertex 1.776099e+01 1.819931e+01 1.196321e+01
         vertex 1.716985e+01 1.796720e+01 1.780099e+01
         vertex 1.716985e+01 1.796720e+01 1.205378e+01
      endloop
   endfacet
   facet normal 3.692605e-01 -9.293259e-01 -4.838051e-08
      outer loop
         vertex 1.716985e+01 1.796720e+01 1.205378e+01
         vertex 1.716985e+01 1.796720e+01 1.780099e+01
         vertex 1.713438e+01 1.795311e+01 1.779549e+01
      endloop
   endfacet
   facet normal 3.694230e-01 -9.292614e-01 1.113818e-06
      outer loop
         vertex 1.716985e+01 1.796720e+01 1.205378e+01
         vertex 1.713438e+01 1.795311e+01 1.779549e+01
         vertex 1.710811e+01 1.794265e+01 1.206337e+01
      endloop
   endfacet
   facet normal 3.701453e-01 -9.289739e-01 -2.721952e-06
      outer loop
         vertex 1.710811e+01 1.794265e+01 1.206337e+01
         vertex 1.713438e+01 1.795311e+01 1.779549e+01
         vertex 1.702221e+01 1.790841e+01 1.777804e+01
      endloop
   endfacet
   facet normal 3.750379e-01 -9.270095e-01 8.258334e-05
      outer loop
         vertex 1.710811e+01 1.794265e+01 1.206337e+01
         vertex 1.702221e+01 1.790841e+01 1.777804e+01
         vertex 1.629999e+01 1.761622e+01 1.766394e+01
      endloop
   endfacet
   facet normal 3.551459e-01 -9.348109e-01 -1.147028e-05
      outer loop
         vertex 1.841265e+01 1.844901e+01 1.186583e+01
         vertex 1.844967e+01 1.846300e+01 1.799440e+01
         vertex 1.818474e+01 1.836243e+01 1.189959e+01
      endloop
   endfacet
   facet normal 3.549138e-01 -9.348990e-01 7.455326e-08
      outer loop
         vertex 1.818474e+01 1.836243e+01 1.189959e+01
         vertex 1.844967e+01 1.846300e+01 1.799440e+01
         vertex 1.818474e+01 1.836243e+01 1.795518e+01
      endloop
   endfacet
   facet normal 3.568329e-01 -9.341682e-01 7.584624e-08
      outer loop
         vertex 1.818474e+01 1.836243e+01 1.189959e+01
         vertex 1.818474e+01 1.836243e+01 1.795518e+01
         vertex 1.814721e+01 1.834809e+01 1.794959e+01
      endloop
   endfacet
   facet normal 3.521592e-01 -9.359400e-01 -4.882447e-04
      outer loop
         vertex 1.864459e+01 1.853630e+01 1.183180e+01
         vertex 1.918709e+01 1.873715e+01 1.810124e+01
         vertex 1.841265e+01 1.844901e+01 1.186583e+01
      endloop
   endfacet
   facet normal 3.437497e-01 -9.390610e-01 7.004377e-04
      outer loop
         vertex 1.841265e+01 1.844901e+01 1.186583e+01
         vertex 1.918709e+01 1.873715e+01 1.810124e+01
         vertex 1.915503e+01 1.872541e+01 1.809667e+01
      endloop
   endfacet
   facet normal 3.486737e-01 -9.372442e-01 3.317781e-05
      outer loop
         vertex 1.841265e+01 1.844901e+01 1.186583e+01
         vertex 1.915503e+01 1.872541e+01 1.809667e+01
         vertex 1.844967e+01 1.846300e+01 1.799440e+01
      endloop
   endfacet
   facet normal 3.304936e-01 -9.438082e-01 7.953330e-08
      outer loop
         vertex 2.017683e+01 1.909138e+01 1.161560e+01
         vertex 2.017684e+01 1.909138e+01 1.823918e+01
         vertex 2.012707e+01 1.907395e+01 1.823239e+01
      endloop
   endfacet
   facet normal 3.480045e-01 -9.374929e-01 -7.899056e-05
      outer loop
         vertex 1.864459e+01 1.853630e+01 1.183180e+01
         vertex 1.906312e+01 1.869167e+01 1.177125e+01
         vertex 1.918709e+01 1.873715e+01 1.810124e+01
      endloop
   endfacet
   facet normal 3.444536e-01 -9.388033e-01 -2.774650e-08
      outer loop
         vertex 1.918709e+01 1.873715e+01 1.810124e+01
         vertex 1.906312e+01 1.869167e+01 1.177125e+01
         vertex 1.918709e+01 1.873715e+01 1.175353e+01
      endloop
   endfacet
   facet normal 3.391573e-01 -9.407297e-01 -2.251894e-08
      outer loop
         vertex 1.918709e+01 1.873715e+01 1.810124e+01
         vertex 1.918709e+01 1.873715e+01 1.175353e+01
         vertex 1.985488e+01 1.897791e+01 1.819501e+01
      endloop
   endfacet
   facet normal 3.401072e-01 -9.403866e-01 -1.113209e-04
      outer loop
         vertex 1.985488e+01 1.897791e+01 1.819501e+01
         vertex 1.918709e+01 1.873715e+01 1.175353e+01
         vertex 1.971241e+01 1.892715e+01 1.167953e+01
      endloop
   endfacet
   facet normal 3.327352e-01 -9.430203e-01 7.039686e-05
      outer loop
         vertex 1.985488e+01 1.897791e+01 1.819501e+01
         vertex 1.971241e+01 1.892715e+01 1.167953e+01
         vertex 2.012707e+01 1.907395e+01 1.823239e+01
      endloop
   endfacet
   facet normal 3.355773e-01 -9.420127e-01 -1.320210e-04
      outer loop
         vertex 2.012707e+01 1.907395e+01 1.823239e+01
         vertex 1.971241e+01 1.892715e+01 1.167953e+01
         vertex 1.985488e+01 1.897791e+01 1.165976e+01
      endloop
   endfacet
   facet normal 3.323969e-01 -9.431396e-01 1.615387e-05
      outer loop
         vertex 2.012707e+01 1.907395e+01 1.823239e+01
         vertex 1.985488e+01 1.897791e+01 1.165976e+01
         vertex 2.017683e+01 1.909138e+01 1.161560e+01
      endloop
   endfacet
   facet normal 3.180801e-01 -9.480638e-01 1.097823e-05
      outer loop
         vertex 2.088961e+01 1.933642e+01 1.152026e+01
         vertex 2.115397e+01 1.942512e+01 1.148578e+01
         vertex 2.111215e+01 1.941117e+01 1.836357e+01
      endloop
   endfacet
   facet normal 3.164623e-01 -9.486051e-01 4.292417e-08
      outer loop
         vertex 2.111215e+01 1.941117e+01 1.836357e+01
         vertex 2.115397e+01 1.942512e+01 1.148578e+01
         vertex 2.115396e+01 1.942512e+01 1.836900e+01
      endloop
   endfacet
   facet normal 3.260092e-01 -9.453666e-01 8.249368e-08
      outer loop
         vertex 2.017684e+01 1.909138e+01 1.823918e+01
         vertex 2.017683e+01 1.909138e+01 1.161560e+01
         vertex 2.076487e+01 1.929416e+01 1.831807e+01
      endloop
   endfacet
   facet normal 3.287558e-01 -9.444149e-01 -2.696768e-04
      outer loop
         vertex 2.076487e+01 1.929416e+01 1.831807e+01
         vertex 2.017683e+01 1.909138e+01 1.161560e+01
         vertex 2.037292e+01 1.915964e+01 1.158903e+01
      endloop
   endfacet
   facet normal 3.192500e-01 -9.476705e-01 3.490948e-04
      outer loop
         vertex 2.076487e+01 1.929416e+01 1.831807e+01
         vertex 2.037292e+01 1.915964e+01 1.158903e+01
         vertex 2.111215e+01 1.941117e+01 1.836357e+01
      endloop
   endfacet
   facet normal 3.255891e-01 -9.455113e-01 -4.227843e-04
      outer loop
         vertex 2.111215e+01 1.941117e+01 1.836357e+01
         vertex 2.037292e+01 1.915964e+01 1.158903e+01
         vertex 2.062180e+01 1.924536e+01 1.155568e+01
      endloop
   endfacet
   facet normal 3.219228e-01 -9.467659e-01 -1.281597e-04
      outer loop
         vertex 2.111215e+01 1.941117e+01 1.836357e+01
         vertex 2.062180e+01 1.924536e+01 1.155568e+01
         vertex 2.088961e+01 1.933642e+01 1.152026e+01
      endloop
   endfacet
   facet normal 3.143370e-01 -9.493115e-01 4.167836e-08
      outer loop
         vertex 2.115396e+01 1.942512e+01 1.836900e+01
         vertex 2.115397e+01 1.942512e+01 1.148578e+01
         vertex 2.139728e+01 1.950569e+01 1.840031e+01
      endloop
   endfacet
   facet normal 3.142828e-01 -9.493294e-01 2.156330e-06
      outer loop
         vertex 2.139728e+01 1.950569e+01 1.840031e+01
         vertex 2.115397e+01 1.942512e+01 1.148578e+01
         vertex 2.140495e+01 1.950821e+01 1.145348e+01
      endloop
   endfacet
   facet normal 3.078041e-01 -9.514498e-01 -5.759737e-06
      outer loop
         vertex 2.139728e+01 1.950569e+01 1.840031e+01
         vertex 2.140495e+01 1.950821e+01 1.145348e+01
         vertex 2.202436e+01 1.970855e+01 1.847913e+01
      endloop
   endfacet
   facet normal 3.085375e-01 -9.512122e-01 -7.719941e-05
      outer loop
         vertex 2.140495e+01 1.950821e+01 1.145348e+01
         vertex 2.191894e+01 1.967493e+01 1.138870e+01
         vertex 2.202436e+01 1.970855e+01 1.847913e+01
      endloop
   endfacet
   facet normal 3.031003e-01 -9.529586e-01 1.192140e-05
      outer loop
         vertex 2.202436e+01 1.970855e+01 1.847913e+01
         vertex 2.191894e+01 1.967493e+01 1.138870e+01
         vertex 2.211847e+01 1.973839e+01 1.136406e+01
      endloop
   endfacet
   facet normal 3.026131e-01 -9.531135e-01 4.827498e-06
      outer loop
         vertex 2.202436e+01 1.970855e+01 1.847913e+01
         vertex 2.211847e+01 1.973839e+01 1.136406e+01
         vertex 2.207591e+01 1.972492e+01 1.848548e+01
      endloop
   endfacet
   facet normal 2.991093e-01 -9.542189e-01 -1.820499e-05
      outer loop
         vertex 2.207591e+01 1.972492e+01 1.848548e+01
         vertex 2.211847e+01 1.973839e+01 1.136406e+01
         vertex 2.243159e+01 1.983655e+01 1.132595e+01
      endloop
   endfacet
   facet normal 2.977636e-01 -9.546396e-01 -9.162111e-05
      outer loop
         vertex 2.207591e+01 1.972492e+01 1.848548e+01
         vertex 2.243159e+01 1.983655e+01 1.132595e+01
         vertex 2.264615e+01 1.990278e+01 1.855453e+01
      endloop
   endfacet
   facet normal 2.925847e-01 -9.562396e-01 7.675785e-05
      outer loop
         vertex 2.243159e+01 1.983655e+01 1.132595e+01
         vertex 2.294291e+01 1.999299e+01 1.126525e+01
         vertex 2.264615e+01 1.990278e+01 1.855453e+01
      endloop
   endfacet
   facet normal 2.842455e-01 -9.587515e-01 -2.938364e-04
      outer loop
         vertex 2.264615e+01 1.990278e+01 1.855453e+01
         vertex 2.294291e+01 1.999299e+01 1.126525e+01
         vertex 2.345290e+01 2.014421e+01 1.120661e+01
      endloop
   endfacet
   facet normal 2.882410e-01 -9.575579e-01 1.840621e-04
      outer loop
         vertex 2.264615e+01 1.990278e+01 1.855453e+01
         vertex 2.345290e+01 2.014421e+01 1.120661e+01
         vertex 2.326272e+01 2.008839e+01 1.862652e+01
      endloop
   endfacet
   facet normal 2.757397e-01 -9.612323e-01 -1.640064e-04
      outer loop
         vertex 2.326272e+01 2.008839e+01 1.862652e+01
         vertex 2.345290e+01 2.014421e+01 1.120661e+01
         vertex 2.396156e+01 2.029013e+01 1.115007e+01
      endloop
   endfacet
   facet normal 2.780929e-01 -9.605542e-01 7.425378e-05
      outer loop
         vertex 2.326272e+01 2.008839e+01 1.862652e+01
         vertex 2.396156e+01 2.029013e+01 1.115007e+01
         vertex 2.387411e+01 2.026540e+01 1.869512e+01
      endloop
   endfacet
   facet normal 2.670076e-01 -9.636944e-01 -6.452468e-05
      outer loop
         vertex 2.387411e+01 2.026540e+01 1.869512e+01
         vertex 2.396156e+01 2.029013e+01 1.115007e+01
         vertex 2.446890e+01 2.043070e+01 1.109564e+01
      endloop
   endfacet
   facet normal 2.676731e-01 -9.635098e-01 -8.424499e-06
      outer loop
         vertex 2.387411e+01 2.026540e+01 1.869512e+01
         vertex 2.446890e+01 2.043070e+01 1.109564e+01
         vertex 2.448038e+01 2.043383e+01 1.876034e+01
      endloop
   endfacet
   facet normal 2.580333e-01 -9.661360e-01 7.090432e-06
      outer loop
         vertex 2.448038e+01 2.043383e+01 1.876034e+01
         vertex 2.446890e+01 2.043070e+01 1.109564e+01
         vertex 2.497492e+01 2.056585e+01 1.104335e+01
      endloop
   endfacet
   facet normal 2.569719e-01 -9.664189e-01 -6.576506e-05
      outer loop
         vertex 2.448038e+01 2.043383e+01 1.876034e+01
         vertex 2.497492e+01 2.056585e+01 1.104335e+01
         vertex 2.508160e+01 2.059369e+01 1.882218e+01
      endloop
   endfacet
   facet normal 2.488165e-01 -9.685507e-01 5.370598e-05
      outer loop
         vertex 2.508160e+01 2.059369e+01 1.882218e+01
         vertex 2.497492e+01 2.056585e+01 1.104335e+01
         vertex 2.547963e+01 2.069551e+01 1.099323e+01
      endloop
   endfacet
   facet normal 2.459825e-01 -9.692743e-01 -9.978755e-05
      outer loop
         vertex 2.508160e+01 2.059369e+01 1.882218e+01
         vertex 2.547963e+01 2.069551e+01 1.099323e+01
         vertex 2.567782e+01 2.074499e+01 1.888066e+01
      endloop
   endfacet
   facet normal 2.112034e-01 -9.774421e-01 -7.833029e-05
      outer loop
         vertex 2.743712e+01 2.114762e+01 1.903595e+01
         vertex 2.685551e+01 2.102195e+01 1.898754e+01
         vertex 2.698598e+01 2.105080e+01 1.085612e+01
      endloop
   endfacet
   facet normal 2.230877e-01 -9.747984e-01 1.217322e-04
      outer loop
         vertex 2.698598e+01 2.105080e+01 1.085612e+01
         vertex 2.685551e+01 2.102195e+01 1.898754e+01
         vertex 2.626910e+01 2.088774e+01 1.893578e+01
      endloop
   endfacet
   facet normal 2.195978e-01 -9.755905e-01 -2.038969e-04
      outer loop
         vertex 2.698598e+01 2.105080e+01 1.085612e+01
         vertex 2.626910e+01 2.088774e+01 1.893578e+01
         vertex 2.648516e+01 2.093806e+01 1.089959e+01
      endloop
   endfacet
   facet normal 2.346674e-01 -9.720757e-01 2.232646e-04
      outer loop
         vertex 2.648516e+01 2.093806e+01 1.089959e+01
         vertex 2.626910e+01 2.088774e+01 1.893578e+01
         vertex 2.567782e+01 2.074499e+01 1.888066e+01
      endloop
   endfacet
   facet normal 2.295831e-01 -9.732890e-01 -3.203969e-04
      outer loop
         vertex 2.648516e+01 2.093806e+01 1.089959e+01
         vertex 2.567782e+01 2.074499e+01 1.888066e+01
         vertex 2.598304e+01 2.081960e+01 1.094530e+01
      endloop
   endfacet
   facet normal 2.393477e-01 -9.709339e-01 7.733393e-05
      outer loop
         vertex 2.598304e+01 2.081960e+01 1.094530e+01
         vertex 2.567782e+01 2.074499e+01 1.888066e+01
         vertex 2.547963e+01 2.069551e+01 1.099323e+01
      endloop
   endfacet
   facet normal 2.093421e-01 -9.778425e-01 2.905868e-05
      outer loop
         vertex 2.698598e+01 2.105080e+01 1.085612e+01
         vertex 2.748552e+01 2.115774e+01 1.081493e+01
         vertex 2.743712e+01 2.114762e+01 1.903595e+01
      endloop
   endfacet
   facet normal 1.987805e-01 -9.800440e-01 -3.583946e-05
      outer loop
         vertex 2.743712e+01 2.114762e+01 1.903595e+01
         vertex 2.748552e+01 2.115774e+01 1.081493e+01
         vertex 2.798379e+01 2.125880e+01 1.077604e+01
      endloop
   endfacet
   facet normal 1.989752e-01 -9.800045e-01 -2.241797e-05
      outer loop
         vertex 2.743712e+01 2.114762e+01 1.903595e+01
         vertex 2.798379e+01 2.125880e+01 1.077604e+01
         vertex 2.801398e+01 2.126474e+01 1.908102e+01
      endloop
   endfacet
   facet normal 1.923618e-01 -9.813241e-01 2.568042e-06
      outer loop
         vertex 2.798379e+01 2.125880e+01 1.077604e+01
         vertex 2.807815e+01 2.127730e+01 1.076892e+01
         vertex 2.801398e+01 2.126474e+01 1.908102e+01
      endloop
   endfacet
   facet normal 1.868840e-01 -9.823820e-01 -4.131938e-05
      outer loop
         vertex 2.801398e+01 2.126474e+01 1.908102e+01
         vertex 2.807815e+01 2.127730e+01 1.076892e+01
         vertex 2.848080e+01 2.135390e+01 1.073948e+01
      endloop
   endfacet
   facet normal 1.864279e-01 -9.824686e-01 -6.776532e-05
      outer loop
         vertex 2.801398e+01 2.126474e+01 1.908102e+01
         vertex 2.848080e+01 2.135390e+01 1.073948e+01
         vertex 2.858618e+01 2.137332e+01 1.912275e+01
      endloop
   endfacet
   facet normal 1.767770e-01 -9.842509e-01 5.768366e-05
      outer loop
         vertex 2.858618e+01 2.137332e+01 1.912275e+01
         vertex 2.848080e+01 2.135390e+01 1.073948e+01
         vertex 2.897655e+01 2.144294e+01 1.070529e+01
      endloop
   endfacet
   facet normal 1.735361e-01 -9.848275e-01 -9.738375e-05
      outer loop
         vertex 2.858618e+01 2.137332e+01 1.912275e+01
         vertex 2.897655e+01 2.144294e+01 1.070529e+01
         vertex 2.915379e+01 2.147333e+01 1.916114e+01
      endloop
   endfacet
   facet normal 1.653075e-01 -9.862421e-01 8.017844e-05
      outer loop
         vertex 2.915379e+01 2.147333e+01 1.916114e+01
         vertex 2.897655e+01 2.144294e+01 1.070529e+01
         vertex 2.947105e+01 2.152582e+01 1.067350e+01
      endloop
   endfacet
   facet normal 1.602982e-01 -9.870686e-01 -1.121789e-04
      outer loop
         vertex 2.915379e+01 2.147333e+01 1.916114e+01
         vertex 2.947105e+01 2.152582e+01 1.067350e+01
         vertex 2.971687e+01 2.156477e+01 1.919619e+01
      endloop
   endfacet
   facet normal 1.535111e-01 -9.881469e-01 8.851273e-05
      outer loop
         vertex 2.947105e+01 2.152582e+01 1.067350e+01
         vertex 2.996432e+01 2.160245e+01 1.064415e+01
         vertex 2.971687e+01 2.156477e+01 1.919619e+01
      endloop
   endfacet
   facet normal 1.413646e-01 -9.899576e-01 -2.709154e-04
      outer loop
         vertex 2.971687e+01 2.156477e+01 1.919619e+01
         vertex 2.996432e+01 2.160245e+01 1.064415e+01
         vertex 3.045637e+01 2.167272e+01 1.061726e+01
      endloop
   endfacet
   facet normal 1.466799e-01 -9.891840e-01 1.969912e-04
      outer loop
         vertex 2.971687e+01 2.156477e+01 1.919619e+01
         vertex 3.045637e+01 2.167272e+01 1.061726e+01
         vertex 3.027552e+01 2.164762e+01 1.922791e+01
      endloop
   endfacet
   facet normal 1.334614e-01 -9.910540e-01 -8.609399e-05
      outer loop
         vertex 3.027552e+01 2.164762e+01 1.922791e+01
         vertex 3.045637e+01 2.167272e+01 1.061726e+01
         vertex 3.077283e+01 2.171459e+01 1.925351e+01
      endloop
   endfacet
   facet normal 1.289079e-01 -9.916566e-01 8.368491e-05
      outer loop
         vertex 3.077283e+01 2.171459e+01 1.925351e+01
         vertex 3.045637e+01 2.167272e+01 1.061726e+01
         vertex 3.094721e+01 2.173652e+01 1.059289e+01
      endloop
   endfacet
   facet normal 1.203133e-01 -9.927360e-01 -9.209393e-05
      outer loop
         vertex 3.077283e+01 2.171459e+01 1.925351e+01
         vertex 3.094721e+01 2.173652e+01 1.059289e+01
         vertex 3.129078e+01 2.177736e+01 1.927747e+01
      endloop
   endfacet
   facet normal 1.181783e-01 -9.929924e-01 -6.425846e-06
      outer loop
         vertex 3.129078e+01 2.177736e+01 1.927747e+01
         vertex 3.094721e+01 2.173652e+01 1.059289e+01
         vertex 3.127875e+01 2.177598e+01 1.057783e+01
      endloop
   endfacet
   facet normal 1.109573e-01 -9.938252e-01 3.685482e-06
      outer loop
         vertex 3.129078e+01 2.177736e+01 1.927747e+01
         vertex 3.127875e+01 2.177598e+01 1.057783e+01
         vertex 3.147716e+01 2.179816e+01 1.928541e+01
      endloop
   endfacet
   facet normal 1.111171e-01 -9.938073e-01 0.000000e+00
      outer loop
         vertex 3.127875e+01 2.177598e+01 1.057783e+01
         vertex 3.147716e+01 2.179816e+01 1.056937e+01
         vertex 3.147716e+01 2.179816e+01 1.928541e+01
      endloop
   endfacet
   facet normal 1.049899e-01 -9.944733e-01 0.000000e+00
      outer loop
         vertex 3.147716e+01 2.179816e+01 1.928541e+01
         vertex 3.147716e+01 2.179816e+01 1.056937e+01
         vertex 3.173138e+01 2.182500e+01 1.055914e+01
      endloop
   endfacet
   facet normal 1.043759e-01 -9.945379e-01 -1.808815e-05
      outer loop
         vertex 3.147716e+01 2.179816e+01 1.928541e+01
         vertex 3.173138e+01 2.182500e+01 1.055914e+01
         vertex 3.177629e+01 2.182956e+01 1.929737e+01
      endloop
   endfacet
   facet normal 9.526518e-02 -9.954519e-01 2.921075e-05
      outer loop
         vertex 3.177629e+01 2.182956e+01 1.929737e+01
         vertex 3.173138e+01 2.182500e+01 1.055914e+01
         vertex 3.218221e+01 2.186815e+01 1.054271e+01
      endloop
   endfacet
   facet normal 9.873459e-02 -9.951138e-01 1.915627e-04
      outer loop
         vertex 3.177629e+01 2.182956e+01 1.929737e+01
         vertex 3.218221e+01 2.186815e+01 1.054271e+01
         vertex 3.188757e+01 2.184060e+01 1.930157e+01
      endloop
   endfacet
   facet normal 8.253543e-02 -9.965881e-01 -3.579933e-04
      outer loop
         vertex 3.188757e+01 2.184060e+01 1.930157e+01
         vertex 3.218221e+01 2.186815e+01 1.054271e+01
         vertex 3.263122e+01 2.190534e+01 1.052858e+01
      endloop
   endfacet
   facet normal 9.201614e-02 -9.957574e-01 4.517761e-04
      outer loop
         vertex 3.188757e+01 2.184060e+01 1.930157e+01
         vertex 3.263122e+01 2.190534e+01 1.052858e+01
         vertex 3.225740e+01 2.187478e+01 1.931458e+01
      endloop
   endfacet
   facet normal 7.998721e-02 -9.967959e-01 -6.363029e-05
      outer loop
         vertex 3.225740e+01 2.187478e+01 1.931458e+01
         vertex 3.263122e+01 2.190534e+01 1.052858e+01
         vertex 3.273417e+01 2.191304e+01 1.932912e+01
      endloop
   endfacet
   facet normal 6.951900e-02 -9.975806e-01 5.951296e-05
      outer loop
         vertex 3.273417e+01 2.191304e+01 1.932912e+01
         vertex 3.263122e+01 2.190534e+01 1.052858e+01
         vertex 3.307841e+01 2.193650e+01 1.051675e+01
      endloop
   endfacet
   facet normal 6.609870e-02 -9.978131e-01 -7.471519e-05
      outer loop
         vertex 3.273417e+01 2.191304e+01 1.932912e+01
         vertex 3.307841e+01 2.193650e+01 1.051675e+01
         vertex 3.320665e+01 2.194434e+01 1.934099e+01
      endloop
   endfacet
   facet normal 5.617847e-02 -9.984207e-01 6.999121e-05
      outer loop
         vertex 3.320665e+01 2.194434e+01 1.934099e+01
         vertex 3.307841e+01 2.193650e+01 1.051675e+01
         vertex 3.352378e+01 2.196156e+01 1.050725e+01
      endloop
   endfacet
   facet normal 5.192121e-02 -9.986512e-01 -8.329355e-05
      outer loop
         vertex 3.320665e+01 2.194434e+01 1.934099e+01
         vertex 3.352378e+01 2.196156e+01 1.050725e+01
         vertex 3.367491e+01 2.196868e+01 1.935022e+01
      endloop
   endfacet
   facet normal 4.251240e-02 -9.990959e-01 7.786635e-05
      outer loop
         vertex 3.367491e+01 2.196868e+01 1.935022e+01
         vertex 3.352378e+01 2.196156e+01 1.050725e+01
         vertex 3.396732e+01 2.198043e+01 1.050011e+01
      endloop
   endfacet
   facet normal 3.745400e-02 -9.992983e-01 -8.953092e-05
      outer loop
         vertex 3.367491e+01 2.196868e+01 1.935022e+01
         vertex 3.396732e+01 2.198043e+01 1.050011e+01
         vertex 3.413902e+01 2.198607e+01 1.935679e+01
      endloop
   endfacet
   facet normal 2.852355e-02 -9.995931e-01 8.378935e-05
      outer loop
         vertex 3.413902e+01 2.198607e+01 1.935679e+01
         vertex 3.396732e+01 2.198043e+01 1.050011e+01
         vertex 3.440902e+01 2.199304e+01 1.049535e+01
      endloop
   endfacet
   facet normal 2.781253e-02 -9.996132e-01 6.210947e-05
      outer loop
         vertex 3.413902e+01 2.198607e+01 1.935679e+01
         vertex 3.440902e+01 2.199304e+01 1.049535e+01
         vertex 3.428248e+01 2.199007e+01 1.935830e+01
      endloop
   endfacet
   facet normal 1.420305e-02 -9.998991e-01 -1.322897e-04
      outer loop
         vertex 3.428248e+01 2.199007e+01 1.935830e+01
         vertex 3.440902e+01 2.199304e+01 1.049535e+01
         vertex 3.484888e+01 2.199928e+01 1.049300e+01
      endloop
   endfacet
   facet normal 2.037034e-02 -9.997925e-01 2.618413e-04
      outer loop
         vertex 3.428248e+01 2.199007e+01 1.935830e+01
         vertex 3.484888e+01 2.199928e+01 1.049300e+01
         vertex 3.459904e+01 2.199652e+01 1.936073e+01
      endloop
   endfacet
   facet normal 3.469035e-03 -9.999940e-01 -2.143931e-04
      outer loop
         vertex 3.459904e+01 2.199652e+01 1.936073e+01
         vertex 3.484888e+01 2.199928e+01 1.049300e+01
         vertex 3.505504e+01 2.200000e+01 1.049273e+01
      endloop
   endfacet
   facet normal 7.638229e-03 -9.999708e-01 0.000000e+00
      outer loop
         vertex 3.459904e+01 2.199652e+01 1.936073e+01
         vertex 3.505504e+01 2.200000e+01 1.049273e+01
         vertex 3.505504e+01 2.200000e+01 1.936205e+01
      endloop
   endfacet
   facet normal -4.619590e-01 -5.724932e-01 6.773813e-01
      outer loop
         vertex 6.553436e+01 1.174297e+01 1.426215e+01
         vertex 6.586895e+01 1.174590e+01 1.449281e+01
         vertex 6.502724e+01 1.220946e+01 1.431056e+01
      endloop
   endfacet
   facet normal -4.155311e-01 -5.710685e-01 7.079652e-01
      outer loop
         vertex 6.018171e+01 1.473082e+01 1.332045e+01
         vertex 5.960245e+01 1.501443e+01 1.320923e+01
         vertex 6.076454e+01 1.163794e+01 1.116772e+01
      endloop
   endfacet
   facet normal -2.203813e-03 -5.639946e-01 8.257755e-01
      outer loop
         vertex 3.505504e+01 2.200000e+01 1.049273e+01
         vertex 3.505504e+01 1.073553e+01 2.799233e+00
         vertex 3.527063e+01 1.073564e+01 2.799881e+00
      endloop
   endfacet
   facet normal -3.778523e-03 -5.640125e-01 8.257576e-01
      outer loop
         vertex 3.505504e+01 2.200000e+01 1.049273e+01
         vertex 3.527063e+01 1.073564e+01 2.799881e+00
         vertex 3.531175e+01 2.199889e+01 1.049314e+01
      endloop
   endfacet
   facet normal -9.455129e-03 -5.639772e-01 8.257362e-01
      outer loop
         vertex 3.531175e+01 2.199889e+01 1.049314e+01
         vertex 3.527063e+01 1.073564e+01 2.799881e+00
         vertex 3.576529e+01 1.073667e+01 2.806252e+00
      endloop
   endfacet
   facet normal -1.389285e-02 -5.640699e-01 8.256102e-01
      outer loop
         vertex 3.531175e+01 2.199889e+01 1.049314e+01
         vertex 3.576529e+01 1.073667e+01 2.806252e+00
         vertex 3.575180e+01 2.199191e+01 1.049578e+01
      endloop
   endfacet
   facet normal -1.951197e-02 -5.640215e-01 8.255295e-01
      outer loop
         vertex 3.575180e+01 2.199191e+01 1.049578e+01
         vertex 3.576529e+01 1.073667e+01 2.806252e+00
         vertex 3.626007e+01 1.073881e+01 2.819406e+00
      endloop
   endfacet
   facet normal -2.641995e-02 -5.641449e-01 8.252530e-01
      outer loop
         vertex 3.575180e+01 2.199191e+01 1.049578e+01
         vertex 3.626007e+01 1.073881e+01 2.819406e+00
         vertex 3.619368e+01 2.197858e+01 1.050081e+01
      endloop
   endfacet
   facet normal -2.951791e-02 -5.641085e-01 8.251729e-01
      outer loop
         vertex 3.619368e+01 2.197858e+01 1.050081e+01
         vertex 3.626007e+01 1.073881e+01 2.819406e+00
         vertex 3.675500e+01 1.074204e+01 2.839318e+00
      endloop
   endfacet
   facet normal -3.868244e-02 -5.642445e-01 8.247010e-01
      outer loop
         vertex 3.619368e+01 2.197858e+01 1.050081e+01
         vertex 3.675500e+01 1.074204e+01 2.839318e+00
         vertex 3.663736e+01 2.195899e+01 1.050822e+01
      endloop
   endfacet
   facet normal -3.946996e-02 -5.642328e-01 8.246718e-01
      outer loop
         vertex 3.663736e+01 2.195899e+01 1.050822e+01
         vertex 3.675500e+01 1.074204e+01 2.839318e+00
         vertex 3.725006e+01 1.074635e+01 2.865963e+00
      endloop
   endfacet
   facet normal -5.068877e-02 -5.643656e-01 8.239673e-01
      outer loop
         vertex 3.663736e+01 2.195899e+01 1.050822e+01
         vertex 3.725006e+01 1.074635e+01 2.865963e+00
         vertex 3.708286e+01 2.193324e+01 1.051799e+01
      endloop
   endfacet
   facet normal -4.936322e-02 -5.643896e-01 8.240313e-01
      outer loop
         vertex 3.708286e+01 2.193324e+01 1.051799e+01
         vertex 3.725006e+01 1.074635e+01 2.865963e+00
         vertex 3.774527e+01 1.075174e+01 2.899316e+00
      endloop
   endfacet
   facet normal -6.244708e-02 -5.645055e-01 8.230637e-01
      outer loop
         vertex 3.708286e+01 2.193324e+01 1.051799e+01
         vertex 3.774527e+01 1.075174e+01 2.899316e+00
         vertex 3.753016e+01 2.190138e+01 1.053008e+01
      endloop
   endfacet
   facet normal -5.919554e-02 -5.645747e-01 8.232565e-01
      outer loop
         vertex 3.753016e+01 2.190138e+01 1.053008e+01
         vertex 3.774527e+01 1.075174e+01 2.899316e+00
         vertex 3.824062e+01 1.075818e+01 2.939354e+00
      endloop
   endfacet
   facet normal -7.395883e-02 -5.646615e-01 8.220021e-01
      outer loop
         vertex 3.753016e+01 2.190138e+01 1.053008e+01
         vertex 3.824062e+01 1.075818e+01 2.939354e+00
         vertex 3.797925e+01 2.186352e+01 1.054447e+01
      endloop
   endfacet
   facet normal -6.896368e-02 -5.647837e-01 8.223523e-01
      outer loop
         vertex 3.797925e+01 2.186352e+01 1.054447e+01
         vertex 3.824062e+01 1.075818e+01 2.939354e+00
         vertex 3.873612e+01 1.076567e+01 2.986051e+00
      endloop
   endfacet
   facet normal -8.523391e-02 -5.648312e-01 8.207928e-01
      outer loop
         vertex 3.797925e+01 2.186352e+01 1.054447e+01
         vertex 3.873612e+01 1.076567e+01 2.986051e+00
         vertex 3.843013e+01 2.181972e+01 1.056115e+01
      endloop
   endfacet
   facet normal -7.866326e-02 -5.650130e-01 8.213236e-01
      outer loop
         vertex 3.843013e+01 2.181972e+01 1.056115e+01
         vertex 3.873612e+01 1.076567e+01 2.986051e+00
         vertex 3.923178e+01 1.077419e+01 3.039383e+00
      endloop
   endfacet
   facet normal -9.627628e-02 -5.650127e-01 8.194459e-01
      outer loop
         vertex 3.843013e+01 2.181972e+01 1.056115e+01
         vertex 3.923178e+01 1.077419e+01 3.039383e+00
         vertex 3.888280e+01 2.177005e+01 1.058009e+01
      endloop
   endfacet
   facet normal -8.829266e-02 -5.652591e-01 8.201747e-01
      outer loop
         vertex 3.888280e+01 2.177005e+01 1.058009e+01
         vertex 3.923178e+01 1.077419e+01 3.039383e+00
         vertex 3.972759e+01 1.078372e+01 3.099326e+00
      endloop
   endfacet
   facet normal -1.070928e-01 -5.652038e-01 8.179705e-01
      outer loop
         vertex 3.888280e+01 2.177005e+01 1.058009e+01
         vertex 3.972759e+01 1.078372e+01 3.099326e+00
         vertex 3.933725e+01 2.171459e+01 1.060126e+01
      endloop
   endfacet
   facet normal -9.785008e-02 -5.655187e-01 8.189102e-01
      outer loop
         vertex 3.933725e+01 2.171459e+01 1.060126e+01
         vertex 3.972759e+01 1.078372e+01 3.099326e+00
         vertex 4.022357e+01 1.079424e+01 3.165855e+00
      endloop
   endfacet
   facet normal -1.147969e-01 -5.654340e-01 8.167656e-01
      outer loop
         vertex 3.933725e+01 2.171459e+01 1.060126e+01
         vertex 4.022357e+01 1.079424e+01 3.165855e+00
         vertex 3.954114e+01 2.168791e+01 1.061146e+01
      endloop
   endfacet
   facet normal -1.064850e-01 -5.656026e-01 8.177742e-01
      outer loop
         vertex 3.954114e+01 2.168791e+01 1.061146e+01
         vertex 4.022357e+01 1.079424e+01 3.165855e+00
         vertex 4.062867e+01 1.080355e+01 3.225045e+00
      endloop
   endfacet
   facet normal -1.228329e-01 -5.656541e-01 8.154431e-01
      outer loop
         vertex 3.954114e+01 2.168791e+01 1.061146e+01
         vertex 4.062867e+01 1.080355e+01 3.225045e+00
         vertex 4.003861e+01 2.161828e+01 1.063809e+01
      endloop
   endfacet
   facet normal -1.151594e-01 -5.658903e-01 8.163985e-01
      outer loop
         vertex 4.003861e+01 2.161828e+01 1.063809e+01
         vertex 4.062867e+01 1.080355e+01 3.225045e+00
         vertex 4.113845e+01 1.081617e+01 3.305695e+00
      endloop
   endfacet
   facet normal -1.339982e-01 -5.658654e-01 8.135360e-01
      outer loop
         vertex 4.003861e+01 2.161828e+01 1.063809e+01
         vertex 4.113845e+01 1.081617e+01 3.305695e+00
         vertex 4.053728e+01 2.154213e+01 1.066726e+01
      endloop
   endfacet
   facet normal -1.247449e-01 -5.661975e-01 8.147755e-01
      outer loop
         vertex 4.053728e+01 2.154213e+01 1.066726e+01
         vertex 4.113845e+01 1.081617e+01 3.305695e+00
         vertex 4.164801e+01 1.082974e+01 3.393147e+00
      endloop
   endfacet
   facet normal -1.420141e-01 -5.661076e-01 8.120063e-01
      outer loop
         vertex 4.053728e+01 2.154213e+01 1.066726e+01
         vertex 4.164801e+01 1.082974e+01 3.393147e+00
         vertex 4.076856e+01 2.150469e+01 1.068160e+01
      endloop
   endfacet
   facet normal -1.342699e-01 -5.662844e-01 8.131996e-01
      outer loop
         vertex 4.076856e+01 2.150469e+01 1.068160e+01
         vertex 4.164801e+01 1.082974e+01 3.393147e+00
         vertex 4.215738e+01 1.084426e+01 3.487359e+00
      endloop
   endfacet
   facet normal -1.474213e-01 -5.664026e-01 8.108360e-01
      outer loop
         vertex 4.076856e+01 2.150469e+01 1.068160e+01
         vertex 4.215738e+01 1.084426e+01 3.487359e+00
         vertex 4.103718e+01 2.145956e+01 1.069892e+01
      endloop
   endfacet
   facet normal -1.436902e-01 -5.664441e-01 8.114766e-01
      outer loop
         vertex 4.103718e+01 2.145956e+01 1.069892e+01
         vertex 4.215738e+01 1.084426e+01 3.487359e+00
         vertex 4.266658e+01 1.085968e+01 3.588287e+00
      endloop
   endfacet
   facet normal -1.555926e-01 -5.666858e-01 8.091095e-01
      outer loop
         vertex 4.103718e+01 2.145956e+01 1.069892e+01
         vertex 4.266658e+01 1.085968e+01 3.588287e+00
         vertex 4.153831e+01 2.137068e+01 1.073304e+01
      endloop
   endfacet
   facet normal -1.529995e-01 -5.667249e-01 8.095765e-01
      outer loop
         vertex 4.153831e+01 2.137068e+01 1.073304e+01
         vertex 4.266658e+01 1.085968e+01 3.588287e+00
         vertex 4.317561e+01 1.087597e+01 3.695892e+00
      endloop
   endfacet
   facet normal -1.659974e-01 -5.669343e-01 8.068646e-01
      outer loop
         vertex 4.153831e+01 2.137068e+01 1.073304e+01
         vertex 4.317561e+01 1.087597e+01 3.695892e+00
         vertex 4.204069e+01 2.127559e+01 1.076958e+01
      endloop
   endfacet
   facet normal -1.609526e-01 -5.670319e-01 8.078175e-01
      outer loop
         vertex 4.204069e+01 2.127559e+01 1.076958e+01
         vertex 4.317561e+01 1.087597e+01 3.695892e+00
         vertex 4.354680e+01 1.088838e+01 3.778563e+00
      endloop
   endfacet
   facet normal -1.761462e-01 -5.670761e-01 8.046100e-01
      outer loop
         vertex 4.204069e+01 2.127559e+01 1.076958e+01
         vertex 4.354680e+01 1.088838e+01 3.778563e+00
         vertex 4.254433e+01 2.117439e+01 1.080851e+01
      endloop
   endfacet
   facet normal -1.654812e-01 -5.674177e-01 8.066307e-01
      outer loop
         vertex 4.254433e+01 2.117439e+01 1.080851e+01
         vertex 4.354680e+01 1.088838e+01 3.778563e+00
         vertex 4.368450e+01 1.089310e+01 3.810129e+00
      endloop
   endfacet
   facet normal -1.860127e-01 -5.668935e-01 8.025155e-01
      outer loop
         vertex 4.254433e+01 2.117439e+01 1.080851e+01
         vertex 4.368450e+01 1.089310e+01 3.810129e+00
         vertex 4.304923e+01 2.106718e+01 1.084981e+01
      endloop
   endfacet
   facet normal -1.696757e-01 -5.678882e-01 8.054273e-01
      outer loop
         vertex 4.368450e+01 1.089310e+01 3.810129e+00
         vertex 4.402350e+01 1.090496e+01 3.889908e+00
         vertex 4.304923e+01 2.106718e+01 1.084981e+01
      endloop
   endfacet
   facet normal -1.742582e-01 -5.677323e-01 8.045583e-01
      outer loop
         vertex 4.304923e+01 2.106718e+01 1.084981e+01
         vertex 4.402350e+01 1.090496e+01 3.889908e+00
         vertex 4.419326e+01 1.091103e+01 3.930958e+00
      endloop
   endfacet
   facet normal -1.938684e-01 -5.671552e-01 8.004686e-01
      outer loop
         vertex 4.304923e+01 2.106718e+01 1.084981e+01
         vertex 4.419326e+01 1.091103e+01 3.930958e+00
         vertex 4.335944e+01 2.099850e+01 1.087628e+01
      endloop
   endfacet
   facet normal -1.784558e-01 -5.679549e-01 8.034804e-01
      outer loop
         vertex 4.335944e+01 2.099850e+01 1.087628e+01
         vertex 4.419326e+01 1.091103e+01 3.930958e+00
         vertex 4.450068e+01 1.092224e+01 4.007161e+00
      endloop
   endfacet
   facet normal -1.986677e-01 -5.673122e-01 7.991796e-01
      outer loop
         vertex 4.335944e+01 2.099850e+01 1.087628e+01
         vertex 4.450068e+01 1.092224e+01 4.007161e+00
         vertex 4.355541e+01 2.095403e+01 1.089342e+01
      endloop
   endfacet
   facet normal -1.829382e-01 -5.680457e-01 8.024074e-01
      outer loop
         vertex 4.355541e+01 2.095403e+01 1.089342e+01
         vertex 4.450068e+01 1.092224e+01 4.007161e+00
         vertex 4.470190e+01 1.092972e+01 4.058335e+00
      endloop
   endfacet
   facet normal -2.032558e-01 -5.673587e-01 7.979919e-01
      outer loop
         vertex 4.355541e+01 2.095403e+01 1.089342e+01
         vertex 4.470190e+01 1.092972e+01 4.058335e+00
         vertex 4.385180e+01 2.088520e+01 1.091998e+01
      endloop
   endfacet
   facet normal -1.870981e-01 -5.682574e-01 8.012976e-01
      outer loop
         vertex 4.385180e+01 2.088520e+01 1.091998e+01
         vertex 4.470190e+01 1.092972e+01 4.058335e+00
         vertex 4.497832e+01 1.094019e+01 4.130301e+00
      endloop
   endfacet
   facet normal -2.079425e-01 -5.674785e-01 7.966982e-01
      outer loop
         vertex 4.385180e+01 2.088520e+01 1.091998e+01
         vertex 4.497832e+01 1.094019e+01 4.130301e+00
         vertex 4.406287e+01 2.083503e+01 1.093934e+01
      endloop
   endfacet
   facet normal -1.915290e-01 -5.683559e-01 8.001801e-01
      outer loop
         vertex 4.406287e+01 2.083503e+01 1.093934e+01
         vertex 4.497832e+01 1.094019e+01 4.130301e+00
         vertex 4.521045e+01 1.094914e+01 4.192220e+00
      endloop
   endfacet
   facet normal -2.120668e-01 -5.675744e-01 7.955419e-01
      outer loop
         vertex 4.406287e+01 2.083503e+01 1.093934e+01
         vertex 4.521045e+01 1.094914e+01 4.192220e+00
         vertex 4.430458e+01 2.077644e+01 1.096197e+01
      endloop
   endfacet
   facet normal -1.962536e-01 -5.684679e-01 7.989548e-01
      outer loop
         vertex 4.430458e+01 2.077644e+01 1.096197e+01
         vertex 4.521045e+01 1.094914e+01 4.192220e+00
         vertex 4.552452e+01 1.096148e+01 4.278146e+00
      endloop
   endfacet
   facet normal -2.166629e-01 -5.677507e-01 7.941765e-01
      outer loop
         vertex 4.430458e+01 2.077644e+01 1.096197e+01
         vertex 4.552452e+01 1.096148e+01 4.278146e+00
         vertex 4.457163e+01 2.071028e+01 1.098752e+01
      endloop
   endfacet
   facet normal -2.035619e-01 -5.684886e-01 7.971093e-01
      outer loop
         vertex 4.457163e+01 2.071028e+01 1.098752e+01
         vertex 4.552452e+01 1.096148e+01 4.278146e+00
         vertex 4.605747e+01 1.098299e+01 4.429588e+00
      endloop
   endfacet
   facet normal -2.215975e-01 -5.686629e-01 7.921597e-01
      outer loop
         vertex 4.712224e+01 1.102794e+01 4.753188e+00
         vertex 4.521938e+01 2.054371e+01 1.105192e+01
         vertex 4.659003e+01 1.100516e+01 4.587956e+00
      endloop
   endfacet
   facet normal -2.292696e-01 -5.684080e-01 7.901568e-01
      outer loop
         vertex 4.659003e+01 1.100516e+01 4.587956e+00
         vertex 4.521938e+01 2.054371e+01 1.105192e+01
         vertex 4.508169e+01 2.057983e+01 1.103795e+01
      endloop
   endfacet
   facet normal -2.126009e-01 -5.687485e-01 7.945602e-01
      outer loop
         vertex 4.659003e+01 1.100516e+01 4.587956e+00
         vertex 4.508169e+01 2.057983e+01 1.103795e+01
         vertex 4.605747e+01 1.098299e+01 4.429588e+00
      endloop
   endfacet
   facet normal -2.252195e-01 -5.680017e-01 7.916124e-01
      outer loop
         vertex 4.605747e+01 1.098299e+01 4.429588e+00
         vertex 4.508169e+01 2.057983e+01 1.103795e+01
         vertex 4.476045e+01 2.066261e+01 1.100594e+01
      endloop
   endfacet
   facet normal -2.207788e-01 -5.681727e-01 7.927399e-01
      outer loop
         vertex 4.605747e+01 1.098299e+01 4.429588e+00
         vertex 4.476045e+01 2.066261e+01 1.100594e+01
         vertex 4.457163e+01 2.071028e+01 1.098752e+01
      endloop
   endfacet
   facet normal -2.559667e-01 -5.698685e-01 7.808527e-01
      outer loop
         vertex 4.924813e+01 1.112410e+01 5.481599e+00
         vertex 4.765174e+01 1.984485e+01 1.132273e+01
         vertex 4.871704e+01 1.109941e+01 5.289490e+00
      endloop
   endfacet
   facet normal -2.660288e-01 -5.691380e-01 7.780171e-01
      outer loop
         vertex 4.871704e+01 1.109941e+01 5.289490e+00
         vertex 4.765174e+01 1.984485e+01 1.132273e+01
         vertex 4.713507e+01 2.000265e+01 1.126150e+01
      endloop
   endfacet
   facet normal -2.475361e-01 -5.696707e-01 7.837099e-01
      outer loop
         vertex 4.871704e+01 1.109941e+01 5.289490e+00
         vertex 4.713507e+01 2.000265e+01 1.126150e+01
         vertex 4.818572e+01 1.107512e+01 5.104014e+00
      endloop
   endfacet
   facet normal -2.579092e-01 -5.689446e-01 7.808872e-01
      outer loop
         vertex 4.818572e+01 1.107512e+01 5.104014e+00
         vertex 4.713507e+01 2.000265e+01 1.126150e+01
         vertex 4.661975e+01 2.015512e+01 1.120238e+01
      endloop
   endfacet
   facet normal -2.389846e-01 -5.694592e-01 7.865130e-01
      outer loop
         vertex 4.818572e+01 1.107512e+01 5.104014e+00
         vertex 4.661975e+01 2.015512e+01 1.120238e+01
         vertex 4.765413e+01 1.105128e+01 4.925227e+00
      endloop
   endfacet
   facet normal -2.496065e-01 -5.687444e-01 7.837260e-01
      outer loop
         vertex 4.765413e+01 1.105128e+01 4.925227e+00
         vertex 4.661975e+01 2.015512e+01 1.120238e+01
         vertex 4.610574e+01 2.030218e+01 1.114540e+01
      endloop
   endfacet
   facet normal -2.303095e-01 -5.692347e-01 7.892588e-01
      outer loop
         vertex 4.765413e+01 1.105128e+01 4.925227e+00
         vertex 4.610574e+01 2.030218e+01 1.114540e+01
         vertex 4.712224e+01 1.102794e+01 4.753188e+00
      endloop
   endfacet
   facet normal -2.411233e-01 -5.685372e-01 7.865272e-01
      outer loop
         vertex 4.712224e+01 1.102794e+01 4.753188e+00
         vertex 4.610574e+01 2.030218e+01 1.114540e+01
         vertex 4.559306e+01 2.044377e+01 1.109058e+01
      endloop
   endfacet
   facet normal -2.337056e-01 -5.687393e-01 7.886173e-01
      outer loop
         vertex 4.712224e+01 1.102794e+01 4.753188e+00
         vertex 4.559306e+01 2.044377e+01 1.109058e+01
         vertex 4.521938e+01 2.054371e+01 1.105192e+01
      endloop
   endfacet
   facet normal -2.863929e-01 -5.706826e-01 7.696106e-01
      outer loop
         vertex 5.109779e+01 1.121240e+01 6.202202e+00
         vertex 4.973180e+01 1.916150e+01 1.158831e+01
         vertex 5.084028e+01 1.119994e+01 6.097141e+00
      endloop
   endfacet
   facet normal -2.968373e-01 -5.698353e-01 7.662737e-01
      outer loop
         vertex 5.084028e+01 1.119994e+01 6.097141e+00
         vertex 4.973180e+01 1.916150e+01 1.158831e+01
         vertex 4.920976e+01 1.934004e+01 1.151886e+01
      endloop
   endfacet
   facet normal -2.834417e-01 -5.702936e-01 7.709903e-01
      outer loop
         vertex 5.084028e+01 1.119994e+01 6.097141e+00
         vertex 4.920976e+01 1.934004e+01 1.151886e+01
         vertex 5.069035e+01 1.119271e+01 6.036673e+00
      endloop
   endfacet
   facet normal -2.913570e-01 -5.699263e-01 7.683067e-01
      outer loop
         vertex 5.069035e+01 1.119271e+01 6.036673e+00
         vertex 4.920976e+01 1.934004e+01 1.151886e+01
         vertex 4.895611e+01 1.942512e+01 1.148578e+01
      endloop
   endfacet
   facet normal -2.794495e-01 -5.702024e-01 7.725136e-01
      outer loop
         vertex 5.069035e+01 1.119271e+01 6.036673e+00
         vertex 4.895611e+01 1.942512e+01 1.148578e+01
         vertex 5.030972e+01 1.117442e+01 5.885482e+00
      endloop
   endfacet
   facet normal -2.875630e-01 -5.697406e-01 7.698722e-01
      outer loop
         vertex 5.030972e+01 1.117442e+01 5.885482e+00
         vertex 4.895611e+01 1.942512e+01 1.148578e+01
         vertex 4.868907e+01 1.951349e+01 1.145143e+01
      endloop
   endfacet
   facet normal -2.724659e-01 -5.702222e-01 7.749896e-01
      outer loop
         vertex 5.030972e+01 1.117442e+01 5.885482e+00
         vertex 4.868907e+01 1.951349e+01 1.145143e+01
         vertex 4.977901e+01 1.114912e+01 5.680282e+00
      endloop
   endfacet
   facet normal -2.817610e-01 -5.695021e-01 7.721904e-01
      outer loop
         vertex 4.977901e+01 1.114912e+01 5.680282e+00
         vertex 4.868907e+01 1.951349e+01 1.145143e+01
         vertex 4.816973e+01 1.968178e+01 1.138604e+01
      endloop
   endfacet
   facet normal -2.642779e-01 -5.700524e-01 7.779444e-01
      outer loop
         vertex 4.977901e+01 1.114912e+01 5.680282e+00
         vertex 4.816973e+01 1.968178e+01 1.138604e+01
         vertex 4.924813e+01 1.112410e+01 5.481599e+00
      endloop
   endfacet
   facet normal -2.764968e-01 -5.691249e-01 7.743684e-01
      outer loop
         vertex 4.924813e+01 1.112410e+01 5.481599e+00
         vertex 4.816973e+01 1.968178e+01 1.138604e+01
         vertex 4.799161e+01 1.973839e+01 1.136406e+01
      endloop
   endfacet
   facet normal -2.726473e-01 -5.693712e-01 7.755514e-01
      outer loop
         vertex 4.924813e+01 1.112410e+01 5.481599e+00
         vertex 4.799161e+01 1.973839e+01 1.136406e+01
         vertex 4.765174e+01 1.984485e+01 1.132273e+01
      endloop
   endfacet
   facet normal -2.925030e-01 -5.708902e-01 7.671547e-01
      outer loop
         vertex 5.166865e+01 1.124010e+01 6.440481e+00
         vertex 5.025520e+01 1.897791e+01 1.165976e+01
         vertex 5.109779e+01 1.121240e+01 6.202202e+00
      endloop
   endfacet
   facet normal -3.054036e-01 -5.694840e-01 7.631622e-01
      outer loop
         vertex 5.109779e+01 1.121240e+01 6.202202e+00
         vertex 5.025520e+01 1.897791e+01 1.165976e+01
         vertex 4.993325e+01 1.909138e+01 1.161560e+01
      endloop
   endfacet
   facet normal -3.018697e-01 -5.697769e-01 7.643487e-01
      outer loop
         vertex 5.109779e+01 1.121240e+01 6.202202e+00
         vertex 4.993325e+01 1.909138e+01 1.161560e+01
         vertex 4.973180e+01 1.916150e+01 1.158831e+01
      endloop
   endfacet
   facet normal -3.323313e-01 -5.703495e-01 7.511706e-01
      outer loop
         vertex 5.234909e+01 1.819931e+01 1.196321e+01
         vertex 5.192533e+01 1.836243e+01 1.189959e+01
         vertex 5.337929e+01 1.132331e+01 7.198174e+00
      endloop
   endfacet
   facet normal -3.282912e-01 -5.705823e-01 7.527687e-01
      outer loop
         vertex 5.337929e+01 1.132331e+01 7.198174e+00
         vertex 5.192533e+01 1.836243e+01 1.189959e+01
         vertex 5.169743e+01 1.844901e+01 1.186583e+01
      endloop
   endfacet
   facet normal -3.172391e-01 -5.709076e-01 7.572476e-01
      outer loop
         vertex 5.337929e+01 1.132331e+01 7.198174e+00
         vertex 5.169743e+01 1.844901e+01 1.186583e+01
         vertex 5.280935e+01 1.129564e+01 6.938544e+00
      endloop
   endfacet
   facet normal -3.226184e-01 -5.704264e-01 7.553351e-01
      outer loop
         vertex 5.280935e+01 1.129564e+01 6.938544e+00
         vertex 5.169743e+01 1.844901e+01 1.186583e+01
         vertex 5.104696e+01 1.869167e+01 1.177125e+01
      endloop
   endfacet
   facet normal -3.091938e-01 -5.707326e-01 7.606993e-01
      outer loop
         vertex 5.280935e+01 1.129564e+01 6.938544e+00
         vertex 5.104696e+01 1.869167e+01 1.177125e+01
         vertex 5.223915e+01 1.126788e+01 6.685955e+00
      endloop
   endfacet
   facet normal -3.174905e-01 -5.700637e-01 7.577778e-01
      outer loop
         vertex 5.223915e+01 1.126788e+01 6.685955e+00
         vertex 5.104696e+01 1.869167e+01 1.177125e+01
         vertex 5.092300e+01 1.873715e+01 1.175353e+01
      endloop
   endfacet
   facet normal -3.008105e-01 -5.711636e-01 7.637311e-01
      outer loop
         vertex 5.223915e+01 1.126788e+01 6.685955e+00
         vertex 5.092300e+01 1.873715e+01 1.175353e+01
         vertex 5.166865e+01 1.124010e+01 6.440481e+00
      endloop
   endfacet
   facet normal -3.130870e-01 -5.696711e-01 7.599022e-01
      outer loop
         vertex 5.166865e+01 1.124010e+01 6.440481e+00
         vertex 5.092300e+01 1.873715e+01 1.175353e+01
         vertex 5.039767e+01 1.892715e+01 1.167953e+01
      endloop
   endfacet
   facet normal -3.086897e-01 -5.700007e-01 7.614525e-01
      outer loop
         vertex 5.166865e+01 1.124010e+01 6.440481e+00
         vertex 5.039767e+01 1.892715e+01 1.167953e+01
         vertex 5.025520e+01 1.897791e+01 1.165976e+01
      endloop
   endfacet
   facet normal -3.384407e-01 -5.697090e-01 7.489256e-01
      outer loop
         vertex 5.234909e+01 1.819931e+01 1.196321e+01
         vertex 5.337929e+01 1.132331e+01 7.198174e+00
         vertex 5.294023e+01 1.796720e+01 1.205378e+01
      endloop
   endfacet
   facet normal -3.248528e-01 -5.719508e-01 7.532217e-01
      outer loop
         vertex 5.294023e+01 1.796720e+01 1.205378e+01
         vertex 5.337929e+01 1.132331e+01 7.198174e+00
         vertex 5.394901e+01 1.135081e+01 7.464769e+00
      endloop
   endfacet
   facet normal -3.425395e-01 -5.701437e-01 7.467281e-01
      outer loop
         vertex 5.294023e+01 1.796720e+01 1.205378e+01
         vertex 5.394901e+01 1.135081e+01 7.464769e+00
         vertex 5.300197e+01 1.794265e+01 1.206337e+01
      endloop
   endfacet
   facet normal -3.314086e-01 -5.713811e-01 7.507942e-01
      outer loop
         vertex 5.300197e+01 1.794265e+01 1.206337e+01
         vertex 5.394901e+01 1.135081e+01 7.464769e+00
         vertex 5.430545e+01 1.136790e+01 7.635113e+00
      endloop
   endfacet
   facet normal -3.468420e-01 -5.702882e-01 7.446287e-01
      outer loop
         vertex 5.300197e+01 1.794265e+01 1.206337e+01
         vertex 5.430545e+01 1.136790e+01 7.635113e+00
         vertex 5.365610e+01 1.767915e+01 1.216625e+01
      endloop
   endfacet
   facet normal -3.350665e-01 -5.719981e-01 7.486979e-01
      outer loop
         vertex 5.430545e+01 1.136790e+01 7.635113e+00
         vertex 5.451856e+01 1.137806e+01 7.738253e+00
         vertex 5.365610e+01 1.767915e+01 1.216625e+01
      endloop
   endfacet
   facet normal -3.405452e-01 -5.713545e-01 7.467148e-01
      outer loop
         vertex 5.365610e+01 1.767915e+01 1.216625e+01
         vertex 5.451856e+01 1.137806e+01 7.738253e+00
         vertex 5.508799e+01 1.140500e+01 8.018551e+00
      endloop
   endfacet
   facet normal -3.526423e-01 -5.707149e-01 7.415712e-01
      outer loop
         vertex 5.365610e+01 1.767915e+01 1.216625e+01
         vertex 5.508799e+01 1.140500e+01 8.018551e+00
         vertex 5.396769e+01 1.755145e+01 1.221613e+01
      endloop
   endfacet
   facet normal -3.481634e-01 -5.711262e-01 7.433688e-01
      outer loop
         vertex 5.396769e+01 1.755145e+01 1.221613e+01
         vertex 5.508799e+01 1.140500e+01 8.018551e+00
         vertex 5.565734e+01 1.143152e+01 8.305591e+00
      endloop
   endfacet
   facet normal -3.565056e-01 -5.709721e-01 7.395232e-01
      outer loop
         vertex 5.396769e+01 1.755145e+01 1.221613e+01
         vertex 5.565734e+01 1.143152e+01 8.305591e+00
         vertex 5.431150e+01 1.740891e+01 1.227182e+01
      endloop
   endfacet
   facet normal -3.555997e-01 -5.710286e-01 7.399157e-01
      outer loop
         vertex 5.431150e+01 1.740891e+01 1.227182e+01
         vertex 5.565734e+01 1.143152e+01 8.305591e+00
         vertex 5.622666e+01 1.145756e+01 8.599298e+00
      endloop
   endfacet
   facet normal -3.622299e-01 -5.711264e-01 7.366167e-01
      outer loop
         vertex 5.431150e+01 1.740891e+01 1.227182e+01
         vertex 5.622666e+01 1.145756e+01 8.599298e+00
         vertex 5.496818e+01 1.713200e+01 1.238005e+01
      endloop
   endfacet
   facet normal -3.605378e-01 -5.712435e-01 7.373557e-01
      outer loop
         vertex 5.496818e+01 1.713200e+01 1.238005e+01
         vertex 5.622666e+01 1.145756e+01 8.599298e+00
         vertex 5.644053e+01 1.146720e+01 8.711344e+00
      endloop
   endfacet
   facet normal -3.694633e-01 -5.708778e-01 7.332090e-01
      outer loop
         vertex 5.496818e+01 1.713200e+01 1.238005e+01
         vertex 5.644053e+01 1.146720e+01 8.711344e+00
         vertex 5.562617e+01 1.684853e+01 1.249090e+01
      endloop
   endfacet
   facet normal -3.657485e-01 -5.713593e-01 7.346949e-01
      outer loop
         vertex 5.562617e+01 1.684853e+01 1.249090e+01
         vertex 5.644053e+01 1.146720e+01 8.711344e+00
         vertex 5.705853e+01 1.149457e+01 9.040277e+00
      endloop
   endfacet
   facet normal -3.754117e-01 -5.709826e-01 7.300992e-01
      outer loop
         vertex 5.562617e+01 1.684853e+01 1.249090e+01
         vertex 5.705853e+01 1.149457e+01 9.040277e+00
         vertex 5.606013e+01 1.665835e+01 1.256530e+01
      endloop
   endfacet
   facet normal -3.718545e-01 -5.713436e-01 7.316356e-01
      outer loop
         vertex 5.606013e+01 1.665835e+01 1.256530e+01
         vertex 5.705853e+01 1.149457e+01 9.040277e+00
         vertex 5.742120e+01 1.151025e+01 9.236856e+00
      endloop
   endfacet
   facet normal -3.789319e-01 -5.710235e-01 7.282464e-01
      outer loop
         vertex 5.606013e+01 1.665835e+01 1.256530e+01
         vertex 5.742120e+01 1.151025e+01 9.236856e+00
         vertex 5.628548e+01 1.655859e+01 1.260434e+01
      endloop
   endfacet
   facet normal -3.756721e-01 -5.712810e-01 7.297318e-01
      outer loop
         vertex 5.628548e+01 1.655859e+01 1.260434e+01
         vertex 5.742120e+01 1.151025e+01 9.236856e+00
         vertex 5.767633e+01 1.152111e+01 9.376700e+00
      endloop
   endfacet
   facet normal -3.835599e-01 -5.709760e-01 7.258568e-01
      outer loop
         vertex 5.628548e+01 1.655859e+01 1.260434e+01
         vertex 5.767633e+01 1.152111e+01 9.376700e+00
         vertex 5.694613e+01 1.626224e+01 1.272033e+01
      endloop
   endfacet
   facet normal -3.809385e-01 -5.713421e-01 7.269484e-01
      outer loop
         vertex 5.694613e+01 1.626224e+01 1.272033e+01
         vertex 5.767633e+01 1.152111e+01 9.376700e+00
         vertex 5.829400e+01 1.154674e+01 9.720514e+00
      endloop
   endfacet
   facet normal -4.099830e-01 -5.710966e-01 7.111699e-01
      outer loop
         vertex 6.076454e+01 1.163794e+01 1.116772e+01
         vertex 5.960245e+01 1.501443e+01 1.320923e+01
         vertex 6.022428e+01 1.161974e+01 1.084165e+01
      endloop
   endfacet
   facet normal -4.113829e-01 -5.708994e-01 7.105195e-01
      outer loop
         vertex 6.022428e+01 1.161974e+01 1.084165e+01
         vertex 5.960245e+01 1.501443e+01 1.320923e+01
         vertex 5.929242e+01 1.516457e+01 1.315037e+01
      endloop
   endfacet
   facet normal -4.064982e-01 -5.712565e-01 7.130394e-01
      outer loop
         vertex 6.022428e+01 1.161974e+01 1.084165e+01
         vertex 5.929242e+01 1.516457e+01 1.315037e+01
         vertex 6.014681e+01 1.161704e+01 1.079532e+01
      endloop
   endfacet
   facet normal -4.083169e-01 -5.710919e-01 7.121316e-01
      outer loop
         vertex 6.014681e+01 1.161704e+01 1.079532e+01
         vertex 5.929242e+01 1.516457e+01 1.315037e+01
         vertex 5.893629e+01 1.533560e+01 1.308332e+01
      endloop
   endfacet
   facet normal -4.026169e-01 -5.711836e-01 7.152964e-01
      outer loop
         vertex 6.014681e+01 1.161704e+01 1.079532e+01
         vertex 5.893629e+01 1.533560e+01 1.308332e+01
         vertex 5.952918e+01 1.159480e+01 1.042992e+01
      endloop
   endfacet
   facet normal -4.034496e-01 -5.710554e-01 7.149295e-01
      outer loop
         vertex 5.952918e+01 1.159480e+01 1.042992e+01
         vertex 5.893629e+01 1.533560e+01 1.308332e+01
         vertex 5.827152e+01 1.565067e+01 1.295985e+01
      endloop
   endfacet
   facet normal -3.955341e-01 -5.712533e-01 7.191818e-01
      outer loop
         vertex 5.952918e+01 1.159480e+01 1.042992e+01
         vertex 5.827152e+01 1.565067e+01 1.295985e+01
         vertex 5.891160e+01 1.157133e+01 1.007162e+01
      endloop
   endfacet
   facet normal -3.969778e-01 -5.710377e-01 7.185573e-01
      outer loop
         vertex 5.891160e+01 1.157133e+01 1.007162e+01
         vertex 5.827152e+01 1.565067e+01 1.295985e+01
         vertex 5.760814e+01 1.595958e+01 1.283884e+01
      endloop
   endfacet
   facet normal -3.883112e-01 -5.713062e-01 7.230654e-01
      outer loop
         vertex 5.891160e+01 1.157133e+01 1.007162e+01
         vertex 5.760814e+01 1.595958e+01 1.283884e+01
         vertex 5.829400e+01 1.154674e+01 9.720514e+00
      endloop
   endfacet
   facet normal -3.912191e-01 -5.708849e-01 7.218296e-01
      outer loop
         vertex 5.829400e+01 1.154674e+01 9.720514e+00
         vertex 5.760814e+01 1.595958e+01 1.283884e+01
         vertex 5.712509e+01 1.618098e+01 1.275214e+01
      endloop
   endfacet
   facet normal -3.879291e-01 -5.711028e-01 7.234311e-01
      outer loop
         vertex 5.829400e+01 1.154674e+01 9.720514e+00
         vertex 5.712509e+01 1.618098e+01 1.275214e+01
         vertex 5.694613e+01 1.626224e+01 1.272033e+01
      endloop
   endfacet
   facet normal -4.189828e-01 -5.705773e-01 7.063250e-01
      outer loop
         vertex 6.018171e+01 1.473082e+01 1.332045e+01
         vertex 6.076454e+01 1.163794e+01 1.116772e+01
         vertex 6.039474e+01 1.462552e+01 1.336176e+01
      endloop
   endfacet
   facet normal -4.163173e-01 -5.710962e-01 7.074808e-01
      outer loop
         vertex 6.039474e+01 1.462552e+01 1.336176e+01
         vertex 6.076454e+01 1.163794e+01 1.116772e+01
         vertex 6.138243e+01 1.165740e+01 1.154703e+01
      endloop
   endfacet
   facet normal -4.225829e-01 -5.709677e-01 7.038605e-01
      outer loop
         vertex 6.039474e+01 1.462552e+01 1.336176e+01
         vertex 6.138243e+01 1.165740e+01 1.154703e+01
         vertex 6.096137e+01 1.434286e+01 1.347266e+01
      endloop
   endfacet
   facet normal -4.202717e-01 -5.713655e-01 7.049207e-01
      outer loop
         vertex 6.096137e+01 1.434286e+01 1.347266e+01
         vertex 6.138243e+01 1.165740e+01 1.154703e+01
         vertex 6.151888e+01 1.166150e+01 1.163169e+01
      endloop
   endfacet
   facet normal -4.273221e-01 -5.704335e-01 7.014281e-01
      outer loop
         vertex 6.096137e+01 1.434286e+01 1.347266e+01
         vertex 6.151888e+01 1.166150e+01 1.163169e+01
         vertex 6.150949e+01 1.406590e+01 1.358134e+01
      endloop
   endfacet
   facet normal -4.245936e-01 -5.712362e-01 7.024312e-01
      outer loop
         vertex 6.150949e+01 1.406590e+01 1.358134e+01
         vertex 6.151888e+01 1.166150e+01 1.163169e+01
         vertex 6.218834e+01 1.168044e+01 1.205177e+01
      endloop
   endfacet
   facet normal -4.308088e-01 -5.708002e-01 6.989928e-01
      outer loop
         vertex 6.150949e+01 1.406590e+01 1.358134e+01
         vertex 6.218834e+01 1.168044e+01 1.205177e+01
         vertex 6.174241e+01 1.394717e+01 1.362795e+01
      endloop
   endfacet
   facet normal -4.315234e-01 -5.706943e-01 6.986383e-01
      outer loop
         vertex 6.218834e+01 1.168044e+01 1.205177e+01
         vertex 6.280898e+01 1.169625e+01 1.244802e+01
         vertex 6.174241e+01 1.394717e+01 1.362795e+01
      endloop
   endfacet
   facet normal -4.347898e-01 -5.710333e-01 6.963324e-01
      outer loop
         vertex 6.174241e+01 1.394717e+01 1.362795e+01
         vertex 6.280898e+01 1.169625e+01 1.244802e+01
         vertex 6.285775e+01 1.169741e+01 1.247943e+01
      endloop
   endfacet
   facet normal -4.352030e-01 -5.710848e-01 6.960320e-01
      outer loop
         vertex 6.174241e+01 1.394717e+01 1.362795e+01
         vertex 6.285775e+01 1.169741e+01 1.247943e+01
         vertex 6.252485e+01 1.354388e+01 1.378628e+01
      endloop
   endfacet
   facet normal -4.360034e-01 -5.709517e-01 6.956401e-01
      outer loop
         vertex 6.285775e+01 1.169741e+01 1.247943e+01
         vertex 6.303547e+01 1.170157e+01 1.259423e+01
         vertex 6.252485e+01 1.354388e+01 1.378628e+01
      endloop
   endfacet
   facet normal -4.394897e-01 -5.706545e-01 6.936874e-01
      outer loop
         vertex 6.252485e+01 1.354388e+01 1.378628e+01
         vertex 6.303547e+01 1.170157e+01 1.259423e+01
         vertex 6.352715e+01 1.171228e+01 1.291454e+01
      endloop
   endfacet
   facet normal -4.416907e-01 -5.710412e-01 6.919691e-01
      outer loop
         vertex 6.252485e+01 1.354388e+01 1.378628e+01
         vertex 6.352715e+01 1.171228e+01 1.291454e+01
         vertex 6.330873e+01 1.313307e+01 1.394762e+01
      endloop
   endfacet
   facet normal -4.445392e-01 -5.704852e-01 6.906023e-01
      outer loop
         vertex 6.330873e+01 1.313307e+01 1.394762e+01
         vertex 6.352715e+01 1.171228e+01 1.291454e+01
         vertex 6.404005e+01 1.172216e+01 1.325286e+01
      endloop
   endfacet
   facet normal -4.466726e-01 -5.707887e-01 6.889730e-01
      outer loop
         vertex 6.330873e+01 1.313307e+01 1.394762e+01
         vertex 6.404005e+01 1.172216e+01 1.325286e+01
         vertex 6.377626e+01 1.288489e+01 1.404512e+01
      endloop
   endfacet
   facet normal -4.477546e-01 -5.706396e-01 6.883940e-01
      outer loop
         vertex 6.377626e+01 1.288489e+01 1.404512e+01
         vertex 6.404005e+01 1.172216e+01 1.325286e+01
         vertex 6.419662e+01 1.172491e+01 1.335698e+01
      endloop
   endfacet
   facet normal -4.497360e-01 -5.706068e-01 6.871284e-01
      outer loop
         vertex 6.377626e+01 1.288489e+01 1.404512e+01
         vertex 6.419662e+01 1.172491e+01 1.335698e+01
         vertex 6.409407e+01 1.271486e+01 1.411193e+01
      endloop
   endfacet
   facet normal -4.501781e-01 -5.704997e-01 6.869278e-01
      outer loop
         vertex 6.409407e+01 1.271486e+01 1.411193e+01
         vertex 6.419662e+01 1.172491e+01 1.335698e+01
         vertex 6.453099e+01 1.173035e+01 1.358062e+01
      endloop
   endfacet
   facet normal -4.542745e-01 -5.707477e-01 6.840188e-01
      outer loop
         vertex 6.409407e+01 1.271486e+01 1.411193e+01
         vertex 6.453099e+01 1.173035e+01 1.358062e+01
         vertex 6.492808e+01 1.226359e+01 1.428928e+01
      endloop
   endfacet
   facet normal -4.528492e-01 -5.718461e-01 6.840465e-01
      outer loop
         vertex 6.492808e+01 1.226359e+01 1.428928e+01
         vertex 6.453099e+01 1.173035e+01 1.358062e+01
         vertex 6.486539e+01 1.173518e+01 1.380604e+01
      endloop
   endfacet
   facet normal -4.575730e-01 -5.698969e-01 6.825280e-01
      outer loop
         vertex 6.492808e+01 1.226359e+01 1.428928e+01
         vertex 6.486539e+01 1.173518e+01 1.380604e+01
         vertex 6.502724e+01 1.220946e+01 1.431056e+01
      endloop
   endfacet
   facet normal -4.565659e-01 -5.704587e-01 6.827331e-01
      outer loop
         vertex 6.502724e+01 1.220946e+01 1.431056e+01
         vertex 6.486539e+01 1.173518e+01 1.380604e+01
         vertex 6.519985e+01 1.173939e+01 1.403323e+01
      endloop
   endfacet
   facet normal -4.597170e-01 -5.703969e-01 6.806671e-01
      outer loop
         vertex 6.502724e+01 1.220946e+01 1.431056e+01
         vertex 6.519985e+01 1.173939e+01 1.403323e+01
         vertex 6.553436e+01 1.174297e+01 1.426215e+01
      endloop
   endfacet
   facet normal -5.197788e-03 -5.639884e-01 -8.257664e-01
      outer loop
         vertex 3.548188e+01 1.644412e+01 2.315396e+01
         vertex 3.505504e+01 1.089094e+01 2.694940e+01
         vertex 3.505504e+01 2.200000e+01 1.936205e+01
      endloop
   endfacet
   facet normal -5.592830e-02 -5.645006e-01 -8.235357e-01
      outer loop
         vertex 3.736412e+01 2.191390e+01 1.932945e+01
         vertex 3.764462e+01 1.639712e+01 2.309192e+01
         vertex 3.720827e+01 1.641188e+01 2.311144e+01
      endloop
   endfacet
   facet normal -2.490814e-01 -5.695695e-01 -7.832937e-01
      outer loop
         vertex 4.739847e+01 1.776054e+01 2.014071e+01
         vertex 4.772857e+01 1.539916e+01 2.175281e+01
         vertex 4.725010e+01 1.547237e+01 2.185173e+01
      endloop
   endfacet
   facet normal -2.897511e-01 -5.695408e-01 -7.691993e-01
      outer loop
         vertex 4.895612e+01 1.942512e+01 1.836900e+01
         vertex 4.899793e+01 1.941117e+01 1.836357e+01
         vertex 4.932089e+01 1.730365e+01 1.980239e+01
      endloop
   endfacet
   facet normal -4.604257e-01 -5.715092e-01 -6.792536e-01
      outer loop
         vertex 6.542012e+01 1.175030e+01 1.566389e+01
         vertex 6.493955e+01 1.225734e+01 1.556303e+01
         vertex 6.555575e+01 1.175058e+01 1.557171e+01
      endloop
   endfacet
   facet normal -4.618057e-01 -5.731475e-01 -6.769324e-01
      outer loop
         vertex 6.555575e+01 1.175058e+01 1.557171e+01
         vertex 6.493955e+01 1.225734e+01 1.556303e+01
         vertex 6.586005e+01 1.175084e+01 1.536390e+01
      endloop
   endfacet
   facet normal -4.501638e-01 -5.707497e-01 -6.867294e-01
      outer loop
         vertex 6.418995e+01 1.174291e+01 1.648721e+01
         vertex 6.366683e+01 1.294319e+01 1.583255e+01
         vertex 6.454273e+01 1.174589e+01 1.625348e+01
      endloop
   endfacet
   facet normal -4.492339e-01 -5.703888e-01 -6.876377e-01
      outer loop
         vertex 6.454273e+01 1.174589e+01 1.625348e+01
         vertex 6.366683e+01 1.294319e+01 1.583255e+01
         vertex 6.409407e+01 1.271486e+01 1.574284e+01
      endloop
   endfacet
   facet normal -4.535449e-01 -5.707374e-01 -6.845114e-01
      outer loop
         vertex 6.454273e+01 1.174589e+01 1.625348e+01
         vertex 6.409407e+01 1.271486e+01 1.574284e+01
         vertex 6.489635e+01 1.174819e+01 1.601726e+01
      endloop
   endfacet
   facet normal -4.544693e-01 -5.712168e-01 -6.834976e-01
      outer loop
         vertex 6.489635e+01 1.174819e+01 1.601726e+01
         vertex 6.409407e+01 1.271486e+01 1.574284e+01
         vertex 6.493955e+01 1.225734e+01 1.556303e+01
      endloop
   endfacet
   facet normal -4.570882e-01 -5.701963e-01 -6.826028e-01
      outer loop
         vertex 6.489635e+01 1.174819e+01 1.601726e+01
         vertex 6.493955e+01 1.225734e+01 1.556303e+01
         vertex 6.525082e+01 1.174979e+01 1.577856e+01
      endloop
   endfacet
   facet normal -4.593142e-01 -5.707347e-01 -6.806559e-01
      outer loop
         vertex 6.525082e+01 1.174979e+01 1.577856e+01
         vertex 6.493955e+01 1.225734e+01 1.556303e+01
         vertex 6.542012e+01 1.175030e+01 1.566389e+01
      endloop
   endfacet
   facet normal -4.477306e-01 -5.706162e-01 -6.884290e-01
      outer loop
         vertex 6.418995e+01 1.174291e+01 1.648721e+01
         vertex 6.402800e+01 1.174132e+01 1.659385e+01
         vertex 6.366683e+01 1.294319e+01 1.583255e+01
      endloop
   endfacet
   facet normal -4.459713e-01 -5.707436e-01 -6.894646e-01
      outer loop
         vertex 6.366683e+01 1.294319e+01 1.583255e+01
         vertex 6.402800e+01 1.174132e+01 1.659385e+01
         vertex 6.383802e+01 1.173928e+01 1.671843e+01
      endloop
   endfacet
   facet normal -4.444364e-01 -5.710609e-01 -6.901925e-01
      outer loop
         vertex 6.366683e+01 1.294319e+01 1.583255e+01
         vertex 6.383802e+01 1.173928e+01 1.671843e+01
         vertex 6.284133e+01 1.337883e+01 1.600368e+01
      endloop
   endfacet
   facet normal -4.298711e-01 -5.707197e-01 -6.996356e-01
      outer loop
         vertex 6.150952e+01 1.406588e+01 1.627342e+01
         vertex 6.151937e+01 1.406087e+01 1.627146e+01
         vertex 6.189996e+01 1.227465e+01 1.749470e+01
      endloop
   endfacet
   facet normal -4.319347e-01 -5.704430e-01 -6.985895e-01
      outer loop
         vertex 6.189996e+01 1.227465e+01 1.749470e+01
         vertex 6.151937e+01 1.406087e+01 1.627146e+01
         vertex 6.202219e+01 1.380375e+01 1.617052e+01
      endloop
   endfacet
   facet normal -4.323013e-01 -5.703108e-01 -6.984706e-01
      outer loop
         vertex 6.189996e+01 1.227465e+01 1.749470e+01
         vertex 6.202219e+01 1.380375e+01 1.617052e+01
         vertex 6.296909e+01 1.197206e+01 1.708006e+01
      endloop
   endfacet
   facet normal -4.368377e-01 -5.709792e-01 -6.950939e-01
      outer loop
         vertex 6.296909e+01 1.197206e+01 1.708006e+01
         vertex 6.202219e+01 1.380375e+01 1.617052e+01
         vertex 6.264214e+01 1.348284e+01 1.604452e+01
      endloop
   endfacet
   facet normal -4.401022e-01 -5.705271e-01 -6.934038e-01
      outer loop
         vertex 6.296909e+01 1.197206e+01 1.708006e+01
         vertex 6.264214e+01 1.348284e+01 1.604452e+01
         vertex 6.284133e+01 1.337883e+01 1.600368e+01
      endloop
   endfacet
   facet normal -4.235267e-01 -5.703470e-01 -7.037964e-01
      outer loop
         vertex 6.120937e+01 1.421797e+01 1.633311e+01
         vertex 6.083838e+01 1.256665e+01 1.789457e+01
         vertex 6.040281e+01 1.462152e+01 1.649145e+01
      endloop
   endfacet
   facet normal -4.145076e-01 -5.714701e-01 -7.082410e-01
      outer loop
         vertex 6.040281e+01 1.462152e+01 1.649145e+01
         vertex 6.083838e+01 1.256665e+01 1.789457e+01
         vertex 6.031042e+01 1.270868e+01 1.808896e+01
      endloop
   endfacet
   facet normal -4.164676e-01 -5.708396e-01 -7.075994e-01
      outer loop
         vertex 6.040281e+01 1.462152e+01 1.649145e+01
         vertex 6.031042e+01 1.270868e+01 1.808896e+01
         vertex 5.960245e+01 1.501443e+01 1.664554e+01
      endloop
   endfacet
   facet normal -4.092658e-01 -5.711135e-01 -7.115693e-01
      outer loop
         vertex 5.960245e+01 1.501443e+01 1.664554e+01
         vertex 6.031042e+01 1.270868e+01 1.808896e+01
         vertex 5.978436e+01 1.284806e+01 1.827967e+01
      endloop
   endfacet
   facet normal -3.481324e-01 -5.697956e-01 -7.444037e-01
      outer loop
         vertex 5.308787e+01 1.790841e+01 1.777804e+01
         vertex 5.381009e+01 1.761622e+01 1.766394e+01
         vertex 5.361937e+01 1.431415e+01 2.028066e+01
      endloop
   endfacet
   facet normal -3.529502e-01 -5.685023e-01 -7.431227e-01
      outer loop
         vertex 5.361937e+01 1.431415e+01 2.028066e+01
         vertex 5.381009e+01 1.761622e+01 1.766394e+01
         vertex 5.396768e+01 1.755145e+01 1.763864e+01
      endloop
   endfacet
   facet normal -3.396452e-01 -5.724900e-01 -7.462549e-01
      outer loop
         vertex 5.361937e+01 1.431415e+01 2.028066e+01
         vertex 5.396768e+01 1.755145e+01 1.763864e+01
         vertex 5.412267e+01 1.420653e+01 2.013415e+01
      endloop
   endfacet
   facet normal -3.543570e-01 -5.696681e-01 -7.415587e-01
      outer loop
         vertex 5.412267e+01 1.420653e+01 2.013415e+01
         vertex 5.396768e+01 1.755145e+01 1.763864e+01
         vertex 5.400083e+01 1.753778e+01 1.763330e+01
      endloop
   endfacet
   facet normal -3.459441e-01 -5.713612e-01 -7.442238e-01
      outer loop
         vertex 5.412267e+01 1.420653e+01 2.013415e+01
         vertex 5.400083e+01 1.753778e+01 1.763330e+01
         vertex 5.462788e+01 1.409627e+01 1.998397e+01
      endloop
   endfacet
   facet normal -3.577979e-01 -5.702595e-01 -7.394489e-01
      outer loop
         vertex 5.462788e+01 1.409627e+01 1.998397e+01
         vertex 5.400083e+01 1.753778e+01 1.763330e+01
         vertex 5.453806e+01 1.731406e+01 1.754589e+01
      endloop
   endfacet
   facet normal -3.521392e-01 -5.714574e-01 -7.412384e-01
      outer loop
         vertex 5.462788e+01 1.409627e+01 1.998397e+01
         vertex 5.453806e+01 1.731406e+01 1.754589e+01
         vertex 5.513498e+01 1.398336e+01 1.983011e+01
      endloop
   endfacet
   facet normal -3.636726e-01 -5.703042e-01 -7.365429e-01
      outer loop
         vertex 5.513498e+01 1.398336e+01 1.983011e+01
         vertex 5.453806e+01 1.731406e+01 1.754589e+01
         vertex 5.503821e+01 1.710212e+01 1.746304e+01
      endloop
   endfacet
   facet normal -3.582426e-01 -5.714687e-01 -7.382992e-01
      outer loop
         vertex 5.513498e+01 1.398336e+01 1.983011e+01
         vertex 5.503821e+01 1.710212e+01 1.746304e+01
         vertex 5.564399e+01 1.386780e+01 1.967257e+01
      endloop
   endfacet
   facet normal -3.678101e-01 -5.705336e-01 -7.343073e-01
      outer loop
         vertex 5.564399e+01 1.386780e+01 1.967257e+01
         vertex 5.503821e+01 1.710212e+01 1.746304e+01
         vertex 5.527182e+01 1.700193e+01 1.742386e+01
      endloop
   endfacet
   facet normal -3.642644e-01 -5.710768e-01 -7.356512e-01
      outer loop
         vertex 5.564399e+01 1.386780e+01 1.967257e+01
         vertex 5.527182e+01 1.700193e+01 1.742386e+01
         vertex 5.615489e+01 1.374960e+01 1.951135e+01
      endloop
   endfacet
   facet normal -3.731798e-01 -5.707729e-01 -7.314063e-01
      outer loop
         vertex 5.615489e+01 1.374960e+01 1.951135e+01
         vertex 5.527182e+01 1.700193e+01 1.742386e+01
         vertex 5.601143e+01 1.667982e+01 1.729787e+01
      endloop
   endfacet
   facet normal -3.701838e-01 -5.714037e-01 -7.324355e-01
      outer loop
         vertex 5.615489e+01 1.374960e+01 1.951135e+01
         vertex 5.601143e+01 1.667982e+01 1.729787e+01
         vertex 5.666770e+01 1.362875e+01 1.934645e+01
      endloop
   endfacet
   facet normal -3.809999e-01 -5.704793e-01 -7.275936e-01
      outer loop
         vertex 5.666770e+01 1.362875e+01 1.934645e+01
         vertex 5.601143e+01 1.667982e+01 1.729787e+01
         vertex 5.675695e+01 1.634769e+01 1.716790e+01
      endloop
   endfacet
   facet normal -3.760178e-01 -5.718537e-01 -7.291049e-01
      outer loop
         vertex 5.666770e+01 1.362875e+01 1.934645e+01
         vertex 5.675695e+01 1.634769e+01 1.716790e+01
         vertex 5.718240e+01 1.350525e+01 1.917786e+01
      endloop
   endfacet
   facet normal -3.868565e-01 -5.703111e-01 -7.246291e-01
      outer loop
         vertex 5.718240e+01 1.350525e+01 1.917786e+01
         vertex 5.675695e+01 1.634769e+01 1.716790e+01
         vertex 5.714970e+01 1.616977e+01 1.709824e+01
      endloop
   endfacet
   facet normal -3.817703e-01 -5.715751e-01 -7.263287e-01
      outer loop
         vertex 5.718240e+01 1.350525e+01 1.917786e+01
         vertex 5.714970e+01 1.616977e+01 1.709824e+01
         vertex 5.769900e+01 1.337911e+01 1.900560e+01
      endloop
   endfacet
   facet normal -3.907587e-01 -5.705959e-01 -7.223074e-01
      outer loop
         vertex 5.769900e+01 1.337911e+01 1.900560e+01
         vertex 5.714970e+01 1.616977e+01 1.709824e+01
         vertex 5.750842e+01 1.600553e+01 1.703393e+01
      endloop
   endfacet
   facet normal -3.874397e-01 -5.712866e-01 -7.235483e-01
      outer loop
         vertex 5.769900e+01 1.337911e+01 1.900560e+01
         vertex 5.750842e+01 1.600553e+01 1.703393e+01
         vertex 5.821750e+01 1.325032e+01 1.882965e+01
      endloop
   endfacet
   facet normal -3.963642e-01 -5.707171e-01 -7.191505e-01
      outer loop
         vertex 5.821750e+01 1.325032e+01 1.882965e+01
         vertex 5.750842e+01 1.600553e+01 1.703393e+01
         vertex 5.826590e+01 1.565331e+01 1.689596e+01
      endloop
   endfacet
   facet normal -3.930140e-01 -5.716606e-01 -7.202390e-01
      outer loop
         vertex 5.821750e+01 1.325032e+01 1.882965e+01
         vertex 5.826590e+01 1.565331e+01 1.689596e+01
         vertex 5.873789e+01 1.311888e+01 1.865001e+01
      endloop
   endfacet
   facet normal -4.036450e-01 -5.703043e-01 -7.154186e-01
      outer loop
         vertex 5.873789e+01 1.311888e+01 1.865001e+01
         vertex 5.826590e+01 1.565331e+01 1.689596e+01
         vertex 5.902943e+01 1.529101e+01 1.675397e+01
      endloop
   endfacet
   facet normal -3.984976e-01 -5.721950e-01 -7.167932e-01
      outer loop
         vertex 5.873789e+01 1.311888e+01 1.865001e+01
         vertex 5.902943e+01 1.529101e+01 1.675397e+01
         vertex 5.926018e+01 1.298479e+01 1.846668e+01
      endloop
   endfacet
   facet normal -4.084877e-01 -5.701940e-01 -7.127528e-01
      outer loop
         vertex 5.926018e+01 1.298479e+01 1.846668e+01
         vertex 5.902943e+01 1.529101e+01 1.675397e+01
         vertex 5.929240e+01 1.516458e+01 1.670441e+01
      endloop
   endfacet
   facet normal -4.039239e-01 -5.715105e-01 -7.142977e-01
      outer loop
         vertex 5.926018e+01 1.298479e+01 1.846668e+01
         vertex 5.929240e+01 1.516458e+01 1.670441e+01
         vertex 5.978436e+01 1.284806e+01 1.827967e+01
      endloop
   endfacet
   facet normal -4.100414e-01 -5.708140e-01 -7.113631e-01
      outer loop
         vertex 5.978436e+01 1.284806e+01 1.827967e+01
         vertex 5.929240e+01 1.516458e+01 1.670441e+01
         vertex 5.931001e+01 1.515608e+01 1.670108e+01
      endloop
   endfacet
   facet normal -4.113879e-01 -5.706492e-01 -7.107175e-01
      outer loop
         vertex 5.978436e+01 1.284806e+01 1.827967e+01
         vertex 5.931001e+01 1.515608e+01 1.670108e+01
         vertex 5.960245e+01 1.501443e+01 1.664554e+01
      endloop
   endfacet
   facet normal -3.433068e-01 -5.703470e-01 -7.462203e-01
      outer loop
         vertex 5.308787e+01 1.790841e+01 1.777804e+01
         vertex 5.361937e+01 1.431415e+01 2.028066e+01
         vertex 5.297569e+01 1.795311e+01 1.779549e+01
      endloop
   endfacet
   facet normal -3.332750e-01 -5.712170e-01 -7.500926e-01
      outer loop
         vertex 5.297569e+01 1.795311e+01 1.779549e+01
         vertex 5.361937e+01 1.431415e+01 2.028066e+01
         vertex 5.311798e+01 1.441912e+01 2.042350e+01
      endloop
   endfacet
   facet normal -3.422216e-01 -5.695311e-01 -7.473411e-01
      outer loop
         vertex 5.297569e+01 1.795311e+01 1.779549e+01
         vertex 5.311798e+01 1.441912e+01 2.042350e+01
         vertex 5.294023e+01 1.796720e+01 1.780099e+01
      endloop
   endfacet
   facet normal -3.267916e-01 -5.722924e-01 -7.521228e-01
      outer loop
         vertex 5.294023e+01 1.796720e+01 1.780099e+01
         vertex 5.311798e+01 1.441912e+01 2.042350e+01
         vertex 5.261849e+01 1.452145e+01 2.056267e+01
      endloop
   endfacet
   facet normal -3.384086e-01 -5.690551e-01 -7.494370e-01
      outer loop
         vertex 5.294023e+01 1.796720e+01 1.780099e+01
         vertex 5.261849e+01 1.452145e+01 2.056267e+01
         vertex 5.237133e+01 1.819067e+01 1.788819e+01
      endloop
   endfacet
   facet normal -3.326224e-01 -5.700183e-01 -7.512932e-01
      outer loop
         vertex 5.237133e+01 1.819067e+01 1.788819e+01
         vertex 5.261849e+01 1.452145e+01 2.056267e+01
         vertex 5.196287e+01 1.834809e+01 1.794959e+01
      endloop
   endfacet
   facet normal -3.202278e-01 -5.710352e-01 -7.558922e-01
      outer loop
         vertex 5.196287e+01 1.834809e+01 1.794959e+01
         vertex 5.261849e+01 1.452145e+01 2.056267e+01
         vertex 5.212090e+01 1.462113e+01 2.069816e+01
      endloop
   endfacet
   facet normal -3.296552e-01 -5.693692e-01 -7.530911e-01
      outer loop
         vertex 5.196287e+01 1.834809e+01 1.794959e+01
         vertex 5.212090e+01 1.462113e+01 2.069816e+01
         vertex 5.192534e+01 1.836243e+01 1.795518e+01
      endloop
   endfacet
   facet normal -2.923405e-01 -5.693599e-01 -7.683530e-01
      outer loop
         vertex 4.899793e+01 1.941117e+01 1.836357e+01
         vertex 4.932403e+01 1.930136e+01 1.832087e+01
         vertex 4.932089e+01 1.730365e+01 1.980239e+01
      endloop
   endfacet
   facet normal -2.986631e-01 -5.681885e-01 -7.667869e-01
      outer loop
         vertex 4.932089e+01 1.730365e+01 1.980239e+01
         vertex 4.932403e+01 1.930136e+01 1.832087e+01
         vertex 4.993324e+01 1.909138e+01 1.823918e+01
      endloop
   endfacet
   facet normal -3.026798e-01 -5.665169e-01 -7.664487e-01
      outer loop
         vertex 4.932089e+01 1.730365e+01 1.980239e+01
         vertex 4.993324e+01 1.909138e+01 1.823918e+01
         vertex 4.996164e+01 1.908144e+01 1.823531e+01
      endloop
   endfacet
   facet normal -2.869788e-01 -5.670529e-01 -7.720713e-01
      outer loop
         vertex 4.895612e+01 1.942512e+01 1.836900e+01
         vertex 4.835473e+01 1.753968e+01 1.997730e+01
         vertex 4.869182e+01 1.951258e+01 1.840299e+01
      endloop
   endfacet
   facet normal -2.808589e-01 -5.688431e-01 -7.730044e-01
      outer loop
         vertex 4.869182e+01 1.951258e+01 1.840299e+01
         vertex 4.835473e+01 1.753968e+01 1.997730e+01
         vertex 4.806497e+01 1.971515e+01 1.848169e+01
      endloop
   endfacet
   facet normal -2.645502e-01 -5.697554e-01 -7.780694e-01
      outer loop
         vertex 4.739847e+01 1.776054e+01 2.014071e+01
         vertex 4.799161e+01 1.973840e+01 1.849072e+01
         vertex 4.835473e+01 1.753968e+01 1.997730e+01
      endloop
   endfacet
   facet normal -2.755167e-01 -5.692421e-01 -7.746315e-01
      outer loop
         vertex 4.835473e+01 1.753968e+01 1.997730e+01
         vertex 4.799161e+01 1.973840e+01 1.849072e+01
         vertex 4.803417e+01 1.972492e+01 1.848548e+01
      endloop
   endfacet
   facet normal -2.760565e-01 -5.692074e-01 -7.744648e-01
      outer loop
         vertex 4.835473e+01 1.753968e+01 1.997730e+01
         vertex 4.803417e+01 1.972492e+01 1.848548e+01
         vertex 4.806497e+01 1.971515e+01 1.848169e+01
      endloop
   endfacet
   facet normal -2.588121e-01 -5.690049e-01 -7.805445e-01
      outer loop
         vertex 4.682711e+01 2.009436e+01 1.862884e+01
         vertex 4.703977e+01 2.003122e+01 1.860435e+01
         vertex 4.739847e+01 1.776054e+01 2.014071e+01
      endloop
   endfacet
   facet normal -2.636004e-01 -5.687847e-01 -7.791013e-01
      outer loop
         vertex 4.739847e+01 1.776054e+01 2.014071e+01
         vertex 4.703977e+01 2.003122e+01 1.860435e+01
         vertex 4.744342e+01 1.990907e+01 1.855697e+01
      endloop
   endfacet
   facet normal -2.706624e-01 -5.675271e-01 -7.775956e-01
      outer loop
         vertex 4.739847e+01 1.776054e+01 2.014071e+01
         vertex 4.744342e+01 1.990907e+01 1.855697e+01
         vertex 4.799161e+01 1.973840e+01 1.849072e+01
      endloop
   endfacet
   facet normal -2.526432e-01 -5.688671e-01 -7.826632e-01
      outer loop
         vertex 4.739847e+01 1.776054e+01 2.014071e+01
         vertex 4.725010e+01 1.547237e+01 2.185173e+01
         vertex 4.682711e+01 2.009436e+01 1.862884e+01
      endloop
   endfacet
   facet normal -2.414054e-01 -5.698233e-01 -7.855093e-01
      outer loop
         vertex 4.682711e+01 2.009436e+01 1.862884e+01
         vertex 4.725010e+01 1.547237e+01 2.185173e+01
         vertex 4.677354e+01 1.554293e+01 2.194700e+01
      endloop
   endfacet
   facet normal -2.520547e-01 -5.681440e-01 -7.833778e-01
      outer loop
         vertex 4.682711e+01 2.009436e+01 1.862884e+01
         vertex 4.677354e+01 1.554293e+01 2.194700e+01
         vertex 4.621600e+01 2.027106e+01 1.869732e+01
      endloop
   endfacet
   facet normal -2.108293e-01 -5.673619e-01 -7.960223e-01
      outer loop
         vertex 4.441322e+01 2.074970e+01 1.888248e+01
         vertex 4.441947e+01 1.585603e+01 2.236877e+01
         vertex 4.382228e+01 2.089214e+01 1.893747e+01
      endloop
   endfacet
   facet normal -1.931437e-01 -5.680036e-01 -8.000421e-01
      outer loop
         vertex 4.382228e+01 2.089214e+01 1.893747e+01
         vertex 4.441947e+01 1.585603e+01 2.236877e+01
         vertex 4.395440e+01 1.591070e+01 2.244223e+01
      endloop
   endfacet
   facet normal -2.000024e-01 -5.673337e-01 -7.988314e-01
      outer loop
         vertex 4.382228e+01 2.089214e+01 1.893747e+01
         vertex 4.395440e+01 1.591070e+01 2.244223e+01
         vertex 4.323623e+01 2.102603e+01 1.898911e+01
      endloop
   endfacet
   facet normal -1.847284e-01 -5.675589e-01 -8.023417e-01
      outer loop
         vertex 4.395440e+01 1.591070e+01 2.244223e+01
         vertex 4.349125e+01 1.596272e+01 2.251207e+01
         vertex 4.323623e+01 2.102603e+01 1.898911e+01
      endloop
   endfacet
   facet normal -1.762150e-01 -5.681637e-01 -8.038272e-01
      outer loop
         vertex 4.323623e+01 2.102603e+01 1.898911e+01
         vertex 4.349125e+01 1.596272e+01 2.251207e+01
         vertex 4.303003e+01 1.601208e+01 2.257829e+01
      endloop
   endfacet
   facet normal -1.888136e-01 -5.664583e-01 -8.021686e-01
      outer loop
         vertex 4.323623e+01 2.102603e+01 1.898911e+01
         vertex 4.303003e+01 1.601208e+01 2.257829e+01
         vertex 4.265501e+01 2.115138e+01 1.903740e+01
      endloop
   endfacet
   facet normal -1.675840e-01 -5.675972e-01 -8.060701e-01
      outer loop
         vertex 4.265501e+01 2.115138e+01 1.903740e+01
         vertex 4.303003e+01 1.601208e+01 2.257829e+01
         vertex 4.257071e+01 1.605879e+01 2.264089e+01
      endloop
   endfacet
   facet normal -1.775303e-01 -5.664808e-01 -8.047251e-01
      outer loop
         vertex 4.265501e+01 2.115138e+01 1.903740e+01
         vertex 4.257071e+01 1.605879e+01 2.264089e+01
         vertex 4.207854e+01 2.126819e+01 1.908235e+01
      endloop
   endfacet
   facet normal -1.713453e-01 -5.667043e-01 -8.059076e-01
      outer loop
         vertex 4.207854e+01 2.126819e+01 1.908235e+01
         vertex 4.257071e+01 1.605879e+01 2.264089e+01
         vertex 4.203192e+01 2.127730e+01 1.908585e+01
      endloop
   endfacet
   facet normal -1.588511e-01 -5.670094e-01 -8.082491e-01
      outer loop
         vertex 4.203192e+01 2.127730e+01 1.908585e+01
         vertex 4.257071e+01 1.605879e+01 2.264089e+01
         vertex 4.211331e+01 1.610285e+01 2.269988e+01
      endloop
   endfacet
   facet normal -1.655209e-01 -5.664521e-01 -8.073010e-01
      outer loop
         vertex 4.203192e+01 2.127730e+01 1.908585e+01
         vertex 4.211331e+01 1.610285e+01 2.269988e+01
         vertex 4.150677e+01 2.137645e+01 1.912395e+01
      endloop
   endfacet
   facet normal -1.500124e-01 -5.666336e-01 -8.101991e-01
      outer loop
         vertex 4.150677e+01 2.137645e+01 1.912395e+01
         vertex 4.211331e+01 1.610285e+01 2.269988e+01
         vertex 4.165783e+01 1.614425e+01 2.275526e+01
      endloop
   endfacet
   facet normal -1.541919e-01 -5.663481e-01 -8.096139e-01
      outer loop
         vertex 4.150677e+01 2.137645e+01 1.912395e+01
         vertex 4.165783e+01 1.614425e+01 2.275526e+01
         vertex 4.093960e+01 2.147616e+01 1.916222e+01
      endloop
   endfacet
   facet normal -1.410674e-01 -5.662409e-01 -8.120783e-01
      outer loop
         vertex 4.165783e+01 1.614425e+01 2.275526e+01
         vertex 4.120427e+01 1.618300e+01 2.280703e+01
         vertex 4.093960e+01 2.147616e+01 1.916222e+01
      endloop
   endfacet
   facet normal -1.320215e-01 -5.666424e-01 -8.133183e-01
      outer loop
         vertex 4.093960e+01 2.147616e+01 1.916222e+01
         vertex 4.120427e+01 1.618300e+01 2.280703e+01
         vertex 4.075261e+01 1.621908e+01 2.285520e+01
      endloop
   endfacet
   facet normal -1.420579e-01 -5.656046e-01 -8.123491e-01
      outer loop
         vertex 4.093960e+01 2.147616e+01 1.916222e+01
         vertex 4.075261e+01 1.621908e+01 2.285520e+01
         vertex 4.037698e+01 2.156729e+01 1.919716e+01
      endloop
   endfacet
   facet normal -1.228665e-01 -5.661392e-01 -8.151014e-01
      outer loop
         vertex 4.037698e+01 2.156729e+01 1.919716e+01
         vertex 4.075261e+01 1.621908e+01 2.285520e+01
         vertex 4.030288e+01 1.625251e+01 2.289978e+01
      endloop
   endfacet
   facet normal -1.297477e-01 -5.655737e-01 -8.144274e-01
      outer loop
         vertex 4.037698e+01 2.156729e+01 1.919716e+01
         vertex 4.030288e+01 1.625251e+01 2.289978e+01
         vertex 3.981881e+01 2.164984e+01 1.922876e+01
      endloop
   endfacet
   facet normal -1.136081e-01 -5.657030e-01 -8.167456e-01
      outer loop
         vertex 3.981881e+01 2.164984e+01 1.922876e+01
         vertex 4.030288e+01 1.625251e+01 2.289978e+01
         vertex 3.985505e+01 1.628328e+01 2.294076e+01
      endloop
   endfacet
   facet normal -1.178047e-01 -5.654440e-01 -8.163303e-01
      outer loop
         vertex 3.981881e+01 2.164984e+01 1.922876e+01
         vertex 3.985505e+01 1.628328e+01 2.294076e+01
         vertex 3.932172e+01 2.171657e+01 1.925427e+01
      endloop
   endfacet
   facet normal -1.042458e-01 -5.653888e-01 -8.182105e-01
      outer loop
         vertex 3.932172e+01 2.171657e+01 1.925427e+01
         vertex 3.985505e+01 1.628328e+01 2.294076e+01
         vertex 3.940914e+01 1.631138e+01 2.297815e+01
      endloop
   endfacet
   facet normal -1.063101e-01 -5.652874e-01 -8.180149e-01
      outer loop
         vertex 3.932172e+01 2.171657e+01 1.925427e+01
         vertex 3.940914e+01 1.631138e+01 2.297815e+01
         vertex 3.883133e+01 2.177598e+01 1.927695e+01
      endloop
   endfacet
   facet normal -9.478374e-02 -5.651102e-01 -8.195526e-01
      outer loop
         vertex 3.940914e+01 1.631138e+01 2.297815e+01
         vertex 3.896515e+01 1.633682e+01 2.301196e+01
         vertex 3.883133e+01 2.177598e+01 1.927695e+01
      endloop
   endfacet
   facet normal -8.521982e-02 -5.654397e-01 -8.203752e-01
      outer loop
         vertex 3.883133e+01 2.177598e+01 1.927695e+01
         vertex 3.896515e+01 1.633682e+01 2.301196e+01
         vertex 3.852307e+01 1.635959e+01 2.304219e+01
      endloop
   endfacet
   facet normal -9.425764e-02 -5.646271e-01 -8.199462e-01
      outer loop
         vertex 3.883133e+01 2.177598e+01 1.927695e+01
         vertex 3.852307e+01 1.635959e+01 2.304219e+01
         vertex 3.831724e+01 2.183122e+01 1.929800e+01
      endloop
   endfacet
   facet normal -7.555490e-02 -5.650489e-01 -8.215907e-01
      outer loop
         vertex 3.831724e+01 2.183122e+01 1.929800e+01
         vertex 3.852307e+01 1.635959e+01 2.304219e+01
         vertex 3.808289e+01 1.637969e+01 2.306884e+01
      endloop
   endfacet
   facet normal -8.206806e-02 -5.645662e-01 -8.212976e-01
      outer loop
         vertex 3.831724e+01 2.183122e+01 1.929800e+01
         vertex 3.808289e+01 1.637969e+01 2.306884e+01
         vertex 3.783851e+01 2.187601e+01 1.931505e+01
      endloop
   endfacet
   facet normal -5.780423e-02 -5.644040e-01 -8.234724e-01
      outer loop
         vertex 3.736412e+01 2.191390e+01 1.932945e+01
         vertex 3.720827e+01 1.641188e+01 2.311144e+01
         vertex 3.689401e+01 2.194489e+01 1.934121e+01
      endloop
   endfacet
   facet normal -4.596455e-02 -5.642919e-01 -8.242948e-01
      outer loop
         vertex 3.689401e+01 2.194489e+01 1.934121e+01
         vertex 3.720827e+01 1.641188e+01 2.311144e+01
         vertex 3.677381e+01 1.642396e+01 2.312740e+01
      endloop
   endfacet
   facet normal -4.534954e-02 -5.643169e-01 -8.243118e-01
      outer loop
         vertex 3.689401e+01 2.194489e+01 1.934121e+01
         vertex 3.677381e+01 1.642396e+01 2.312740e+01
         vertex 3.642811e+01 2.196900e+01 1.935034e+01
      endloop
   endfacet
   facet normal -3.591458e-02 -5.641317e-01 -8.249034e-01
      outer loop
         vertex 3.677381e+01 1.642396e+01 2.312740e+01
         vertex 3.634127e+01 1.643337e+01 2.313980e+01
         vertex 3.642811e+01 2.196900e+01 1.935034e+01
      endloop
   endfacet
   facet normal -2.576479e-02 -5.644170e-01 -8.250876e-01
      outer loop
         vertex 3.642811e+01 2.196900e+01 1.935034e+01
         vertex 3.634127e+01 1.643337e+01 2.313980e+01
         vertex 3.591063e+01 1.644009e+01 2.314865e+01
      endloop
   endfacet
   facet normal -3.266627e-02 -5.638633e-01 -8.252219e-01
      outer loop
         vertex 3.642811e+01 2.196900e+01 1.935034e+01
         vertex 3.591063e+01 1.644009e+01 2.314865e+01
         vertex 3.596636e+01 2.198622e+01 1.935685e+01
      endloop
   endfacet
   facet normal -1.552710e-02 -5.642138e-01 -8.254827e-01
      outer loop
         vertex 3.596636e+01 2.198622e+01 1.935685e+01
         vertex 3.591063e+01 1.644009e+01 2.314865e+01
         vertex 3.548188e+01 1.644412e+01 2.315396e+01
      endloop
   endfacet
   facet normal -1.977317e-02 -5.639186e-01 -8.255936e-01
      outer loop
         vertex 3.596636e+01 2.198622e+01 1.935685e+01
         vertex 3.548188e+01 1.644412e+01 2.315396e+01
         vertex 3.550869e+01 2.199655e+01 1.936075e+01
      endloop
   endfacet
   facet normal -6.650420e-03 -5.640597e-01 -8.257073e-01
      outer loop
         vertex 3.550869e+01 2.199655e+01 1.936075e+01
         vertex 3.548188e+01 1.644412e+01 2.315396e+01
         vertex 3.505504e+01 2.200000e+01 1.936205e+01
      endloop
   endfacet
   facet normal -5.175413e-03 -5.639896e-01 -8.257657e-01
      outer loop
         vertex 3.505504e+01 1.089094e+01 2.694940e+01
         vertex 3.548188e+01 1.644412e+01 2.315396e+01
         vertex 3.555905e+01 1.089146e+01 2.694588e+01
      endloop
   endfacet
   facet normal -1.552692e-02 -5.640273e-01 -8.256102e-01
      outer loop
         vertex 3.555905e+01 1.089146e+01 2.694588e+01
         vertex 3.548188e+01 1.644412e+01 2.315396e+01
         vertex 3.591063e+01 1.644009e+01 2.314865e+01
      endloop
   endfacet
   facet normal -1.549204e-02 -5.640291e-01 -8.256096e-01
      outer loop
         vertex 3.555905e+01 1.089146e+01 2.694588e+01
         vertex 3.591063e+01 1.644009e+01 2.314865e+01
         vertex 3.606364e+01 1.089304e+01 2.693534e+01
      endloop
   endfacet
   facet normal -2.576431e-02 -5.641028e-01 -8.253025e-01
      outer loop
         vertex 3.606364e+01 1.089304e+01 2.693534e+01
         vertex 3.591063e+01 1.644009e+01 2.314865e+01
         vertex 3.634127e+01 1.643337e+01 2.313980e+01
      endloop
   endfacet
   facet normal -2.576788e-02 -5.641027e-01 -8.253025e-01
      outer loop
         vertex 3.606364e+01 1.089304e+01 2.693534e+01
         vertex 3.634127e+01 1.643337e+01 2.313980e+01
         vertex 3.656886e+01 1.089565e+01 2.691778e+01
      endloop
   endfacet
   facet normal -3.591475e-02 -5.642106e-01 -8.248494e-01
      outer loop
         vertex 3.656886e+01 1.089565e+01 2.691778e+01
         vertex 3.634127e+01 1.643337e+01 2.313980e+01
         vertex 3.677381e+01 1.642396e+01 2.312740e+01
      endloop
   endfacet
   facet normal -3.599430e-02 -5.642069e-01 -8.248484e-01
      outer loop
         vertex 3.656886e+01 1.089565e+01 2.691778e+01
         vertex 3.677381e+01 1.642396e+01 2.312740e+01
         vertex 3.707478e+01 1.089931e+01 2.689320e+01
      endloop
   endfacet
   facet normal -4.596470e-02 -5.643470e-01 -8.242571e-01
      outer loop
         vertex 3.707478e+01 1.089931e+01 2.689320e+01
         vertex 3.677381e+01 1.642396e+01 2.312740e+01
         vertex 3.720827e+01 1.641188e+01 2.311144e+01
      endloop
   endfacet
   facet normal -4.617007e-02 -5.643383e-01 -8.242516e-01
      outer loop
         vertex 3.707478e+01 1.089931e+01 2.689320e+01
         vertex 3.720827e+01 1.641188e+01 2.311144e+01
         vertex 3.758145e+01 1.090400e+01 2.686161e+01
      endloop
   endfacet
   facet normal -5.592832e-02 -5.645084e-01 -8.235304e-01
      outer loop
         vertex 3.758145e+01 1.090400e+01 2.686161e+01
         vertex 3.720827e+01 1.641188e+01 2.311144e+01
         vertex 3.764462e+01 1.639712e+01 2.309192e+01
      endloop
   endfacet
   facet normal -5.629766e-02 -5.644937e-01 -8.235153e-01
      outer loop
         vertex 3.758145e+01 1.090400e+01 2.686161e+01
         vertex 3.764462e+01 1.639712e+01 2.309192e+01
         vertex 3.808893e+01 1.090971e+01 2.682300e+01
      endloop
   endfacet
   facet normal -7.004279e-02 -5.644876e-01 -8.224644e-01
      outer loop
         vertex 3.736412e+01 2.191390e+01 1.932945e+01
         vertex 3.783851e+01 2.187601e+01 1.931505e+01
         vertex 3.764462e+01 1.639712e+01 2.309192e+01
      endloop
   endfacet
   facet normal -6.578829e-02 -5.647542e-01 -8.226327e-01
      outer loop
         vertex 3.764462e+01 1.639712e+01 2.309192e+01
         vertex 3.783851e+01 2.187601e+01 1.931505e+01
         vertex 3.808289e+01 1.637969e+01 2.306884e+01
      endloop
   endfacet
   facet normal -6.578806e-02 -5.646914e-01 -8.226758e-01
      outer loop
         vertex 3.764462e+01 1.639712e+01 2.309192e+01
         vertex 3.808289e+01 1.637969e+01 2.306884e+01
         vertex 3.808893e+01 1.090971e+01 2.682300e+01
      endloop
   endfacet
   facet normal -7.555190e-02 -5.643073e-01 -8.221005e-01
      outer loop
         vertex 3.808893e+01 1.090971e+01 2.682300e+01
         vertex 3.808289e+01 1.637969e+01 2.306884e+01
         vertex 3.852307e+01 1.635959e+01 2.304219e+01
      endloop
   endfacet
   facet normal -6.632836e-02 -5.651788e-01 -8.222976e-01
      outer loop
         vertex 3.808893e+01 1.090971e+01 2.682300e+01
         vertex 3.852307e+01 1.635959e+01 2.304219e+01
         vertex 3.859730e+01 1.091644e+01 2.677737e+01
      endloop
   endfacet
   facet normal -8.521586e-02 -5.645417e-01 -8.209938e-01
      outer loop
         vertex 3.859730e+01 1.091644e+01 2.677737e+01
         vertex 3.852307e+01 1.635959e+01 2.304219e+01
         vertex 3.896515e+01 1.633682e+01 2.301196e+01
      endloop
   endfacet
   facet normal -7.633905e-02 -5.653598e-01 -8.213042e-01
      outer loop
         vertex 3.859730e+01 1.091644e+01 2.677737e+01
         vertex 3.896515e+01 1.633682e+01 2.301196e+01
         vertex 3.910661e+01 1.092417e+01 2.672471e+01
      endloop
   endfacet
   facet normal -9.478222e-02 -5.647912e-01 -8.197727e-01
      outer loop
         vertex 3.910661e+01 1.092417e+01 2.672471e+01
         vertex 3.896515e+01 1.633682e+01 2.301196e+01
         vertex 3.940914e+01 1.631138e+01 2.297815e+01
      endloop
   endfacet
   facet normal -8.629065e-02 -5.655543e-01 -8.201843e-01
      outer loop
         vertex 3.910661e+01 1.092417e+01 2.672471e+01
         vertex 3.940914e+01 1.631138e+01 2.297815e+01
         vertex 3.961693e+01 1.093289e+01 2.666501e+01
      endloop
   endfacet
   facet normal -1.042441e-01 -5.650537e-01 -8.184421e-01
      outer loop
         vertex 3.961693e+01 1.093289e+01 2.666501e+01
         vertex 3.940914e+01 1.631138e+01 2.297815e+01
         vertex 3.985505e+01 1.628328e+01 2.294076e+01
      endloop
   endfacet
   facet normal -9.618087e-02 -5.657600e-01 -8.189413e-01
      outer loop
         vertex 3.961693e+01 1.093289e+01 2.666501e+01
         vertex 3.985505e+01 1.628328e+01 2.294076e+01
         vertex 4.012833e+01 1.094258e+01 2.659825e+01
      endloop
   endfacet
   facet normal -1.136061e-01 -5.653266e-01 -8.170064e-01
      outer loop
         vertex 4.012833e+01 1.094258e+01 2.659825e+01
         vertex 3.985505e+01 1.628328e+01 2.294076e+01
         vertex 4.030288e+01 1.625251e+01 2.289978e+01
      endloop
   endfacet
   facet normal -1.060099e-01 -5.659747e-01 -8.175784e-01
      outer loop
         vertex 4.012833e+01 1.094258e+01 2.659825e+01
         vertex 4.030288e+01 1.625251e+01 2.289978e+01
         vertex 4.064086e+01 1.095323e+01 2.652442e+01
      endloop
   endfacet
   facet normal -1.228636e-01 -5.656079e-01 -8.154706e-01
      outer loop
         vertex 4.064086e+01 1.095323e+01 2.652442e+01
         vertex 4.030288e+01 1.625251e+01 2.289978e+01
         vertex 4.075261e+01 1.621908e+01 2.285520e+01
      endloop
   endfacet
   facet normal -1.143238e-01 -5.663132e-01 -8.162227e-01
      outer loop
         vertex 4.064086e+01 1.095323e+01 2.652442e+01
         vertex 4.075261e+01 1.621908e+01 2.285520e+01
         vertex 4.100362e+01 1.096132e+01 2.646799e+01
      endloop
   endfacet
   facet normal -1.320159e-01 -5.656414e-01 -8.140157e-01
      outer loop
         vertex 4.100362e+01 1.096132e+01 2.646799e+01
         vertex 4.075261e+01 1.621908e+01 2.285520e+01
         vertex 4.120427e+01 1.618300e+01 2.280703e+01
      endloop
   endfacet
   facet normal -1.227395e-01 -5.665649e-01 -8.148246e-01
      outer loop
         vertex 4.100362e+01 1.096132e+01 2.646799e+01
         vertex 4.120427e+01 1.618300e+01 2.280703e+01
         vertex 4.153288e+01 1.097393e+01 2.637951e+01
      endloop
   endfacet
   facet normal -1.410659e-01 -5.659682e-01 -8.122687e-01
      outer loop
         vertex 4.153288e+01 1.097393e+01 2.637951e+01
         vertex 4.120427e+01 1.618300e+01 2.280703e+01
         vertex 4.165783e+01 1.614425e+01 2.275526e+01
      endloop
   endfacet
   facet normal -1.326599e-01 -5.667713e-01 -8.131246e-01
      outer loop
         vertex 4.153288e+01 1.097393e+01 2.637951e+01
         vertex 4.165783e+01 1.614425e+01 2.275526e+01
         vertex 4.206306e+01 1.098748e+01 2.628356e+01
      endloop
   endfacet
   facet normal -1.500105e-01 -5.662952e-01 -8.104361e-01
      outer loop
         vertex 4.206306e+01 1.098748e+01 2.628356e+01
         vertex 4.165783e+01 1.614425e+01 2.275526e+01
         vertex 4.211331e+01 1.610285e+01 2.269988e+01
      endloop
   endfacet
   facet normal -1.424966e-01 -5.669821e-01 -8.113113e-01
      outer loop
         vertex 4.206306e+01 1.098748e+01 2.628356e+01
         vertex 4.211331e+01 1.610285e+01 2.269988e+01
         vertex 4.259427e+01 1.100195e+01 2.618015e+01
      endloop
   endfacet
   facet normal -1.588489e-01 -5.666209e-01 -8.085220e-01
      outer loop
         vertex 4.259427e+01 1.100195e+01 2.618015e+01
         vertex 4.211331e+01 1.610285e+01 2.269988e+01
         vertex 4.257071e+01 1.605879e+01 2.264089e+01
      endloop
   endfacet
   facet normal -1.522522e-01 -5.671959e-01 -8.093875e-01
      outer loop
         vertex 4.259427e+01 1.100195e+01 2.618015e+01
         vertex 4.257071e+01 1.605879e+01 2.264089e+01
         vertex 4.312657e+01 1.101731e+01 2.606925e+01
      endloop
   endfacet
   facet normal -1.675803e-01 -5.669434e-01 -8.065309e-01
      outer loop
         vertex 4.312657e+01 1.101731e+01 2.606925e+01
         vertex 4.257071e+01 1.605879e+01 2.264089e+01
         vertex 4.303003e+01 1.601208e+01 2.257829e+01
      endloop
   endfacet
   facet normal -1.619227e-01 -5.674114e-01 -8.073570e-01
      outer loop
         vertex 4.312657e+01 1.101731e+01 2.606925e+01
         vertex 4.303003e+01 1.601208e+01 2.257829e+01
         vertex 4.366006e+01 1.103353e+01 2.595086e+01
      endloop
   endfacet
   facet normal -1.762100e-01 -5.672609e-01 -8.044657e-01
      outer loop
         vertex 4.366006e+01 1.103353e+01 2.595086e+01
         vertex 4.303003e+01 1.601208e+01 2.257829e+01
         vertex 4.349125e+01 1.596272e+01 2.251207e+01
      endloop
   endfacet
   facet normal -1.715058e-01 -5.676281e-01 -8.052230e-01
      outer loop
         vertex 4.366006e+01 1.103353e+01 2.595086e+01
         vertex 4.349125e+01 1.596272e+01 2.251207e+01
         vertex 4.419482e+01 1.105059e+01 2.582494e+01
      endloop
   endfacet
   facet normal -1.847284e-01 -5.675724e-01 -8.023322e-01
      outer loop
         vertex 4.419482e+01 1.105059e+01 2.582494e+01
         vertex 4.349125e+01 1.596272e+01 2.251207e+01
         vertex 4.395440e+01 1.591070e+01 2.244223e+01
      endloop
   endfacet
   facet normal -1.810028e-01 -5.678447e-01 -8.029884e-01
      outer loop
         vertex 4.419482e+01 1.105059e+01 2.582494e+01
         vertex 4.395440e+01 1.591070e+01 2.244223e+01
         vertex 4.473092e+01 1.106843e+01 2.569147e+01
      endloop
   endfacet
   facet normal -1.931430e-01 -5.678757e-01 -8.001331e-01
      outer loop
         vertex 4.473092e+01 1.106843e+01 2.569147e+01
         vertex 4.395440e+01 1.591070e+01 2.244223e+01
         vertex 4.441947e+01 1.585603e+01 2.236877e+01
      endloop
   endfacet
   facet normal -2.014473e-01 -5.672846e-01 -7.985031e-01
      outer loop
         vertex 4.473092e+01 1.106843e+01 2.569147e+01
         vertex 4.441947e+01 1.585603e+01 2.236877e+01
         vertex 4.488645e+01 1.579871e+01 2.229168e+01
      endloop
   endfacet
   facet normal -2.014534e-01 -5.685000e-01 -7.976367e-01
      outer loop
         vertex 4.488645e+01 1.579871e+01 2.229168e+01
         vertex 4.441947e+01 1.585603e+01 2.236877e+01
         vertex 4.441322e+01 2.074970e+01 1.888248e+01
      endloop
   endfacet
   facet normal -2.214159e-01 -5.673296e-01 -7.931659e-01
      outer loop
         vertex 4.488645e+01 1.579871e+01 2.229168e+01
         vertex 4.441322e+01 2.074970e+01 1.888248e+01
         vertex 4.500911e+01 2.059872e+01 1.882413e+01
      endloop
   endfacet
   facet normal -2.462366e-01 -5.685341e-01 -7.849436e-01
      outer loop
         vertex 4.621600e+01 2.027106e+01 1.869732e+01
         vertex 4.677354e+01 1.554293e+01 2.194700e+01
         vertex 4.610060e+01 2.030362e+01 1.870993e+01
      endloop
   endfacet
   facet normal -2.336232e-01 -5.690925e-01 -7.883869e-01
      outer loop
         vertex 4.610060e+01 2.030362e+01 1.870993e+01
         vertex 4.677354e+01 1.554293e+01 2.194700e+01
         vertex 4.629889e+01 1.561085e+01 2.203862e+01
      endloop
   endfacet
   facet normal -2.411641e-01 -5.682370e-01 -7.867316e-01
      outer loop
         vertex 4.610060e+01 2.030362e+01 1.870993e+01
         vertex 4.629889e+01 1.561085e+01 2.203862e+01
         vertex 4.561001e+01 2.043917e+01 1.876241e+01
      endloop
   endfacet
   facet normal -2.257407e-01 -5.688392e-01 -7.908622e-01
      outer loop
         vertex 4.561001e+01 2.043917e+01 1.876241e+01
         vertex 4.629889e+01 1.561085e+01 2.203862e+01
         vertex 4.582616e+01 1.567612e+01 2.212661e+01
      endloop
   endfacet
   facet normal -2.319464e-01 -5.681843e-01 -7.895362e-01
      outer loop
         vertex 4.561001e+01 2.043917e+01 1.876241e+01
         vertex 4.582616e+01 1.567612e+01 2.212661e+01
         vertex 4.500911e+01 2.059872e+01 1.882413e+01
      endloop
   endfacet
   facet normal -2.177481e-01 -5.684201e-01 -7.934005e-01
      outer loop
         vertex 4.500911e+01 2.059872e+01 1.882413e+01
         vertex 4.582616e+01 1.567612e+01 2.212661e+01
         vertex 4.535535e+01 1.573874e+01 2.221096e+01
      endloop
   endfacet
   facet normal -2.096569e-01 -5.690476e-01 -7.951282e-01
      outer loop
         vertex 4.500911e+01 2.059872e+01 1.882413e+01
         vertex 4.535535e+01 1.573874e+01 2.221096e+01
         vertex 4.488645e+01 1.579871e+01 2.229168e+01
      endloop
   endfacet
   facet normal -2.096503e-01 -5.676349e-01 -7.961390e-01
      outer loop
         vertex 4.488645e+01 1.579871e+01 2.229168e+01
         vertex 4.535535e+01 1.573874e+01 2.221096e+01
         vertex 4.526846e+01 1.108704e+01 2.555044e+01
      endloop
   endfacet
   facet normal -1.902514e-01 -5.688333e-01 -8.001457e-01
      outer loop
         vertex 4.488645e+01 1.579871e+01 2.229168e+01
         vertex 4.526846e+01 1.108704e+01 2.555044e+01
         vertex 4.473092e+01 1.106843e+01 2.569147e+01
      endloop
   endfacet
   facet normal -2.621339e-01 -5.707569e-01 -7.781531e-01
      outer loop
         vertex 4.917548e+01 1.516363e+01 2.143418e+01
         vertex 4.964555e+01 1.125882e+01 2.413992e+01
         vertex 4.907432e+01 1.123489e+01 2.434989e+01
      endloop
   endfacet
   facet normal -2.710339e-01 -5.707533e-01 -7.751008e-01
      outer loop
         vertex 4.964555e+01 1.125882e+01 2.413992e+01
         vertex 4.966161e+01 1.507983e+01 2.132066e+01
         vertex 5.021876e+01 1.128309e+01 2.392161e+01
      endloop
   endfacet
   facet normal -2.859106e-01 -5.697641e-01 -7.704700e-01
      outer loop
         vertex 5.021876e+01 1.128309e+01 2.392161e+01
         vertex 4.966161e+01 1.507983e+01 2.132066e+01
         vertex 5.014965e+01 1.499338e+01 2.120348e+01
      endloop
   endfacet
   facet normal -2.798233e-01 -5.707515e-01 -7.719726e-01
      outer loop
         vertex 5.021876e+01 1.128309e+01 2.392161e+01
         vertex 5.014965e+01 1.499338e+01 2.120348e+01
         vertex 5.079405e+01 1.130763e+01 2.369493e+01
      endloop
   endfacet
   facet normal -2.929725e-01 -5.700799e-01 -7.675780e-01
      outer loop
         vertex 5.079405e+01 1.130763e+01 2.369493e+01
         vertex 5.014965e+01 1.499338e+01 2.120348e+01
         vertex 5.063960e+01 1.490429e+01 2.108265e+01
      endloop
   endfacet
   facet normal -2.885031e-01 -5.707533e-01 -7.687695e-01
      outer loop
         vertex 5.079405e+01 1.130763e+01 2.369493e+01
         vertex 5.063960e+01 1.490429e+01 2.108265e+01
         vertex 5.137153e+01 1.133239e+01 2.345984e+01
      endloop
   endfacet
   facet normal -2.999351e-01 -5.703674e-01 -7.646698e-01
      outer loop
         vertex 5.137153e+01 1.133239e+01 2.345984e+01
         vertex 5.063960e+01 1.490429e+01 2.108265e+01
         vertex 5.113146e+01 1.481255e+01 2.095815e+01
      endloop
   endfacet
   facet normal -2.970693e-01 -5.707620e-01 -7.654937e-01
      outer loop
         vertex 5.137153e+01 1.133239e+01 2.345984e+01
         vertex 5.113146e+01 1.481255e+01 2.095815e+01
         vertex 5.195128e+01 1.135727e+01 2.321629e+01
      endloop
   endfacet
   facet normal -3.067945e-01 -5.706239e-01 -7.617516e-01
      outer loop
         vertex 5.195128e+01 1.135727e+01 2.321629e+01
         vertex 5.113146e+01 1.481255e+01 2.095815e+01
         vertex 5.162523e+01 1.471816e+01 2.082999e+01
      endloop
   endfacet
   facet normal -3.044226e-01 -5.709145e-01 -7.624851e-01
      outer loop
         vertex 5.195128e+01 1.135727e+01 2.321629e+01
         vertex 5.162523e+01 1.471816e+01 2.082999e+01
         vertex 5.238708e+01 1.137595e+01 2.302831e+01
      endloop
   endfacet
   facet normal -4.196657e-01 -5.708581e-01 -7.056924e-01
      outer loop
         vertex 6.169786e+01 1.170401e+01 1.808127e+01
         vertex 6.102764e+01 1.168871e+01 1.849221e+01
         vertex 6.083838e+01 1.256665e+01 1.789457e+01
      endloop
   endfacet
   facet normal -4.122320e-01 -5.717437e-01 -7.093475e-01
      outer loop
         vertex 6.083838e+01 1.256665e+01 1.789457e+01
         vertex 6.102764e+01 1.168871e+01 1.849221e+01
         vertex 6.038485e+01 1.167235e+01 1.887896e+01
      endloop
   endfacet
   facet normal -4.145332e-01 -5.703423e-01 -7.091346e-01
      outer loop
         vertex 6.083838e+01 1.256665e+01 1.789457e+01
         vertex 6.038485e+01 1.167235e+01 1.887896e+01
         vertex 6.031042e+01 1.270868e+01 1.808896e+01
      endloop
   endfacet
   facet normal -4.085642e-01 -5.717111e-01 -7.114926e-01
      outer loop
         vertex 6.031042e+01 1.270868e+01 1.808896e+01
         vertex 6.038485e+01 1.167235e+01 1.887896e+01
         vertex 6.036080e+01 1.167170e+01 1.889328e+01
      endloop
   endfacet
   facet normal -4.092566e-01 -5.715417e-01 -7.112308e-01
      outer loop
         vertex 6.031042e+01 1.270868e+01 1.808896e+01
         vertex 6.036080e+01 1.167170e+01 1.889328e+01
         vertex 5.978436e+01 1.284806e+01 1.827967e+01
      endloop
   endfacet
   facet normal -4.050291e-01 -5.709692e-01 -7.141047e-01
      outer loop
         vertex 5.978436e+01 1.284806e+01 1.827967e+01
         vertex 6.036080e+01 1.167170e+01 1.889328e+01
         vertex 5.969727e+01 1.165313e+01 1.928448e+01
      endloop
   endfacet
   facet normal -4.039276e-01 -5.713309e-01 -7.144393e-01
      outer loop
         vertex 5.978436e+01 1.284806e+01 1.827967e+01
         vertex 5.969727e+01 1.165313e+01 1.928448e+01
         vertex 5.926018e+01 1.298479e+01 1.846668e+01
      endloop
   endfacet
   facet normal -3.973739e-01 -5.713981e-01 -7.180516e-01
      outer loop
         vertex 5.926018e+01 1.298479e+01 1.846668e+01
         vertex 5.969727e+01 1.165313e+01 1.928448e+01
         vertex 5.903699e+01 1.163314e+01 1.966579e+01
      endloop
   endfacet
   facet normal -3.985214e-01 -5.709563e-01 -7.177671e-01
      outer loop
         vertex 5.926018e+01 1.298479e+01 1.846668e+01
         vertex 5.903699e+01 1.163314e+01 1.966579e+01
         vertex 5.873789e+01 1.311888e+01 1.865001e+01
      endloop
   endfacet
   facet normal -3.895329e-01 -5.719638e-01 -7.218875e-01
      outer loop
         vertex 5.873789e+01 1.311888e+01 1.865001e+01
         vertex 5.903699e+01 1.163314e+01 1.966579e+01
         vertex 5.837987e+01 1.161187e+01 2.003723e+01
      endloop
   endfacet
   facet normal -3.930350e-01 -5.704713e-01 -7.211699e-01
      outer loop
         vertex 5.873789e+01 1.311888e+01 1.865001e+01
         vertex 5.837987e+01 1.161187e+01 2.003723e+01
         vertex 5.821750e+01 1.325032e+01 1.882965e+01
      endloop
   endfacet
   facet normal -3.815286e-01 -5.726200e-01 -7.256323e-01
      outer loop
         vertex 5.821750e+01 1.325032e+01 1.882965e+01
         vertex 5.837987e+01 1.161187e+01 2.003723e+01
         vertex 5.772583e+01 1.158947e+01 2.039879e+01
      endloop
   endfacet
   facet normal -3.874619e-01 -5.699090e-01 -7.246220e-01
      outer loop
         vertex 5.821750e+01 1.325032e+01 1.882965e+01
         vertex 5.772583e+01 1.158947e+01 2.039879e+01
         vertex 5.769900e+01 1.337911e+01 1.900560e+01
      endloop
   endfacet
   facet normal -3.766671e-01 -5.725502e-01 -7.282226e-01
      outer loop
         vertex 5.769900e+01 1.337911e+01 1.900560e+01
         vertex 5.772583e+01 1.158947e+01 2.039879e+01
         vertex 5.756800e+01 1.158389e+01 2.048481e+01
      endloop
   endfacet
   facet normal -3.817792e-01 -5.709911e-01 -7.267832e-01
      outer loop
         vertex 5.769900e+01 1.337911e+01 1.900560e+01
         vertex 5.756800e+01 1.158389e+01 2.048481e+01
         vertex 5.718240e+01 1.350525e+01 1.917786e+01
      endloop
   endfacet
   facet normal -3.745280e-01 -5.717119e-01 -7.299823e-01
      outer loop
         vertex 5.718240e+01 1.350525e+01 1.917786e+01
         vertex 5.756800e+01 1.158389e+01 2.048481e+01
         vertex 5.732549e+01 1.157520e+01 2.061604e+01
      endloop
   endfacet
   facet normal -3.760241e-01 -5.714200e-01 -7.294417e-01
      outer loop
         vertex 5.718240e+01 1.350525e+01 1.917786e+01
         vertex 5.732549e+01 1.157520e+01 2.061604e+01
         vertex 5.666770e+01 1.362875e+01 1.934645e+01
      endloop
   endfacet
   facet normal -3.692839e-01 -5.713962e-01 -7.328954e-01
      outer loop
         vertex 5.666770e+01 1.362875e+01 1.934645e+01
         vertex 5.732549e+01 1.157520e+01 2.061604e+01
         vertex 5.669840e+01 1.155209e+01 2.095003e+01
      endloop
   endfacet
   facet normal -3.701867e-01 -5.711850e-01 -7.326046e-01
      outer loop
         vertex 5.666770e+01 1.362875e+01 1.934645e+01
         vertex 5.669840e+01 1.155209e+01 2.095003e+01
         vertex 5.615489e+01 1.374960e+01 1.951135e+01
      endloop
   endfacet
   facet normal -3.613549e-01 -5.716452e-01 -7.366440e-01
      outer loop
         vertex 5.615489e+01 1.374960e+01 1.951135e+01
         vertex 5.669840e+01 1.155209e+01 2.095003e+01
         vertex 5.607429e+01 1.152824e+01 2.127469e+01
      endloop
   endfacet
   facet normal -3.642668e-01 -5.708749e-01 -7.358067e-01
      outer loop
         vertex 5.615489e+01 1.374960e+01 1.951135e+01
         vertex 5.607429e+01 1.152824e+01 2.127469e+01
         vertex 5.564399e+01 1.386780e+01 1.967257e+01
      endloop
   endfacet
   facet normal -3.532869e-01 -5.719438e-01 -7.403166e-01
      outer loop
         vertex 5.564399e+01 1.386780e+01 1.967257e+01
         vertex 5.607429e+01 1.152824e+01 2.127469e+01
         vertex 5.545308e+01 1.150378e+01 2.159004e+01
      endloop
   endfacet
   facet normal -3.582528e-01 -5.705060e-01 -7.390384e-01
      outer loop
         vertex 5.564399e+01 1.386780e+01 1.967257e+01
         vertex 5.545308e+01 1.150378e+01 2.159004e+01
         vertex 5.513498e+01 1.398336e+01 1.983011e+01
      endloop
   endfacet
   facet normal -3.450828e-01 -5.722798e-01 -7.439178e-01
      outer loop
         vertex 5.513498e+01 1.398336e+01 1.983011e+01
         vertex 5.545308e+01 1.150378e+01 2.159004e+01
         vertex 5.483467e+01 1.147882e+01 2.189610e+01
      endloop
   endfacet
   facet normal -3.521521e-01 -5.700868e-01 -7.422869e-01
      outer loop
         vertex 5.513498e+01 1.398336e+01 1.983011e+01
         vertex 5.483467e+01 1.147882e+01 2.189610e+01
         vertex 5.462788e+01 1.409627e+01 1.998397e+01
      endloop
   endfacet
   facet normal -3.382953e-01 -5.723929e-01 -7.469422e-01
      outer loop
         vertex 5.462788e+01 1.409627e+01 1.998397e+01
         vertex 5.483467e+01 1.147882e+01 2.189610e+01
         vertex 5.443692e+01 1.146248e+01 2.208877e+01
      endloop
   endfacet
   facet normal -3.459530e-01 -5.703075e-01 -7.450274e-01
      outer loop
         vertex 5.462788e+01 1.409627e+01 1.998397e+01
         vertex 5.443692e+01 1.146248e+01 2.208877e+01
         vertex 5.412267e+01 1.420653e+01 2.013415e+01
      endloop
   endfacet
   facet normal -3.343207e-01 -5.718875e-01 -7.491157e-01
      outer loop
         vertex 5.412267e+01 1.420653e+01 2.013415e+01
         vertex 5.443692e+01 1.146248e+01 2.208877e+01
         vertex 5.421896e+01 1.145345e+01 2.219293e+01
      endloop
   endfacet
   facet normal -3.396581e-01 -5.708622e-01 -7.474950e-01
      outer loop
         vertex 5.412267e+01 1.420653e+01 2.013415e+01
         vertex 5.421896e+01 1.145345e+01 2.219293e+01
         vertex 5.361937e+01 1.431415e+01 2.028066e+01
      endloop
   endfacet
   facet normal -3.287917e-01 -5.714988e-01 -7.518545e-01
      outer loop
         vertex 5.361937e+01 1.431415e+01 2.028066e+01
         vertex 5.421896e+01 1.145345e+01 2.219293e+01
         vertex 5.360586e+01 1.142779e+01 2.248055e+01
      endloop
   endfacet
   facet normal -3.332795e-01 -5.705311e-01 -7.506124e-01
      outer loop
         vertex 5.361937e+01 1.431415e+01 2.028066e+01
         vertex 5.360586e+01 1.142779e+01 2.248055e+01
         vertex 5.311798e+01 1.441912e+01 2.042350e+01
      endloop
   endfacet
   facet normal -3.202600e-01 -5.716890e-01 -7.553842e-01
      outer loop
         vertex 5.311798e+01 1.441912e+01 2.042350e+01
         vertex 5.360586e+01 1.142779e+01 2.248055e+01
         vertex 5.299527e+01 1.140192e+01 2.275900e+01
      endloop
   endfacet
   facet normal -3.268040e-01 -5.701514e-01 -7.537416e-01
      outer loop
         vertex 5.311798e+01 1.441912e+01 2.042350e+01
         vertex 5.299527e+01 1.140192e+01 2.275900e+01
         vertex 5.261849e+01 1.452145e+01 2.056267e+01
      endloop
   endfacet
   facet normal -3.116019e-01 -5.719021e-01 -7.588361e-01
      outer loop
         vertex 5.261849e+01 1.452145e+01 2.056267e+01
         vertex 5.299527e+01 1.140192e+01 2.275900e+01
         vertex 5.238708e+01 1.137595e+01 2.302831e+01
      endloop
   endfacet
   facet normal -3.202336e-01 -5.697294e-01 -7.568744e-01
      outer loop
         vertex 5.261849e+01 1.452145e+01 2.056267e+01
         vertex 5.238708e+01 1.137595e+01 2.302831e+01
         vertex 5.212090e+01 1.462113e+01 2.069816e+01
      endloop
   endfacet
   facet normal -3.135618e-01 -5.706746e-01 -7.589529e-01
      outer loop
         vertex 5.212090e+01 1.462113e+01 2.069816e+01
         vertex 5.238708e+01 1.137595e+01 2.302831e+01
         vertex 5.162523e+01 1.471816e+01 2.082999e+01
      endloop
   endfacet
   facet normal -3.135561e-01 -5.720612e-01 -7.579107e-01
      outer loop
         vertex 5.212090e+01 1.462113e+01 2.069816e+01
         vertex 5.162523e+01 1.471816e+01 2.082999e+01
         vertex 5.192534e+01 1.836243e+01 1.795518e+01
      endloop
   endfacet
   facet normal -4.252073e-01 -5.711377e-01 -7.021399e-01
      outer loop
         vertex 6.209434e+01 1.171215e+01 1.783454e+01
         vertex 6.169786e+01 1.170401e+01 1.808127e+01
         vertex 6.189996e+01 1.227465e+01 1.749470e+01
      endloop
   endfacet
   facet normal -4.222046e-01 -5.727301e-01 -7.026546e-01
      outer loop
         vertex 6.189996e+01 1.227465e+01 1.749470e+01
         vertex 6.169786e+01 1.170401e+01 1.808127e+01
         vertex 6.083838e+01 1.256665e+01 1.789457e+01
      endloop
   endfacet
   facet normal -4.222315e-01 -5.716829e-01 -7.034907e-01
      outer loop
         vertex 6.189996e+01 1.227465e+01 1.749470e+01
         vertex 6.083838e+01 1.256665e+01 1.789457e+01
         vertex 6.150952e+01 1.406588e+01 1.627342e+01
      endloop
   endfacet
   facet normal -4.277789e-01 -5.684277e-01 -7.027768e-01
      outer loop
         vertex 6.150952e+01 1.406588e+01 1.627342e+01
         vertex 6.083838e+01 1.256665e+01 1.789457e+01
         vertex 6.120937e+01 1.421797e+01 1.633311e+01
      endloop
   endfacet
   facet normal -4.309094e-01 -5.710473e-01 -6.987289e-01
      outer loop
         vertex 6.209434e+01 1.171215e+01 1.783454e+01
         vertex 6.189996e+01 1.227465e+01 1.749470e+01
         vertex 6.278897e+01 1.172471e+01 1.739589e+01
      endloop
   endfacet
   facet normal -4.322058e-01 -5.736748e-01 -6.957696e-01
      outer loop
         vertex 6.278897e+01 1.172471e+01 1.739589e+01
         vertex 6.189996e+01 1.227465e+01 1.749470e+01
         vertex 6.296909e+01 1.197206e+01 1.708006e+01
      endloop
   endfacet
   facet normal -4.353216e-01 -5.713590e-01 -6.957327e-01
      outer loop
         vertex 6.278897e+01 1.172471e+01 1.739589e+01
         vertex 6.296909e+01 1.197206e+01 1.708006e+01
         vertex 6.298248e+01 1.172781e+01 1.727228e+01
      endloop
   endfacet
   facet normal -4.411634e-01 -5.702696e-01 -6.929412e-01
      outer loop
         vertex 6.284133e+01 1.337883e+01 1.600368e+01
         vertex 6.383802e+01 1.173928e+01 1.671843e+01
         vertex 6.296909e+01 1.197206e+01 1.708006e+01
      endloop
   endfacet
   facet normal -4.407247e-01 -5.773760e-01 -6.873127e-01
      outer loop
         vertex 6.296909e+01 1.197206e+01 1.708006e+01
         vertex 6.383802e+01 1.173928e+01 1.671843e+01
         vertex 6.348692e+01 1.173502e+01 1.694714e+01
      endloop
   endfacet
   facet normal -4.392400e-01 -5.703109e-01 -6.941280e-01
      outer loop
         vertex 6.296909e+01 1.197206e+01 1.708006e+01
         vertex 6.348692e+01 1.173502e+01 1.694714e+01
         vertex 6.298248e+01 1.172781e+01 1.727228e+01
      endloop
   endfacet
   facet normal -2.566499e-01 -5.691605e-01 -7.811448e-01
      outer loop
         vertex 4.772857e+01 1.539916e+01 2.175281e+01
         vertex 4.739847e+01 1.776054e+01 2.014071e+01
         vertex 4.820896e+01 1.532329e+01 2.165025e+01
      endloop
   endfacet
   facet normal -2.645591e-01 -5.698439e-01 -7.780016e-01
      outer loop
         vertex 4.820896e+01 1.532329e+01 2.165025e+01
         vertex 4.739847e+01 1.776054e+01 2.014071e+01
         vertex 4.835473e+01 1.753968e+01 1.997730e+01
      endloop
   endfacet
   facet normal -2.641204e-01 -5.699349e-01 -7.780839e-01
      outer loop
         vertex 4.820896e+01 1.532329e+01 2.165025e+01
         vertex 4.835473e+01 1.753968e+01 1.997730e+01
         vertex 4.869126e+01 1.524479e+01 2.154404e+01
      endloop
   endfacet
   facet normal -2.787480e-01 -5.694229e-01 -7.733416e-01
      outer loop
         vertex 4.964555e+01 1.125882e+01 2.413992e+01
         vertex 4.917548e+01 1.516363e+01 2.143418e+01
         vertex 4.966161e+01 1.507983e+01 2.132066e+01
      endloop
   endfacet
   facet normal -2.787481e-01 -5.702661e-01 -7.727199e-01
      outer loop
         vertex 4.966161e+01 1.507983e+01 2.132066e+01
         vertex 4.917548e+01 1.516363e+01 2.143418e+01
         vertex 4.932089e+01 1.730365e+01 1.980239e+01
      endloop
   endfacet
   facet normal -2.859106e-01 -5.698061e-01 -7.704389e-01
      outer loop
         vertex 4.966161e+01 1.507983e+01 2.132066e+01
         vertex 4.932089e+01 1.730365e+01 1.980239e+01
         vertex 5.014965e+01 1.499338e+01 2.120348e+01
      endloop
   endfacet
   facet normal -2.933677e-01 -5.704761e-01 -7.671326e-01
      outer loop
         vertex 5.014965e+01 1.499338e+01 2.120348e+01
         vertex 4.932089e+01 1.730365e+01 1.980239e+01
         vertex 4.996164e+01 1.908144e+01 1.823531e+01
      endloop
   endfacet
   facet normal -2.929719e-01 -5.705356e-01 -7.672396e-01
      outer loop
         vertex 5.014965e+01 1.499338e+01 2.120348e+01
         vertex 4.996164e+01 1.908144e+01 1.823531e+01
         vertex 5.063960e+01 1.490429e+01 2.108265e+01
      endloop
   endfacet
   facet normal -3.056401e-01 -5.696588e-01 -7.629371e-01
      outer loop
         vertex 5.063960e+01 1.490429e+01 2.108265e+01
         vertex 4.996164e+01 1.908144e+01 1.823531e+01
         vertex 5.025520e+01 1.897791e+01 1.819501e+01
      endloop
   endfacet
   facet normal -2.999352e-01 -5.703552e-01 -7.646789e-01
      outer loop
         vertex 5.063960e+01 1.490429e+01 2.108265e+01
         vertex 5.025520e+01 1.897791e+01 1.819501e+01
         vertex 5.113146e+01 1.481255e+01 2.095815e+01
      endloop
   endfacet
   facet normal -3.124002e-01 -5.698882e-01 -7.600220e-01
      outer loop
         vertex 5.113146e+01 1.481255e+01 2.095815e+01
         vertex 5.025520e+01 1.897791e+01 1.819501e+01
         vertex 5.095505e+01 1.872541e+01 1.809667e+01
      endloop
   endfacet
   facet normal -3.067940e-01 -5.708026e-01 -7.616179e-01
      outer loop
         vertex 5.113146e+01 1.481255e+01 2.095815e+01
         vertex 5.095505e+01 1.872541e+01 1.809667e+01
         vertex 5.162523e+01 1.471816e+01 2.082999e+01
      endloop
   endfacet
   facet normal -3.215949e-01 -5.696760e-01 -7.563372e-01
      outer loop
         vertex 5.162523e+01 1.471816e+01 2.082999e+01
         vertex 5.095505e+01 1.872541e+01 1.809667e+01
         vertex 5.166041e+01 1.846300e+01 1.799440e+01
      endloop
   endfacet
   facet normal -3.275111e-01 -5.684151e-01 -7.547455e-01
      outer loop
         vertex 5.162523e+01 1.471816e+01 2.082999e+01
         vertex 5.166041e+01 1.846300e+01 1.799440e+01
         vertex 5.192534e+01 1.836243e+01 1.795518e+01
      endloop
   endfacet
   facet normal -2.791575e-01 -5.700873e-01 -7.727040e-01
      outer loop
         vertex 4.895612e+01 1.942512e+01 1.836900e+01
         vertex 4.932089e+01 1.730365e+01 1.980239e+01
         vertex 4.835473e+01 1.753968e+01 1.997730e+01
      endloop
   endfacet
   facet normal -2.791665e-01 -5.701742e-01 -7.726367e-01
      outer loop
         vertex 4.835473e+01 1.753968e+01 1.997730e+01
         vertex 4.932089e+01 1.730365e+01 1.980239e+01
         vertex 4.917548e+01 1.516363e+01 2.143418e+01
      endloop
   endfacet
   facet normal -2.714838e-01 -5.694998e-01 -7.758650e-01
      outer loop
         vertex 4.835473e+01 1.753968e+01 1.997730e+01
         vertex 4.917548e+01 1.516363e+01 2.143418e+01
         vertex 4.869126e+01 1.524479e+01 2.154404e+01
      endloop
   endfacet
   facet normal -2.714833e-01 -5.690585e-01 -7.761889e-01
      outer loop
         vertex 4.869126e+01 1.524479e+01 2.154404e+01
         vertex 4.917548e+01 1.516363e+01 2.143418e+01
         vertex 4.907432e+01 1.123489e+01 2.434989e+01
      endloop
   endfacet
   facet normal -2.641202e-01 -5.697671e-01 -7.782069e-01
      outer loop
         vertex 4.869126e+01 1.524479e+01 2.154404e+01
         vertex 4.907432e+01 1.123489e+01 2.434989e+01
         vertex 4.820896e+01 1.532329e+01 2.165025e+01
      endloop
   endfacet
   facet normal -2.533787e-01 -5.698207e-01 -7.817312e-01
      outer loop
         vertex 4.820896e+01 1.532329e+01 2.165025e+01
         vertex 4.907432e+01 1.123489e+01 2.434989e+01
         vertex 4.850499e+01 1.121137e+01 2.455158e+01
      endloop
   endfacet
   facet normal -2.566506e-01 -5.694787e-01 -7.809126e-01
      outer loop
         vertex 4.820896e+01 1.532329e+01 2.165025e+01
         vertex 4.850499e+01 1.121137e+01 2.455158e+01
         vertex 4.772857e+01 1.539916e+01 2.175281e+01
      endloop
   endfacet
   facet normal -2.442842e-01 -5.697153e-01 -7.846972e-01
      outer loop
         vertex 4.772857e+01 1.539916e+01 2.175281e+01
         vertex 4.850499e+01 1.121137e+01 2.455158e+01
         vertex 4.793746e+01 1.118831e+01 2.474500e+01
      endloop
   endfacet
   facet normal -2.490803e-01 -5.691650e-01 -7.835880e-01
      outer loop
         vertex 4.772857e+01 1.539916e+01 2.175281e+01
         vertex 4.793746e+01 1.118831e+01 2.474500e+01
         vertex 4.725010e+01 1.547237e+01 2.185173e+01
      endloop
   endfacet
   facet normal -2.350808e-01 -5.696130e-01 -7.875773e-01
      outer loop
         vertex 4.725010e+01 1.547237e+01 2.185173e+01
         vertex 4.793746e+01 1.118831e+01 2.474500e+01
         vertex 4.737162e+01 1.116577e+01 2.493019e+01
      endloop
   endfacet
   facet normal -2.414024e-01 -5.688288e-01 -7.862307e-01
      outer loop
         vertex 4.725010e+01 1.547237e+01 2.185173e+01
         vertex 4.737162e+01 1.116577e+01 2.493019e+01
         vertex 4.677354e+01 1.554293e+01 2.194700e+01
      endloop
   endfacet
   facet normal -2.257674e-01 -5.695132e-01 -7.903694e-01
      outer loop
         vertex 4.677354e+01 1.554293e+01 2.194700e+01
         vertex 4.737162e+01 1.116577e+01 2.493019e+01
         vertex 4.680738e+01 1.114382e+01 2.510718e+01
      endloop
   endfacet
   facet normal -2.336210e-01 -5.684716e-01 -7.888354e-01
      outer loop
         vertex 4.677354e+01 1.554293e+01 2.194700e+01
         vertex 4.680738e+01 1.114382e+01 2.510718e+01
         vertex 4.629889e+01 1.561085e+01 2.203862e+01
      endloop
   endfacet
   facet normal -2.172316e-01 -5.693708e-01 -7.928602e-01
      outer loop
         vertex 4.629889e+01 1.561085e+01 2.203862e+01
         vertex 4.680738e+01 1.114382e+01 2.510718e+01
         vertex 4.634817e+01 1.112637e+01 2.524553e+01
      endloop
   endfacet
   facet normal -2.257386e-01 -5.683086e-01 -7.912442e-01
      outer loop
         vertex 4.629889e+01 1.561085e+01 2.203862e+01
         vertex 4.634817e+01 1.112637e+01 2.524553e+01
         vertex 4.582616e+01 1.567612e+01 2.212661e+01
      endloop
   endfacet
   facet normal -2.122546e-01 -5.689831e-01 -7.944849e-01
      outer loop
         vertex 4.582616e+01 1.567612e+01 2.212661e+01
         vertex 4.634817e+01 1.112637e+01 2.524553e+01
         vertex 4.620867e+01 1.112115e+01 2.528653e+01
      endloop
   endfacet
   facet normal -2.177489e-01 -5.686017e-01 -7.932701e-01
      outer loop
         vertex 4.582616e+01 1.567612e+01 2.212661e+01
         vertex 4.620867e+01 1.112115e+01 2.528653e+01
         vertex 4.535535e+01 1.573874e+01 2.221096e+01
      endloop
   endfacet
   facet normal -2.077507e-01 -5.685579e-01 -7.959784e-01
      outer loop
         vertex 4.535535e+01 1.573874e+01 2.221096e+01
         vertex 4.620867e+01 1.112115e+01 2.528653e+01
         vertex 4.580752e+01 1.110637e+01 2.540180e+01
      endloop
   endfacet
   facet normal -1.995730e-01 -5.689879e-01 -7.977615e-01
      outer loop
         vertex 4.535535e+01 1.573874e+01 2.221096e+01
         vertex 4.580752e+01 1.110637e+01 2.540180e+01
         vertex 4.526846e+01 1.108704e+01 2.555044e+01
      endloop
   endfacet
   facet normal -4.824203e-01 -8.759399e-01 5.406496e-05
      outer loop
         vertex 6.586895e+01 1.174590e+01 1.449281e+01
         vertex 6.586232e+01 1.174958e+01 1.492901e+01
         vertex 6.502724e+01 1.220946e+01 1.431056e+01
      endloop
   endfacet
   facet normal -4.778195e-01 -8.784216e-01 -8.003649e-03
      outer loop
         vertex 6.502724e+01 1.220946e+01 1.431056e+01
         vertex 6.586232e+01 1.174958e+01 1.492901e+01
         vertex 6.492808e+01 1.226359e+01 1.428928e+01
      endloop
   endfacet
   facet normal -4.717280e-01 -8.817441e-01 -1.210363e-04
      outer loop
         vertex 6.366683e+01 1.294319e+01 1.583255e+01
         vertex 6.377626e+01 1.288489e+01 1.404512e+01
         vertex 6.409407e+01 1.271486e+01 1.411193e+01
      endloop
   endfacet
   facet normal -4.713488e-01 -8.819469e-01 0.000000e+00
      outer loop
         vertex 6.366683e+01 1.294319e+01 1.583255e+01
         vertex 6.409407e+01 1.271486e+01 1.411193e+01
         vertex 6.409407e+01 1.271486e+01 1.574284e+01
      endloop
   endfacet
   facet normal -4.758825e-01 -8.795089e-01 -0.000000e+00
      outer loop
         vertex 6.409407e+01 1.271486e+01 1.574284e+01
         vertex 6.409407e+01 1.271486e+01 1.411193e+01
         vertex 6.492808e+01 1.226359e+01 1.428928e+01
      endloop
   endfacet
   facet normal -4.759299e-01 -8.794832e-01 -3.521973e-05
      outer loop
         vertex 6.409407e+01 1.271486e+01 1.574284e+01
         vertex 6.492808e+01 1.226359e+01 1.428928e+01
         vertex 6.493955e+01 1.225734e+01 1.556303e+01
      endloop
   endfacet
   facet normal -4.820667e-01 -8.761345e-01 3.647186e-05
      outer loop
         vertex 6.493955e+01 1.225734e+01 1.556303e+01
         vertex 6.492808e+01 1.226359e+01 1.428928e+01
         vertex 6.586232e+01 1.174958e+01 1.492901e+01
      endloop
   endfacet
   facet normal -4.820770e-01 -8.761289e-01 1.703212e-05
      outer loop
         vertex 6.493955e+01 1.225734e+01 1.556303e+01
         vertex 6.586232e+01 1.174958e+01 1.492901e+01
         vertex 6.586005e+01 1.175084e+01 1.536390e+01
      endloop
   endfacet
   facet normal -4.688858e-01 -8.832588e-01 1.023800e-04
      outer loop
         vertex 6.377626e+01 1.288489e+01 1.404512e+01
         vertex 6.366683e+01 1.294319e+01 1.583255e+01
         vertex 6.330873e+01 1.313307e+01 1.394762e+01
      endloop
   endfacet
   facet normal -4.667895e-01 -8.843684e-01 -4.076435e-04
      outer loop
         vertex 6.330873e+01 1.313307e+01 1.394762e+01
         vertex 6.366683e+01 1.294319e+01 1.583255e+01
         vertex 6.284133e+01 1.337883e+01 1.600368e+01
      endloop
   endfacet
   facet normal -4.642414e-01 -8.857087e-01 3.318200e-04
      outer loop
         vertex 6.330873e+01 1.313307e+01 1.394762e+01
         vertex 6.284133e+01 1.337883e+01 1.600368e+01
         vertex 6.252485e+01 1.354388e+01 1.378628e+01
      endloop
   endfacet
   facet normal -4.628516e-01 -8.864358e-01 7.934728e-05
      outer loop
         vertex 6.284133e+01 1.337883e+01 1.600368e+01
         vertex 6.264214e+01 1.348284e+01 1.604452e+01
         vertex 6.252485e+01 1.354388e+01 1.378628e+01
      endloop
   endfacet
   facet normal -4.597227e-01 -8.880625e-01 -1.271466e-04
      outer loop
         vertex 6.252485e+01 1.354388e+01 1.378628e+01
         vertex 6.264214e+01 1.348284e+01 1.604452e+01
         vertex 6.202219e+01 1.380375e+01 1.617052e+01
      endloop
   endfacet
   facet normal -4.581963e-01 -8.888510e-01 2.805967e-04
      outer loop
         vertex 6.252485e+01 1.354388e+01 1.378628e+01
         vertex 6.202219e+01 1.380375e+01 1.617052e+01
         vertex 6.174241e+01 1.394717e+01 1.362795e+01
      endloop
   endfacet
   facet normal -4.553108e-01 -8.903326e-01 -1.204977e-04
      outer loop
         vertex 6.174241e+01 1.394717e+01 1.362795e+01
         vertex 6.202219e+01 1.380375e+01 1.617052e+01
         vertex 6.151937e+01 1.406087e+01 1.627146e+01
      endloop
   endfacet
   facet normal -4.541389e-01 -8.909309e-01 4.105806e-06
      outer loop
         vertex 6.174241e+01 1.394717e+01 1.362795e+01
         vertex 6.151937e+01 1.406087e+01 1.627146e+01
         vertex 6.150949e+01 1.406590e+01 1.358134e+01
      endloop
   endfacet
   facet normal -4.532884e-01 -8.913639e-01 1.718231e-07
      outer loop
         vertex 6.150949e+01 1.406590e+01 1.358134e+01
         vertex 6.151937e+01 1.406087e+01 1.627146e+01
         vertex 6.150952e+01 1.406588e+01 1.627342e+01
      endloop
   endfacet
   facet normal -4.509852e-01 -8.925314e-01 1.359697e-07
      outer loop
         vertex 6.150949e+01 1.406590e+01 1.358134e+01
         vertex 6.150952e+01 1.406588e+01 1.627342e+01
         vertex 6.096137e+01 1.434286e+01 1.347266e+01
      endloop
   endfacet
   facet normal -4.519523e-01 -8.920421e-01 2.378060e-04
      outer loop
         vertex 6.096137e+01 1.434286e+01 1.347266e+01
         vertex 6.150952e+01 1.406588e+01 1.627342e+01
         vertex 6.120937e+01 1.421797e+01 1.633311e+01
      endloop
   endfacet
   facet normal -4.463325e-01 -8.948671e-01 -3.727577e-04
      outer loop
         vertex 6.096137e+01 1.434286e+01 1.347266e+01
         vertex 6.120937e+01 1.421797e+01 1.633311e+01
         vertex 6.039474e+01 1.462552e+01 1.336176e+01
      endloop
   endfacet
   facet normal -4.474525e-01 -8.943077e-01 1.101495e-05
      outer loop
         vertex 6.039474e+01 1.462552e+01 1.336176e+01
         vertex 6.120937e+01 1.421797e+01 1.633311e+01
         vertex 6.040281e+01 1.462152e+01 1.649145e+01
      endloop
   endfacet
   facet normal -4.431185e-01 -8.964631e-01 -2.899871e-06
      outer loop
         vertex 6.039474e+01 1.462552e+01 1.336176e+01
         vertex 6.040281e+01 1.462152e+01 1.649145e+01
         vertex 6.018171e+01 1.473082e+01 1.332045e+01
      endloop
   endfacet
   facet normal -4.407085e-01 -8.976502e-01 -2.118451e-04
      outer loop
         vertex 6.018171e+01 1.473082e+01 1.332045e+01
         vertex 6.040281e+01 1.462152e+01 1.649145e+01
         vertex 5.960245e+01 1.501443e+01 1.664554e+01
      endloop
   endfacet
   facet normal -4.397279e-01 -8.981310e-01 0.000000e+00
      outer loop
         vertex 6.018171e+01 1.473082e+01 1.332045e+01
         vertex 5.960245e+01 1.501443e+01 1.664554e+01
         vertex 5.960245e+01 1.501443e+01 1.320923e+01
      endloop
   endfacet
   facet normal -4.359338e-01 -8.999787e-01 0.000000e+00
      outer loop
         vertex 5.960245e+01 1.501443e+01 1.320923e+01
         vertex 5.960245e+01 1.501443e+01 1.664554e+01
         vertex 5.931001e+01 1.515608e+01 1.670108e+01
      endloop
   endfacet
   facet normal -4.358597e-01 -9.000146e-01 7.664539e-06
      outer loop
         vertex 5.960245e+01 1.501443e+01 1.320923e+01
         vertex 5.931001e+01 1.515608e+01 1.670108e+01
         vertex 5.929242e+01 1.516457e+01 1.315037e+01
      endloop
   endfacet
   facet normal -4.346165e-01 -9.006156e-01 6.578926e-08
      outer loop
         vertex 5.931001e+01 1.515608e+01 1.670108e+01
         vertex 5.929240e+01 1.516458e+01 1.670441e+01
         vertex 5.929242e+01 1.516457e+01 1.315037e+01
      endloop
   endfacet
   facet normal -4.333165e-01 -9.012418e-01 7.255297e-08
      outer loop
         vertex 5.929242e+01 1.516457e+01 1.315037e+01
         vertex 5.929240e+01 1.516458e+01 1.670441e+01
         vertex 5.902943e+01 1.529101e+01 1.675397e+01
      endloop
   endfacet
   facet normal -4.329069e-01 -9.014386e-01 3.686563e-05
      outer loop
         vertex 5.929242e+01 1.516457e+01 1.315037e+01
         vertex 5.902943e+01 1.529101e+01 1.675397e+01
         vertex 5.893629e+01 1.533560e+01 1.308332e+01
      endloop
   endfacet
   facet normal -4.287024e-01 -9.034457e-01 -9.420591e-05
      outer loop
         vertex 5.893629e+01 1.533560e+01 1.308332e+01
         vertex 5.902943e+01 1.529101e+01 1.675397e+01
         vertex 5.826590e+01 1.565331e+01 1.689596e+01
      endloop
   endfacet
   facet normal -4.282910e-01 -9.036409e-01 -5.607783e-06
      outer loop
         vertex 5.893629e+01 1.533560e+01 1.308332e+01
         vertex 5.826590e+01 1.565331e+01 1.689596e+01
         vertex 5.827152e+01 1.565067e+01 1.295985e+01
      endloop
   endfacet
   facet normal -4.221308e-01 -9.065349e-01 5.138234e-06
      outer loop
         vertex 5.827152e+01 1.565067e+01 1.295985e+01
         vertex 5.826590e+01 1.565331e+01 1.689596e+01
         vertex 5.760814e+01 1.595958e+01 1.283884e+01
      endloop
   endfacet
   facet normal -4.216468e-01 -9.067601e-01 -9.033250e-05
      outer loop
         vertex 5.760814e+01 1.595958e+01 1.283884e+01
         vertex 5.826590e+01 1.565331e+01 1.689596e+01
         vertex 5.750842e+01 1.600553e+01 1.703393e+01
      endloop
   endfacet
   facet normal -4.166710e-01 -9.090573e-01 5.311190e-05
      outer loop
         vertex 5.760814e+01 1.595958e+01 1.283884e+01
         vertex 5.750842e+01 1.600553e+01 1.703393e+01
         vertex 5.712509e+01 1.618098e+01 1.275214e+01
      endloop
   endfacet
   facet normal -4.047949e-01 -9.144075e-01 -1.698862e-05
      outer loop
         vertex 5.606013e+01 1.665835e+01 1.256530e+01
         vertex 5.628548e+01 1.655859e+01 1.260434e+01
         vertex 5.601143e+01 1.667982e+01 1.729787e+01
      endloop
   endfacet
   facet normal -4.092292e-01 -9.124316e-01 -3.269384e-04
      outer loop
         vertex 5.601143e+01 1.667982e+01 1.729787e+01
         vertex 5.628548e+01 1.655859e+01 1.260434e+01
         vertex 5.694613e+01 1.626224e+01 1.272033e+01
      endloop
   endfacet
   facet normal -4.069086e-01 -9.134688e-01 2.415296e-04
      outer loop
         vertex 5.601143e+01 1.667982e+01 1.729787e+01
         vertex 5.694613e+01 1.626224e+01 1.272033e+01
         vertex 5.675695e+01 1.634769e+01 1.716790e+01
      endloop
   endfacet
   facet normal -4.134314e-01 -9.105353e-01 -9.229043e-05
      outer loop
         vertex 5.675695e+01 1.634769e+01 1.716790e+01
         vertex 5.694613e+01 1.626224e+01 1.272033e+01
         vertex 5.712509e+01 1.618098e+01 1.275214e+01
      endloop
   endfacet
   facet normal -4.126344e-01 -9.108967e-01 -1.219601e-05
      outer loop
         vertex 5.675695e+01 1.634769e+01 1.716790e+01
         vertex 5.712509e+01 1.618098e+01 1.275214e+01
         vertex 5.714970e+01 1.616977e+01 1.709824e+01
      endloop
   endfacet
   facet normal -4.162994e-01 -9.092276e-01 1.286014e-05
      outer loop
         vertex 5.714970e+01 1.616977e+01 1.709824e+01
         vertex 5.712509e+01 1.618098e+01 1.275214e+01
         vertex 5.750842e+01 1.600553e+01 1.703393e+01
      endloop
   endfacet
   facet normal -4.014067e-01 -9.158999e-01 2.464848e-05
      outer loop
         vertex 5.606013e+01 1.665835e+01 1.256530e+01
         vertex 5.601143e+01 1.667982e+01 1.729787e+01
         vertex 5.562617e+01 1.684853e+01 1.249090e+01
      endloop
   endfacet
   facet normal -3.993210e-01 -9.168112e-01 -1.745037e-04
      outer loop
         vertex 5.562617e+01 1.684853e+01 1.249090e+01
         vertex 5.601143e+01 1.667982e+01 1.729787e+01
         vertex 5.527182e+01 1.700193e+01 1.742386e+01
      endloop
   endfacet
   facet normal -3.956768e-01 -9.183898e-01 1.363578e-04
      outer loop
         vertex 5.562617e+01 1.684853e+01 1.249090e+01
         vertex 5.527182e+01 1.700193e+01 1.742386e+01
         vertex 5.496818e+01 1.713200e+01 1.238005e+01
      endloop
   endfacet
   facet normal -3.941373e-01 -9.190516e-01 2.661232e-05
      outer loop
         vertex 5.527182e+01 1.700193e+01 1.742386e+01
         vertex 5.503821e+01 1.710212e+01 1.746304e+01
         vertex 5.496818e+01 1.713200e+01 1.238005e+01
      endloop
   endfacet
   facet normal -3.901734e-01 -9.207414e-01 -3.793005e-05
      outer loop
         vertex 5.496818e+01 1.713200e+01 1.238005e+01
         vertex 5.503821e+01 1.710212e+01 1.746304e+01
         vertex 5.453806e+01 1.731406e+01 1.754589e+01
      endloop
   endfacet
   facet normal -3.885572e-01 -9.214246e-01 1.207181e-04
      outer loop
         vertex 5.496818e+01 1.713200e+01 1.238005e+01
         vertex 5.453806e+01 1.731406e+01 1.754589e+01
         vertex 5.431150e+01 1.740891e+01 1.227182e+01
      endloop
   endfacet
   facet normal -3.844447e-01 -9.231480e-01 -8.693280e-05
      outer loop
         vertex 5.431150e+01 1.740891e+01 1.227182e+01
         vertex 5.453806e+01 1.731406e+01 1.754589e+01
         vertex 5.400083e+01 1.753778e+01 1.763330e+01
      endloop
   endfacet
   facet normal -3.829794e-01 -9.237569e-01 1.260841e-05
      outer loop
         vertex 5.431150e+01 1.740891e+01 1.227182e+01
         vertex 5.400083e+01 1.753778e+01 1.763330e+01
         vertex 5.396769e+01 1.755145e+01 1.221613e+01
      endloop
   endfacet
   facet normal -3.812155e-01 -9.244862e-01 -2.372446e-08
      outer loop
         vertex 5.396769e+01 1.755145e+01 1.221613e+01
         vertex 5.400083e+01 1.753778e+01 1.763330e+01
         vertex 5.396768e+01 1.755145e+01 1.763864e+01
      endloop
   endfacet
   facet normal -3.792512e-01 -9.252937e-01 -2.216695e-08
      outer loop
         vertex 5.396769e+01 1.755145e+01 1.221613e+01
         vertex 5.396768e+01 1.755145e+01 1.763864e+01
         vertex 5.365610e+01 1.767915e+01 1.216625e+01
      endloop
   endfacet
   facet normal -3.801270e-01 -9.249343e-01 5.822921e-05
      outer loop
         vertex 5.365610e+01 1.767915e+01 1.216625e+01
         vertex 5.396768e+01 1.755145e+01 1.763864e+01
         vertex 5.381009e+01 1.761622e+01 1.766394e+01
      endloop
   endfacet
   facet normal -3.736267e-01 -9.275792e-01 -1.541225e-04
      outer loop
         vertex 5.365610e+01 1.767915e+01 1.216625e+01
         vertex 5.381009e+01 1.761622e+01 1.766394e+01
         vertex 5.300197e+01 1.794265e+01 1.206337e+01
      endloop
   endfacet
   facet normal -3.750378e-01 -9.270095e-01 8.270529e-05
      outer loop
         vertex 5.381009e+01 1.761622e+01 1.766394e+01
         vertex 5.308787e+01 1.790841e+01 1.777804e+01
         vertex 5.300197e+01 1.794265e+01 1.206337e+01
      endloop
   endfacet
   facet normal -3.701400e-01 -9.289760e-01 -2.693761e-06
      outer loop
         vertex 5.300197e+01 1.794265e+01 1.206337e+01
         vertex 5.308787e+01 1.790841e+01 1.777804e+01
         vertex 5.297569e+01 1.795311e+01 1.779549e+01
      endloop
   endfacet
   facet normal -3.694326e-01 -9.292575e-01 1.062762e-06
      outer loop
         vertex 5.300197e+01 1.794265e+01 1.206337e+01
         vertex 5.297569e+01 1.795311e+01 1.779549e+01
         vertex 5.294023e+01 1.796720e+01 1.205378e+01
      endloop
   endfacet
   facet normal -3.692773e-01 -9.293193e-01 -4.835502e-08
      outer loop
         vertex 5.294023e+01 1.796720e+01 1.205378e+01
         vertex 5.297569e+01 1.795311e+01 1.779549e+01
         vertex 5.294023e+01 1.796720e+01 1.780099e+01
      endloop
   endfacet
   facet normal -3.654803e-01 -9.308191e-01 -5.412796e-08
      outer loop
         vertex 5.294023e+01 1.796720e+01 1.205378e+01
         vertex 5.294023e+01 1.796720e+01 1.780099e+01
         vertex 5.234909e+01 1.819931e+01 1.196321e+01
      endloop
   endfacet
   facet normal -3.656144e-01 -9.307664e-01 1.561525e-05
      outer loop
         vertex 5.234909e+01 1.819931e+01 1.196321e+01
         vertex 5.294023e+01 1.796720e+01 1.780099e+01
         vertex 5.237133e+01 1.819067e+01 1.788819e+01
      endloop
   endfacet
   facet normal -3.592401e-01 -9.332452e-01 -1.191985e-05
      outer loop
         vertex 5.234909e+01 1.819931e+01 1.196321e+01
         vertex 5.237133e+01 1.819067e+01 1.788819e+01
         vertex 5.192533e+01 1.836243e+01 1.189959e+01
      endloop
   endfacet
   facet normal -3.596129e-01 -9.331016e-01 1.996135e-05
      outer loop
         vertex 5.192533e+01 1.836243e+01 1.189959e+01
         vertex 5.237133e+01 1.819067e+01 1.788819e+01
         vertex 5.196287e+01 1.834809e+01 1.794959e+01
      endloop
   endfacet
   facet normal -3.486721e-01 -9.372448e-01 3.318896e-05
      outer loop
         vertex 5.095505e+01 1.872541e+01 1.809667e+01
         vertex 5.169743e+01 1.844901e+01 1.186583e+01
         vertex 5.166041e+01 1.846300e+01 1.799440e+01
      endloop
   endfacet
   facet normal -3.551510e-01 -9.348090e-01 -1.150529e-05
      outer loop
         vertex 5.166041e+01 1.846300e+01 1.799440e+01
         vertex 5.169743e+01 1.844901e+01 1.186583e+01
         vertex 5.192533e+01 1.836243e+01 1.189959e+01
      endloop
   endfacet
   facet normal -3.549181e-01 -9.348974e-01 7.455620e-08
      outer loop
         vertex 5.166041e+01 1.846300e+01 1.799440e+01
         vertex 5.192533e+01 1.836243e+01 1.189959e+01
         vertex 5.192534e+01 1.836243e+01 1.795518e+01
      endloop
   endfacet
   facet normal -3.568174e-01 -9.341741e-01 7.583583e-08
      outer loop
         vertex 5.192534e+01 1.836243e+01 1.795518e+01
         vertex 5.192533e+01 1.836243e+01 1.189959e+01
         vertex 5.196287e+01 1.834809e+01 1.794959e+01
      endloop
   endfacet
   facet normal -3.323979e-01 -9.431393e-01 9.913525e-06
      outer loop
         vertex 4.993325e+01 1.909138e+01 1.161560e+01
         vertex 5.025520e+01 1.897791e+01 1.165976e+01
         vertex 4.996164e+01 1.908144e+01 1.823531e+01
      endloop
   endfacet
   facet normal -3.355790e-01 -9.420121e-01 -1.498518e-04
      outer loop
         vertex 4.996164e+01 1.908144e+01 1.823531e+01
         vertex 5.025520e+01 1.897791e+01 1.165976e+01
         vertex 5.039767e+01 1.892715e+01 1.167953e+01
      endloop
   endfacet
   facet normal -3.325863e-01 -9.430728e-01 7.415736e-05
      outer loop
         vertex 4.996164e+01 1.908144e+01 1.823531e+01
         vertex 5.039767e+01 1.892715e+01 1.167953e+01
         vertex 5.025520e+01 1.897791e+01 1.819501e+01
      endloop
   endfacet
   facet normal -3.401051e-01 -9.403874e-01 -1.111715e-04
      outer loop
         vertex 5.025520e+01 1.897791e+01 1.819501e+01
         vertex 5.039767e+01 1.892715e+01 1.167953e+01
         vertex 5.092300e+01 1.873715e+01 1.175353e+01
      endloop
   endfacet
   facet normal -3.393764e-01 -9.406507e-01 -2.577748e-05
      outer loop
         vertex 5.025520e+01 1.897791e+01 1.819501e+01
         vertex 5.092300e+01 1.873715e+01 1.175353e+01
         vertex 5.095505e+01 1.872541e+01 1.809667e+01
      endloop
   endfacet
   facet normal -3.444586e-01 -9.388015e-01 3.328589e-06
      outer loop
         vertex 5.095505e+01 1.872541e+01 1.809667e+01
         vertex 5.092300e+01 1.873715e+01 1.175353e+01
         vertex 5.104696e+01 1.869167e+01 1.177125e+01
      endloop
   endfacet
   facet normal -3.495062e-01 -9.369341e-01 -7.997757e-05
      outer loop
         vertex 5.095505e+01 1.872541e+01 1.809667e+01
         vertex 5.104696e+01 1.869167e+01 1.177125e+01
         vertex 5.169743e+01 1.844901e+01 1.186583e+01
      endloop
   endfacet
   facet normal -3.180007e-01 -9.480905e-01 1.044088e-05
      outer loop
         vertex 4.895611e+01 1.942512e+01 1.148578e+01
         vertex 4.920976e+01 1.934004e+01 1.151886e+01
         vertex 4.899793e+01 1.941117e+01 1.836357e+01
      endloop
   endfacet
   facet normal -3.235890e-01 -9.461977e-01 -1.821761e-04
      outer loop
         vertex 4.899793e+01 1.941117e+01 1.836357e+01
         vertex 4.920976e+01 1.934004e+01 1.151886e+01
         vertex 4.973180e+01 1.916150e+01 1.158831e+01
      endloop
   endfacet
   facet normal -3.190932e-01 -9.477233e-01 3.610103e-04
      outer loop
         vertex 4.899793e+01 1.941117e+01 1.836357e+01
         vertex 4.973180e+01 1.916150e+01 1.158831e+01
         vertex 4.932403e+01 1.930136e+01 1.832087e+01
      endloop
   endfacet
   facet normal -3.287069e-01 -9.444319e-01 -2.896399e-04
      outer loop
         vertex 4.932403e+01 1.930136e+01 1.832087e+01
         vertex 4.973180e+01 1.916150e+01 1.158831e+01
         vertex 4.993325e+01 1.909138e+01 1.161560e+01
      endloop
   endfacet
   facet normal -3.258587e-01 -9.454185e-01 3.225323e-08
      outer loop
         vertex 4.932403e+01 1.930136e+01 1.832087e+01
         vertex 4.993325e+01 1.909138e+01 1.161560e+01
         vertex 4.993324e+01 1.909138e+01 1.823918e+01
      endloop
   endfacet
   facet normal -3.303449e-01 -9.438603e-01 2.654966e-08
      outer loop
         vertex 4.993324e+01 1.909138e+01 1.823918e+01
         vertex 4.993325e+01 1.909138e+01 1.161560e+01
         vertex 4.996164e+01 1.908144e+01 1.823531e+01
      endloop
   endfacet
   facet normal -3.024536e-01 -9.531641e-01 3.778377e-06
      outer loop
         vertex 4.806497e+01 1.971515e+01 1.848169e+01
         vertex 4.803417e+01 1.972492e+01 1.848548e+01
         vertex 4.799161e+01 1.973839e+01 1.136406e+01
      endloop
   endfacet
   facet normal -3.029311e-01 -9.530124e-01 9.195538e-06
      outer loop
         vertex 4.799161e+01 1.973839e+01 1.136406e+01
         vertex 4.816973e+01 1.968178e+01 1.138604e+01
         vertex 4.806497e+01 1.971515e+01 1.848169e+01
      endloop
   endfacet
   facet normal -3.082552e-01 -9.513037e-01 -7.744958e-05
      outer loop
         vertex 4.806497e+01 1.971515e+01 1.848169e+01
         vertex 4.816973e+01 1.968178e+01 1.138604e+01
         vertex 4.868907e+01 1.951349e+01 1.145143e+01
      endloop
   endfacet
   facet normal -3.074863e-01 -9.515525e-01 -2.050663e-06
      outer loop
         vertex 4.806497e+01 1.971515e+01 1.848169e+01
         vertex 4.868907e+01 1.951349e+01 1.145143e+01
         vertex 4.869182e+01 1.951258e+01 1.840299e+01
      endloop
   endfacet
   facet normal -3.141611e-01 -9.493697e-01 8.728101e-07
      outer loop
         vertex 4.869182e+01 1.951258e+01 1.840299e+01
         vertex 4.868907e+01 1.951349e+01 1.145143e+01
         vertex 4.895611e+01 1.942512e+01 1.148578e+01
      endloop
   endfacet
   facet normal -3.141837e-01 -9.493622e-01 -8.686336e-08
      outer loop
         vertex 4.869182e+01 1.951258e+01 1.840299e+01
         vertex 4.895611e+01 1.942512e+01 1.148578e+01
         vertex 4.895612e+01 1.942512e+01 1.836900e+01
      endloop
   endfacet
   facet normal -3.164433e-01 -9.486114e-01 -8.543729e-08
      outer loop
         vertex 4.895612e+01 1.942512e+01 1.836900e+01
         vertex 4.895611e+01 1.942512e+01 1.148578e+01
         vertex 4.899793e+01 1.941117e+01 1.836357e+01
      endloop
   endfacet
   facet normal -3.018980e-01 -9.533402e-01 1.245839e-07
      outer loop
         vertex 4.803417e+01 1.972492e+01 1.848548e+01
         vertex 4.799161e+01 1.973840e+01 1.849072e+01
         vertex 4.799161e+01 1.973839e+01 1.136406e+01
      endloop
   endfacet
   facet normal -2.972588e-01 -9.547969e-01 1.247743e-07
      outer loop
         vertex 4.799161e+01 1.973839e+01 1.136406e+01
         vertex 4.799161e+01 1.973840e+01 1.849072e+01
         vertex 4.744342e+01 1.990907e+01 1.855697e+01
      endloop
   endfacet
   facet normal -2.988876e-01 -9.542883e-01 -1.360758e-04
      outer loop
         vertex 4.799161e+01 1.973839e+01 1.136406e+01
         vertex 4.744342e+01 1.990907e+01 1.855697e+01
         vertex 4.765174e+01 1.984485e+01 1.132273e+01
      endloop
   endfacet
   facet normal -2.896424e-01 -9.571349e-01 1.554179e-04
      outer loop
         vertex 4.765174e+01 1.984485e+01 1.132273e+01
         vertex 4.744342e+01 1.990907e+01 1.855697e+01
         vertex 4.703977e+01 2.003122e+01 1.860435e+01
      endloop
   endfacet
   facet normal -2.920955e-01 -9.563892e-01 -6.983615e-05
      outer loop
         vertex 4.765174e+01 1.984485e+01 1.132273e+01
         vertex 4.703977e+01 2.003122e+01 1.860435e+01
         vertex 4.713507e+01 2.000265e+01 1.126150e+01
      endloop
   endfacet
   facet normal -2.846275e-01 -9.586382e-01 3.584294e-05
      outer loop
         vertex 4.713507e+01 2.000265e+01 1.126150e+01
         vertex 4.703977e+01 2.003122e+01 1.860435e+01
         vertex 4.682711e+01 2.009436e+01 1.862884e+01
      endloop
   endfacet
   facet normal -2.837125e-01 -9.589094e-01 7.746938e-05
      outer loop
         vertex 4.713507e+01 2.000265e+01 1.126150e+01
         vertex 4.682711e+01 2.009436e+01 1.862884e+01
         vertex 4.661975e+01 2.015512e+01 1.120238e+01
      endloop
   endfacet
   facet normal -2.777731e-01 -9.606467e-01 -1.025859e-04
      outer loop
         vertex 4.682711e+01 2.009436e+01 1.862884e+01
         vertex 4.621600e+01 2.027106e+01 1.869732e+01
         vertex 4.661975e+01 2.015512e+01 1.120238e+01
      endloop
   endfacet
   facet normal -2.715623e-01 -9.624208e-01 2.594316e-04
      outer loop
         vertex 4.661975e+01 2.015512e+01 1.120238e+01
         vertex 4.621600e+01 2.027106e+01 1.869732e+01
         vertex 4.610060e+01 2.030362e+01 1.870993e+01
      endloop
   endfacet
   facet normal -2.750751e-01 -9.614227e-01 -3.219209e-06
      outer loop
         vertex 4.661975e+01 2.015512e+01 1.120238e+01
         vertex 4.610060e+01 2.030362e+01 1.870993e+01
         vertex 4.610574e+01 2.030218e+01 1.114540e+01
      endloop
   endfacet
   facet normal -2.663209e-01 -9.638844e-01 3.195935e-06
      outer loop
         vertex 4.610574e+01 2.030218e+01 1.114540e+01
         vertex 4.610060e+01 2.030362e+01 1.870993e+01
         vertex 4.561001e+01 2.043917e+01 1.876241e+01
      endloop
   endfacet
   facet normal -2.662184e-01 -9.639127e-01 1.037627e-05
      outer loop
         vertex 4.610574e+01 2.030218e+01 1.114540e+01
         vertex 4.561001e+01 2.043917e+01 1.876241e+01
         vertex 4.559306e+01 2.044377e+01 1.109058e+01
      endloop
   endfacet
   facet normal -2.583604e-01 -9.660486e-01 -8.269551e-06
      outer loop
         vertex 4.559306e+01 2.044377e+01 1.109058e+01
         vertex 4.561001e+01 2.043917e+01 1.876241e+01
         vertex 4.521938e+01 2.054371e+01 1.105192e+01
      endloop
   endfacet
   facet normal -2.566225e-01 -9.665117e-01 -1.025936e-04
      outer loop
         vertex 4.521938e+01 2.054371e+01 1.105192e+01
         vertex 4.561001e+01 2.043917e+01 1.876241e+01
         vertex 4.500911e+01 2.059872e+01 1.882413e+01
      endloop
   endfacet
   facet normal -2.537369e-01 -9.672733e-01 -1.913184e-05
      outer loop
         vertex 4.521938e+01 2.054371e+01 1.105192e+01
         vertex 4.500911e+01 2.059872e+01 1.882413e+01
         vertex 4.508169e+01 2.057983e+01 1.103795e+01
      endloop
   endfacet
   facet normal -2.343293e-01 -9.721573e-01 -6.745083e-05
      outer loop
         vertex 4.382228e+01 2.089214e+01 1.893747e+01
         vertex 4.430458e+01 2.077644e+01 1.096197e+01
         vertex 4.441322e+01 2.074970e+01 1.888248e+01
      endloop
   endfacet
   facet normal -2.404789e-01 -9.706544e-01 2.196692e-05
      outer loop
         vertex 4.441322e+01 2.074970e+01 1.888248e+01
         vertex 4.430458e+01 2.077644e+01 1.096197e+01
         vertex 4.457163e+01 2.071028e+01 1.098752e+01
      endloop
   endfacet
   facet normal -2.456224e-01 -9.693656e-01 -8.767764e-05
      outer loop
         vertex 4.441322e+01 2.074970e+01 1.888248e+01
         vertex 4.457163e+01 2.071028e+01 1.098752e+01
         vertex 4.500911e+01 2.059872e+01 1.882413e+01
      endloop
   endfacet
   facet normal -2.447638e-01 -9.695827e-01 -1.387005e-04
      outer loop
         vertex 4.500911e+01 2.059872e+01 1.882413e+01
         vertex 4.457163e+01 2.071028e+01 1.098752e+01
         vertex 4.476045e+01 2.066261e+01 1.100594e+01
      endloop
   endfacet
   facet normal -2.495281e-01 -9.683676e-01 2.275902e-05
      outer loop
         vertex 4.500911e+01 2.059872e+01 1.882413e+01
         vertex 4.476045e+01 2.066261e+01 1.100594e+01
         vertex 4.508169e+01 2.057983e+01 1.103795e+01
      endloop
   endfacet
   facet normal -2.212923e-01 -9.752075e-01 -5.143644e-05
      outer loop
         vertex 4.335944e+01 2.099850e+01 1.087628e+01
         vertex 4.355541e+01 2.095403e+01 1.089342e+01
         vertex 4.323623e+01 2.102603e+01 1.898911e+01
      endloop
   endfacet
   facet normal -2.261921e-01 -9.740827e-01 -2.546177e-04
      outer loop
         vertex 4.323623e+01 2.102603e+01 1.898911e+01
         vertex 4.355541e+01 2.095403e+01 1.089342e+01
         vertex 4.385180e+01 2.088520e+01 1.091998e+01
      endloop
   endfacet
   facet normal -2.227245e-01 -9.748814e-01 2.385267e-05
      outer loop
         vertex 4.323623e+01 2.102603e+01 1.898911e+01
         vertex 4.385180e+01 2.088520e+01 1.091998e+01
         vertex 4.382228e+01 2.089214e+01 1.893747e+01
      endloop
   endfacet
   facet normal -2.312139e-01 -9.729030e-01 -9.116542e-06
      outer loop
         vertex 4.382228e+01 2.089214e+01 1.893747e+01
         vertex 4.385180e+01 2.088520e+01 1.091998e+01
         vertex 4.406287e+01 2.083503e+01 1.093934e+01
      endloop
   endfacet
   facet normal -2.355945e-01 -9.718514e-01 -1.483997e-04
      outer loop
         vertex 4.382228e+01 2.089214e+01 1.893747e+01
         vertex 4.406287e+01 2.083503e+01 1.093934e+01
         vertex 4.430458e+01 2.077644e+01 1.096197e+01
      endloop
   endfacet
   facet normal -2.161600e-01 -9.763579e-01 3.040911e-05
      outer loop
         vertex 4.335944e+01 2.099850e+01 1.087628e+01
         vertex 4.323623e+01 2.102603e+01 1.898911e+01
         vertex 4.304923e+01 2.106718e+01 1.084981e+01
      endloop
   endfacet
   facet normal -2.108272e-01 -9.775233e-01 -9.800651e-05
      outer loop
         vertex 4.304923e+01 2.106718e+01 1.084981e+01
         vertex 4.323623e+01 2.102603e+01 1.898911e+01
         vertex 4.265501e+01 2.115138e+01 1.903740e+01
      endloop
   endfacet
   facet normal -2.077254e-01 -9.781872e-01 5.816767e-05
      outer loop
         vertex 4.304923e+01 2.106718e+01 1.084981e+01
         vertex 4.265501e+01 2.115138e+01 1.903740e+01
         vertex 4.254433e+01 2.117439e+01 1.080851e+01
      endloop
   endfacet
   facet normal -1.731382e-01 -9.848975e-01 2.662227e-05
      outer loop
         vertex 4.093960e+01 2.147616e+01 1.916222e+01
         vertex 4.153831e+01 2.137068e+01 1.073304e+01
         vertex 4.150677e+01 2.137645e+01 1.912395e+01
      endloop
   endfacet
   facet normal -1.859688e-01 -9.825556e-01 -2.322576e-05
      outer loop
         vertex 4.150677e+01 2.137645e+01 1.912395e+01
         vertex 4.153831e+01 2.137068e+01 1.073304e+01
         vertex 4.204069e+01 2.127559e+01 1.076958e+01
      endloop
   endfacet
   facet normal -1.855215e-01 -9.826402e-01 6.385170e-06
      outer loop
         vertex 4.150677e+01 2.137645e+01 1.912395e+01
         vertex 4.204069e+01 2.127559e+01 1.076958e+01
         vertex 4.203192e+01 2.127730e+01 1.908585e+01
      endloop
   endfacet
   facet normal -1.969956e-01 -9.804044e-01 -6.168341e-06
      outer loop
         vertex 4.203192e+01 2.127730e+01 1.908585e+01
         vertex 4.204069e+01 2.127559e+01 1.076958e+01
         vertex 4.254433e+01 2.117439e+01 1.080851e+01
      endloop
   endfacet
   facet normal -1.918072e-01 -9.814326e-01 3.277952e-04
      outer loop
         vertex 4.203192e+01 2.127730e+01 1.908585e+01
         vertex 4.254433e+01 2.117439e+01 1.080851e+01
         vertex 4.207854e+01 2.126819e+01 1.908235e+01
      endloop
   endfacet
   facet normal -1.985991e-01 -9.800808e-01 -6.988141e-05
      outer loop
         vertex 4.207854e+01 2.126819e+01 1.908235e+01
         vertex 4.254433e+01 2.117439e+01 1.080851e+01
         vertex 4.265501e+01 2.115138e+01 1.903740e+01
      endloop
   endfacet
   facet normal -1.597783e-01 -9.871529e-01 -9.895985e-05
      outer loop
         vertex 4.053728e+01 2.154213e+01 1.066726e+01
         vertex 4.076856e+01 2.150469e+01 1.068160e+01
         vertex 4.093960e+01 2.147616e+01 1.916222e+01
      endloop
   endfacet
   facet normal -1.657000e-01 -9.861762e-01 2.375821e-05
      outer loop
         vertex 4.093960e+01 2.147616e+01 1.916222e+01
         vertex 4.076856e+01 2.150469e+01 1.068160e+01
         vertex 4.103718e+01 2.145956e+01 1.069892e+01
      endloop
   endfacet
   facet normal -1.746233e-01 -9.846353e-01 -8.214424e-05
      outer loop
         vertex 4.093960e+01 2.147616e+01 1.916222e+01
         vertex 4.103718e+01 2.145956e+01 1.069892e+01
         vertex 4.153831e+01 2.137068e+01 1.073304e+01
      endloop
   endfacet
   facet normal -1.330449e-01 -9.911100e-01 2.365748e-04
      outer loop
         vertex 3.932172e+01 2.171657e+01 1.925427e+01
         vertex 4.003861e+01 2.161828e+01 1.063809e+01
         vertex 3.981881e+01 2.164984e+01 1.922876e+01
      endloop
   endfacet
   facet normal -1.509535e-01 -9.885408e-01 -2.310536e-04
      outer loop
         vertex 3.981881e+01 2.164984e+01 1.922876e+01
         vertex 4.003861e+01 2.161828e+01 1.063809e+01
         vertex 4.053728e+01 2.154213e+01 1.066726e+01
      endloop
   endfacet
   facet normal -1.462887e-01 -9.892419e-01 1.692260e-04
      outer loop
         vertex 3.981881e+01 2.164984e+01 1.922876e+01
         vertex 4.053728e+01 2.154213e+01 1.066726e+01
         vertex 4.037698e+01 2.156729e+01 1.919716e+01
      endloop
   endfacet
   facet normal -1.599036e-01 -9.871326e-01 -9.286900e-05
      outer loop
         vertex 4.037698e+01 2.156729e+01 1.919716e+01
         vertex 4.053728e+01 2.154213e+01 1.066726e+01
         vertex 4.093960e+01 2.147616e+01 1.916222e+01
      endloop
   endfacet
   facet normal -1.090705e-01 -9.940340e-01 3.238954e-05
      outer loop
         vertex 3.843013e+01 2.181972e+01 1.056115e+01
         vertex 3.888280e+01 2.177005e+01 1.058009e+01
         vertex 3.883133e+01 2.177598e+01 1.927695e+01
      endloop
   endfacet
   facet normal -1.211451e-01 -9.926348e-01 -4.003351e-05
      outer loop
         vertex 3.883133e+01 2.177598e+01 1.927695e+01
         vertex 3.888280e+01 2.177005e+01 1.058009e+01
         vertex 3.933725e+01 2.171459e+01 1.060126e+01
      endloop
   endfacet
   facet normal -1.202649e-01 -9.927418e-01 1.205253e-05
      outer loop
         vertex 3.883133e+01 2.177598e+01 1.927695e+01
         vertex 3.933725e+01 2.171459e+01 1.060126e+01
         vertex 3.932172e+01 2.171657e+01 1.925427e+01
      endloop
   endfacet
   facet normal -1.297114e-01 -9.915518e-01 -5.175724e-06
      outer loop
         vertex 3.932172e+01 2.171657e+01 1.925427e+01
         vertex 3.933725e+01 2.171459e+01 1.060126e+01
         vertex 3.954114e+01 2.168791e+01 1.061146e+01
      endloop
   endfacet
   facet normal -1.386087e-01 -9.903472e-01 -2.350579e-04
      outer loop
         vertex 3.932172e+01 2.171657e+01 1.925427e+01
         vertex 3.954114e+01 2.168791e+01 1.061146e+01
         vertex 4.003861e+01 2.161828e+01 1.063809e+01
      endloop
   endfacet
   facet normal -1.068433e-01 -9.942759e-01 -7.134090e-05
      outer loop
         vertex 3.883133e+01 2.177598e+01 1.927695e+01
         vertex 3.831724e+01 2.183122e+01 1.929800e+01
         vertex 3.843013e+01 2.181972e+01 1.056115e+01
      endloop
   endfacet
   facet normal -9.315235e-02 -9.956519e-01 1.073816e-04
      outer loop
         vertex 3.843013e+01 2.181972e+01 1.056115e+01
         vertex 3.831724e+01 2.183122e+01 1.929800e+01
         vertex 3.783851e+01 2.187601e+01 1.931505e+01
      endloop
   endfacet
   facet normal -9.668900e-02 -9.953146e-01 -1.338069e-04
      outer loop
         vertex 3.843013e+01 2.181972e+01 1.056115e+01
         vertex 3.783851e+01 2.187601e+01 1.931505e+01
         vertex 3.797925e+01 2.186352e+01 1.054447e+01
      endloop
   endfacet
   facet normal -7.960527e-02 -9.968265e-01 1.424819e-04
      outer loop
         vertex 3.797925e+01 2.186352e+01 1.054447e+01
         vertex 3.783851e+01 2.187601e+01 1.931505e+01
         vertex 3.736412e+01 2.191390e+01 1.932945e+01
      endloop
   endfacet
   facet normal -8.401079e-02 -9.964648e-01 -1.680676e-04
      outer loop
         vertex 3.797925e+01 2.186352e+01 1.054447e+01
         vertex 3.736412e+01 2.191390e+01 1.932945e+01
         vertex 3.753016e+01 2.190138e+01 1.053008e+01
      endloop
   endfacet
   facet normal -6.577655e-02 -9.978344e-01 1.779437e-04
      outer loop
         vertex 3.753016e+01 2.190138e+01 1.053008e+01
         vertex 3.736412e+01 2.191390e+01 1.932945e+01
         vertex 3.689401e+01 2.194489e+01 1.934121e+01
      endloop
   endfacet
   facet normal -7.102257e-02 -9.974747e-01 -2.025864e-04
      outer loop
         vertex 3.753016e+01 2.190138e+01 1.053008e+01
         vertex 3.689401e+01 2.194489e+01 1.934121e+01
         vertex 3.708286e+01 2.193324e+01 1.051799e+01
      endloop
   endfacet
   facet normal -5.166423e-02 -9.986645e-01 2.133260e-04
      outer loop
         vertex 3.708286e+01 2.193324e+01 1.051799e+01
         vertex 3.689401e+01 2.194489e+01 1.934121e+01
         vertex 3.642811e+01 2.196900e+01 1.935034e+01
      endloop
   endfacet
   facet normal -5.771825e-02 -9.983329e-01 -2.368058e-04
      outer loop
         vertex 3.708286e+01 2.193324e+01 1.051799e+01
         vertex 3.642811e+01 2.196900e+01 1.935034e+01
         vertex 3.663736e+01 2.195899e+01 1.050822e+01
      endloop
   endfacet
   facet normal -4.409960e-02 -9.990271e-01 8.627189e-05
      outer loop
         vertex 3.663736e+01 2.195899e+01 1.050822e+01
         vertex 3.642811e+01 2.196900e+01 1.935034e+01
         vertex 3.619368e+01 2.197858e+01 1.050081e+01
      endloop
   endfacet
   facet normal -3.727071e-02 -9.993052e-01 -9.493348e-05
      outer loop
         vertex 3.619368e+01 2.197858e+01 1.050081e+01
         vertex 3.642811e+01 2.196900e+01 1.935034e+01
         vertex 3.596636e+01 2.198622e+01 1.935685e+01
      endloop
   endfacet
   facet normal -3.015000e-02 -9.995454e-01 8.804831e-05
      outer loop
         vertex 3.619368e+01 2.197858e+01 1.050081e+01
         vertex 3.596636e+01 2.198622e+01 1.935685e+01
         vertex 3.575180e+01 2.199191e+01 1.049578e+01
      endloop
   endfacet
   facet normal -2.258062e-02 -9.997450e-01 -9.536161e-05
      outer loop
         vertex 3.575180e+01 2.199191e+01 1.049578e+01
         vertex 3.596636e+01 2.198622e+01 1.935685e+01
         vertex 3.550869e+01 2.199655e+01 1.936075e+01
      endloop
   endfacet
   facet normal -1.586943e-02 -9.998741e-01 8.875333e-05
      outer loop
         vertex 3.575180e+01 2.199191e+01 1.049578e+01
         vertex 3.550869e+01 2.199655e+01 1.936075e+01
         vertex 3.531175e+01 2.199889e+01 1.049314e+01
      endloop
   endfacet
   facet normal -7.598019e-03 -9.999711e-01 -9.496915e-05
      outer loop
         vertex 3.531175e+01 2.199889e+01 1.049314e+01
         vertex 3.550869e+01 2.199655e+01 1.936075e+01
         vertex 3.505504e+01 2.200000e+01 1.936205e+01
      endloop
   endfacet
   facet normal -4.317122e-03 -9.999907e-01 0.000000e+00
      outer loop
         vertex 3.531175e+01 2.199889e+01 1.049314e+01
         vertex 3.505504e+01 2.200000e+01 1.936205e+01
         vertex 3.505504e+01 2.200000e+01 1.049273e+01
      endloop
   endfacet
   facet normal -5.143280e-07 -9.872142e-01 1.593992e-01
      outer loop
         vertex 3.774527e+01 1.075174e+01 2.899316e+00
         vertex 3.725006e+01 1.074635e+01 2.865963e+00
         vertex 4.544061e+01 1.074407e+01 2.851876e+00
      endloop
   endfacet
   facet normal 6.680935e-07 -9.999947e-01 -3.268572e-03
      outer loop
         vertex 4.585673e+00 1.175053e+01 1.559304e+01
         vertex 4.689975e+00 1.175030e+01 1.566390e+01
         vertex 2.552860e+00 1.175028e+01 1.566699e+01
      endloop
   endfacet
   facet normal -1.461204e-07 -9.891770e-01 -1.467273e-01
      outer loop
         vertex 3.242313e+01 1.090511e+01 2.685415e+01
         vertex 3.292029e+01 1.090029e+01 2.688664e+01
         vertex 2.462124e+01 1.090133e+01 2.687959e+01
      endloop
   endfacet
   facet normal 4.674590e-07 -9.890718e-01 -1.474346e-01
      outer loop
         vertex 2.462124e+01 1.090133e+01 2.687959e+01
         vertex 3.292029e+01 1.090029e+01 2.688664e+01
         vertex 2.496624e+01 1.088769e+01 2.697113e+01
      endloop
   endfacet
   facet normal -7.192034e-04 -9.877993e-01 -1.557308e-01
      outer loop
         vertex 3.107007e+01 1.071106e+01 2.809542e+01
         vertex 3.102720e+01 1.071181e+01 2.809086e+01
         vertex 3.292029e+01 1.090029e+01 2.688664e+01
      endloop
   endfacet
   facet normal -6.087973e-04 -9.878142e-01 -1.556368e-01
      outer loop
         vertex 3.257930e+01 1.068960e+01 2.822518e+01
         vertex 3.207626e+01 1.069568e+01 2.818859e+01
         vertex 3.292029e+01 1.090029e+01 2.688664e+01
      endloop
   endfacet
   facet normal -6.711610e-04 -9.878079e-01 -1.556763e-01
      outer loop
         vertex 3.292029e+01 1.090029e+01 2.688664e+01
         vertex 3.207626e+01 1.069568e+01 2.818859e+01
         vertex 3.157318e+01 1.070284e+01 2.814533e+01
      endloop
   endfacet
   facet normal -7.095319e-04 -9.878016e-01 -1.557163e-01
      outer loop
         vertex 3.292029e+01 1.090029e+01 2.688664e+01
         vertex 3.157318e+01 1.070284e+01 2.814533e+01
         vertex 3.107007e+01 1.071106e+01 2.809542e+01
      endloop
   endfacet
   facet normal -5.247501e-04 -9.878175e-01 -1.556159e-01
      outer loop
         vertex 3.257930e+01 1.068960e+01 2.822518e+01
         vertex 3.292029e+01 1.090029e+01 2.688664e+01
         vertex 3.308232e+01 1.068462e+01 2.825508e+01
      endloop
   endfacet
   facet normal 4.573672e-04 -9.877996e-01 -1.557294e-01
      outer loop
         vertex 3.308232e+01 1.068462e+01 2.825508e+01
         vertex 3.292029e+01 1.090029e+01 2.688664e+01
         vertex 3.341729e+01 1.089646e+01 2.691240e+01
      endloop
   endfacet
   facet normal -4.072672e-04 -9.877665e-01 -1.559399e-01
      outer loop
         vertex 3.308232e+01 1.068462e+01 2.825508e+01
         vertex 3.341729e+01 1.089646e+01 2.691240e+01
         vertex 3.358533e+01 1.068076e+01 2.827825e+01
      endloop
   endfacet
   facet normal -7.229849e-04 -9.877984e-01 -1.557366e-01
      outer loop
         vertex 3.102720e+01 1.071181e+01 2.809086e+01
         vertex 3.056691e+01 1.072035e+01 2.803888e+01
         vertex 3.292029e+01 1.090029e+01 2.688664e+01
      endloop
   endfacet
   facet normal -7.116637e-04 -9.878019e-01 -1.557140e-01
      outer loop
         vertex 3.292029e+01 1.090029e+01 2.688664e+01
         vertex 3.056691e+01 1.072035e+01 2.803888e+01
         vertex 3.006371e+01 1.073066e+01 2.797575e+01
      endloop
   endfacet
   facet normal -6.774075e-04 -9.878158e-01 -1.556263e-01
      outer loop
         vertex 3.292029e+01 1.090029e+01 2.688664e+01
         vertex 3.006371e+01 1.073066e+01 2.797575e+01
         vertex 2.956045e+01 1.074199e+01 2.790604e+01
      endloop
   endfacet
   facet normal -6.231365e-04 -9.878433e-01 -1.554517e-01
      outer loop
         vertex 2.956045e+01 1.074199e+01 2.790604e+01
         vertex 2.905713e+01 1.075431e+01 2.782978e+01
         vertex 3.292029e+01 1.090029e+01 2.688664e+01
      endloop
   endfacet
   facet normal -5.525725e-04 -9.878877e-01 -1.551696e-01
      outer loop
         vertex 3.292029e+01 1.090029e+01 2.688664e+01
         vertex 2.905713e+01 1.075431e+01 2.782978e+01
         vertex 2.855374e+01 1.076759e+01 2.774700e+01
      endloop
   endfacet
   facet normal -4.736033e-04 -9.879491e-01 -1.547783e-01
      outer loop
         vertex 3.292029e+01 1.090029e+01 2.688664e+01
         vertex 2.855374e+01 1.076759e+01 2.774700e+01
         vertex 2.808488e+01 1.078081e+01 2.766406e+01
      endloop
   endfacet
   facet normal -1.224519e-04 -9.884508e-01 -1.515419e-01
      outer loop
         vertex 2.652419e+01 1.083038e+01 2.734778e+01
         vertex 2.600460e+01 1.084867e+01 2.722888e+01
         vertex 3.292029e+01 1.090029e+01 2.688664e+01
      endloop
   endfacet
   facet normal -5.810259e-05 -9.886449e-01 -1.502709e-01
      outer loop
         vertex 3.292029e+01 1.090029e+01 2.688664e+01
         vertex 2.600460e+01 1.084867e+01 2.722888e+01
         vertex 2.548529e+01 1.086779e+01 2.710331e+01
      endloop
   endfacet
   facet normal -1.441532e-05 -9.888666e-01 -1.488050e-01
      outer loop
         vertex 3.292029e+01 1.090029e+01 2.688664e+01
         vertex 2.548529e+01 1.086779e+01 2.710331e+01
         vertex 2.496624e+01 1.088769e+01 2.697113e+01
      endloop
   endfacet
   facet normal -3.857085e-04 -9.880326e-01 -1.542444e-01
      outer loop
         vertex 2.808488e+01 1.078081e+01 2.766406e+01
         vertex 2.756431e+01 1.079641e+01 2.756542e+01
         vertex 3.292029e+01 1.090029e+01 2.688664e+01
      endloop
   endfacet
   facet normal -2.919338e-04 -9.881452e-01 -1.535217e-01
      outer loop
         vertex 3.292029e+01 1.090029e+01 2.688664e+01
         vertex 2.756431e+01 1.079641e+01 2.756542e+01
         vertex 2.704409e+01 1.081295e+01 2.745997e+01
      endloop
   endfacet
   facet normal -2.022991e-04 -9.882843e-01 -1.526242e-01
      outer loop
         vertex 3.292029e+01 1.090029e+01 2.688664e+01
         vertex 2.704409e+01 1.081295e+01 2.745997e+01
         vertex 2.652419e+01 1.083038e+01 2.734778e+01
      endloop
   endfacet
   facet normal -2.970811e-04 -9.877644e-01 -1.559531e-01
      outer loop
         vertex 3.358533e+01 1.068076e+01 2.827825e+01
         vertex 3.341729e+01 1.089646e+01 2.691240e+01
         vertex 3.408832e+01 1.067801e+01 2.829468e+01
      endloop
   endfacet
   facet normal 3.472763e-04 -9.877162e-01 -1.562583e-01
      outer loop
         vertex 3.408832e+01 1.067801e+01 2.829468e+01
         vertex 3.341729e+01 1.089646e+01 2.691240e+01
         vertex 3.391412e+01 1.089362e+01 2.693142e+01
      endloop
   endfacet
   facet normal -1.731617e-04 -9.877265e-01 -1.561934e-01
      outer loop
         vertex 3.408832e+01 1.067801e+01 2.829468e+01
         vertex 3.391412e+01 1.089362e+01 2.693142e+01
         vertex 3.459130e+01 1.067640e+01 2.830435e+01
      endloop
   endfacet
   facet normal 2.215166e-04 -9.876964e-01 -1.563833e-01
      outer loop
         vertex 3.459130e+01 1.067640e+01 2.830435e+01
         vertex 3.391412e+01 1.089362e+01 2.693142e+01
         vertex 3.441079e+01 1.089180e+01 2.694366e+01
      endloop
   endfacet
   facet normal -5.593263e-05 -9.877021e-01 -1.563474e-01
      outer loop
         vertex 3.459130e+01 1.067640e+01 2.830435e+01
         vertex 3.441079e+01 1.089180e+01 2.694366e+01
         vertex 3.505504e+01 1.067591e+01 2.830724e+01
      endloop
   endfacet
   facet normal 1.826825e-05 -9.888237e-01 -1.490893e-01
      outer loop
         vertex 3.707478e+01 1.089931e+01 2.689320e+01
         vertex 4.506003e+01 1.088442e+01 2.699292e+01
         vertex 4.452266e+01 1.086397e+01 2.712853e+01
      endloop
   endfacet
   facet normal 6.621501e-05 -9.885989e-01 -1.505730e-01
      outer loop
         vertex 4.452266e+01 1.086397e+01 2.712853e+01
         vertex 4.398657e+01 1.084441e+01 2.725668e+01
         vertex 3.707478e+01 1.089931e+01 2.689320e+01
      endloop
   endfacet
   facet normal 1.347950e-04 -9.884039e-01 -1.518476e-01
      outer loop
         vertex 3.707478e+01 1.089931e+01 2.689320e+01
         vertex 4.398657e+01 1.084441e+01 2.725668e+01
         vertex 4.345167e+01 1.082580e+01 2.737739e+01
      endloop
   endfacet
   facet normal 2.182002e-04 -9.882384e-01 -1.529209e-01
      outer loop
         vertex 3.707478e+01 1.089931e+01 2.689320e+01
         vertex 4.345167e+01 1.082580e+01 2.737739e+01
         vertex 4.291788e+01 1.080815e+01 2.749069e+01
      endloop
   endfacet
   facet normal 3.102396e-04 -9.881019e-01 -1.538002e-01
      outer loop
         vertex 4.291788e+01 1.080815e+01 2.749069e+01
         vertex 4.238511e+01 1.079149e+01 2.759659e+01
         vertex 3.707478e+01 1.089931e+01 2.689320e+01
      endloop
   endfacet
   facet normal 4.047108e-04 -9.879932e-01 -1.544967e-01
      outer loop
         vertex 3.707478e+01 1.089931e+01 2.689320e+01
         vertex 4.238511e+01 1.079149e+01 2.759659e+01
         vertex 4.185329e+01 1.077587e+01 2.769512e+01
      endloop
   endfacet
   facet normal 4.953458e-04 -9.879106e-01 -1.550241e-01
      outer loop
         vertex 3.707478e+01 1.089931e+01 2.689320e+01
         vertex 4.185329e+01 1.077587e+01 2.769512e+01
         vertex 4.132233e+01 1.076130e+01 2.778629e+01
      endloop
   endfacet
   facet normal 5.763471e-04 -9.878514e-01 -1.554002e-01
      outer loop
         vertex 4.132233e+01 1.076130e+01 2.778629e+01
         vertex 4.079214e+01 1.074780e+01 2.787011e+01
         vertex 3.707478e+01 1.089931e+01 2.689320e+01
      endloop
   endfacet
   facet normal 6.190577e-04 -9.878264e-01 -1.555588e-01
      outer loop
         vertex 3.707478e+01 1.089931e+01 2.689320e+01
         vertex 4.079214e+01 1.074780e+01 2.787011e+01
         vertex 4.068783e+01 1.074527e+01 2.788575e+01
      endloop
   endfacet
   facet normal 6.522583e-04 -9.878078e-01 -1.556768e-01
      outer loop
         vertex 3.707478e+01 1.089931e+01 2.689320e+01
         vertex 4.068783e+01 1.074527e+01 2.788575e+01
         vertex 4.017176e+01 1.073339e+01 2.795899e+01
      endloop
   endfacet
   facet normal 6.932043e-04 -9.877895e-01 -1.557929e-01
      outer loop
         vertex 4.017176e+01 1.073339e+01 2.795899e+01
         vertex 3.965670e+01 1.072258e+01 2.802521e+01
         vertex 3.707478e+01 1.089931e+01 2.689320e+01
      endloop
   endfacet
   facet normal 7.108661e-04 -9.877833e-01 -1.558322e-01
      outer loop
         vertex 3.707478e+01 1.089931e+01 2.689320e+01
         vertex 3.965670e+01 1.072258e+01 2.802521e+01
         vertex 3.914257e+01 1.071287e+01 2.808443e+01
      endloop
   endfacet
   facet normal 7.122257e-04 -9.877829e-01 -1.558345e-01
      outer loop
         vertex 3.707478e+01 1.089931e+01 2.689320e+01
         vertex 3.914257e+01 1.071287e+01 2.808443e+01
         vertex 3.908288e+01 1.071181e+01 2.809086e+01
      endloop
   endfacet
   facet normal 7.025949e-04 -9.877854e-01 -1.558188e-01
      outer loop
         vertex 3.908288e+01 1.071181e+01 2.809086e+01
         vertex 3.862930e+01 1.070427e+01 2.813666e+01
         vertex 3.707478e+01 1.089931e+01 2.689320e+01
      endloop
   endfacet
   facet normal 6.709530e-04 -9.877915e-01 -1.557802e-01
      outer loop
         vertex 3.707478e+01 1.089931e+01 2.689320e+01
         vertex 3.862930e+01 1.070427e+01 2.813666e+01
         vertex 3.811683e+01 1.069678e+01 2.818191e+01
      endloop
   endfacet
   facet normal 6.420442e-04 -9.877951e-01 -1.557574e-01
      outer loop
         vertex 3.707478e+01 1.089931e+01 2.689320e+01
         vertex 3.811683e+01 1.069678e+01 2.818191e+01
         vertex 3.807292e+01 1.069619e+01 2.818547e+01
      endloop
   endfacet
   facet normal 9.789843e-05 -9.876909e-01 -1.564183e-01
      outer loop
         vertex 3.441079e+01 1.089180e+01 2.694366e+01
         vertex 3.490730e+01 1.089098e+01 2.694910e+01
         vertex 3.505504e+01 1.067591e+01 2.830724e+01
      endloop
   endfacet
   facet normal 1.827672e-05 -9.876922e-01 -1.564099e-01
      outer loop
         vertex 3.505504e+01 1.067591e+01 2.830724e+01
         vertex 3.490730e+01 1.089098e+01 2.694910e+01
         vertex 3.505504e+01 1.089094e+01 2.694940e+01
      endloop
   endfacet
   facet normal 6.072526e-05 -9.876922e-01 -1.564099e-01
      outer loop
         vertex 3.505504e+01 1.067591e+01 2.830724e+01
         vertex 3.505504e+01 1.089094e+01 2.694940e+01
         vertex 3.556410e+01 1.067649e+01 2.830375e+01
      endloop
   endfacet
   facet normal -6.189668e-05 -9.876994e-01 -1.563649e-01
      outer loop
         vertex 3.556410e+01 1.067649e+01 2.830375e+01
         vertex 3.505504e+01 1.089094e+01 2.694940e+01
         vertex 3.555905e+01 1.089146e+01 2.694588e+01
      endloop
   endfacet
   facet normal 1.812632e-04 -9.876992e-01 -1.563658e-01
      outer loop
         vertex 3.556410e+01 1.067649e+01 2.830375e+01
         vertex 3.555905e+01 1.089146e+01 2.694588e+01
         vertex 3.607358e+01 1.067824e+01 2.829330e+01
      endloop
   endfacet
   facet normal -1.837454e-04 -9.877207e-01 -1.562298e-01
      outer loop
         vertex 3.607358e+01 1.067824e+01 2.829330e+01
         vertex 3.555905e+01 1.089146e+01 2.694588e+01
         vertex 3.606364e+01 1.089304e+01 2.693534e+01
      endloop
   endfacet
   facet normal 2.996387e-04 -9.877201e-01 -1.562333e-01
      outer loop
         vertex 3.607358e+01 1.067824e+01 2.829330e+01
         vertex 3.606364e+01 1.089304e+01 2.693534e+01
         vertex 3.658353e+01 1.068115e+01 2.827589e+01
      endloop
   endfacet
   facet normal -3.043622e-04 -9.877563e-01 -1.560047e-01
      outer loop
         vertex 3.658353e+01 1.068115e+01 2.827589e+01
         vertex 3.606364e+01 1.089304e+01 2.693534e+01
         vertex 3.656886e+01 1.089565e+01 2.691778e+01
      endloop
   endfacet
   facet normal 4.169052e-04 -9.877550e-01 -1.560123e-01
      outer loop
         vertex 3.658353e+01 1.068115e+01 2.827589e+01
         vertex 3.656886e+01 1.089565e+01 2.691778e+01
         vertex 3.709401e+01 1.068522e+01 2.825152e+01
      endloop
   endfacet
   facet normal -4.229457e-04 -9.878059e-01 -1.556897e-01
      outer loop
         vertex 3.709401e+01 1.068522e+01 2.825152e+01
         vertex 3.656886e+01 1.089565e+01 2.691778e+01
         vertex 3.707478e+01 1.089931e+01 2.689320e+01
      endloop
   endfacet
   facet normal 5.320071e-04 -9.878038e-01 -1.557029e-01
      outer loop
         vertex 3.709401e+01 1.068522e+01 2.825152e+01
         vertex 3.707478e+01 1.089931e+01 2.689320e+01
         vertex 3.760509e+01 1.069043e+01 2.822020e+01
      endloop
   endfacet
   facet normal 6.101179e-04 -9.877989e-01 -1.557333e-01
      outer loop
         vertex 3.760509e+01 1.069043e+01 2.822020e+01
         vertex 3.707478e+01 1.089931e+01 2.689320e+01
         vertex 3.807292e+01 1.069619e+01 2.818547e+01
      endloop
   endfacet
   facet normal 1.495322e-05 -9.893962e-01 -1.452420e-01
      outer loop
         vertex 3.093061e+01 1.092535e+01 2.671661e+01
         vertex 3.142829e+01 1.091765e+01 2.676911e+01
         vertex 2.462124e+01 1.090133e+01 2.687959e+01
      endloop
   endfacet
   facet normal 5.809632e-06 -9.893151e-01 -1.457934e-01
      outer loop
         vertex 2.462124e+01 1.090133e+01 2.687959e+01
         vertex 3.142829e+01 1.091765e+01 2.676911e+01
         vertex 3.192580e+01 1.091090e+01 2.681497e+01
      endloop
   endfacet
   facet normal 1.306036e-06 -9.892415e-01 -1.462915e-01
      outer loop
         vertex 2.462124e+01 1.090133e+01 2.687959e+01
         vertex 3.192580e+01 1.091090e+01 2.681497e+01
         vertex 3.242313e+01 1.090511e+01 2.685415e+01
      endloop
   endfacet
   facet normal 4.133694e-04 -9.900498e-01 -1.407171e-01
      outer loop
         vertex 2.754434e+01 1.100115e+01 2.618589e+01
         vertex 2.805588e+01 1.098725e+01 2.628523e+01
         vertex 2.462124e+01 1.090133e+01 2.687959e+01
      endloop
   endfacet
   facet normal 5.761210e-04 -9.901450e-01 -1.400450e-01
      outer loop
         vertex 2.754434e+01 1.100115e+01 2.618589e+01
         vertex 2.462124e+01 1.090133e+01 2.687959e+01
         vertex 2.703293e+01 1.101585e+01 2.607986e+01
      endloop
   endfacet
   facet normal 1.392249e-03 -9.903712e-01 -1.384306e-01
      outer loop
         vertex 2.549939e+01 1.106437e+01 2.572203e+01
         vertex 2.601047e+01 1.104749e+01 2.584789e+01
         vertex 2.462124e+01 1.090133e+01 2.687959e+01
      endloop
   endfacet
   facet normal 1.054012e-03 -9.903090e-01 -1.388773e-01
      outer loop
         vertex 2.462124e+01 1.090133e+01 2.687959e+01
         vertex 2.601047e+01 1.104749e+01 2.584789e+01
         vertex 2.652165e+01 1.103131e+01 2.596718e+01
      endloop
   endfacet
   facet normal 7.860644e-04 -9.902324e-01 -1.394244e-01
      outer loop
         vertex 2.462124e+01 1.090133e+01 2.687959e+01
         vertex 2.652165e+01 1.103131e+01 2.596718e+01
         vertex 2.703293e+01 1.101585e+01 2.607986e+01
      endloop
   endfacet
   facet normal -1.477331e-03 -9.908683e-01 -1.348253e-01
      outer loop
         vertex 2.289229e+01 1.097426e+01 2.637713e+01
         vertex 2.237426e+01 1.099743e+01 2.621254e+01
         vertex 2.390198e+01 1.112113e+01 2.528670e+01
      endloop
   endfacet
   facet normal -1.932623e-03 -9.908111e-01 -1.352392e-01
      outer loop
         vertex 2.289229e+01 1.097426e+01 2.637713e+01
         vertex 2.390198e+01 1.112113e+01 2.528670e+01
         vertex 2.341049e+01 1.095166e+01 2.653533e+01
      endloop
   endfacet
   facet normal 1.987069e-03 -9.910166e-01 -1.337242e-01
      outer loop
         vertex 2.341049e+01 1.095166e+01 2.653533e+01
         vertex 2.390198e+01 1.112113e+01 2.528670e+01
         vertex 2.414399e+01 1.111217e+01 2.535671e+01
      endloop
   endfacet
   facet normal -2.143761e-03 -9.906724e-01 -1.362481e-01
      outer loop
         vertex 2.341049e+01 1.095166e+01 2.653533e+01
         vertex 2.414399e+01 1.111217e+01 2.535671e+01
         vertex 2.392886e+01 1.092967e+01 2.668709e+01
      endloop
   endfacet
   facet normal -1.098967e-03 -9.909520e-01 -1.342122e-01
      outer loop
         vertex 2.237426e+01 1.099743e+01 2.621254e+01
         vertex 2.197246e+01 1.101577e+01 2.608047e+01
         vertex 2.390198e+01 1.112113e+01 2.528670e+01
      endloop
   endfacet
   facet normal -7.328129e-04 -9.910704e-01 -1.333379e-01
      outer loop
         vertex 2.390198e+01 1.112113e+01 2.528670e+01
         vertex 2.197246e+01 1.101577e+01 2.608047e+01
         vertex 2.142091e+01 1.104140e+01 2.589296e+01
      endloop
   endfacet
   facet normal -3.859235e-04 -9.912573e-01 -1.319428e-01
      outer loop
         vertex 2.390198e+01 1.112113e+01 2.528670e+01
         vertex 2.142091e+01 1.104140e+01 2.589296e+01
         vertex 2.086978e+01 1.106751e+01 2.569846e+01
      endloop
   endfacet
   facet normal -2.574724e-03 -9.906620e-01 -1.363164e-01
      outer loop
         vertex 2.392886e+01 1.092967e+01 2.668709e+01
         vertex 2.414399e+01 1.111217e+01 2.535671e+01
         vertex 2.444744e+01 1.090833e+01 2.683238e+01
      endloop
   endfacet
   facet normal 2.556131e-03 -9.905190e-01 -1.373517e-01
      outer loop
         vertex 2.444744e+01 1.090833e+01 2.683238e+01
         vertex 2.414399e+01 1.111217e+01 2.535671e+01
         vertex 2.467917e+01 1.109279e+01 2.550640e+01
      endloop
   endfacet
   facet normal -2.319596e-03 -9.904033e-01 -1.381877e-01
      outer loop
         vertex 2.444744e+01 1.090833e+01 2.683238e+01
         vertex 2.467917e+01 1.109279e+01 2.550640e+01
         vertex 2.462124e+01 1.090133e+01 2.687959e+01
      endloop
   endfacet
   facet normal 2.231712e-03 -9.904298e-01 -1.379994e-01
      outer loop
         vertex 2.462124e+01 1.090133e+01 2.687959e+01
         vertex 2.467917e+01 1.109279e+01 2.550640e+01
         vertex 2.498837e+01 1.108189e+01 2.558965e+01
      endloop
   endfacet
   facet normal 1.815309e-03 -9.904144e-01 -1.381158e-01
      outer loop
         vertex 2.462124e+01 1.090133e+01 2.687959e+01
         vertex 2.498837e+01 1.108189e+01 2.558965e+01
         vertex 2.549939e+01 1.106437e+01 2.572203e+01
      endloop
   endfacet
   facet normal 2.890508e-04 -9.899495e-01 -1.414210e-01
      outer loop
         vertex 2.805588e+01 1.098725e+01 2.628523e+01
         vertex 2.856757e+01 1.097417e+01 2.637783e+01
         vertex 2.462124e+01 1.090133e+01 2.687959e+01
      endloop
   endfacet
   facet normal 1.960114e-04 -9.898469e-01 -1.421378e-01
      outer loop
         vertex 2.462124e+01 1.090133e+01 2.687959e+01
         vertex 2.856757e+01 1.097417e+01 2.637783e+01
         vertex 2.907942e+01 1.096194e+01 2.646365e+01
      endloop
   endfacet
   facet normal 1.275803e-04 -9.897434e-01 -1.428562e-01
      outer loop
         vertex 2.462124e+01 1.090133e+01 2.687959e+01
         vertex 2.907942e+01 1.096194e+01 2.646365e+01
         vertex 2.959146e+01 1.095061e+01 2.654266e+01
      endloop
   endfacet
   facet normal 8.628240e-05 -9.896572e-01 -1.434528e-01
      outer loop
         vertex 2.959146e+01 1.095061e+01 2.654266e+01
         vertex 2.993468e+01 1.094352e+01 2.659176e+01
         vertex 2.462124e+01 1.090133e+01 2.687959e+01
      endloop
   endfacet
   facet normal 5.564809e-05 -9.895767e-01 -1.440065e-01
      outer loop
         vertex 2.462124e+01 1.090133e+01 2.687959e+01
         vertex 2.993468e+01 1.094352e+01 2.659176e+01
         vertex 3.043274e+01 1.093398e+01 2.665748e+01
      endloop
   endfacet
   facet normal 3.067814e-05 -9.894834e-01 -1.446462e-01
      outer loop
         vertex 2.462124e+01 1.090133e+01 2.687959e+01
         vertex 3.043274e+01 1.093398e+01 2.665748e+01
         vertex 3.093061e+01 1.092535e+01 2.671661e+01
      endloop
   endfacet
   facet normal 1.685157e-04 -9.924360e-01 -1.227627e-01
      outer loop
         vertex 2.254050e+01 1.117360e+01 2.486627e+01
         vertex 2.307468e+01 1.115262e+01 2.503658e+01
         vertex 1.976861e+01 1.112088e+01 2.528871e+01
      endloop
   endfacet
   facet normal 4.055120e-04 -9.926242e-01 -1.212311e-01
      outer loop
         vertex 2.254050e+01 1.117360e+01 2.486627e+01
         vertex 1.976861e+01 1.112088e+01 2.528871e+01
         vertex 2.200659e+01 1.119501e+01 2.468920e+01
      endloop
   endfacet
   facet normal 1.937154e-03 -9.930070e-01 -1.180398e-01
      outer loop
         vertex 2.040622e+01 1.126128e+01 2.411805e+01
         vertex 2.093948e+01 1.123890e+01 2.431504e+01
         vertex 1.976861e+01 1.112088e+01 2.528871e+01
      endloop
   endfacet
   facet normal 1.266219e-03 -9.929132e-01 -1.188353e-01
      outer loop
         vertex 1.976861e+01 1.112088e+01 2.528871e+01
         vertex 2.093948e+01 1.123890e+01 2.431504e+01
         vertex 2.147293e+01 1.121679e+01 2.450544e+01
      endloop
   endfacet
   facet normal 7.641837e-04 -9.927842e-01 -1.199119e-01
      outer loop
         vertex 1.976861e+01 1.112088e+01 2.528871e+01
         vertex 2.147293e+01 1.121679e+01 2.450544e+01
         vertex 2.200659e+01 1.119501e+01 2.468920e+01
      endloop
   endfacet
   facet normal 1.578208e-03 -9.939168e-01 -1.101221e-01
      outer loop
         vertex 1.934013e+01 1.130660e+01 2.370458e+01
         vertex 1.811906e+01 1.120289e+01 2.462319e+01
         vertex 1.930075e+01 1.130829e+01 2.368881e+01
      endloop
   endfacet
   facet normal -1.254985e-03 -9.935189e-01 -1.136603e-01
      outer loop
         vertex 1.930075e+01 1.130829e+01 2.368881e+01
         vertex 1.811906e+01 1.120289e+01 2.462319e+01
         vertex 1.756966e+01 1.123048e+01 2.438803e+01
      endloop
   endfacet
   facet normal -6.224951e-04 -9.936952e-01 -1.121140e-01
      outer loop
         vertex 1.930075e+01 1.130829e+01 2.368881e+01
         vertex 1.756966e+01 1.123048e+01 2.438803e+01
         vertex 1.702042e+01 1.125810e+01 2.414631e+01
      endloop
   endfacet
   facet normal 2.808191e-03 -9.930604e-01 -1.175718e-01
      outer loop
         vertex 2.040622e+01 1.126128e+01 2.411805e+01
         vertex 1.976861e+01 1.112088e+01 2.528871e+01
         vertex 1.987311e+01 1.128386e+01 2.391455e+01
      endloop
   endfacet
   facet normal -2.850086e-03 -9.930100e-01 -1.179962e-01
      outer loop
         vertex 1.987311e+01 1.128386e+01 2.391455e+01
         vertex 1.976861e+01 1.112088e+01 2.528871e+01
         vertex 1.921850e+01 1.114802e+01 2.507359e+01
      endloop
   endfacet
   facet normal 2.850897e-03 -9.933822e-01 -1.148200e-01
      outer loop
         vertex 1.987311e+01 1.128386e+01 2.391455e+01
         vertex 1.921850e+01 1.114802e+01 2.507359e+01
         vertex 1.934013e+01 1.130660e+01 2.370458e+01
      endloop
   endfacet
   facet normal -2.891627e-03 -9.933238e-01 -1.153234e-01
      outer loop
         vertex 1.934013e+01 1.130660e+01 2.370458e+01
         vertex 1.921850e+01 1.114802e+01 2.507359e+01
         vertex 1.866866e+01 1.117537e+01 2.485173e+01
      endloop
   endfacet
   facet normal -1.986681e-03 -9.933865e-01 -1.148009e-01
      outer loop
         vertex 1.934013e+01 1.130660e+01 2.370458e+01
         vertex 1.866866e+01 1.117537e+01 2.485173e+01
         vertex 1.811906e+01 1.120289e+01 2.462319e+01
      endloop
   endfacet
   facet normal -1.351538e-04 -9.914973e-01 -1.301274e-01
      outer loop
         vertex 2.086978e+01 1.106751e+01 2.569846e+01
         vertex 2.031902e+01 1.109402e+01 2.549702e+01
         vertex 2.390198e+01 1.112113e+01 2.528670e+01
      endloop
   endfacet
   facet normal -6.533108e-07 -9.917904e-01 -1.278739e-01
      outer loop
         vertex 2.390198e+01 1.112113e+01 2.528670e+01
         vertex 2.031902e+01 1.109402e+01 2.549702e+01
         vertex 1.976861e+01 1.112088e+01 2.528871e+01
      endloop
   endfacet
   facet normal 2.876011e-07 -9.920341e-01 -1.259699e-01
      outer loop
         vertex 2.390198e+01 1.112113e+01 2.528670e+01
         vertex 1.976861e+01 1.112088e+01 2.528871e+01
         vertex 2.360917e+01 1.113213e+01 2.520008e+01
      endloop
   endfacet
   facet normal 3.510064e-05 -9.922215e-01 -1.244851e-01
      outer loop
         vertex 2.360917e+01 1.113213e+01 2.520008e+01
         vertex 1.976861e+01 1.112088e+01 2.528871e+01
         vertex 2.307468e+01 1.115262e+01 2.503658e+01
      endloop
   endfacet
   facet normal 3.631152e-04 -9.948579e-01 -1.012798e-01
      outer loop
         vertex 1.793615e+01 1.136682e+01 2.312078e+01
         vertex 1.850892e+01 1.134224e+01 2.336427e+01
         vertex 1.601627e+01 1.130843e+01 2.368749e+01
      endloop
   endfacet
   facet normal 2.991905e-03 -9.952683e-01 -9.711877e-02
      outer loop
         vertex 1.621941e+01 1.143975e+01 2.234793e+01
         vertex 1.679144e+01 1.141565e+01 2.261253e+01
         vertex 1.601627e+01 1.130843e+01 2.368749e+01
      endloop
   endfacet
   facet normal 1.789809e-03 -9.951870e-01 -9.797751e-02
      outer loop
         vertex 1.601627e+01 1.130843e+01 2.368749e+01
         vertex 1.679144e+01 1.141565e+01 2.261253e+01
         vertex 1.736368e+01 1.139132e+01 2.287017e+01
      endloop
   endfacet
   facet normal 9.288625e-04 -9.950488e-01 -9.938283e-02
      outer loop
         vertex 1.601627e+01 1.130843e+01 2.368749e+01
         vertex 1.736368e+01 1.139132e+01 2.287017e+01
         vertex 1.793615e+01 1.136682e+01 2.312078e+01
      endloop
   endfacet
   facet normal -3.020483e-03 -9.951797e-01 -9.802182e-02
      outer loop
         vertex 1.601627e+01 1.130843e+01 2.368749e+01
         vertex 1.542613e+01 1.133777e+01 2.340779e+01
         vertex 1.621941e+01 1.143975e+01 2.234793e+01
      endloop
   endfacet
   facet normal -1.775166e-03 -9.952732e-01 -9.709873e-02
      outer loop
         vertex 1.621941e+01 1.143975e+01 2.234793e+01
         vertex 1.542613e+01 1.133777e+01 2.340779e+01
         vertex 1.483625e+01 1.136681e+01 2.312092e+01
      endloop
   endfacet
   facet normal 1.725073e-03 -9.958594e-01 -9.089083e-02
      outer loop
         vertex 1.621941e+01 1.143975e+01 2.234793e+01
         vertex 1.483625e+01 1.136681e+01 2.312092e+01
         vertex 1.564753e+01 1.146354e+01 2.207645e+01
      endloop
   endfacet
   facet normal -1.736025e-03 -9.956125e-01 -9.355632e-02
      outer loop
         vertex 1.564753e+01 1.146354e+01 2.207645e+01
         vertex 1.483625e+01 1.136681e+01 2.312092e+01
         vertex 1.424659e+01 1.139546e+01 2.282694e+01
      endloop
   endfacet
   facet normal -7.559749e-04 -9.957825e-01 -9.174228e-02
      outer loop
         vertex 1.564753e+01 1.146354e+01 2.207645e+01
         vertex 1.424659e+01 1.139546e+01 2.282694e+01
         vertex 1.365710e+01 1.142364e+01 2.252593e+01
      endloop
   endfacet
   facet normal -2.430281e-04 -9.939043e-01 -1.102456e-01
      outer loop
         vertex 1.702042e+01 1.125810e+01 2.414631e+01
         vertex 1.660674e+01 1.127887e+01 2.395991e+01
         vertex 1.930075e+01 1.130829e+01 2.368881e+01
      endloop
   endfacet
   facet normal 7.018250e-07 -9.941669e-01 -1.078521e-01
      outer loop
         vertex 1.930075e+01 1.130829e+01 2.368881e+01
         vertex 1.660674e+01 1.127887e+01 2.395991e+01
         vertex 1.601627e+01 1.130843e+01 2.368749e+01
      endloop
   endfacet
   facet normal -2.264553e-07 -9.944123e-01 -1.055663e-01
      outer loop
         vertex 1.930075e+01 1.130829e+01 2.368881e+01
         vertex 1.601627e+01 1.130843e+01 2.368749e+01
         vertex 1.908203e+01 1.131765e+01 2.360057e+01
      endloop
   endfacet
   facet normal 5.533591e-05 -9.946161e-01 -1.036281e-01
      outer loop
         vertex 1.908203e+01 1.131765e+01 2.360057e+01
         vertex 1.601627e+01 1.130843e+01 2.368749e+01
         vertex 1.850892e+01 1.134224e+01 2.336427e+01
      endloop
   endfacet
   facet normal -1.434901e-04 -9.960270e-01 -8.905174e-02
      outer loop
         vertex 1.365710e+01 1.142364e+01 2.252593e+01
         vertex 1.306772e+01 1.145126e+01 2.221798e+01
         vertex 1.564753e+01 1.146354e+01 2.207645e+01
      endloop
   endfacet
   facet normal -3.895967e-06 -9.962495e-01 -8.652662e-02
      outer loop
         vertex 1.564753e+01 1.146354e+01 2.207645e+01
         vertex 1.306772e+01 1.145126e+01 2.221798e+01
         vertex 1.282411e+01 1.146249e+01 2.208867e+01
      endloop
   endfacet
   facet normal 8.022761e-06 -9.964831e-01 -8.379380e-02
      outer loop
         vertex 1.564753e+01 1.146354e+01 2.207645e+01
         vertex 1.282411e+01 1.146249e+01 2.208867e+01
         vertex 1.507576e+01 1.148694e+01 2.179815e+01
      endloop
   endfacet
   facet normal 3.790250e-04 -9.967190e-01 -8.093820e-02
      outer loop
         vertex 1.507576e+01 1.148694e+01 2.179815e+01
         vertex 1.282411e+01 1.146249e+01 2.208867e+01
         vertex 1.450406e+01 1.150987e+01 2.151313e+01
      endloop
   endfacet
   facet normal -2.238460e-03 -9.972878e-01 -7.356657e-02
      outer loop
         vertex 1.188912e+01 1.150446e+01 2.158157e+01
         vertex 1.141889e+01 1.152480e+01 2.132015e+01
         vertex 1.254208e+01 1.158389e+01 2.048481e+01
      endloop
   endfacet
   facet normal -9.786117e-04 -9.974127e-01 -7.188144e-02
      outer loop
         vertex 1.254208e+01 1.158389e+01 2.048481e+01
         vertex 1.141889e+01 1.152480e+01 2.132015e+01
         vertex 1.078212e+01 1.155142e+01 2.095944e+01
      endloop
   endfacet
   facet normal -3.623652e-04 -9.975744e-01 -6.960742e-02
      outer loop
         vertex 1.254208e+01 1.158389e+01 2.048481e+01
         vertex 1.078212e+01 1.155142e+01 2.095944e+01
         vertex 1.049221e+01 1.156316e+01 2.079270e+01
      endloop
   endfacet
   facet normal -3.749963e-03 -9.972169e-01 -7.446132e-02
      outer loop
         vertex 1.188912e+01 1.150446e+01 2.158157e+01
         vertex 1.254208e+01 1.158389e+01 2.048481e+01
         vertex 1.247841e+01 1.147823e+01 2.190317e+01
      endloop
   endfacet
   facet normal 3.781021e-03 -9.972418e-01 -7.412511e-02
      outer loop
         vertex 1.247841e+01 1.147823e+01 2.190317e+01
         vertex 1.254208e+01 1.158389e+01 2.048481e+01
         vertex 1.309283e+01 1.156395e+01 2.078117e+01
      endloop
   endfacet
   facet normal -3.144076e-03 -9.969566e-01 -7.789557e-02
      outer loop
         vertex 1.247841e+01 1.147823e+01 2.190317e+01
         vertex 1.309283e+01 1.156395e+01 2.078117e+01
         vertex 1.257945e+01 1.147365e+01 2.195763e+01
      endloop
   endfacet
   facet normal 2.335454e-03 -9.971417e-01 -7.551866e-02
      outer loop
         vertex 1.257945e+01 1.147365e+01 2.195763e+01
         vertex 1.309283e+01 1.156395e+01 2.078117e+01
         vertex 1.371298e+01 1.154067e+01 2.110774e+01
      endloop
   endfacet
   facet normal -1.968352e-03 -9.966940e-01 -8.122346e-02
      outer loop
         vertex 1.257945e+01 1.147365e+01 2.195763e+01
         vertex 1.371298e+01 1.154067e+01 2.110774e+01
         vertex 1.282411e+01 1.146249e+01 2.208867e+01
      endloop
   endfacet
   facet normal 1.963415e-03 -9.969762e-01 -7.768319e-02
      outer loop
         vertex 1.282411e+01 1.146249e+01 2.208867e+01
         vertex 1.371298e+01 1.154067e+01 2.110774e+01
         vertex 1.393238e+01 1.153225e+01 2.122144e+01
      endloop
   endfacet
   facet normal 1.141559e-03 -9.968956e-01 -7.872698e-02
      outer loop
         vertex 1.282411e+01 1.146249e+01 2.208867e+01
         vertex 1.393238e+01 1.153225e+01 2.122144e+01
         vertex 1.450406e+01 1.150987e+01 2.151313e+01
      endloop
   endfacet
   facet normal 4.013868e-03 -9.984264e-01 -5.593335e-02
      outer loop
         vertex 9.993600e+00 1.166505e+01 1.903825e+01
         vertex 1.061343e+01 1.164721e+01 1.940119e+01
         vertex 9.964283e+00 1.158388e+01 2.048507e+01
      endloop
   endfacet
   facet normal 1.991316e-03 -9.983641e-01 -5.714104e-02
      outer loop
         vertex 9.964283e+00 1.158388e+01 2.048507e+01
         vertex 1.061343e+01 1.164721e+01 1.940119e+01
         vertex 1.123322e+01 1.162808e+01 1.975705e+01
      endloop
   endfacet
   facet normal 6.901098e-04 -9.982340e-01 -5.940111e-02
      outer loop
         vertex 9.964283e+00 1.158388e+01 2.048507e+01
         vertex 1.123322e+01 1.162808e+01 1.975705e+01
         vertex 1.185300e+01 1.160776e+01 2.010573e+01
      endloop
   endfacet
   facet normal 4.986337e-08 -9.989500e-01 -4.581387e-02
      outer loop
         vertex 7.599165e+00 1.166470e+01 1.904561e+01
         vertex 7.335979e+00 1.167232e+01 1.887944e+01
         vertex 9.726092e+00 1.167232e+01 1.887947e+01
      endloop
   endfacet
   facet normal -4.407796e-03 -9.984152e-01 -5.610337e-02
      outer loop
         vertex 9.964283e+00 1.158388e+01 2.048507e+01
         vertex 9.508935e+00 1.160103e+01 2.021565e+01
         vertex 9.993600e+00 1.166505e+01 1.903825e+01
      endloop
   endfacet
   facet normal -2.451692e-03 -9.984667e-01 -5.530095e-02
      outer loop
         vertex 9.993600e+00 1.166505e+01 1.903825e+01
         vertex 9.508935e+00 1.160103e+01 2.021565e+01
         vertex 8.872404e+00 1.162380e+01 1.983278e+01
      endloop
   endfacet
   facet normal 1.969484e-03 -9.987930e-01 -4.907897e-02
      outer loop
         vertex 9.993600e+00 1.166505e+01 1.903825e+01
         vertex 8.872404e+00 1.162380e+01 1.983278e+01
         vertex 9.726092e+00 1.167232e+01 1.887947e+01
      endloop
   endfacet
   facet normal -1.425629e-03 -9.986403e-01 -5.211152e-02
      outer loop
         vertex 9.726092e+00 1.167232e+01 1.887947e+01
         vertex 8.872404e+00 1.162380e+01 1.983278e+01
         vertex 8.235834e+00 1.164506e+01 1.944273e+01
      endloop
   endfacet
   facet normal -2.500705e-04 -9.987983e-01 -4.900892e-02
      outer loop
         vertex 9.726092e+00 1.167232e+01 1.887947e+01
         vertex 8.235834e+00 1.164506e+01 1.944273e+01
         vertex 7.599165e+00 1.166470e+01 1.904561e+01
      endloop
   endfacet
   facet normal -8.137865e-05 -9.977026e-01 -6.774529e-02
      outer loop
         vertex 1.049221e+01 1.156316e+01 2.079270e+01
         vertex 1.014549e+01 1.157686e+01 2.059124e+01
         vertex 1.254208e+01 1.158389e+01 2.048481e+01
      endloop
   endfacet
   facet normal -7.091733e-08 -9.978248e-01 -6.592244e-02
      outer loop
         vertex 1.254208e+01 1.158389e+01 2.048481e+01
         vertex 1.014549e+01 1.157686e+01 2.059124e+01
         vertex 9.964283e+00 1.158388e+01 2.048507e+01
      endloop
   endfacet
   facet normal 2.364903e-08 -9.978852e-01 -6.500148e-02
      outer loop
         vertex 1.254208e+01 1.158389e+01 2.048481e+01
         vertex 9.964283e+00 1.158388e+01 2.048507e+01
         vertex 1.247285e+01 1.158635e+01 2.044714e+01
      endloop
   endfacet
   facet normal 3.578344e-05 -9.980358e-01 -6.264648e-02
      outer loop
         vertex 1.247285e+01 1.158635e+01 2.044714e+01
         vertex 9.964283e+00 1.158388e+01 2.048507e+01
         vertex 1.185300e+01 1.160776e+01 2.010573e+01
      endloop
   endfacet
   facet normal -1.915960e-03 -9.994886e-01 -3.191835e-02
      outer loop
         vertex 6.282274e+00 1.169972e+01 1.820258e+01
         vertex 5.977838e+00 1.170665e+01 1.800364e+01
         vertex 7.127401e+00 1.172781e+01 1.727215e+01
      endloop
   endfacet
   facet normal -5.761632e-04 -9.995553e-01 -2.981474e-02
      outer loop
         vertex 7.127401e+00 1.172781e+01 1.727215e+01
         vertex 5.977838e+00 1.170665e+01 1.800364e+01
         vertex 5.292458e+00 1.172057e+01 1.755036e+01
      endloop
   endfacet
   facet normal -1.158863e-07 -9.996615e-01 -2.601813e-02
      outer loop
         vertex 7.127401e+00 1.172781e+01 1.727215e+01
         vertex 5.292458e+00 1.172057e+01 1.755036e+01
         vertex 4.877453e+00 1.172780e+01 1.727231e+01
      endloop
   endfacet
   facet normal 1.066107e-03 -9.992605e-01 -3.843657e-02
      outer loop
         vertex 8.613787e+00 1.169960e+01 1.820568e+01
         vertex 8.753551e+00 1.169645e+01 1.829153e+01
         vertex 7.335979e+00 1.167232e+01 1.887944e+01
      endloop
   endfacet
   facet normal 3.326215e-04 -9.991915e-01 -4.020232e-02
      outer loop
         vertex 7.335979e+00 1.167232e+01 1.887944e+01
         vertex 8.753551e+00 1.169645e+01 1.829153e+01
         vertex 9.373657e+00 1.168150e+01 1.866833e+01
      endloop
   endfacet
   facet normal 1.650591e-08 -9.990575e-01 -4.340694e-02
      outer loop
         vertex 7.335979e+00 1.167232e+01 1.887944e+01
         vertex 9.373657e+00 1.168150e+01 1.866833e+01
         vertex 9.726092e+00 1.167232e+01 1.887947e+01
      endloop
   endfacet
   facet normal -3.067336e-03 -9.994519e-01 -3.296306e-02
      outer loop
         vertex 6.282274e+00 1.169972e+01 1.820258e+01
         vertex 7.127401e+00 1.172781e+01 1.727215e+01
         vertex 6.663295e+00 1.169040e+01 1.844944e+01
      endloop
   endfacet
   facet normal 3.540332e-03 -9.995327e-01 -3.036079e-02
      outer loop
         vertex 6.663295e+00 1.169040e+01 1.844944e+01
         vertex 7.127401e+00 1.172781e+01 1.727215e+01
         vertex 7.270740e+00 1.172553e+01 1.736378e+01
      endloop
   endfacet
   facet normal -3.857493e-03 -9.993974e-01 -3.449560e-02
      outer loop
         vertex 6.663295e+00 1.169040e+01 1.844944e+01
         vertex 7.270740e+00 1.172553e+01 1.736378e+01
         vertex 6.962337e+00 1.168262e+01 1.864152e+01
      endloop
   endfacet
   facet normal 2.989883e-03 -9.994560e-01 -3.284486e-02
      outer loop
         vertex 6.962337e+00 1.168262e+01 1.864152e+01
         vertex 7.270740e+00 1.172553e+01 1.736378e+01
         vertex 7.942235e+00 1.171358e+01 1.778851e+01
      endloop
   endfacet
   facet normal -2.563965e-03 -9.992274e-01 -3.921652e-02
      outer loop
         vertex 6.962337e+00 1.168262e+01 1.864152e+01
         vertex 7.942235e+00 1.171358e+01 1.778851e+01
         vertex 7.335979e+00 1.167232e+01 1.887944e+01
      endloop
   endfacet
   facet normal 2.962976e-03 -9.993420e-01 -3.614940e-02
      outer loop
         vertex 7.335979e+00 1.167232e+01 1.887944e+01
         vertex 7.942235e+00 1.171358e+01 1.778851e+01
         vertex 8.089442e+00 1.171069e+01 1.788061e+01
      endloop
   endfacet
   facet normal 1.818628e-03 -9.993132e-01 -3.701153e-02
      outer loop
         vertex 7.335979e+00 1.167232e+01 1.887944e+01
         vertex 8.089442e+00 1.171069e+01 1.788061e+01
         vertex 8.613787e+00 1.169960e+01 1.820568e+01
      endloop
   endfacet
   facet normal 1.512652e-03 -9.998504e-01 -1.723108e-02
      outer loop
         vertex 5.927653e+00 1.174284e+01 1.649217e+01
         vertex 6.081596e+00 1.174132e+01 1.659354e+01
         vertex 4.877453e+00 1.172780e+01 1.727231e+01
      endloop
   endfacet
   facet normal 6.579528e-04 -9.998240e-01 -1.874680e-02
      outer loop
         vertex 4.877453e+00 1.172780e+01 1.727231e+01
         vertex 6.081596e+00 1.174132e+01 1.659354e+01
         vertex 6.599234e+00 1.173533e+01 1.693162e+01
      endloop
   endfacet
   facet normal 1.608930e-07 -9.997564e-01 -2.206972e-02
      outer loop
         vertex 4.877453e+00 1.172780e+01 1.727231e+01
         vertex 6.599234e+00 1.173533e+01 1.693162e+01
         vertex 7.127401e+00 1.172781e+01 1.727215e+01
      endloop
   endfacet
   facet normal -1.038874e-03 -9.999502e-01 -9.923554e-03
      outer loop
         vertex 3.580159e+00 1.174428e+01 1.638621e+01
         vertex 3.237778e+00 1.174700e+01 1.614819e+01
         vertex 4.689975e+00 1.175030e+01 1.566390e+01
      endloop
   endfacet
   facet normal -3.525132e-04 -9.999690e-01 -7.865584e-03
      outer loop
         vertex 4.689975e+00 1.175030e+01 1.566390e+01
         vertex 3.237778e+00 1.174700e+01 1.614819e+01
         vertex 2.895348e+00 1.174901e+01 1.590845e+01
      endloop
   endfacet
   facet normal -2.261652e-06 -9.999860e-01 -5.295345e-03
      outer loop
         vertex 4.689975e+00 1.175030e+01 1.566390e+01
         vertex 2.895348e+00 1.174901e+01 1.590845e+01
         vertex 2.552860e+00 1.175028e+01 1.566699e+01
      endloop
   endfacet
   facet normal -2.049033e-03 -9.999321e-01 -1.147548e-02
      outer loop
         vertex 3.580159e+00 1.174428e+01 1.638621e+01
         vertex 4.689975e+00 1.175030e+01 1.566390e+01
         vertex 3.922499e+00 1.174087e+01 1.662249e+01
      endloop
   endfacet
   facet normal 2.246959e-03 -9.999652e-01 -8.036310e-03
      outer loop
         vertex 3.922499e+00 1.174087e+01 1.662249e+01
         vertex 4.689975e+00 1.175030e+01 1.566390e+01
         vertex 4.921251e+00 1.174956e+01 1.582044e+01
      endloop
   endfacet
   facet normal -2.445754e-03 -9.999007e-01 -1.387925e-02
      outer loop
         vertex 3.922499e+00 1.174087e+01 1.662249e+01
         vertex 4.921251e+00 1.174956e+01 1.582044e+01
         vertex 4.264806e+00 1.173678e+01 1.685700e+01
      endloop
   endfacet
   facet normal -3.850297e-03 -9.998835e-01 -1.476853e-02
      outer loop
         vertex 4.264806e+00 1.173678e+01 1.685700e+01
         vertex 4.921251e+00 1.174956e+01 1.582044e+01
         vertex 4.607088e+00 1.173202e+01 1.708974e+01
      endloop
   endfacet
   facet normal 3.840201e-03 -9.999099e-01 -1.286541e-02
      outer loop
         vertex 4.607088e+00 1.173202e+01 1.708974e+01
         vertex 4.921251e+00 1.174956e+01 1.582044e+01
         vertex 5.256769e+00 1.174794e+01 1.604612e+01
      endloop
   endfacet
   facet normal -3.721202e-03 -9.998387e-01 -1.757149e-02
      outer loop
         vertex 4.607088e+00 1.173202e+01 1.708974e+01
         vertex 5.256769e+00 1.174794e+01 1.604612e+01
         vertex 4.877453e+00 1.172780e+01 1.727231e+01
      endloop
   endfacet
   facet normal 3.538965e-03 -9.998763e-01 -1.532622e-02
      outer loop
         vertex 4.877453e+00 1.172780e+01 1.727231e+01
         vertex 5.256769e+00 1.174794e+01 1.604612e+01
         vertex 5.592233e+00 1.174570e+01 1.627003e+01
      endloop
   endfacet
   facet normal 2.239754e-03 -9.998654e-01 -1.625256e-02
      outer loop
         vertex 4.877453e+00 1.172780e+01 1.727231e+01
         vertex 5.592233e+00 1.174570e+01 1.627003e+01
         vertex 5.927653e+00 1.174284e+01 1.649217e+01
      endloop
   endfacet
   facet normal -4.619489e-07 -9.999610e-01 8.828569e-03
      outer loop
         vertex 4.247763e+00 1.174958e+01 1.492870e+01
         vertex 2.208331e+00 1.174958e+01 1.492842e+01
         vertex 2.200660e+00 1.174521e+01 1.443302e+01
      endloop
   endfacet
   facet normal -7.169520e-06 -9.998797e-01 1.551305e-02
      outer loop
         vertex 4.894110e+00 1.173958e+01 1.404422e+01
         vertex 4.567257e+00 1.174305e+01 1.426796e+01
         vertex 2.728116e+00 1.173977e+01 1.405558e+01
      endloop
   endfacet
   facet normal 2.760125e-04 -9.999147e-01 1.306132e-02
      outer loop
         vertex 2.728116e+00 1.173977e+01 1.405558e+01
         vertex 4.567257e+00 1.174305e+01 1.426796e+01
         vertex 4.241129e+00 1.174590e+01 1.449281e+01
      endloop
   endfacet
   facet normal -3.896256e-04 -9.998819e-01 1.536428e-02
      outer loop
         vertex 2.728116e+00 1.173977e+01 1.405558e+01
         vertex 4.241129e+00 1.174590e+01 1.449281e+01
         vertex 2.531279e+00 1.174200e+01 1.419598e+01
      endloop
   endfacet
   facet normal 8.138917e-04 -9.999641e-01 8.432761e-03
      outer loop
         vertex 2.531279e+00 1.174200e+01 1.419598e+01
         vertex 4.241129e+00 1.174590e+01 1.449281e+01
         vertex 4.247763e+00 1.174958e+01 1.492870e+01
      endloop
   endfacet
   facet normal -1.048388e-03 -9.999176e-01 1.279487e-02
      outer loop
         vertex 2.531279e+00 1.174200e+01 1.419598e+01
         vertex 4.247763e+00 1.174958e+01 1.492870e+01
         vertex 2.365882e+00 1.174369e+01 1.431437e+01
      endloop
   endfacet
   facet normal -7.097960e-04 -9.999306e-01 1.175778e-02
      outer loop
         vertex 2.365882e+00 1.174369e+01 1.431437e+01
         vertex 4.247763e+00 1.174958e+01 1.492870e+01
         vertex 2.200660e+00 1.174521e+01 1.443302e+01
      endloop
   endfacet
   facet normal -2.809549e-03 -9.999929e-01 2.517749e-03
      outer loop
         vertex 2.210508e+00 1.175082e+01 1.542398e+01
         vertex 2.208331e+00 1.174958e+01 1.492842e+01
         vertex 2.381693e+00 1.175065e+01 1.554569e+01
      endloop
   endfacet
   facet normal 5.063395e-07 -9.999985e-01 1.728541e-03
      outer loop
         vertex 2.381693e+00 1.175065e+01 1.554569e+01
         vertex 2.208331e+00 1.174958e+01 1.492842e+01
         vertex 4.247763e+00 1.174958e+01 1.492870e+01
      endloop
   endfacet
   facet normal -1.062067e-03 -9.999983e-01 -1.485184e-03
      outer loop
         vertex 2.381693e+00 1.175065e+01 1.554569e+01
         vertex 4.247763e+00 1.174958e+01 1.492870e+01
         vertex 2.552860e+00 1.175028e+01 1.566699e+01
      endloop
   endfacet
   facet normal 8.405584e-04 -9.999955e-01 2.882733e-03
      outer loop
         vertex 2.552860e+00 1.175028e+01 1.566699e+01
         vertex 4.247763e+00 1.174958e+01 1.492870e+01
         vertex 4.250027e+00 1.175084e+01 1.536390e+01
      endloop
   endfacet
   facet normal 6.683122e-05 -9.999989e-01 -1.449863e-03
      outer loop
         vertex 2.552860e+00 1.175028e+01 1.566699e+01
         vertex 4.250027e+00 1.175084e+01 1.536390e+01
         vertex 4.585673e+00 1.175053e+01 1.559304e+01
      endloop
   endfacet
   facet normal 1.693454e-07 -9.993377e-01 3.638802e-02
      outer loop
         vertex 7.301095e+00 1.169625e+01 1.244802e+01
         vertex 7.074399e+00 1.170157e+01 1.259437e+01
         vertex 5.042617e+00 1.169623e+01 1.244754e+01
      endloop
   endfacet
   facet normal 1.751875e-04 -9.994229e-01 3.396933e-02
      outer loop
         vertex 5.042617e+00 1.169623e+01 1.244754e+01
         vertex 7.074399e+00 1.170157e+01 1.259437e+01
         vertex 6.652257e+00 1.171084e+01 1.286914e+01
      endloop
   endfacet
   facet normal 7.795753e-04 -9.994983e-01 3.166446e-02
      outer loop
         vertex 5.042617e+00 1.169623e+01 1.244754e+01
         vertex 6.652257e+00 1.171084e+01 1.286914e+01
         vertex 6.302310e+00 1.171785e+01 1.309912e+01
      endloop
   endfacet
   facet normal 2.838019e-06 -9.998483e-01 1.741987e-02
      outer loop
         vertex 2.728116e+00 1.173977e+01 1.405558e+01
         vertex 2.862606e+00 1.173811e+01 1.395998e+01
         vertex 4.894110e+00 1.173958e+01 1.404422e+01
      endloop
   endfacet
   facet normal -8.487165e-05 -9.998092e-01 1.953432e-02
      outer loop
         vertex 4.894110e+00 1.173958e+01 1.404422e+01
         vertex 2.862606e+00 1.173811e+01 1.395998e+01
         vertex 3.223211e+00 1.173309e+01 1.370492e+01
      endloop
   endfacet
   facet normal -5.950546e-04 -9.997568e-01 2.204571e-02
      outer loop
         vertex 4.894110e+00 1.173958e+01 1.404422e+01
         vertex 3.223211e+00 1.173309e+01 1.370492e+01
         vertex 3.583001e+00 1.172731e+01 1.345232e+01
      endloop
   endfacet
   facet normal 1.640499e-03 -9.995485e-01 3.000174e-02
      outer loop
         vertex 6.302310e+00 1.171785e+01 1.309912e+01
         vertex 5.951525e+00 1.172426e+01 1.333163e+01
         vertex 5.042617e+00 1.169623e+01 1.244754e+01
      endloop
   endfacet
   facet normal 2.831209e-03 -9.995818e-01 2.877867e-02
      outer loop
         vertex 5.042617e+00 1.169623e+01 1.244754e+01
         vertex 5.951525e+00 1.172426e+01 1.333163e+01
         vertex 5.599900e+00 1.173003e+01 1.356666e+01
      endloop
   endfacet
   facet normal -2.781631e-03 -9.994976e-01 3.157112e-02
      outer loop
         vertex 5.042617e+00 1.169623e+01 1.244754e+01
         vertex 5.599900e+00 1.173003e+01 1.356666e+01
         vertex 4.657554e+00 1.170557e+01 1.270944e+01
      endloop
   endfacet
   facet normal 2.705997e-03 -9.996701e-01 2.554341e-02
      outer loop
         vertex 4.657554e+00 1.170557e+01 1.270944e+01
         vertex 5.599900e+00 1.173003e+01 1.356666e+01
         vertex 5.247430e+00 1.173514e+01 1.380419e+01
      endloop
   endfacet
   facet normal -2.717154e-03 -9.995911e-01 2.846341e-02
      outer loop
         vertex 4.657554e+00 1.170557e+01 1.270944e+01
         vertex 5.247430e+00 1.173514e+01 1.380419e+01
         vertex 4.300167e+00 1.171352e+01 1.295458e+01
      endloop
   endfacet
   facet normal 2.689202e-03 -9.997446e-01 2.243958e-02
      outer loop
         vertex 4.300167e+00 1.171352e+01 1.295458e+01
         vertex 5.247430e+00 1.173514e+01 1.380419e+01
         vertex 4.894110e+00 1.173958e+01 1.404422e+01
      endloop
   endfacet
   facet normal -2.699665e-03 -9.996744e-01 2.537526e-02
      outer loop
         vertex 4.300167e+00 1.171352e+01 1.295458e+01
         vertex 4.894110e+00 1.173958e+01 1.404422e+01
         vertex 3.941984e+00 1.172078e+01 1.320221e+01
      endloop
   endfacet
   facet normal -1.472542e-03 -9.997112e-01 2.398849e-02
      outer loop
         vertex 3.941984e+00 1.172078e+01 1.320221e+01
         vertex 4.894110e+00 1.173958e+01 1.404422e+01
         vertex 3.583001e+00 1.172731e+01 1.345232e+01
      endloop
   endfacet
   facet normal 5.058687e-05 -9.984976e-01 5.479536e-02
      outer loop
         vertex 9.814958e+00 1.162219e+01 1.088410e+01
         vertex 9.150926e+00 1.164423e+01 1.128646e+01
         vertex 7.485417e+00 1.161973e+01 1.084150e+01
      endloop
   endfacet
   facet normal 1.023001e-03 -9.986896e-01 5.116612e-02
      outer loop
         vertex 7.485417e+00 1.161973e+01 1.084150e+01
         vertex 9.150926e+00 1.164423e+01 1.128646e+01
         vertex 8.483522e+00 1.166467e+01 1.169874e+01
      endloop
   endfacet
   facet normal -1.819238e-03 -9.985140e-01 5.446622e-02
      outer loop
         vertex 7.485417e+00 1.161973e+01 1.084150e+01
         vertex 8.483522e+00 1.166467e+01 1.169874e+01
         vertex 7.358998e+00 1.162436e+01 1.092219e+01
      endloop
   endfacet
   facet normal 2.217641e-03 -9.988141e-01 4.863598e-02
      outer loop
         vertex 7.358998e+00 1.162436e+01 1.092219e+01
         vertex 8.483522e+00 1.166467e+01 1.169874e+01
         vertex 8.040264e+00 1.167723e+01 1.197683e+01
      endloop
   endfacet
   facet normal -1.790131e-03 -9.986859e-01 5.121844e-02
      outer loop
         vertex 7.358998e+00 1.162436e+01 1.092219e+01
         vertex 8.040264e+00 1.167723e+01 1.197683e+01
         vertex 6.676780e+00 1.164815e+01 1.136227e+01
      endloop
   endfacet
   facet normal 1.781499e-03 -9.990600e-01 4.331198e-02
      outer loop
         vertex 6.676780e+00 1.164815e+01 1.136227e+01
         vertex 8.040264e+00 1.167723e+01 1.197683e+01
         vertex 7.347912e+00 1.169512e+01 1.241791e+01
      endloop
   endfacet
   facet normal -1.957430e-03 -9.989540e-01 4.568433e-02
      outer loop
         vertex 6.676780e+00 1.164815e+01 1.136227e+01
         vertex 7.347912e+00 1.169512e+01 1.241791e+01
         vertex 6.075772e+00 1.166736e+01 1.175638e+01
      endloop
   endfacet
   facet normal 1.271741e-03 -9.992193e-01 3.948562e-02
      outer loop
         vertex 6.075772e+00 1.166736e+01 1.175638e+01
         vertex 7.347912e+00 1.169512e+01 1.241791e+01
         vertex 7.301095e+00 1.169625e+01 1.244802e+01
      endloop
   endfacet
   facet normal -4.300031e-04 -9.990966e-01 4.249534e-02
      outer loop
         vertex 6.075772e+00 1.166736e+01 1.175638e+01
         vertex 7.301095e+00 1.169625e+01 1.244802e+01
         vertex 5.368246e+00 1.168771e+01 1.222786e+01
      endloop
   endfacet
   facet normal -3.374653e-07 -9.992497e-01 3.872910e-02
      outer loop
         vertex 5.368246e+00 1.168771e+01 1.222786e+01
         vertex 7.301095e+00 1.169625e+01 1.244802e+01
         vertex 5.042617e+00 1.169623e+01 1.244754e+01
      endloop
   endfacet
   facet normal 1.317817e-04 -9.972230e-01 7.447304e-02
      outer loop
         vertex 1.178750e+01 1.154790e+01 9.736598e+00
         vertex 1.005516e+01 1.151223e+01 9.262096e+00
         vertex 1.243876e+01 1.152090e+01 9.373943e+00
      endloop
   endfacet
   facet normal -6.928013e-06 -9.969992e-01 7.741175e-02
      outer loop
         vertex 1.243876e+01 1.152090e+01 9.373943e+00
         vertex 1.005516e+01 1.151223e+01 9.262096e+00
         vertex 1.268815e+01 1.151029e+01 9.237255e+00
      endloop
   endfacet
   facet normal 3.250851e-08 -9.983426e-01 5.755084e-02
      outer loop
         vertex 9.814958e+00 1.162219e+01 1.088410e+01
         vertex 7.485417e+00 1.161973e+01 1.084150e+01
         vertex 9.885804e+00 1.161974e+01 1.084164e+01
      endloop
   endfacet
   facet normal -1.160241e-07 -9.981952e-01 6.005261e-02
      outer loop
         vertex 9.885804e+00 1.161974e+01 1.084164e+01
         vertex 7.485417e+00 1.161973e+01 1.084150e+01
         vertex 8.037892e+00 1.159871e+01 1.049210e+01
      endloop
   endfacet
   facet normal -5.211488e-04 -9.980262e-01 6.279696e-02
      outer loop
         vertex 9.885804e+00 1.161974e+01 1.084164e+01
         vertex 8.037892e+00 1.159871e+01 1.049210e+01
         vertex 8.375488e+00 1.158526e+01 1.028120e+01
      endloop
   endfacet
   facet normal 1.004947e-03 -9.974542e-01 7.130262e-02
      outer loop
         vertex 1.178750e+01 1.154790e+01 9.736598e+00
         vertex 1.113317e+01 1.157387e+01 1.010917e+01
         vertex 1.005516e+01 1.151223e+01 9.262096e+00
      endloop
   endfacet
   facet normal 2.635276e-03 -9.975967e-01 6.923818e-02
      outer loop
         vertex 1.005516e+01 1.151223e+01 9.262096e+00
         vertex 1.113317e+01 1.157387e+01 1.010917e+01
         vertex 1.047568e+01 1.159868e+01 1.049167e+01
      endloop
   endfacet
   facet normal -2.640005e-03 -9.974704e-01 7.103348e-02
      outer loop
         vertex 1.005516e+01 1.151223e+01 9.262096e+00
         vertex 1.047568e+01 1.159868e+01 1.049167e+01
         vertex 9.385914e+00 1.154249e+01 9.662034e+00
      endloop
   endfacet
   facet normal 2.520155e-03 -9.979283e-01 6.428638e-02
      outer loop
         vertex 9.385914e+00 1.154249e+01 9.662034e+00
         vertex 1.047568e+01 1.159868e+01 1.049167e+01
         vertex 9.885804e+00 1.161974e+01 1.084164e+01
      endloop
   endfacet
   facet normal -2.389850e-03 -9.977930e-01 6.635826e-02
      outer loop
         vertex 9.385914e+00 1.154249e+01 9.662034e+00
         vertex 9.885804e+00 1.161974e+01 1.084164e+01
         vertex 8.713512e+00 1.157136e+01 1.007204e+01
      endloop
   endfacet
   facet normal -1.143637e-03 -9.979191e-01 6.446789e-02
      outer loop
         vertex 8.713512e+00 1.157136e+01 1.007204e+01
         vertex 9.885804e+00 1.161974e+01 1.084164e+01
         vertex 8.375488e+00 1.158526e+01 1.028120e+01
      endloop
   endfacet
   facet normal 2.851699e-04 -9.955372e-01 9.436974e-02
      outer loop
         vertex 1.532448e+01 1.139074e+01 7.868850e+00
         vertex 1.470915e+01 1.141963e+01 8.175489e+00
         vertex 1.293999e+01 1.136789e+01 7.635045e+00
      endloop
   endfacet
   facet normal 1.054047e-03 -9.957700e-01 9.187509e-02
      outer loop
         vertex 1.470915e+01 1.141963e+01 8.175489e+00
         vertex 1.409103e+01 1.144813e+01 8.491429e+00
         vertex 1.293999e+01 1.136789e+01 7.635045e+00
      endloop
   endfacet
   facet normal 2.336618e-03 -9.959240e-01 9.016566e-02
      outer loop
         vertex 1.293999e+01 1.136789e+01 7.635045e+00
         vertex 1.409103e+01 1.144813e+01 8.491429e+00
         vertex 1.347002e+01 1.147612e+01 8.816705e+00
      endloop
   endfacet
   facet normal -2.943538e-03 -9.957070e-01 9.251418e-02
      outer loop
         vertex 1.293999e+01 1.136789e+01 7.635045e+00
         vertex 1.347002e+01 1.147612e+01 8.816705e+00
         vertex 1.270429e+01 1.138038e+01 7.761899e+00
      endloop
   endfacet
   facet normal 3.448018e-03 -9.961223e-01 8.791193e-02
      outer loop
         vertex 1.270429e+01 1.138038e+01 7.761899e+00
         vertex 1.347002e+01 1.147612e+01 8.816705e+00
         vertex 1.284604e+01 1.150349e+01 9.151351e+00
      endloop
   endfacet
   facet normal 1.568006e-06 -9.969293e-01 7.830681e-02
      outer loop
         vertex 1.005516e+01 1.151223e+01 9.262096e+00
         vertex 1.014129e+01 1.150824e+01 9.211223e+00
         vertex 1.268815e+01 1.151029e+01 9.237255e+00
      endloop
   endfacet
   facet normal -1.422062e-05 -9.968075e-01 7.984190e-02
      outer loop
         vertex 1.268815e+01 1.151029e+01 9.237255e+00
         vertex 1.014129e+01 1.150824e+01 9.211223e+00
         vertex 1.047177e+01 1.149270e+01 9.017307e+00
      endloop
   endfacet
   facet normal -2.192620e-04 -9.966410e-01 8.189474e-02
      outer loop
         vertex 1.268815e+01 1.151029e+01 9.237255e+00
         vertex 1.047177e+01 1.149270e+01 9.017307e+00
         vertex 1.078681e+01 1.147760e+01 8.834357e+00
      endloop
   endfacet
   facet normal -7.648834e-04 -9.964272e-01 8.445228e-02
      outer loop
         vertex 1.078681e+01 1.147760e+01 8.834357e+00
         vertex 1.142909e+01 1.144599e+01 8.467197e+00
         vertex 1.268815e+01 1.151029e+01 9.237255e+00
      endloop
   endfacet
   facet normal -1.545376e-03 -9.963181e-01 8.571929e-02
      outer loop
         vertex 1.268815e+01 1.151029e+01 9.237255e+00
         vertex 1.142909e+01 1.144599e+01 8.467197e+00
         vertex 1.151588e+01 1.144164e+01 8.418192e+00
      endloop
   endfacet
   facet normal 1.440881e-03 -9.966743e-01 8.147510e-02
      outer loop
         vertex 1.268815e+01 1.151029e+01 9.237255e+00
         vertex 1.151588e+01 1.144164e+01 8.418192e+00
         vertex 1.284604e+01 1.150349e+01 9.151351e+00
      endloop
   endfacet
   facet normal -1.857755e-03 -9.961701e-01 8.741724e-02
      outer loop
         vertex 1.284604e+01 1.150349e+01 9.151351e+00
         vertex 1.151588e+01 1.144164e+01 8.418192e+00
         vertex 1.206822e+01 1.141354e+01 8.109719e+00
      endloop
   endfacet
   facet normal -3.470854e-03 -9.960601e-01 8.861230e-02
      outer loop
         vertex 1.284604e+01 1.150349e+01 9.151351e+00
         vertex 1.206822e+01 1.141354e+01 8.109719e+00
         vertex 1.270429e+01 1.138038e+01 7.761899e+00
      endloop
   endfacet
   facet normal 2.580887e-04 -9.933801e-01 1.148735e-01
      outer loop
         vertex 1.611712e+01 1.119268e+01 6.036409e+00
         vertex 1.878445e+01 1.122344e+01 6.296416e+00
         vertex 1.820779e+01 1.125147e+01 6.540128e+00
      endloop
   endfacet
   facet normal 6.994595e-04 -9.935873e-01 1.130657e-01
      outer loop
         vertex 1.820779e+01 1.125147e+01 6.540128e+00
         vertex 1.775992e+01 1.127328e+01 6.734564e+00
         vertex 1.611712e+01 1.119268e+01 6.036409e+00
      endloop
   endfacet
   facet normal 1.361003e-03 -9.937602e-01 1.115291e-01
      outer loop
         vertex 1.611712e+01 1.119268e+01 6.036409e+00
         vertex 1.775992e+01 1.127328e+01 6.734564e+00
         vertex 1.715474e+01 1.130273e+01 7.004370e+00
      endloop
   endfacet
   facet normal 2.477829e-03 -9.938901e-01 1.103466e-01
      outer loop
         vertex 1.611712e+01 1.119268e+01 6.036409e+00
         vertex 1.715474e+01 1.130273e+01 7.004370e+00
         vertex 1.654718e+01 1.133219e+01 7.283328e+00
      endloop
   endfacet
   facet normal 1.001539e-07 -9.952600e-01 9.724998e-02
      outer loop
         vertex 1.532448e+01 1.139074e+01 7.868850e+00
         vertex 1.293999e+01 1.136789e+01 7.635045e+00
         vertex 1.580440e+01 1.136791e+01 7.635222e+00
      endloop
   endfacet
   facet normal -7.709377e-08 -9.949783e-01 1.000912e-01
      outer loop
         vertex 1.580440e+01 1.136791e+01 7.635222e+00
         vertex 1.293999e+01 1.136789e+01 7.635045e+00
         vertex 1.333737e+01 1.134663e+01 7.423705e+00
      endloop
   endfacet
   facet normal -1.651493e-04 -9.947847e-01 1.019970e-01
      outer loop
         vertex 1.580440e+01 1.136791e+01 7.635222e+00
         vertex 1.333737e+01 1.134663e+01 7.423705e+00
         vertex 1.359655e+01 1.133263e+01 7.287586e+00
      endloop
   endfacet
   facet normal -4.206714e-04 -9.946186e-01 1.036030e-01
      outer loop
         vertex 1.359655e+01 1.133263e+01 7.287586e+00
         vertex 1.396757e+01 1.131243e+01 7.095108e+00
         vertex 1.580440e+01 1.136791e+01 7.635222e+00
      endloop
   endfacet
   facet normal -1.032553e-03 -9.944016e-01 1.056616e-01
      outer loop
         vertex 1.580440e+01 1.136791e+01 7.635222e+00
         vertex 1.396757e+01 1.131243e+01 7.095108e+00
         vertex 1.459498e+01 1.127788e+01 6.776071e+00
      endloop
   endfacet
   facet normal 1.469852e-03 -9.947651e-01 1.021771e-01
      outer loop
         vertex 1.580440e+01 1.136791e+01 7.635222e+00
         vertex 1.459498e+01 1.127788e+01 6.776071e+00
         vertex 1.593712e+01 1.136156e+01 7.571476e+00
      endloop
   endfacet
   facet normal -1.924811e-03 -9.941662e-01 1.078422e-01
      outer loop
         vertex 1.593712e+01 1.136156e+01 7.571476e+00
         vertex 1.459498e+01 1.127788e+01 6.776071e+00
         vertex 1.521969e+01 1.124309e+01 6.466561e+00
      endloop
   endfacet
   facet normal 2.572118e-03 -9.944736e-01 1.049552e-01
      outer loop
         vertex 1.593712e+01 1.136156e+01 7.571476e+00
         vertex 1.521969e+01 1.124309e+01 6.466561e+00
         vertex 1.596358e+01 1.136029e+01 7.558816e+00
      endloop
   endfacet
   facet normal -3.080028e-03 -9.940632e-01 1.087606e-01
      outer loop
         vertex 1.596358e+01 1.136029e+01 7.558816e+00
         vertex 1.521969e+01 1.124309e+01 6.466561e+00
         vertex 1.566877e+01 1.121792e+01 6.249161e+00
      endloop
   endfacet
   facet normal 2.847786e-03 -9.942073e-01 1.074419e-01
      outer loop
         vertex 1.596358e+01 1.136029e+01 7.558816e+00
         vertex 1.566877e+01 1.121792e+01 6.249161e+00
         vertex 1.654718e+01 1.133219e+01 7.283328e+00
      endloop
   endfacet
   facet normal -2.452034e-03 -9.937176e-01 1.118894e-01
      outer loop
         vertex 1.654718e+01 1.133219e+01 7.283328e+00
         vertex 1.566877e+01 1.121792e+01 6.249161e+00
         vertex 1.584181e+01 1.120819e+01 6.166539e+00
      endloop
   endfacet
   facet normal -2.934055e-03 -9.936824e-01 1.121899e-01
      outer loop
         vertex 1.654718e+01 1.133219e+01 7.283328e+00
         vertex 1.584181e+01 1.120819e+01 6.166539e+00
         vertex 1.611712e+01 1.119268e+01 6.036409e+00
      endloop
   endfacet
   facet normal 1.009825e-04 -9.907022e-01 1.360485e-01
      outer loop
         vertex 2.332477e+01 1.101345e+01 4.647775e+00
         vertex 2.276342e+01 1.103772e+01 4.824938e+00
         vertex 1.976973e+01 1.098843e+01 4.468271e+00
      endloop
   endfacet
   facet normal 2.975077e-04 -9.909231e-01 1.344295e-01
      outer loop
         vertex 1.976973e+01 1.098843e+01 4.468271e+00
         vertex 2.276342e+01 1.103772e+01 4.824938e+00
         vertex 2.225599e+01 1.106019e+01 4.991680e+00
      endloop
   endfacet
   facet normal 4.554610e-04 -9.910227e-01 1.336929e-01
      outer loop
         vertex 1.976973e+01 1.098843e+01 4.468271e+00
         vertex 2.225599e+01 1.106019e+01 4.991680e+00
         vertex 2.220049e+01 1.106267e+01 5.010295e+00
      endloop
   endfacet
   facet normal 6.022763e-04 -9.911096e-01 1.330464e-01
      outer loop
         vertex 2.220049e+01 1.106267e+01 5.010295e+00
         vertex 2.177500e+01 1.108190e+01 5.155470e+00
         vertex 1.976973e+01 1.098843e+01 4.468271e+00
      endloop
   endfacet
   facet normal 8.249282e-04 -9.911949e-01 1.324083e-01
      outer loop
         vertex 1.976973e+01 1.098843e+01 4.468271e+00
         vertex 2.177500e+01 1.108190e+01 5.155470e+00
         vertex 2.163589e+01 1.108825e+01 5.203877e+00
      endloop
   endfacet
   facet normal 1.037215e-03 -9.912652e-01 1.318793e-01
      outer loop
         vertex 1.976973e+01 1.098843e+01 4.468271e+00
         vertex 2.163589e+01 1.108825e+01 5.203877e+00
         vertex 2.129354e+01 1.110401e+01 5.324972e+00
      endloop
   endfacet
   facet normal 1.261885e-05 -9.930898e-01 1.173573e-01
      outer loop
         vertex 1.878445e+01 1.122344e+01 6.296416e+00
         vertex 1.611712e+01 1.119268e+01 6.036409e+00
         vertex 1.935886e+01 1.119565e+01 6.061161e+00
      endloop
   endfacet
   facet normal -8.999229e-06 -9.927559e-01 1.201486e-01
      outer loop
         vertex 1.935886e+01 1.119565e+01 6.061161e+00
         vertex 1.611712e+01 1.119268e+01 6.036409e+00
         vertex 1.646144e+01 1.117326e+01 5.875967e+00
      endloop
   endfacet
   facet normal -1.074840e-04 -9.925710e-01 1.216671e-01
      outer loop
         vertex 1.935886e+01 1.119565e+01 6.061161e+00
         vertex 1.646144e+01 1.117326e+01 5.875967e+00
         vertex 1.670202e+01 1.115968e+01 5.765391e+00
      endloop
   endfacet
   facet normal -2.698065e-04 -9.923938e-01 1.231037e-01
      outer loop
         vertex 1.670202e+01 1.115968e+01 5.765391e+00
         vertex 1.707868e+01 1.113842e+01 5.594809e+00
         vertex 1.935886e+01 1.119565e+01 6.061161e+00
      endloop
   endfacet
   facet normal -6.687613e-04 -9.921534e-01 1.250248e-01
      outer loop
         vertex 1.935886e+01 1.119565e+01 6.061161e+00
         vertex 1.707868e+01 1.113842e+01 5.594809e+00
         vertex 1.769364e+01 1.110375e+01 5.323024e+00
      endloop
   endfacet
   facet normal -1.413199e-03 -9.919429e-01 1.266780e-01
      outer loop
         vertex 1.935886e+01 1.119565e+01 6.061161e+00
         vertex 1.769364e+01 1.110375e+01 5.323024e+00
         vertex 1.830643e+01 1.106936e+01 5.060576e+00
      endloop
   endfacet
   facet normal 1.337072e-03 -9.913345e-01 1.313552e-01
      outer loop
         vertex 2.129354e+01 1.110401e+01 5.324972e+00
         vertex 2.106953e+01 1.111440e+01 5.405717e+00
         vertex 1.976973e+01 1.098843e+01 4.468271e+00
      endloop
   endfacet
   facet normal 1.820928e-03 -9.914208e-01 1.306960e-01
      outer loop
         vertex 1.976973e+01 1.098843e+01 4.468271e+00
         vertex 2.106953e+01 1.111440e+01 5.405717e+00
         vertex 2.050130e+01 1.114106e+01 5.615852e+00
      endloop
   endfacet
   facet normal -1.889890e-03 -9.911115e-01 1.330204e-01
      outer loop
         vertex 1.976973e+01 1.098843e+01 4.468271e+00
         vertex 2.050130e+01 1.114106e+01 5.615852e+00
         vertex 1.919984e+01 1.101970e+01 4.693130e+00
      endloop
   endfacet
   facet normal 1.840989e-03 -9.917921e-01 1.278477e-01
      outer loop
         vertex 1.919984e+01 1.101970e+01 4.693130e+00
         vertex 2.050130e+01 1.114106e+01 5.615852e+00
         vertex 1.993111e+01 1.116816e+01 5.834320e+00
      endloop
   endfacet
   facet normal -2.016751e-03 -9.914754e-01 1.302785e-01
      outer loop
         vertex 1.919984e+01 1.101970e+01 4.693130e+00
         vertex 1.993111e+01 1.116816e+01 5.834320e+00
         vertex 1.876350e+01 1.104387e+01 4.870326e+00
      endloop
   endfacet
   facet normal 2.067158e-03 -9.921025e-01 1.254128e-01
      outer loop
         vertex 1.876350e+01 1.104387e+01 4.870326e+00
         vertex 1.993111e+01 1.116816e+01 5.834320e+00
         vertex 1.935886e+01 1.119565e+01 6.061161e+00
      endloop
   endfacet
   facet normal -2.518980e-03 -9.918136e-01 1.276689e-01
      outer loop
         vertex 1.876350e+01 1.104387e+01 4.870326e+00
         vertex 1.935886e+01 1.119565e+01 6.061161e+00
         vertex 1.862790e+01 1.105142e+01 4.926276e+00
      endloop
   endfacet
   facet normal -2.136635e-03 -9.918457e-01 1.274267e-01
      outer loop
         vertex 1.862790e+01 1.105142e+01 4.926276e+00
         vertex 1.935886e+01 1.119565e+01 6.061161e+00
         vertex 1.830643e+01 1.106936e+01 5.060576e+00
      endloop
   endfacet
   facet normal -2.931505e-05 -9.876363e-01 1.567629e-01
      outer loop
         vertex 2.370947e+01 1.078745e+01 3.122864e+00
         vertex 2.399846e+01 1.077411e+01 3.038900e+00
         vertex 3.253934e+01 1.074972e+01 2.886798e+00
      endloop
   endfacet
   facet normal -7.757120e-05 -9.879141e-01 1.550023e-01
      outer loop
         vertex 2.370947e+01 1.078745e+01 3.122864e+00
         vertex 3.253934e+01 1.074972e+01 2.886798e+00
         vertex 2.315127e+01 1.081385e+01 3.290830e+00
      endloop
   endfacet
   facet normal 2.526054e-03 -9.853646e-01 1.704413e-01
      outer loop
         vertex 2.949415e+01 1.080325e+01 3.223117e+00
         vertex 2.911658e+01 1.081248e+01 3.282066e+00
         vertex 2.033766e+01 1.095769e+01 4.251655e+00
      endloop
   endfacet
   facet normal -1.891747e-04 -9.883078e-01 1.524716e-01
      outer loop
         vertex 2.315127e+01 1.081385e+01 3.290830e+00
         vertex 3.253934e+01 1.074972e+01 2.886798e+00
         vertex 2.259170e+01 1.084111e+01 3.466818e+00
      endloop
   endfacet
   facet normal 8.769784e-04 -9.853923e-01 1.702973e-01
      outer loop
         vertex 2.259170e+01 1.084111e+01 3.466818e+00
         vertex 3.253934e+01 1.074972e+01 2.886798e+00
         vertex 3.203412e+01 1.075592e+01 2.925306e+00
      endloop
   endfacet
   facet normal -3.297173e-04 -9.887194e-01 1.497793e-01
      outer loop
         vertex 2.259170e+01 1.084111e+01 3.466818e+00
         vertex 3.203412e+01 1.075592e+01 2.925306e+00
         vertex 2.203065e+01 1.086917e+01 3.650860e+00
      endloop
   endfacet
   facet normal 1.660802e-03 -9.842934e-01 1.765325e-01
      outer loop
         vertex 2.203065e+01 1.086917e+01 3.650860e+00
         vertex 3.203412e+01 1.075592e+01 2.925306e+00
         vertex 3.152807e+01 1.076323e+01 2.970817e+00
      endloop
   endfacet
   facet normal -5.164943e-04 -9.891539e-01 1.468818e-01
      outer loop
         vertex 2.203065e+01 1.086917e+01 3.650860e+00
         vertex 3.152807e+01 1.076323e+01 2.970817e+00
         vertex 2.146802e+01 1.089800e+01 3.842989e+00
      endloop
   endfacet
   facet normal 2.832455e-03 -9.828225e-01 1.845318e-01
      outer loop
         vertex 2.146802e+01 1.089800e+01 3.842989e+00
         vertex 3.152807e+01 1.076323e+01 2.970817e+00
         vertex 3.102111e+01 1.077163e+01 3.023339e+00
      endloop
   endfacet
   facet normal -7.539853e-04 -9.896097e-01 1.437779e-01
      outer loop
         vertex 2.146802e+01 1.089800e+01 3.842989e+00
         vertex 3.102111e+01 1.077163e+01 3.023339e+00
         vertex 2.090373e+01 1.092752e+01 4.043241e+00
      endloop
   endfacet
   facet normal 4.479910e-03 -9.809182e-01 1.943695e-01
      outer loop
         vertex 2.090373e+01 1.092752e+01 4.043241e+00
         vertex 3.102111e+01 1.077163e+01 3.023339e+00
         vertex 3.051318e+01 1.078111e+01 3.082887e+00
      endloop
   endfacet
   facet normal -1.047010e-03 -9.900853e-01 1.404638e-01
      outer loop
         vertex 2.090373e+01 1.092752e+01 4.043241e+00
         vertex 3.051318e+01 1.078111e+01 3.082887e+00
         vertex 2.033766e+01 1.095769e+01 4.251655e+00
      endloop
   endfacet
   facet normal 6.705913e-03 -9.784848e-01 2.062097e-01
      outer loop
         vertex 2.033766e+01 1.095769e+01 4.251655e+00
         vertex 3.051318e+01 1.078111e+01 3.082887e+00
         vertex 3.000422e+01 1.079166e+01 3.149474e+00
      endloop
   endfacet
   facet normal 3.623899e-03 -9.836673e-01 1.799599e-01
      outer loop
         vertex 2.033766e+01 1.095769e+01 4.251655e+00
         vertex 3.000422e+01 1.079166e+01 3.149474e+00
         vertex 2.949415e+01 1.080325e+01 3.223117e+00
      endloop
   endfacet
   facet normal 1.849174e-03 -9.863812e-01 1.644649e-01
      outer loop
         vertex 2.911658e+01 1.081248e+01 3.282066e+00
         vertex 2.858991e+01 1.082625e+01 3.370567e+00
         vertex 2.033766e+01 1.095769e+01 4.251655e+00
      endloop
   endfacet
   facet normal 1.322778e-03 -9.871724e-01 1.596527e-01
      outer loop
         vertex 2.033766e+01 1.095769e+01 4.251655e+00
         vertex 2.858991e+01 1.082625e+01 3.370567e+00
         vertex 2.806234e+01 1.084106e+01 3.466508e+00
      endloop
   endfacet
   facet normal 9.398821e-04 -9.877609e-01 1.559730e-01
      outer loop
         vertex 2.033766e+01 1.095769e+01 4.251655e+00
         vertex 2.806234e+01 1.084106e+01 3.466508e+00
         vertex 2.753379e+01 1.085688e+01 3.569902e+00
      endloop
   endfacet
   facet normal 6.437687e-04 -9.882387e-01 1.529180e-01
      outer loop
         vertex 2.753379e+01 1.085688e+01 3.569902e+00
         vertex 2.700417e+01 1.087369e+01 3.680764e+00
         vertex 2.033766e+01 1.095769e+01 4.251655e+00
      endloop
   endfacet
   facet normal 4.100098e-04 -9.886482e-01 1.502486e-01
      outer loop
         vertex 2.033766e+01 1.095769e+01 4.251655e+00
         vertex 2.700417e+01 1.087369e+01 3.680764e+00
         vertex 2.647341e+01 1.089146e+01 3.799112e+00
      endloop
   endfacet
   facet normal 2.280978e-04 -9.890120e-01 1.478354e-01
      outer loop
         vertex 2.033766e+01 1.095769e+01 4.251655e+00
         vertex 2.647341e+01 1.089146e+01 3.799112e+00
         vertex 2.594141e+01 1.091015e+01 3.924968e+00
      endloop
   endfacet
   facet normal 9.579995e-05 -9.893415e-01 1.456140e-01
      outer loop
         vertex 2.594141e+01 1.091015e+01 3.924968e+00
         vertex 2.540810e+01 1.092973e+01 4.058355e+00
         vertex 2.033766e+01 1.095769e+01 4.251655e+00
      endloop
   endfacet
   facet normal 3.525277e-05 -9.895691e-01 1.440587e-01
      outer loop
         vertex 2.033766e+01 1.095769e+01 4.251655e+00
         vertex 2.540810e+01 1.092973e+01 4.058355e+00
         vertex 2.513176e+01 1.094019e+01 4.130302e+00
      endloop
   endfacet
   facet normal 9.547133e-06 -9.897134e-01 1.430640e-01
      outer loop
         vertex 2.033766e+01 1.095769e+01 4.251655e+00
         vertex 2.513176e+01 1.094019e+01 4.130302e+00
         vertex 2.487339e+01 1.095016e+01 4.199305e+00
      endloop
   endfacet
   facet normal -7.528861e-06 -9.899219e-01 1.416145e-01
      outer loop
         vertex 2.487339e+01 1.095016e+01 4.199305e+00
         vertex 2.433719e+01 1.097142e+01 4.347842e+00
         vertex 2.033766e+01 1.095769e+01 4.251655e+00
      endloop
   endfacet
   facet normal 2.752123e-05 -9.901252e-01 1.401861e-01
      outer loop
         vertex 2.033766e+01 1.095769e+01 4.251655e+00
         vertex 2.433719e+01 1.097142e+01 4.347842e+00
         vertex 2.401051e+01 1.098472e+01 4.441853e+00
      endloop
   endfacet
   facet normal 7.847818e-06 -9.900724e-01 1.405585e-01
      outer loop
         vertex 2.033766e+01 1.095769e+01 4.251655e+00
         vertex 2.401051e+01 1.098472e+01 4.441853e+00
         vertex 1.976973e+01 1.098843e+01 4.468271e+00
      endloop
   endfacet
   facet normal -1.469916e-06 -9.902795e-01 1.390919e-01
      outer loop
         vertex 1.976973e+01 1.098843e+01 4.468271e+00
         vertex 2.401051e+01 1.098472e+01 4.441853e+00
         vertex 2.379943e+01 1.099345e+01 4.504003e+00
      endloop
   endfacet
   facet normal 1.007580e-05 -9.904580e-01 1.378149e-01
      outer loop
         vertex 1.976973e+01 1.098843e+01 4.468271e+00
         vertex 2.379943e+01 1.099345e+01 4.504003e+00
         vertex 2.332477e+01 1.101345e+01 4.647775e+00
      endloop
   endfacet
   facet normal -4.824289e-04 -9.857013e-01 1.685015e-01
      outer loop
         vertex 3.725006e+01 1.074635e+01 2.865963e+00
         vertex 3.675500e+01 1.074204e+01 2.839318e+00
         vertex 3.707014e+01 1.050988e+01 1.482122e+00
      endloop
   endfacet
   facet normal 5.135345e-04 -9.857228e-01 1.683757e-01
      outer loop
         vertex 3.707014e+01 1.050988e+01 1.482122e+00
         vertex 3.723051e+01 1.051151e+01 1.491157e+00
         vertex 3.725006e+01 1.074635e+01 2.865963e+00
      endloop
   endfacet
   facet normal 5.754651e-04 -9.857229e-01 1.683748e-01
      outer loop
         vertex 3.725006e+01 1.074635e+01 2.865963e+00
         vertex 3.723051e+01 1.051151e+01 1.491157e+00
         vertex 3.773136e+01 1.051737e+01 1.523793e+00
      endloop
   endfacet
   facet normal 6.438212e-04 -9.857188e-01 1.683986e-01
      outer loop
         vertex 3.725006e+01 1.074635e+01 2.865963e+00
         vertex 3.773136e+01 1.051737e+01 1.523793e+00
         vertex 3.808061e+01 1.052216e+01 1.550497e+00
      endloop
   endfacet
   facet normal 6.772858e-04 -9.857152e-01 1.684192e-01
      outer loop
         vertex 3.808061e+01 1.052216e+01 1.550497e+00
         vertex 3.823219e+01 1.052442e+01 1.563095e+00
         vertex 3.725006e+01 1.074635e+01 2.865963e+00
      endloop
   endfacet
   facet normal 7.089196e-04 -9.857113e-01 1.684423e-01
      outer loop
         vertex 3.725006e+01 1.074635e+01 2.865963e+00
         vertex 3.823219e+01 1.052442e+01 1.563095e+00
         vertex 3.873299e+01 1.053263e+01 1.609041e+00
      endloop
   endfacet
   facet normal 7.370614e-04 -9.857057e-01 1.684746e-01
      outer loop
         vertex 3.725006e+01 1.074635e+01 2.865963e+00
         vertex 3.873299e+01 1.053263e+01 1.609041e+00
         vertex 3.909280e+01 1.053924e+01 1.646142e+00
      endloop
   endfacet
   facet normal 7.454999e-04 -9.857036e-01 1.684870e-01
      outer loop
         vertex 3.909280e+01 1.053924e+01 1.646142e+00
         vertex 3.923378e+01 1.054199e+01 1.661606e+00
         vertex 3.725006e+01 1.074635e+01 2.865963e+00
      endloop
   endfacet
   facet normal 7.440652e-04 -9.857040e-01 1.684847e-01
      outer loop
         vertex 3.725006e+01 1.074635e+01 2.865963e+00
         vertex 3.923378e+01 1.054199e+01 1.661606e+00
         vertex 3.973455e+01 1.055248e+01 1.720767e+00
      endloop
   endfacet
   facet normal 7.288766e-04 -9.857095e-01 1.684527e-01
      outer loop
         vertex 3.725006e+01 1.074635e+01 2.865963e+00
         vertex 3.973455e+01 1.055248e+01 1.720767e+00
         vertex 4.010660e+01 1.056099e+01 1.768974e+00
      endloop
   endfacet
   facet normal 7.131566e-04 -9.857163e-01 1.684129e-01
      outer loop
         vertex 4.010660e+01 1.056099e+01 1.768974e+00
         vertex 4.023533e+01 1.056408e+01 1.786496e+00
         vertex 3.725006e+01 1.074635e+01 2.865963e+00
      endloop
   endfacet
   facet normal 6.822862e-04 -9.857305e-01 1.683299e-01
      outer loop
         vertex 3.725006e+01 1.074635e+01 2.865963e+00
         vertex 4.023533e+01 1.056408e+01 1.786496e+00
         vertex 4.073612e+01 1.057677e+01 1.858770e+00
      endloop
   endfacet
   facet normal 6.208589e-04 -9.857658e-01 1.681232e-01
      outer loop
         vertex 3.725006e+01 1.074635e+01 2.865963e+00
         vertex 4.073612e+01 1.057677e+01 1.858770e+00
         vertex 4.123691e+01 1.059052e+01 1.937564e+00
      endloop
   endfacet
   facet normal 5.443107e-04 -9.858203e-01 1.678037e-01
      outer loop
         vertex 4.123691e+01 1.059052e+01 1.937564e+00
         vertex 4.173774e+01 1.060532e+01 2.022850e+00
         vertex 3.725006e+01 1.074635e+01 2.865963e+00
      endloop
   endfacet
   facet normal 4.573230e-04 -9.858969e-01 1.673534e-01
      outer loop
         vertex 3.725006e+01 1.074635e+01 2.865963e+00
         vertex 4.173774e+01 1.060532e+01 2.022850e+00
         vertex 4.223859e+01 1.062113e+01 2.114604e+00
      endloop
   endfacet
   facet normal 3.784766e-04 -9.859832e-01 1.668443e-01
      outer loop
         vertex 3.725006e+01 1.074635e+01 2.865963e+00
         vertex 4.223859e+01 1.062113e+01 2.114604e+00
         vertex 4.260557e+01 1.063333e+01 2.185918e+00
      endloop
   endfacet
   facet normal 5.640315e-05 -9.866449e-01 1.628860e-01
      outer loop
         vertex 4.416650e+01 1.069088e+01 2.527551e+00
         vertex 4.468613e+01 1.071194e+01 2.654924e+00
         vertex 3.725006e+01 1.074635e+01 2.865963e+00
      endloop
   endfacet
   facet normal 1.289318e-05 -9.868902e-01 1.613929e-01
      outer loop
         vertex 3.725006e+01 1.074635e+01 2.865963e+00
         vertex 4.468613e+01 1.071194e+01 2.654924e+00
         vertex 4.520545e+01 1.073387e+01 2.788969e+00
      endloop
   endfacet
   facet normal 8.679195e-07 -9.870874e-01 1.601824e-01
      outer loop
         vertex 3.725006e+01 1.074635e+01 2.865963e+00
         vertex 4.520545e+01 1.073387e+01 2.788969e+00
         vertex 4.544061e+01 1.074407e+01 2.851876e+00
      endloop
   endfacet
   facet normal 2.950045e-04 -9.860912e-01 1.662049e-01
      outer loop
         vertex 4.260557e+01 1.063333e+01 2.185918e+00
         vertex 4.312624e+01 1.065154e+01 2.293002e+00
         vertex 3.725006e+01 1.074635e+01 2.865963e+00
      endloop
   endfacet
   facet normal 2.030569e-04 -9.862454e-01 1.652875e-01
      outer loop
         vertex 3.725006e+01 1.074635e+01 2.865963e+00
         vertex 4.312624e+01 1.065154e+01 2.293002e+00
         vertex 4.364655e+01 1.067073e+01 2.406894e+00
      endloop
   endfacet
   facet normal 1.215420e-04 -9.864300e-01 1.641821e-01
      outer loop
         vertex 3.725006e+01 1.074635e+01 2.865963e+00
         vertex 4.364655e+01 1.067073e+01 2.406894e+00
         vertex 4.416650e+01 1.069088e+01 2.527551e+00
      endloop
   endfacet
   facet normal -2.390485e-04 -9.856104e-01 1.690329e-01
      outer loop
         vertex 3.576529e+01 1.073667e+01 2.806252e+00
         vertex 3.606156e+01 1.050247e+01 1.441073e+00
         vertex 3.626007e+01 1.073881e+01 2.819406e+00
      endloop
   endfacet
   facet normal 2.666905e-04 -9.856225e-01 1.689622e-01
      outer loop
         vertex 3.626007e+01 1.073881e+01 2.819406e+00
         vertex 3.606156e+01 1.050247e+01 1.441073e+00
         vertex 3.622871e+01 1.050336e+01 1.445989e+00
      endloop
   endfacet
   facet normal -3.679221e-04 -9.856201e-01 1.689762e-01
      outer loop
         vertex 3.626007e+01 1.073881e+01 2.819406e+00
         vertex 3.622871e+01 1.050336e+01 1.445989e+00
         vertex 3.675500e+01 1.074204e+01 2.839318e+00
      endloop
   endfacet
   facet normal 3.519142e-04 -9.856653e-01 1.687121e-01
      outer loop
         vertex 3.675500e+01 1.074204e+01 2.839318e+00
         vertex 3.622871e+01 1.050336e+01 1.445989e+00
         vertex 3.672963e+01 1.050683e+01 1.465215e+00
      endloop
   endfacet
   facet normal 4.437446e-04 -9.856656e-01 1.687104e-01
      outer loop
         vertex 3.675500e+01 1.074204e+01 2.839318e+00
         vertex 3.672963e+01 1.050683e+01 1.465215e+00
         vertex 3.707014e+01 1.050988e+01 1.482122e+00
      endloop
   endfacet
   facet normal -1.856232e-07 -9.873818e-01 1.583578e-01
      outer loop
         vertex 2.399846e+01 1.077411e+01 3.038900e+00
         vertex 2.453575e+01 1.074995e+01 2.888259e+00
         vertex 3.253934e+01 1.074972e+01 2.886798e+00
      endloop
   endfacet
   facet normal 3.750520e-08 -9.871899e-01 1.595497e-01
      outer loop
         vertex 3.253934e+01 1.074972e+01 2.886798e+00
         vertex 2.453575e+01 1.074995e+01 2.888259e+00
         vertex 2.466892e+01 1.074410e+01 2.852025e+00
      endloop
   endfacet
   facet normal 7.988034e-08 -9.871914e-01 1.595403e-01
      outer loop
         vertex 3.253934e+01 1.074972e+01 2.886798e+00
         vertex 2.466892e+01 1.074410e+01 2.852025e+00
         vertex 3.304378e+01 1.074463e+01 2.855289e+00
      endloop
   endfacet
   facet normal -2.890143e-07 -9.870419e-01 1.604626e-01
      outer loop
         vertex 3.304378e+01 1.074463e+01 2.855289e+00
         vertex 2.466892e+01 1.074410e+01 2.852025e+00
         vertex 2.507163e+01 1.072672e+01 2.745130e+00
      endloop
   endfacet
   facet normal -2.110672e-05 -9.868022e-01 1.619302e-01
      outer loop
         vertex 2.507163e+01 1.072672e+01 2.745130e+00
         vertex 2.560618e+01 1.070445e+01 2.609483e+00
         vertex 3.304378e+01 1.074463e+01 2.855289e+00
      endloop
   endfacet
   facet normal -7.121373e-05 -9.865588e-01 1.634065e-01
      outer loop
         vertex 3.304378e+01 1.074463e+01 2.855289e+00
         vertex 2.560618e+01 1.070445e+01 2.609483e+00
         vertex 2.613949e+01 1.068318e+01 2.481287e+00
      endloop
   endfacet
   facet normal -1.418664e-04 -9.863477e-01 1.646761e-01
      outer loop
         vertex 3.304378e+01 1.074463e+01 2.855289e+00
         vertex 2.613949e+01 1.068318e+01 2.481287e+00
         vertex 2.667164e+01 1.066294e+01 2.360516e+00
      endloop
   endfacet
   facet normal -2.270656e-04 -9.861688e-01 1.657439e-01
      outer loop
         vertex 2.667164e+01 1.066294e+01 2.360516e+00
         vertex 2.720272e+01 1.064376e+01 2.247144e+00
         vertex 3.304378e+01 1.074463e+01 2.855289e+00
      endloop
   endfacet
   facet normal -3.206412e-04 -9.860214e-01 1.666182e-01
      outer loop
         vertex 3.304378e+01 1.074463e+01 2.855289e+00
         vertex 2.720272e+01 1.064376e+01 2.247144e+00
         vertex 2.773280e+01 1.062568e+01 2.141150e+00
      endloop
   endfacet
   facet normal -4.165236e-04 -9.859040e-01 1.673117e-01
      outer loop
         vertex 3.304378e+01 1.074463e+01 2.855289e+00
         vertex 2.773280e+01 1.062568e+01 2.141150e+00
         vertex 2.826198e+01 1.060872e+01 2.042514e+00
      endloop
   endfacet
   facet normal -5.085572e-04 -9.858144e-01 1.678382e-01
      outer loop
         vertex 2.826198e+01 1.060872e+01 2.042514e+00
         vertex 2.879033e+01 1.059290e+01 1.951223e+00
         vertex 3.304378e+01 1.074463e+01 2.855289e+00
      endloop
   endfacet
   facet normal -5.902170e-04 -9.857507e-01 1.682117e-01
      outer loop
         vertex 3.304378e+01 1.074463e+01 2.855289e+00
         vertex 2.879033e+01 1.059290e+01 1.951223e+00
         vertex 2.931794e+01 1.057826e+01 1.867262e+00
      endloop
   endfacet
   facet normal -6.357463e-04 -9.857222e-01 1.683786e-01
      outer loop
         vertex 3.304378e+01 1.074463e+01 2.855289e+00
         vertex 2.931794e+01 1.057826e+01 1.867262e+00
         vertex 2.944785e+01 1.057483e+01 1.847696e+00
      endloop
   endfacet
   facet normal -6.694933e-04 -9.857022e-01 1.684957e-01
      outer loop
         vertex 2.944785e+01 1.057483e+01 1.847696e+00
         vertex 2.996138e+01 1.056200e+01 1.774656e+00
         vertex 3.304378e+01 1.074463e+01 2.855289e+00
      endloop
   endfacet
   facet normal -6.952585e-04 -9.856899e-01 1.685671e-01
      outer loop
         vertex 3.304378e+01 1.074463e+01 2.855289e+00
         vertex 2.996138e+01 1.056200e+01 1.774656e+00
         vertex 3.000348e+01 1.056099e+01 1.768973e+00
      endloop
   endfacet
   facet normal -7.112491e-04 -9.856825e-01 1.686106e-01
      outer loop
         vertex 3.304378e+01 1.074463e+01 2.855289e+00
         vertex 3.000348e+01 1.056099e+01 1.768973e+00
         vertex 3.047395e+01 1.055033e+01 1.708619e+00
      endloop
   endfacet
   facet normal -7.265695e-04 -9.856768e-01 1.686439e-01
      outer loop
         vertex 3.047395e+01 1.055033e+01 1.708619e+00
         vertex 3.098563e+01 1.053985e+01 1.649568e+00
         vertex 3.304378e+01 1.074463e+01 2.855289e+00
      endloop
   endfacet
   facet normal -7.178589e-04 -9.856792e-01 1.686295e-01
      outer loop
         vertex 3.304378e+01 1.074463e+01 2.855289e+00
         vertex 3.098563e+01 1.053985e+01 1.649568e+00
         vertex 3.149648e+01 1.053057e+01 1.597486e+00
      endloop
   endfacet
   facet normal -6.833204e-04 -9.856863e-01 1.685882e-01
      outer loop
         vertex 3.304378e+01 1.074463e+01 2.855289e+00
         vertex 3.149648e+01 1.053057e+01 1.597486e+00
         vertex 3.200658e+01 1.052250e+01 1.552360e+00
      endloop
   endfacet
   facet normal -6.236995e-04 -9.856943e-01 1.685421e-01
      outer loop
         vertex 3.200658e+01 1.052250e+01 1.552360e+00
         vertex 3.251599e+01 1.051565e+01 1.514182e+00
         vertex 3.304378e+01 1.074463e+01 2.855289e+00
      endloop
   endfacet
   facet normal -5.411302e-04 -9.856997e-01 1.685105e-01
      outer loop
         vertex 3.304378e+01 1.074463e+01 2.855289e+00
         vertex 3.251599e+01 1.051565e+01 1.514182e+00
         vertex 3.302479e+01 1.051003e+01 1.482946e+00
      endloop
   endfacet
   facet normal 4.300510e-04 -9.857020e-01 1.684975e-01
      outer loop
         vertex 3.304378e+01 1.074463e+01 2.855289e+00
         vertex 3.302479e+01 1.051003e+01 1.482946e+00
         vertex 3.354751e+01 1.074066e+01 2.830775e+00
      endloop
   endfacet
   facet normal -4.237414e-04 -9.856469e-01 1.688192e-01
      outer loop
         vertex 3.354751e+01 1.074066e+01 2.830775e+00
         vertex 3.302479e+01 1.051003e+01 1.482946e+00
         vertex 3.353302e+01 1.050565e+01 1.458647e+00
      endloop
   endfacet
   facet normal 3.092339e-04 -9.856483e-01 1.688117e-01
      outer loop
         vertex 3.354751e+01 1.074066e+01 2.830775e+00
         vertex 3.353302e+01 1.050565e+01 1.458647e+00
         vertex 3.405059e+01 1.073781e+01 2.813257e+00
      endloop
   endfacet
   facet normal -3.045097e-04 -9.856092e-01 1.690395e-01
      outer loop
         vertex 3.405059e+01 1.073781e+01 2.813257e+00
         vertex 3.353302e+01 1.050565e+01 1.458647e+00
         vertex 3.404077e+01 1.050251e+01 1.441284e+00
      endloop
   endfacet
   facet normal 1.869251e-04 -9.856098e-01 1.690361e-01
      outer loop
         vertex 3.405059e+01 1.073781e+01 2.813257e+00
         vertex 3.404077e+01 1.050251e+01 1.441284e+00
         vertex 3.455308e+01 1.073610e+01 2.802741e+00
      endloop
   endfacet
   facet normal -1.842296e-04 -9.855866e-01 1.691717e-01
      outer loop
         vertex 3.455308e+01 1.073610e+01 2.802741e+00
         vertex 3.404077e+01 1.050251e+01 1.441284e+00
         vertex 3.454808e+01 1.050063e+01 1.430863e+00
      endloop
   endfacet
   facet normal 6.258885e-05 -9.855867e-01 1.691709e-01
      outer loop
         vertex 3.455308e+01 1.073610e+01 2.802741e+00
         vertex 3.454808e+01 1.050063e+01 1.430863e+00
         vertex 3.505504e+01 1.073553e+01 2.799233e+00
      endloop
   endfacet
   facet normal -6.151687e-05 -9.855791e-01 1.692155e-01
      outer loop
         vertex 3.505504e+01 1.073553e+01 2.799233e+00
         vertex 3.454808e+01 1.050063e+01 1.430863e+00
         vertex 3.505504e+01 1.050000e+01 1.427386e+00
      endloop
   endfacet
   facet normal -2.673212e-05 -9.855791e-01 1.692155e-01
      outer loop
         vertex 3.505504e+01 1.073553e+01 2.799233e+00
         vertex 3.505504e+01 1.050000e+01 1.427386e+00
         vertex 3.527063e+01 1.073564e+01 2.799881e+00
      endloop
   endfacet
   facet normal 2.041055e-05 -9.855803e-01 1.692083e-01
      outer loop
         vertex 3.527063e+01 1.073564e+01 2.799881e+00
         vertex 3.505504e+01 1.050000e+01 1.427386e+00
         vertex 3.522672e+01 1.050007e+01 1.427785e+00
      endloop
   endfacet
   facet normal -1.166813e-04 -9.855796e-01 1.692126e-01
      outer loop
         vertex 3.527063e+01 1.073564e+01 2.799881e+00
         vertex 3.522672e+01 1.050007e+01 1.427785e+00
         vertex 3.576529e+01 1.073667e+01 2.806252e+00
      endloop
   endfacet
   facet normal 1.035503e-04 -9.855939e-01 1.691290e-01
      outer loop
         vertex 3.576529e+01 1.073667e+01 2.806252e+00
         vertex 3.522672e+01 1.050007e+01 1.427785e+00
         vertex 3.572774e+01 1.050111e+01 1.433505e+00
      endloop
   endfacet
   facet normal 2.040816e-04 -9.855944e-01 1.691264e-01
      outer loop
         vertex 3.576529e+01 1.073667e+01 2.806252e+00
         vertex 3.572774e+01 1.050111e+01 1.433505e+00
         vertex 3.606156e+01 1.050247e+01 1.441073e+00
      endloop
   endfacet
   facet normal -2.068440e-05 -9.874520e-01 1.579195e-01
      outer loop
         vertex 3.923178e+01 1.077419e+01 3.039383e+00
         vertex 3.873612e+01 1.076567e+01 2.986051e+00
         vertex 4.544061e+01 1.074407e+01 2.851876e+00
      endloop
   endfacet
   facet normal -9.458231e-06 -9.873644e-01 1.584664e-01
      outer loop
         vertex 4.544061e+01 1.074407e+01 2.851876e+00
         vertex 3.873612e+01 1.076567e+01 2.986051e+00
         vertex 3.824062e+01 1.075818e+01 2.939354e+00
      endloop
   endfacet
   facet normal -3.278298e-06 -9.872847e-01 1.589622e-01
      outer loop
         vertex 4.544061e+01 1.074407e+01 2.851876e+00
         vertex 3.824062e+01 1.075818e+01 2.939354e+00
         vertex 3.774527e+01 1.075174e+01 2.899316e+00
      endloop
   endfacet
   facet normal -4.712771e-04 -9.881712e-01 1.533537e-01
      outer loop
         vertex 4.266658e+01 1.085968e+01 3.588287e+00
         vertex 4.215738e+01 1.084426e+01 3.487359e+00
         vertex 4.544061e+01 1.074407e+01 2.851876e+00
      endloop
   endfacet
   facet normal -6.491577e-04 -9.882724e-01 1.526995e-01
      outer loop
         vertex 4.266658e+01 1.085968e+01 3.588287e+00
         vertex 4.544061e+01 1.074407e+01 2.851876e+00
         vertex 4.317561e+01 1.087597e+01 3.695892e+00
      endloop
   endfacet
   facet normal 1.327489e-03 -9.890150e-01 1.478091e-01
      outer loop
         vertex 4.728010e+01 1.082940e+01 3.390951e+00
         vertex 4.779822e+01 1.085502e+01 3.557667e+00
         vertex 4.605747e+01 1.098299e+01 4.429588e+00
      endloop
   endfacet
   facet normal 9.566761e-04 -9.891234e-01 1.470847e-01
      outer loop
         vertex 4.779822e+01 1.085502e+01 3.557667e+00
         vertex 4.821374e+01 1.087599e+01 3.696038e+00
         vertex 4.605747e+01 1.098299e+01 4.429588e+00
      endloop
   endfacet
   facet normal 6.073355e-04 -9.892727e-01 1.460796e-01
      outer loop
         vertex 4.605747e+01 1.098299e+01 4.429588e+00
         vertex 4.821374e+01 1.087599e+01 3.696038e+00
         vertex 4.876278e+01 1.090426e+01 3.885197e+00
      endloop
   endfacet
   facet normal 2.920571e-04 -9.894981e-01 1.445454e-01
      outer loop
         vertex 4.605747e+01 1.098299e+01 4.429588e+00
         vertex 4.876278e+01 1.090426e+01 3.885197e+00
         vertex 4.931139e+01 1.093308e+01 4.081344e+00
      endloop
   endfacet
   facet normal 2.454665e-03 -9.885997e-01 1.505477e-01
      outer loop
         vertex 4.544061e+01 1.074407e+01 2.851876e+00
         vertex 4.572448e+01 1.075662e+01 2.929640e+00
         vertex 4.552452e+01 1.096148e+01 4.278146e+00
      endloop
   endfacet
   facet normal 2.138043e-03 -9.886074e-01 1.505019e-01
      outer loop
         vertex 4.552452e+01 1.096148e+01 4.278146e+00
         vertex 4.572448e+01 1.075662e+01 2.929640e+00
         vertex 4.624326e+01 1.078016e+01 3.076891e+00
      endloop
   endfacet
   facet normal -2.141341e-03 -9.889853e-01 1.479985e-01
      outer loop
         vertex 4.552452e+01 1.096148e+01 4.278146e+00
         vertex 4.624326e+01 1.078016e+01 3.076891e+00
         vertex 4.605747e+01 1.098299e+01 4.429588e+00
      endloop
   endfacet
   facet normal 2.231256e-03 -9.888970e-01 1.485858e-01
      outer loop
         vertex 4.605747e+01 1.098299e+01 4.429588e+00
         vertex 4.624326e+01 1.078016e+01 3.076891e+00
         vertex 4.676179e+01 1.080444e+01 3.230677e+00
      endloop
   endfacet
   facet normal 1.773940e-03 -9.889374e-01 1.483232e-01
      outer loop
         vertex 4.605747e+01 1.098299e+01 4.429588e+00
         vertex 4.676179e+01 1.080444e+01 3.230677e+00
         vertex 4.728010e+01 1.082940e+01 3.390951e+00
      endloop
   endfacet
   facet normal -2.430183e-03 -9.885570e-01 1.508285e-01
      outer loop
         vertex 4.552452e+01 1.096148e+01 4.278146e+00
         vertex 4.521045e+01 1.094914e+01 4.192220e+00
         vertex 4.544061e+01 1.074407e+01 2.851876e+00
      endloop
   endfacet
   facet normal -2.127143e-03 -9.885499e-01 1.508795e-01
      outer loop
         vertex 4.544061e+01 1.074407e+01 2.851876e+00
         vertex 4.521045e+01 1.094914e+01 4.192220e+00
         vertex 4.497832e+01 1.094019e+01 4.130301e+00
      endloop
   endfacet
   facet normal -1.873246e-03 -9.885367e-01 1.509693e-01
      outer loop
         vertex 4.544061e+01 1.074407e+01 2.851876e+00
         vertex 4.497832e+01 1.094019e+01 4.130301e+00
         vertex 4.470190e+01 1.092972e+01 4.058335e+00
      endloop
   endfacet
   facet normal -1.658613e-03 -9.885174e-01 1.510977e-01
      outer loop
         vertex 4.470190e+01 1.092972e+01 4.058335e+00
         vertex 4.450068e+01 1.092224e+01 4.007161e+00
         vertex 4.544061e+01 1.074407e+01 2.851876e+00
      endloop
   endfacet
   facet normal -1.452977e-03 -9.884928e-01 1.512612e-01
      outer loop
         vertex 4.544061e+01 1.074407e+01 2.851876e+00
         vertex 4.450068e+01 1.092224e+01 4.007161e+00
         vertex 4.419326e+01 1.091103e+01 3.930958e+00
      endloop
   endfacet
   facet normal -1.281114e-03 -9.884633e-01 1.514553e-01
      outer loop
         vertex 4.544061e+01 1.074407e+01 2.851876e+00
         vertex 4.419326e+01 1.091103e+01 3.930958e+00
         vertex 4.402350e+01 1.090496e+01 3.889908e+00
      endloop
   endfacet
   facet normal -1.114459e-03 -9.884294e-01 1.516776e-01
      outer loop
         vertex 4.402350e+01 1.090496e+01 3.889908e+00
         vertex 4.368450e+01 1.089310e+01 3.810129e+00
         vertex 4.544061e+01 1.074407e+01 2.851876e+00
      endloop
   endfacet
   facet normal -9.768716e-04 -9.883917e-01 1.519239e-01
      outer loop
         vertex 4.544061e+01 1.074407e+01 2.851876e+00
         vertex 4.368450e+01 1.089310e+01 3.810129e+00
         vertex 4.354680e+01 1.088838e+01 3.778563e+00
      endloop
   endfacet
   facet normal -8.437727e-04 -9.883510e-01 1.521895e-01
      outer loop
         vertex 4.544061e+01 1.074407e+01 2.851876e+00
         vertex 4.354680e+01 1.088838e+01 3.778563e+00
         vertex 4.317561e+01 1.087597e+01 3.695892e+00
      endloop
   endfacet
   facet normal -3.347323e-04 -9.880642e-01 1.540423e-01
      outer loop
         vertex 4.215738e+01 1.084426e+01 3.487359e+00
         vertex 4.164801e+01 1.082974e+01 3.393147e+00
         vertex 4.544061e+01 1.074407e+01 2.851876e+00
      endloop
   endfacet
   facet normal -2.312776e-04 -9.879537e-01 1.547497e-01
      outer loop
         vertex 4.544061e+01 1.074407e+01 2.851876e+00
         vertex 4.164801e+01 1.082974e+01 3.393147e+00
         vertex 4.113845e+01 1.081617e+01 3.305695e+00
      endloop
   endfacet
   facet normal -1.544757e-04 -9.878422e-01 1.554601e-01
      outer loop
         vertex 4.544061e+01 1.074407e+01 2.851876e+00
         vertex 4.113845e+01 1.081617e+01 3.305695e+00
         vertex 4.062867e+01 1.080355e+01 3.225045e+00
      endloop
   endfacet
   facet normal -1.040952e-04 -9.877422e-01 1.560938e-01
      outer loop
         vertex 4.062867e+01 1.080355e+01 3.225045e+00
         vertex 4.022357e+01 1.079424e+01 3.165855e+00
         vertex 4.544061e+01 1.074407e+01 2.851876e+00
      endloop
   endfacet
   facet normal -6.728955e-05 -9.876478e-01 1.566903e-01
      outer loop
         vertex 4.544061e+01 1.074407e+01 2.851876e+00
         vertex 4.022357e+01 1.079424e+01 3.165855e+00
         vertex 3.972759e+01 1.078372e+01 3.099326e+00
      endloop
   endfacet
   facet normal -3.910725e-05 -9.875469e-01 1.573248e-01
      outer loop
         vertex 4.544061e+01 1.074407e+01 2.851876e+00
         vertex 3.972759e+01 1.078372e+01 3.099326e+00
         vertex 3.923178e+01 1.077419e+01 3.039383e+00
      endloop
   endfacet
   facet normal 7.848017e-05 -9.897818e-01 1.425905e-01
      outer loop
         vertex 4.931139e+01 1.093308e+01 4.081344e+00
         vertex 4.985959e+01 1.096238e+01 4.284417e+00
         vertex 4.605747e+01 1.098299e+01 4.429588e+00
      endloop
   endfacet
   facet normal -2.842827e-06 -9.900803e-01 1.405029e-01
      outer loop
         vertex 4.605747e+01 1.098299e+01 4.429588e+00
         vertex 4.985959e+01 1.096238e+01 4.284417e+00
         vertex 5.027271e+01 1.098475e+01 4.442081e+00
      endloop
   endfacet
   facet normal 2.820571e-06 -9.903444e-01 1.386292e-01
      outer loop
         vertex 4.605747e+01 1.098299e+01 4.429588e+00
         vertex 5.027271e+01 1.098475e+01 4.442081e+00
         vertex 4.659003e+01 1.100516e+01 4.587956e+00
      endloop
   endfacet
   facet normal -7.109662e-05 -9.905989e-01 1.367988e-01
      outer loop
         vertex 4.659003e+01 1.100516e+01 4.587956e+00
         vertex 5.027271e+01 1.098475e+01 4.442081e+00
         vertex 4.712224e+01 1.102794e+01 4.753188e+00
      endloop
   endfacet
   facet normal -9.148415e-04 -9.911912e-01 1.324354e-01
      outer loop
         vertex 4.871704e+01 1.109941e+01 5.289490e+00
         vertex 4.818572e+01 1.107512e+01 5.104014e+00
         vertex 5.027271e+01 1.098475e+01 4.442081e+00
      endloop
   endfacet
   facet normal -5.126279e-04 -9.910243e-01 1.336807e-01
      outer loop
         vertex 5.027271e+01 1.098475e+01 4.442081e+00
         vertex 4.818572e+01 1.107512e+01 5.104014e+00
         vertex 4.765413e+01 1.105128e+01 4.925227e+00
      endloop
   endfacet
   facet normal -2.376322e-04 -9.908260e-01 1.351439e-01
      outer loop
         vertex 5.027271e+01 1.098475e+01 4.442081e+00
         vertex 4.765413e+01 1.105128e+01 4.925227e+00
         vertex 4.712224e+01 1.102794e+01 4.753188e+00
      endloop
   endfacet
   facet normal 2.396311e-03 -9.917826e-01 1.279125e-01
      outer loop
         vertex 5.134658e+01 1.104387e+01 4.870327e+00
         vertex 5.150219e+01 1.105253e+01 4.934566e+00
         vertex 5.069035e+01 1.119271e+01 6.036673e+00
      endloop
   endfacet
   facet normal 1.816604e-03 -9.918379e-01 1.274925e-01
      outer loop
         vertex 5.069035e+01 1.119271e+01 6.036673e+00
         vertex 5.150219e+01 1.105253e+01 4.934566e+00
         vertex 5.204917e+01 1.108312e+01 5.164719e+00
      endloop
   endfacet
   facet normal 1.221345e-03 -9.919557e-01 1.265797e-01
      outer loop
         vertex 5.069035e+01 1.119271e+01 6.036673e+00
         vertex 5.204917e+01 1.108312e+01 5.164719e+00
         vertex 5.237651e+01 1.110151e+01 5.305668e+00
      endloop
   endfacet
   facet normal 8.954533e-04 -9.920502e-01 1.258398e-01
      outer loop
         vertex 5.237651e+01 1.110151e+01 5.305668e+00
         vertex 5.259593e+01 1.111386e+01 5.401487e+00
         vertex 5.069035e+01 1.119271e+01 6.036673e+00
      endloop
   endfacet
   facet normal 4.839481e-04 -9.922039e-01 1.246243e-01
      outer loop
         vertex 5.069035e+01 1.119271e+01 6.036673e+00
         vertex 5.259593e+01 1.111386e+01 5.401487e+00
         vertex 5.314252e+01 1.114469e+01 5.644809e+00
      endloop
   endfacet
   facet normal 2.076227e-04 -9.924164e-01 1.229212e-01
      outer loop
         vertex 5.069035e+01 1.119271e+01 6.036673e+00
         vertex 5.314252e+01 1.114469e+01 5.644809e+00
         vertex 5.340803e+01 1.115968e+01 5.765374e+00
      endloop
   endfacet
   facet normal 2.847398e-03 -9.917492e-01 1.281620e-01
      outer loop
         vertex 5.134658e+01 1.104387e+01 4.870327e+00
         vertex 5.069035e+01 1.119271e+01 6.036673e+00
         vertex 5.095496e+01 1.102217e+01 4.711091e+00
      endloop
   endfacet
   facet normal -2.801258e-03 -9.918920e-01 1.270528e-01
      outer loop
         vertex 5.095496e+01 1.102217e+01 4.711091e+00
         vertex 5.069035e+01 1.119271e+01 6.036673e+00
         vertex 5.030972e+01 1.117442e+01 5.885482e+00
      endloop
   endfacet
   facet normal 2.937935e-03 -9.914894e-01 1.301539e-01
      outer loop
         vertex 5.095496e+01 1.102217e+01 4.711091e+00
         vertex 5.030972e+01 1.117442e+01 5.885482e+00
         vertex 5.040744e+01 1.099209e+01 4.494353e+00
      endloop
   endfacet
   facet normal -2.895153e-03 -9.915424e-01 1.297511e-01
      outer loop
         vertex 5.040744e+01 1.099209e+01 4.494353e+00
         vertex 5.030972e+01 1.117442e+01 5.885482e+00
         vertex 4.977901e+01 1.114912e+01 5.680282e+00
      endloop
   endfacet
   facet normal 2.590303e-03 -9.911652e-01 1.326079e-01
      outer loop
         vertex 5.040744e+01 1.099209e+01 4.494353e+00
         vertex 4.977901e+01 1.114912e+01 5.680282e+00
         vertex 5.027271e+01 1.098475e+01 4.442081e+00
      endloop
   endfacet
   facet normal -2.196825e-03 -9.914153e-01 1.307324e-01
      outer loop
         vertex 5.027271e+01 1.098475e+01 4.442081e+00
         vertex 4.977901e+01 1.114912e+01 5.680282e+00
         vertex 4.924813e+01 1.112410e+01 5.481599e+00
      endloop
   endfacet
   facet normal -1.467267e-03 -9.913232e-01 1.314391e-01
      outer loop
         vertex 5.027271e+01 1.098475e+01 4.442081e+00
         vertex 4.924813e+01 1.112410e+01 5.481599e+00
         vertex 4.871704e+01 1.109941e+01 5.289490e+00
      endloop
   endfacet
   facet normal 2.584493e-03 -9.941948e-01 1.075636e-01
      outer loop
         vertex 5.532631e+01 1.126740e+01 6.681671e+00
         vertex 5.430545e+01 1.136790e+01 7.635113e+00
         vertex 5.473887e+01 1.123461e+01 6.392729e+00
      endloop
   endfacet
   facet normal -2.832683e-03 -9.943945e-01 1.056952e-01
      outer loop
         vertex 5.473887e+01 1.123461e+01 6.392729e+00
         vertex 5.430545e+01 1.136790e+01 7.635113e+00
         vertex 5.394901e+01 1.135081e+01 7.464769e+00
      endloop
   endfacet
   facet normal 1.845549e-03 -9.942808e-01 1.067814e-01
      outer loop
         vertex 5.532631e+01 1.126740e+01 6.681671e+00
         vertex 5.547641e+01 1.127573e+01 6.756663e+00
         vertex 5.430545e+01 1.136790e+01 7.635113e+00
      endloop
   endfacet
   facet normal 1.281185e-03 -9.943613e-01 1.060376e-01
      outer loop
         vertex 5.430545e+01 1.136790e+01 7.635113e+00
         vertex 5.547641e+01 1.127573e+01 6.756663e+00
         vertex 5.591352e+01 1.129987e+01 6.977724e+00
      endloop
   endfacet
   facet normal 5.212851e-04 -9.945563e-01 1.041990e-01
      outer loop
         vertex 5.430545e+01 1.136790e+01 7.635113e+00
         vertex 5.591352e+01 1.129987e+01 6.977724e+00
         vertex 5.650056e+01 1.133193e+01 7.280807e+00
      endloop
   endfacet
   facet normal -2.138715e-03 -9.938610e-01 1.106154e-01
      outer loop
         vertex 5.280935e+01 1.129564e+01 6.938544e+00
         vertex 5.399345e+01 1.119271e+01 6.036641e+00
         vertex 5.337929e+01 1.132331e+01 7.198174e+00
      endloop
   endfacet
   facet normal 2.652670e-03 -9.935781e-01 1.131171e-01
      outer loop
         vertex 5.337929e+01 1.132331e+01 7.198174e+00
         vertex 5.399345e+01 1.119271e+01 6.036641e+00
         vertex 5.415115e+01 1.120159e+01 6.110978e+00
      endloop
   endfacet
   facet normal -3.069571e-03 -9.940255e-01 1.091046e-01
      outer loop
         vertex 5.337929e+01 1.132331e+01 7.198174e+00
         vertex 5.415115e+01 1.120159e+01 6.110978e+00
         vertex 5.394901e+01 1.135081e+01 7.464769e+00
      endloop
   endfacet
   facet normal 3.493000e-03 -9.939174e-01 1.100726e-01
      outer loop
         vertex 5.394901e+01 1.135081e+01 7.464769e+00
         vertex 5.415115e+01 1.120159e+01 6.110978e+00
         vertex 5.444132e+01 1.121792e+01 6.249164e+00
      endloop
   endfacet
   facet normal 2.795342e-03 -9.939505e-01 1.097937e-01
      outer loop
         vertex 5.394901e+01 1.135081e+01 7.464769e+00
         vertex 5.444132e+01 1.121792e+01 6.249164e+00
         vertex 5.473887e+01 1.123461e+01 6.392729e+00
      endloop
   endfacet
   facet normal -1.175408e-03 -9.937228e-01 1.118644e-01
      outer loop
         vertex 5.280935e+01 1.129564e+01 6.938544e+00
         vertex 5.223915e+01 1.126788e+01 6.685955e+00
         vertex 5.399345e+01 1.119271e+01 6.036641e+00
      endloop
   endfacet
   facet normal -5.196378e-04 -9.935249e-01 1.136132e-01
      outer loop
         vertex 5.399345e+01 1.119271e+01 6.036641e+00
         vertex 5.223915e+01 1.126788e+01 6.685955e+00
         vertex 5.166865e+01 1.124010e+01 6.440481e+00
      endloop
   endfacet
   facet normal -1.313605e-04 -9.932704e-01 1.158185e-01
      outer loop
         vertex 5.399345e+01 1.119271e+01 6.036641e+00
         vertex 5.166865e+01 1.124010e+01 6.440481e+00
         vertex 5.109779e+01 1.121240e+01 6.202202e+00
      endloop
   endfacet
   facet normal 1.062347e-04 -9.925399e-01 1.219206e-01
      outer loop
         vertex 5.340803e+01 1.115968e+01 5.765374e+00
         vertex 5.356309e+01 1.116843e+01 5.836501e+00
         vertex 5.069035e+01 1.119271e+01 6.036673e+00
      endloop
   endfacet
   facet normal -2.155564e-10 -9.927233e-01 1.204182e-01
      outer loop
         vertex 5.069035e+01 1.119271e+01 6.036673e+00
         vertex 5.356309e+01 1.116843e+01 5.836501e+00
         vertex 5.399345e+01 1.119271e+01 6.036641e+00
      endloop
   endfacet
   facet normal -1.639884e-08 -9.929237e-01 1.187544e-01
      outer loop
         vertex 5.069035e+01 1.119271e+01 6.036673e+00
         vertex 5.399345e+01 1.119271e+01 6.036641e+00
         vertex 5.084028e+01 1.119994e+01 6.097141e+00
      endloop
   endfacet
   facet normal -1.965135e-05 -9.930438e-01 1.177454e-01
      outer loop
         vertex 5.084028e+01 1.119994e+01 6.097141e+00
         vertex 5.399345e+01 1.119271e+01 6.036641e+00
         vertex 5.109779e+01 1.121240e+01 6.202202e+00
      endloop
   endfacet
   facet normal -5.815227e-04 -9.956509e-01 9.316060e-02
      outer loop
         vertex 5.565734e+01 1.143152e+01 8.305591e+00
         vertex 5.508799e+01 1.140500e+01 8.018551e+00
         vertex 5.717083e+01 1.136793e+01 7.635443e+00
      endloop
   endfacet
   facet normal -1.477932e-03 -9.958357e-01 9.115365e-02
      outer loop
         vertex 5.565734e+01 1.143152e+01 8.305591e+00
         vertex 5.717083e+01 1.136793e+01 7.635443e+00
         vertex 5.622666e+01 1.145756e+01 8.599298e+00
      endloop
   endfacet
   facet normal 6.892313e-04 -9.964453e-01 8.423938e-02
      outer loop
         vertex 5.936687e+01 1.147970e+01 8.859565e+00
         vertex 5.742120e+01 1.151025e+01 9.236856e+00
         vertex 5.873231e+01 1.144855e+01 8.496244e+00
      endloop
   endfacet
   facet normal 1.820435e-03 -9.962738e-01 8.622766e-02
      outer loop
         vertex 5.873231e+01 1.144855e+01 8.496244e+00
         vertex 5.742120e+01 1.151025e+01 9.236856e+00
         vertex 5.826111e+01 1.142477e+01 8.231455e+00
      endloop
   endfacet
   facet normal 3.227870e-03 -9.961686e-01 8.739448e-02
      outer loop
         vertex 5.826111e+01 1.142477e+01 8.231455e+00
         vertex 5.742120e+01 1.151025e+01 9.236856e+00
         vertex 5.767430e+01 1.139447e+01 7.907751e+00
      endloop
   endfacet
   facet normal -3.575844e-03 -9.962793e-01 8.610851e-02
      outer loop
         vertex 5.767430e+01 1.139447e+01 7.907751e+00
         vertex 5.742120e+01 1.151025e+01 9.236856e+00
         vertex 5.705853e+01 1.149457e+01 9.040277e+00
      endloop
   endfacet
   facet normal 3.778818e-03 -9.959277e-01 9.007627e-02
      outer loop
         vertex 5.767430e+01 1.139447e+01 7.907751e+00
         vertex 5.705853e+01 1.149457e+01 9.040277e+00
         vertex 5.717083e+01 1.136793e+01 7.635443e+00
      endloop
   endfacet
   facet normal -3.531898e-03 -9.959809e-01 8.949665e-02
      outer loop
         vertex 5.717083e+01 1.136793e+01 7.635443e+00
         vertex 5.705853e+01 1.149457e+01 9.040277e+00
         vertex 5.644053e+01 1.146720e+01 8.711344e+00
      endloop
   endfacet
   facet normal -2.396366e-03 -9.959152e-01 9.026136e-02
      outer loop
         vertex 5.717083e+01 1.136793e+01 7.635443e+00
         vertex 5.644053e+01 1.146720e+01 8.711344e+00
         vertex 5.622666e+01 1.145756e+01 8.599298e+00
      endloop
   endfacet
   facet normal 3.527445e-05 -9.948642e-01 1.012191e-01
      outer loop
         vertex 5.650056e+01 1.133193e+01 7.280807e+00
         vertex 5.708746e+01 1.136349e+01 7.590843e+00
         vertex 5.430545e+01 1.136790e+01 7.635113e+00
      endloop
   endfacet
   facet normal -2.891267e-08 -9.950852e-01 9.902261e-02
      outer loop
         vertex 5.430545e+01 1.136790e+01 7.635113e+00
         vertex 5.708746e+01 1.136349e+01 7.590843e+00
         vertex 5.717083e+01 1.136793e+01 7.635443e+00
      endloop
   endfacet
   facet normal 8.038806e-08 -9.951782e-01 9.808323e-02
      outer loop
         vertex 5.430545e+01 1.136790e+01 7.635113e+00
         vertex 5.717083e+01 1.136793e+01 7.635443e+00
         vertex 5.451856e+01 1.137806e+01 7.738253e+00
      endloop
   endfacet
   facet normal -8.865507e-05 -9.953991e-01 9.581580e-02
      outer loop
         vertex 5.451856e+01 1.137806e+01 7.738253e+00
         vertex 5.717083e+01 1.136793e+01 7.635443e+00
         vertex 5.508799e+01 1.140500e+01 8.018551e+00
      endloop
   endfacet
   facet normal -1.029438e-03 -9.974264e-01 7.169020e-02
      outer loop
         vertex 5.891160e+01 1.157133e+01 1.007162e+01
         vertex 5.829400e+01 1.154674e+01 9.720514e+00
         vertex 6.000128e+01 1.150975e+01 9.230396e+00
      endloop
   endfacet
   facet normal -2.547605e-03 -9.975624e-01 6.973360e-02
      outer loop
         vertex 5.891160e+01 1.157133e+01 1.007162e+01
         vertex 6.000128e+01 1.150975e+01 9.230396e+00
         vertex 5.952918e+01 1.159480e+01 1.042992e+01
      endloop
   endfacet
   facet normal 1.022540e-03 -9.979181e-01 6.448628e-02
      outer loop
         vertex 6.190421e+01 1.159207e+01 1.038691e+01
         vertex 6.022428e+01 1.161974e+01 1.084165e+01
         vertex 6.126988e+01 1.156604e+01 9.994174e+00
      endloop
   endfacet
   facet normal -1.766017e-03 -9.981326e-01 6.105939e-02
      outer loop
         vertex 6.126988e+01 1.156604e+01 9.994174e+00
         vertex 6.022428e+01 1.161974e+01 1.084165e+01
         vertex 6.014681e+01 1.161704e+01 1.079532e+01
      endloop
   endfacet
   facet normal -4.812473e-03 -9.976157e-01 6.884601e-02
      outer loop
         vertex 5.952918e+01 1.159480e+01 1.042992e+01
         vertex 6.000128e+01 1.150975e+01 9.230396e+00
         vertex 6.014681e+01 1.161704e+01 1.079532e+01
      endloop
   endfacet
   facet normal 4.804516e-03 -9.976768e-01 6.795583e-02
      outer loop
         vertex 6.014681e+01 1.161704e+01 1.079532e+01
         vertex 6.000128e+01 1.150975e+01 9.230396e+00
         vertex 6.063560e+01 1.153856e+01 9.608634e+00
      endloop
   endfacet
   facet normal 2.496153e-03 -9.977492e-01 6.700982e-02
      outer loop
         vertex 6.014681e+01 1.161704e+01 1.079532e+01
         vertex 6.063560e+01 1.153856e+01 9.608634e+00
         vertex 6.126988e+01 1.156604e+01 9.994174e+00
      endloop
   endfacet
   facet normal 2.049442e-04 -9.966521e-01 8.175868e-02
      outer loop
         vertex 5.936687e+01 1.147970e+01 8.859565e+00
         vertex 5.963830e+01 1.149270e+01 9.017301e+00
         vertex 5.742120e+01 1.151025e+01 9.236856e+00
      endloop
   endfacet
   facet normal 3.505265e-06 -9.968159e-01 7.973762e-02
      outer loop
         vertex 5.742120e+01 1.151025e+01 9.236856e+00
         vertex 5.963830e+01 1.149270e+01 9.017301e+00
         vertex 6.000128e+01 1.150975e+01 9.230396e+00
      endloop
   endfacet
   facet normal -2.352598e-06 -9.969992e-01 7.741248e-02
      outer loop
         vertex 5.742120e+01 1.151025e+01 9.236856e+00
         vertex 6.000128e+01 1.150975e+01 9.230396e+00
         vertex 5.767633e+01 1.152111e+01 9.376700e+00
      endloop
   endfacet
   facet normal -1.778256e-04 -9.972105e-01 7.464041e-02
      outer loop
         vertex 5.767633e+01 1.152111e+01 9.376700e+00
         vertex 6.000128e+01 1.150975e+01 9.230396e+00
         vertex 5.829400e+01 1.154674e+01 9.720514e+00
      endloop
   endfacet
   facet normal 1.058523e-03 -9.987949e-01 4.906680e-02
      outer loop
         vertex 6.317320e+01 1.163933e+01 1.119356e+01
         vertex 6.380893e+01 1.166035e+01 1.160789e+01
         vertex 6.218834e+01 1.168044e+01 1.205177e+01
      endloop
   endfacet
   facet normal -1.029365e-03 -9.991397e-01 4.145953e-02
      outer loop
         vertex 6.218834e+01 1.168044e+01 1.205177e+01
         vertex 6.380893e+01 1.166035e+01 1.160789e+01
         vertex 6.280898e+01 1.169625e+01 1.244802e+01
      endloop
   endfacet
   facet normal 6.655598e-05 -9.981397e-01 6.096809e-02
      outer loop
         vertex 6.190421e+01 1.159207e+01 1.038691e+01
         vertex 6.253863e+01 1.161654e+01 1.078674e+01
         vertex 6.022428e+01 1.161974e+01 1.084165e+01
      endloop
   endfacet
   facet normal 1.274236e-08 -9.983065e-01 5.817285e-02
      outer loop
         vertex 6.022428e+01 1.161974e+01 1.084165e+01
         vertex 6.253863e+01 1.161654e+01 1.078674e+01
         vertex 6.262488e+01 1.161974e+01 1.084164e+01
      endloop
   endfacet
   facet normal 6.117178e-09 -9.984453e-01 5.574068e-02
      outer loop
         vertex 6.022428e+01 1.161974e+01 1.084165e+01
         vertex 6.262488e+01 1.161974e+01 1.084164e+01
         vertex 6.076454e+01 1.163794e+01 1.116772e+01
      endloop
   endfacet
   facet normal -6.154746e-04 -9.986344e-01 5.223982e-02
      outer loop
         vertex 6.076454e+01 1.163794e+01 1.116772e+01
         vertex 6.262488e+01 1.161974e+01 1.084164e+01
         vertex 6.138243e+01 1.165740e+01 1.154703e+01
      endloop
   endfacet
   facet normal 2.861342e-03 -9.986879e-01 5.113054e-02
      outer loop
         vertex 6.317320e+01 1.163933e+01 1.119356e+01
         vertex 6.218834e+01 1.168044e+01 1.205177e+01
         vertex 6.262488e+01 1.161974e+01 1.084164e+01
      endloop
   endfacet
   facet normal -2.585676e-03 -9.987870e-01 4.917058e-02
      outer loop
         vertex 6.262488e+01 1.161974e+01 1.084164e+01
         vertex 6.218834e+01 1.168044e+01 1.205177e+01
         vertex 6.151888e+01 1.166150e+01 1.163169e+01
      endloop
   endfacet
   facet normal -1.498675e-03 -9.987134e-01 5.068839e-02
      outer loop
         vertex 6.262488e+01 1.161974e+01 1.084164e+01
         vertex 6.151888e+01 1.166150e+01 1.163169e+01
         vertex 6.138243e+01 1.165740e+01 1.154703e+01
      endloop
   endfacet
   facet normal 1.758790e-03 -9.996892e-01 2.486821e-02
      outer loop
         vertex 6.654217e+01 1.172757e+01 1.346288e+01
         vertex 6.519985e+01 1.173939e+01 1.403323e+01
         vertex 6.585880e+01 1.171456e+01 1.298826e+01
      endloop
   endfacet
   facet normal -2.482807e-03 -9.997506e-01 2.219494e-02
      outer loop
         vertex 6.585880e+01 1.171456e+01 1.298826e+01
         vertex 6.519985e+01 1.173939e+01 1.403323e+01
         vertex 6.486539e+01 1.173518e+01 1.380604e+01
      endloop
   endfacet
   facet normal 3.066747e-03 -9.995767e-01 2.893190e-02
      outer loop
         vertex 6.585880e+01 1.171456e+01 1.298826e+01
         vertex 6.486539e+01 1.173518e+01 1.380604e+01
         vertex 6.517551e+01 1.169893e+01 1.252080e+01
      endloop
   endfacet
   facet normal -3.923757e-03 -9.996210e-01 2.724638e-02
      outer loop
         vertex 6.517551e+01 1.169893e+01 1.252080e+01
         vertex 6.486539e+01 1.173518e+01 1.380604e+01
         vertex 6.453099e+01 1.173035e+01 1.358062e+01
      endloop
   endfacet
   facet normal 3.473346e-03 -9.994901e-01 3.174100e-02
      outer loop
         vertex 6.517551e+01 1.169893e+01 1.252080e+01
         vertex 6.453099e+01 1.173035e+01 1.358062e+01
         vertex 6.506795e+01 1.169624e+01 1.244787e+01
      endloop
   endfacet
   facet normal -2.948142e-03 -9.995837e-01 2.869982e-02
      outer loop
         vertex 6.506795e+01 1.169624e+01 1.244787e+01
         vertex 6.453099e+01 1.173035e+01 1.358062e+01
         vertex 6.419662e+01 1.172491e+01 1.335698e+01
      endloop
   endfacet
   facet normal -2.088091e-03 -9.995619e-01 2.952344e-02
      outer loop
         vertex 6.419662e+01 1.172491e+01 1.335698e+01
         vertex 6.404005e+01 1.172216e+01 1.325286e+01
         vertex 6.506795e+01 1.169624e+01 1.244787e+01
      endloop
   endfacet
   facet normal -1.067367e-03 -9.995242e-01 3.082560e-02
      outer loop
         vertex 6.506795e+01 1.169624e+01 1.244787e+01
         vertex 6.404005e+01 1.172216e+01 1.325286e+01
         vertex 6.352715e+01 1.171228e+01 1.291454e+01
      endloop
   endfacet
   facet normal -1.933492e-04 -9.994317e-01 3.370811e-02
      outer loop
         vertex 6.506795e+01 1.169624e+01 1.244787e+01
         vertex 6.352715e+01 1.171228e+01 1.291454e+01
         vertex 6.303547e+01 1.170157e+01 1.259423e+01
      endloop
   endfacet
   facet normal 9.173056e-04 -9.990411e-01 4.377232e-02
      outer loop
         vertex 6.380893e+01 1.166035e+01 1.160789e+01
         vertex 6.449224e+01 1.168082e+01 1.206063e+01
         vertex 6.280898e+01 1.169625e+01 1.244802e+01
      endloop
   endfacet
   facet normal 1.674058e-07 -9.992079e-01 3.979390e-02
      outer loop
         vertex 6.280898e+01 1.169625e+01 1.244802e+01
         vertex 6.449224e+01 1.168082e+01 1.206063e+01
         vertex 6.506795e+01 1.169624e+01 1.244787e+01
      endloop
   endfacet
   facet normal -1.343912e-08 -9.993107e-01 3.712305e-02
      outer loop
         vertex 6.280898e+01 1.169625e+01 1.244802e+01
         vertex 6.506795e+01 1.169624e+01 1.244787e+01
         vertex 6.285775e+01 1.169741e+01 1.247943e+01
      endloop
   endfacet
   facet normal -1.309853e-05 -9.993443e-01 3.620800e-02
      outer loop
         vertex 6.285775e+01 1.169741e+01 1.247943e+01
         vertex 6.506795e+01 1.169624e+01 1.244787e+01
         vertex 6.303547e+01 1.170157e+01 1.259423e+01
      endloop
   endfacet
   facet normal 3.943781e-03 -9.999527e-01 8.889072e-03
      outer loop
         vertex 6.790942e+01 1.174521e+01 1.443302e+01
         vertex 6.790175e+01 1.174958e+01 1.492851e+01
         vertex 6.738160e+01 1.173977e+01 1.405532e+01
      endloop
   endfacet
   facet normal 1.398424e-06 -9.999369e-01 1.123734e-02
      outer loop
         vertex 6.738160e+01 1.173977e+01 1.405532e+01
         vertex 6.790175e+01 1.174958e+01 1.492851e+01
         vertex 6.586232e+01 1.174958e+01 1.492901e+01
      endloop
   endfacet
   facet normal -1.619731e-03 -9.999633e-01 8.418587e-03
      outer loop
         vertex 6.738160e+01 1.173977e+01 1.405532e+01
         vertex 6.586232e+01 1.174958e+01 1.492901e+01
         vertex 6.586895e+01 1.174590e+01 1.449281e+01
      endloop
   endfacet
   facet normal -7.528937e-07 -9.999969e-01 2.504879e-03
      outer loop
         vertex 6.790175e+01 1.174958e+01 1.492851e+01
         vertex 6.789957e+01 1.175082e+01 1.542398e+01
         vertex 6.586232e+01 1.174958e+01 1.492901e+01
      endloop
   endfacet
   facet normal 7.053547e-04 -9.999997e-01 -4.013970e-04
      outer loop
         vertex 6.586232e+01 1.174958e+01 1.492901e+01
         vertex 6.789957e+01 1.175082e+01 1.542398e+01
         vertex 6.773731e+01 1.175066e+01 1.553936e+01
      endloop
   endfacet
   facet normal -3.638662e-04 -9.999958e-01 2.883221e-03
      outer loop
         vertex 6.586232e+01 1.174958e+01 1.492901e+01
         vertex 6.773731e+01 1.175066e+01 1.553936e+01
         vertex 6.586005e+01 1.175084e+01 1.536390e+01
      endloop
   endfacet
   facet normal 1.530697e-04 -9.999965e-01 -2.647540e-03
      outer loop
         vertex 6.586005e+01 1.175084e+01 1.536390e+01
         vertex 6.773731e+01 1.175066e+01 1.553936e+01
         vertex 6.757488e+01 1.175033e+01 1.565449e+01
      endloop
   endfacet
   facet normal -7.169250e-05 -9.999991e-01 -1.321198e-03
      outer loop
         vertex 6.586005e+01 1.175084e+01 1.536390e+01
         vertex 6.757488e+01 1.175033e+01 1.565449e+01
         vertex 6.555575e+01 1.175058e+01 1.557171e+01
      endloop
   endfacet
   facet normal 1.501174e-04 -9.997777e-01 2.108403e-02
      outer loop
         vertex 6.654217e+01 1.172757e+01 1.346288e+01
         vertex 6.722568e+01 1.173782e+01 1.394451e+01
         vertex 6.519985e+01 1.173939e+01 1.403323e+01
      endloop
   endfacet
   facet normal -5.822913e-06 -9.998464e-01 1.752432e-02
      outer loop
         vertex 6.519985e+01 1.173939e+01 1.403323e+01
         vertex 6.722568e+01 1.173782e+01 1.394451e+01
         vertex 6.738160e+01 1.173977e+01 1.405532e+01
      endloop
   endfacet
   facet normal 1.355985e-05 -9.998781e-01 1.561128e-02
      outer loop
         vertex 6.519985e+01 1.173939e+01 1.403323e+01
         vertex 6.738160e+01 1.173977e+01 1.405532e+01
         vertex 6.553436e+01 1.174297e+01 1.426215e+01
      endloop
   endfacet
   facet normal -2.690166e-04 -9.999143e-01 1.308809e-02
      outer loop
         vertex 6.553436e+01 1.174297e+01 1.426215e+01
         vertex 6.738160e+01 1.173977e+01 1.405532e+01
         vertex 6.586895e+01 1.174590e+01 1.449281e+01
      endloop
   endfacet
   facet normal -2.545363e-08 -9.997542e-01 -2.216938e-02
      outer loop
         vertex 6.298248e+01 1.172781e+01 1.727228e+01
         vertex 6.348692e+01 1.173502e+01 1.694714e+01
         vertex 6.523266e+01 1.172781e+01 1.727228e+01
      endloop
   endfacet
   facet normal -5.120915e-04 -9.998113e-01 -1.942126e-02
      outer loop
         vertex 6.523266e+01 1.172781e+01 1.727228e+01
         vertex 6.348692e+01 1.173502e+01 1.694714e+01
         vertex 6.383802e+01 1.173928e+01 1.671843e+01
      endloop
   endfacet
   facet normal -1.071106e-03 -9.998372e-01 -1.801415e-02
      outer loop
         vertex 6.523266e+01 1.172781e+01 1.727228e+01
         vertex 6.383802e+01 1.173928e+01 1.671843e+01
         vertex 6.402800e+01 1.174132e+01 1.659385e+01
      endloop
   endfacet
   facet normal 2.355298e-06 -9.999951e-01 -3.127157e-03
      outer loop
         vertex 6.555575e+01 1.175058e+01 1.557171e+01
         vertex 6.757488e+01 1.175033e+01 1.565449e+01
         vertex 6.542012e+01 1.175030e+01 1.566389e+01
      endloop
   endfacet
   facet normal -6.124481e-06 -9.999871e-01 -5.071713e-03
      outer loop
         vertex 6.542012e+01 1.175030e+01 1.566389e+01
         vertex 6.757488e+01 1.175033e+01 1.565449e+01
         vertex 6.724950e+01 1.174917e+01 1.588401e+01
      endloop
   endfacet
   facet normal 3.102917e-04 -9.999703e-01 -7.701329e-03
      outer loop
         vertex 6.542012e+01 1.175030e+01 1.566389e+01
         vertex 6.724950e+01 1.174917e+01 1.588401e+01
         vertex 6.688780e+01 1.174710e+01 1.613738e+01
      endloop
   endfacet
   facet normal -1.521339e-03 -9.998507e-01 -1.721496e-02
      outer loop
         vertex 6.402800e+01 1.174132e+01 1.659385e+01
         vertex 6.418995e+01 1.174291e+01 1.648721e+01
         vertex 6.523266e+01 1.172781e+01 1.727228e+01
      endloop
   endfacet
   facet normal -2.291615e-03 -9.998663e-01 -1.619220e-02
      outer loop
         vertex 6.523266e+01 1.172781e+01 1.727228e+01
         vertex 6.418995e+01 1.174291e+01 1.648721e+01
         vertex 6.454273e+01 1.174589e+01 1.625348e+01
      endloop
   endfacet
   facet normal 2.580395e-03 -9.998067e-01 -1.949047e-02
      outer loop
         vertex 6.523266e+01 1.172781e+01 1.727228e+01
         vertex 6.454273e+01 1.174589e+01 1.625348e+01
         vertex 6.544912e+01 1.173121e+01 1.712620e+01
      endloop
   endfacet
   facet normal -2.791173e-03 -9.998993e-01 -1.391319e-02
      outer loop
         vertex 6.544912e+01 1.173121e+01 1.712620e+01
         vertex 6.454273e+01 1.174589e+01 1.625348e+01
         vertex 6.489635e+01 1.174819e+01 1.601726e+01
      endloop
   endfacet
   facet normal 2.802928e-03 -9.998566e-01 -1.670104e-02
      outer loop
         vertex 6.544912e+01 1.173121e+01 1.712620e+01
         vertex 6.489635e+01 1.174819e+01 1.601726e+01
         vertex 6.580759e+01 1.173628e+01 1.688271e+01
      endloop
   endfacet
   facet normal -2.776467e-03 -9.999375e-01 -1.082754e-02
      outer loop
         vertex 6.580759e+01 1.173628e+01 1.688271e+01
         vertex 6.489635e+01 1.174819e+01 1.601726e+01
         vertex 6.525082e+01 1.174979e+01 1.577856e+01
      endloop
   endfacet
   facet normal 2.787646e-03 -9.999032e-01 -1.363281e-02
      outer loop
         vertex 6.580759e+01 1.173628e+01 1.688271e+01
         vertex 6.525082e+01 1.174979e+01 1.577856e+01
         vertex 6.616685e+01 1.174064e+01 1.663674e+01
      endloop
   endfacet
   facet normal -2.440585e-03 -9.999646e-01 -8.052828e-03
      outer loop
         vertex 6.616685e+01 1.174064e+01 1.663674e+01
         vertex 6.525082e+01 1.174979e+01 1.577856e+01
         vertex 6.542012e+01 1.175030e+01 1.566389e+01
      endloop
   endfacet
   facet normal 2.085268e-03 -9.999314e-01 -1.152643e-02
      outer loop
         vertex 6.616685e+01 1.174064e+01 1.663674e+01
         vertex 6.542012e+01 1.175030e+01 1.566389e+01
         vertex 6.652692e+01 1.174425e+01 1.638829e+01
      endloop
   endfacet
   facet normal 1.018653e-03 -9.999505e-01 -9.896917e-03
      outer loop
         vertex 6.652692e+01 1.174425e+01 1.638829e+01
         vertex 6.542012e+01 1.175030e+01 1.566389e+01
         vertex 6.688780e+01 1.174710e+01 1.613738e+01
      endloop
   endfacet
   facet normal -1.068638e-08 -9.996524e-01 -2.636395e-02
      outer loop
         vertex 6.523266e+01 1.172781e+01 1.727228e+01
         vertex 6.473629e+01 1.171904e+01 1.760454e+01
         vertex 6.298248e+01 1.172781e+01 1.727228e+01
      endloop
   endfacet
   facet normal 7.525276e-04 -9.995396e-01 -3.033316e-02
      outer loop
         vertex 6.298248e+01 1.172781e+01 1.727228e+01
         vertex 6.473629e+01 1.171904e+01 1.760454e+01
         vertex 6.402663e+01 1.170430e+01 1.807283e+01
      endloop
   endfacet
   facet normal -1.506520e-03 -9.996237e-01 -2.738919e-02
      outer loop
         vertex 6.298248e+01 1.172781e+01 1.727228e+01
         vertex 6.402663e+01 1.170430e+01 1.807283e+01
         vertex 6.278897e+01 1.172471e+01 1.739589e+01
      endloop
   endfacet
   facet normal 2.005585e-03 -9.994265e-01 -3.380452e-02
      outer loop
         vertex 6.278897e+01 1.172471e+01 1.739589e+01
         vertex 6.402663e+01 1.170430e+01 1.807283e+01
         vertex 6.344065e+01 1.169025e+01 1.845339e+01
      endloop
   endfacet
   facet normal -1.796939e-03 -9.995033e-01 -3.146373e-02
      outer loop
         vertex 6.278897e+01 1.172471e+01 1.739589e+01
         vertex 6.344065e+01 1.169025e+01 1.845339e+01
         vertex 6.209434e+01 1.171215e+01 1.783454e+01
      endloop
   endfacet
   facet normal 1.804569e-03 -9.992263e-01 -3.928906e-02
      outer loop
         vertex 6.209434e+01 1.171215e+01 1.783454e+01
         vertex 6.344065e+01 1.169025e+01 1.845339e+01
         vertex 6.275612e+01 1.167181e+01 1.889082e+01
      endloop
   endfacet
   facet normal -2.315950e-03 -9.993232e-01 -3.671115e-02
      outer loop
         vertex 6.209434e+01 1.171215e+01 1.783454e+01
         vertex 6.275612e+01 1.167181e+01 1.889082e+01
         vertex 6.169786e+01 1.170401e+01 1.808127e+01
      endloop
   endfacet
   facet normal -9.585780e-05 -9.980756e-01 -6.200930e-02
      outer loop
         vertex 5.837987e+01 1.161187e+01 2.003723e+01
         vertex 6.014611e+01 1.158389e+01 2.048489e+01
         vertex 5.772583e+01 1.158947e+01 2.039879e+01
      endloop
   endfacet
   facet normal -1.794369e-08 -9.979053e-01 -6.469238e-02
      outer loop
         vertex 5.772583e+01 1.158947e+01 2.039879e+01
         vertex 6.014611e+01 1.158389e+01 2.048489e+01
         vertex 5.756800e+01 1.158389e+01 2.048481e+01
      endloop
   endfacet
   facet normal 1.397435e-05 -9.988662e-01 -4.760488e-02
      outer loop
         vertex 6.207492e+01 1.165143e+01 1.931831e+01
         vertex 6.038485e+01 1.167235e+01 1.887896e+01
         vertex 6.275612e+01 1.167181e+01 1.889082e+01
      endloop
   endfacet
   facet normal -1.262063e-05 -9.991049e-01 -4.230110e-02
      outer loop
         vertex 6.275612e+01 1.167181e+01 1.889082e+01
         vertex 6.038485e+01 1.167235e+01 1.887896e+01
         vertex 6.102764e+01 1.168871e+01 1.849221e+01
      endloop
   endfacet
   facet normal -8.670500e-04 -9.992543e-01 -3.860244e-02
      outer loop
         vertex 6.275612e+01 1.167181e+01 1.889082e+01
         vertex 6.102764e+01 1.168871e+01 1.849221e+01
         vertex 6.169786e+01 1.170401e+01 1.808127e+01
      endloop
   endfacet
   facet normal -9.179649e-04 -9.982707e-01 -5.877787e-02
      outer loop
         vertex 5.837987e+01 1.161187e+01 2.003723e+01
         vertex 5.903699e+01 1.163314e+01 1.966579e+01
         vertex 6.014611e+01 1.158389e+01 2.048489e+01
      endloop
   endfacet
   facet normal -2.490359e-03 -9.983907e-01 -5.665593e-02
      outer loop
         vertex 6.014611e+01 1.158389e+01 2.048489e+01
         vertex 5.903699e+01 1.163314e+01 1.966579e+01
         vertex 5.969727e+01 1.165313e+01 1.928448e+01
      endloop
   endfacet
   facet normal 2.668443e-03 -9.982792e-01 -5.857841e-02
      outer loop
         vertex 6.014611e+01 1.158389e+01 2.048489e+01
         vertex 5.969727e+01 1.165313e+01 1.928448e+01
         vertex 6.072229e+01 1.160547e+01 2.014334e+01
      endloop
   endfacet
   facet normal -2.767823e-03 -9.986375e-01 -5.211030e-02
      outer loop
         vertex 6.072229e+01 1.160547e+01 2.014334e+01
         vertex 5.969727e+01 1.165313e+01 1.928448e+01
         vertex 6.036080e+01 1.167170e+01 1.889328e+01
      endloop
   endfacet
   facet normal 2.772420e-03 -9.985528e-01 -5.370792e-02
      outer loop
         vertex 6.072229e+01 1.160547e+01 2.014334e+01
         vertex 6.036080e+01 1.167170e+01 1.889328e+01
         vertex 6.139700e+01 1.162926e+01 1.973582e+01
      endloop
   endfacet
   facet normal -1.884607e-03 -9.988458e-01 -4.799523e-02
      outer loop
         vertex 6.139700e+01 1.162926e+01 1.973582e+01
         vertex 6.036080e+01 1.167170e+01 1.889328e+01
         vertex 6.038485e+01 1.167235e+01 1.887896e+01
      endloop
   endfacet
   facet normal 1.503560e-03 -9.986466e-01 -5.198741e-02
      outer loop
         vertex 6.139700e+01 1.162926e+01 1.973582e+01
         vertex 6.038485e+01 1.167235e+01 1.887896e+01
         vertex 6.171629e+01 1.163993e+01 1.954018e+01
      endloop
   endfacet
   facet normal 7.742299e-04 -9.987226e-01 -5.052254e-02
      outer loop
         vertex 6.171629e+01 1.163993e+01 1.954018e+01
         vertex 6.038485e+01 1.167235e+01 1.887896e+01
         vertex 6.207492e+01 1.165143e+01 1.931831e+01
      endloop
   endfacet
   facet normal -9.257547e-04 -9.968626e-01 -7.914615e-02
      outer loop
         vertex 5.545308e+01 1.150378e+01 2.159004e+01
         vertex 5.607429e+01 1.152824e+01 2.127469e+01
         vertex 5.728612e+01 1.146250e+01 2.208860e+01
      endloop
   endfacet
   facet normal -2.142580e-03 -9.970020e-01 -7.734567e-02
      outer loop
         vertex 5.728612e+01 1.146250e+01 2.208860e+01
         vertex 5.607429e+01 1.152824e+01 2.127469e+01
         vertex 5.669840e+01 1.155209e+01 2.095003e+01
      endloop
   endfacet
   facet normal 2.846117e-03 -9.967984e-01 -7.990481e-02
      outer loop
         vertex 5.728612e+01 1.146250e+01 2.208860e+01
         vertex 5.669840e+01 1.155209e+01 2.095003e+01
         vertex 5.743773e+01 1.146943e+01 2.200753e+01
      endloop
   endfacet
   facet normal -3.464718e-03 -9.971383e-01 -7.551924e-02
      outer loop
         vertex 5.743773e+01 1.146943e+01 2.200753e+01
         vertex 5.669840e+01 1.155209e+01 2.095003e+01
         vertex 5.732549e+01 1.157520e+01 2.061604e+01
      endloop
   endfacet
   facet normal 1.032581e-08 -9.978461e-01 -6.559847e-02
      outer loop
         vertex 6.014611e+01 1.158389e+01 2.048489e+01
         vertex 6.005074e+01 1.158021e+01 2.054084e+01
         vertex 5.756800e+01 1.158389e+01 2.048481e+01
      endloop
   endfacet
   facet normal 4.287888e-05 -9.977200e-01 -6.748967e-02
      outer loop
         vertex 5.756800e+01 1.158389e+01 2.048481e+01
         vertex 6.005074e+01 1.158021e+01 2.054084e+01
         vertex 5.961789e+01 1.156316e+01 2.079268e+01
      endloop
   endfacet
   facet normal 3.470319e-04 -9.975815e-01 -6.950544e-02
      outer loop
         vertex 5.756800e+01 1.158389e+01 2.048481e+01
         vertex 5.961789e+01 1.156316e+01 2.079268e+01
         vertex 5.936329e+01 1.155286e+01 2.093921e+01
      endloop
   endfacet
   facet normal 9.202528e-04 -9.974216e-01 -7.175926e-02
      outer loop
         vertex 5.936329e+01 1.155286e+01 2.093921e+01
         vertex 5.871831e+01 1.152595e+01 2.130494e+01
         vertex 5.756800e+01 1.158389e+01 2.048481e+01
      endloop
   endfacet
   facet normal 1.813344e-03 -9.973299e-01 -7.300542e-02
      outer loop
         vertex 5.756800e+01 1.158389e+01 2.048481e+01
         vertex 5.871831e+01 1.152595e+01 2.130494e+01
         vertex 5.857294e+01 1.151973e+01 2.138629e+01
      endloop
   endfacet
   facet normal -1.667016e-03 -9.976052e-01 -6.914526e-02
      outer loop
         vertex 5.756800e+01 1.158389e+01 2.048481e+01
         vertex 5.857294e+01 1.151973e+01 2.138629e+01
         vertex 5.732549e+01 1.157520e+01 2.061604e+01
      endloop
   endfacet
   facet normal 1.956855e-03 -9.971828e-01 -7.498378e-02
      outer loop
         vertex 5.732549e+01 1.157520e+01 2.061604e+01
         vertex 5.857294e+01 1.151973e+01 2.138629e+01
         vertex 5.807648e+01 1.149810e+01 2.166104e+01
      endloop
   endfacet
   facet normal 3.486579e-03 -9.970959e-01 -7.607670e-02
      outer loop
         vertex 5.732549e+01 1.157520e+01 2.061604e+01
         vertex 5.807648e+01 1.149810e+01 2.166104e+01
         vertex 5.743773e+01 1.146943e+01 2.200753e+01
      endloop
   endfacet
   facet normal 2.461708e-06 -9.945037e-01 -1.047014e-01
      outer loop
         vertex 5.079405e+01 1.130763e+01 2.369493e+01
         vertex 5.137153e+01 1.133239e+01 2.345984e+01
         vertex 5.408962e+01 1.130822e+01 2.368945e+01
      endloop
   endfacet
   facet normal -2.146461e-04 -9.947680e-01 -1.021591e-01
      outer loop
         vertex 5.408962e+01 1.130822e+01 2.368945e+01
         vertex 5.137153e+01 1.133239e+01 2.345984e+01
         vertex 5.195128e+01 1.135727e+01 2.321629e+01
      endloop
   endfacet
   facet normal -6.234503e-04 -9.949539e-01 -1.003309e-01
      outer loop
         vertex 5.408962e+01 1.130822e+01 2.368945e+01
         vertex 5.195128e+01 1.135727e+01 2.321629e+01
         vertex 5.238708e+01 1.137595e+01 2.302831e+01
      endloop
   endfacet
   facet normal -1.240691e-03 -9.951108e-01 -9.875743e-02
      outer loop
         vertex 5.238708e+01 1.137595e+01 2.302831e+01
         vertex 5.299527e+01 1.140192e+01 2.275900e+01
         vertex 5.408962e+01 1.130822e+01 2.368945e+01
      endloop
   endfacet
   facet normal -2.311285e-03 -9.952318e-01 -9.751044e-02
      outer loop
         vertex 5.408962e+01 1.130822e+01 2.368945e+01
         vertex 5.299527e+01 1.140192e+01 2.275900e+01
         vertex 5.360586e+01 1.142779e+01 2.248055e+01
      endloop
   endfacet
   facet normal 2.845342e-03 -9.950281e-01 -9.955379e-02
      outer loop
         vertex 5.408962e+01 1.130822e+01 2.368945e+01
         vertex 5.360586e+01 1.142779e+01 2.248055e+01
         vertex 5.428688e+01 1.131805e+01 2.359679e+01
      endloop
   endfacet
   facet normal -3.296112e-03 -9.953910e-01 -9.584261e-02
      outer loop
         vertex 5.428688e+01 1.131805e+01 2.359679e+01
         vertex 5.360586e+01 1.142779e+01 2.248055e+01
         vertex 5.421896e+01 1.145345e+01 2.219293e+01
      endloop
   endfacet
   facet normal -8.168247e-08 -9.961785e-01 -8.734084e-02
      outer loop
         vertex 5.680196e+01 1.144007e+01 2.234443e+01
         vertex 5.443692e+01 1.146248e+01 2.208877e+01
         vertex 5.728612e+01 1.146250e+01 2.208860e+01
      endloop
   endfacet
   facet normal 9.019653e-08 -9.964251e-01 -8.448086e-02
      outer loop
         vertex 5.728612e+01 1.146250e+01 2.208860e+01
         vertex 5.443692e+01 1.146248e+01 2.208877e+01
         vertex 5.483467e+01 1.147882e+01 2.189610e+01
      endloop
   endfacet
   facet normal -2.170867e-04 -9.966541e-01 -8.173443e-02
      outer loop
         vertex 5.728612e+01 1.146250e+01 2.208860e+01
         vertex 5.483467e+01 1.147882e+01 2.189610e+01
         vertex 5.545308e+01 1.150378e+01 2.159004e+01
      endloop
   endfacet
   facet normal 3.352600e-04 -9.959038e-01 -9.041887e-02
      outer loop
         vertex 5.680196e+01 1.144007e+01 2.234443e+01
         vertex 5.616909e+01 1.141013e+01 2.267177e+01
         vertex 5.443692e+01 1.146248e+01 2.208877e+01
      endloop
   endfacet
   facet normal 1.170161e-03 -9.956767e-01 -9.287905e-02
      outer loop
         vertex 5.443692e+01 1.146248e+01 2.208877e+01
         vertex 5.616909e+01 1.141013e+01 2.267177e+01
         vertex 5.553901e+01 1.137975e+01 2.298959e+01
      endloop
   endfacet
   facet normal -1.545673e-03 -9.959781e-01 -8.958410e-02
      outer loop
         vertex 5.443692e+01 1.146248e+01 2.208877e+01
         vertex 5.553901e+01 1.137975e+01 2.298959e+01
         vertex 5.421896e+01 1.145345e+01 2.219293e+01
      endloop
   endfacet
   facet normal 1.927385e-03 -9.954477e-01 -9.528982e-02
      outer loop
         vertex 5.421896e+01 1.145345e+01 2.219293e+01
         vertex 5.553901e+01 1.137975e+01 2.298959e+01
         vertex 5.491164e+01 1.134902e+01 2.329792e+01
      endloop
   endfacet
   facet normal 3.328937e-03 -9.953603e-01 -9.616015e-02
      outer loop
         vertex 5.421896e+01 1.145345e+01 2.219293e+01
         vertex 5.491164e+01 1.134902e+01 2.329792e+01
         vertex 5.428688e+01 1.131805e+01 2.359679e+01
      endloop
   endfacet
   facet normal -9.581801e-05 -9.923568e-01 -1.234020e-01
      outer loop
         vertex 4.680738e+01 1.114382e+01 2.510718e+01
         vertex 4.737162e+01 1.116577e+01 2.493019e+01
         vertex 5.036268e+01 1.112192e+01 2.528054e+01
      endloop
   endfacet
   facet normal -2.993723e-04 -9.925680e-01 -1.216906e-01
      outer loop
         vertex 5.036268e+01 1.112192e+01 2.528054e+01
         vertex 4.737162e+01 1.116577e+01 2.493019e+01
         vertex 4.793746e+01 1.118831e+01 2.474500e+01
      endloop
   endfacet
   facet normal -6.326708e-04 -9.927490e-01 -1.202037e-01
      outer loop
         vertex 5.036268e+01 1.112192e+01 2.528054e+01
         vertex 4.793746e+01 1.118831e+01 2.474500e+01
         vertex 4.850499e+01 1.121137e+01 2.455158e+01
      endloop
   endfacet
   facet normal -2.074395e-06 -9.942161e-01 -1.073977e-01
      outer loop
         vertex 5.408962e+01 1.130822e+01 2.368945e+01
         vertex 5.366461e+01 1.128696e+01 2.388625e+01
         vertex 5.079405e+01 1.130763e+01 2.369493e+01
      endloop
   endfacet
   facet normal 1.767668e-04 -9.939261e-01 -1.100497e-01
      outer loop
         vertex 5.079405e+01 1.130763e+01 2.369493e+01
         vertex 5.366461e+01 1.128696e+01 2.388625e+01
         vertex 5.304475e+01 1.125584e+01 2.416632e+01
      endloop
   endfacet
   facet normal 6.794348e-04 -9.936605e-01 -1.124205e-01
      outer loop
         vertex 5.079405e+01 1.130763e+01 2.369493e+01
         vertex 5.304475e+01 1.125584e+01 2.416632e+01
         vertex 5.242718e+01 1.122479e+01 2.443705e+01
      endloop
   endfacet
   facet normal -1.121530e-03 -9.928965e-01 -1.189760e-01
      outer loop
         vertex 4.850499e+01 1.121137e+01 2.455158e+01
         vertex 4.907432e+01 1.123489e+01 2.434989e+01
         vertex 5.036268e+01 1.112192e+01 2.528054e+01
      endloop
   endfacet
   facet normal -1.798019e-03 -9.930057e-01 -1.180528e-01
      outer loop
         vertex 5.036268e+01 1.112192e+01 2.528054e+01
         vertex 4.907432e+01 1.123489e+01 2.434989e+01
         vertex 4.964555e+01 1.125882e+01 2.413992e+01
      endloop
   endfacet
   facet normal 1.865094e-03 -9.927330e-01 -1.203231e-01
      outer loop
         vertex 5.036268e+01 1.112192e+01 2.528054e+01
         vertex 4.964555e+01 1.125882e+01 2.413992e+01
         vertex 5.093553e+01 1.115020e+01 2.505611e+01
      endloop
   endfacet
   facet normal -1.818583e-03 -9.933397e-01 -1.152085e-01
      outer loop
         vertex 5.093553e+01 1.115020e+01 2.505611e+01
         vertex 4.964555e+01 1.125882e+01 2.413992e+01
         vertex 5.021876e+01 1.128309e+01 2.392161e+01
      endloop
   endfacet
   facet normal 1.880985e-03 -9.930694e-01 -1.175142e-01
      outer loop
         vertex 5.093553e+01 1.115020e+01 2.505611e+01
         vertex 5.021876e+01 1.128309e+01 2.392161e+01
         vertex 5.151046e+01 1.117882e+01 2.482340e+01
      endloop
   endfacet
   facet normal -1.836502e-03 -9.936772e-01 -1.122597e-01
      outer loop
         vertex 5.151046e+01 1.117882e+01 2.482340e+01
         vertex 5.021876e+01 1.128309e+01 2.392161e+01
         vertex 5.079405e+01 1.130763e+01 2.369493e+01
      endloop
   endfacet
   facet normal 2.129994e-03 -9.933927e-01 -1.147453e-01
      outer loop
         vertex 5.151046e+01 1.117882e+01 2.482340e+01
         vertex 5.079405e+01 1.130763e+01 2.369493e+01
         vertex 5.181179e+01 1.119390e+01 2.469846e+01
      endloop
   endfacet
   facet normal 1.424253e-03 -9.934753e-01 -1.140389e-01
      outer loop
         vertex 5.181179e+01 1.119390e+01 2.469846e+01
         vertex 5.079405e+01 1.130763e+01 2.369493e+01
         vertex 5.242718e+01 1.122479e+01 2.443705e+01
      endloop
   endfacet
   facet normal -1.062282e-06 -9.890508e-01 -1.475754e-01
      outer loop
         vertex 4.506003e+01 1.088442e+01 2.699292e+01
         vertex 3.707478e+01 1.089931e+01 2.689320e+01
         vertex 4.548939e+01 1.090135e+01 2.687945e+01
      endloop
   endfacet
   facet normal 1.969827e-07 -9.891630e-01 -1.468214e-01
      outer loop
         vertex 4.548939e+01 1.090135e+01 2.687945e+01
         vertex 3.707478e+01 1.089931e+01 2.689320e+01
         vertex 3.758145e+01 1.090400e+01 2.686161e+01
      endloop
   endfacet
   facet normal -1.748443e-07 -9.891869e-01 -1.466601e-01
      outer loop
         vertex 4.548939e+01 1.090135e+01 2.687945e+01
         vertex 3.758145e+01 1.090400e+01 2.686161e+01
         vertex 4.559876e+01 1.090575e+01 2.684982e+01
      endloop
   endfacet
   facet normal 7.873268e-05 -9.898312e-01 -1.422468e-01
      outer loop
         vertex 4.696387e+01 1.096311e+01 2.645546e+01
         vertex 4.640288e+01 1.093899e+01 2.662300e+01
         vertex 3.758145e+01 1.090400e+01 2.686161e+01
      endloop
   endfacet
   facet normal 3.155344e-05 -9.895843e-01 -1.439548e-01
      outer loop
         vertex 3.758145e+01 1.090400e+01 2.686161e+01
         vertex 4.640288e+01 1.093899e+01 2.662300e+01
         vertex 4.613893e+01 1.092790e+01 2.669919e+01
      endloop
   endfacet
   facet normal 1.566290e-06 -9.893580e-01 -1.455015e-01
      outer loop
         vertex 3.758145e+01 1.090400e+01 2.686161e+01
         vertex 4.613893e+01 1.092790e+01 2.669919e+01
         vertex 4.559876e+01 1.090575e+01 2.684982e+01
      endloop
   endfacet
   facet normal 1.904942e-04 -9.901914e-01 -1.397174e-01
      outer loop
         vertex 4.696387e+01 1.096311e+01 2.645546e+01
         vertex 3.758145e+01 1.090400e+01 2.686161e+01
         vertex 4.752626e+01 1.098799e+01 2.627989e+01
      endloop
   endfacet
   facet normal -8.930710e-04 -9.874630e-01 -1.578478e-01
      outer loop
         vertex 4.752626e+01 1.098799e+01 2.627989e+01
         vertex 3.758145e+01 1.090400e+01 2.686161e+01
         vertex 3.808893e+01 1.090971e+01 2.682300e+01
      endloop
   endfacet
   facet normal 3.308703e-04 -9.905672e-01 -1.370272e-01
      outer loop
         vertex 4.752626e+01 1.098799e+01 2.627989e+01
         vertex 3.808893e+01 1.090971e+01 2.682300e+01
         vertex 4.809015e+01 1.101358e+01 2.609627e+01
      endloop
   endfacet
   facet normal -1.687676e-03 -9.864232e-01 -1.642143e-01
      outer loop
         vertex 4.809015e+01 1.101358e+01 2.609627e+01
         vertex 3.808893e+01 1.090971e+01 2.682300e+01
         vertex 3.859730e+01 1.091644e+01 2.677737e+01
      endloop
   endfacet
   facet normal 5.171334e-04 -9.909633e-01 -1.341320e-01
      outer loop
         vertex 4.809015e+01 1.101358e+01 2.609627e+01
         vertex 3.859730e+01 1.091644e+01 2.677737e+01
         vertex 4.865565e+01 1.103983e+01 2.590456e+01
      endloop
   endfacet
   facet normal -2.868660e-03 -9.850381e-01 -1.723129e-01
      outer loop
         vertex 4.865565e+01 1.103983e+01 2.590456e+01
         vertex 3.859730e+01 1.091644e+01 2.677737e+01
         vertex 3.910661e+01 1.092417e+01 2.672471e+01
      endloop
   endfacet
   facet normal 7.539180e-04 -9.913783e-01 -1.310289e-01
      outer loop
         vertex 4.865565e+01 1.103983e+01 2.590456e+01
         vertex 3.910661e+01 1.092417e+01 2.672471e+01
         vertex 4.922283e+01 1.106667e+01 2.570473e+01
      endloop
   endfacet
   facet normal -4.529390e-03 -9.832341e-01 -1.822914e-01
      outer loop
         vertex 4.922283e+01 1.106667e+01 2.570473e+01
         vertex 3.910661e+01 1.092417e+01 2.672471e+01
         vertex 3.961693e+01 1.093289e+01 2.666501e+01
      endloop
   endfacet
   facet normal 1.045824e-03 -9.918103e-01 -1.277157e-01
      outer loop
         vertex 4.922283e+01 1.106667e+01 2.570473e+01
         vertex 3.961693e+01 1.093289e+01 2.666501e+01
         vertex 4.979182e+01 1.109405e+01 2.549674e+01
      endloop
   endfacet
   facet normal -6.768389e-03 -9.809246e-01 -1.942708e-01
      outer loop
         vertex 4.979182e+01 1.109405e+01 2.549674e+01
         vertex 3.961693e+01 1.093289e+01 2.666501e+01
         vertex 4.012833e+01 1.094258e+01 2.659825e+01
      endloop
   endfacet
   facet normal -3.635004e-03 -9.858718e-01 -1.674622e-01
      outer loop
         vertex 4.979182e+01 1.109405e+01 2.549674e+01
         vertex 4.012833e+01 1.094258e+01 2.659825e+01
         vertex 4.064086e+01 1.095323e+01 2.652442e+01
      endloop
   endfacet
   facet normal -2.544148e-03 -9.874416e-01 -1.579638e-01
      outer loop
         vertex 4.064086e+01 1.095323e+01 2.652442e+01
         vertex 4.100362e+01 1.096132e+01 2.646799e+01
         vertex 4.979182e+01 1.109405e+01 2.549674e+01
      endloop
   endfacet
   facet normal -1.867690e-03 -9.883831e-01 -1.519717e-01
      outer loop
         vertex 4.979182e+01 1.109405e+01 2.549674e+01
         vertex 4.100362e+01 1.096132e+01 2.646799e+01
         vertex 4.153288e+01 1.097393e+01 2.637951e+01
      endloop
   endfacet
   facet normal -1.333547e-03 -9.891244e-01 -1.470753e-01
      outer loop
         vertex 4.979182e+01 1.109405e+01 2.549674e+01
         vertex 4.153288e+01 1.097393e+01 2.637951e+01
         vertex 4.206306e+01 1.098748e+01 2.628356e+01
      endloop
   endfacet
   facet normal -9.470498e-04 -9.896712e-01 -1.433529e-01
      outer loop
         vertex 4.206306e+01 1.098748e+01 2.628356e+01
         vertex 4.259427e+01 1.100195e+01 2.618015e+01
         vertex 4.979182e+01 1.109405e+01 2.549674e+01
      endloop
   endfacet
   facet normal -6.485362e-04 -9.901133e-01 -1.402686e-01
      outer loop
         vertex 4.979182e+01 1.109405e+01 2.549674e+01
         vertex 4.259427e+01 1.100195e+01 2.618015e+01
         vertex 4.312657e+01 1.101731e+01 2.606925e+01
      endloop
   endfacet
   facet normal -4.131711e-04 -9.904907e-01 -1.375791e-01
      outer loop
         vertex 4.979182e+01 1.109405e+01 2.549674e+01
         vertex 4.312657e+01 1.101731e+01 2.606925e+01
         vertex 4.366006e+01 1.103353e+01 2.595086e+01
      endloop
   endfacet
   facet normal -2.302623e-04 -9.908246e-01 -1.351539e-01
      outer loop
         vertex 4.366006e+01 1.103353e+01 2.595086e+01
         vertex 4.419482e+01 1.105059e+01 2.582494e+01
         vertex 4.979182e+01 1.109405e+01 2.549674e+01
      endloop
   endfacet
   facet normal -9.696604e-05 -9.911267e-01 -1.329207e-01
      outer loop
         vertex 4.979182e+01 1.109405e+01 2.549674e+01
         vertex 4.419482e+01 1.105059e+01 2.582494e+01
         vertex 4.473092e+01 1.106843e+01 2.569147e+01
      endloop
   endfacet
   facet normal -1.570634e-05 -9.914028e-01 -1.308452e-01
      outer loop
         vertex 4.979182e+01 1.109405e+01 2.549674e+01
         vertex 4.473092e+01 1.106843e+01 2.569147e+01
         vertex 4.526846e+01 1.108704e+01 2.555044e+01
      endloop
   endfacet
   facet normal 7.644865e-06 -9.916561e-01 -1.289113e-01
      outer loop
         vertex 4.526846e+01 1.108704e+01 2.555044e+01
         vertex 4.580752e+01 1.110637e+01 2.540180e+01
         vertex 4.979182e+01 1.109405e+01 2.549674e+01
      endloop
   endfacet
   facet normal -3.001543e-05 -9.918570e-01 -1.273569e-01
      outer loop
         vertex 4.979182e+01 1.109405e+01 2.549674e+01
         vertex 4.580752e+01 1.110637e+01 2.540180e+01
         vertex 4.620867e+01 1.112115e+01 2.528653e+01
      endloop
   endfacet
   facet normal -1.983597e-06 -9.917965e-01 -1.278269e-01
      outer loop
         vertex 4.979182e+01 1.109405e+01 2.549674e+01
         vertex 4.620867e+01 1.112115e+01 2.528653e+01
         vertex 5.036268e+01 1.112192e+01 2.528054e+01
      endloop
   endfacet
   facet normal 3.170182e-07 -9.919975e-01 -1.262571e-01
      outer loop
         vertex 5.036268e+01 1.112192e+01 2.528054e+01
         vertex 4.620867e+01 1.112115e+01 2.528653e+01
         vertex 4.634817e+01 1.112637e+01 2.524553e+01
      endloop
   endfacet
   facet normal -9.553105e-06 -9.921386e-01 -1.251436e-01
      outer loop
         vertex 5.036268e+01 1.112192e+01 2.528054e+01
         vertex 4.634817e+01 1.112637e+01 2.524553e+01
         vertex 4.680738e+01 1.114382e+01 2.510718e+01
      endloop
   endfacet
   facet normal 4.921390e-01 8.705167e-01 0.000000e+00
      outer loop
         vertex 6.690957e+01 1.231051e+01 1.564618e+01
         vertex 6.789957e+01 1.175082e+01 1.542398e+01
         vertex 6.690957e+01 1.231051e+01 1.420859e+01
      endloop
   endfacet
   facet normal 4.921571e-01 8.705064e-01 -1.951015e-05
      outer loop
         vertex 6.690957e+01 1.231051e+01 1.420859e+01
         vertex 6.789957e+01 1.175082e+01 1.542398e+01
         vertex 6.790175e+01 1.174958e+01 1.492851e+01
      endloop
   endfacet
   facet normal 4.921805e-01 8.704932e-01 -6.208451e-05
      outer loop
         vertex 6.690957e+01 1.231051e+01 1.420859e+01
         vertex 6.790175e+01 1.174958e+01 1.492851e+01
         vertex 6.790942e+01 1.174521e+01 1.443302e+01
      endloop
   endfacet
   facet normal 4.848838e-01 8.745786e-01 0.000000e+00
      outer loop
         vertex 6.690957e+01 1.231051e+01 1.564618e+01
         vertex 6.690957e+01 1.231051e+01 1.420859e+01
         vertex 6.568573e+01 1.298903e+01 1.591556e+01
      endloop
   endfacet
   facet normal 4.848838e-01 8.745786e-01 0.000000e+00
      outer loop
         vertex 6.568573e+01 1.298903e+01 1.591556e+01
         vertex 6.690957e+01 1.231051e+01 1.420859e+01
         vertex 6.568573e+01 1.298903e+01 1.393921e+01
      endloop
   endfacet
   facet normal 4.765324e-01 8.791569e-01 0.000000e+00
      outer loop
         vertex 6.568573e+01 1.298903e+01 1.591556e+01
         vertex 6.568573e+01 1.298903e+01 1.393921e+01
         vertex 6.447497e+01 1.364531e+01 1.617611e+01
      endloop
   endfacet
   facet normal 4.765324e-01 8.791569e-01 0.000000e+00
      outer loop
         vertex 6.447497e+01 1.364531e+01 1.617611e+01
         vertex 6.568573e+01 1.298903e+01 1.393921e+01
         vertex 6.447497e+01 1.364531e+01 1.367866e+01
      endloop
   endfacet
   facet normal 4.678656e-01 8.837996e-01 0.000000e+00
      outer loop
         vertex 6.447497e+01 1.364531e+01 1.617611e+01
         vertex 6.447497e+01 1.364531e+01 1.367866e+01
         vertex 6.327728e+01 1.427933e+01 1.642783e+01
      endloop
   endfacet
   facet normal 4.678656e-01 8.837996e-01 0.000000e+00
      outer loop
         vertex 6.327728e+01 1.427933e+01 1.642783e+01
         vertex 6.447497e+01 1.364531e+01 1.367866e+01
         vertex 6.327728e+01 1.427933e+01 1.342694e+01
      endloop
   endfacet
   facet normal 4.588692e-01 8.885038e-01 0.000000e+00
      outer loop
         vertex 6.327728e+01 1.427933e+01 1.642783e+01
         vertex 6.327728e+01 1.427933e+01 1.342694e+01
         vertex 6.209270e+01 1.489112e+01 1.667071e+01
      endloop
   endfacet
   facet normal 4.588692e-01 8.885038e-01 0.000000e+00
      outer loop
         vertex 6.209270e+01 1.489112e+01 1.667071e+01
         vertex 6.327728e+01 1.427933e+01 1.342694e+01
         vertex 6.209270e+01 1.489112e+01 1.318406e+01
      endloop
   endfacet
   facet normal 4.495186e-01 8.932710e-01 0.000000e+00
      outer loop
         vertex 6.209270e+01 1.489112e+01 1.667071e+01
         vertex 6.209270e+01 1.489112e+01 1.318406e+01
         vertex 6.092119e+01 1.548065e+01 1.690477e+01
      endloop
   endfacet
   facet normal 4.495186e-01 8.932710e-01 0.000000e+00
      outer loop
         vertex 6.092119e+01 1.548065e+01 1.690477e+01
         vertex 6.209270e+01 1.489112e+01 1.318406e+01
         vertex 6.092119e+01 1.548065e+01 1.295001e+01
      endloop
   endfacet
   facet normal 4.398041e-01 8.980937e-01 0.000000e+00
      outer loop
         vertex 6.092119e+01 1.548065e+01 1.690477e+01
         vertex 6.092119e+01 1.548065e+01 1.295001e+01
         vertex 5.976277e+01 1.604794e+01 1.712999e+01
      endloop
   endfacet
   facet normal 4.398041e-01 8.980937e-01 0.000000e+00
      outer loop
         vertex 5.976277e+01 1.604794e+01 1.712999e+01
         vertex 6.092119e+01 1.548065e+01 1.295001e+01
         vertex 5.976277e+01 1.604794e+01 1.272479e+01
      endloop
   endfacet
   facet normal 4.297054e-01 9.029691e-01 0.000000e+00
      outer loop
         vertex 5.976277e+01 1.604794e+01 1.712999e+01
         vertex 5.976277e+01 1.604794e+01 1.272479e+01
         vertex 5.861744e+01 1.659298e+01 1.734637e+01
      endloop
   endfacet
   facet normal 4.297054e-01 9.029691e-01 0.000000e+00
      outer loop
         vertex 5.861744e+01 1.659298e+01 1.734637e+01
         vertex 5.976277e+01 1.604794e+01 1.272479e+01
         vertex 5.861744e+01 1.659298e+01 1.250840e+01
      endloop
   endfacet
   facet normal 4.192025e-01 9.078928e-01 0.000000e+00
      outer loop
         vertex 5.861744e+01 1.659298e+01 1.734637e+01
         vertex 5.861744e+01 1.659298e+01 1.250840e+01
         vertex 5.748519e+01 1.711578e+01 1.755393e+01
      endloop
   endfacet
   facet normal 4.192025e-01 9.078928e-01 0.000000e+00
      outer loop
         vertex 5.748519e+01 1.711578e+01 1.755393e+01
         vertex 5.861744e+01 1.659298e+01 1.250840e+01
         vertex 5.748519e+01 1.711578e+01 1.230084e+01
      endloop
   endfacet
   facet normal 4.082777e-01 9.128578e-01 0.000000e+00
      outer loop
         vertex 5.748519e+01 1.711578e+01 1.755393e+01
         vertex 5.748519e+01 1.711578e+01 1.230084e+01
         vertex 5.636603e+01 1.761632e+01 1.775265e+01
      endloop
   endfacet
   facet normal 4.082777e-01 9.128578e-01 0.000000e+00
      outer loop
         vertex 5.636603e+01 1.761632e+01 1.775265e+01
         vertex 5.748519e+01 1.711578e+01 1.230084e+01
         vertex 5.636603e+01 1.761632e+01 1.210212e+01
      endloop
   endfacet
   facet normal 3.969090e-01 9.178580e-01 0.000000e+00
      outer loop
         vertex 5.636603e+01 1.761632e+01 1.775265e+01
         vertex 5.636603e+01 1.761632e+01 1.210212e+01
         vertex 5.525995e+01 1.809463e+01 1.794255e+01
      endloop
   endfacet
   facet normal 3.969090e-01 9.178580e-01 0.000000e+00
      outer loop
         vertex 5.525995e+01 1.809463e+01 1.794255e+01
         vertex 5.636603e+01 1.761632e+01 1.210212e+01
         vertex 5.525995e+01 1.809463e+01 1.191223e+01
      endloop
   endfacet
   facet normal 3.850772e-01 9.228844e-01 0.000000e+00
      outer loop
         vertex 5.525995e+01 1.809463e+01 1.794255e+01
         vertex 5.525995e+01 1.809463e+01 1.191223e+01
         vertex 5.416695e+01 1.855068e+01 1.812360e+01
      endloop
   endfacet
   facet normal 3.850772e-01 9.228844e-01 0.000000e+00
      outer loop
         vertex 5.416695e+01 1.855068e+01 1.812360e+01
         vertex 5.525995e+01 1.809463e+01 1.191223e+01
         vertex 5.416695e+01 1.855068e+01 1.173117e+01
      endloop
   endfacet
   facet normal 3.727576e-01 9.279288e-01 0.000000e+00
      outer loop
         vertex 5.416695e+01 1.855068e+01 1.812360e+01
         vertex 5.416695e+01 1.855068e+01 1.173117e+01
         vertex 5.308705e+01 1.898449e+01 1.829583e+01
      endloop
   endfacet
   facet normal 3.727576e-01 9.279288e-01 0.000000e+00
      outer loop
         vertex 5.308705e+01 1.898449e+01 1.829583e+01
         vertex 5.416695e+01 1.855068e+01 1.173117e+01
         vertex 5.308705e+01 1.898449e+01 1.155894e+01
      endloop
   endfacet
   facet normal 3.599283e-01 9.329800e-01 0.000000e+00
      outer loop
         vertex 5.308705e+01 1.898449e+01 1.829583e+01
         vertex 5.308705e+01 1.898449e+01 1.155894e+01
         vertex 5.202022e+01 1.939605e+01 1.845923e+01
      endloop
   endfacet
   facet normal 3.599283e-01 9.329800e-01 0.000000e+00
      outer loop
         vertex 5.202022e+01 1.939605e+01 1.845923e+01
         vertex 5.308705e+01 1.898449e+01 1.155894e+01
         vertex 5.202022e+01 1.939605e+01 1.139555e+01
      endloop
   endfacet
   facet normal 3.465649e-01 9.380260e-01 0.000000e+00
      outer loop
         vertex 5.202022e+01 1.939605e+01 1.845923e+01
         vertex 5.202022e+01 1.939605e+01 1.139555e+01
         vertex 5.096649e+01 1.978537e+01 1.861379e+01
      endloop
   endfacet
   facet normal 3.465649e-01 9.380260e-01 0.000000e+00
      outer loop
         vertex 5.202022e+01 1.939605e+01 1.139555e+01
         vertex 5.096649e+01 1.978537e+01 1.124098e+01
         vertex 5.096649e+01 1.978537e+01 1.861379e+01
      endloop
   endfacet
   facet normal 3.361763e-01 9.417991e-01 0.000000e+00
      outer loop
         vertex 5.096649e+01 1.978537e+01 1.861379e+01
         vertex 5.096649e+01 1.978537e+01 1.124098e+01
         vertex 5.044453e+01 1.997168e+01 1.116701e+01
      endloop
   endfacet
   facet normal 3.326769e-01 9.430408e-01 2.763469e-04
      outer loop
         vertex 5.096649e+01 1.978537e+01 1.861379e+01
         vertex 5.044453e+01 1.997168e+01 1.116701e+01
         vertex 4.992584e+01 2.015244e+01 1.875952e+01
      endloop
   endfacet
   facet normal 3.290722e-01 9.443047e-01 0.000000e+00
      outer loop
         vertex 5.044453e+01 1.997168e+01 1.116701e+01
         vertex 4.992584e+01 2.015244e+01 1.109525e+01
         vertex 4.992584e+01 2.015244e+01 1.875952e+01
      endloop
   endfacet
   facet normal 3.218212e-01 9.468005e-01 0.000000e+00
      outer loop
         vertex 4.992584e+01 2.015244e+01 1.875952e+01
         vertex 4.992584e+01 2.015244e+01 1.109525e+01
         vertex 4.941042e+01 2.032763e+01 1.102570e+01
      endloop
   endfacet
   facet normal 3.181697e-01 9.480337e-01 2.712892e-04
      outer loop
         vertex 4.992584e+01 2.015244e+01 1.875952e+01
         vertex 4.941042e+01 2.032763e+01 1.102570e+01
         vertex 4.889827e+01 2.049726e+01 1.889642e+01
      endloop
   endfacet
   facet normal 3.144152e-01 9.492856e-01 0.000000e+00
      outer loop
         vertex 4.889827e+01 2.049726e+01 1.889642e+01
         vertex 4.941042e+01 2.032763e+01 1.102570e+01
         vertex 4.889827e+01 2.049726e+01 1.095835e+01
      endloop
   endfacet
   facet normal 3.068320e-01 9.517637e-01 0.000000e+00
      outer loop
         vertex 4.889827e+01 2.049726e+01 1.889642e+01
         vertex 4.889827e+01 2.049726e+01 1.095835e+01
         vertex 4.838573e+01 2.066249e+01 1.896202e+01
      endloop
   endfacet
   facet normal 3.068589e-01 9.517550e-01 1.901583e-06
      outer loop
         vertex 4.838573e+01 2.066249e+01 1.896202e+01
         vertex 4.889827e+01 2.049726e+01 1.095835e+01
         vertex 4.838940e+01 2.066133e+01 1.089322e+01
      endloop
   endfacet
   facet normal 2.991162e-01 9.542167e-01 -1.975521e-06
      outer loop
         vertex 4.838573e+01 2.066249e+01 1.896202e+01
         vertex 4.838940e+01 2.066133e+01 1.089322e+01
         vertex 4.788379e+01 2.081983e+01 1.902449e+01
      endloop
   endfacet
   facet normal 2.991452e-01 9.542076e-01 0.000000e+00
      outer loop
         vertex 4.788379e+01 2.081983e+01 1.902449e+01
         vertex 4.838940e+01 2.066133e+01 1.089322e+01
         vertex 4.788379e+01 2.081983e+01 1.083029e+01
      endloop
   endfacet
   facet normal 2.912428e-01 9.566492e-01 0.000000e+00
      outer loop
         vertex 4.788379e+01 2.081983e+01 1.902449e+01
         vertex 4.788379e+01 2.081983e+01 1.083029e+01
         vertex 4.737809e+01 2.097379e+01 1.908561e+01
      endloop
   endfacet
   facet normal 2.912687e-01 9.566413e-01 1.733650e-06
      outer loop
         vertex 4.737809e+01 2.097379e+01 1.908561e+01
         vertex 4.788379e+01 2.081983e+01 1.083029e+01
         vertex 4.738146e+01 2.097278e+01 1.076957e+01
      endloop
   endfacet
   facet normal 2.832003e-01 9.590608e-01 -1.831627e-06
      outer loop
         vertex 4.737809e+01 2.097379e+01 1.908561e+01
         vertex 4.738146e+01 2.097278e+01 1.076957e+01
         vertex 4.688240e+01 2.112016e+01 1.914372e+01
      endloop
   endfacet
   facet normal 2.832285e-01 9.590525e-01 0.000000e+00
      outer loop
         vertex 4.688240e+01 2.112016e+01 1.914372e+01
         vertex 4.738146e+01 2.097278e+01 1.076957e+01
         vertex 4.688240e+01 2.112016e+01 1.071105e+01
      endloop
   endfacet
   facet normal 2.749954e-01 9.614455e-01 0.000000e+00
      outer loop
         vertex 4.688240e+01 2.112016e+01 1.914372e+01
         vertex 4.688240e+01 2.112016e+01 1.071105e+01
         vertex 4.638353e+01 2.126285e+01 1.920037e+01
      endloop
   endfacet
   facet normal 2.750205e-01 9.614384e-01 1.598647e-06
      outer loop
         vertex 4.638353e+01 2.126285e+01 1.920037e+01
         vertex 4.688240e+01 2.112016e+01 1.071105e+01
         vertex 4.638661e+01 2.126198e+01 1.065475e+01
      endloop
   endfacet
   facet normal 2.666186e-01 9.638021e-01 -1.670212e-06
      outer loop
         vertex 4.638353e+01 2.126285e+01 1.920037e+01
         vertex 4.638661e+01 2.126198e+01 1.065475e+01
         vertex 4.589409e+01 2.139825e+01 1.925412e+01
      endloop
   endfacet
   facet normal 2.666457e-01 9.637946e-01 0.000000e+00
      outer loop
         vertex 4.589409e+01 2.139825e+01 1.925412e+01
         vertex 4.638661e+01 2.126198e+01 1.065475e+01
         vertex 4.589409e+01 2.139825e+01 1.060065e+01
      endloop
   endfacet
   facet normal 2.580646e-01 9.661277e-01 0.000000e+00
      outer loop
         vertex 4.589409e+01 2.139825e+01 1.925412e+01
         vertex 4.589409e+01 2.139825e+01 1.060065e+01
         vertex 4.540204e+01 2.152968e+01 1.930630e+01
      endloop
   endfacet
   facet normal 2.580892e-01 9.661211e-01 1.488467e-06
      outer loop
         vertex 4.540204e+01 2.152968e+01 1.930630e+01
         vertex 4.589409e+01 2.139825e+01 1.060065e+01
         vertex 4.540484e+01 2.152894e+01 1.054876e+01
      endloop
   endfacet
   facet normal 2.493372e-01 9.684167e-01 -1.499840e-06
      outer loop
         vertex 4.540204e+01 2.152968e+01 1.930630e+01
         vertex 4.540484e+01 2.152894e+01 1.054876e+01
         vertex 4.491886e+01 2.165408e+01 1.935569e+01
      endloop
   endfacet
   facet normal 2.493627e-01 9.684102e-01 0.000000e+00
      outer loop
         vertex 4.491886e+01 2.165408e+01 1.935569e+01
         vertex 4.540484e+01 2.152894e+01 1.054876e+01
         vertex 4.491886e+01 2.165408e+01 1.049908e+01
      endloop
   endfacet
   facet normal 2.404274e-01 9.706671e-01 0.000000e+00
      outer loop
         vertex 4.491886e+01 2.165408e+01 1.935569e+01
         vertex 4.491886e+01 2.165408e+01 1.049908e+01
         vertex 4.443364e+01 2.177427e+01 1.940341e+01
      endloop
   endfacet
   facet normal 2.404515e-01 9.706611e-01 1.396012e-06
      outer loop
         vertex 4.443364e+01 2.177427e+01 1.940341e+01
         vertex 4.491886e+01 2.165408e+01 1.049908e+01
         vertex 4.443616e+01 2.177366e+01 1.045161e+01
      endloop
   endfacet
   facet normal 2.313349e-01 9.728742e-01 -1.323721e-06
      outer loop
         vertex 4.443364e+01 2.177427e+01 1.940341e+01
         vertex 4.443616e+01 2.177366e+01 1.045161e+01
         vertex 4.395673e+01 2.188767e+01 1.944843e+01
      endloop
   endfacet
   facet normal 2.313584e-01 9.728686e-01 0.000000e+00
      outer loop
         vertex 4.395673e+01 2.188767e+01 1.944843e+01
         vertex 4.443616e+01 2.177366e+01 1.045161e+01
         vertex 4.395673e+01 2.188767e+01 1.040634e+01
      endloop
   endfacet
   facet normal 2.220521e-01 9.750348e-01 0.000000e+00
      outer loop
         vertex 4.395673e+01 2.188767e+01 1.944843e+01
         vertex 4.395673e+01 2.188767e+01 1.040634e+01
         vertex 4.347831e+01 2.199662e+01 1.949169e+01
      endloop
   endfacet
   facet normal 2.220742e-01 9.750298e-01 1.220740e-06
      outer loop
         vertex 4.347831e+01 2.199662e+01 1.949169e+01
         vertex 4.395673e+01 2.188767e+01 1.040634e+01
         vertex 4.348056e+01 2.199612e+01 1.036329e+01
      endloop
   endfacet
   facet normal 2.125821e-01 9.771432e-01 -1.234987e-06
      outer loop
         vertex 4.347831e+01 2.199662e+01 1.949169e+01
         vertex 4.348056e+01 2.199612e+01 1.036329e+01
         vertex 4.300767e+01 2.209901e+01 1.953234e+01
      endloop
   endfacet
   facet normal 2.126049e-01 9.771382e-01 0.000000e+00
      outer loop
         vertex 4.300767e+01 2.209901e+01 1.953234e+01
         vertex 4.348056e+01 2.199612e+01 1.036329e+01
         vertex 4.300767e+01 2.209901e+01 1.032244e+01
      endloop
   endfacet
   facet normal 2.029169e-01 9.791960e-01 0.000000e+00
      outer loop
         vertex 4.300767e+01 2.209901e+01 1.953234e+01
         vertex 4.300767e+01 2.209901e+01 1.032244e+01
         vertex 4.253607e+01 2.219674e+01 1.957114e+01
      endloop
   endfacet
   facet normal 2.029370e-01 9.791918e-01 1.065959e-06
      outer loop
         vertex 4.253607e+01 2.219674e+01 1.957114e+01
         vertex 4.300767e+01 2.209901e+01 1.032244e+01
         vertex 4.253805e+01 2.219634e+01 1.028380e+01
      endloop
   endfacet
   facet normal 1.930558e-01 9.811878e-01 -1.132842e-06
      outer loop
         vertex 4.253607e+01 2.219674e+01 1.957114e+01
         vertex 4.253805e+01 2.219634e+01 1.028380e+01
         vertex 4.207171e+01 2.228811e+01 1.960741e+01
      endloop
   endfacet
   facet normal 1.930776e-01 9.811835e-01 0.000000e+00
      outer loop
         vertex 4.207171e+01 2.228811e+01 1.960741e+01
         vertex 4.253805e+01 2.219634e+01 1.028380e+01
         vertex 4.207171e+01 2.228811e+01 1.024736e+01
      endloop
   endfacet
   facet normal 1.829934e-01 9.831141e-01 0.000000e+00
      outer loop
         vertex 4.207171e+01 2.228811e+01 1.960741e+01
         vertex 4.207171e+01 2.228811e+01 1.024736e+01
         vertex 4.160690e+01 2.237463e+01 1.964176e+01
      endloop
   endfacet
   facet normal 1.830119e-01 9.831107e-01 9.478575e-07
      outer loop
         vertex 4.160690e+01 2.237463e+01 1.964176e+01
         vertex 4.207171e+01 2.228811e+01 1.024736e+01
         vertex 4.160863e+01 2.237431e+01 1.021314e+01
      endloop
   endfacet
   facet normal 1.727310e-01 9.849690e-01 -9.943666e-07
      outer loop
         vertex 4.160690e+01 2.237463e+01 1.964176e+01
         vertex 4.160863e+01 2.237431e+01 1.021314e+01
         vertex 4.114882e+01 2.245496e+01 1.967365e+01
      endloop
   endfacet
   facet normal 1.727508e-01 9.849656e-01 0.000000e+00
      outer loop
         vertex 4.114882e+01 2.245496e+01 1.967365e+01
         vertex 4.160863e+01 2.237431e+01 1.021314e+01
         vertex 4.114882e+01 2.245496e+01 1.018112e+01
      endloop
   endfacet
   facet normal 1.622648e-01 9.867472e-01 0.000000e+00
      outer loop
         vertex 4.114882e+01 2.245496e+01 1.967365e+01
         vertex 4.114882e+01 2.245496e+01 1.018112e+01
         vertex 4.069081e+01 2.253028e+01 1.970355e+01
      endloop
   endfacet
   facet normal 1.622827e-01 9.867443e-01 8.818972e-07
      outer loop
         vertex 4.069081e+01 2.253028e+01 1.970355e+01
         vertex 4.114882e+01 2.245496e+01 1.018112e+01
         vertex 4.069229e+01 2.253004e+01 1.015131e+01
      endloop
   endfacet
   facet normal 1.515878e-01 9.884438e-01 -8.157037e-07
      outer loop
         vertex 4.069081e+01 2.253028e+01 1.970355e+01
         vertex 4.069229e+01 2.253004e+01 1.015131e+01
         vertex 4.023903e+01 2.259956e+01 1.973106e+01
      endloop
   endfacet
   facet normal 1.516047e-01 9.884412e-01 0.000000e+00
      outer loop
         vertex 4.023903e+01 2.259956e+01 1.973106e+01
         vertex 4.069229e+01 2.253004e+01 1.015131e+01
         vertex 4.023903e+01 2.259956e+01 1.012371e+01
      endloop
   endfacet
   facet normal 1.407050e-01 9.900516e-01 0.000000e+00
      outer loop
         vertex 4.023903e+01 2.259956e+01 1.973106e+01
         vertex 4.023903e+01 2.259956e+01 1.012371e+01
         vertex 3.978781e+01 2.266369e+01 1.975652e+01
      endloop
   endfacet
   facet normal 1.352112e-01 9.908168e-01 -2.624344e-04
      outer loop
         vertex 3.978781e+01 2.266369e+01 1.975652e+01
         vertex 4.023903e+01 2.259956e+01 1.012371e+01
         vertex 3.934232e+01 2.272192e+01 1.007514e+01
      endloop
   endfacet
   facet normal 1.125739e-01 9.936434e-01 -1.330568e-06
      outer loop
         vertex 3.845869e+01 2.282203e+01 1.003539e+01
         vertex 3.934121e+01 2.272206e+01 1.977969e+01
         vertex 3.934232e+01 2.272192e+01 1.007514e+01
      endloop
   endfacet
   facet normal 1.295920e-01 9.915674e-01 6.458775e-07
      outer loop
         vertex 3.934232e+01 2.272192e+01 1.007514e+01
         vertex 3.934121e+01 2.272206e+01 1.977969e+01
         vertex 3.978781e+01 2.266369e+01 1.975652e+01
      endloop
   endfacet
   facet normal 1.338018e-02 9.999105e-01 -0.000000e+00
      outer loop
         vertex 3.505504e+01 2.300000e+01 9.964734e+00
         vertex 3.505504e+01 2.300000e+01 1.989004e+01
         vertex 3.588632e+01 2.298888e+01 9.969150e+00
      endloop
   endfacet
   facet normal 1.338018e-02 9.999105e-01 -0.000000e+00
      outer loop
         vertex 3.588632e+01 2.298888e+01 9.969150e+00
         vertex 3.505504e+01 2.300000e+01 1.989004e+01
         vertex 3.588632e+01 2.298888e+01 1.988562e+01
      endloop
   endfacet
   facet normal 3.948889e-02 9.992200e-01 -0.000000e+00
      outer loop
         vertex 3.588632e+01 2.298888e+01 9.969150e+00
         vertex 3.588632e+01 2.298888e+01 1.988562e+01
         vertex 3.673069e+01 2.295551e+01 9.982399e+00
      endloop
   endfacet
   facet normal 3.948889e-02 9.992200e-01 -0.000000e+00
      outer loop
         vertex 3.673069e+01 2.295551e+01 9.982399e+00
         vertex 3.588632e+01 2.298888e+01 1.988562e+01
         vertex 3.673069e+01 2.295551e+01 1.987237e+01
      endloop
   endfacet
   facet normal 6.472663e-02 9.979030e-01 -0.000000e+00
      outer loop
         vertex 3.673069e+01 2.295551e+01 9.982399e+00
         vertex 3.673069e+01 2.295551e+01 1.987237e+01
         vertex 3.758815e+01 2.289989e+01 1.000448e+01
      endloop
   endfacet
   facet normal 6.472663e-02 9.979030e-01 -0.000000e+00
      outer loop
         vertex 3.758815e+01 2.289989e+01 1.000448e+01
         vertex 3.673069e+01 2.295551e+01 1.987237e+01
         vertex 3.758815e+01 2.289989e+01 1.985029e+01
      endloop
   endfacet
   facet normal 8.908673e-02 9.960239e-01 -0.000000e+00
      outer loop
         vertex 3.758815e+01 2.289989e+01 1.000448e+01
         vertex 3.758815e+01 2.289989e+01 1.985029e+01
         vertex 3.845869e+01 2.282203e+01 1.003539e+01
      endloop
   endfacet
   facet normal 8.908673e-02 9.960239e-01 -0.000000e+00
      outer loop
         vertex 3.845869e+01 2.282203e+01 1.003539e+01
         vertex 3.758815e+01 2.289989e+01 1.985029e+01
         vertex 3.845869e+01 2.282203e+01 1.981938e+01
      endloop
   endfacet
   facet normal 1.125594e-01 9.936450e-01 -0.000000e+00
      outer loop
         vertex 3.845869e+01 2.282203e+01 1.003539e+01
         vertex 3.845869e+01 2.282203e+01 1.981938e+01
         vertex 3.934121e+01 2.272206e+01 1.977969e+01
      endloop
   endfacet
   facet normal 4.742464e-01 5.737640e-01 6.677464e-01
      outer loop
         vertex 6.773731e+01 1.175066e+01 1.553936e+01
         vertex 6.789957e+01 1.175082e+01 1.542398e+01
         vertex 6.690957e+01 1.231051e+01 1.564618e+01
      endloop
   endfacet
   facet normal 4.692435e-01 5.699408e-01 6.745206e-01
      outer loop
         vertex 6.688780e+01 1.174710e+01 1.613738e+01
         vertex 6.724950e+01 1.174917e+01 1.588401e+01
         vertex 6.690957e+01 1.231051e+01 1.564618e+01
      endloop
   endfacet
   facet normal 4.720166e-01 5.705723e-01 6.720473e-01
      outer loop
         vertex 6.690957e+01 1.231051e+01 1.564618e+01
         vertex 6.724950e+01 1.174917e+01 1.588401e+01
         vertex 6.757488e+01 1.175033e+01 1.565449e+01
      endloop
   endfacet
   facet normal 4.734642e-01 5.722551e-01 6.695937e-01
      outer loop
         vertex 6.690957e+01 1.231051e+01 1.564618e+01
         vertex 6.757488e+01 1.175033e+01 1.565449e+01
         vertex 6.773731e+01 1.175066e+01 1.553936e+01
      endloop
   endfacet
   facet normal 4.654685e-01 5.713364e-01 6.759540e-01
      outer loop
         vertex 6.688780e+01 1.174710e+01 1.613738e+01
         vertex 6.690957e+01 1.231051e+01 1.564618e+01
         vertex 6.652692e+01 1.174425e+01 1.638829e+01
      endloop
   endfacet
   facet normal 4.655224e-01 5.712960e-01 6.759510e-01
      outer loop
         vertex 6.652692e+01 1.174425e+01 1.638829e+01
         vertex 6.690957e+01 1.231051e+01 1.564618e+01
         vertex 6.568573e+01 1.298903e+01 1.591556e+01
      endloop
   endfacet
   facet normal 4.625963e-01 5.703748e-01 6.787321e-01
      outer loop
         vertex 6.652692e+01 1.174425e+01 1.638829e+01
         vertex 6.568573e+01 1.298903e+01 1.591556e+01
         vertex 6.616685e+01 1.174064e+01 1.663674e+01
      endloop
   endfacet
   facet normal 4.524154e-01 5.725664e-01 6.837309e-01
      outer loop
         vertex 6.523266e+01 1.172781e+01 1.727228e+01
         vertex 6.544912e+01 1.173121e+01 1.712620e+01
         vertex 6.480825e+01 1.208783e+01 1.725161e+01
      endloop
   endfacet
   facet normal 4.536566e-01 5.761479e-01 6.798892e-01
      outer loop
         vertex 6.480825e+01 1.208783e+01 1.725161e+01
         vertex 6.544912e+01 1.173121e+01 1.712620e+01
         vertex 6.580759e+01 1.173628e+01 1.688271e+01
      endloop
   endfacet
   facet normal 4.537435e-01 5.790299e-01 6.773782e-01
      outer loop
         vertex 6.480825e+01 1.208783e+01 1.725161e+01
         vertex 6.580759e+01 1.173628e+01 1.688271e+01
         vertex 6.594994e+01 1.175719e+01 1.676949e+01
      endloop
   endfacet
   facet normal 4.500656e-01 5.700076e-01 6.874098e-01
      outer loop
         vertex 6.523266e+01 1.172781e+01 1.727228e+01
         vertex 6.480825e+01 1.208783e+01 1.725161e+01
         vertex 6.473629e+01 1.171904e+01 1.760454e+01
      endloop
   endfacet
   facet normal 4.443068e-01 5.726295e-01 6.889753e-01
      outer loop
         vertex 6.473629e+01 1.171904e+01 1.760454e+01
         vertex 6.480825e+01 1.208783e+01 1.725161e+01
         vertex 6.367428e+01 1.240728e+01 1.771739e+01
      endloop
   endfacet
   facet normal 4.436828e-01 5.714387e-01 6.903647e-01
      outer loop
         vertex 6.473629e+01 1.171904e+01 1.760454e+01
         vertex 6.367428e+01 1.240728e+01 1.771739e+01
         vertex 6.402663e+01 1.170430e+01 1.807283e+01
      endloop
   endfacet
   facet normal 4.376074e-01 5.706688e-01 6.948647e-01
      outer loop
         vertex 6.402663e+01 1.170430e+01 1.807283e+01
         vertex 6.367428e+01 1.240728e+01 1.771739e+01
         vertex 6.344065e+01 1.169025e+01 1.845339e+01
      endloop
   endfacet
   facet normal 4.342173e-01 5.724511e-01 6.955250e-01
      outer loop
         vertex 6.344065e+01 1.169025e+01 1.845339e+01
         vertex 6.367428e+01 1.240728e+01 1.771739e+01
         vertex 6.254802e+01 1.271551e+01 1.816683e+01
      endloop
   endfacet
   facet normal 4.311875e-01 5.707327e-01 6.988144e-01
      outer loop
         vertex 6.344065e+01 1.169025e+01 1.845339e+01
         vertex 6.254802e+01 1.271551e+01 1.816683e+01
         vertex 6.275612e+01 1.167181e+01 1.889082e+01
      endloop
   endfacet
   facet normal 4.237381e-01 5.717977e-01 7.024909e-01
      outer loop
         vertex 6.275612e+01 1.167181e+01 1.889082e+01
         vertex 6.254802e+01 1.271551e+01 1.816683e+01
         vertex 6.207492e+01 1.165143e+01 1.931831e+01
      endloop
   endfacet
   facet normal 4.238216e-01 5.717489e-01 7.024802e-01
      outer loop
         vertex 6.207492e+01 1.165143e+01 1.931831e+01
         vertex 6.254802e+01 1.271551e+01 1.816683e+01
         vertex 6.142948e+01 1.301253e+01 1.859992e+01
      endloop
   endfacet
   facet normal 4.185226e-01 5.711606e-01 7.061264e-01
      outer loop
         vertex 6.207492e+01 1.165143e+01 1.931831e+01
         vertex 6.142948e+01 1.301253e+01 1.859992e+01
         vertex 6.171629e+01 1.163993e+01 1.954018e+01
      endloop
   endfacet
   facet normal 4.147211e-01 5.716369e-01 7.079814e-01
      outer loop
         vertex 6.171629e+01 1.163993e+01 1.954018e+01
         vertex 6.142948e+01 1.301253e+01 1.859992e+01
         vertex 6.139700e+01 1.162926e+01 1.973582e+01
      endloop
   endfacet
   facet normal 4.130400e-01 5.721457e-01 7.085529e-01
      outer loop
         vertex 6.139700e+01 1.162926e+01 1.973582e+01
         vertex 6.142948e+01 1.301253e+01 1.859992e+01
         vertex 6.031865e+01 1.329835e+01 1.901667e+01
      endloop
   endfacet
   facet normal 4.095418e-01 5.711160e-01 7.114085e-01
      outer loop
         vertex 6.139700e+01 1.162926e+01 1.973582e+01
         vertex 6.031865e+01 1.329835e+01 1.901667e+01
         vertex 6.072229e+01 1.160547e+01 2.014334e+01
      endloop
   endfacet
   facet normal 4.023957e-01 5.717704e-01 7.149519e-01
      outer loop
         vertex 6.072229e+01 1.160547e+01 2.014334e+01
         vertex 6.031865e+01 1.329835e+01 1.901667e+01
         vertex 6.014611e+01 1.158389e+01 2.048489e+01
      endloop
   endfacet
   facet normal 4.019332e-01 5.719303e-01 7.150842e-01
      outer loop
         vertex 6.014611e+01 1.158389e+01 2.048489e+01
         vertex 6.031865e+01 1.329835e+01 1.901667e+01
         vertex 5.921553e+01 1.357295e+01 1.941708e+01
      endloop
   endfacet
   facet normal 3.987102e-01 5.715518e-01 7.171880e-01
      outer loop
         vertex 6.014611e+01 1.158389e+01 2.048489e+01
         vertex 5.921553e+01 1.357295e+01 1.941708e+01
         vertex 6.005074e+01 1.158021e+01 2.054084e+01
      endloop
   endfacet
   facet normal 3.819303e-01 5.715818e-01 7.262393e-01
      outer loop
         vertex 5.857294e+01 1.151973e+01 2.138629e+01
         vertex 5.871831e+01 1.152595e+01 2.130494e+01
         vertex 5.812013e+01 1.383635e+01 1.980114e+01
      endloop
   endfacet
   facet normal 3.866750e-01 5.713119e-01 7.239373e-01
      outer loop
         vertex 5.812013e+01 1.383635e+01 1.980114e+01
         vertex 5.871831e+01 1.152595e+01 2.130494e+01
         vertex 5.936329e+01 1.155286e+01 2.093921e+01
      endloop
   endfacet
   facet normal 3.904591e-01 5.720620e-01 7.213090e-01
      outer loop
         vertex 5.812013e+01 1.383635e+01 1.980114e+01
         vertex 5.936329e+01 1.155286e+01 2.093921e+01
         vertex 5.921553e+01 1.357295e+01 1.941708e+01
      endloop
   endfacet
   facet normal 3.917065e-01 5.718001e-01 7.208402e-01
      outer loop
         vertex 5.921553e+01 1.357295e+01 1.941708e+01
         vertex 5.936329e+01 1.155286e+01 2.093921e+01
         vertex 5.961789e+01 1.156316e+01 2.079268e+01
      endloop
   endfacet
   facet normal 3.958083e-01 5.713372e-01 7.189642e-01
      outer loop
         vertex 5.921553e+01 1.357295e+01 1.941708e+01
         vertex 5.961789e+01 1.156316e+01 2.079268e+01
         vertex 6.005074e+01 1.158021e+01 2.054084e+01
      endloop
   endfacet
   facet normal 3.779626e-01 5.719999e-01 7.279838e-01
      outer loop
         vertex 5.857294e+01 1.151973e+01 2.138629e+01
         vertex 5.812013e+01 1.383635e+01 1.980114e+01
         vertex 5.807648e+01 1.149810e+01 2.166104e+01
      endloop
   endfacet
   facet normal 3.786255e-01 5.718237e-01 7.277777e-01
      outer loop
         vertex 5.807648e+01 1.149810e+01 2.166104e+01
         vertex 5.812013e+01 1.383635e+01 1.980114e+01
         vertex 5.703245e+01 1.408854e+01 2.016886e+01
      endloop
   endfacet
   facet normal 3.713810e-01 5.712892e-01 7.319186e-01
      outer loop
         vertex 5.807648e+01 1.149810e+01 2.166104e+01
         vertex 5.703245e+01 1.408854e+01 2.016886e+01
         vertex 5.743773e+01 1.146943e+01 2.200753e+01
      endloop
   endfacet
   facet normal 3.570008e-01 5.714525e-01 7.389130e-01
      outer loop
         vertex 5.541538e+01 1.444581e+01 2.068980e+01
         vertex 5.680196e+01 1.144007e+01 2.234443e+01
         vertex 5.595247e+01 1.432952e+01 2.052024e+01
      endloop
   endfacet
   facet normal 3.625617e-01 5.714004e-01 7.362409e-01
      outer loop
         vertex 5.595247e+01 1.432952e+01 2.052024e+01
         vertex 5.680196e+01 1.144007e+01 2.234443e+01
         vertex 5.728612e+01 1.146250e+01 2.208860e+01
      endloop
   endfacet
   facet normal 3.475466e-01 5.711768e-01 7.436185e-01
      outer loop
         vertex 5.616909e+01 1.141013e+01 2.267177e+01
         vertex 5.488022e+01 1.455930e+01 2.085527e+01
         vertex 5.553901e+01 1.137975e+01 2.298959e+01
      endloop
   endfacet
   facet normal 3.441010e-01 5.714148e-01 7.450366e-01
      outer loop
         vertex 5.553901e+01 1.137975e+01 2.298959e+01
         vertex 5.488022e+01 1.455930e+01 2.085527e+01
         vertex 5.434698e+01 1.466998e+01 2.101666e+01
      endloop
   endfacet
   facet normal 3.393560e-01 5.711296e-01 7.474279e-01
      outer loop
         vertex 5.553901e+01 1.137975e+01 2.298959e+01
         vertex 5.434698e+01 1.466998e+01 2.101666e+01
         vertex 5.491164e+01 1.134902e+01 2.329792e+01
      endloop
   endfacet
   facet normal 3.374994e-01 5.713011e-01 7.481371e-01
      outer loop
         vertex 5.491164e+01 1.134902e+01 2.329792e+01
         vertex 5.434698e+01 1.466998e+01 2.101666e+01
         vertex 5.381567e+01 1.477786e+01 2.117396e+01
      endloop
   endfacet
   facet normal 3.310370e-01 5.711105e-01 7.511640e-01
      outer loop
         vertex 5.491164e+01 1.134902e+01 2.329792e+01
         vertex 5.381567e+01 1.477786e+01 2.117396e+01
         vertex 5.428688e+01 1.131805e+01 2.359679e+01
      endloop
   endfacet
   facet normal 3.212727e-01 5.709902e-01 7.554826e-01
      outer loop
         vertex 5.408962e+01 1.130822e+01 2.368945e+01
         vertex 5.275884e+01 1.498522e+01 2.147631e+01
         vertex 5.366461e+01 1.128696e+01 2.388625e+01
      endloop
   endfacet
   facet normal 3.170817e-01 5.710747e-01 7.571874e-01
      outer loop
         vertex 5.366461e+01 1.128696e+01 2.388625e+01
         vertex 5.275884e+01 1.498522e+01 2.147631e+01
         vertex 5.223332e+01 1.508469e+01 2.162135e+01
      endloop
   endfacet
   facet normal 3.141089e-01 5.708111e-01 7.586240e-01
      outer loop
         vertex 5.366461e+01 1.128696e+01 2.388625e+01
         vertex 5.223332e+01 1.508469e+01 2.162135e+01
         vertex 5.304475e+01 1.125584e+01 2.416632e+01
      endloop
   endfacet
   facet normal 3.100679e-01 5.709761e-01 7.601606e-01
      outer loop
         vertex 5.304475e+01 1.125584e+01 2.416632e+01
         vertex 5.223332e+01 1.508469e+01 2.162135e+01
         vertex 5.170973e+01 1.518136e+01 2.176231e+01
      endloop
   endfacet
   facet normal 3.054534e-01 5.706836e-01 7.622457e-01
      outer loop
         vertex 5.304475e+01 1.125584e+01 2.416632e+01
         vertex 5.170973e+01 1.518136e+01 2.176231e+01
         vertex 5.242718e+01 1.122479e+01 2.443705e+01
      endloop
   endfacet
   facet normal 2.900218e-01 5.705269e-01 7.683661e-01
      outer loop
         vertex 5.181179e+01 1.119390e+01 2.469846e+01
         vertex 5.066832e+01 1.536630e+01 2.203197e+01
         vertex 5.151046e+01 1.117882e+01 2.482340e+01
      endloop
   endfacet
   facet normal 2.883834e-01 5.705814e-01 7.689421e-01
      outer loop
         vertex 5.151046e+01 1.117882e+01 2.482340e+01
         vertex 5.066832e+01 1.536630e+01 2.203197e+01
         vertex 5.015052e+01 1.545457e+01 2.216068e+01
      endloop
   endfacet
   facet normal 2.836482e-01 5.703004e-01 7.709093e-01
      outer loop
         vertex 5.151046e+01 1.117882e+01 2.482340e+01
         vertex 5.015052e+01 1.545457e+01 2.216068e+01
         vertex 5.093553e+01 1.115020e+01 2.505611e+01
      endloop
   endfacet
   facet normal 2.809403e-01 5.704158e-01 7.718150e-01
      outer loop
         vertex 5.093553e+01 1.115020e+01 2.505611e+01
         vertex 5.015052e+01 1.545457e+01 2.216068e+01
         vertex 4.963464e+01 1.554003e+01 2.228529e+01
      endloop
   endfacet
   facet normal 2.751369e-01 5.701414e-01 7.741049e-01
      outer loop
         vertex 5.093553e+01 1.115020e+01 2.505611e+01
         vertex 4.963464e+01 1.554003e+01 2.228529e+01
         vertex 5.036268e+01 1.112192e+01 2.528054e+01
      endloop
   endfacet
   facet normal 2.089144e-01 5.685023e-01 7.957134e-01
      outer loop
         vertex 4.507851e+01 1.618312e+01 2.322298e+01
         vertex 4.613893e+01 1.092790e+01 2.669919e+01
         vertex 4.557703e+01 1.612287e+01 2.313513e+01
      endloop
   endfacet
   facet normal 2.059797e-01 5.686414e-01 7.963789e-01
      outer loop
         vertex 4.557703e+01 1.612287e+01 2.313513e+01
         vertex 4.613893e+01 1.092790e+01 2.669919e+01
         vertex 4.640288e+01 1.093899e+01 2.662300e+01
      endloop
   endfacet
   facet normal 2.173734e-01 5.684887e-01 7.934541e-01
      outer loop
         vertex 4.557703e+01 1.612287e+01 2.313513e+01
         vertex 4.640288e+01 1.093899e+01 2.662300e+01
         vertex 4.607748e+01 1.605983e+01 2.304320e+01
      endloop
   endfacet
   facet normal 2.127937e-01 5.688727e-01 7.944197e-01
      outer loop
         vertex 4.607748e+01 1.605983e+01 2.304320e+01
         vertex 4.640288e+01 1.093899e+01 2.662300e+01
         vertex 4.696387e+01 1.096311e+01 2.645546e+01
      endloop
   endfacet
   facet normal 2.257129e-01 5.687743e-01 7.909168e-01
      outer loop
         vertex 4.607748e+01 1.605983e+01 2.304320e+01
         vertex 4.696387e+01 1.096311e+01 2.645546e+01
         vertex 4.657986e+01 1.599398e+01 2.294719e+01
      endloop
   endfacet
   facet normal 2.219894e-01 5.690743e-01 7.917545e-01
      outer loop
         vertex 4.657986e+01 1.599398e+01 2.294719e+01
         vertex 4.696387e+01 1.096311e+01 2.645546e+01
         vertex 4.752626e+01 1.098799e+01 2.627989e+01
      endloop
   endfacet
   facet normal 2.339413e-01 5.690496e-01 7.883235e-01
      outer loop
         vertex 4.657986e+01 1.599398e+01 2.294719e+01
         vertex 4.752626e+01 1.098799e+01 2.627989e+01
         vertex 4.708417e+01 1.592532e+01 2.284709e+01
      endloop
   endfacet
   facet normal 2.310909e-01 5.692688e-01 7.890058e-01
      outer loop
         vertex 4.708417e+01 1.592532e+01 2.284709e+01
         vertex 4.752626e+01 1.098799e+01 2.627989e+01
         vertex 4.809015e+01 1.101358e+01 2.609627e+01
      endloop
   endfacet
   facet normal 2.420564e-01 5.693136e-01 7.856785e-01
      outer loop
         vertex 4.708417e+01 1.592532e+01 2.284709e+01
         vertex 4.809015e+01 1.101358e+01 2.609627e+01
         vertex 4.759041e+01 1.585387e+01 2.274290e+01
      endloop
   endfacet
   facet normal 2.400947e-01 5.694563e-01 7.861768e-01
      outer loop
         vertex 4.759041e+01 1.585387e+01 2.274290e+01
         vertex 4.809015e+01 1.101358e+01 2.609627e+01
         vertex 4.865565e+01 1.103983e+01 2.590456e+01
      endloop
   endfacet
   facet normal 2.500566e-01 5.695651e-01 7.829861e-01
      outer loop
         vertex 4.759041e+01 1.585387e+01 2.274290e+01
         vertex 4.865565e+01 1.103983e+01 2.590456e+01
         vertex 4.809857e+01 1.577961e+01 2.263463e+01
      endloop
   endfacet
   facet normal 2.490049e-01 5.696368e-01 7.832691e-01
      outer loop
         vertex 4.809857e+01 1.577961e+01 2.263463e+01
         vertex 4.865565e+01 1.103983e+01 2.590456e+01
         vertex 4.922283e+01 1.106667e+01 2.570473e+01
      endloop
   endfacet
   facet normal 2.579451e-01 5.698025e-01 7.802496e-01
      outer loop
         vertex 4.809857e+01 1.577961e+01 2.263463e+01
         vertex 4.922283e+01 1.106667e+01 2.570473e+01
         vertex 4.860866e+01 1.570256e+01 2.252227e+01
      endloop
   endfacet
   facet normal 2.578142e-01 5.698107e-01 7.802869e-01
      outer loop
         vertex 4.860866e+01 1.570256e+01 2.252227e+01
         vertex 4.922283e+01 1.106667e+01 2.570473e+01
         vertex 4.979182e+01 1.109405e+01 2.549674e+01
      endloop
   endfacet
   facet normal 2.657208e-01 5.700245e-01 7.774732e-01
      outer loop
         vertex 4.860866e+01 1.570256e+01 2.252227e+01
         vertex 4.979182e+01 1.109405e+01 2.549674e+01
         vertex 4.912069e+01 1.562270e+01 2.240582e+01
      endloop
   endfacet
   facet normal 1.276501e-01 5.660447e-01 8.144316e-01
      outer loop
         vertex 4.067859e+01 1.659923e+01 2.382972e+01
         vertex 4.132233e+01 1.076130e+01 2.778629e+01
         vertex 4.115976e+01 1.656421e+01 2.377864e+01
      endloop
   endfacet
   facet normal 1.243684e-01 5.662195e-01 8.148178e-01
      outer loop
         vertex 4.115976e+01 1.656421e+01 2.377864e+01
         vertex 4.132233e+01 1.076130e+01 2.778629e+01
         vertex 4.185329e+01 1.077587e+01 2.769512e+01
      endloop
   endfacet
   facet normal 1.371372e-01 5.663159e-01 8.126990e-01
      outer loop
         vertex 4.115976e+01 1.656421e+01 2.377864e+01
         vertex 4.185329e+01 1.077587e+01 2.769512e+01
         vertex 4.164285e+01 1.652638e+01 2.372348e+01
      endloop
   endfacet
   facet normal 1.339971e-01 5.664825e-01 8.131066e-01
      outer loop
         vertex 4.164285e+01 1.652638e+01 2.372348e+01
         vertex 4.185329e+01 1.077587e+01 2.769512e+01
         vertex 4.238511e+01 1.079149e+01 2.759659e+01
      endloop
   endfacet
   facet normal 1.465077e-01 5.665911e-01 8.108699e-01
      outer loop
         vertex 4.164285e+01 1.652638e+01 2.372348e+01
         vertex 4.238511e+01 1.079149e+01 2.759659e+01
         vertex 4.212788e+01 1.648575e+01 2.366424e+01
      endloop
   endfacet
   facet normal 1.435552e-01 5.667471e-01 8.112889e-01
      outer loop
         vertex 4.212788e+01 1.648575e+01 2.366424e+01
         vertex 4.238511e+01 1.079149e+01 2.759659e+01
         vertex 4.291788e+01 1.080815e+01 2.749069e+01
      endloop
   endfacet
   facet normal 1.557676e-01 5.668685e-01 8.089478e-01
      outer loop
         vertex 4.212788e+01 1.648575e+01 2.366424e+01
         vertex 4.291788e+01 1.080815e+01 2.749069e+01
         vertex 4.261483e+01 1.644231e+01 2.360091e+01
      endloop
   endfacet
   facet normal 1.530387e-01 5.670119e-01 8.093681e-01
      outer loop
         vertex 4.261483e+01 1.644231e+01 2.360091e+01
         vertex 4.291788e+01 1.080815e+01 2.749069e+01
         vertex 4.345167e+01 1.082580e+01 2.737739e+01
      endloop
   endfacet
   facet normal 1.649131e-01 5.671469e-01 8.069375e-01
      outer loop
         vertex 4.261483e+01 1.644231e+01 2.360091e+01
         vertex 4.345167e+01 1.082580e+01 2.737739e+01
         vertex 4.310370e+01 1.639608e+01 2.353350e+01
      endloop
   endfacet
   facet normal 1.624481e-01 5.672755e-01 8.073470e-01
      outer loop
         vertex 4.310370e+01 1.639608e+01 2.353350e+01
         vertex 4.345167e+01 1.082580e+01 2.737739e+01
         vertex 4.398657e+01 1.084441e+01 2.725668e+01
      endloop
   endfacet
   facet normal 1.739397e-01 5.674245e-01 8.048443e-01
      outer loop
         vertex 4.310370e+01 1.639608e+01 2.353350e+01
         vertex 4.398657e+01 1.084441e+01 2.725668e+01
         vertex 4.359452e+01 1.634704e+01 2.346200e+01
      endloop
   endfacet
   facet normal 1.717821e-01 5.675361e-01 8.052290e-01
      outer loop
         vertex 4.359452e+01 1.634704e+01 2.346200e+01
         vertex 4.398657e+01 1.084441e+01 2.725668e+01
         vertex 4.452266e+01 1.086397e+01 2.712853e+01
      endloop
   endfacet
   facet normal 1.828571e-01 5.677000e-01 8.026706e-01
      outer loop
         vertex 4.359452e+01 1.634704e+01 2.346200e+01
         vertex 4.452266e+01 1.086397e+01 2.712853e+01
         vertex 4.408725e+01 1.629520e+01 2.338641e+01
      endloop
   endfacet
   facet normal 1.810376e-01 5.677929e-01 8.030172e-01
      outer loop
         vertex 4.408725e+01 1.629520e+01 2.338641e+01
         vertex 4.452266e+01 1.086397e+01 2.712853e+01
         vertex 4.506003e+01 1.088442e+01 2.699292e+01
      endloop
   endfacet
   facet normal 1.916588e-01 5.679723e-01 8.004214e-01
      outer loop
         vertex 4.408725e+01 1.629520e+01 2.338641e+01
         vertex 4.506003e+01 1.088442e+01 2.699292e+01
         vertex 4.458192e+01 1.624056e+01 2.330674e+01
      endloop
   endfacet
   facet normal 1.892695e-01 5.680918e-01 8.009050e-01
      outer loop
         vertex 4.458192e+01 1.624056e+01 2.330674e+01
         vertex 4.506003e+01 1.088442e+01 2.699292e+01
         vertex 4.548939e+01 1.090135e+01 2.687945e+01
      endloop
   endfacet
   facet normal 2.003428e-01 5.681438e-01 7.981700e-01
      outer loop
         vertex 4.458192e+01 1.624056e+01 2.330674e+01
         vertex 4.548939e+01 1.090135e+01 2.687945e+01
         vertex 4.507851e+01 1.618312e+01 2.322298e+01
      endloop
   endfacet
   facet normal 1.937587e-01 5.685539e-01 7.995023e-01
      outer loop
         vertex 4.507851e+01 1.618312e+01 2.322298e+01
         vertex 4.548939e+01 1.090135e+01 2.687945e+01
         vertex 4.559876e+01 1.090575e+01 2.684982e+01
      endloop
   endfacet
   facet normal 1.993122e-01 5.682910e-01 7.983232e-01
      outer loop
         vertex 4.507851e+01 1.618312e+01 2.322298e+01
         vertex 4.559876e+01 1.090575e+01 2.684982e+01
         vertex 4.613893e+01 1.092790e+01 2.669919e+01
      endloop
   endfacet
   facet normal 1.083450e-01 5.654243e-01 8.176532e-01
      outer loop
         vertex 3.972205e+01 1.666088e+01 2.391960e+01
         vertex 4.017176e+01 1.073339e+01 2.795899e+01
         vertex 4.019936e+01 1.663146e+01 2.387670e+01
      endloop
   endfacet
   facet normal 1.030805e-01 5.657594e-01 8.181019e-01
      outer loop
         vertex 4.019936e+01 1.663146e+01 2.387670e+01
         vertex 4.017176e+01 1.073339e+01 2.795899e+01
         vertex 4.068783e+01 1.074527e+01 2.788575e+01
      endloop
   endfacet
   facet normal 1.180534e-01 5.656661e-01 8.161405e-01
      outer loop
         vertex 4.019936e+01 1.663146e+01 2.387670e+01
         vertex 4.068783e+01 1.074527e+01 2.788575e+01
         vertex 4.067859e+01 1.659923e+01 2.382972e+01
      endloop
   endfacet
   facet normal 1.087752e-01 5.662594e-01 8.170179e-01
      outer loop
         vertex 4.067859e+01 1.659923e+01 2.382972e+01
         vertex 4.068783e+01 1.074527e+01 2.788575e+01
         vertex 4.079214e+01 1.074780e+01 2.787011e+01
      endloop
   endfacet
   facet normal 1.146682e-01 5.659603e-01 8.164191e-01
      outer loop
         vertex 4.067859e+01 1.659923e+01 2.382972e+01
         vertex 4.079214e+01 1.074780e+01 2.787011e+01
         vertex 4.132233e+01 1.076130e+01 2.778629e+01
      endloop
   endfacet
   facet normal 9.357492e-02 5.649255e-01 8.198189e-01
      outer loop
         vertex 3.877322e+01 1.671132e+01 2.399315e+01
         vertex 3.914257e+01 1.071287e+01 2.808443e+01
         vertex 3.972205e+01 1.666088e+01 2.391960e+01
      endloop
   endfacet
   facet normal 8.376407e-02 5.660710e-01 8.200898e-01
      outer loop
         vertex 3.972205e+01 1.666088e+01 2.391960e+01
         vertex 3.914257e+01 1.071287e+01 2.808443e+01
         vertex 3.965670e+01 1.072258e+01 2.802521e+01
      endloop
   endfacet
   facet normal 9.348660e-02 5.655066e-01 8.194282e-01
      outer loop
         vertex 3.972205e+01 1.666088e+01 2.391960e+01
         vertex 3.965670e+01 1.072258e+01 2.802521e+01
         vertex 4.017176e+01 1.073339e+01 2.795899e+01
      endloop
   endfacet
   facet normal 5.909316e-02 5.646188e-01 8.232337e-01
      outer loop
         vertex 3.807292e+01 1.069619e+01 2.818547e+01
         vertex 3.811683e+01 1.069678e+01 2.818191e+01
         vertex 3.783210e+01 1.675055e+01 2.405035e+01
      endloop
   endfacet
   facet normal 6.441276e-02 5.646036e-01 8.228449e-01
      outer loop
         vertex 3.783210e+01 1.675055e+01 2.405035e+01
         vertex 3.811683e+01 1.069678e+01 2.818191e+01
         vertex 3.862930e+01 1.070427e+01 2.813666e+01
      endloop
   endfacet
   facet normal 7.350105e-02 5.650702e-01 8.217623e-01
      outer loop
         vertex 3.783210e+01 1.675055e+01 2.405035e+01
         vertex 3.862930e+01 1.070427e+01 2.813666e+01
         vertex 3.877322e+01 1.671132e+01 2.399315e+01
      endloop
   endfacet
   facet normal 7.357600e-02 5.650659e-01 8.217586e-01
      outer loop
         vertex 3.877322e+01 1.671132e+01 2.399315e+01
         vertex 3.862930e+01 1.070427e+01 2.813666e+01
         vertex 3.908288e+01 1.071181e+01 2.809086e+01
      endloop
   endfacet
   facet normal 7.844032e-02 5.650276e-01 8.213349e-01
      outer loop
         vertex 3.877322e+01 1.671132e+01 2.399315e+01
         vertex 3.908288e+01 1.071181e+01 2.809086e+01
         vertex 3.914257e+01 1.071287e+01 2.808443e+01
      endloop
   endfacet
   facet normal 5.417960e-02 5.646429e-01 8.235551e-01
      outer loop
         vertex 3.807292e+01 1.069619e+01 2.818547e+01
         vertex 3.783210e+01 1.675055e+01 2.405035e+01
         vertex 3.760509e+01 1.069043e+01 2.822020e+01
      endloop
   endfacet
   facet normal 5.300311e-02 5.647086e-01 8.235866e-01
      outer loop
         vertex 3.760509e+01 1.069043e+01 2.822020e+01
         vertex 3.783210e+01 1.675055e+01 2.405035e+01
         vertex 3.689870e+01 1.677857e+01 2.409120e+01
      endloop
   endfacet
   facet normal 4.477276e-02 5.642827e-01 8.243667e-01
      outer loop
         vertex 3.760509e+01 1.069043e+01 2.822020e+01
         vertex 3.689870e+01 1.677857e+01 2.409120e+01
         vertex 3.709401e+01 1.068522e+01 2.825152e+01
      endloop
   endfacet
   facet normal 3.488148e-02 5.642889e-01 8.248401e-01
      outer loop
         vertex 3.709401e+01 1.068522e+01 2.825152e+01
         vertex 3.689870e+01 1.677857e+01 2.409120e+01
         vertex 3.658353e+01 1.068115e+01 2.827589e+01
      endloop
   endfacet
   facet normal 3.209632e-02 5.644397e-01 8.248501e-01
      outer loop
         vertex 3.658353e+01 1.068115e+01 2.827589e+01
         vertex 3.689870e+01 1.677857e+01 2.409120e+01
         vertex 3.597302e+01 1.679538e+01 2.411572e+01
      endloop
   endfacet
   facet normal 2.496378e-02 5.640682e-01 8.253508e-01
      outer loop
         vertex 3.658353e+01 1.068115e+01 2.827589e+01
         vertex 3.597302e+01 1.679538e+01 2.411572e+01
         vertex 3.607358e+01 1.067824e+01 2.829330e+01
      endloop
   endfacet
   facet normal 1.500069e-02 5.640688e-01 8.255915e-01
      outer loop
         vertex 3.607358e+01 1.067824e+01 2.829330e+01
         vertex 3.597302e+01 1.679538e+01 2.411572e+01
         vertex 3.556410e+01 1.067649e+01 2.830375e+01
      endloop
   endfacet
   facet normal 1.079330e-02 5.642910e-01 8.255054e-01
      outer loop
         vertex 3.556410e+01 1.067649e+01 2.830375e+01
         vertex 3.597302e+01 1.679538e+01 2.411572e+01
         vertex 3.505504e+01 1.680098e+01 2.412389e+01
      endloop
   endfacet
   facet normal 5.008371e-03 5.639889e-01 8.257672e-01
      outer loop
         vertex 3.556410e+01 1.067649e+01 2.830375e+01
         vertex 3.505504e+01 1.680098e+01 2.412389e+01
         vertex 3.505504e+01 1.067591e+01 2.830724e+01
      endloop
   endfacet
   facet normal 3.035012e-01 5.706631e-01 7.630404e-01
      outer loop
         vertex 5.118806e+01 1.527523e+01 2.189919e+01
         vertex 5.133589e+01 1.748417e+01 2.018837e+01
         vertex 5.029502e+01 1.776008e+01 2.039603e+01
      endloop
   endfacet
   facet normal 3.311447e-01 5.711375e-01 7.510960e-01
      outer loop
         vertex 5.328629e+01 1.488294e+01 2.132718e+01
         vertex 5.344881e+01 1.688218e+01 1.973529e+01
         vertex 5.238715e+01 1.719153e+01 1.996812e+01
      endloop
   endfacet
   facet normal 3.239908e-01 5.711857e-01 7.541730e-01
      outer loop
         vertex 5.408962e+01 1.130822e+01 2.368945e+01
         vertex 5.328629e+01 1.488294e+01 2.132718e+01
         vertex 5.275884e+01 1.498522e+01 2.147631e+01
      endloop
   endfacet
   facet normal 3.240034e-01 5.704791e-01 7.547022e-01
      outer loop
         vertex 5.275884e+01 1.498522e+01 2.147631e+01
         vertex 5.328629e+01 1.488294e+01 2.132718e+01
         vertex 5.238715e+01 1.719153e+01 1.996812e+01
      endloop
   endfacet
   facet normal 3.170825e-01 5.710332e-01 7.572185e-01
      outer loop
         vertex 5.275884e+01 1.498522e+01 2.147631e+01
         vertex 5.238715e+01 1.719153e+01 1.996812e+01
         vertex 5.223332e+01 1.508469e+01 2.162135e+01
      endloop
   endfacet
   facet normal 3.175415e-01 5.709173e-01 7.571135e-01
      outer loop
         vertex 5.223332e+01 1.508469e+01 2.162135e+01
         vertex 5.238715e+01 1.719153e+01 1.996812e+01
         vertex 5.133589e+01 1.748417e+01 2.018837e+01
      endloop
   endfacet
   facet normal 3.100791e-01 5.702629e-01 7.606912e-01
      outer loop
         vertex 5.223332e+01 1.508469e+01 2.162135e+01
         vertex 5.133589e+01 1.748417e+01 2.018837e+01
         vertex 5.170973e+01 1.518136e+01 2.176231e+01
      endloop
   endfacet
   facet normal 3.029489e-01 5.707941e-01 7.631619e-01
      outer loop
         vertex 5.170973e+01 1.518136e+01 2.176231e+01
         vertex 5.133589e+01 1.748417e+01 2.018837e+01
         vertex 5.118806e+01 1.527523e+01 2.189919e+01
      endloop
   endfacet
   facet normal 3.029484e-01 5.708305e-01 7.631349e-01
      outer loop
         vertex 5.170973e+01 1.518136e+01 2.176231e+01
         vertex 5.118806e+01 1.527523e+01 2.189919e+01
         vertex 5.242718e+01 1.122479e+01 2.443705e+01
      endloop
   endfacet
   facet normal 3.570835e-01 5.714758e-01 7.388550e-01
      outer loop
         vertex 5.452087e+01 1.655610e+01 1.948988e+01
         vertex 5.541538e+01 1.444581e+01 2.068980e+01
         vertex 5.560333e+01 1.621330e+01 1.923188e+01
      endloop
   endfacet
   facet normal 3.569996e-01 5.715017e-01 7.388756e-01
      outer loop
         vertex 5.560333e+01 1.621330e+01 1.923188e+01
         vertex 5.541538e+01 1.444581e+01 2.068980e+01
         vertex 5.595247e+01 1.432952e+01 2.052024e+01
      endloop
   endfacet
   facet normal 3.664405e-01 5.705738e-01 7.349605e-01
      outer loop
         vertex 5.560333e+01 1.621330e+01 1.923188e+01
         vertex 5.595247e+01 1.432952e+01 2.052024e+01
         vertex 5.703245e+01 1.408854e+01 2.016886e+01
      endloop
   endfacet
   facet normal 3.664057e-01 5.719233e-01 7.339282e-01
      outer loop
         vertex 5.703245e+01 1.408854e+01 2.016886e+01
         vertex 5.595247e+01 1.432952e+01 2.052024e+01
         vertex 5.728612e+01 1.146250e+01 2.208860e+01
      endloop
   endfacet
   facet normal 3.663081e-01 5.719400e-01 7.339639e-01
      outer loop
         vertex 5.703245e+01 1.408854e+01 2.016886e+01
         vertex 5.728612e+01 1.146250e+01 2.208860e+01
         vertex 5.743773e+01 1.146943e+01 2.200753e+01
      endloop
   endfacet
   facet normal 3.254781e-01 5.711263e-01 7.535773e-01
      outer loop
         vertex 5.408962e+01 1.130822e+01 2.368945e+01
         vertex 5.428688e+01 1.131805e+01 2.359679e+01
         vertex 5.328629e+01 1.488294e+01 2.132718e+01
      endloop
   endfacet
   facet normal 3.307999e-01 5.711371e-01 7.512482e-01
      outer loop
         vertex 5.328629e+01 1.488294e+01 2.132718e+01
         vertex 5.428688e+01 1.131805e+01 2.359679e+01
         vertex 5.381567e+01 1.477786e+01 2.117396e+01
      endloop
   endfacet
   facet normal 3.307981e-01 5.712308e-01 7.511778e-01
      outer loop
         vertex 5.328629e+01 1.488294e+01 2.132718e+01
         vertex 5.381567e+01 1.477786e+01 2.117396e+01
         vertex 5.344881e+01 1.688218e+01 1.973529e+01
      endloop
   endfacet
   facet normal 3.375124e-01 5.706554e-01 7.486239e-01
      outer loop
         vertex 5.344881e+01 1.688218e+01 1.973529e+01
         vertex 5.381567e+01 1.477786e+01 2.117396e+01
         vertex 5.434698e+01 1.466998e+01 2.101666e+01
      endloop
   endfacet
   facet normal 3.443206e-01 5.713235e-01 7.450052e-01
      outer loop
         vertex 5.344881e+01 1.688218e+01 1.973529e+01
         vertex 5.434698e+01 1.466998e+01 2.101666e+01
         vertex 5.452087e+01 1.655610e+01 1.948988e+01
      endloop
   endfacet
   facet normal 3.441016e-01 5.713865e-01 7.450581e-01
      outer loop
         vertex 5.452087e+01 1.655610e+01 1.948988e+01
         vertex 5.434698e+01 1.466998e+01 2.101666e+01
         vertex 5.488022e+01 1.455930e+01 2.085527e+01
      endloop
   endfacet
   facet normal 3.506145e-01 5.707912e-01 7.424735e-01
      outer loop
         vertex 5.452087e+01 1.655610e+01 1.948988e+01
         vertex 5.488022e+01 1.455930e+01 2.085527e+01
         vertex 5.541538e+01 1.444581e+01 2.068980e+01
      endloop
   endfacet
   facet normal 3.505992e-01 5.714690e-01 7.419591e-01
      outer loop
         vertex 5.541538e+01 1.444581e+01 2.068980e+01
         vertex 5.488022e+01 1.455930e+01 2.085527e+01
         vertex 5.616909e+01 1.141013e+01 2.267177e+01
      endloop
   endfacet
   facet normal 3.555998e-01 5.712598e-01 7.397371e-01
      outer loop
         vertex 5.541538e+01 1.444581e+01 2.068980e+01
         vertex 5.616909e+01 1.141013e+01 2.267177e+01
         vertex 5.680196e+01 1.144007e+01 2.234443e+01
      endloop
   endfacet
   facet normal 4.622429e-01 5.629952e-01 6.851043e-01
      outer loop
         vertex 6.580759e+01 1.173628e+01 1.688271e+01
         vertex 6.616685e+01 1.174064e+01 1.663674e+01
         vertex 6.594994e+01 1.175719e+01 1.676949e+01
      endloop
   endfacet
   facet normal 4.599854e-01 5.703866e-01 6.804943e-01
      outer loop
         vertex 6.594994e+01 1.175719e+01 1.676949e+01
         vertex 6.616685e+01 1.174064e+01 1.663674e+01
         vertex 6.568573e+01 1.298903e+01 1.591556e+01
      endloop
   endfacet
   facet normal 4.541489e-01 5.713102e-01 6.836325e-01
      outer loop
         vertex 6.594994e+01 1.175719e+01 1.676949e+01
         vertex 6.568573e+01 1.298903e+01 1.591556e+01
         vertex 6.480825e+01 1.208783e+01 1.725161e+01
      endloop
   endfacet
   facet normal 4.559519e-01 5.697303e-01 6.837509e-01
      outer loop
         vertex 6.480825e+01 1.208783e+01 1.725161e+01
         vertex 6.568573e+01 1.298903e+01 1.591556e+01
         vertex 6.447497e+01 1.364531e+01 1.617611e+01
      endloop
   endfacet
   facet normal 4.443602e-01 5.714878e-01 6.898882e-01
      outer loop
         vertex 6.480825e+01 1.208783e+01 1.725161e+01
         vertex 6.447497e+01 1.364531e+01 1.617611e+01
         vertex 6.367428e+01 1.240728e+01 1.771739e+01
      endloop
   endfacet
   facet normal 4.466395e-01 5.698588e-01 6.897638e-01
      outer loop
         vertex 6.367428e+01 1.240728e+01 1.771739e+01
         vertex 6.447497e+01 1.364531e+01 1.617611e+01
         vertex 6.327728e+01 1.427933e+01 1.642783e+01
      endloop
   endfacet
   facet normal 4.342525e-01 5.716431e-01 6.961673e-01
      outer loop
         vertex 6.367428e+01 1.240728e+01 1.771739e+01
         vertex 6.327728e+01 1.427933e+01 1.642783e+01
         vertex 6.254802e+01 1.271551e+01 1.816683e+01
      endloop
   endfacet
   facet normal 4.370239e-01 5.699582e-01 6.958144e-01
      outer loop
         vertex 6.254802e+01 1.271551e+01 1.816683e+01
         vertex 6.327728e+01 1.427933e+01 1.642783e+01
         vertex 6.209270e+01 1.489112e+01 1.667071e+01
      endloop
   endfacet
   facet normal 4.238208e-01 5.717684e-01 7.024649e-01
      outer loop
         vertex 6.254802e+01 1.271551e+01 1.816683e+01
         vertex 6.209270e+01 1.489112e+01 1.667071e+01
         vertex 6.142948e+01 1.301253e+01 1.859992e+01
      endloop
   endfacet
   facet normal 4.270865e-01 5.700326e-01 7.018974e-01
      outer loop
         vertex 6.142948e+01 1.301253e+01 1.859992e+01
         vertex 6.209270e+01 1.489112e+01 1.667071e+01
         vertex 6.092119e+01 1.548065e+01 1.690477e+01
      endloop
   endfacet
   facet normal 4.130505e-01 5.718647e-01 7.087736e-01
      outer loop
         vertex 6.142948e+01 1.301253e+01 1.859992e+01
         vertex 6.092119e+01 1.548065e+01 1.690477e+01
         vertex 6.031865e+01 1.329835e+01 1.901667e+01
      endloop
   endfacet
   facet normal 4.168226e-01 5.700784e-01 7.080039e-01
      outer loop
         vertex 6.031865e+01 1.329835e+01 1.901667e+01
         vertex 6.092119e+01 1.548065e+01 1.690477e+01
         vertex 5.976277e+01 1.604794e+01 1.712999e+01
      endloop
   endfacet
   facet normal 4.019333e-01 5.719279e-01 7.150861e-01
      outer loop
         vertex 6.031865e+01 1.329835e+01 1.901667e+01
         vertex 5.976277e+01 1.604794e+01 1.712999e+01
         vertex 5.921553e+01 1.357295e+01 1.941708e+01
      endloop
   endfacet
   facet normal 4.062176e-01 5.700952e-01 7.141280e-01
      outer loop
         vertex 5.921553e+01 1.357295e+01 1.941708e+01
         vertex 5.976277e+01 1.604794e+01 1.712999e+01
         vertex 5.861744e+01 1.659298e+01 1.734637e+01
      endloop
   endfacet
   facet normal 3.904625e-01 5.719554e-01 7.213917e-01
      outer loop
         vertex 5.921553e+01 1.357295e+01 1.941708e+01
         vertex 5.861744e+01 1.659298e+01 1.734637e+01
         vertex 5.812013e+01 1.383635e+01 1.980114e+01
      endloop
   endfacet
   facet normal 3.952584e-01 5.700833e-01 7.202610e-01
      outer loop
         vertex 5.812013e+01 1.383635e+01 1.980114e+01
         vertex 5.861744e+01 1.659298e+01 1.734637e+01
         vertex 5.748519e+01 1.711578e+01 1.755393e+01
      endloop
   endfacet
   facet normal 3.786220e-01 5.719476e-01 7.276822e-01
      outer loop
         vertex 5.812013e+01 1.383635e+01 1.980114e+01
         vertex 5.748519e+01 1.711578e+01 1.755393e+01
         vertex 5.703245e+01 1.408854e+01 2.016886e+01
      endloop
   endfacet
   facet normal 3.839339e-01 5.700406e-01 7.263942e-01
      outer loop
         vertex 5.703245e+01 1.408854e+01 2.016886e+01
         vertex 5.748519e+01 1.711578e+01 1.755393e+01
         vertex 5.636603e+01 1.761632e+01 1.775265e+01
      endloop
   endfacet
   facet normal 3.694700e-01 5.715921e-01 7.326488e-01
      outer loop
         vertex 5.703245e+01 1.408854e+01 2.016886e+01
         vertex 5.636603e+01 1.761632e+01 1.775265e+01
         vertex 5.560333e+01 1.621330e+01 1.923188e+01
      endloop
   endfacet
   facet normal 1.083451e-01 5.653275e-01 8.177201e-01
      outer loop
         vertex 4.019936e+01 1.663146e+01 2.387670e+01
         vertex 3.934121e+01 2.272206e+01 1.977969e+01
         vertex 3.972205e+01 1.666088e+01 2.391960e+01
      endloop
   endfacet
   facet normal 9.357473e-02 5.655423e-01 8.193935e-01
      outer loop
         vertex 3.972205e+01 1.666088e+01 2.391960e+01
         vertex 3.934121e+01 2.272206e+01 1.977969e+01
         vertex 3.877322e+01 1.671132e+01 2.399315e+01
      endloop
   endfacet
   facet normal 1.008052e-01 5.646765e-01 8.191329e-01
      outer loop
         vertex 3.877322e+01 1.671132e+01 2.399315e+01
         vertex 3.934121e+01 2.272206e+01 1.977969e+01
         vertex 3.845869e+01 2.282203e+01 1.981938e+01
      endloop
   endfacet
   facet normal 7.350105e-02 5.650680e-01 8.217638e-01
      outer loop
         vertex 3.877322e+01 1.671132e+01 2.399315e+01
         vertex 3.845869e+01 2.282203e+01 1.981938e+01
         vertex 3.783210e+01 1.675055e+01 2.405035e+01
      endloop
   endfacet
   facet normal 7.965556e-02 5.643683e-01 8.216711e-01
      outer loop
         vertex 3.783210e+01 1.675055e+01 2.405035e+01
         vertex 3.845869e+01 2.282203e+01 1.981938e+01
         vertex 3.758815e+01 2.289989e+01 1.985029e+01
      endloop
   endfacet
   facet normal 5.300311e-02 5.646477e-01 8.236283e-01
      outer loop
         vertex 3.783210e+01 1.675055e+01 2.405035e+01
         vertex 3.758815e+01 2.289989e+01 1.985029e+01
         vertex 3.689870e+01 1.677857e+01 2.409120e+01
      endloop
   endfacet
   facet normal 5.780100e-02 5.641297e-01 8.236606e-01
      outer loop
         vertex 3.689870e+01 1.677857e+01 2.409120e+01
         vertex 3.758815e+01 2.289989e+01 1.985029e+01
         vertex 3.673069e+01 2.295551e+01 1.987237e+01
      endloop
   endfacet
   facet normal 3.209632e-02 5.643056e-01 8.249418e-01
      outer loop
         vertex 3.689870e+01 1.677857e+01 2.409120e+01
         vertex 3.673069e+01 2.295551e+01 1.987237e+01
         vertex 3.597302e+01 1.679538e+01 2.411572e+01
      endloop
   endfacet
   facet normal 3.523360e-02 5.639834e-01 8.250342e-01
      outer loop
         vertex 3.597302e+01 1.679538e+01 2.411572e+01
         vertex 3.673069e+01 2.295551e+01 1.987237e+01
         vertex 3.588632e+01 2.298888e+01 1.988562e+01
      endloop
   endfacet
   facet normal 1.079329e-02 5.640674e-01 8.256582e-01
      outer loop
         vertex 3.597302e+01 1.679538e+01 2.411572e+01
         vertex 3.588632e+01 2.298888e+01 1.988562e+01
         vertex 3.505504e+01 1.680098e+01 2.412389e+01
      endloop
   endfacet
   facet normal 1.193281e-02 5.639558e-01 8.257187e-01
      outer loop
         vertex 3.505504e+01 1.680098e+01 2.412389e+01
         vertex 3.588632e+01 2.298888e+01 1.988562e+01
         vertex 3.505504e+01 2.300000e+01 1.989004e+01
      endloop
   endfacet
   facet normal 3.722276e-01 5.699611e-01 7.325237e-01
      outer loop
         vertex 5.636603e+01 1.761632e+01 1.775265e+01
         vertex 5.525995e+01 1.809463e+01 1.794255e+01
         vertex 5.560333e+01 1.621330e+01 1.923188e+01
      endloop
   endfacet
   facet normal 3.604862e-01 5.711804e-01 7.374298e-01
      outer loop
         vertex 5.560333e+01 1.621330e+01 1.923188e+01
         vertex 5.525995e+01 1.809463e+01 1.794255e+01
         vertex 5.416695e+01 1.855068e+01 1.812360e+01
      endloop
   endfacet
   facet normal 3.569293e-01 5.701800e-01 7.399299e-01
      outer loop
         vertex 5.560333e+01 1.621330e+01 1.923188e+01
         vertex 5.416695e+01 1.855068e+01 1.812360e+01
         vertex 5.452087e+01 1.655610e+01 1.948988e+01
      endloop
   endfacet
   facet normal 3.479741e-01 5.710483e-01 7.435172e-01
      outer loop
         vertex 5.452087e+01 1.655610e+01 1.948988e+01
         vertex 5.416695e+01 1.855068e+01 1.812360e+01
         vertex 5.308705e+01 1.898449e+01 1.829583e+01
      endloop
   endfacet
   facet normal 3.441720e-01 5.700486e-01 7.460498e-01
      outer loop
         vertex 5.452087e+01 1.655610e+01 1.948988e+01
         vertex 5.308705e+01 1.898449e+01 1.829583e+01
         vertex 5.344881e+01 1.688218e+01 1.973529e+01
      endloop
   endfacet
   facet normal 3.350400e-01 5.708816e-01 7.495614e-01
      outer loop
         vertex 5.344881e+01 1.688218e+01 1.973529e+01
         vertex 5.308705e+01 1.898449e+01 1.829583e+01
         vertex 5.202022e+01 1.939605e+01 1.845923e+01
      endloop
   endfacet
   facet normal 3.310017e-01 5.698815e-01 7.521123e-01
      outer loop
         vertex 5.344881e+01 1.688218e+01 1.973529e+01
         vertex 5.202022e+01 1.939605e+01 1.845923e+01
         vertex 5.238715e+01 1.719153e+01 1.996812e+01
      endloop
   endfacet
   facet normal 3.216691e-01 5.706800e-01 7.555483e-01
      outer loop
         vertex 5.238715e+01 1.719153e+01 1.996812e+01
         vertex 5.202022e+01 1.939605e+01 1.845923e+01
         vertex 5.096649e+01 1.978537e+01 1.861379e+01
      endloop
   endfacet
   facet normal 3.174041e-01 5.696783e-01 7.581038e-01
      outer loop
         vertex 5.238715e+01 1.719153e+01 1.996812e+01
         vertex 5.096649e+01 1.978537e+01 1.861379e+01
         vertex 5.133589e+01 1.748417e+01 2.018837e+01
      endloop
   endfacet
   facet normal 3.078456e-01 5.704426e-01 7.614633e-01
      outer loop
         vertex 5.133589e+01 1.748417e+01 2.018837e+01
         vertex 5.096649e+01 1.978537e+01 1.861379e+01
         vertex 4.992584e+01 2.015244e+01 1.875952e+01
      endloop
   endfacet
   facet normal 3.033695e-01 5.694391e-01 7.640065e-01
      outer loop
         vertex 5.133589e+01 1.748417e+01 2.018837e+01
         vertex 4.992584e+01 2.015244e+01 1.875952e+01
         vertex 5.029502e+01 1.776008e+01 2.039603e+01
      endloop
   endfacet
   facet normal 2.935557e-01 5.701697e-01 7.672884e-01
      outer loop
         vertex 5.029502e+01 1.776008e+01 2.039603e+01
         vertex 4.992584e+01 2.015244e+01 1.875952e+01
         vertex 4.889827e+01 2.049726e+01 1.889642e+01
      endloop
   endfacet
   facet normal 2.888879e-01 5.691649e-01 7.698020e-01
      outer loop
         vertex 5.029502e+01 1.776008e+01 2.039603e+01
         vertex 4.889827e+01 2.049726e+01 1.889642e+01
         vertex 4.926455e+01 1.801927e+01 2.059110e+01
      endloop
   endfacet
   facet normal 2.824256e-01 5.696184e-01 7.718618e-01
      outer loop
         vertex 4.926455e+01 1.801927e+01 2.059110e+01
         vertex 4.889827e+01 2.049726e+01 1.889642e+01
         vertex 4.838573e+01 2.066249e+01 1.896202e+01
      endloop
   endfacet
   facet normal 2.777565e-01 5.692681e-01 7.738121e-01
      outer loop
         vertex 4.926455e+01 1.801927e+01 2.059110e+01
         vertex 4.838573e+01 2.066249e+01 1.896202e+01
         vertex 4.912069e+01 1.562270e+01 2.240582e+01
      endloop
   endfacet
   facet normal 2.657208e-01 5.700179e-01 7.774780e-01
      outer loop
         vertex 4.912069e+01 1.562270e+01 2.240582e+01
         vertex 4.838573e+01 2.066249e+01 1.896202e+01
         vertex 4.860866e+01 1.570256e+01 2.252227e+01
      endloop
   endfacet
   facet normal 2.747777e-01 5.688020e-01 7.752171e-01
      outer loop
         vertex 4.860866e+01 1.570256e+01 2.252227e+01
         vertex 4.838573e+01 2.066249e+01 1.896202e+01
         vertex 4.788379e+01 2.081983e+01 1.902449e+01
      endloop
   endfacet
   facet normal 2.579447e-01 5.698392e-01 7.802229e-01
      outer loop
         vertex 4.860866e+01 1.570256e+01 2.252227e+01
         vertex 4.788379e+01 2.081983e+01 1.902449e+01
         vertex 4.809857e+01 1.577961e+01 2.263463e+01
      endloop
   endfacet
   facet normal 2.671504e-01 5.686381e-01 7.779983e-01
      outer loop
         vertex 4.809857e+01 1.577961e+01 2.263463e+01
         vertex 4.788379e+01 2.081983e+01 1.902449e+01
         vertex 4.737809e+01 2.097379e+01 1.908561e+01
      endloop
   endfacet
   facet normal 2.500560e-01 5.696386e-01 7.829329e-01
      outer loop
         vertex 4.809857e+01 1.577961e+01 2.263463e+01
         vertex 4.737809e+01 2.097379e+01 1.908561e+01
         vertex 4.759041e+01 1.585387e+01 2.274290e+01
      endloop
   endfacet
   facet normal 2.593912e-01 5.684639e-01 7.807464e-01
      outer loop
         vertex 4.759041e+01 1.585387e+01 2.274290e+01
         vertex 4.737809e+01 2.097379e+01 1.908561e+01
         vertex 4.688240e+01 2.112016e+01 1.914372e+01
      endloop
   endfacet
   facet normal 2.420554e-01 5.694411e-01 7.855864e-01
      outer loop
         vertex 4.759041e+01 1.585387e+01 2.274290e+01
         vertex 4.688240e+01 2.112016e+01 1.914372e+01
         vertex 4.708417e+01 1.592532e+01 2.284709e+01
      endloop
   endfacet
   facet normal 2.515070e-01 5.682858e-01 7.834510e-01
      outer loop
         vertex 4.708417e+01 1.592532e+01 2.284709e+01
         vertex 4.688240e+01 2.112016e+01 1.914372e+01
         vertex 4.638353e+01 2.126285e+01 1.920037e+01
      endloop
   endfacet
   facet normal 2.339402e-01 5.692234e-01 7.881984e-01
      outer loop
         vertex 4.708417e+01 1.592532e+01 2.284709e+01
         vertex 4.638353e+01 2.126285e+01 1.920037e+01
         vertex 4.657986e+01 1.599398e+01 2.294719e+01
      endloop
   endfacet
   facet normal 2.434899e-01 5.680980e-01 7.861154e-01
      outer loop
         vertex 4.657986e+01 1.599398e+01 2.294719e+01
         vertex 4.638353e+01 2.126285e+01 1.920037e+01
         vertex 4.589409e+01 2.139825e+01 1.925412e+01
      endloop
   endfacet
   facet normal 2.257114e-01 5.690083e-01 7.907489e-01
      outer loop
         vertex 4.657986e+01 1.599398e+01 2.294719e+01
         vertex 4.589409e+01 2.139825e+01 1.925412e+01
         vertex 4.607748e+01 1.605983e+01 2.304320e+01
      endloop
   endfacet
   facet normal 2.353383e-01 5.679071e-01 7.887315e-01
      outer loop
         vertex 4.607748e+01 1.605983e+01 2.304320e+01
         vertex 4.589409e+01 2.139825e+01 1.925412e+01
         vertex 4.540204e+01 2.152968e+01 1.930630e+01
      endloop
   endfacet
   facet normal 2.173719e-01 5.687750e-01 7.932493e-01
      outer loop
         vertex 4.607748e+01 1.605983e+01 2.304320e+01
         vertex 4.540204e+01 2.152968e+01 1.930630e+01
         vertex 4.557703e+01 1.612287e+01 2.313513e+01
      endloop
   endfacet
   facet normal 2.270522e-01 5.677077e-01 7.912997e-01
      outer loop
         vertex 4.557703e+01 1.612287e+01 2.313513e+01
         vertex 4.540204e+01 2.152968e+01 1.930630e+01
         vertex 4.491886e+01 2.165408e+01 1.935569e+01
      endloop
   endfacet
   facet normal 2.089142e-01 5.685447e-01 7.956832e-01
      outer loop
         vertex 4.557703e+01 1.612287e+01 2.313513e+01
         vertex 4.491886e+01 2.165408e+01 1.935569e+01
         vertex 4.507851e+01 1.618312e+01 2.322298e+01
      endloop
   endfacet
   facet normal 2.186286e-01 5.675059e-01 7.938127e-01
      outer loop
         vertex 4.507851e+01 1.618312e+01 2.322298e+01
         vertex 4.491886e+01 2.165408e+01 1.935569e+01
         vertex 4.443364e+01 2.177427e+01 1.940341e+01
      endloop
   endfacet
   facet normal 2.003421e-01 5.682984e-01 7.980601e-01
      outer loop
         vertex 4.507851e+01 1.618312e+01 2.322298e+01
         vertex 4.443364e+01 2.177427e+01 1.940341e+01
         vertex 4.458192e+01 1.624056e+01 2.330674e+01
      endloop
   endfacet
   facet normal 2.100652e-01 5.672967e-01 7.962707e-01
      outer loop
         vertex 4.458192e+01 1.624056e+01 2.330674e+01
         vertex 4.443364e+01 2.177427e+01 1.940341e+01
         vertex 4.395673e+01 2.188767e+01 1.944843e+01
      endloop
   endfacet
   facet normal 1.916585e-01 5.680549e-01 8.003628e-01
      outer loop
         vertex 4.458192e+01 1.624056e+01 2.330674e+01
         vertex 4.395673e+01 2.188767e+01 1.944843e+01
         vertex 4.408725e+01 1.629520e+01 2.338641e+01
      endloop
   endfacet
   facet normal 2.013584e-01 5.670865e-01 7.986662e-01
      outer loop
         vertex 4.408725e+01 1.629520e+01 2.338641e+01
         vertex 4.395673e+01 2.188767e+01 1.944843e+01
         vertex 4.347831e+01 2.199662e+01 1.949169e+01
      endloop
   endfacet
   facet normal 1.828568e-01 5.677984e-01 8.026010e-01
      outer loop
         vertex 4.408725e+01 1.629520e+01 2.338641e+01
         vertex 4.347831e+01 2.199662e+01 1.949169e+01
         vertex 4.359452e+01 1.634704e+01 2.346200e+01
      endloop
   endfacet
   facet normal 1.925091e-01 5.668705e-01 8.009982e-01
      outer loop
         vertex 4.359452e+01 1.634704e+01 2.346200e+01
         vertex 4.347831e+01 2.199662e+01 1.949169e+01
         vertex 4.300767e+01 2.209901e+01 1.953234e+01
      endloop
   endfacet
   facet normal 1.739394e-01 5.675454e-01 8.047592e-01
      outer loop
         vertex 4.359452e+01 1.634704e+01 2.346200e+01
         vertex 4.300767e+01 2.209901e+01 1.953234e+01
         vertex 4.310370e+01 1.639608e+01 2.353350e+01
      endloop
   endfacet
   facet normal 1.835122e-01 5.666545e-01 8.032596e-01
      outer loop
         vertex 4.310370e+01 1.639608e+01 2.353350e+01
         vertex 4.300767e+01 2.209901e+01 1.953234e+01
         vertex 4.253607e+01 2.219674e+01 1.957114e+01
      endloop
   endfacet
   facet normal 1.649128e-01 5.672819e-01 8.068426e-01
      outer loop
         vertex 4.310370e+01 1.639608e+01 2.353350e+01
         vertex 4.253607e+01 2.219674e+01 1.957114e+01
         vertex 4.261483e+01 1.644231e+01 2.360091e+01
      endloop
   endfacet
   facet normal 1.743679e-01 5.664350e-01 8.054484e-01
      outer loop
         vertex 4.261483e+01 1.644231e+01 2.360091e+01
         vertex 4.253607e+01 2.219674e+01 1.957114e+01
         vertex 4.207171e+01 2.228811e+01 1.960741e+01
      endloop
   endfacet
   facet normal 1.557673e-01 5.670233e-01 8.088393e-01
      outer loop
         vertex 4.261483e+01 1.644231e+01 2.360091e+01
         vertex 4.207171e+01 2.228811e+01 1.960741e+01
         vertex 4.212788e+01 1.648575e+01 2.366424e+01
      endloop
   endfacet
   facet normal 1.650714e-01 5.662173e-01 8.075577e-01
      outer loop
         vertex 4.212788e+01 1.648575e+01 2.366424e+01
         vertex 4.207171e+01 2.228811e+01 1.960741e+01
         vertex 4.160690e+01 2.237463e+01 1.964176e+01
      endloop
   endfacet
   facet normal 1.465074e-01 5.667579e-01 8.107534e-01
      outer loop
         vertex 4.212788e+01 1.648575e+01 2.366424e+01
         vertex 4.160690e+01 2.237463e+01 1.964176e+01
         vertex 4.164285e+01 1.652638e+01 2.372348e+01
      endloop
   endfacet
   facet normal 1.556227e-01 5.659983e-01 8.095848e-01
      outer loop
         vertex 4.164285e+01 1.652638e+01 2.372348e+01
         vertex 4.160690e+01 2.237463e+01 1.964176e+01
         vertex 4.114882e+01 2.245496e+01 1.967365e+01
      endloop
   endfacet
   facet normal 1.371370e-01 5.664984e-01 8.125719e-01
      outer loop
         vertex 4.164285e+01 1.652638e+01 2.372348e+01
         vertex 4.114882e+01 2.245496e+01 1.967365e+01
         vertex 4.115976e+01 1.656421e+01 2.377864e+01
      endloop
   endfacet
   facet normal 1.460205e-01 5.657831e-01 8.115217e-01
      outer loop
         vertex 4.115976e+01 1.656421e+01 2.377864e+01
         vertex 4.114882e+01 2.245496e+01 1.967365e+01
         vertex 4.069081e+01 2.253028e+01 1.970355e+01
      endloop
   endfacet
   facet normal 1.276499e-01 5.662359e-01 8.142987e-01
      outer loop
         vertex 4.115976e+01 1.656421e+01 2.377864e+01
         vertex 4.069081e+01 2.253028e+01 1.970355e+01
         vertex 4.067859e+01 1.659923e+01 2.382972e+01
      endloop
   endfacet
   facet normal 1.362588e-01 5.655695e-01 8.133663e-01
      outer loop
         vertex 4.067859e+01 1.659923e+01 2.382972e+01
         vertex 4.069081e+01 2.253028e+01 1.970355e+01
         vertex 4.023903e+01 2.259956e+01 1.973106e+01
      endloop
   endfacet
   facet normal 1.180531e-01 5.659814e-01 8.159219e-01
      outer loop
         vertex 4.067859e+01 1.659923e+01 2.382972e+01
         vertex 4.023903e+01 2.259956e+01 1.973106e+01
         vertex 4.019936e+01 1.663146e+01 2.387670e+01
      endloop
   endfacet
   facet normal 1.263392e-01 5.653623e-01 8.151098e-01
      outer loop
         vertex 4.019936e+01 1.663146e+01 2.387670e+01
         vertex 4.023903e+01 2.259956e+01 1.973106e+01
         vertex 3.978781e+01 2.266369e+01 1.975652e+01
      endloop
   endfacet
   facet normal 1.162831e-01 5.655898e-01 8.164474e-01
      outer loop
         vertex 4.019936e+01 1.663146e+01 2.387670e+01
         vertex 3.978781e+01 2.266369e+01 1.975652e+01
         vertex 3.934121e+01 2.272206e+01 1.977969e+01
      endloop
   endfacet
   facet normal 2.665263e-01 5.699786e-01 7.772311e-01
      outer loop
         vertex 4.979182e+01 1.109405e+01 2.549674e+01
         vertex 5.036268e+01 1.112192e+01 2.528054e+01
         vertex 4.912069e+01 1.562270e+01 2.240582e+01
      endloop
   endfacet
   facet normal 2.733841e-01 5.702295e-01 7.746609e-01
      outer loop
         vertex 4.912069e+01 1.562270e+01 2.240582e+01
         vertex 5.036268e+01 1.112192e+01 2.528054e+01
         vertex 4.963464e+01 1.554003e+01 2.228529e+01
      endloop
   endfacet
   facet normal 2.733845e-01 5.701932e-01 7.746874e-01
      outer loop
         vertex 4.912069e+01 1.562270e+01 2.240582e+01
         vertex 4.963464e+01 1.554003e+01 2.228529e+01
         vertex 4.926455e+01 1.801927e+01 2.059110e+01
      endloop
   endfacet
   facet normal 2.809485e-01 5.697124e-01 7.723314e-01
      outer loop
         vertex 4.926455e+01 1.801927e+01 2.059110e+01
         vertex 4.963464e+01 1.554003e+01 2.228529e+01
         vertex 5.015052e+01 1.545457e+01 2.216068e+01
      endloop
   endfacet
   facet normal 2.890136e-01 5.703737e-01 7.688595e-01
      outer loop
         vertex 4.926455e+01 1.801927e+01 2.059110e+01
         vertex 5.015052e+01 1.545457e+01 2.216068e+01
         vertex 5.029502e+01 1.776008e+01 2.039603e+01
      endloop
   endfacet
   facet normal 2.883843e-01 5.705142e-01 7.689916e-01
      outer loop
         vertex 5.029502e+01 1.776008e+01 2.039603e+01
         vertex 5.015052e+01 1.545457e+01 2.216068e+01
         vertex 5.066832e+01 1.536630e+01 2.203197e+01
      endloop
   endfacet
   facet normal 2.957295e-01 5.700074e-01 7.665739e-01
      outer loop
         vertex 5.029502e+01 1.776008e+01 2.039603e+01
         vertex 5.066832e+01 1.536630e+01 2.203197e+01
         vertex 5.118806e+01 1.527523e+01 2.189919e+01
      endloop
   endfacet
   facet normal 2.957209e-01 5.706432e-01 7.661041e-01
      outer loop
         vertex 5.118806e+01 1.527523e+01 2.189919e+01
         vertex 5.066832e+01 1.536630e+01 2.203197e+01
         vertex 5.181179e+01 1.119390e+01 2.469846e+01
      endloop
   endfacet
   facet normal 2.966664e-01 5.705729e-01 7.657909e-01
      outer loop
         vertex 5.118806e+01 1.527523e+01 2.189919e+01
         vertex 5.181179e+01 1.119390e+01 2.469846e+01
         vertex 5.242718e+01 1.122479e+01 2.443705e+01
      endloop
   endfacet
   facet normal 4.508500e-01 5.710386e-01 -6.860388e-01
      outer loop
         vertex 6.517551e+01 1.169893e+01 1.252080e+01
         vertex 6.506795e+01 1.169624e+01 1.244787e+01
         vertex 6.481929e+01 1.207265e+01 1.259777e+01
      endloop
   endfacet
   facet normal 1.684705e-03 5.639952e-01 -8.257763e-01
      outer loop
         vertex 3.522672e+01 1.050007e+01 1.427785e+00
         vertex 3.505504e+01 1.050000e+01 1.427386e+00
         vertex 3.505504e+01 1.675000e+01 5.696060e+00
      endloop
   endfacet
   facet normal 8.260980e-03 5.641000e-01 -8.256652e-01
      outer loop
         vertex 3.522672e+01 1.050007e+01 1.427785e+00
         vertex 3.505504e+01 1.675000e+01 5.696060e+00
         vertex 3.572774e+01 1.050111e+01 1.433505e+00
      endloop
   endfacet
   facet normal 1.078800e-02 5.642719e-01 -8.255185e-01
      outer loop
         vertex 3.572774e+01 1.050111e+01 1.433505e+00
         vertex 3.505504e+01 1.675000e+01 5.696060e+00
         vertex 3.597396e+01 1.674444e+01 5.704267e+00
      endloop
   endfacet
   facet normal 1.640480e-02 5.640779e-01 -8.255586e-01
      outer loop
         vertex 3.572774e+01 1.050111e+01 1.433505e+00
         vertex 3.597396e+01 1.674444e+01 5.704267e+00
         vertex 3.606156e+01 1.050247e+01 1.441073e+00
      endloop
   endfacet
   facet normal 4.073297e-02 5.642882e-01 -8.245724e-01
      outer loop
         vertex 3.723051e+01 1.051151e+01 1.491157e+00
         vertex 3.707014e+01 1.050988e+01 1.482122e+00
         vertex 3.690055e+01 1.672775e+01 5.728886e+00
      endloop
   endfacet
   facet normal 3.590095e-02 5.643028e-01 -8.247869e-01
      outer loop
         vertex 3.690055e+01 1.672775e+01 5.728886e+00
         vertex 3.707014e+01 1.050988e+01 1.482122e+00
         vertex 3.672963e+01 1.050683e+01 1.465215e+00
      endloop
   endfacet
   facet normal 3.207983e-02 5.644478e-01 -8.248452e-01
      outer loop
         vertex 3.690055e+01 1.672775e+01 5.728886e+00
         vertex 3.672963e+01 1.050683e+01 1.465215e+00
         vertex 3.597396e+01 1.674444e+01 5.704267e+00
      endloop
   endfacet
   facet normal 2.776469e-02 5.641635e-01 -8.251961e-01
      outer loop
         vertex 3.597396e+01 1.674444e+01 5.704267e+00
         vertex 3.672963e+01 1.050683e+01 1.465215e+00
         vertex 3.622871e+01 1.050336e+01 1.445989e+00
      endloop
   endfacet
   facet normal 2.128250e-02 5.640727e-01 -8.254508e-01
      outer loop
         vertex 3.597396e+01 1.674444e+01 5.704267e+00
         vertex 3.622871e+01 1.050336e+01 1.445989e+00
         vertex 3.606156e+01 1.050247e+01 1.441073e+00
      endloop
   endfacet
   facet normal 4.709289e-02 5.643609e-01 -8.241839e-01
      outer loop
         vertex 3.723051e+01 1.051151e+01 1.491157e+00
         vertex 3.690055e+01 1.672775e+01 5.728886e+00
         vertex 3.773136e+01 1.051737e+01 1.523793e+00
      endloop
   endfacet
   facet normal 5.298046e-02 5.647335e-01 -8.235710e-01
      outer loop
         vertex 3.773136e+01 1.051737e+01 1.523793e+00
         vertex 3.690055e+01 1.672775e+01 5.728886e+00
         vertex 3.783482e+01 1.669995e+01 5.769920e+00
      endloop
   endfacet
   facet normal 5.522313e-02 5.646392e-01 -8.234883e-01
      outer loop
         vertex 3.773136e+01 1.051737e+01 1.523793e+00
         vertex 3.783482e+01 1.669995e+01 5.769920e+00
         vertex 3.808061e+01 1.052216e+01 1.550497e+00
      endloop
   endfacet
   facet normal 7.907174e-02 5.650222e-01 -8.212780e-01
      outer loop
         vertex 3.923378e+01 1.054199e+01 1.661606e+00
         vertex 3.909280e+01 1.053924e+01 1.646142e+00
         vertex 3.877676e+01 1.666101e+01 5.827365e+00
      endloop
   endfacet
   facet normal 7.434330e-02 5.650613e-01 -8.216926e-01
      outer loop
         vertex 3.877676e+01 1.666101e+01 5.827365e+00
         vertex 3.909280e+01 1.053924e+01 1.646142e+00
         vertex 3.873299e+01 1.053263e+01 1.609041e+00
      endloop
   endfacet
   facet normal 7.347185e-02 5.651022e-01 -8.217429e-01
      outer loop
         vertex 3.877676e+01 1.666101e+01 5.827365e+00
         vertex 3.873299e+01 1.053263e+01 1.609041e+00
         vertex 3.783482e+01 1.669995e+01 5.769920e+00
      endloop
   endfacet
   facet normal 6.621722e-02 5.646644e-01 -8.226600e-01
      outer loop
         vertex 3.783482e+01 1.669995e+01 5.769920e+00
         vertex 3.873299e+01 1.053263e+01 1.609041e+00
         vertex 3.823219e+01 1.052442e+01 1.563095e+00
      endloop
   endfacet
   facet normal 6.000386e-02 5.646131e-01 -8.231717e-01
      outer loop
         vertex 3.783482e+01 1.669995e+01 5.769920e+00
         vertex 3.823219e+01 1.052442e+01 1.563095e+00
         vertex 3.808061e+01 1.052216e+01 1.550497e+00
      endloop
   endfacet
   facet normal 8.511354e-02 5.650494e-01 -8.206551e-01
      outer loop
         vertex 3.923378e+01 1.054199e+01 1.661606e+00
         vertex 3.877676e+01 1.666101e+01 5.827365e+00
         vertex 3.973455e+01 1.055248e+01 1.720767e+00
      endloop
   endfacet
   facet normal 9.354081e-02 5.655307e-01 -8.194054e-01
      outer loop
         vertex 3.973455e+01 1.055248e+01 1.720767e+00
         vertex 3.877676e+01 1.666101e+01 5.827365e+00
         vertex 3.972637e+01 1.661096e+01 5.901224e+00
      endloop
   endfacet
   facet normal 9.323400e-02 5.655467e-01 -8.194293e-01
      outer loop
         vertex 3.973455e+01 1.055248e+01 1.720767e+00
         vertex 3.972637e+01 1.661096e+01 5.901224e+00
         vertex 4.010660e+01 1.056099e+01 1.768974e+00
      endloop
   endfacet
   facet normal 9.790551e-02 5.654933e-01 -8.189212e-01
      outer loop
         vertex 4.010660e+01 1.056099e+01 1.768974e+00
         vertex 3.972637e+01 1.661096e+01 5.901224e+00
         vertex 4.023533e+01 1.056408e+01 1.786496e+00
      endloop
   endfacet
   facet normal 1.131778e-01 5.654555e-01 -8.169766e-01
      outer loop
         vertex 4.023533e+01 1.056408e+01 1.786496e+00
         vertex 3.972637e+01 1.661096e+01 5.901224e+00
         vertex 4.068366e+01 1.654978e+01 5.991496e+00
      endloop
   endfacet
   facet normal 1.036284e-01 5.665353e-01 -8.174955e-01
      outer loop
         vertex 4.023533e+01 1.056408e+01 1.786496e+00
         vertex 4.068366e+01 1.654978e+01 5.991496e+00
         vertex 4.073612e+01 1.057677e+01 1.858770e+00
      endloop
   endfacet
   facet normal 1.129395e-01 5.660135e-01 -8.166232e-01
      outer loop
         vertex 4.073612e+01 1.057677e+01 1.858770e+00
         vertex 4.068366e+01 1.654978e+01 5.991496e+00
         vertex 4.123691e+01 1.059052e+01 1.937564e+00
      endloop
   endfacet
   facet normal 1.276137e-01 5.659389e-01 -8.145108e-01
      outer loop
         vertex 4.123691e+01 1.059052e+01 1.937564e+00
         vertex 4.068366e+01 1.654978e+01 5.991496e+00
         vertex 4.116518e+01 1.651502e+01 6.042787e+00
      endloop
   endfacet
   facet normal 1.220806e-01 5.662902e-01 -8.151146e-01
      outer loop
         vertex 4.123691e+01 1.059052e+01 1.937564e+00
         vertex 4.116518e+01 1.651502e+01 6.042787e+00
         vertex 4.173774e+01 1.060532e+01 2.022850e+00
      endloop
   endfacet
   facet normal 1.371000e-01 5.661738e-01 -8.128043e-01
      outer loop
         vertex 4.173774e+01 1.060532e+01 2.022850e+00
         vertex 4.116518e+01 1.651502e+01 6.042787e+00
         vertex 4.164862e+01 1.647748e+01 6.098181e+00
      endloop
   endfacet
   facet normal 1.311491e-01 5.665722e-01 -8.135084e-01
      outer loop
         vertex 4.173774e+01 1.060532e+01 2.022850e+00
         vertex 4.164862e+01 1.647748e+01 6.098181e+00
         vertex 4.223859e+01 1.062113e+01 2.114604e+00
      endloop
   endfacet
   facet normal 1.464715e-01 5.664110e-01 -8.110022e-01
      outer loop
         vertex 4.223859e+01 1.062113e+01 2.114604e+00
         vertex 4.164862e+01 1.647748e+01 6.098181e+00
         vertex 4.213398e+01 1.643716e+01 6.157679e+00
      endloop
   endfacet
   facet normal 1.389258e-01 5.669406e-01 -8.119593e-01
      outer loop
         vertex 4.223859e+01 1.062113e+01 2.114604e+00
         vertex 4.213398e+01 1.643716e+01 6.157679e+00
         vertex 4.260557e+01 1.063333e+01 2.185918e+00
      endloop
   endfacet
   facet normal 1.557320e-01 5.664504e-01 -8.092475e-01
      outer loop
         vertex 4.260557e+01 1.063333e+01 2.185918e+00
         vertex 4.213398e+01 1.643716e+01 6.157679e+00
         vertex 4.262126e+01 1.639405e+01 6.221280e+00
      endloop
   endfacet
   facet normal 1.468270e-01 5.672486e-01 -8.103523e-01
      outer loop
         vertex 4.260557e+01 1.063333e+01 2.185918e+00
         vertex 4.262126e+01 1.639405e+01 6.221280e+00
         vertex 4.312624e+01 1.065154e+01 2.293002e+00
      endloop
   endfacet
   facet normal 1.648768e-01 5.667133e-01 -8.072495e-01
      outer loop
         vertex 4.312624e+01 1.065154e+01 2.293002e+00
         vertex 4.262126e+01 1.639405e+01 6.221280e+00
         vertex 4.311046e+01 1.634817e+01 6.288984e+00
      endloop
   endfacet
   facet normal 1.560273e-01 5.675230e-01 -8.084387e-01
      outer loop
         vertex 4.312624e+01 1.065154e+01 2.293002e+00
         vertex 4.311046e+01 1.634817e+01 6.288984e+00
         vertex 4.364655e+01 1.067073e+01 2.406894e+00
      endloop
   endfacet
   facet normal 1.739073e-01 5.669749e-01 -8.051681e-01
      outer loop
         vertex 4.364655e+01 1.067073e+01 2.406894e+00
         vertex 4.311046e+01 1.634817e+01 6.288984e+00
         vertex 4.360157e+01 1.629951e+01 6.360791e+00
      endloop
   endfacet
   facet normal 1.651356e-01 5.677953e-01 -8.064358e-01
      outer loop
         vertex 4.364655e+01 1.067073e+01 2.406894e+00
         vertex 4.360157e+01 1.629951e+01 6.360791e+00
         vertex 4.416650e+01 1.069088e+01 2.527551e+00
      endloop
   endfacet
   facet normal 1.828244e-01 5.672339e-01 -8.030074e-01
      outer loop
         vertex 4.416650e+01 1.069088e+01 2.527551e+00
         vertex 4.360157e+01 1.629951e+01 6.360791e+00
         vertex 4.409460e+01 1.624806e+01 6.436702e+00
      endloop
   endfacet
   facet normal 1.741450e-01 5.680648e-01 -8.043482e-01
      outer loop
         vertex 4.416650e+01 1.069088e+01 2.527551e+00
         vertex 4.409460e+01 1.624806e+01 6.436702e+00
         vertex 4.468613e+01 1.071194e+01 2.654924e+00
      endloop
   endfacet
   facet normal 1.916261e-01 5.674894e-01 -8.007716e-01
      outer loop
         vertex 4.468613e+01 1.071194e+01 2.654924e+00
         vertex 4.409460e+01 1.624806e+01 6.436702e+00
         vertex 4.458955e+01 1.619384e+01 6.516716e+00
      endloop
   endfacet
   facet normal 1.830582e-01 5.683298e-01 -8.021788e-01
      outer loop
         vertex 4.468613e+01 1.071194e+01 2.654924e+00
         vertex 4.458955e+01 1.619384e+01 6.516716e+00
         vertex 4.520545e+01 1.073387e+01 2.788969e+00
      endloop
   endfacet
   facet normal 1.895576e-01 5.681288e-01 -8.008106e-01
      outer loop
         vertex 4.520545e+01 1.073387e+01 2.788969e+00
         vertex 4.458955e+01 1.619384e+01 6.516716e+00
         vertex 4.544061e+01 1.074407e+01 2.851876e+00
      endloop
   endfacet
   facet normal 2.003124e-01 5.680721e-01 -7.982287e-01
      outer loop
         vertex 4.544061e+01 1.074407e+01 2.851876e+00
         vertex 4.458955e+01 1.619384e+01 6.516716e+00
         vertex 4.508642e+01 1.613683e+01 6.600833e+00
      endloop
   endfacet
   facet normal 1.938814e-01 5.685275e-01 -7.994914e-01
      outer loop
         vertex 4.544061e+01 1.074407e+01 2.851876e+00
         vertex 4.508642e+01 1.613683e+01 6.600833e+00
         vertex 4.572448e+01 1.075662e+01 2.929640e+00
      endloop
   endfacet
   facet normal 2.088853e-01 5.679858e-01 -7.960899e-01
      outer loop
         vertex 4.572448e+01 1.075662e+01 2.929640e+00
         vertex 4.508642e+01 1.613683e+01 6.600833e+00
         vertex 4.558521e+01 1.607704e+01 6.689053e+00
      endloop
   endfacet
   facet normal 2.005874e-01 5.688430e-01 -7.976104e-01
      outer loop
         vertex 4.572448e+01 1.075662e+01 2.929640e+00
         vertex 4.558521e+01 1.607704e+01 6.689053e+00
         vertex 4.624326e+01 1.078016e+01 3.076891e+00
      endloop
   endfacet
   facet normal 2.173454e-01 5.682247e-01 -7.936508e-01
      outer loop
         vertex 4.624326e+01 1.078016e+01 3.076891e+00
         vertex 4.558521e+01 1.607704e+01 6.689053e+00
         vertex 4.608592e+01 1.601447e+01 6.781377e+00
      endloop
   endfacet
   facet normal 2.092015e-01 5.690893e-01 -7.952183e-01
      outer loop
         vertex 4.624326e+01 1.078016e+01 3.076891e+00
         vertex 4.608592e+01 1.601447e+01 6.781377e+00
         vertex 4.676179e+01 1.080444e+01 3.230677e+00
      endloop
   endfacet
   facet normal 2.256876e-01 5.684569e-01 -7.911523e-01
      outer loop
         vertex 4.676179e+01 1.080444e+01 3.230677e+00
         vertex 4.608592e+01 1.601447e+01 6.781377e+00
         vertex 4.658854e+01 1.594912e+01 6.877804e+00
      endloop
   endfacet
   facet normal 2.177129e-01 5.693275e-01 -7.927593e-01
      outer loop
         vertex 4.676179e+01 1.080444e+01 3.230677e+00
         vertex 4.658854e+01 1.594912e+01 6.877804e+00
         vertex 4.728010e+01 1.082940e+01 3.390951e+00
      endloop
   endfacet
   facet normal 2.339187e-01 5.686812e-01 -7.885961e-01
      outer loop
         vertex 4.728010e+01 1.082940e+01 3.390951e+00
         vertex 4.658854e+01 1.594912e+01 6.877804e+00
         vertex 4.709308e+01 1.588099e+01 6.978334e+00
      endloop
   endfacet
   facet normal 2.261225e-01 5.695572e-01 -7.902361e-01
      outer loop
         vertex 4.728010e+01 1.082940e+01 3.390951e+00
         vertex 4.709308e+01 1.588099e+01 6.978334e+00
         vertex 4.779822e+01 1.085502e+01 3.557667e+00
      endloop
   endfacet
   facet normal 2.420348e-01 5.688974e-01 -7.859865e-01
      outer loop
         vertex 4.779822e+01 1.085502e+01 3.557667e+00
         vertex 4.709308e+01 1.588099e+01 6.978334e+00
         vertex 4.759955e+01 1.581008e+01 7.082968e+00
      endloop
   endfacet
   facet normal 2.335827e-01 5.698734e-01 -7.878347e-01
      outer loop
         vertex 4.779822e+01 1.085502e+01 3.557667e+00
         vertex 4.759955e+01 1.581008e+01 7.082968e+00
         vertex 4.821374e+01 1.087599e+01 3.696038e+00
      endloop
   endfacet
   facet normal 2.500408e-01 5.689195e-01 -7.834604e-01
      outer loop
         vertex 4.821374e+01 1.087599e+01 3.696038e+00
         vertex 4.759955e+01 1.581008e+01 7.082968e+00
         vertex 4.810793e+01 1.573639e+01 7.191705e+00
      endloop
   endfacet
   facet normal 2.412249e-01 5.700978e-01 -7.853656e-01
      outer loop
         vertex 4.821374e+01 1.087599e+01 3.696038e+00
         vertex 4.810793e+01 1.573639e+01 7.191705e+00
         vertex 4.876278e+01 1.090426e+01 3.885197e+00
      endloop
   endfacet
   facet normal 2.579316e-01 5.691767e-01 -7.807107e-01
      outer loop
         vertex 4.876278e+01 1.090426e+01 3.885197e+00
         vertex 4.810793e+01 1.573639e+01 7.191705e+00
         vertex 4.861823e+01 1.565992e+01 7.304545e+00
      endloop
   endfacet
   facet normal 2.498409e-01 5.702551e-01 -7.825526e-01
      outer loop
         vertex 4.876278e+01 1.090426e+01 3.885197e+00
         vertex 4.861823e+01 1.565992e+01 7.304545e+00
         vertex 4.931139e+01 1.093308e+01 4.081344e+00
      endloop
   endfacet
   facet normal 2.657086e-01 5.694221e-01 -7.779187e-01
      outer loop
         vertex 4.931139e+01 1.093308e+01 4.081344e+00
         vertex 4.861823e+01 1.565992e+01 7.304545e+00
         vertex 4.913045e+01 1.558066e+01 7.421488e+00
      endloop
   endfacet
   facet normal 2.583342e-01 5.704025e-01 -7.796823e-01
      outer loop
         vertex 4.931139e+01 1.093308e+01 4.081344e+00
         vertex 4.913045e+01 1.558066e+01 7.421488e+00
         vertex 4.985959e+01 1.096238e+01 4.284417e+00
      endloop
   endfacet
   facet normal 2.695376e-01 5.698597e-01 -7.762792e-01
      outer loop
         vertex 4.985959e+01 1.096238e+01 4.284417e+00
         vertex 4.913045e+01 1.558066e+01 7.421488e+00
         vertex 5.001774e+01 1.299931e+01 5.834625e+00
      endloop
   endfacet
   facet normal 2.656279e-01 5.707121e-01 -7.770004e-01
      outer loop
         vertex 4.985959e+01 1.096238e+01 4.284417e+00
         vertex 5.001774e+01 1.299931e+01 5.834625e+00
         vertex 5.027271e+01 1.098475e+01 4.442081e+00
      endloop
   endfacet
   facet normal 2.860163e-01 5.706752e-01 -7.697562e-01
      outer loop
         vertex 5.150219e+01 1.105253e+01 4.934566e+00
         vertex 5.134658e+01 1.104387e+01 4.870327e+00
         vertex 5.105499e+01 1.291311e+01 6.147781e+00
      endloop
   endfacet
   facet normal 2.818872e-01 5.709380e-01 -7.710833e-01
      outer loop
         vertex 5.105499e+01 1.291311e+01 6.147781e+00
         vertex 5.134658e+01 1.104387e+01 4.870327e+00
         vertex 5.095496e+01 1.102217e+01 4.711091e+00
      endloop
   endfacet
   facet normal 2.803681e-01 5.712587e-01 -7.713995e-01
      outer loop
         vertex 5.105499e+01 1.291311e+01 6.147781e+00
         vertex 5.095496e+01 1.102217e+01 4.711091e+00
         vertex 5.001774e+01 1.299931e+01 5.834625e+00
      endloop
   endfacet
   facet normal 2.750834e-01 5.702544e-01 -7.740407e-01
      outer loop
         vertex 5.001774e+01 1.299931e+01 5.834625e+00
         vertex 5.095496e+01 1.102217e+01 4.711091e+00
         vertex 5.040744e+01 1.099209e+01 4.494353e+00
      endloop
   endfacet
   facet normal 2.698905e-01 5.703960e-01 -7.757626e-01
      outer loop
         vertex 5.001774e+01 1.299931e+01 5.834625e+00
         vertex 5.040744e+01 1.099209e+01 4.494353e+00
         vertex 5.027271e+01 1.098475e+01 4.442081e+00
      endloop
   endfacet
   facet normal 2.973405e-01 5.711933e-01 -7.650666e-01
      outer loop
         vertex 5.209722e+01 1.282134e+01 6.481140e+00
         vertex 5.237651e+01 1.110151e+01 5.305668e+00
         vertex 5.204917e+01 1.108312e+01 5.164719e+00
      endloop
   endfacet
   facet normal 3.096258e-01 5.719388e-01 -7.596169e-01
      outer loop
         vertex 5.314442e+01 1.272401e+01 6.834703e+00
         vertex 5.314252e+01 1.114469e+01 5.644809e+00
         vertex 5.209722e+01 1.282134e+01 6.481140e+00
      endloop
   endfacet
   facet normal 3.067569e-01 5.710597e-01 -7.614401e-01
      outer loop
         vertex 5.209722e+01 1.282134e+01 6.481140e+00
         vertex 5.314252e+01 1.114469e+01 5.644809e+00
         vertex 5.259593e+01 1.111386e+01 5.401487e+00
      endloop
   endfacet
   facet normal 3.013584e-01 5.709133e-01 -7.637023e-01
      outer loop
         vertex 5.209722e+01 1.282134e+01 6.481140e+00
         vertex 5.259593e+01 1.111386e+01 5.401487e+00
         vertex 5.237651e+01 1.110151e+01 5.305668e+00
      endloop
   endfacet
   facet normal 3.258816e-01 5.729773e-01 -7.519961e-01
      outer loop
         vertex 5.444132e+01 1.121792e+01 6.249164e+00
         vertex 5.415115e+01 1.120159e+01 6.110978e+00
         vertex 5.314442e+01 1.272401e+01 6.834703e+00
      endloop
   endfacet
   facet normal 3.231456e-01 5.720602e-01 -7.538727e-01
      outer loop
         vertex 5.314442e+01 1.272401e+01 6.834703e+00
         vertex 5.415115e+01 1.120159e+01 6.110978e+00
         vertex 5.399345e+01 1.119271e+01 6.036641e+00
      endloop
   endfacet
   facet normal 3.194202e-01 5.711715e-01 -7.561309e-01
      outer loop
         vertex 5.399345e+01 1.119271e+01 6.036641e+00
         vertex 5.356309e+01 1.116843e+01 5.836501e+00
         vertex 5.314442e+01 1.272401e+01 6.834703e+00
      endloop
   endfacet
   facet normal 3.153666e-01 5.711712e-01 -7.578307e-01
      outer loop
         vertex 5.314442e+01 1.272401e+01 6.834703e+00
         vertex 5.356309e+01 1.116843e+01 5.836501e+00
         vertex 5.340803e+01 1.115968e+01 5.765374e+00
      endloop
   endfacet
   facet normal 3.123607e-01 5.713982e-01 -7.589037e-01
      outer loop
         vertex 5.314442e+01 1.272401e+01 6.834703e+00
         vertex 5.340803e+01 1.115968e+01 5.765374e+00
         vertex 5.314252e+01 1.114469e+01 5.644809e+00
      endloop
   endfacet
   facet normal 3.538249e-01 5.714555e-01 -7.404367e-01
      outer loop
         vertex 5.596386e+01 1.429731e+01 9.315150e+00
         vertex 5.591352e+01 1.129987e+01 6.977724e+00
         vertex 5.489146e+01 1.452534e+01 8.978682e+00
      endloop
   endfacet
   facet normal 3.450588e-01 5.713076e-01 -7.446758e-01
      outer loop
         vertex 5.489146e+01 1.452534e+01 8.978682e+00
         vertex 5.591352e+01 1.129987e+01 6.977724e+00
         vertex 5.547641e+01 1.127573e+01 6.756663e+00
      endloop
   endfacet
   facet normal 3.408131e-01 5.716823e-01 -7.463416e-01
      outer loop
         vertex 5.489146e+01 1.452534e+01 8.978682e+00
         vertex 5.547641e+01 1.127573e+01 6.756663e+00
         vertex 5.382674e+01 1.474224e+01 8.658626e+00
      endloop
   endfacet
   facet normal 3.410647e-01 5.717222e-01 -7.461961e-01
      outer loop
         vertex 5.382674e+01 1.474224e+01 8.658626e+00
         vertex 5.547641e+01 1.127573e+01 6.756663e+00
         vertex 5.532631e+01 1.126740e+01 6.681671e+00
      endloop
   endfacet
   facet normal 3.364006e-01 5.711576e-01 -7.487414e-01
      outer loop
         vertex 5.382674e+01 1.474224e+01 8.658626e+00
         vertex 5.532631e+01 1.126740e+01 6.681671e+00
         vertex 5.473887e+01 1.123461e+01 6.392729e+00
      endloop
   endfacet
   facet normal 3.632236e-01 5.715592e-01 -7.357912e-01
      outer loop
         vertex 5.717083e+01 1.136793e+01 7.635443e+00
         vertex 5.708746e+01 1.136349e+01 7.590843e+00
         vertex 5.596386e+01 1.429731e+01 9.315150e+00
      endloop
   endfacet
   facet normal 3.591283e-01 5.712922e-01 -7.380055e-01
      outer loop
         vertex 5.596386e+01 1.429731e+01 9.315150e+00
         vertex 5.708746e+01 1.136349e+01 7.590843e+00
         vertex 5.650056e+01 1.133193e+01 7.280807e+00
      endloop
   endfacet
   facet normal 3.514030e-01 5.720421e-01 -7.411368e-01
      outer loop
         vertex 5.596386e+01 1.429731e+01 9.315150e+00
         vertex 5.650056e+01 1.133193e+01 7.280807e+00
         vertex 5.591352e+01 1.129987e+01 6.977724e+00
      endloop
   endfacet
   facet normal 3.667423e-01 5.718687e-01 -7.338026e-01
      outer loop
         vertex 5.717083e+01 1.136793e+01 7.635443e+00
         vertex 5.596386e+01 1.429731e+01 9.315150e+00
         vertex 5.767430e+01 1.139447e+01 7.907751e+00
      endloop
   endfacet
   facet normal 3.664272e-01 5.717893e-01 -7.340219e-01
      outer loop
         vertex 5.767430e+01 1.139447e+01 7.907751e+00
         vertex 5.596386e+01 1.429731e+01 9.315150e+00
         vertex 5.704393e+01 1.405816e+01 9.668032e+00
      endloop
   endfacet
   facet normal 3.736085e-01 5.713287e-01 -7.307532e-01
      outer loop
         vertex 5.767430e+01 1.139447e+01 7.907751e+00
         vertex 5.704393e+01 1.405816e+01 9.668032e+00
         vertex 5.826111e+01 1.142477e+01 8.231455e+00
      endloop
   endfacet
   facet normal 3.786443e-01 5.719665e-01 -7.276557e-01
      outer loop
         vertex 5.826111e+01 1.142477e+01 8.231455e+00
         vertex 5.704393e+01 1.405816e+01 9.668032e+00
         vertex 5.813167e+01 1.380789e+01 1.003733e+01
      endloop
   endfacet
   facet normal 3.798184e-01 5.717158e-01 -7.272407e-01
      outer loop
         vertex 5.826111e+01 1.142477e+01 8.231455e+00
         vertex 5.813167e+01 1.380789e+01 1.003733e+01
         vertex 5.873231e+01 1.144855e+01 8.496244e+00
      endloop
   endfacet
   facet normal 3.864954e-01 5.713176e-01 -7.240287e-01
      outer loop
         vertex 5.873231e+01 1.144855e+01 8.496244e+00
         vertex 5.813167e+01 1.380789e+01 1.003733e+01
         vertex 5.936687e+01 1.147970e+01 8.859565e+00
      endloop
   endfacet
   facet normal 3.904845e-01 5.720543e-01 -7.213014e-01
      outer loop
         vertex 5.936687e+01 1.147970e+01 8.859565e+00
         vertex 5.813167e+01 1.380789e+01 1.003733e+01
         vertex 5.922709e+01 1.354649e+01 1.042303e+01
      endloop
   endfacet
   facet normal 3.915618e-01 5.718237e-01 -7.209002e-01
      outer loop
         vertex 5.936687e+01 1.147970e+01 8.859565e+00
         vertex 5.922709e+01 1.354649e+01 1.042303e+01
         vertex 5.963830e+01 1.149270e+01 9.017301e+00
      endloop
   endfacet
   facet normal 3.953668e-01 5.713952e-01 -7.191611e-01
      outer loop
         vertex 5.963830e+01 1.149270e+01 9.017301e+00
         vertex 5.922709e+01 1.354649e+01 1.042303e+01
         vertex 6.000128e+01 1.150975e+01 9.230396e+00
      endloop
   endfacet
   facet normal 4.019771e-01 5.716414e-01 -7.152905e-01
      outer loop
         vertex 6.000128e+01 1.150975e+01 9.230396e+00
         vertex 5.922709e+01 1.354649e+01 1.042303e+01
         vertex 6.033018e+01 1.327397e+01 1.082516e+01
      endloop
   endfacet
   facet normal 4.007072e-01 5.721526e-01 -7.155942e-01
      outer loop
         vertex 6.000128e+01 1.150975e+01 9.230396e+00
         vertex 6.033018e+01 1.327397e+01 1.082516e+01
         vertex 6.063560e+01 1.153856e+01 9.608634e+00
      endloop
   endfacet
   facet normal 4.081647e-01 5.710964e-01 -7.122152e-01
      outer loop
         vertex 6.063560e+01 1.153856e+01 9.608634e+00
         vertex 6.033018e+01 1.327397e+01 1.082516e+01
         vertex 6.126988e+01 1.156604e+01 9.994174e+00
      endloop
   endfacet
   facet normal 4.130797e-01 5.720465e-01 -7.086099e-01
      outer loop
         vertex 6.126988e+01 1.156604e+01 9.994174e+00
         vertex 6.033018e+01 1.327397e+01 1.082516e+01
         vertex 6.144095e+01 1.299033e+01 1.124369e+01
      endloop
   endfacet
   facet normal 4.149543e-01 5.713519e-01 -7.080748e-01
      outer loop
         vertex 6.126988e+01 1.156604e+01 9.994174e+00
         vertex 6.144095e+01 1.299033e+01 1.124369e+01
         vertex 6.190421e+01 1.159207e+01 1.038691e+01
      endloop
   endfacet
   facet normal 4.217568e-01 5.712076e-01 -7.041613e-01
      outer loop
         vertex 6.190421e+01 1.159207e+01 1.038691e+01
         vertex 6.144095e+01 1.299033e+01 1.124369e+01
         vertex 6.253863e+01 1.161654e+01 1.078674e+01
      endloop
   endfacet
   facet normal 4.238429e-01 5.721912e-01 -7.021071e-01
      outer loop
         vertex 6.253863e+01 1.161654e+01 1.078674e+01
         vertex 6.144095e+01 1.299033e+01 1.124369e+01
         vertex 6.255939e+01 1.269556e+01 1.167864e+01
      endloop
   endfacet
   facet normal 4.253243e-01 5.717315e-01 -7.015856e-01
      outer loop
         vertex 6.253863e+01 1.161654e+01 1.078674e+01
         vertex 6.255939e+01 1.269556e+01 1.167864e+01
         vertex 6.262488e+01 1.161974e+01 1.084164e+01
      endloop
   endfacet
   facet normal 4.289621e-01 5.708115e-01 -7.001184e-01
      outer loop
         vertex 6.262488e+01 1.161974e+01 1.084164e+01
         vertex 6.255939e+01 1.269556e+01 1.167864e+01
         vertex 6.317320e+01 1.163933e+01 1.119356e+01
      endloop
   endfacet
   facet normal 4.342827e-01 5.719606e-01 -6.958877e-01
      outer loop
         vertex 6.317320e+01 1.163933e+01 1.119356e+01
         vertex 6.255939e+01 1.269556e+01 1.167864e+01
         vertex 6.368551e+01 1.238967e+01 1.213000e+01
      endloop
   endfacet
   facet normal 4.346202e-01 5.717169e-01 -6.958771e-01
      outer loop
         vertex 6.317320e+01 1.163933e+01 1.119356e+01
         vertex 6.368551e+01 1.238967e+01 1.213000e+01
         vertex 6.380893e+01 1.166035e+01 1.160789e+01
      endloop
   endfacet
   facet normal 4.445244e-01 5.691270e-01 -6.917315e-01
      outer loop
         vertex 6.481929e+01 1.207265e+01 1.259777e+01
         vertex 6.506795e+01 1.169624e+01 1.244787e+01
         vertex 6.368551e+01 1.238967e+01 1.213000e+01
      endloop
   endfacet
   facet normal 4.460564e-01 5.747908e-01 -6.860388e-01
      outer loop
         vertex 6.368551e+01 1.238967e+01 1.213000e+01
         vertex 6.506795e+01 1.169624e+01 1.244787e+01
         vertex 6.449224e+01 1.168082e+01 1.206063e+01
      endloop
   endfacet
   facet normal 4.416983e-01 5.704579e-01 -6.924452e-01
      outer loop
         vertex 6.368551e+01 1.238967e+01 1.213000e+01
         vertex 6.449224e+01 1.168082e+01 1.206063e+01
         vertex 6.380893e+01 1.166035e+01 1.160789e+01
      endloop
   endfacet
   facet normal 4.537623e-01 5.730684e-01 -6.824165e-01
      outer loop
         vertex 6.517551e+01 1.169893e+01 1.252080e+01
         vertex 6.481929e+01 1.207265e+01 1.259777e+01
         vertex 6.585880e+01 1.171456e+01 1.298826e+01
      endloop
   endfacet
   facet normal 4.538592e-01 5.775725e-01 -6.785439e-01
      outer loop
         vertex 6.585880e+01 1.171456e+01 1.298826e+01
         vertex 6.481929e+01 1.207265e+01 1.259777e+01
         vertex 6.596076e+01 1.174452e+01 1.308196e+01
      endloop
   endfacet
   facet normal 4.654284e-01 5.599013e-01 -6.854830e-01
      outer loop
         vertex 6.585880e+01 1.171456e+01 1.298826e+01
         vertex 6.596076e+01 1.174452e+01 1.308196e+01
         vertex 6.654217e+01 1.172757e+01 1.346288e+01
      endloop
   endfacet
   facet normal 4.735882e-01 5.716144e-01 -6.700532e-01
      outer loop
         vertex 6.790942e+01 1.174521e+01 1.443302e+01
         vertex 6.738160e+01 1.173977e+01 1.405532e+01
         vertex 6.690957e+01 1.231051e+01 1.420859e+01
      endloop
   endfacet
   facet normal 4.711253e-01 5.703349e-01 -6.728738e-01
      outer loop
         vertex 6.690957e+01 1.231051e+01 1.420859e+01
         vertex 6.738160e+01 1.173977e+01 1.405532e+01
         vertex 6.722568e+01 1.173782e+01 1.394451e+01
      endloop
   endfacet
   facet normal 4.648792e-01 5.692894e-01 -6.780832e-01
      outer loop
         vertex 6.690957e+01 1.231051e+01 1.420859e+01
         vertex 6.722568e+01 1.173782e+01 1.394451e+01
         vertex 6.568573e+01 1.298903e+01 1.393921e+01
      endloop
   endfacet
   facet normal 2.954068e-01 5.700850e-01 -7.666407e-01
      outer loop
         vertex 5.119850e+01 1.523584e+01 7.930295e+00
         vertex 5.209722e+01 1.282134e+01 6.481140e+00
         vertex 5.105499e+01 1.291311e+01 6.147781e+00
      endloop
   endfacet
   facet normal 2.951998e-01 5.716320e-01 -7.655677e-01
      outer loop
         vertex 5.105499e+01 1.291311e+01 6.147781e+00
         vertex 5.209722e+01 1.282134e+01 6.481140e+00
         vertex 5.204917e+01 1.108312e+01 5.164719e+00
      endloop
   endfacet
   facet normal 2.911708e-01 5.706598e-01 -7.678326e-01
      outer loop
         vertex 5.105499e+01 1.291311e+01 6.147781e+00
         vertex 5.204917e+01 1.108312e+01 5.164719e+00
         vertex 5.150219e+01 1.105253e+01 4.934566e+00
      endloop
   endfacet
   facet normal 3.304487e-01 5.712658e-01 -7.513049e-01
      outer loop
         vertex 5.473887e+01 1.123461e+01 6.392729e+00
         vertex 5.444132e+01 1.121792e+01 6.249164e+00
         vertex 5.382674e+01 1.474224e+01 8.658626e+00
      endloop
   endfacet
   facet normal 3.237022e-01 5.718109e-01 -7.538230e-01
      outer loop
         vertex 5.382674e+01 1.474224e+01 8.658626e+00
         vertex 5.444132e+01 1.121792e+01 6.249164e+00
         vertex 5.314442e+01 1.272401e+01 6.834703e+00
      endloop
   endfacet
   facet normal 3.274304e-01 5.701988e-01 -7.534339e-01
      outer loop
         vertex 5.382674e+01 1.474224e+01 8.658626e+00
         vertex 5.314442e+01 1.272401e+01 6.834703e+00
         vertex 5.276969e+01 1.494803e+01 8.354984e+00
      endloop
   endfacet
   facet normal 3.096743e-01 5.715963e-01 -7.598549e-01
      outer loop
         vertex 5.276969e+01 1.494803e+01 8.354984e+00
         vertex 5.314442e+01 1.272401e+01 6.834703e+00
         vertex 5.209722e+01 1.282134e+01 6.481140e+00
      endloop
   endfacet
   facet normal 3.136044e-01 5.699939e-01 -7.594467e-01
      outer loop
         vertex 5.276969e+01 1.494803e+01 8.354984e+00
         vertex 5.209722e+01 1.282134e+01 6.481140e+00
         vertex 5.172031e+01 1.514268e+01 8.067754e+00
      endloop
   endfacet
   facet normal 3.029421e-01 5.708005e-01 -7.631598e-01
      outer loop
         vertex 5.172031e+01 1.514268e+01 8.067754e+00
         vertex 5.209722e+01 1.282134e+01 6.481140e+00
         vertex 5.119850e+01 1.523584e+01 7.930295e+00
      endloop
   endfacet
   facet normal 4.668355e-01 5.717115e-01 -6.746929e-01
      outer loop
         vertex 6.722568e+01 1.173782e+01 1.394451e+01
         vertex 6.654217e+01 1.172757e+01 1.346288e+01
         vertex 6.568573e+01 1.298903e+01 1.393921e+01
      endloop
   endfacet
   facet normal 4.618032e-01 5.701084e-01 -6.794955e-01
      outer loop
         vertex 6.568573e+01 1.298903e+01 1.393921e+01
         vertex 6.654217e+01 1.172757e+01 1.346288e+01
         vertex 6.596076e+01 1.174452e+01 1.308196e+01
      endloop
   endfacet
   facet normal 4.563389e-01 5.709516e-01 -6.824728e-01
      outer loop
         vertex 6.568573e+01 1.298903e+01 1.393921e+01
         vertex 6.596076e+01 1.174452e+01 1.308196e+01
         vertex 6.447497e+01 1.364531e+01 1.367866e+01
      endloop
   endfacet
   facet normal 4.542696e-01 5.700128e-01 -6.846346e-01
      outer loop
         vertex 6.447497e+01 1.364531e+01 1.367866e+01
         vertex 6.596076e+01 1.174452e+01 1.308196e+01
         vertex 6.481929e+01 1.207265e+01 1.259777e+01
      endloop
   endfacet
   facet normal 4.470226e-01 5.710837e-01 -6.885014e-01
      outer loop
         vertex 6.447497e+01 1.364531e+01 1.367866e+01
         vertex 6.481929e+01 1.207265e+01 1.259777e+01
         vertex 6.327728e+01 1.427933e+01 1.342694e+01
      endloop
   endfacet
   facet normal 4.444733e-01 5.701971e-01 -6.908826e-01
      outer loop
         vertex 6.327728e+01 1.427933e+01 1.342694e+01
         vertex 6.481929e+01 1.207265e+01 1.259777e+01
         vertex 6.368551e+01 1.238967e+01 1.213000e+01
      endloop
   endfacet
   facet normal 4.374051e-01 5.711942e-01 -6.945603e-01
      outer loop
         vertex 6.327728e+01 1.427933e+01 1.342694e+01
         vertex 6.368551e+01 1.238967e+01 1.213000e+01
         vertex 6.209270e+01 1.489112e+01 1.318406e+01
      endloop
   endfacet
   facet normal 4.343562e-01 5.703495e-01 -6.971629e-01
      outer loop
         vertex 6.209270e+01 1.489112e+01 1.318406e+01
         vertex 6.368551e+01 1.238967e+01 1.213000e+01
         vertex 6.255939e+01 1.269556e+01 1.167864e+01
      endloop
   endfacet
   facet normal 4.274648e-01 5.712781e-01 -7.006535e-01
      outer loop
         vertex 6.209270e+01 1.489112e+01 1.318406e+01
         vertex 6.255939e+01 1.269556e+01 1.167864e+01
         vertex 6.092119e+01 1.548065e+01 1.295001e+01
      endloop
   endfacet
   facet normal 4.239162e-01 5.704721e-01 -7.034605e-01
      outer loop
         vertex 6.092119e+01 1.548065e+01 1.295001e+01
         vertex 6.255939e+01 1.269556e+01 1.167864e+01
         vertex 6.144095e+01 1.299033e+01 1.124369e+01
      endloop
   endfacet
   facet normal 4.171982e-01 5.713361e-01 -7.067678e-01
      outer loop
         vertex 6.092119e+01 1.548065e+01 1.295001e+01
         vertex 6.144095e+01 1.299033e+01 1.124369e+01
         vertex 5.976277e+01 1.604794e+01 1.272479e+01
      endloop
   endfacet
   facet normal 4.131383e-01 5.705627e-01 -7.097711e-01
      outer loop
         vertex 5.976277e+01 1.604794e+01 1.272479e+01
         vertex 6.144095e+01 1.299033e+01 1.124369e+01
         vertex 6.033018e+01 1.327397e+01 1.082516e+01
      endloop
   endfacet
   facet normal 4.065901e-01 5.713656e-01 -7.128996e-01
      outer loop
         vertex 5.976277e+01 1.604794e+01 1.272479e+01
         vertex 6.033018e+01 1.327397e+01 1.082516e+01
         vertex 5.861744e+01 1.659298e+01 1.250840e+01
      endloop
   endfacet
   facet normal 4.020143e-01 5.706198e-01 -7.160849e-01
      outer loop
         vertex 5.861744e+01 1.659298e+01 1.250840e+01
         vertex 6.033018e+01 1.327397e+01 1.082516e+01
         vertex 5.922709e+01 1.354649e+01 1.042303e+01
      endloop
   endfacet
   facet normal 3.956269e-01 5.713655e-01 -7.190416e-01
      outer loop
         vertex 5.861744e+01 1.659298e+01 1.250840e+01
         vertex 5.922709e+01 1.354649e+01 1.042303e+01
         vertex 5.748519e+01 1.711578e+01 1.230084e+01
      endloop
   endfacet
   facet normal 3.905320e-01 5.706424e-01 -7.223933e-01
      outer loop
         vertex 5.748519e+01 1.711578e+01 1.230084e+01
         vertex 5.922709e+01 1.354649e+01 1.042303e+01
         vertex 5.813167e+01 1.380789e+01 1.003733e+01
      endloop
   endfacet
   facet normal 3.842976e-01 5.713340e-01 -7.251847e-01
      outer loop
         vertex 5.748519e+01 1.711578e+01 1.230084e+01
         vertex 5.813167e+01 1.380789e+01 1.003733e+01
         vertex 5.636603e+01 1.761632e+01 1.210212e+01
      endloop
   endfacet
   facet normal 3.786856e-01 5.706291e-01 -7.286835e-01
      outer loop
         vertex 5.636603e+01 1.761632e+01 1.210212e+01
         vertex 5.813167e+01 1.380789e+01 1.003733e+01
         vertex 5.704393e+01 1.405816e+01 9.668032e+00
      endloop
   endfacet
   facet normal 3.725872e-01 5.712707e-01 -7.313197e-01
      outer loop
         vertex 5.636603e+01 1.761632e+01 1.210212e+01
         vertex 5.704393e+01 1.405816e+01 9.668032e+00
         vertex 5.525995e+01 1.809463e+01 1.191223e+01
      endloop
   endfacet
   facet normal 3.664612e-01 5.705793e-01 -7.349459e-01
      outer loop
         vertex 5.525995e+01 1.809463e+01 1.191223e+01
         vertex 5.704393e+01 1.405816e+01 9.668032e+00
         vertex 5.596386e+01 1.429731e+01 9.315150e+00
      endloop
   endfacet
   facet normal 3.604845e-01 5.711740e-01 -7.374355e-01
      outer loop
         vertex 5.525995e+01 1.809463e+01 1.191223e+01
         vertex 5.596386e+01 1.429731e+01 9.315150e+00
         vertex 5.416695e+01 1.855068e+01 1.173117e+01
      endloop
   endfacet
   facet normal 3.538493e-01 5.704912e-01 -7.411683e-01
      outer loop
         vertex 5.416695e+01 1.855068e+01 1.173117e+01
         vertex 5.596386e+01 1.429731e+01 9.315150e+00
         vertex 5.489146e+01 1.452534e+01 8.978682e+00
      endloop
   endfacet
   facet normal 3.479727e-01 5.710429e-01 -7.435220e-01
      outer loop
         vertex 5.416695e+01 1.855068e+01 1.173117e+01
         vertex 5.489146e+01 1.452534e+01 8.978682e+00
         vertex 5.308705e+01 1.898449e+01 1.155894e+01
      endloop
   endfacet
   facet normal 3.408433e-01 5.703646e-01 -7.473353e-01
      outer loop
         vertex 5.308705e+01 1.898449e+01 1.155894e+01
         vertex 5.489146e+01 1.452534e+01 8.978682e+00
         vertex 5.382674e+01 1.474224e+01 8.658626e+00
      endloop
   endfacet
   facet normal 3.350389e-01 5.708771e-01 -7.495654e-01
      outer loop
         vertex 5.308705e+01 1.898449e+01 1.155894e+01
         vertex 5.382674e+01 1.474224e+01 8.658626e+00
         vertex 5.202022e+01 1.939605e+01 1.139555e+01
      endloop
   endfacet
   facet normal 3.274304e-01 5.701988e-01 -7.534339e-01
      outer loop
         vertex 5.202022e+01 1.939605e+01 1.139555e+01
         vertex 5.382674e+01 1.474224e+01 8.658626e+00
         vertex 5.276969e+01 1.494803e+01 8.354984e+00
      endloop
   endfacet
   facet normal 3.216681e-01 5.706757e-01 -7.555520e-01
      outer loop
         vertex 5.202022e+01 1.939605e+01 1.139555e+01
         vertex 5.276969e+01 1.494803e+01 8.354984e+00
         vertex 5.096649e+01 1.978537e+01 1.124098e+01
      endloop
   endfacet
   facet normal 3.136044e-01 5.699936e-01 -7.594469e-01
      outer loop
         vertex 5.096649e+01 1.978537e+01 1.124098e+01
         vertex 5.276969e+01 1.494803e+01 8.354984e+00
         vertex 5.172031e+01 1.514268e+01 8.067754e+00
      endloop
   endfacet
   facet normal 3.112665e-01 5.701770e-01 -7.602706e-01
      outer loop
         vertex 5.096649e+01 1.978537e+01 1.124098e+01
         vertex 5.172031e+01 1.514268e+01 8.067754e+00
         vertex 5.044453e+01 1.997168e+01 1.116701e+01
      endloop
   endfacet
   facet normal 3.029529e-01 5.701460e-01 -7.636446e-01
      outer loop
         vertex 5.044453e+01 1.997168e+01 1.116701e+01
         vertex 5.172031e+01 1.514268e+01 8.067754e+00
         vertex 5.119850e+01 1.523584e+01 7.930295e+00
      endloop
   endfacet
   facet normal 1.078801e-02 5.639632e-01 -8.257295e-01
      outer loop
         vertex 3.505504e+01 1.675000e+01 5.696060e+00
         vertex 3.505504e+01 2.300000e+01 9.964734e+00
         vertex 3.597396e+01 1.674444e+01 5.704267e+00
      endloop
   endfacet
   facet normal 1.193393e-02 5.640707e-01 -8.256402e-01
      outer loop
         vertex 3.597396e+01 1.674444e+01 5.704267e+00
         vertex 3.505504e+01 2.300000e+01 9.964734e+00
         vertex 3.588632e+01 2.298888e+01 9.969150e+00
      endloop
   endfacet
   facet normal 3.207990e-02 5.640134e-01 -8.251423e-01
      outer loop
         vertex 3.597396e+01 1.674444e+01 5.704267e+00
         vertex 3.588632e+01 2.298888e+01 9.969150e+00
         vertex 3.690055e+01 1.672775e+01 5.728886e+00
      endloop
   endfacet
   facet normal 3.524282e-02 5.643038e-01 -8.248146e-01
      outer loop
         vertex 3.690055e+01 1.672775e+01 5.728886e+00
         vertex 3.588632e+01 2.298888e+01 9.969150e+00
         vertex 3.673069e+01 2.295551e+01 9.982399e+00
      endloop
   endfacet
   facet normal 5.298064e-02 5.641917e-01 -8.239422e-01
      outer loop
         vertex 3.690055e+01 1.672775e+01 5.728886e+00
         vertex 3.673069e+01 2.295551e+01 9.982399e+00
         vertex 3.783482e+01 1.669995e+01 5.769920e+00
      endloop
   endfacet
   facet normal 5.782442e-02 5.646266e-01 -8.233184e-01
      outer loop
         vertex 3.783482e+01 1.669995e+01 5.769920e+00
         vertex 3.673069e+01 2.295551e+01 9.982399e+00
         vertex 3.758815e+01 2.289989e+01 1.000448e+01
      endloop
   endfacet
   facet normal 7.347221e-02 5.644699e-01 -8.221774e-01
      outer loop
         vertex 3.783482e+01 1.669995e+01 5.769920e+00
         vertex 3.758815e+01 2.289989e+01 1.000448e+01
         vertex 3.877676e+01 1.666101e+01 5.827365e+00
      endloop
   endfacet
   facet normal 7.969754e-02 5.650161e-01 -8.212217e-01
      outer loop
         vertex 3.877676e+01 1.666101e+01 5.827365e+00
         vertex 3.758815e+01 2.289989e+01 1.000448e+01
         vertex 3.845869e+01 2.282203e+01 1.003539e+01
      endloop
   endfacet
   facet normal 9.354146e-02 5.648233e-01 -8.198931e-01
      outer loop
         vertex 3.877676e+01 1.666101e+01 5.827365e+00
         vertex 3.845869e+01 2.282203e+01 1.003539e+01
         vertex 3.972637e+01 1.661096e+01 5.901224e+00
      endloop
   endfacet
   facet normal 1.008821e-01 5.654527e-01 -8.185878e-01
      outer loop
         vertex 3.972637e+01 1.661096e+01 5.901224e+00
         vertex 3.845869e+01 2.282203e+01 1.003539e+01
         vertex 3.934232e+01 2.272192e+01 1.007514e+01
      endloop
   endfacet
   facet normal 1.131781e-01 5.652311e-01 -8.171319e-01
      outer loop
         vertex 3.972637e+01 1.661096e+01 5.901224e+00
         vertex 3.934232e+01 2.272192e+01 1.007514e+01
         vertex 4.068366e+01 1.654978e+01 5.991496e+00
      endloop
   endfacet
   facet normal 1.213959e-01 5.659200e-01 -8.154739e-01
      outer loop
         vertex 4.068366e+01 1.654978e+01 5.991496e+00
         vertex 3.934232e+01 2.272192e+01 1.007514e+01
         vertex 4.023903e+01 2.259956e+01 1.012371e+01
      endloop
   endfacet
   facet normal 1.276140e-01 5.657899e-01 -8.146143e-01
      outer loop
         vertex 4.068366e+01 1.654978e+01 5.991496e+00
         vertex 4.023903e+01 2.259956e+01 1.012371e+01
         vertex 4.116518e+01 1.651502e+01 6.042787e+00
      endloop
   endfacet
   facet normal 1.363266e-01 5.660480e-01 -8.130219e-01
      outer loop
         vertex 4.116518e+01 1.651502e+01 6.042787e+00
         vertex 4.023903e+01 2.259956e+01 1.012371e+01
         vertex 4.069229e+01 2.253004e+01 1.015131e+01
      endloop
   endfacet
   facet normal 1.371003e-01 5.660290e-01 -8.129051e-01
      outer loop
         vertex 4.116518e+01 1.651502e+01 6.042787e+00
         vertex 4.069229e+01 2.253004e+01 1.015131e+01
         vertex 4.164862e+01 1.647748e+01 6.098181e+00
      endloop
   endfacet
   facet normal 1.460956e-01 5.662819e-01 -8.111602e-01
      outer loop
         vertex 4.164862e+01 1.647748e+01 6.098181e+00
         vertex 4.069229e+01 2.253004e+01 1.015131e+01
         vertex 4.114882e+01 2.245496e+01 1.018112e+01
      endloop
   endfacet
   facet normal 1.464719e-01 5.662718e-01 -8.110994e-01
      outer loop
         vertex 4.164862e+01 1.647748e+01 6.098181e+00
         vertex 4.114882e+01 2.245496e+01 1.018112e+01
         vertex 4.213398e+01 1.643716e+01 6.157679e+00
      endloop
   endfacet
   facet normal 1.557057e-01 5.665173e-01 -8.092057e-01
      outer loop
         vertex 4.213398e+01 1.643716e+01 6.157679e+00
         vertex 4.114882e+01 2.245496e+01 1.018112e+01
         vertex 4.160863e+01 2.237431e+01 1.021314e+01
      endloop
   endfacet
   facet normal 1.557318e-01 5.665166e-01 -8.092012e-01
      outer loop
         vertex 4.213398e+01 1.643716e+01 6.157679e+00
         vertex 4.160863e+01 2.237431e+01 1.021314e+01
         vertex 4.262126e+01 1.639405e+01 6.221280e+00
      endloop
   endfacet
   facet normal 1.651593e-01 5.667530e-01 -8.071638e-01
      outer loop
         vertex 4.262126e+01 1.639405e+01 6.221280e+00
         vertex 4.160863e+01 2.237431e+01 1.021314e+01
         vertex 4.207171e+01 2.228811e+01 1.024736e+01
      endloop
   endfacet
   facet normal 1.648766e-01 5.667618e-01 -8.072154e-01
      outer loop
         vertex 4.262126e+01 1.639405e+01 6.221280e+00
         vertex 4.207171e+01 2.228811e+01 1.024736e+01
         vertex 4.311046e+01 1.634817e+01 6.288984e+00
      endloop
   endfacet
   facet normal 1.744649e-01 5.669878e-01 -8.050384e-01
      outer loop
         vertex 4.311046e+01 1.634817e+01 6.288984e+00
         vertex 4.207171e+01 2.228811e+01 1.024736e+01
         vertex 4.253805e+01 2.219634e+01 1.028380e+01
      endloop
   endfacet
   facet normal 1.739072e-01 5.670066e-01 -8.051458e-01
      outer loop
         vertex 4.311046e+01 1.634817e+01 6.288984e+00
         vertex 4.253805e+01 2.219634e+01 1.028380e+01
         vertex 4.360157e+01 1.629951e+01 6.360791e+00
      endloop
   endfacet
   facet normal 1.836139e-01 5.672209e-01 -8.028365e-01
      outer loop
         vertex 4.360157e+01 1.629951e+01 6.360791e+00
         vertex 4.253805e+01 2.219634e+01 1.028380e+01
         vertex 4.300767e+01 2.209901e+01 1.032244e+01
      endloop
   endfacet
   facet normal 1.828243e-01 5.672494e-01 -8.029965e-01
      outer loop
         vertex 4.360157e+01 1.629951e+01 6.360791e+00
         vertex 4.300767e+01 2.209901e+01 1.032244e+01
         vertex 4.409460e+01 1.624806e+01 6.436702e+00
      endloop
   endfacet
   facet normal 1.926191e-01 5.674511e-01 -8.005605e-01
      outer loop
         vertex 4.409460e+01 1.624806e+01 6.436702e+00
         vertex 4.300767e+01 2.209901e+01 1.032244e+01
         vertex 4.348056e+01 2.199612e+01 1.036329e+01
      endloop
   endfacet
   facet normal 1.916261e-01 5.674893e-01 -8.007717e-01
      outer loop
         vertex 4.409460e+01 1.624806e+01 6.436702e+00
         vertex 4.348056e+01 2.199612e+01 1.036329e+01
         vertex 4.458955e+01 1.619384e+01 6.516716e+00
      endloop
   endfacet
   facet normal 2.014737e-01 5.676778e-01 -7.982169e-01
      outer loop
         vertex 4.458955e+01 1.619384e+01 6.516716e+00
         vertex 4.348056e+01 2.199612e+01 1.036329e+01
         vertex 4.395673e+01 2.188767e+01 1.040634e+01
      endloop
   endfacet
   facet normal 2.003143e-01 5.677253e-01 -7.984749e-01
      outer loop
         vertex 4.458955e+01 1.619384e+01 6.516716e+00
         vertex 4.395673e+01 2.188767e+01 1.040634e+01
         vertex 4.508642e+01 1.613683e+01 6.600833e+00
      endloop
   endfacet
   facet normal 2.101870e-01 5.679001e-01 -7.958083e-01
      outer loop
         vertex 4.508642e+01 1.613683e+01 6.600833e+00
         vertex 4.395673e+01 2.188767e+01 1.040634e+01
         vertex 4.443616e+01 2.177366e+01 1.045161e+01
      endloop
   endfacet
   facet normal 2.088855e-01 5.679565e-01 -7.961107e-01
      outer loop
         vertex 4.508642e+01 1.613683e+01 6.600833e+00
         vertex 4.443616e+01 2.177366e+01 1.045161e+01
         vertex 4.558521e+01 1.607704e+01 6.689053e+00
      endloop
   endfacet
   facet normal 2.187575e-01 5.681175e-01 -7.933396e-01
      outer loop
         vertex 4.558521e+01 1.607704e+01 6.689053e+00
         vertex 4.443616e+01 2.177366e+01 1.045161e+01
         vertex 4.491886e+01 2.165408e+01 1.049908e+01
      endloop
   endfacet
   facet normal 2.173456e-01 5.681822e-01 -7.936812e-01
      outer loop
         vertex 4.558521e+01 1.607704e+01 6.689053e+00
         vertex 4.491886e+01 2.165408e+01 1.049908e+01
         vertex 4.608592e+01 1.601447e+01 6.781377e+00
      endloop
   endfacet
   facet normal 2.271875e-01 5.683291e-01 -7.908147e-01
      outer loop
         vertex 4.608592e+01 1.601447e+01 6.781377e+00
         vertex 4.491886e+01 2.165408e+01 1.049908e+01
         vertex 4.540484e+01 2.152894e+01 1.054876e+01
      endloop
   endfacet
   facet normal 2.256880e-01 5.684016e-01 -7.911918e-01
      outer loop
         vertex 4.608592e+01 1.601447e+01 6.781377e+00
         vertex 4.540484e+01 2.152894e+01 1.054876e+01
         vertex 4.658854e+01 1.594912e+01 6.877804e+00
      endloop
   endfacet
   facet normal 2.354776e-01 5.685348e-01 -7.882376e-01
      outer loop
         vertex 4.658854e+01 1.594912e+01 6.877804e+00
         vertex 4.540484e+01 2.152894e+01 1.054876e+01
         vertex 4.589409e+01 2.139825e+01 1.060065e+01
      endloop
   endfacet
   facet normal 2.339193e-01 5.686141e-01 -7.886443e-01
      outer loop
         vertex 4.658854e+01 1.594912e+01 6.877804e+00
         vertex 4.589409e+01 2.139825e+01 1.060065e+01
         vertex 4.709308e+01 1.588099e+01 6.978334e+00
      endloop
   endfacet
   facet normal 2.436366e-01 5.687337e-01 -7.856101e-01
      outer loop
         vertex 4.709308e+01 1.588099e+01 6.978334e+00
         vertex 4.589409e+01 2.139825e+01 1.060065e+01
         vertex 4.638661e+01 2.126198e+01 1.065475e+01
      endloop
   endfacet
   facet normal 2.420355e-01 5.688192e-01 -7.860429e-01
      outer loop
         vertex 4.709308e+01 1.588099e+01 6.978334e+00
         vertex 4.638661e+01 2.126198e+01 1.065475e+01
         vertex 4.759955e+01 1.581008e+01 7.082968e+00
      endloop
   endfacet
   facet normal 2.516570e-01 5.689258e-01 -7.829382e-01
      outer loop
         vertex 4.759955e+01 1.581008e+01 7.082968e+00
         vertex 4.638661e+01 2.126198e+01 1.065475e+01
         vertex 4.688240e+01 2.112016e+01 1.071105e+01
      endloop
   endfacet
   facet normal 2.500398e-01 5.690163e-01 -7.833904e-01
      outer loop
         vertex 4.759955e+01 1.581008e+01 7.082968e+00
         vertex 4.688240e+01 2.112016e+01 1.071105e+01
         vertex 4.810793e+01 1.573639e+01 7.191705e+00
      endloop
   endfacet
   facet normal 2.595485e-01 5.691103e-01 -7.802230e-01
      outer loop
         vertex 4.810793e+01 1.573639e+01 7.191705e+00
         vertex 4.688240e+01 2.112016e+01 1.071105e+01
         vertex 4.738146e+01 2.097278e+01 1.076957e+01
      endloop
   endfacet
   facet normal 2.579313e-01 5.692051e-01 -7.806901e-01
      outer loop
         vertex 4.810793e+01 1.573639e+01 7.191705e+00
         vertex 4.738146e+01 2.097278e+01 1.076957e+01
         vertex 4.861823e+01 1.565992e+01 7.304545e+00
      endloop
   endfacet
   facet normal 2.673104e-01 5.692873e-01 -7.774684e-01
      outer loop
         vertex 4.861823e+01 1.565992e+01 7.304545e+00
         vertex 4.738146e+01 2.097278e+01 1.076957e+01
         vertex 4.788379e+01 2.081983e+01 1.083029e+01
      endloop
   endfacet
   facet normal 2.657090e-01 5.693853e-01 -7.779454e-01
      outer loop
         vertex 4.861823e+01 1.565992e+01 7.304545e+00
         vertex 4.788379e+01 2.081983e+01 1.083029e+01
         vertex 4.913045e+01 1.558066e+01 7.421488e+00
      endloop
   endfacet
   facet normal 2.970999e-01 5.699143e-01 -7.661132e-01
      outer loop
         vertex 4.992584e+01 2.015244e+01 1.109525e+01
         vertex 5.067861e+01 1.532622e+01 7.796938e+00
         vertex 4.941042e+01 2.032763e+01 1.102570e+01
      endloop
   endfacet
   facet normal 2.883819e-01 5.698705e-01 -7.694696e-01
      outer loop
         vertex 4.941042e+01 2.032763e+01 1.102570e+01
         vertex 5.067861e+01 1.532622e+01 7.796938e+00
         vertex 5.016063e+01 1.541381e+01 7.667685e+00
      endloop
   endfacet
   facet normal 2.898344e-01 5.697701e-01 -7.689981e-01
      outer loop
         vertex 4.941042e+01 2.032763e+01 1.102570e+01
         vertex 5.016063e+01 1.541381e+01 7.667685e+00
         vertex 4.889827e+01 2.049726e+01 1.095835e+01
      endloop
   endfacet
   facet normal 2.809364e-01 5.697182e-01 -7.723315e-01
      outer loop
         vertex 4.889827e+01 2.049726e+01 1.095835e+01
         vertex 5.016063e+01 1.541381e+01 7.667685e+00
         vertex 4.964458e+01 1.549863e+01 7.542535e+00
      endloop
   endfacet
   facet normal 2.824523e-01 5.696174e-01 -7.718528e-01
      outer loop
         vertex 4.889827e+01 2.049726e+01 1.095835e+01
         vertex 4.964458e+01 1.549863e+01 7.542535e+00
         vertex 4.838940e+01 2.066133e+01 1.089322e+01
      endloop
   endfacet
   facet normal 2.749440e-01 5.694565e-01 -7.746774e-01
      outer loop
         vertex 4.788379e+01 2.081983e+01 1.083029e+01
         vertex 4.838940e+01 2.066133e+01 1.089322e+01
         vertex 4.913045e+01 1.558066e+01 7.421488e+00
      endloop
   endfacet
   facet normal 2.733786e-01 5.695564e-01 -7.751578e-01
      outer loop
         vertex 4.913045e+01 1.558066e+01 7.421488e+00
         vertex 4.838940e+01 2.066133e+01 1.089322e+01
         vertex 4.964458e+01 1.549863e+01 7.542535e+00
      endloop
   endfacet
   facet normal 2.733705e-01 5.701991e-01 -7.746881e-01
      outer loop
         vertex 4.913045e+01 1.558066e+01 7.421488e+00
         vertex 4.964458e+01 1.549863e+01 7.542535e+00
         vertex 5.001774e+01 1.299931e+01 5.834625e+00
      endloop
   endfacet
   facet normal 2.809364e-01 5.697183e-01 -7.723315e-01
      outer loop
         vertex 5.001774e+01 1.299931e+01 5.834625e+00
         vertex 4.964458e+01 1.549863e+01 7.542535e+00
         vertex 5.016063e+01 1.541381e+01 7.667685e+00
      endloop
   endfacet
   facet normal 2.805521e-01 5.698008e-01 -7.724102e-01
      outer loop
         vertex 5.001774e+01 1.299931e+01 5.834625e+00
         vertex 5.016063e+01 1.541381e+01 7.667685e+00
         vertex 5.105499e+01 1.291311e+01 6.147781e+00
      endloop
   endfacet
   facet normal 2.883724e-01 5.705200e-01 -7.689917e-01
      outer loop
         vertex 5.105499e+01 1.291311e+01 6.147781e+00
         vertex 5.016063e+01 1.541381e+01 7.667685e+00
         vertex 5.067861e+01 1.532622e+01 7.796938e+00
      endloop
   endfacet
   facet normal 2.957229e-01 5.700130e-01 -7.665723e-01
      outer loop
         vertex 5.105499e+01 1.291311e+01 6.147781e+00
         vertex 5.067861e+01 1.532622e+01 7.796938e+00
         vertex 5.119850e+01 1.523584e+01 7.930295e+00
      endloop
   endfacet
   facet normal 2.957229e-01 5.700132e-01 -7.665722e-01
      outer loop
         vertex 5.119850e+01 1.523584e+01 7.930295e+00
         vertex 5.067861e+01 1.532622e+01 7.796938e+00
         vertex 4.992584e+01 2.015244e+01 1.109525e+01
      endloop
   endfacet
   facet normal 3.042416e-01 5.700500e-01 -7.632038e-01
      outer loop
         vertex 5.119850e+01 1.523584e+01 7.930295e+00
         vertex 4.992584e+01 2.015244e+01 1.109525e+01
         vertex 5.044453e+01 1.997168e+01 1.116701e+01
      endloop
   endfacet
   facet normal -4.921374e-01 8.705176e-01 -1.858975e-05
      outer loop
         vertex 2.208331e+00 1.174958e+01 1.492842e+01
         vertex 2.210508e+00 1.175082e+01 1.542398e+01
         vertex 3.200507e+00 1.231051e+01 1.564618e+01
      endloop
   endfacet
   facet normal -4.921830e-01 8.704917e-01 -6.446387e-05
      outer loop
         vertex 2.200660e+00 1.174521e+01 1.443302e+01
         vertex 2.208331e+00 1.174958e+01 1.492842e+01
         vertex 3.200507e+00 1.231051e+01 1.420859e+01
      endloop
   endfacet
   facet normal -4.921476e-01 8.705118e-01 0.000000e+00
      outer loop
         vertex 3.200507e+00 1.231051e+01 1.420859e+01
         vertex 2.208331e+00 1.174958e+01 1.492842e+01
         vertex 3.200507e+00 1.231051e+01 1.564618e+01
      endloop
   endfacet
   facet normal -4.848816e-01 8.745798e-01 0.000000e+00
      outer loop
         vertex 3.200507e+00 1.231051e+01 1.420859e+01
         vertex 3.200507e+00 1.231051e+01 1.564618e+01
         vertex 4.424354e+00 1.298903e+01 1.393921e+01
      endloop
   endfacet
   facet normal -4.848816e-01 8.745798e-01 0.000000e+00
      outer loop
         vertex 4.424354e+00 1.298903e+01 1.393921e+01
         vertex 3.200507e+00 1.231051e+01 1.564618e+01
         vertex 4.424354e+00 1.298903e+01 1.591556e+01
      endloop
   endfacet
   facet normal -4.765331e-01 8.791565e-01 0.000000e+00
      outer loop
         vertex 4.424354e+00 1.298903e+01 1.393921e+01
         vertex 4.424354e+00 1.298903e+01 1.591556e+01
         vertex 5.635116e+00 1.364531e+01 1.367866e+01
      endloop
   endfacet
   facet normal -4.765331e-01 8.791565e-01 0.000000e+00
      outer loop
         vertex 5.635116e+00 1.364531e+01 1.367866e+01
         vertex 4.424354e+00 1.298903e+01 1.591556e+01
         vertex 5.635116e+00 1.364531e+01 1.617611e+01
      endloop
   endfacet
   facet normal -4.678671e-01 8.837988e-01 0.000000e+00
      outer loop
         vertex 5.635116e+00 1.364531e+01 1.367866e+01
         vertex 5.635116e+00 1.364531e+01 1.617611e+01
         vertex 6.832792e+00 1.427933e+01 1.342694e+01
      endloop
   endfacet
   facet normal -4.678671e-01 8.837988e-01 0.000000e+00
      outer loop
         vertex 6.832792e+00 1.427933e+01 1.342694e+01
         vertex 5.635116e+00 1.364531e+01 1.617611e+01
         vertex 6.832792e+00 1.427933e+01 1.642783e+01
      endloop
   endfacet
   facet normal -4.588680e-01 8.885045e-01 0.000000e+00
      outer loop
         vertex 6.832792e+00 1.427933e+01 1.342694e+01
         vertex 6.832792e+00 1.427933e+01 1.642783e+01
         vertex 8.017382e+00 1.489112e+01 1.318406e+01
      endloop
   endfacet
   facet normal -4.588680e-01 8.885045e-01 0.000000e+00
      outer loop
         vertex 8.017382e+00 1.489112e+01 1.318406e+01
         vertex 6.832792e+00 1.427933e+01 1.642783e+01
         vertex 8.017382e+00 1.489112e+01 1.667071e+01
      endloop
   endfacet
   facet normal -4.495192e-01 8.932707e-01 0.000000e+00
      outer loop
         vertex 8.017382e+00 1.489112e+01 1.318406e+01
         vertex 8.017382e+00 1.489112e+01 1.667071e+01
         vertex 9.188887e+00 1.548065e+01 1.295001e+01
      endloop
   endfacet
   facet normal -4.495192e-01 8.932707e-01 0.000000e+00
      outer loop
         vertex 9.188887e+00 1.548065e+01 1.295001e+01
         vertex 8.017382e+00 1.489112e+01 1.667071e+01
         vertex 9.188887e+00 1.548065e+01 1.690477e+01
      endloop
   endfacet
   facet normal -4.398041e-01 8.980937e-01 0.000000e+00
      outer loop
         vertex 9.188887e+00 1.548065e+01 1.295001e+01
         vertex 9.188887e+00 1.548065e+01 1.690477e+01
         vertex 1.034731e+01 1.604794e+01 1.272479e+01
      endloop
   endfacet
   facet normal -4.398041e-01 8.980937e-01 0.000000e+00
      outer loop
         vertex 1.034731e+01 1.604794e+01 1.272479e+01
         vertex 9.188887e+00 1.548065e+01 1.690477e+01
         vertex 1.034731e+01 1.604794e+01 1.712999e+01
      endloop
   endfacet
   facet normal -4.297048e-01 9.029694e-01 0.000000e+00
      outer loop
         vertex 1.034731e+01 1.604794e+01 1.272479e+01
         vertex 1.034731e+01 1.604794e+01 1.712999e+01
         vertex 1.149264e+01 1.659298e+01 1.250840e+01
      endloop
   endfacet
   facet normal -4.297048e-01 9.029694e-01 0.000000e+00
      outer loop
         vertex 1.149264e+01 1.659298e+01 1.250840e+01
         vertex 1.034731e+01 1.604794e+01 1.712999e+01
         vertex 1.149264e+01 1.659298e+01 1.734637e+01
      endloop
   endfacet
   facet normal -4.192028e-01 9.078926e-01 0.000000e+00
      outer loop
         vertex 1.149264e+01 1.659298e+01 1.250840e+01
         vertex 1.149264e+01 1.659298e+01 1.734637e+01
         vertex 1.262489e+01 1.711578e+01 1.230084e+01
      endloop
   endfacet
   facet normal -4.192028e-01 9.078926e-01 0.000000e+00
      outer loop
         vertex 1.262489e+01 1.711578e+01 1.230084e+01
         vertex 1.149264e+01 1.659298e+01 1.734637e+01
         vertex 1.262489e+01 1.711578e+01 1.755393e+01
      endloop
   endfacet
   facet normal -4.082774e-01 9.128579e-01 0.000000e+00
      outer loop
         vertex 1.262489e+01 1.711578e+01 1.230084e+01
         vertex 1.262489e+01 1.711578e+01 1.755393e+01
         vertex 1.374406e+01 1.761632e+01 1.210212e+01
      endloop
   endfacet
   facet normal -4.082774e-01 9.128579e-01 0.000000e+00
      outer loop
         vertex 1.374406e+01 1.761632e+01 1.210212e+01
         vertex 1.262489e+01 1.711578e+01 1.755393e+01
         vertex 1.374406e+01 1.761632e+01 1.775265e+01
      endloop
   endfacet
   facet normal -3.969096e-01 9.178577e-01 0.000000e+00
      outer loop
         vertex 1.374406e+01 1.761632e+01 1.210212e+01
         vertex 1.374406e+01 1.761632e+01 1.775265e+01
         vertex 1.485013e+01 1.809463e+01 1.191223e+01
      endloop
   endfacet
   facet normal -3.969096e-01 9.178577e-01 0.000000e+00
      outer loop
         vertex 1.485013e+01 1.809463e+01 1.191223e+01
         vertex 1.374406e+01 1.761632e+01 1.775265e+01
         vertex 1.485013e+01 1.809463e+01 1.794255e+01
      endloop
   endfacet
   facet normal -3.850772e-01 9.228844e-01 0.000000e+00
      outer loop
         vertex 1.485013e+01 1.809463e+01 1.191223e+01
         vertex 1.485013e+01 1.809463e+01 1.794255e+01
         vertex 1.594313e+01 1.855068e+01 1.173117e+01
      endloop
   endfacet
   facet normal -3.850772e-01 9.228844e-01 0.000000e+00
      outer loop
         vertex 1.594313e+01 1.855068e+01 1.173117e+01
         vertex 1.485013e+01 1.809463e+01 1.794255e+01
         vertex 1.594313e+01 1.855068e+01 1.812360e+01
      endloop
   endfacet
   facet normal -3.727571e-01 9.279290e-01 0.000000e+00
      outer loop
         vertex 1.594313e+01 1.855068e+01 1.173117e+01
         vertex 1.594313e+01 1.855068e+01 1.812360e+01
         vertex 1.702303e+01 1.898449e+01 1.155894e+01
      endloop
   endfacet
   facet normal -3.727571e-01 9.279290e-01 0.000000e+00
      outer loop
         vertex 1.702303e+01 1.898449e+01 1.155894e+01
         vertex 1.594313e+01 1.855068e+01 1.812360e+01
         vertex 1.702303e+01 1.898449e+01 1.829583e+01
      endloop
   endfacet
   facet normal -3.599289e-01 9.329797e-01 0.000000e+00
      outer loop
         vertex 1.702303e+01 1.898449e+01 1.155894e+01
         vertex 1.702303e+01 1.898449e+01 1.829583e+01
         vertex 1.808985e+01 1.939605e+01 1.139555e+01
      endloop
   endfacet
   facet normal -3.599289e-01 9.329797e-01 0.000000e+00
      outer loop
         vertex 1.808985e+01 1.939605e+01 1.139555e+01
         vertex 1.702303e+01 1.898449e+01 1.829583e+01
         vertex 1.808985e+01 1.939605e+01 1.845923e+01
      endloop
   endfacet
   facet normal -3.465644e-01 9.380262e-01 0.000000e+00
      outer loop
         vertex 1.808985e+01 1.939605e+01 1.139555e+01
         vertex 1.808985e+01 1.939605e+01 1.845923e+01
         vertex 1.914359e+01 1.978537e+01 1.124098e+01
      endloop
   endfacet
   facet normal -3.465644e-01 9.380262e-01 0.000000e+00
      outer loop
         vertex 1.914359e+01 1.978537e+01 1.124098e+01
         vertex 1.808985e+01 1.939605e+01 1.845923e+01
         vertex 1.914359e+01 1.978537e+01 1.861379e+01
      endloop
   endfacet
   facet normal -3.361763e-01 9.417991e-01 0.000000e+00
      outer loop
         vertex 1.914359e+01 1.978537e+01 1.124098e+01
         vertex 1.914359e+01 1.978537e+01 1.861379e+01
         vertex 1.966555e+01 1.997168e+01 1.116701e+01
      endloop
   endfacet
   facet normal -3.326774e-01 9.430406e-01 2.763055e-04
      outer loop
         vertex 1.966555e+01 1.997168e+01 1.116701e+01
         vertex 1.914359e+01 1.978537e+01 1.861379e+01
         vertex 2.018424e+01 2.015244e+01 1.875952e+01
      endloop
   endfacet
   facet normal -1.338018e-02 9.999105e-01 0.000000e+00
      outer loop
         vertex 3.505504e+01 2.300000e+01 1.989004e+01
         vertex 3.505504e+01 2.300000e+01 9.964734e+00
         vertex 3.422376e+01 2.298888e+01 1.988562e+01
      endloop
   endfacet
   facet normal -1.338018e-02 9.999105e-01 0.000000e+00
      outer loop
         vertex 3.422376e+01 2.298888e+01 1.988562e+01
         vertex 3.505504e+01 2.300000e+01 9.964734e+00
         vertex 3.422376e+01 2.298888e+01 9.969150e+00
      endloop
   endfacet
   facet normal -3.948889e-02 9.992200e-01 0.000000e+00
      outer loop
         vertex 3.422376e+01 2.298888e+01 1.988562e+01
         vertex 3.422376e+01 2.298888e+01 9.969150e+00
         vertex 3.337939e+01 2.295551e+01 1.987237e+01
      endloop
   endfacet
   facet normal -3.948889e-02 9.992200e-01 0.000000e+00
      outer loop
         vertex 3.337939e+01 2.295551e+01 1.987237e+01
         vertex 3.422376e+01 2.298888e+01 9.969150e+00
         vertex 3.337939e+01 2.295551e+01 9.982399e+00
      endloop
   endfacet
   facet normal -6.472663e-02 9.979030e-01 0.000000e+00
      outer loop
         vertex 3.337939e+01 2.295551e+01 1.987237e+01
         vertex 3.337939e+01 2.295551e+01 9.982399e+00
         vertex 3.252193e+01 2.289989e+01 1.985029e+01
      endloop
   endfacet
   facet normal -6.472663e-02 9.979030e-01 0.000000e+00
      outer loop
         vertex 3.252193e+01 2.289989e+01 1.985029e+01
         vertex 3.337939e+01 2.295551e+01 9.982399e+00
         vertex 3.252193e+01 2.289989e+01 1.000448e+01
      endloop
   endfacet
   facet normal -8.908673e-02 9.960239e-01 0.000000e+00
      outer loop
         vertex 3.252193e+01 2.289989e+01 1.985029e+01
         vertex 3.252193e+01 2.289989e+01 1.000448e+01
         vertex 3.165139e+01 2.282203e+01 1.981938e+01
      endloop
   endfacet
   facet normal -8.908673e-02 9.960239e-01 0.000000e+00
      outer loop
         vertex 3.165139e+01 2.282203e+01 1.981938e+01
         vertex 3.252193e+01 2.289989e+01 1.000448e+01
         vertex 3.165139e+01 2.282203e+01 1.003539e+01
      endloop
   endfacet
   facet normal -1.125741e-01 9.936433e-01 0.000000e+00
      outer loop
         vertex 3.165139e+01 2.282203e+01 1.981938e+01
         vertex 3.165139e+01 2.282203e+01 1.003539e+01
         vertex 3.076777e+01 2.272192e+01 1.977964e+01
      endloop
   endfacet
   facet normal -1.125741e-01 9.936433e-01 0.000000e+00
      outer loop
         vertex 3.076777e+01 2.272192e+01 1.977964e+01
         vertex 3.165139e+01 2.282203e+01 1.003539e+01
         vertex 3.076777e+01 2.272192e+01 1.007514e+01
      endloop
   endfacet
   facet normal -1.296053e-01 9.915657e-01 0.000000e+00
      outer loop
         vertex 3.076777e+01 2.272192e+01 1.977964e+01
         vertex 3.076777e+01 2.272192e+01 1.007514e+01
         vertex 3.032227e+01 2.266369e+01 1.975652e+01
      endloop
   endfacet
   facet normal -1.352109e-01 9.908168e-01 -2.624475e-04
      outer loop
         vertex 3.032227e+01 2.266369e+01 1.975652e+01
         vertex 3.076777e+01 2.272192e+01 1.007514e+01
         vertex 2.987105e+01 2.259956e+01 1.012371e+01
      endloop
   endfacet
   facet normal -1.407050e-01 9.900516e-01 0.000000e+00
      outer loop
         vertex 3.032227e+01 2.266369e+01 1.975652e+01
         vertex 2.987105e+01 2.259956e+01 1.012371e+01
         vertex 2.987105e+01 2.259956e+01 1.973106e+01
      endloop
   endfacet
   facet normal -1.516053e-01 9.884411e-01 0.000000e+00
      outer loop
         vertex 2.987105e+01 2.259956e+01 1.973106e+01
         vertex 2.987105e+01 2.259956e+01 1.012371e+01
         vertex 2.941779e+01 2.253004e+01 1.015131e+01
      endloop
   endfacet
   facet normal -1.515872e-01 9.884439e-01 -8.749188e-07
      outer loop
         vertex 2.987105e+01 2.259956e+01 1.973106e+01
         vertex 2.941779e+01 2.253004e+01 1.015131e+01
         vertex 2.941927e+01 2.253028e+01 1.970355e+01
      endloop
   endfacet
   facet normal -1.622814e-01 9.867445e-01 8.184047e-07
      outer loop
         vertex 2.941927e+01 2.253028e+01 1.970355e+01
         vertex 2.941779e+01 2.253004e+01 1.015131e+01
         vertex 2.896126e+01 2.245496e+01 1.018112e+01
      endloop
   endfacet
   facet normal -1.622648e-01 9.867472e-01 0.000000e+00
      outer loop
         vertex 2.941927e+01 2.253028e+01 1.970355e+01
         vertex 2.896126e+01 2.245496e+01 1.018112e+01
         vertex 2.896126e+01 2.245496e+01 1.967365e+01
      endloop
   endfacet
   facet normal -1.727508e-01 9.849656e-01 0.000000e+00
      outer loop
         vertex 2.896126e+01 2.245496e+01 1.967365e+01
         vertex 2.896126e+01 2.245496e+01 1.018112e+01
         vertex 2.850145e+01 2.237431e+01 1.021314e+01
      endloop
   endfacet
   facet normal -1.727317e-01 9.849689e-01 -9.601140e-07
      outer loop
         vertex 2.896126e+01 2.245496e+01 1.967365e+01
         vertex 2.850145e+01 2.237431e+01 1.021314e+01
         vertex 2.850318e+01 2.237463e+01 1.964176e+01
      endloop
   endfacet
   facet normal -1.830126e-01 9.831106e-01 9.841461e-07
      outer loop
         vertex 2.850318e+01 2.237463e+01 1.964176e+01
         vertex 2.850145e+01 2.237431e+01 1.021314e+01
         vertex 2.803837e+01 2.228811e+01 1.024736e+01
      endloop
   endfacet
   facet normal -1.829934e-01 9.831141e-01 0.000000e+00
      outer loop
         vertex 2.850318e+01 2.237463e+01 1.964176e+01
         vertex 2.803837e+01 2.228811e+01 1.024736e+01
         vertex 2.803837e+01 2.228811e+01 1.960741e+01
      endloop
   endfacet
   facet normal -1.930776e-01 9.811835e-01 0.000000e+00
      outer loop
         vertex 2.803837e+01 2.228811e+01 1.960741e+01
         vertex 2.803837e+01 2.228811e+01 1.024736e+01
         vertex 2.757203e+01 2.219634e+01 1.028380e+01
      endloop
   endfacet
   facet normal -1.930551e-01 9.811879e-01 -1.171727e-06
      outer loop
         vertex 2.803837e+01 2.228811e+01 1.960741e+01
         vertex 2.757203e+01 2.219634e+01 1.028380e+01
         vertex 2.757401e+01 2.219674e+01 1.957114e+01
      endloop
   endfacet
   facet normal -2.029377e-01 9.791916e-01 1.025431e-06
      outer loop
         vertex 2.757401e+01 2.219674e+01 1.957114e+01
         vertex 2.757203e+01 2.219634e+01 1.028380e+01
         vertex 2.710241e+01 2.209901e+01 1.032244e+01
      endloop
   endfacet
   facet normal -2.029185e-01 9.791956e-01 0.000000e+00
      outer loop
         vertex 2.757401e+01 2.219674e+01 1.957114e+01
         vertex 2.710241e+01 2.209901e+01 1.032244e+01
         vertex 2.710241e+01 2.209901e+01 1.953234e+01
      endloop
   endfacet
   facet normal -2.126033e-01 9.771386e-01 0.000000e+00
      outer loop
         vertex 2.710241e+01 2.209901e+01 1.953234e+01
         vertex 2.710241e+01 2.209901e+01 1.032244e+01
         vertex 2.662952e+01 2.199612e+01 1.036329e+01
      endloop
   endfacet
   facet normal -2.125805e-01 9.771436e-01 -1.235402e-06
      outer loop
         vertex 2.710241e+01 2.209901e+01 1.953234e+01
         vertex 2.662952e+01 2.199612e+01 1.036329e+01
         vertex 2.663177e+01 2.199662e+01 1.949169e+01
      endloop
   endfacet
   facet normal -2.220750e-01 9.750296e-01 1.220954e-06
      outer loop
         vertex 2.663177e+01 2.199662e+01 1.949169e+01
         vertex 2.662952e+01 2.199612e+01 1.036329e+01
         vertex 2.615335e+01 2.188767e+01 1.040634e+01
      endloop
   endfacet
   facet normal -2.220529e-01 9.750346e-01 0.000000e+00
      outer loop
         vertex 2.663177e+01 2.199662e+01 1.949169e+01
         vertex 2.615335e+01 2.188767e+01 1.040634e+01
         vertex 2.615335e+01 2.188767e+01 1.944843e+01
      endloop
   endfacet
   facet normal -2.313584e-01 9.728686e-01 0.000000e+00
      outer loop
         vertex 2.615335e+01 2.188767e+01 1.944843e+01
         vertex 2.615335e+01 2.188767e+01 1.040634e+01
         vertex 2.567392e+01 2.177366e+01 1.045161e+01
      endloop
   endfacet
   facet normal -2.313340e-01 9.728744e-01 -1.372112e-06
      outer loop
         vertex 2.615335e+01 2.188767e+01 1.944843e+01
         vertex 2.567392e+01 2.177366e+01 1.045161e+01
         vertex 2.567644e+01 2.177427e+01 1.940341e+01
      endloop
   endfacet
   facet normal -2.404515e-01 9.706611e-01 1.345981e-06
      outer loop
         vertex 2.567644e+01 2.177427e+01 1.940341e+01
         vertex 2.567392e+01 2.177366e+01 1.045161e+01
         vertex 2.519122e+01 2.165408e+01 1.049908e+01
      endloop
   endfacet
   facet normal -2.404283e-01 9.706669e-01 0.000000e+00
      outer loop
         vertex 2.567644e+01 2.177427e+01 1.940341e+01
         vertex 2.519122e+01 2.165408e+01 1.049908e+01
         vertex 2.519122e+01 2.165408e+01 1.935569e+01
      endloop
   endfacet
   facet normal -2.493618e-01 9.684104e-01 0.000000e+00
      outer loop
         vertex 2.519122e+01 2.165408e+01 1.935569e+01
         vertex 2.519122e+01 2.165408e+01 1.049908e+01
         vertex 2.470524e+01 2.152894e+01 1.054876e+01
      endloop
   endfacet
   facet normal -2.493363e-01 9.684170e-01 -1.500148e-06
      outer loop
         vertex 2.519122e+01 2.165408e+01 1.935569e+01
         vertex 2.470524e+01 2.152894e+01 1.054876e+01
         vertex 2.470804e+01 2.152968e+01 1.930630e+01
      endloop
   endfacet
   facet normal -2.580901e-01 9.661208e-01 1.488780e-06
      outer loop
         vertex 2.470804e+01 2.152968e+01 1.930630e+01
         vertex 2.470524e+01 2.152894e+01 1.054876e+01
         vertex 2.421599e+01 2.139825e+01 1.060065e+01
      endloop
   endfacet
   facet normal -2.580655e-01 9.661274e-01 0.000000e+00
      outer loop
         vertex 2.470804e+01 2.152968e+01 1.930630e+01
         vertex 2.421599e+01 2.139825e+01 1.060065e+01
         vertex 2.421599e+01 2.139825e+01 1.925412e+01
      endloop
   endfacet
   facet normal -2.666447e-01 9.637949e-01 0.000000e+00
      outer loop
         vertex 2.421599e+01 2.139825e+01 1.925412e+01
         vertex 2.421599e+01 2.139825e+01 1.060065e+01
         vertex 2.372347e+01 2.126198e+01 1.065475e+01
      endloop
   endfacet
   facet normal -2.666186e-01 9.638021e-01 -1.612096e-06
      outer loop
         vertex 2.421599e+01 2.139825e+01 1.925412e+01
         vertex 2.372347e+01 2.126198e+01 1.065475e+01
         vertex 2.372656e+01 2.126285e+01 1.920037e+01
      endloop
   endfacet
   facet normal -2.750215e-01 9.614381e-01 1.658961e-06
      outer loop
         vertex 2.372656e+01 2.126285e+01 1.920037e+01
         vertex 2.372347e+01 2.126198e+01 1.065475e+01
         vertex 2.322768e+01 2.112016e+01 1.071105e+01
      endloop
   endfacet
   facet normal -2.749954e-01 9.614455e-01 0.000000e+00
      outer loop
         vertex 2.372656e+01 2.126285e+01 1.920037e+01
         vertex 2.322768e+01 2.112016e+01 1.071105e+01
         vertex 2.322768e+01 2.112016e+01 1.914372e+01
      endloop
   endfacet
   facet normal -2.832285e-01 9.590525e-01 0.000000e+00
      outer loop
         vertex 2.322768e+01 2.112016e+01 1.914372e+01
         vertex 2.322768e+01 2.112016e+01 1.071105e+01
         vertex 2.272862e+01 2.097278e+01 1.076957e+01
      endloop
   endfacet
   facet normal -2.832012e-01 9.590605e-01 -1.767760e-06
      outer loop
         vertex 2.322768e+01 2.112016e+01 1.914372e+01
         vertex 2.272862e+01 2.097278e+01 1.076957e+01
         vertex 2.273199e+01 2.097379e+01 1.908561e+01
      endloop
   endfacet
   facet normal -2.912687e-01 9.566413e-01 1.798886e-06
      outer loop
         vertex 2.273199e+01 2.097379e+01 1.908561e+01
         vertex 2.272862e+01 2.097278e+01 1.076957e+01
         vertex 2.222629e+01 2.081983e+01 1.083029e+01
      endloop
   endfacet
   facet normal -2.912418e-01 9.566495e-01 0.000000e+00
      outer loop
         vertex 2.273199e+01 2.097379e+01 1.908561e+01
         vertex 2.222629e+01 2.081983e+01 1.083029e+01
         vertex 2.222629e+01 2.081983e+01 1.902449e+01
      endloop
   endfacet
   facet normal -2.991452e-01 9.542076e-01 0.000000e+00
      outer loop
         vertex 2.222629e+01 2.081983e+01 1.902449e+01
         vertex 2.222629e+01 2.081983e+01 1.083029e+01
         vertex 2.172068e+01 2.066133e+01 1.089322e+01
      endloop
   endfacet
   facet normal -2.991162e-01 9.542167e-01 -1.975521e-06
      outer loop
         vertex 2.222629e+01 2.081983e+01 1.902449e+01
         vertex 2.172068e+01 2.066133e+01 1.089322e+01
         vertex 2.172435e+01 2.066249e+01 1.896202e+01
      endloop
   endfacet
   facet normal -3.068579e-01 9.517554e-01 1.901073e-06
      outer loop
         vertex 2.172435e+01 2.066249e+01 1.896202e+01
         vertex 2.172068e+01 2.066133e+01 1.089322e+01
         vertex 2.121181e+01 2.049726e+01 1.095835e+01
      endloop
   endfacet
   facet normal -3.068310e-01 9.517640e-01 0.000000e+00
      outer loop
         vertex 2.172435e+01 2.066249e+01 1.896202e+01
         vertex 2.121181e+01 2.049726e+01 1.095835e+01
         vertex 2.121181e+01 2.049726e+01 1.889642e+01
      endloop
   endfacet
   facet normal -3.144162e-01 9.492852e-01 0.000000e+00
      outer loop
         vertex 2.121181e+01 2.049726e+01 1.889642e+01
         vertex 2.121181e+01 2.049726e+01 1.095835e+01
         vertex 2.069966e+01 2.032763e+01 1.102570e+01
      endloop
   endfacet
   facet normal -3.181697e-01 9.480337e-01 2.712132e-04
      outer loop
         vertex 2.121181e+01 2.049726e+01 1.889642e+01
         vertex 2.069966e+01 2.032763e+01 1.102570e+01
         vertex 2.018424e+01 2.015244e+01 1.875952e+01
      endloop
   endfacet
   facet normal -3.218202e-01 9.468008e-01 0.000000e+00
      outer loop
         vertex 2.018424e+01 2.015244e+01 1.875952e+01
         vertex 2.069966e+01 2.032763e+01 1.102570e+01
         vertex 2.018424e+01 2.015244e+01 1.109525e+01
      endloop
   endfacet
   facet normal -3.290733e-01 9.443044e-01 0.000000e+00
      outer loop
         vertex 2.018424e+01 2.015244e+01 1.875952e+01
         vertex 2.018424e+01 2.015244e+01 1.109525e+01
         vertex 1.966555e+01 1.997168e+01 1.116701e+01
      endloop
   endfacet
   facet normal -4.619696e-01 5.643611e-01 6.841642e-01
      outer loop
         vertex 4.264806e+00 1.173678e+01 1.685700e+01
         vertex 4.160140e+00 1.175719e+01 1.676949e+01
         vertex 3.922499e+00 1.174087e+01 1.662249e+01
      endloop
   endfacet
   facet normal -4.562081e-03 5.639901e-01 8.257690e-01
      outer loop
         vertex 3.505504e+01 1.067591e+01 2.830724e+01
         vertex 3.505504e+01 1.680098e+01 2.412389e+01
         vertex 3.459130e+01 1.067640e+01 2.830435e+01
      endloop
   endfacet
   facet normal -1.079329e-02 5.642849e-01 8.255096e-01
      outer loop
         vertex 3.459130e+01 1.067640e+01 2.830435e+01
         vertex 3.505504e+01 1.680098e+01 2.412389e+01
         vertex 3.413707e+01 1.679538e+01 2.411572e+01
      endloop
   endfacet
   facet normal -1.405020e-02 5.640973e-01 8.255888e-01
      outer loop
         vertex 3.459130e+01 1.067640e+01 2.830435e+01
         vertex 3.413707e+01 1.679538e+01 2.411572e+01
         vertex 3.408832e+01 1.067801e+01 2.829468e+01
      endloop
   endfacet
   facet normal -2.388461e-02 5.640455e-01 8.253982e-01
      outer loop
         vertex 3.408832e+01 1.067801e+01 2.829468e+01
         vertex 3.413707e+01 1.679538e+01 2.411572e+01
         vertex 3.358533e+01 1.068076e+01 2.827825e+01
      endloop
   endfacet
   facet normal -3.209632e-02 5.644217e-01 8.248624e-01
      outer loop
         vertex 3.358533e+01 1.068076e+01 2.827825e+01
         vertex 3.413707e+01 1.679538e+01 2.411572e+01
         vertex 3.321138e+01 1.677857e+01 2.409120e+01
      endloop
   endfacet
   facet normal -3.366820e-02 5.643268e-01 8.248646e-01
      outer loop
         vertex 3.358533e+01 1.068076e+01 2.827825e+01
         vertex 3.321138e+01 1.677857e+01 2.409120e+01
         vertex 3.308232e+01 1.068462e+01 2.825508e+01
      endloop
   endfacet
   facet normal -4.341493e-02 5.642554e-01 8.244580e-01
      outer loop
         vertex 3.308232e+01 1.068462e+01 2.825508e+01
         vertex 3.321138e+01 1.677857e+01 2.409120e+01
         vertex 3.257930e+01 1.068960e+01 2.822518e+01
      endloop
   endfacet
   facet normal -5.300311e-02 5.646748e-01 8.236097e-01
      outer loop
         vertex 3.257930e+01 1.068960e+01 2.822518e+01
         vertex 3.321138e+01 1.677857e+01 2.409120e+01
         vertex 3.227798e+01 1.675055e+01 2.405035e+01
      endloop
   endfacet
   facet normal -5.308867e-02 5.646694e-01 8.236080e-01
      outer loop
         vertex 3.257930e+01 1.068960e+01 2.822518e+01
         vertex 3.227798e+01 1.675055e+01 2.405035e+01
         vertex 3.207626e+01 1.069568e+01 2.818859e+01
      endloop
   endfacet
   facet normal -6.273925e-02 5.645724e-01 8.229956e-01
      outer loop
         vertex 3.207626e+01 1.069568e+01 2.818859e+01
         vertex 3.227798e+01 1.675055e+01 2.405035e+01
         vertex 3.157318e+01 1.070284e+01 2.814533e+01
      endloop
   endfacet
   facet normal -7.350106e-02 5.650164e-01 8.217993e-01
      outer loop
         vertex 3.157318e+01 1.070284e+01 2.814533e+01
         vertex 3.227798e+01 1.675055e+01 2.405035e+01
         vertex 3.133686e+01 1.671132e+01 2.399315e+01
      endloop
   endfacet
   facet normal -7.228736e-02 5.650992e-01 8.218500e-01
      outer loop
         vertex 3.157318e+01 1.070284e+01 2.814533e+01
         vertex 3.133686e+01 1.671132e+01 2.399315e+01
         vertex 3.107007e+01 1.071106e+01 2.809542e+01
      endloop
   endfacet
   facet normal -1.916594e-01 5.674134e-01 8.008175e-01
      outer loop
         vertex 2.552816e+01 1.624056e+01 2.330674e+01
         vertex 2.548529e+01 1.086779e+01 2.710331e+01
         vertex 2.602283e+01 1.629520e+01 2.338641e+01
      endloop
   endfacet
   facet normal -1.735933e-01 5.681044e-01 8.044394e-01
      outer loop
         vertex 2.602283e+01 1.629520e+01 2.338641e+01
         vertex 2.548529e+01 1.086779e+01 2.710331e+01
         vertex 2.600460e+01 1.084867e+01 2.722888e+01
      endloop
   endfacet
   facet normal -1.828588e-01 5.671577e-01 8.030534e-01
      outer loop
         vertex 2.602283e+01 1.629520e+01 2.338641e+01
         vertex 2.600460e+01 1.084867e+01 2.722888e+01
         vertex 2.651557e+01 1.634704e+01 2.346200e+01
      endloop
   endfacet
   facet normal -1.645698e-01 5.678353e-01 8.065233e-01
      outer loop
         vertex 2.651557e+01 1.634704e+01 2.346200e+01
         vertex 2.600460e+01 1.084867e+01 2.722888e+01
         vertex 2.652419e+01 1.083038e+01 2.734778e+01
      endloop
   endfacet
   facet normal -1.739424e-01 5.668986e-01 8.052143e-01
      outer loop
         vertex 2.651557e+01 1.634704e+01 2.346200e+01
         vertex 2.652419e+01 1.083038e+01 2.734778e+01
         vertex 2.700637e+01 1.639608e+01 2.353350e+01
      endloop
   endfacet
   facet normal -1.554487e-01 5.675632e-01 8.085219e-01
      outer loop
         vertex 2.700637e+01 1.639608e+01 2.353350e+01
         vertex 2.652419e+01 1.083038e+01 2.734778e+01
         vertex 2.704409e+01 1.081295e+01 2.745997e+01
      endloop
   endfacet
   facet normal -1.649136e-01 5.666368e-01 8.072956e-01
      outer loop
         vertex 2.700637e+01 1.639608e+01 2.353350e+01
         vertex 2.704409e+01 1.081295e+01 2.745997e+01
         vertex 2.749525e+01 1.644231e+01 2.360091e+01
      endloop
   endfacet
   facet normal -1.462326e-01 5.672892e-01 8.104313e-01
      outer loop
         vertex 2.749525e+01 1.644231e+01 2.360091e+01
         vertex 2.704409e+01 1.081295e+01 2.745997e+01
         vertex 2.756431e+01 1.079641e+01 2.756542e+01
      endloop
   endfacet
   facet normal -1.557685e-01 5.663739e-01 8.092940e-01
      outer loop
         vertex 2.749525e+01 1.644231e+01 2.360091e+01
         vertex 2.756431e+01 1.079641e+01 2.756542e+01
         vertex 2.798220e+01 1.648575e+01 2.366424e+01
      endloop
   endfacet
   facet normal -1.369223e-01 5.670150e-01 8.122477e-01
      outer loop
         vertex 2.798220e+01 1.648575e+01 2.366424e+01
         vertex 2.756431e+01 1.079641e+01 2.756542e+01
         vertex 2.808488e+01 1.078081e+01 2.766406e+01
      endloop
   endfacet
   facet normal -1.465084e-01 5.661113e-01 8.112048e-01
      outer loop
         vertex 2.798220e+01 1.648575e+01 2.366424e+01
         vertex 2.808488e+01 1.078081e+01 2.766406e+01
         vertex 2.846723e+01 1.652638e+01 2.372348e+01
      endloop
   endfacet
   facet normal -1.279954e-01 5.667288e-01 8.139015e-01
      outer loop
         vertex 2.846723e+01 1.652638e+01 2.372348e+01
         vertex 2.808488e+01 1.078081e+01 2.766406e+01
         vertex 2.855374e+01 1.076759e+01 2.774700e+01
      endloop
   endfacet
   facet normal -1.371382e-01 5.659361e-01 8.129634e-01
      outer loop
         vertex 2.846723e+01 1.652638e+01 2.372348e+01
         vertex 2.855374e+01 1.076759e+01 2.774700e+01
         vertex 2.895032e+01 1.656421e+01 2.377864e+01
      endloop
   endfacet
   facet normal -1.191559e-01 5.664152e-01 8.154604e-01
      outer loop
         vertex 2.895032e+01 1.656421e+01 2.377864e+01
         vertex 2.855374e+01 1.076759e+01 2.774700e+01
         vertex 2.905713e+01 1.075431e+01 2.782978e+01
      endloop
   endfacet
   facet normal -1.276504e-01 5.657058e-01 8.146670e-01
      outer loop
         vertex 2.895032e+01 1.656421e+01 2.377864e+01
         vertex 2.905713e+01 1.075431e+01 2.782978e+01
         vertex 2.943149e+01 1.659923e+01 2.382972e+01
      endloop
   endfacet
   facet normal -1.099224e-01 5.661338e-01 8.169514e-01
      outer loop
         vertex 2.943149e+01 1.659923e+01 2.382972e+01
         vertex 2.905713e+01 1.075431e+01 2.782978e+01
         vertex 2.956045e+01 1.074199e+01 2.790604e+01
      endloop
   endfacet
   facet normal -1.180535e-01 5.654801e-01 8.162694e-01
      outer loop
         vertex 2.943149e+01 1.659923e+01 2.382972e+01
         vertex 2.956045e+01 1.074199e+01 2.790604e+01
         vertex 2.991072e+01 1.663146e+01 2.387670e+01
      endloop
   endfacet
   facet normal -1.006153e-01 5.658594e-01 8.183396e-01
      outer loop
         vertex 2.991072e+01 1.663146e+01 2.387670e+01
         vertex 2.956045e+01 1.074199e+01 2.790604e+01
         vertex 3.006371e+01 1.073066e+01 2.797575e+01
      endloop
   endfacet
   facet normal -1.083447e-01 5.652607e-01 8.177663e-01
      outer loop
         vertex 2.991072e+01 1.663146e+01 2.387670e+01
         vertex 3.006371e+01 1.073066e+01 2.797575e+01
         vertex 3.038803e+01 1.666088e+01 2.391960e+01
      endloop
   endfacet
   facet normal -9.123902e-02 5.655939e-01 8.196212e-01
      outer loop
         vertex 3.038803e+01 1.666088e+01 2.391960e+01
         vertex 3.006371e+01 1.073066e+01 2.797575e+01
         vertex 3.056691e+01 1.072035e+01 2.803888e+01
      endloop
   endfacet
   facet normal -9.357477e-02 5.654228e-01 8.194759e-01
      outer loop
         vertex 3.038803e+01 1.666088e+01 2.391960e+01
         vertex 3.056691e+01 1.072035e+01 2.803888e+01
         vertex 3.133686e+01 1.671132e+01 2.399315e+01
      endloop
   endfacet
   facet normal -8.223426e-02 5.649883e-01 8.209907e-01
      outer loop
         vertex 3.133686e+01 1.671132e+01 2.399315e+01
         vertex 3.056691e+01 1.072035e+01 2.803888e+01
         vertex 3.102720e+01 1.071181e+01 2.809086e+01
      endloop
   endfacet
   facet normal -7.748083e-02 5.650362e-01 8.214200e-01
      outer loop
         vertex 3.133686e+01 1.671132e+01 2.399315e+01
         vertex 3.102720e+01 1.071181e+01 2.809086e+01
         vertex 3.107007e+01 1.071106e+01 2.809542e+01
      endloop
   endfacet
   facet normal -2.657276e-01 5.693273e-01 7.779816e-01
      outer loop
         vertex 2.098939e+01 1.562270e+01 2.240582e+01
         vertex 2.086978e+01 1.106751e+01 2.569846e+01
         vertex 2.150142e+01 1.570256e+01 2.252227e+01
      endloop
   endfacet
   facet normal -2.492190e-01 5.703156e-01 7.827068e-01
      outer loop
         vertex 2.150142e+01 1.570256e+01 2.252227e+01
         vertex 2.086978e+01 1.106751e+01 2.569846e+01
         vertex 2.142091e+01 1.104140e+01 2.589296e+01
      endloop
   endfacet
   facet normal -2.579516e-01 5.690728e-01 7.807798e-01
      outer loop
         vertex 2.150142e+01 1.570256e+01 2.252227e+01
         vertex 2.142091e+01 1.104140e+01 2.589296e+01
         vertex 2.201151e+01 1.577961e+01 2.263463e+01
      endloop
   endfacet
   facet normal -2.405527e-01 5.701656e-01 7.855225e-01
      outer loop
         vertex 2.201151e+01 1.577961e+01 2.263463e+01
         vertex 2.142091e+01 1.104140e+01 2.589296e+01
         vertex 2.197246e+01 1.101577e+01 2.608047e+01
      endloop
   endfacet
   facet normal -2.500620e-01 5.688064e-01 7.835357e-01
      outer loop
         vertex 2.201151e+01 1.577961e+01 2.263463e+01
         vertex 2.197246e+01 1.101577e+01 2.608047e+01
         vertex 2.251967e+01 1.585387e+01 2.274290e+01
      endloop
   endfacet
   facet normal -2.329914e-01 5.699325e-01 7.879670e-01
      outer loop
         vertex 2.251967e+01 1.585387e+01 2.274290e+01
         vertex 2.197246e+01 1.101577e+01 2.608047e+01
         vertex 2.237426e+01 1.099743e+01 2.621254e+01
      endloop
   endfacet
   facet normal -2.420600e-01 5.688224e-01 7.860331e-01
      outer loop
         vertex 2.251967e+01 1.585387e+01 2.274290e+01
         vertex 2.237426e+01 1.099743e+01 2.621254e+01
         vertex 2.302591e+01 1.592532e+01 2.284709e+01
      endloop
   endfacet
   facet normal -2.256385e-01 5.695965e-01 7.903462e-01
      outer loop
         vertex 2.302591e+01 1.592532e+01 2.284709e+01
         vertex 2.237426e+01 1.099743e+01 2.621254e+01
         vertex 2.289229e+01 1.097426e+01 2.637713e+01
      endloop
   endfacet
   facet normal -2.339443e-01 5.686061e-01 7.886426e-01
      outer loop
         vertex 2.302591e+01 1.592532e+01 2.284709e+01
         vertex 2.289229e+01 1.097426e+01 2.637713e+01
         vertex 2.353022e+01 1.599398e+01 2.294719e+01
      endloop
   endfacet
   facet normal -2.172196e-01 5.693667e-01 7.928664e-01
      outer loop
         vertex 2.353022e+01 1.599398e+01 2.294719e+01
         vertex 2.289229e+01 1.097426e+01 2.637713e+01
         vertex 2.341049e+01 1.095166e+01 2.653533e+01
      endloop
   endfacet
   facet normal -2.257160e-01 5.683814e-01 7.911984e-01
      outer loop
         vertex 2.353022e+01 1.599398e+01 2.294719e+01
         vertex 2.341049e+01 1.095166e+01 2.653533e+01
         vertex 2.403260e+01 1.605983e+01 2.304320e+01
      endloop
   endfacet
   facet normal -2.086974e-01 5.691284e-01 7.953228e-01
      outer loop
         vertex 2.403260e+01 1.605983e+01 2.304320e+01
         vertex 2.341049e+01 1.095166e+01 2.653533e+01
         vertex 2.392886e+01 1.092967e+01 2.668709e+01
      endloop
   endfacet
   facet normal -2.173737e-01 5.681492e-01 7.936972e-01
      outer loop
         vertex 2.403260e+01 1.605983e+01 2.304320e+01
         vertex 2.392886e+01 1.092967e+01 2.668709e+01
         vertex 2.453305e+01 1.612287e+01 2.313513e+01
      endloop
   endfacet
   facet normal -2.000737e-01 5.688821e-01 7.977115e-01
      outer loop
         vertex 2.453305e+01 1.612287e+01 2.313513e+01
         vertex 2.392886e+01 1.092967e+01 2.668709e+01
         vertex 2.444744e+01 1.090833e+01 2.683238e+01
      endloop
   endfacet
   facet normal -2.089172e-01 5.679100e-01 7.961356e-01
      outer loop
         vertex 2.453305e+01 1.612287e+01 2.313513e+01
         vertex 2.444744e+01 1.090833e+01 2.683238e+01
         vertex 2.503157e+01 1.618312e+01 2.322298e+01
      endloop
   endfacet
   facet normal -1.943019e-01 5.685210e-01 7.993939e-01
      outer loop
         vertex 2.503157e+01 1.618312e+01 2.322298e+01
         vertex 2.444744e+01 1.090833e+01 2.683238e+01
         vertex 2.462124e+01 1.090133e+01 2.687959e+01
      endloop
   endfacet
   facet normal -2.003442e-01 5.681432e-01 7.981701e-01
      outer loop
         vertex 2.503157e+01 1.618312e+01 2.322298e+01
         vertex 2.462124e+01 1.090133e+01 2.687959e+01
         vertex 2.552816e+01 1.624056e+01 2.330674e+01
      endloop
   endfacet
   facet normal -1.899802e-01 5.680975e-01 8.007326e-01
      outer loop
         vertex 2.552816e+01 1.624056e+01 2.330674e+01
         vertex 2.462124e+01 1.090133e+01 2.687959e+01
         vertex 2.496624e+01 1.088769e+01 2.697113e+01
      endloop
   endfacet
   facet normal -1.825204e-01 5.683692e-01 8.022735e-01
      outer loop
         vertex 2.552816e+01 1.624056e+01 2.330674e+01
         vertex 2.496624e+01 1.088769e+01 2.697113e+01
         vertex 2.548529e+01 1.086779e+01 2.710331e+01
      endloop
   endfacet
   facet normal -2.661833e-01 5.705862e-01 7.769027e-01
      outer loop
         vertex 2.031902e+01 1.109402e+01 2.549702e+01
         vertex 2.047544e+01 1.554003e+01 2.228529e+01
         vertex 1.976861e+01 1.112088e+01 2.528871e+01
      endloop
   endfacet
   facet normal -2.809466e-01 5.697982e-01 7.722688e-01
      outer loop
         vertex 1.976861e+01 1.112088e+01 2.528871e+01
         vertex 2.047544e+01 1.554003e+01 2.228529e+01
         vertex 1.995956e+01 1.545457e+01 2.216068e+01
      endloop
   endfacet
   facet normal -2.744799e-01 5.707064e-01 7.739218e-01
      outer loop
         vertex 1.976861e+01 1.112088e+01 2.528871e+01
         vertex 1.995956e+01 1.545457e+01 2.216068e+01
         vertex 1.921850e+01 1.114802e+01 2.507359e+01
      endloop
   endfacet
   facet normal -2.883906e-01 5.700144e-01 7.693598e-01
      outer loop
         vertex 1.921850e+01 1.114802e+01 2.507359e+01
         vertex 1.995956e+01 1.545457e+01 2.216068e+01
         vertex 1.944175e+01 1.536630e+01 2.203197e+01
      endloop
   endfacet
   facet normal -2.826542e-01 5.708161e-01 7.708927e-01
      outer loop
         vertex 1.921850e+01 1.114802e+01 2.507359e+01
         vertex 1.944175e+01 1.536630e+01 2.203197e+01
         vertex 1.866866e+01 1.117537e+01 2.485173e+01
      endloop
   endfacet
   facet normal -2.986358e-01 5.710040e-01 7.647033e-01
      outer loop
         vertex 1.811906e+01 1.120289e+01 2.462319e+01
         vertex 1.840035e+01 1.518136e+01 2.176231e+01
         vertex 1.756966e+01 1.123048e+01 2.438803e+01
      endloop
   endfacet
   facet normal -3.100741e-01 5.705839e-01 7.604525e-01
      outer loop
         vertex 1.756966e+01 1.123048e+01 2.438803e+01
         vertex 1.840035e+01 1.518136e+01 2.176231e+01
         vertex 1.787676e+01 1.508469e+01 2.162135e+01
      endloop
   endfacet
   facet normal -3.064440e-01 5.710820e-01 7.615494e-01
      outer loop
         vertex 1.756966e+01 1.123048e+01 2.438803e+01
         vertex 1.787676e+01 1.508469e+01 2.162135e+01
         vertex 1.702042e+01 1.125810e+01 2.414631e+01
      endloop
   endfacet
   facet normal -3.170883e-01 5.707471e-01 7.574317e-01
      outer loop
         vertex 1.702042e+01 1.125810e+01 2.414631e+01
         vertex 1.787676e+01 1.508469e+01 2.162135e+01
         vertex 1.735124e+01 1.498522e+01 2.147631e+01
      endloop
   endfacet
   facet normal -3.131437e-01 5.712826e-01 7.586680e-01
      outer loop
         vertex 1.702042e+01 1.125810e+01 2.414631e+01
         vertex 1.735124e+01 1.498522e+01 2.147631e+01
         vertex 1.660674e+01 1.127887e+01 2.395991e+01
      endloop
   endfacet
   facet normal -3.281319e-01 5.713164e-01 7.522812e-01
      outer loop
         vertex 1.629441e+01 1.477786e+01 2.117396e+01
         vertex 1.542613e+01 1.133777e+01 2.340779e+01
         vertex 1.601627e+01 1.130843e+01 2.368749e+01
      endloop
   endfacet
   facet normal -3.375047e-01 5.710928e-01 7.482938e-01
      outer loop
         vertex 1.629441e+01 1.477786e+01 2.117396e+01
         vertex 1.576310e+01 1.466998e+01 2.101666e+01
         vertex 1.542613e+01 1.133777e+01 2.340779e+01
      endloop
   endfacet
   facet normal -3.441268e-01 5.701252e-01 7.460121e-01
      outer loop
         vertex 1.542613e+01 1.133777e+01 2.340779e+01
         vertex 1.576310e+01 1.466998e+01 2.101666e+01
         vertex 1.522986e+01 1.455930e+01 2.085527e+01
      endloop
   endfacet
   facet normal -3.356795e-01 5.723420e-01 7.481604e-01
      outer loop
         vertex 1.542613e+01 1.133777e+01 2.340779e+01
         vertex 1.522986e+01 1.455930e+01 2.085527e+01
         vertex 1.483625e+01 1.136681e+01 2.312092e+01
      endloop
   endfacet
   facet normal -3.668602e-01 5.719842e-01 7.336537e-01
      outer loop
         vertex 1.257945e+01 1.147365e+01 2.195763e+01
         vertex 1.282411e+01 1.146249e+01 2.208867e+01
         vertex 1.415761e+01 1.432952e+01 2.052024e+01
      endloop
   endfacet
   facet normal -3.639863e-01 5.715953e-01 7.353861e-01
      outer loop
         vertex 1.415761e+01 1.432952e+01 2.052024e+01
         vertex 1.282411e+01 1.146249e+01 2.208867e+01
         vertex 1.306772e+01 1.145126e+01 2.221798e+01
      endloop
   endfacet
   facet normal -3.588984e-01 5.712836e-01 7.381240e-01
      outer loop
         vertex 1.415761e+01 1.432952e+01 2.052024e+01
         vertex 1.306772e+01 1.145126e+01 2.221798e+01
         vertex 1.365710e+01 1.142364e+01 2.252593e+01
      endloop
   endfacet
   facet normal -3.734267e-01 5.713115e-01 7.308596e-01
      outer loop
         vertex 1.247841e+01 1.147823e+01 2.190317e+01
         vertex 1.307763e+01 1.408854e+01 2.016886e+01
         vertex 1.188912e+01 1.150446e+01 2.158157e+01
      endloop
   endfacet
   facet normal -3.786219e-01 5.719590e-01 7.276732e-01
      outer loop
         vertex 1.188912e+01 1.150446e+01 2.158157e+01
         vertex 1.307763e+01 1.408854e+01 2.016886e+01
         vertex 1.198995e+01 1.383635e+01 1.980114e+01
      endloop
   endfacet
   facet normal -3.796264e-01 5.717364e-01 7.273248e-01
      outer loop
         vertex 1.188912e+01 1.150446e+01 2.158157e+01
         vertex 1.198995e+01 1.383635e+01 1.980114e+01
         vertex 1.141889e+01 1.152480e+01 2.132015e+01
      endloop
   endfacet
   facet normal -3.863164e-01 5.712967e-01 7.241407e-01
      outer loop
         vertex 1.141889e+01 1.152480e+01 2.132015e+01
         vertex 1.198995e+01 1.383635e+01 1.980114e+01
         vertex 1.078212e+01 1.155142e+01 2.095944e+01
      endloop
   endfacet
   facet normal -3.904588e-01 5.720542e-01 7.213154e-01
      outer loop
         vertex 1.078212e+01 1.155142e+01 2.095944e+01
         vertex 1.198995e+01 1.383635e+01 1.980114e+01
         vertex 1.089455e+01 1.357295e+01 1.941708e+01
      endloop
   endfacet
   facet normal -3.914906e-01 5.718240e-01 7.209385e-01
      outer loop
         vertex 1.078212e+01 1.155142e+01 2.095944e+01
         vertex 1.089455e+01 1.357295e+01 1.941708e+01
         vertex 1.049221e+01 1.156316e+01 2.079270e+01
      endloop
   endfacet
   facet normal -4.019341e-01 5.719297e-01 7.150842e-01
      outer loop
         vertex 9.791430e+00 1.329835e+01 1.901667e+01
         vertex 9.964283e+00 1.158388e+01 2.048507e+01
         vertex 1.089455e+01 1.357295e+01 1.941708e+01
      endloop
   endfacet
   facet normal -3.982491e-01 5.714969e-01 7.174879e-01
      outer loop
         vertex 1.089455e+01 1.357295e+01 1.941708e+01
         vertex 9.964283e+00 1.158388e+01 2.048507e+01
         vertex 1.014549e+01 1.157686e+01 2.059124e+01
      endloop
   endfacet
   facet normal -3.952959e-01 5.713956e-01 7.191997e-01
      outer loop
         vertex 1.089455e+01 1.357295e+01 1.941708e+01
         vertex 1.014549e+01 1.157686e+01 2.059124e+01
         vertex 1.049221e+01 1.156316e+01 2.079270e+01
      endloop
   endfacet
   facet normal -4.130437e-01 5.720454e-01 7.086317e-01
      outer loop
         vertex 8.680600e+00 1.301253e+01 1.859992e+01
         vertex 8.872404e+00 1.162380e+01 1.983278e+01
         vertex 9.791430e+00 1.329835e+01 1.901667e+01
      endloop
   endfacet
   facet normal -4.080221e-01 5.710815e-01 7.123089e-01
      outer loop
         vertex 9.791430e+00 1.329835e+01 1.901667e+01
         vertex 8.872404e+00 1.162380e+01 1.983278e+01
         vertex 9.508935e+00 1.160103e+01 2.021565e+01
      endloop
   endfacet
   facet normal -4.016148e-01 5.720400e-01 7.151754e-01
      outer loop
         vertex 9.791430e+00 1.329835e+01 1.901667e+01
         vertex 9.508935e+00 1.160103e+01 2.021565e+01
         vertex 9.964283e+00 1.158388e+01 2.048507e+01
      endloop
   endfacet
   facet normal -4.296889e-01 5.709815e-01 6.995338e-01
      outer loop
         vertex 6.962337e+00 1.168262e+01 1.864152e+01
         vertex 7.335979e+00 1.167232e+01 1.887944e+01
         vertex 7.562057e+00 1.271551e+01 1.816683e+01
      endloop
   endfacet
   facet normal -4.262403e-01 5.714259e-01 7.012786e-01
      outer loop
         vertex 7.562057e+00 1.271551e+01 1.816683e+01
         vertex 7.335979e+00 1.167232e+01 1.887944e+01
         vertex 7.599165e+00 1.166470e+01 1.904561e+01
      endloop
   endfacet
   facet normal -4.238020e-01 5.722117e-01 7.021151e-01
      outer loop
         vertex 7.562057e+00 1.271551e+01 1.816683e+01
         vertex 7.599165e+00 1.166470e+01 1.904561e+01
         vertex 8.680600e+00 1.301253e+01 1.859992e+01
      endloop
   endfacet
   facet normal -4.216451e-01 5.711857e-01 7.042459e-01
      outer loop
         vertex 8.680600e+00 1.301253e+01 1.859992e+01
         vertex 7.599165e+00 1.166470e+01 1.904561e+01
         vertex 8.235834e+00 1.164506e+01 1.944273e+01
      endloop
   endfacet
   facet normal -4.148169e-01 5.713669e-01 7.081433e-01
      outer loop
         vertex 8.680600e+00 1.301253e+01 1.859992e+01
         vertex 8.235834e+00 1.164506e+01 1.944273e+01
         vertex 8.872404e+00 1.162380e+01 1.983278e+01
      endloop
   endfacet
   facet normal -4.503336e-01 5.703014e-01 6.869905e-01
      outer loop
         vertex 4.877453e+00 1.172780e+01 1.727231e+01
         vertex 5.292458e+00 1.172057e+01 1.755036e+01
         vertex 5.301827e+00 1.208783e+01 1.725161e+01
      endloop
   endfacet
   facet normal -4.443246e-01 5.721065e-01 6.893981e-01
      outer loop
         vertex 5.301827e+00 1.208783e+01 1.725161e+01
         vertex 5.292458e+00 1.172057e+01 1.755036e+01
         vertex 5.977838e+00 1.170665e+01 1.800364e+01
      endloop
   endfacet
   facet normal -4.443315e-01 5.720986e-01 6.894003e-01
      outer loop
         vertex 5.301827e+00 1.208783e+01 1.725161e+01
         vertex 5.977838e+00 1.170665e+01 1.800364e+01
         vertex 6.435799e+00 1.240728e+01 1.771739e+01
      endloop
   endfacet
   facet normal -4.399920e-01 5.708259e-01 6.932278e-01
      outer loop
         vertex 6.435799e+00 1.240728e+01 1.771739e+01
         vertex 5.977838e+00 1.170665e+01 1.800364e+01
         vertex 6.282274e+00 1.169972e+01 1.820258e+01
      endloop
   endfacet
   facet normal -4.342543e-01 5.716129e-01 6.961910e-01
      outer loop
         vertex 6.435799e+00 1.240728e+01 1.771739e+01
         vertex 6.282274e+00 1.169972e+01 1.820258e+01
         vertex 7.562057e+00 1.271551e+01 1.816683e+01
      endloop
   endfacet
   facet normal -4.356227e-01 5.732592e-01 6.939789e-01
      outer loop
         vertex 7.562057e+00 1.271551e+01 1.816683e+01
         vertex 6.282274e+00 1.169972e+01 1.820258e+01
         vertex 6.663295e+00 1.169040e+01 1.844944e+01
      endloop
   endfacet
   facet normal -4.328403e-01 5.716612e-01 6.970314e-01
      outer loop
         vertex 7.562057e+00 1.271551e+01 1.816683e+01
         vertex 6.663295e+00 1.169040e+01 1.844944e+01
         vertex 6.962337e+00 1.168262e+01 1.864152e+01
      endloop
   endfacet
   facet normal -4.537654e-01 5.786535e-01 6.776851e-01
      outer loop
         vertex 4.160140e+00 1.175719e+01 1.676949e+01
         vertex 4.264806e+00 1.173678e+01 1.685700e+01
         vertex 5.301827e+00 1.208783e+01 1.725161e+01
      endloop
   endfacet
   facet normal -4.537462e-01 5.769856e-01 6.791185e-01
      outer loop
         vertex 5.301827e+00 1.208783e+01 1.725161e+01
         vertex 4.264806e+00 1.173678e+01 1.685700e+01
         vertex 4.607088e+00 1.173202e+01 1.708974e+01
      endloop
   endfacet
   facet normal -4.525917e-01 5.727598e-01 6.834522e-01
      outer loop
         vertex 5.301827e+00 1.208783e+01 1.725161e+01
         vertex 4.607088e+00 1.173202e+01 1.708974e+01
         vertex 4.877453e+00 1.172780e+01 1.727231e+01
      endloop
   endfacet
   facet normal -4.742314e-01 5.737120e-01 6.678017e-01
      outer loop
         vertex 2.210508e+00 1.175082e+01 1.542398e+01
         vertex 2.381693e+00 1.175065e+01 1.554569e+01
         vertex 3.200507e+00 1.231051e+01 1.564618e+01
      endloop
   endfacet
   facet normal -4.733925e-01 5.721362e-01 6.697461e-01
      outer loop
         vertex 3.200507e+00 1.231051e+01 1.564618e+01
         vertex 2.381693e+00 1.175065e+01 1.554569e+01
         vertex 2.552860e+00 1.175028e+01 1.566699e+01
      endloop
   endfacet
   facet normal -4.654354e-01 5.712737e-01 6.760298e-01
      outer loop
         vertex 3.580159e+00 1.174428e+01 1.638621e+01
         vertex 4.424354e+00 1.298903e+01 1.591556e+01
         vertex 3.237778e+00 1.174700e+01 1.614819e+01
      endloop
   endfacet
   facet normal -4.655358e-01 5.713452e-01 6.759002e-01
      outer loop
         vertex 3.237778e+00 1.174700e+01 1.614819e+01
         vertex 4.424354e+00 1.298903e+01 1.591556e+01
         vertex 3.200507e+00 1.231051e+01 1.564618e+01
      endloop
   endfacet
   facet normal -4.690027e-01 5.699952e-01 6.746421e-01
      outer loop
         vertex 3.237778e+00 1.174700e+01 1.614819e+01
         vertex 3.200507e+00 1.231051e+01 1.564618e+01
         vertex 2.895348e+00 1.174901e+01 1.590845e+01
      endloop
   endfacet
   facet normal -4.718411e-01 5.704370e-01 6.722854e-01
      outer loop
         vertex 2.895348e+00 1.174901e+01 1.590845e+01
         vertex 3.200507e+00 1.231051e+01 1.564618e+01
         vertex 2.552860e+00 1.175028e+01 1.566699e+01
      endloop
   endfacet
   facet normal -3.035022e-01 5.706630e-01 7.630401e-01
      outer loop
         vertex 1.981506e+01 1.776008e+01 2.039603e+01
         vertex 1.877419e+01 1.748417e+01 2.018837e+01
         vertex 1.892202e+01 1.527523e+01 2.189919e+01
      endloop
   endfacet
   facet normal -3.311437e-01 5.711374e-01 7.510965e-01
      outer loop
         vertex 1.772293e+01 1.719153e+01 1.996812e+01
         vertex 1.666126e+01 1.688218e+01 1.973529e+01
         vertex 1.682379e+01 1.488294e+01 2.132718e+01
      endloop
   endfacet
   facet normal -3.029536e-01 5.704074e-01 7.634491e-01
      outer loop
         vertex 1.811906e+01 1.120289e+01 2.462319e+01
         vertex 1.892202e+01 1.527523e+01 2.189919e+01
         vertex 1.840035e+01 1.518136e+01 2.176231e+01
      endloop
   endfacet
   facet normal -3.029479e-01 5.707945e-01 7.631620e-01
      outer loop
         vertex 1.840035e+01 1.518136e+01 2.176231e+01
         vertex 1.892202e+01 1.527523e+01 2.189919e+01
         vertex 1.877419e+01 1.748417e+01 2.018837e+01
      endloop
   endfacet
   facet normal -3.100791e-01 5.702633e-01 7.606910e-01
      outer loop
         vertex 1.840035e+01 1.518136e+01 2.176231e+01
         vertex 1.877419e+01 1.748417e+01 2.018837e+01
         vertex 1.787676e+01 1.508469e+01 2.162135e+01
      endloop
   endfacet
   facet normal -3.175415e-01 5.709176e-01 7.571132e-01
      outer loop
         vertex 1.787676e+01 1.508469e+01 2.162135e+01
         vertex 1.877419e+01 1.748417e+01 2.018837e+01
         vertex 1.772293e+01 1.719153e+01 1.996812e+01
      endloop
   endfacet
   facet normal -3.170835e-01 5.710333e-01 7.572180e-01
      outer loop
         vertex 1.787676e+01 1.508469e+01 2.162135e+01
         vertex 1.772293e+01 1.719153e+01 1.996812e+01
         vertex 1.735124e+01 1.498522e+01 2.147631e+01
      endloop
   endfacet
   facet normal -3.240044e-01 5.704792e-01 7.547017e-01
      outer loop
         vertex 1.735124e+01 1.498522e+01 2.147631e+01
         vertex 1.772293e+01 1.719153e+01 1.996812e+01
         vertex 1.682379e+01 1.488294e+01 2.132718e+01
      endloop
   endfacet
   facet normal -3.240006e-01 5.706966e-01 7.545390e-01
      outer loop
         vertex 1.735124e+01 1.498522e+01 2.147631e+01
         vertex 1.682379e+01 1.488294e+01 2.132718e+01
         vertex 1.660674e+01 1.127887e+01 2.395991e+01
      endloop
   endfacet
   facet normal -3.511349e-01 5.720888e-01 7.412279e-01
      outer loop
         vertex 1.365710e+01 1.142364e+01 2.252593e+01
         vertex 1.424659e+01 1.139546e+01 2.282694e+01
         vertex 1.415761e+01 1.432952e+01 2.052024e+01
      endloop
   endfacet
   facet normal -3.570216e-01 5.706001e-01 7.395614e-01
      outer loop
         vertex 1.415761e+01 1.432952e+01 2.052024e+01
         vertex 1.424659e+01 1.139546e+01 2.282694e+01
         vertex 1.469470e+01 1.444581e+01 2.068980e+01
      endloop
   endfacet
   facet normal -3.570002e-01 5.715018e-01 7.388752e-01
      outer loop
         vertex 1.415761e+01 1.432952e+01 2.052024e+01
         vertex 1.469470e+01 1.444581e+01 2.068980e+01
         vertex 1.450675e+01 1.621330e+01 1.923188e+01
      endloop
   endfacet
   facet normal -3.570841e-01 5.714760e-01 7.388546e-01
      outer loop
         vertex 1.450675e+01 1.621330e+01 1.923188e+01
         vertex 1.469470e+01 1.444581e+01 2.068980e+01
         vertex 1.558921e+01 1.655610e+01 1.948988e+01
      endloop
   endfacet
   facet normal -3.434773e-01 5.722168e-01 7.447088e-01
      outer loop
         vertex 1.424659e+01 1.139546e+01 2.282694e+01
         vertex 1.483625e+01 1.136681e+01 2.312092e+01
         vertex 1.469470e+01 1.444581e+01 2.068980e+01
      endloop
   endfacet
   facet normal -3.506233e-01 5.703734e-01 7.427903e-01
      outer loop
         vertex 1.469470e+01 1.444581e+01 2.068980e+01
         vertex 1.483625e+01 1.136681e+01 2.312092e+01
         vertex 1.522986e+01 1.455930e+01 2.085527e+01
      endloop
   endfacet
   facet normal -3.506140e-01 5.707912e-01 7.424737e-01
      outer loop
         vertex 1.469470e+01 1.444581e+01 2.068980e+01
         vertex 1.522986e+01 1.455930e+01 2.085527e+01
         vertex 1.558921e+01 1.655610e+01 1.948988e+01
      endloop
   endfacet
   facet normal -3.441000e-01 5.713866e-01 7.450587e-01
      outer loop
         vertex 1.558921e+01 1.655610e+01 1.948988e+01
         vertex 1.522986e+01 1.455930e+01 2.085527e+01
         vertex 1.576310e+01 1.466998e+01 2.101666e+01
      endloop
   endfacet
   facet normal -3.443209e-01 5.713231e-01 7.450054e-01
      outer loop
         vertex 1.558921e+01 1.655610e+01 1.948988e+01
         vertex 1.576310e+01 1.466998e+01 2.101666e+01
         vertex 1.666126e+01 1.688218e+01 1.973529e+01
      endloop
   endfacet
   facet normal -3.375135e-01 5.706551e-01 7.486237e-01
      outer loop
         vertex 1.666126e+01 1.688218e+01 1.973529e+01
         vertex 1.576310e+01 1.466998e+01 2.101666e+01
         vertex 1.629441e+01 1.477786e+01 2.117396e+01
      endloop
   endfacet
   facet normal -3.307971e-01 5.712307e-01 7.511783e-01
      outer loop
         vertex 1.666126e+01 1.688218e+01 1.973529e+01
         vertex 1.629441e+01 1.477786e+01 2.117396e+01
         vertex 1.682379e+01 1.488294e+01 2.132718e+01
      endloop
   endfacet
   facet normal -3.308032e-01 5.709075e-01 7.514212e-01
      outer loop
         vertex 1.682379e+01 1.488294e+01 2.132718e+01
         vertex 1.629441e+01 1.477786e+01 2.117396e+01
         vertex 1.601627e+01 1.130843e+01 2.368749e+01
      endloop
   endfacet
   facet normal -3.200818e-01 5.713310e-01 7.557305e-01
      outer loop
         vertex 1.682379e+01 1.488294e+01 2.132718e+01
         vertex 1.601627e+01 1.130843e+01 2.368749e+01
         vertex 1.660674e+01 1.127887e+01 2.395991e+01
      endloop
   endfacet
   facet normal -4.626956e-01 5.704028e-01 6.786409e-01
      outer loop
         vertex 3.580159e+00 1.174428e+01 1.638621e+01
         vertex 3.922499e+00 1.174087e+01 1.662249e+01
         vertex 4.424354e+00 1.298903e+01 1.591556e+01
      endloop
   endfacet
   facet normal -4.600803e-01 5.703717e-01 6.804427e-01
      outer loop
         vertex 4.424354e+00 1.298903e+01 1.591556e+01
         vertex 3.922499e+00 1.174087e+01 1.662249e+01
         vertex 4.160140e+00 1.175719e+01 1.676949e+01
      endloop
   endfacet
   facet normal -4.563443e-01 5.709665e-01 6.824567e-01
      outer loop
         vertex 4.424354e+00 1.298903e+01 1.591556e+01
         vertex 4.160140e+00 1.175719e+01 1.676949e+01
         vertex 5.635116e+00 1.364531e+01 1.617611e+01
      endloop
   endfacet
   facet normal -4.542139e-01 5.700013e-01 6.846811e-01
      outer loop
         vertex 5.635116e+00 1.364531e+01 1.617611e+01
         vertex 4.160140e+00 1.175719e+01 1.676949e+01
         vertex 5.301827e+00 1.208783e+01 1.725161e+01
      endloop
   endfacet
   facet normal -4.470274e-01 5.710937e-01 6.884900e-01
      outer loop
         vertex 5.635116e+00 1.364531e+01 1.617611e+01
         vertex 5.301827e+00 1.208783e+01 1.725161e+01
         vertex 6.832792e+00 1.427933e+01 1.642783e+01
      endloop
   endfacet
   facet normal -4.444195e-01 5.701873e-01 6.909253e-01
      outer loop
         vertex 6.832792e+00 1.427933e+01 1.642783e+01
         vertex 5.301827e+00 1.208783e+01 1.725161e+01
         vertex 6.435799e+00 1.240728e+01 1.771739e+01
      endloop
   endfacet
   facet normal -4.374056e-01 5.712002e-01 6.945550e-01
      outer loop
         vertex 6.832792e+00 1.427933e+01 1.642783e+01
         vertex 6.435799e+00 1.240728e+01 1.771739e+01
         vertex 8.017382e+00 1.489112e+01 1.667071e+01
      endloop
   endfacet
   facet normal -4.343086e-01 5.703422e-01 6.971986e-01
      outer loop
         vertex 8.017382e+00 1.489112e+01 1.667071e+01
         vertex 6.435799e+00 1.240728e+01 1.771739e+01
         vertex 7.562057e+00 1.271551e+01 1.816683e+01
      endloop
   endfacet
   facet normal -4.274668e-01 5.712827e-01 7.006485e-01
      outer loop
         vertex 8.017382e+00 1.489112e+01 1.667071e+01
         vertex 7.562057e+00 1.271551e+01 1.816683e+01
         vertex 9.188887e+00 1.548065e+01 1.690477e+01
      endloop
   endfacet
   facet normal -4.238717e-01 5.704657e-01 7.034925e-01
      outer loop
         vertex 9.188887e+00 1.548065e+01 1.690477e+01
         vertex 7.562057e+00 1.271551e+01 1.816683e+01
         vertex 8.680600e+00 1.301253e+01 1.859992e+01
      endloop
   endfacet
   facet normal -4.171990e-01 5.713390e-01 7.067649e-01
      outer loop
         vertex 9.188887e+00 1.548065e+01 1.690477e+01
         vertex 8.680600e+00 1.301253e+01 1.859992e+01
         vertex 1.034731e+01 1.604794e+01 1.712999e+01
      endloop
   endfacet
   facet normal -4.130986e-01 5.705568e-01 7.097989e-01
      outer loop
         vertex 1.034731e+01 1.604794e+01 1.712999e+01
         vertex 8.680600e+00 1.301253e+01 1.859992e+01
         vertex 9.791430e+00 1.329835e+01 1.901667e+01
      endloop
   endfacet
   facet normal -4.065901e-01 5.713675e-01 7.128981e-01
      outer loop
         vertex 1.034731e+01 1.604794e+01 1.712999e+01
         vertex 9.791430e+00 1.329835e+01 1.901667e+01
         vertex 1.149264e+01 1.659298e+01 1.734637e+01
      endloop
   endfacet
   facet normal -4.019787e-01 5.706144e-01 7.161092e-01
      outer loop
         vertex 1.149264e+01 1.659298e+01 1.734637e+01
         vertex 9.791430e+00 1.329835e+01 1.901667e+01
         vertex 1.089455e+01 1.357295e+01 1.941708e+01
      endloop
   endfacet
   facet normal -3.956274e-01 5.713664e-01 7.190405e-01
      outer loop
         vertex 1.149264e+01 1.659298e+01 1.734637e+01
         vertex 1.089455e+01 1.357295e+01 1.941708e+01
         vertex 1.262489e+01 1.711578e+01 1.755393e+01
      endloop
   endfacet
   facet normal -3.905029e-01 5.706372e-01 7.224131e-01
      outer loop
         vertex 1.262489e+01 1.711578e+01 1.755393e+01
         vertex 1.089455e+01 1.357295e+01 1.941708e+01
         vertex 1.198995e+01 1.383635e+01 1.980114e+01
      endloop
   endfacet
   facet normal -3.842975e-01 5.713346e-01 7.251842e-01
      outer loop
         vertex 1.262489e+01 1.711578e+01 1.755393e+01
         vertex 1.198995e+01 1.383635e+01 1.980114e+01
         vertex 1.374406e+01 1.761632e+01 1.775265e+01
      endloop
   endfacet
   facet normal -3.786598e-01 5.706242e-01 7.287008e-01
      outer loop
         vertex 1.374406e+01 1.761632e+01 1.775265e+01
         vertex 1.198995e+01 1.383635e+01 1.980114e+01
         vertex 1.307763e+01 1.408854e+01 2.016886e+01
      endloop
   endfacet
   facet normal -3.691160e-01 5.716166e-01 7.328082e-01
      outer loop
         vertex 1.247841e+01 1.147823e+01 2.190317e+01
         vertex 1.257945e+01 1.147365e+01 2.195763e+01
         vertex 1.307763e+01 1.408854e+01 2.016886e+01
      endloop
   endfacet
   facet normal -3.664067e-01 5.718861e-01 7.339567e-01
      outer loop
         vertex 1.307763e+01 1.408854e+01 2.016886e+01
         vertex 1.257945e+01 1.147365e+01 2.195763e+01
         vertex 1.415761e+01 1.432952e+01 2.052024e+01
      endloop
   endfacet
   facet normal -3.664063e-01 5.719013e-01 7.339451e-01
      outer loop
         vertex 1.307763e+01 1.408854e+01 2.016886e+01
         vertex 1.415761e+01 1.432952e+01 2.052024e+01
         vertex 1.374406e+01 1.761632e+01 1.775265e+01
      endloop
   endfacet
   facet normal -3.722018e-01 5.699763e-01 7.325250e-01
      outer loop
         vertex 1.374406e+01 1.761632e+01 1.775265e+01
         vertex 1.415761e+01 1.432952e+01 2.052024e+01
         vertex 1.450675e+01 1.621330e+01 1.923188e+01
      endloop
   endfacet
   facet normal -3.722281e-01 5.699607e-01 7.325237e-01
      outer loop
         vertex 1.374406e+01 1.761632e+01 1.775265e+01
         vertex 1.450675e+01 1.621330e+01 1.923188e+01
         vertex 1.485013e+01 1.809463e+01 1.794255e+01
      endloop
   endfacet
   facet normal -3.570886e-01 5.715143e-01 7.388228e-01
      outer loop
         vertex 1.485013e+01 1.809463e+01 1.794255e+01
         vertex 1.450675e+01 1.621330e+01 1.923188e+01
         vertex 1.558921e+01 1.655610e+01 1.948988e+01
      endloop
   endfacet
   facet normal -3.601317e-01 5.698556e-01 7.386269e-01
      outer loop
         vertex 1.485013e+01 1.809463e+01 1.794255e+01
         vertex 1.558921e+01 1.655610e+01 1.948988e+01
         vertex 1.594313e+01 1.855068e+01 1.812360e+01
      endloop
   endfacet
   facet normal -3.443281e-01 5.713855e-01 7.449542e-01
      outer loop
         vertex 1.594313e+01 1.855068e+01 1.812360e+01
         vertex 1.558921e+01 1.655610e+01 1.948988e+01
         vertex 1.666126e+01 1.688218e+01 1.973529e+01
      endloop
   endfacet
   facet normal -3.476277e-01 5.697184e-01 7.446986e-01
      outer loop
         vertex 1.594313e+01 1.855068e+01 1.812360e+01
         vertex 1.666126e+01 1.688218e+01 1.973529e+01
         vertex 1.702303e+01 1.898449e+01 1.829583e+01
      endloop
   endfacet
   facet normal -3.311529e-01 5.712189e-01 7.510305e-01
      outer loop
         vertex 1.702303e+01 1.898449e+01 1.829583e+01
         vertex 1.666126e+01 1.688218e+01 1.973529e+01
         vertex 1.772293e+01 1.719153e+01 1.996812e+01
      endloop
   endfacet
   facet normal -3.347043e-01 5.695478e-01 7.507252e-01
      outer loop
         vertex 1.702303e+01 1.898449e+01 1.829583e+01
         vertex 1.772293e+01 1.719153e+01 1.996812e+01
         vertex 1.808985e+01 1.939605e+01 1.845923e+01
      endloop
   endfacet
   facet normal -3.175521e-01 5.710130e-01 7.570368e-01
      outer loop
         vertex 1.808985e+01 1.939605e+01 1.845923e+01
         vertex 1.772293e+01 1.719153e+01 1.996812e+01
         vertex 1.877419e+01 1.748417e+01 2.018837e+01
      endloop
   endfacet
   facet normal -3.213433e-01 5.693452e-01 7.566932e-01
      outer loop
         vertex 1.808985e+01 1.939605e+01 1.845923e+01
         vertex 1.877419e+01 1.748417e+01 2.018837e+01
         vertex 1.914359e+01 1.978537e+01 1.861379e+01
      endloop
   endfacet
   facet normal -3.035136e-01 5.707687e-01 7.629565e-01
      outer loop
         vertex 1.914359e+01 1.978537e+01 1.861379e+01
         vertex 1.877419e+01 1.748417e+01 2.018837e+01
         vertex 1.981506e+01 1.776008e+01 2.039603e+01
      endloop
   endfacet
   facet normal -3.075333e-01 5.691099e-01 7.625859e-01
      outer loop
         vertex 1.914359e+01 1.978537e+01 1.861379e+01
         vertex 1.981506e+01 1.776008e+01 2.039603e+01
         vertex 2.018424e+01 2.015244e+01 1.875952e+01
      endloop
   endfacet
   facet normal -2.890247e-01 5.704856e-01 7.687724e-01
      outer loop
         vertex 2.018424e+01 2.015244e+01 1.875952e+01
         vertex 1.981506e+01 1.776008e+01 2.039603e+01
         vertex 2.084554e+01 1.801927e+01 2.059110e+01
      endloop
   endfacet
   facet normal -1.079329e-02 5.639631e-01 8.257294e-01
      outer loop
         vertex 3.505504e+01 1.680098e+01 2.412389e+01
         vertex 3.505504e+01 2.300000e+01 1.989004e+01
         vertex 3.413707e+01 1.679538e+01 2.411572e+01
      endloop
   endfacet
   facet normal -1.193393e-02 5.640710e-01 8.256400e-01
      outer loop
         vertex 3.413707e+01 1.679538e+01 2.411572e+01
         vertex 3.505504e+01 2.300000e+01 1.989004e+01
         vertex 3.422376e+01 2.298888e+01 1.988562e+01
      endloop
   endfacet
   facet normal -3.209630e-02 5.640130e-01 8.251419e-01
      outer loop
         vertex 3.413707e+01 1.679538e+01 2.411572e+01
         vertex 3.422376e+01 2.298888e+01 1.988562e+01
         vertex 3.321138e+01 1.677857e+01 2.409120e+01
      endloop
   endfacet
   facet normal -3.524283e-02 5.643042e-01 8.248144e-01
      outer loop
         vertex 3.321138e+01 1.677857e+01 2.409120e+01
         vertex 3.422376e+01 2.298888e+01 1.988562e+01
         vertex 3.337939e+01 2.295551e+01 1.987237e+01
      endloop
   endfacet
   facet normal -5.300310e-02 5.641909e-01 8.239413e-01
      outer loop
         vertex 3.321138e+01 1.677857e+01 2.409120e+01
         vertex 3.337939e+01 2.295551e+01 1.987237e+01
         vertex 3.227798e+01 1.675055e+01 2.405035e+01
      endloop
   endfacet
   facet normal -5.782444e-02 5.646271e-01 8.233180e-01
      outer loop
         vertex 3.227798e+01 1.675055e+01 2.405035e+01
         vertex 3.337939e+01 2.295551e+01 1.987237e+01
         vertex 3.252193e+01 2.289989e+01 1.985029e+01
      endloop
   endfacet
   facet normal -7.350110e-02 5.644687e-01 8.221756e-01
      outer loop
         vertex 3.227798e+01 1.675055e+01 2.405035e+01
         vertex 3.252193e+01 2.289989e+01 1.985029e+01
         vertex 3.133686e+01 1.671132e+01 2.399315e+01
      endloop
   endfacet
   facet normal -7.969757e-02 5.650165e-01 8.212214e-01
      outer loop
         vertex 3.133686e+01 1.671132e+01 2.399315e+01
         vertex 3.252193e+01 2.289989e+01 1.985029e+01
         vertex 3.165139e+01 2.282203e+01 1.981938e+01
      endloop
   endfacet
   facet normal -9.357494e-02 5.648217e-01 8.198904e-01
      outer loop
         vertex 3.133686e+01 1.671132e+01 2.399315e+01
         vertex 3.165139e+01 2.282203e+01 1.981938e+01
         vertex 3.038803e+01 1.666088e+01 2.391960e+01
      endloop
   endfacet
   facet normal -1.008823e-01 5.654530e-01 8.185876e-01
      outer loop
         vertex 3.038803e+01 1.666088e+01 2.391960e+01
         vertex 3.165139e+01 2.282203e+01 1.981938e+01
         vertex 3.076777e+01 2.272192e+01 1.977964e+01
      endloop
   endfacet
   facet normal -1.083447e-01 5.653279e-01 8.177199e-01
      outer loop
         vertex 3.038803e+01 1.666088e+01 2.391960e+01
         vertex 3.076777e+01 2.272192e+01 1.977964e+01
         vertex 2.991072e+01 1.663146e+01 2.387670e+01
      endloop
   endfacet
   facet normal -1.162946e-01 5.655896e-01 8.164459e-01
      outer loop
         vertex 2.991072e+01 1.663146e+01 2.387670e+01
         vertex 3.076777e+01 2.272192e+01 1.977964e+01
         vertex 3.032227e+01 2.266369e+01 1.975652e+01
      endloop
   endfacet
   facet normal -1.180535e-01 5.655540e-01 8.162181e-01
      outer loop
         vertex 2.991072e+01 1.663146e+01 2.387670e+01
         vertex 3.032227e+01 2.266369e+01 1.975652e+01
         vertex 2.943149e+01 1.659923e+01 2.382972e+01
      endloop
   endfacet
   facet normal -1.263856e-01 5.658168e-01 8.147871e-01
      outer loop
         vertex 2.943149e+01 1.659923e+01 2.382972e+01
         vertex 3.032227e+01 2.266369e+01 1.975652e+01
         vertex 2.987105e+01 2.259956e+01 1.973106e+01
      endloop
   endfacet
   facet normal -1.276504e-01 5.657883e-01 8.146097e-01
      outer loop
         vertex 2.943149e+01 1.659923e+01 2.382972e+01
         vertex 2.987105e+01 2.259956e+01 1.973106e+01
         vertex 2.895032e+01 1.656421e+01 2.377864e+01
      endloop
   endfacet
   facet normal -1.363107e-01 5.660469e-01 8.130254e-01
      outer loop
         vertex 2.895032e+01 1.656421e+01 2.377864e+01
         vertex 2.987105e+01 2.259956e+01 1.973106e+01
         vertex 2.941927e+01 2.253028e+01 1.970355e+01
      endloop
   endfacet
   facet normal -1.371381e-01 5.660266e-01 8.129004e-01
      outer loop
         vertex 2.895032e+01 1.656421e+01 2.377864e+01
         vertex 2.941927e+01 2.253028e+01 1.970355e+01
         vertex 2.846723e+01 1.652638e+01 2.372348e+01
      endloop
   endfacet
   facet normal -1.460791e-01 5.662814e-01 8.111635e-01
      outer loop
         vertex 2.846723e+01 1.652638e+01 2.372348e+01
         vertex 2.941927e+01 2.253028e+01 1.970355e+01
         vertex 2.896126e+01 2.245496e+01 1.967365e+01
      endloop
   endfacet
   facet normal -1.465082e-01 5.662698e-01 8.110942e-01
      outer loop
         vertex 2.846723e+01 1.652638e+01 2.372348e+01
         vertex 2.896126e+01 2.245496e+01 1.967365e+01
         vertex 2.798220e+01 1.648575e+01 2.366424e+01
      endloop
   endfacet
   facet normal -1.556880e-01 5.665159e-01 8.092101e-01
      outer loop
         vertex 2.798220e+01 1.648575e+01 2.366424e+01
         vertex 2.896126e+01 2.245496e+01 1.967365e+01
         vertex 2.850318e+01 2.237463e+01 1.964176e+01
      endloop
   endfacet
   facet normal -1.557683e-01 5.665136e-01 8.091963e-01
      outer loop
         vertex 2.798220e+01 1.648575e+01 2.366424e+01
         vertex 2.850318e+01 2.237463e+01 1.964176e+01
         vertex 2.749525e+01 1.644231e+01 2.360091e+01
      endloop
   endfacet
   facet normal -1.651422e-01 5.667524e-01 8.071677e-01
      outer loop
         vertex 2.749525e+01 1.644231e+01 2.360091e+01
         vertex 2.850318e+01 2.237463e+01 1.964176e+01
         vertex 2.803837e+01 2.228811e+01 1.960741e+01
      endloop
   endfacet
   facet normal -1.649134e-01 5.667596e-01 8.072094e-01
      outer loop
         vertex 2.749525e+01 1.644231e+01 2.360091e+01
         vertex 2.803837e+01 2.228811e+01 1.960741e+01
         vertex 2.700637e+01 1.639608e+01 2.353350e+01
      endloop
   endfacet
   facet normal -1.744441e-01 5.669861e-01 8.050441e-01
      outer loop
         vertex 2.700637e+01 1.639608e+01 2.353350e+01
         vertex 2.803837e+01 2.228811e+01 1.960741e+01
         vertex 2.757401e+01 2.219674e+01 1.957114e+01
      endloop
   endfacet
   facet normal -1.739421e-01 5.670030e-01 8.051408e-01
      outer loop
         vertex 2.700637e+01 1.639608e+01 2.353350e+01
         vertex 2.757401e+01 2.219674e+01 1.957114e+01
         vertex 2.651557e+01 1.634704e+01 2.346200e+01
      endloop
   endfacet
   facet normal -1.835964e-01 5.672202e-01 8.028410e-01
      outer loop
         vertex 2.651557e+01 1.634704e+01 2.346200e+01
         vertex 2.757401e+01 2.219674e+01 1.957114e+01
         vertex 2.710241e+01 2.209901e+01 1.953234e+01
      endloop
   endfacet
   facet normal -1.828585e-01 5.672470e-01 8.029904e-01
      outer loop
         vertex 2.651557e+01 1.634704e+01 2.346200e+01
         vertex 2.710241e+01 2.209901e+01 1.953234e+01
         vertex 2.602283e+01 1.629520e+01 2.338641e+01
      endloop
   endfacet
   facet normal -1.925963e-01 5.674493e-01 8.005673e-01
      outer loop
         vertex 2.602283e+01 1.629520e+01 2.338641e+01
         vertex 2.710241e+01 2.209901e+01 1.953234e+01
         vertex 2.663177e+01 2.199662e+01 1.949169e+01
      endloop
   endfacet
   facet normal -1.916592e-01 5.674853e-01 8.007666e-01
      outer loop
         vertex 2.602283e+01 1.629520e+01 2.338641e+01
         vertex 2.663177e+01 2.199662e+01 1.949169e+01
         vertex 2.552816e+01 1.624056e+01 2.330674e+01
      endloop
   endfacet
   facet normal -2.014536e-01 5.676770e-01 7.982226e-01
      outer loop
         vertex 2.552816e+01 1.624056e+01 2.330674e+01
         vertex 2.663177e+01 2.199662e+01 1.949169e+01
         vertex 2.615335e+01 2.188767e+01 1.944843e+01
      endloop
   endfacet
   facet normal -2.003459e-01 5.677227e-01 7.984688e-01
      outer loop
         vertex 2.552816e+01 1.624056e+01 2.330674e+01
         vertex 2.615335e+01 2.188767e+01 1.944843e+01
         vertex 2.503157e+01 1.618312e+01 2.322298e+01
      endloop
   endfacet
   facet normal -2.101644e-01 5.678980e-01 7.958158e-01
      outer loop
         vertex 2.503157e+01 1.618312e+01 2.322298e+01
         vertex 2.615335e+01 2.188767e+01 1.944843e+01
         vertex 2.567644e+01 2.177427e+01 1.940341e+01
      endloop
   endfacet
   facet normal -2.089171e-01 5.679521e-01 7.961056e-01
      outer loop
         vertex 2.503157e+01 1.618312e+01 2.322298e+01
         vertex 2.567644e+01 2.177427e+01 1.940341e+01
         vertex 2.453305e+01 1.612287e+01 2.313513e+01
      endloop
   endfacet
   facet normal -2.187348e-01 5.681165e-01 7.933465e-01
      outer loop
         vertex 2.453305e+01 1.612287e+01 2.313513e+01
         vertex 2.567644e+01 2.177427e+01 1.940341e+01
         vertex 2.519122e+01 2.165408e+01 1.935569e+01
      endloop
   endfacet
   facet normal -2.173735e-01 5.681794e-01 7.936756e-01
      outer loop
         vertex 2.453305e+01 1.612287e+01 2.313513e+01
         vertex 2.519122e+01 2.165408e+01 1.935569e+01
         vertex 2.403260e+01 1.605983e+01 2.304320e+01
      endloop
   endfacet
   facet normal -2.271621e-01 5.683268e-01 7.908236e-01
      outer loop
         vertex 2.403260e+01 1.605983e+01 2.304320e+01
         vertex 2.519122e+01 2.165408e+01 1.935569e+01
         vertex 2.470804e+01 2.152968e+01 1.930630e+01
      endloop
   endfacet
   facet normal -2.257159e-01 5.683967e-01 7.911874e-01
      outer loop
         vertex 2.403260e+01 1.605983e+01 2.304320e+01
         vertex 2.470804e+01 2.152968e+01 1.930630e+01
         vertex 2.353022e+01 1.599398e+01 2.294719e+01
      endloop
   endfacet
   facet normal -2.354550e-01 5.685337e-01 7.882451e-01
      outer loop
         vertex 2.353022e+01 1.599398e+01 2.294719e+01
         vertex 2.470804e+01 2.152968e+01 1.930630e+01
         vertex 2.421599e+01 2.139825e+01 1.925412e+01
      endloop
   endfacet
   facet normal -2.339443e-01 5.686112e-01 7.886390e-01
      outer loop
         vertex 2.353022e+01 1.599398e+01 2.294719e+01
         vertex 2.421599e+01 2.139825e+01 1.925412e+01
         vertex 2.302591e+01 1.592532e+01 2.284709e+01
      endloop
   endfacet
   facet normal -2.436107e-01 5.687312e-01 7.856199e-01
      outer loop
         vertex 2.302591e+01 1.592532e+01 2.284709e+01
         vertex 2.421599e+01 2.139825e+01 1.925412e+01
         vertex 2.372656e+01 2.126285e+01 1.920037e+01
      endloop
   endfacet
   facet normal -2.420601e-01 5.688140e-01 7.860391e-01
      outer loop
         vertex 2.302591e+01 1.592532e+01 2.284709e+01
         vertex 2.372656e+01 2.126285e+01 1.920037e+01
         vertex 2.251967e+01 1.585387e+01 2.274290e+01
      endloop
   endfacet
   facet normal -2.516324e-01 5.689247e-01 7.829469e-01
      outer loop
         vertex 2.251967e+01 1.585387e+01 2.274290e+01
         vertex 2.372656e+01 2.126285e+01 1.920037e+01
         vertex 2.322768e+01 2.112016e+01 1.914372e+01
      endloop
   endfacet
   facet normal -2.500603e-01 5.690134e-01 7.833860e-01
      outer loop
         vertex 2.251967e+01 1.585387e+01 2.274290e+01
         vertex 2.322768e+01 2.112016e+01 1.914372e+01
         vertex 2.201151e+01 1.577961e+01 2.263463e+01
      endloop
   endfacet
   facet normal -2.595222e-01 5.691076e-01 7.802338e-01
      outer loop
         vertex 2.201151e+01 1.577961e+01 2.263463e+01
         vertex 2.322768e+01 2.112016e+01 1.914372e+01
         vertex 2.273199e+01 2.097379e+01 1.908561e+01
      endloop
   endfacet
   facet normal -2.579505e-01 5.691997e-01 7.806877e-01
      outer loop
         vertex 2.201151e+01 1.577961e+01 2.263463e+01
         vertex 2.273199e+01 2.097379e+01 1.908561e+01
         vertex 2.150142e+01 1.570256e+01 2.252227e+01
      endloop
   endfacet
   facet normal -2.672839e-01 5.692862e-01 7.774783e-01
      outer loop
         vertex 2.150142e+01 1.570256e+01 2.252227e+01
         vertex 2.273199e+01 2.097379e+01 1.908561e+01
         vertex 2.222629e+01 2.081983e+01 1.902449e+01
      endloop
   endfacet
   facet normal -2.657271e-01 5.693823e-01 7.779415e-01
      outer loop
         vertex 2.150142e+01 1.570256e+01 2.252227e+01
         vertex 2.222629e+01 2.081983e+01 1.902449e+01
         vertex 2.098939e+01 1.562270e+01 2.240582e+01
      endloop
   endfacet
   facet normal -2.749162e-01 5.694535e-01 7.746895e-01
      outer loop
         vertex 2.098939e+01 1.562270e+01 2.240582e+01
         vertex 2.222629e+01 2.081983e+01 1.902449e+01
         vertex 2.172435e+01 2.066249e+01 1.896202e+01
      endloop
   endfacet
   facet normal -2.777570e-01 5.692681e-01 7.738119e-01
      outer loop
         vertex 2.098939e+01 1.562270e+01 2.240582e+01
         vertex 2.172435e+01 2.066249e+01 1.896202e+01
         vertex 2.084554e+01 1.801927e+01 2.059110e+01
      endloop
   endfacet
   facet normal -2.824246e-01 5.696183e-01 7.718622e-01
      outer loop
         vertex 2.084554e+01 1.801927e+01 2.059110e+01
         vertex 2.172435e+01 2.066249e+01 1.896202e+01
         vertex 2.121181e+01 2.049726e+01 1.889642e+01
      endloop
   endfacet
   facet normal -2.932567e-01 5.688427e-01 7.683869e-01
      outer loop
         vertex 2.084554e+01 1.801927e+01 2.059110e+01
         vertex 2.121181e+01 2.049726e+01 1.889642e+01
         vertex 2.018424e+01 2.015244e+01 1.875952e+01
      endloop
   endfacet
   facet normal -2.907072e-01 5.709153e-01 7.678184e-01
      outer loop
         vertex 1.811906e+01 1.120289e+01 2.462319e+01
         vertex 1.866866e+01 1.117537e+01 2.485173e+01
         vertex 1.892202e+01 1.527523e+01 2.189919e+01
      endloop
   endfacet
   facet normal -2.957277e-01 5.702174e-01 7.664185e-01
      outer loop
         vertex 1.892202e+01 1.527523e+01 2.189919e+01
         vertex 1.866866e+01 1.117537e+01 2.485173e+01
         vertex 1.944175e+01 1.536630e+01 2.203197e+01
      endloop
   endfacet
   facet normal -2.957305e-01 5.700074e-01 7.665736e-01
      outer loop
         vertex 1.892202e+01 1.527523e+01 2.189919e+01
         vertex 1.944175e+01 1.536630e+01 2.203197e+01
         vertex 1.981506e+01 1.776008e+01 2.039603e+01
      endloop
   endfacet
   facet normal -2.883843e-01 5.705142e-01 7.689916e-01
      outer loop
         vertex 1.981506e+01 1.776008e+01 2.039603e+01
         vertex 1.944175e+01 1.536630e+01 2.203197e+01
         vertex 1.995956e+01 1.545457e+01 2.216068e+01
      endloop
   endfacet
   facet normal -2.890131e-01 5.703738e-01 7.688596e-01
      outer loop
         vertex 1.981506e+01 1.776008e+01 2.039603e+01
         vertex 1.995956e+01 1.545457e+01 2.216068e+01
         vertex 2.084554e+01 1.801927e+01 2.059110e+01
      endloop
   endfacet
   facet normal -2.809475e-01 5.697124e-01 7.723317e-01
      outer loop
         vertex 2.084554e+01 1.801927e+01 2.059110e+01
         vertex 1.995956e+01 1.545457e+01 2.216068e+01
         vertex 2.047544e+01 1.554003e+01 2.228529e+01
      endloop
   endfacet
   facet normal -2.733855e-01 5.701932e-01 7.746871e-01
      outer loop
         vertex 2.084554e+01 1.801927e+01 2.059110e+01
         vertex 2.047544e+01 1.554003e+01 2.228529e+01
         vertex 2.098939e+01 1.562270e+01 2.240582e+01
      endloop
   endfacet
   facet normal -2.733922e-01 5.695692e-01 7.751437e-01
      outer loop
         vertex 2.098939e+01 1.562270e+01 2.240582e+01
         vertex 2.047544e+01 1.554003e+01 2.228529e+01
         vertex 2.031902e+01 1.109402e+01 2.549702e+01
      endloop
   endfacet
   facet normal -2.577621e-01 5.704560e-01 7.798325e-01
      outer loop
         vertex 2.098939e+01 1.562270e+01 2.240582e+01
         vertex 2.031902e+01 1.109402e+01 2.549702e+01
         vertex 2.086978e+01 1.106751e+01 2.569846e+01
      endloop
   endfacet
   facet normal -2.256837e-01 5.690884e-01 -7.906992e-01
      outer loop
         vertex 2.259170e+01 1.084111e+01 3.466818e+00
         vertex 2.352154e+01 1.594912e+01 6.877804e+00
         vertex 2.402416e+01 1.601447e+01 6.781377e+00
      endloop
   endfacet
   facet normal -4.712078e-01 5.703737e-01 -6.727831e-01
      outer loop
         vertex 2.728116e+00 1.173977e+01 1.405558e+01
         vertex 3.200507e+00 1.231051e+01 1.420859e+01
         vertex 2.862606e+00 1.173811e+01 1.395998e+01
      endloop
   endfacet
   facet normal -4.691922e-01 5.699505e-01 -6.745481e-01
      outer loop
         vertex 2.862606e+00 1.173811e+01 1.395998e+01
         vertex 3.200507e+00 1.231051e+01 1.420859e+01
         vertex 3.223211e+00 1.173309e+01 1.370492e+01
      endloop
   endfacet
   facet normal -4.724045e-01 5.709971e-01 -6.714136e-01
      outer loop
         vertex 2.728116e+00 1.173977e+01 1.405558e+01
         vertex 2.531279e+00 1.174200e+01 1.419598e+01
         vertex 3.200507e+00 1.231051e+01 1.420859e+01
      endloop
   endfacet
   facet normal -4.734780e-01 5.722209e-01 -6.696131e-01
      outer loop
         vertex 3.200507e+00 1.231051e+01 1.420859e+01
         vertex 2.531279e+00 1.174200e+01 1.419598e+01
         vertex 2.365882e+00 1.174369e+01 1.431437e+01
      endloop
   endfacet
   facet normal -4.742775e-01 5.737480e-01 -6.677380e-01
      outer loop
         vertex 3.200507e+00 1.231051e+01 1.420859e+01
         vertex 2.365882e+00 1.174369e+01 1.431437e+01
         vertex 2.200660e+00 1.174521e+01 1.443302e+01
      endloop
   endfacet
   facet normal -4.653970e-01 5.713552e-01 -6.759873e-01
      outer loop
         vertex 3.223211e+00 1.173309e+01 1.370492e+01
         vertex 3.200507e+00 1.231051e+01 1.420859e+01
         vertex 3.583001e+00 1.172731e+01 1.345232e+01
      endloop
   endfacet
   facet normal -4.655118e-01 5.712704e-01 -6.759800e-01
      outer loop
         vertex 3.583001e+00 1.172731e+01 1.345232e+01
         vertex 3.200507e+00 1.231051e+01 1.420859e+01
         vertex 4.424354e+00 1.298903e+01 1.393921e+01
      endloop
   endfacet
   facet normal -4.625477e-01 5.703701e-01 -6.787691e-01
      outer loop
         vertex 3.583001e+00 1.172731e+01 1.345232e+01
         vertex 4.424354e+00 1.298903e+01 1.393921e+01
         vertex 3.941984e+00 1.172078e+01 1.320221e+01
      endloop
   endfacet
   facet normal -4.443527e-01 5.726257e-01 -6.889488e-01
      outer loop
         vertex 6.424572e+00 1.238967e+01 1.213000e+01
         vertex 5.368246e+00 1.168771e+01 1.222786e+01
         vertex 5.290783e+00 1.207265e+01 1.259777e+01
      endloop
   endfacet
   facet normal -4.490107e-01 5.704887e-01 -6.877005e-01
      outer loop
         vertex 5.290783e+00 1.207265e+01 1.259777e+01
         vertex 5.368246e+00 1.168771e+01 1.222786e+01
         vertex 5.042617e+00 1.169623e+01 1.244754e+01
      endloop
   endfacet
   facet normal -4.520293e-01 5.713890e-01 -6.849701e-01
      outer loop
         vertex 5.042617e+00 1.169623e+01 1.244754e+01
         vertex 4.657554e+00 1.170557e+01 1.270944e+01
         vertex 5.290783e+00 1.207265e+01 1.259777e+01
      endloop
   endfacet
   facet normal -4.537201e-01 5.757661e-01 -6.801702e-01
      outer loop
         vertex 5.290783e+00 1.207265e+01 1.259777e+01
         vertex 4.657554e+00 1.170557e+01 1.270944e+01
         vertex 4.300167e+00 1.171352e+01 1.295458e+01
      endloop
   endfacet
   facet normal -4.538280e-01 5.781339e-01 -6.780865e-01
      outer loop
         vertex 5.290783e+00 1.207265e+01 1.259777e+01
         vertex 4.300167e+00 1.171352e+01 1.295458e+01
         vertex 4.149320e+00 1.174452e+01 1.308196e+01
      endloop
   endfacet
   facet normal -4.265412e-01 5.714248e-01 -7.010965e-01
      outer loop
         vertex 7.485417e+00 1.161973e+01 1.084150e+01
         vertex 7.358998e+00 1.162436e+01 1.092219e+01
         vertex 7.550687e+00 1.269556e+01 1.167864e+01
      endloop
   endfacet
   facet normal -4.309821e-01 5.707103e-01 -6.989593e-01
      outer loop
         vertex 7.550687e+00 1.269556e+01 1.167864e+01
         vertex 7.358998e+00 1.162436e+01 1.092219e+01
         vertex 6.676780e+00 1.164815e+01 1.136227e+01
      endloop
   endfacet
   facet normal -4.342628e-01 5.724115e-01 -6.955292e-01
      outer loop
         vertex 7.550687e+00 1.269556e+01 1.167864e+01
         vertex 6.676780e+00 1.164815e+01 1.136227e+01
         vertex 6.424572e+00 1.238967e+01 1.213000e+01
      endloop
   endfacet
   facet normal -4.374661e-01 5.706997e-01 -6.949282e-01
      outer loop
         vertex 6.424572e+00 1.238967e+01 1.213000e+01
         vertex 6.676780e+00 1.164815e+01 1.136227e+01
         vertex 6.075772e+00 1.166736e+01 1.175638e+01
      endloop
   endfacet
   facet normal -4.436549e-01 5.713675e-01 -6.904415e-01
      outer loop
         vertex 6.424572e+00 1.238967e+01 1.213000e+01
         vertex 6.075772e+00 1.166736e+01 1.175638e+01
         vertex 5.368246e+00 1.168771e+01 1.222786e+01
      endloop
   endfacet
   facet normal -4.226094e-01 5.724114e-01 -7.026710e-01
      outer loop
         vertex 7.485417e+00 1.161973e+01 1.084150e+01
         vertex 7.550687e+00 1.269556e+01 1.167864e+01
         vertex 8.037892e+00 1.159871e+01 1.049210e+01
      endloop
   endfacet
   facet normal -4.238645e-01 5.716801e-01 -7.025103e-01
      outer loop
         vertex 8.037892e+00 1.159871e+01 1.049210e+01
         vertex 7.550687e+00 1.269556e+01 1.167864e+01
         vertex 8.669128e+00 1.299033e+01 1.124369e+01
      endloop
   endfacet
   facet normal -4.184052e-01 5.711841e-01 -7.061769e-01
      outer loop
         vertex 8.037892e+00 1.159871e+01 1.049210e+01
         vertex 8.669128e+00 1.299033e+01 1.124369e+01
         vertex 8.375488e+00 1.158526e+01 1.028120e+01
      endloop
   endfacet
   facet normal -4.146023e-01 5.716602e-01 -7.080322e-01
      outer loop
         vertex 8.375488e+00 1.158526e+01 1.028120e+01
         vertex 8.669128e+00 1.299033e+01 1.124369e+01
         vertex 8.713512e+00 1.157136e+01 1.007204e+01
      endloop
   endfacet
   facet normal -4.130761e-01 5.721306e-01 -7.085441e-01
      outer loop
         vertex 8.713512e+00 1.157136e+01 1.007204e+01
         vertex 8.669128e+00 1.299033e+01 1.124369e+01
         vertex 9.779895e+00 1.327397e+01 1.082516e+01
      endloop
   endfacet
   facet normal -4.093375e-01 5.711101e-01 -7.115308e-01
      outer loop
         vertex 8.713512e+00 1.157136e+01 1.007204e+01
         vertex 9.779895e+00 1.327397e+01 1.082516e+01
         vertex 9.385914e+00 1.154249e+01 9.662034e+00
      endloop
   endfacet
   facet normal -4.016100e-01 5.718851e-01 -7.153019e-01
      outer loop
         vertex 9.385914e+00 1.154249e+01 9.662034e+00
         vertex 9.779895e+00 1.327397e+01 1.082516e+01
         vertex 1.005516e+01 1.151223e+01 9.262096e+00
      endloop
   endfacet
   facet normal -4.019730e-01 5.717461e-01 -7.152092e-01
      outer loop
         vertex 1.005516e+01 1.151223e+01 9.262096e+00
         vertex 9.779895e+00 1.327397e+01 1.082516e+01
         vertex 1.088299e+01 1.354649e+01 1.042303e+01
      endloop
   endfacet
   facet normal -3.975176e-01 5.714749e-01 -7.179110e-01
      outer loop
         vertex 1.005516e+01 1.151223e+01 9.262096e+00
         vertex 1.088299e+01 1.354649e+01 1.042303e+01
         vertex 1.014129e+01 1.150824e+01 9.211223e+00
      endloop
   endfacet
   facet normal -3.815272e-01 5.716323e-01 -7.264114e-01
      outer loop
         vertex 1.151588e+01 1.144164e+01 8.418192e+00
         vertex 1.142909e+01 1.144599e+01 8.467197e+00
         vertex 1.197841e+01 1.380789e+01 1.003733e+01
      endloop
   endfacet
   facet normal -3.859521e-01 5.712864e-01 -7.243430e-01
      outer loop
         vertex 1.197841e+01 1.380789e+01 1.003733e+01
         vertex 1.142909e+01 1.144599e+01 8.467197e+00
         vertex 1.078681e+01 1.147760e+01 8.834357e+00
      endloop
   endfacet
   facet normal -3.904858e-01 5.720400e-01 -7.213121e-01
      outer loop
         vertex 1.197841e+01 1.380789e+01 1.003733e+01
         vertex 1.078681e+01 1.147760e+01 8.834357e+00
         vertex 1.088299e+01 1.354649e+01 1.042303e+01
      endloop
   endfacet
   facet normal -3.913005e-01 5.718528e-01 -7.210189e-01
      outer loop
         vertex 1.088299e+01 1.354649e+01 1.042303e+01
         vertex 1.078681e+01 1.147760e+01 8.834357e+00
         vertex 1.047177e+01 1.149270e+01 9.017307e+00
      endloop
   endfacet
   facet normal -3.951710e-01 5.714176e-01 -7.192509e-01
      outer loop
         vertex 1.088299e+01 1.354649e+01 1.042303e+01
         vertex 1.047177e+01 1.149270e+01 9.017307e+00
         vertex 1.014129e+01 1.150824e+01 9.211223e+00
      endloop
   endfacet
   facet normal -3.775558e-01 5.720496e-01 -7.281558e-01
      outer loop
         vertex 1.151588e+01 1.144164e+01 8.418192e+00
         vertex 1.197841e+01 1.380789e+01 1.003733e+01
         vertex 1.206822e+01 1.141354e+01 8.109719e+00
      endloop
   endfacet
   facet normal -3.786507e-01 5.717440e-01 -7.278272e-01
      outer loop
         vertex 1.206822e+01 1.141354e+01 8.109719e+00
         vertex 1.197841e+01 1.380789e+01 1.003733e+01
         vertex 1.306615e+01 1.405816e+01 9.668032e+00
      endloop
   endfacet
   facet normal -3.706392e-01 5.713330e-01 -7.322603e-01
      outer loop
         vertex 1.206822e+01 1.141354e+01 8.109719e+00
         vertex 1.306615e+01 1.405816e+01 9.668032e+00
         vertex 1.270429e+01 1.138038e+01 7.761899e+00
      endloop
   endfacet
   facet normal -3.649790e-01 5.721407e-01 -7.344694e-01
      outer loop
         vertex 1.270429e+01 1.138038e+01 7.761899e+00
         vertex 1.306615e+01 1.405816e+01 9.668032e+00
         vertex 1.293999e+01 1.136789e+01 7.635045e+00
      endloop
   endfacet
   facet normal -3.664252e-01 5.718408e-01 -7.339828e-01
      outer loop
         vertex 1.293999e+01 1.136789e+01 7.635045e+00
         vertex 1.306615e+01 1.405816e+01 9.668032e+00
         vertex 1.414622e+01 1.429731e+01 9.315150e+00
      endloop
   endfacet
   facet normal -3.613187e-01 5.713887e-01 -7.368607e-01
      outer loop
         vertex 1.293999e+01 1.136789e+01 7.635045e+00
         vertex 1.414622e+01 1.429731e+01 9.315150e+00
         vertex 1.333737e+01 1.134663e+01 7.423705e+00
      endloop
   endfacet
   facet normal -3.538183e-01 5.717300e-01 -7.402280e-01
      outer loop
         vertex 1.521862e+01 1.452534e+01 8.978682e+00
         vertex 1.396757e+01 1.131243e+01 7.095108e+00
         vertex 1.414622e+01 1.429731e+01 9.315150e+00
      endloop
   endfacet
   facet normal -3.530089e-01 5.718817e-01 -7.404972e-01
      outer loop
         vertex 1.414622e+01 1.429731e+01 9.315150e+00
         vertex 1.396757e+01 1.131243e+01 7.095108e+00
         vertex 1.359655e+01 1.133263e+01 7.287586e+00
      endloop
   endfacet
   facet normal -3.571513e-01 5.714944e-01 -7.388079e-01
      outer loop
         vertex 1.414622e+01 1.429731e+01 9.315150e+00
         vertex 1.359655e+01 1.133263e+01 7.287586e+00
         vertex 1.333737e+01 1.134663e+01 7.423705e+00
      endloop
   endfacet
   facet normal -3.199606e-01 5.713020e-01 -7.558037e-01
      outer loop
         vertex 1.646144e+01 1.117326e+01 5.875967e+00
         vertex 1.611712e+01 1.119268e+01 6.036409e+00
         vertex 1.696566e+01 1.272401e+01 6.834703e+00
      endloop
   endfacet
   facet normal -3.238876e-01 5.722358e-01 -7.534209e-01
      outer loop
         vertex 1.696566e+01 1.272401e+01 6.834703e+00
         vertex 1.611712e+01 1.119268e+01 6.036409e+00
         vertex 1.584181e+01 1.120819e+01 6.166539e+00
      endloop
   endfacet
   facet normal -3.265472e-01 5.733328e-01 -7.514362e-01
      outer loop
         vertex 1.696566e+01 1.272401e+01 6.834703e+00
         vertex 1.584181e+01 1.120819e+01 6.166539e+00
         vertex 1.566877e+01 1.121792e+01 6.249161e+00
      endloop
   endfacet
   facet normal -2.958462e-01 5.712209e-01 -7.656251e-01
      outer loop
         vertex 1.830643e+01 1.106936e+01 5.060576e+00
         vertex 1.769364e+01 1.110375e+01 5.323024e+00
         vertex 1.801286e+01 1.282134e+01 6.481140e+00
      endloop
   endfacet
   facet normal -3.047989e-01 5.707495e-01 -7.624583e-01
      outer loop
         vertex 1.801286e+01 1.282134e+01 6.481140e+00
         vertex 1.769364e+01 1.110375e+01 5.323024e+00
         vertex 1.707868e+01 1.113842e+01 5.594809e+00
      endloop
   endfacet
   facet normal -3.096260e-01 5.719343e-01 -7.596202e-01
      outer loop
         vertex 1.801286e+01 1.282134e+01 6.481140e+00
         vertex 1.707868e+01 1.113842e+01 5.594809e+00
         vertex 1.696566e+01 1.272401e+01 6.834703e+00
      endloop
   endfacet
   facet normal -3.115632e-01 5.714574e-01 -7.591869e-01
      outer loop
         vertex 1.696566e+01 1.272401e+01 6.834703e+00
         vertex 1.707868e+01 1.113842e+01 5.594809e+00
         vertex 1.670202e+01 1.115968e+01 5.765391e+00
      endloop
   endfacet
   facet normal -3.159776e-01 5.711245e-01 -7.576114e-01
      outer loop
         vertex 1.696566e+01 1.272401e+01 6.834703e+00
         vertex 1.670202e+01 1.115968e+01 5.765391e+00
         vertex 1.646144e+01 1.117326e+01 5.875967e+00
      endloop
   endfacet
   facet normal -2.655041e-01 5.706250e-01 -7.771066e-01
      outer loop
         vertex 2.033766e+01 1.095769e+01 4.251655e+00
         vertex 1.976973e+01 1.098843e+01 4.468271e+00
         vertex 2.009234e+01 1.299931e+01 5.834625e+00
      endloop
   endfacet
   facet normal -2.742648e-01 5.701812e-01 -7.743850e-01
      outer loop
         vertex 2.009234e+01 1.299931e+01 5.834625e+00
         vertex 1.976973e+01 1.098843e+01 4.468271e+00
         vertex 1.919984e+01 1.101970e+01 4.693130e+00
      endloop
   endfacet
   facet normal -2.803722e-01 5.712262e-01 -7.714221e-01
      outer loop
         vertex 2.009234e+01 1.299931e+01 5.834625e+00
         vertex 1.919984e+01 1.101970e+01 4.693130e+00
         vertex 1.905509e+01 1.291311e+01 6.147781e+00
      endloop
   endfacet
   facet normal -2.815481e-01 5.709592e-01 -7.711915e-01
      outer loop
         vertex 1.905509e+01 1.291311e+01 6.147781e+00
         vertex 1.919984e+01 1.101970e+01 4.693130e+00
         vertex 1.876350e+01 1.104387e+01 4.870326e+00
      endloop
   endfacet
   facet normal -2.858654e-01 5.706850e-01 -7.698049e-01
      outer loop
         vertex 1.905509e+01 1.291311e+01 6.147781e+00
         vertex 1.876350e+01 1.104387e+01 4.870326e+00
         vertex 1.862790e+01 1.105142e+01 4.926276e+00
      endloop
   endfacet
   facet normal -2.339160e-01 5.690199e-01 -7.883525e-01
      outer loop
         vertex 2.352154e+01 1.594912e+01 6.877804e+00
         vertex 2.259170e+01 1.084111e+01 3.466818e+00
         vertex 2.301700e+01 1.588099e+01 6.978334e+00
      endloop
   endfacet
   facet normal -2.303967e-01 5.693026e-01 -7.891843e-01
      outer loop
         vertex 2.301700e+01 1.588099e+01 6.978334e+00
         vertex 2.259170e+01 1.084111e+01 3.466818e+00
         vertex 2.203065e+01 1.086917e+01 3.650860e+00
      endloop
   endfacet
   facet normal -2.420322e-01 5.692840e-01 -7.857074e-01
      outer loop
         vertex 2.301700e+01 1.588099e+01 6.978334e+00
         vertex 2.203065e+01 1.086917e+01 3.650860e+00
         vertex 2.251053e+01 1.581008e+01 7.082968e+00
      endloop
   endfacet
   facet normal -2.393620e-01 5.694894e-01 -7.863763e-01
      outer loop
         vertex 2.251053e+01 1.581008e+01 7.082968e+00
         vertex 2.203065e+01 1.086917e+01 3.650860e+00
         vertex 2.146802e+01 1.089800e+01 3.842989e+00
      endloop
   endfacet
   facet normal -2.500338e-01 5.695366e-01 -7.830141e-01
      outer loop
         vertex 2.251053e+01 1.581008e+01 7.082968e+00
         vertex 2.146802e+01 1.089800e+01 3.842989e+00
         vertex 2.200215e+01 1.573639e+01 7.191705e+00
      endloop
   endfacet
   facet normal -2.482330e-01 5.696681e-01 -7.834913e-01
      outer loop
         vertex 2.200215e+01 1.573639e+01 7.191705e+00
         vertex 2.146802e+01 1.089800e+01 3.842989e+00
         vertex 2.090373e+01 1.092752e+01 4.043241e+00
      endloop
   endfacet
   facet normal -2.579243e-01 5.697763e-01 -7.802756e-01
      outer loop
         vertex 2.200215e+01 1.573639e+01 7.191705e+00
         vertex 2.090373e+01 1.092752e+01 4.043241e+00
         vertex 2.149185e+01 1.565992e+01 7.304545e+00
      endloop
   endfacet
   facet normal -2.570090e-01 5.698391e-01 -7.805317e-01
      outer loop
         vertex 2.149185e+01 1.565992e+01 7.304545e+00
         vertex 2.090373e+01 1.092752e+01 4.043241e+00
         vertex 2.033766e+01 1.095769e+01 4.251655e+00
      endloop
   endfacet
   facet normal -2.657027e-01 5.700020e-01 -7.774958e-01
      outer loop
         vertex 2.149185e+01 1.565992e+01 7.304545e+00
         vertex 2.033766e+01 1.095769e+01 4.251655e+00
         vertex 2.097963e+01 1.558066e+01 7.421488e+00
      endloop
   endfacet
   facet normal -2.688569e-01 5.697984e-01 -7.765602e-01
      outer loop
         vertex 2.097963e+01 1.558066e+01 7.421488e+00
         vertex 2.033766e+01 1.095769e+01 4.251655e+00
         vertex 2.009234e+01 1.299931e+01 5.834625e+00
      endloop
   endfacet
   facet normal -2.733705e-01 5.701991e-01 -7.746881e-01
      outer loop
         vertex 2.097963e+01 1.558066e+01 7.421488e+00
         vertex 2.009234e+01 1.299931e+01 5.834625e+00
         vertex 2.046550e+01 1.549863e+01 7.542535e+00
      endloop
   endfacet
   facet normal -2.088831e-01 5.684693e-01 -7.957453e-01
      outer loop
         vertex 2.502366e+01 1.613683e+01 6.600833e+00
         vertex 2.399846e+01 1.077411e+01 3.038900e+00
         vertex 2.452487e+01 1.607704e+01 6.689053e+00
      endloop
   endfacet
   facet normal -2.051941e-01 5.686665e-01 -7.965638e-01
      outer loop
         vertex 2.452487e+01 1.607704e+01 6.689053e+00
         vertex 2.399846e+01 1.077411e+01 3.038900e+00
         vertex 2.370947e+01 1.078745e+01 3.122864e+00
      endloop
   endfacet
   facet normal -2.173430e-01 5.684615e-01 -7.934819e-01
      outer loop
         vertex 2.452487e+01 1.607704e+01 6.689053e+00
         vertex 2.370947e+01 1.078745e+01 3.122864e+00
         vertex 2.402416e+01 1.601447e+01 6.781377e+00
      endloop
   endfacet
   facet normal -2.121852e-01 5.689050e-01 -7.945593e-01
      outer loop
         vertex 2.402416e+01 1.601447e+01 6.781377e+00
         vertex 2.370947e+01 1.078745e+01 3.122864e+00
         vertex 2.315127e+01 1.081385e+01 3.290830e+00
      endloop
   endfacet
   facet normal -2.214133e-01 5.688080e-01 -7.921070e-01
      outer loop
         vertex 2.402416e+01 1.601447e+01 6.781377e+00
         vertex 2.315127e+01 1.081385e+01 3.290830e+00
         vertex 2.259170e+01 1.084111e+01 3.466818e+00
      endloop
   endfacet
   facet normal -1.276140e-01 5.660290e-01 -8.144482e-01
      outer loop
         vertex 2.942642e+01 1.654978e+01 5.991496e+00
         vertex 2.879033e+01 1.059290e+01 1.951223e+00
         vertex 2.894490e+01 1.651502e+01 6.042787e+00
      endloop
   endfacet
   facet normal -1.238511e-01 5.662338e-01 -8.148866e-01
      outer loop
         vertex 2.894490e+01 1.651502e+01 6.042787e+00
         vertex 2.879033e+01 1.059290e+01 1.951223e+00
         vertex 2.826198e+01 1.060872e+01 2.042514e+00
      endloop
   endfacet
   facet normal -1.370992e-01 5.662971e-01 -8.127185e-01
      outer loop
         vertex 2.894490e+01 1.651502e+01 6.042787e+00
         vertex 2.826198e+01 1.060872e+01 2.042514e+00
         vertex 2.846146e+01 1.647748e+01 6.098181e+00
      endloop
   endfacet
   facet normal -1.334156e-01 5.664985e-01 -8.131911e-01
      outer loop
         vertex 2.846146e+01 1.647748e+01 6.098181e+00
         vertex 2.826198e+01 1.060872e+01 2.042514e+00
         vertex 2.773280e+01 1.062568e+01 2.141150e+00
      endloop
   endfacet
   facet normal -1.464717e-01 5.665693e-01 -8.108916e-01
      outer loop
         vertex 2.846146e+01 1.647748e+01 6.098181e+00
         vertex 2.773280e+01 1.062568e+01 2.141150e+00
         vertex 2.797610e+01 1.643716e+01 6.157679e+00
      endloop
   endfacet
   facet normal -1.429099e-01 5.667649e-01 -8.113904e-01
      outer loop
         vertex 2.797610e+01 1.643716e+01 6.157679e+00
         vertex 2.773280e+01 1.062568e+01 2.141150e+00
         vertex 2.720272e+01 1.064376e+01 2.247144e+00
      endloop
   endfacet
   facet normal -1.557303e-01 5.668440e-01 -8.089721e-01
      outer loop
         vertex 2.797610e+01 1.643716e+01 6.157679e+00
         vertex 2.720272e+01 1.064376e+01 2.247144e+00
         vertex 2.748882e+01 1.639405e+01 6.221280e+00
      endloop
   endfacet
   facet normal -1.523312e-01 5.670314e-01 -8.094879e-01
      outer loop
         vertex 2.748882e+01 1.639405e+01 6.221280e+00
         vertex 2.720272e+01 1.064376e+01 2.247144e+00
         vertex 2.667164e+01 1.066294e+01 2.360516e+00
      endloop
   endfacet
   facet normal -1.648760e-01 5.671199e-01 -8.069640e-01
      outer loop
         vertex 2.748882e+01 1.639405e+01 6.221280e+00
         vertex 2.667164e+01 1.066294e+01 2.360516e+00
         vertex 2.699963e+01 1.634817e+01 6.288984e+00
      endloop
   endfacet
   facet normal -1.616817e-01 5.672964e-01 -8.074861e-01
      outer loop
         vertex 2.699963e+01 1.634817e+01 6.288984e+00
         vertex 2.667164e+01 1.066294e+01 2.360516e+00
         vertex 2.613949e+01 1.068318e+01 2.481287e+00
      endloop
   endfacet
   facet normal -1.739051e-01 5.673954e-01 -8.048723e-01
      outer loop
         vertex 2.699963e+01 1.634817e+01 6.288984e+00
         vertex 2.613949e+01 1.068318e+01 2.481287e+00
         vertex 2.650851e+01 1.629951e+01 6.360791e+00
      endloop
   endfacet
   facet normal -1.709595e-01 5.675583e-01 -8.053883e-01
      outer loop
         vertex 2.650851e+01 1.629951e+01 6.360791e+00
         vertex 2.613949e+01 1.068318e+01 2.481287e+00
         vertex 2.560618e+01 1.070445e+01 2.609483e+00
      endloop
   endfacet
   facet normal -1.828232e-01 5.676692e-01 -8.027000e-01
      outer loop
         vertex 2.650851e+01 1.629951e+01 6.360791e+00
         vertex 2.560618e+01 1.070445e+01 2.609483e+00
         vertex 2.601548e+01 1.624806e+01 6.436702e+00
      endloop
   endfacet
   facet normal -1.801615e-01 5.678163e-01 -8.031977e-01
      outer loop
         vertex 2.601548e+01 1.624806e+01 6.436702e+00
         vertex 2.560618e+01 1.070445e+01 2.609483e+00
         vertex 2.507163e+01 1.072672e+01 2.745130e+00
      endloop
   endfacet
   facet normal -1.916232e-01 5.679402e-01 -8.004527e-01
      outer loop
         vertex 2.601548e+01 1.624806e+01 6.436702e+00
         vertex 2.507163e+01 1.072672e+01 2.745130e+00
         vertex 2.552053e+01 1.619384e+01 6.516716e+00
      endloop
   endfacet
   facet normal -1.881379e-01 5.681309e-01 -8.011438e-01
      outer loop
         vertex 2.552053e+01 1.619384e+01 6.516716e+00
         vertex 2.507163e+01 1.072672e+01 2.745130e+00
         vertex 2.466892e+01 1.074410e+01 2.852025e+00
      endloop
   endfacet
   facet normal -2.003117e-01 5.680727e-01 -7.982284e-01
      outer loop
         vertex 2.552053e+01 1.619384e+01 6.516716e+00
         vertex 2.466892e+01 1.074410e+01 2.852025e+00
         vertex 2.502366e+01 1.613683e+01 6.600833e+00
      endloop
   endfacet
   facet normal -1.925954e-01 5.686156e-01 -7.997395e-01
      outer loop
         vertex 2.502366e+01 1.613683e+01 6.600833e+00
         vertex 2.466892e+01 1.074410e+01 2.852025e+00
         vertex 2.453575e+01 1.074995e+01 2.888259e+00
      endloop
   endfacet
   facet normal -1.983350e-01 5.683152e-01 -7.985493e-01
      outer loop
         vertex 2.502366e+01 1.613683e+01 6.600833e+00
         vertex 2.453575e+01 1.074995e+01 2.888259e+00
         vertex 2.399846e+01 1.077411e+01 3.038900e+00
      endloop
   endfacet
   facet normal -9.710307e-02 5.655034e-01 -8.190097e-01
      outer loop
         vertex 3.000348e+01 1.056099e+01 1.768973e+00
         vertex 2.996138e+01 1.056200e+01 1.774656e+00
         vertex 3.038371e+01 1.661096e+01 5.901224e+00
      endloop
   endfacet
   facet normal -1.022724e-01 5.654568e-01 -8.184124e-01
      outer loop
         vertex 3.038371e+01 1.661096e+01 5.901224e+00
         vertex 2.996138e+01 1.056200e+01 1.774656e+00
         vertex 2.944785e+01 1.057483e+01 1.847696e+00
      endloop
   endfacet
   facet normal -1.131771e-01 5.659523e-01 -8.166327e-01
      outer loop
         vertex 3.038371e+01 1.661096e+01 5.901224e+00
         vertex 2.944785e+01 1.057483e+01 1.847696e+00
         vertex 2.942642e+01 1.654978e+01 5.991496e+00
      endloop
   endfacet
   facet normal -1.081229e-01 5.662853e-01 -8.170866e-01
      outer loop
         vertex 2.942642e+01 1.654978e+01 5.991496e+00
         vertex 2.944785e+01 1.057483e+01 1.847696e+00
         vertex 2.931794e+01 1.057826e+01 1.867262e+00
      endloop
   endfacet
   facet normal -1.142216e-01 5.659725e-01 -8.164733e-01
      outer loop
         vertex 2.942642e+01 1.654978e+01 5.991496e+00
         vertex 2.931794e+01 1.057826e+01 1.867262e+00
         vertex 2.879033e+01 1.059290e+01 1.951223e+00
      endloop
   endfacet
   facet normal -9.231280e-02 5.655558e-01 -8.195273e-01
      outer loop
         vertex 3.000348e+01 1.056099e+01 1.768973e+00
         vertex 3.038371e+01 1.661096e+01 5.901224e+00
         vertex 3.047395e+01 1.055033e+01 1.708619e+00
      endloop
   endfacet
   facet normal -9.354086e-02 5.654782e-01 -8.194416e-01
      outer loop
         vertex 3.047395e+01 1.055033e+01 1.708619e+00
         vertex 3.038371e+01 1.661096e+01 5.901224e+00
         vertex 3.133332e+01 1.666101e+01 5.827365e+00
      endloop
   endfacet
   facet normal -8.316463e-02 5.649963e-01 -8.208915e-01
      outer loop
         vertex 3.047395e+01 1.055033e+01 1.708619e+00
         vertex 3.133332e+01 1.666101e+01 5.827365e+00
         vertex 3.098563e+01 1.053985e+01 1.649568e+00
      endloop
   endfacet
   facet normal -7.351432e-02 5.650508e-01 -8.217745e-01
      outer loop
         vertex 3.098563e+01 1.053985e+01 1.649568e+00
         vertex 3.133332e+01 1.666101e+01 5.827365e+00
         vertex 3.149648e+01 1.053057e+01 1.597486e+00
      endloop
   endfacet
   facet normal -7.347188e-02 5.650533e-01 -8.217765e-01
      outer loop
         vertex 3.149648e+01 1.053057e+01 1.597486e+00
         vertex 3.133332e+01 1.666101e+01 5.827365e+00
         vertex 3.227526e+01 1.669995e+01 5.769920e+00
      endloop
   endfacet
   facet normal -6.386219e-02 5.645956e-01 -8.228933e-01
      outer loop
         vertex 3.149648e+01 1.053057e+01 1.597486e+00
         vertex 3.227526e+01 1.669995e+01 5.769920e+00
         vertex 3.200658e+01 1.052250e+01 1.552360e+00
      endloop
   endfacet
   facet normal -5.412915e-02 5.646316e-01 -8.235661e-01
      outer loop
         vertex 3.200658e+01 1.052250e+01 1.552360e+00
         vertex 3.227526e+01 1.669995e+01 5.769920e+00
         vertex 3.251599e+01 1.051565e+01 1.514182e+00
      endloop
   endfacet
   facet normal -5.298068e-02 5.646969e-01 -8.235961e-01
      outer loop
         vertex 3.251599e+01 1.051565e+01 1.514182e+00
         vertex 3.227526e+01 1.669995e+01 5.769920e+00
         vertex 3.320953e+01 1.672775e+01 5.728886e+00
      endloop
   endfacet
   facet normal -4.438014e-02 5.642767e-01 -8.243920e-01
      outer loop
         vertex 3.251599e+01 1.051565e+01 1.514182e+00
         vertex 3.320953e+01 1.672775e+01 5.728886e+00
         vertex 3.302479e+01 1.051003e+01 1.482946e+00
      endloop
   endfacet
   facet normal -3.457316e-02 5.642966e-01 -8.248479e-01
      outer loop
         vertex 3.302479e+01 1.051003e+01 1.482946e+00
         vertex 3.320953e+01 1.672775e+01 5.728886e+00
         vertex 3.353302e+01 1.050565e+01 1.458647e+00
      endloop
   endfacet
   facet normal -3.207970e-02 5.644319e-01 -8.248561e-01
      outer loop
         vertex 3.353302e+01 1.050565e+01 1.458647e+00
         vertex 3.320953e+01 1.672775e+01 5.728886e+00
         vertex 3.413612e+01 1.674444e+01 5.704267e+00
      endloop
   endfacet
   facet normal -2.474122e-02 5.640651e-01 -8.253596e-01
      outer loop
         vertex 3.353302e+01 1.050565e+01 1.458647e+00
         vertex 3.413612e+01 1.674444e+01 5.704267e+00
         vertex 3.404077e+01 1.050251e+01 1.441284e+00
      endloop
   endfacet
   facet normal -1.486523e-02 5.640726e-01 -8.255914e-01
      outer loop
         vertex 3.404077e+01 1.050251e+01 1.441284e+00
         vertex 3.413612e+01 1.674444e+01 5.704267e+00
         vertex 3.454808e+01 1.050063e+01 1.430863e+00
      endloop
   endfacet
   facet normal -1.078800e-02 5.642854e-01 -8.255093e-01
      outer loop
         vertex 3.454808e+01 1.050063e+01 1.430863e+00
         vertex 3.413612e+01 1.674444e+01 5.704267e+00
         vertex 3.505504e+01 1.675000e+01 5.696060e+00
      endloop
   endfacet
   facet normal -4.963723e-03 5.639891e-01 -8.257673e-01
      outer loop
         vertex 3.454808e+01 1.050063e+01 1.430863e+00
         vertex 3.505504e+01 1.675000e+01 5.696060e+00
         vertex 3.505504e+01 1.050000e+01 1.427386e+00
      endloop
   endfacet
   facet normal -2.892347e-01 5.706492e-01 -7.685719e-01
      outer loop
         vertex 1.862790e+01 1.105142e+01 4.926276e+00
         vertex 1.830643e+01 1.106936e+01 5.060576e+00
         vertex 1.905509e+01 1.291311e+01 6.147781e+00
      endloop
   endfacet
   facet normal -2.952307e-01 5.714052e-01 -7.657251e-01
      outer loop
         vertex 1.905509e+01 1.291311e+01 6.147781e+00
         vertex 1.830643e+01 1.106936e+01 5.060576e+00
         vertex 1.801286e+01 1.282134e+01 6.481140e+00
      endloop
   endfacet
   facet normal -2.952400e-01 5.713358e-01 -7.657733e-01
      outer loop
         vertex 1.905509e+01 1.291311e+01 6.147781e+00
         vertex 1.801286e+01 1.282134e+01 6.481140e+00
         vertex 1.838977e+01 1.514268e+01 8.067754e+00
      endloop
   endfacet
   facet normal -3.098589e-01 5.702856e-01 -7.607640e-01
      outer loop
         vertex 1.838977e+01 1.514268e+01 8.067754e+00
         vertex 1.801286e+01 1.282134e+01 6.481140e+00
         vertex 1.696566e+01 1.272401e+01 6.834703e+00
      endloop
   endfacet
   facet normal -3.135809e-01 5.713071e-01 -7.584690e-01
      outer loop
         vertex 1.838977e+01 1.514268e+01 8.067754e+00
         vertex 1.696566e+01 1.272401e+01 6.834703e+00
         vertex 1.734039e+01 1.494803e+01 8.354984e+00
      endloop
   endfacet
   facet normal -3.215984e-01 5.706814e-01 -7.555774e-01
      outer loop
         vertex 1.734039e+01 1.494803e+01 8.354984e+00
         vertex 1.696566e+01 1.272401e+01 6.834703e+00
         vertex 1.566877e+01 1.121792e+01 6.249161e+00
      endloop
   endfacet
   facet normal -3.274039e-01 5.715158e-01 -7.524469e-01
      outer loop
         vertex 1.734039e+01 1.494803e+01 8.354984e+00
         vertex 1.566877e+01 1.121792e+01 6.249161e+00
         vertex 1.628335e+01 1.474224e+01 8.658626e+00
      endloop
   endfacet
   facet normal -3.314962e-01 5.711785e-01 -7.509097e-01
      outer loop
         vertex 1.628335e+01 1.474224e+01 8.658626e+00
         vertex 1.566877e+01 1.121792e+01 6.249161e+00
         vertex 1.521969e+01 1.124309e+01 6.466561e+00
      endloop
   endfacet
   facet normal -3.408209e-01 5.713219e-01 -7.466140e-01
      outer loop
         vertex 1.628335e+01 1.474224e+01 8.658626e+00
         vertex 1.521969e+01 1.124309e+01 6.466561e+00
         vertex 1.521862e+01 1.452534e+01 8.978682e+00
      endloop
   endfacet
   facet normal -3.384077e-01 5.718520e-01 -7.473055e-01
      outer loop
         vertex 1.521862e+01 1.452534e+01 8.978682e+00
         vertex 1.521969e+01 1.124309e+01 6.466561e+00
         vertex 1.459498e+01 1.127788e+01 6.776071e+00
      endloop
   endfacet
   facet normal -3.468386e-01 5.711884e-01 -7.439401e-01
      outer loop
         vertex 1.521862e+01 1.452534e+01 8.978682e+00
         vertex 1.459498e+01 1.127788e+01 6.776071e+00
         vertex 1.396757e+01 1.131243e+01 7.095108e+00
      endloop
   endfacet
   facet normal -4.613262e-01 5.652811e-01 -6.838388e-01
      outer loop
         vertex 4.300167e+00 1.171352e+01 1.295458e+01
         vertex 3.941984e+00 1.172078e+01 1.320221e+01
         vertex 4.149320e+00 1.174452e+01 1.308196e+01
      endloop
   endfacet
   facet normal -4.599730e-01 5.703944e-01 -6.804961e-01
      outer loop
         vertex 4.149320e+00 1.174452e+01 1.308196e+01
         vertex 3.941984e+00 1.172078e+01 1.320221e+01
         vertex 4.424354e+00 1.298903e+01 1.393921e+01
      endloop
   endfacet
   facet normal -4.542054e-01 5.712748e-01 -6.836246e-01
      outer loop
         vertex 4.149320e+00 1.174452e+01 1.308196e+01
         vertex 4.424354e+00 1.298903e+01 1.393921e+01
         vertex 5.290783e+00 1.207265e+01 1.259777e+01
      endloop
   endfacet
   facet normal -4.559612e-01 5.697574e-01 -6.837221e-01
      outer loop
         vertex 5.290783e+00 1.207265e+01 1.259777e+01
         vertex 4.424354e+00 1.298903e+01 1.393921e+01
         vertex 5.635116e+00 1.364531e+01 1.367866e+01
      endloop
   endfacet
   facet normal -4.444105e-01 5.714599e-01 -6.898789e-01
      outer loop
         vertex 5.290783e+00 1.207265e+01 1.259777e+01
         vertex 5.635116e+00 1.364531e+01 1.367866e+01
         vertex 6.424572e+00 1.238967e+01 1.213000e+01
      endloop
   endfacet
   facet normal -4.466482e-01 5.698812e-01 -6.897396e-01
      outer loop
         vertex 6.424572e+00 1.238967e+01 1.213000e+01
         vertex 5.635116e+00 1.364531e+01 1.367866e+01
         vertex 6.832792e+00 1.427933e+01 1.342694e+01
      endloop
   endfacet
   facet normal -4.342995e-01 5.716187e-01 -6.961580e-01
      outer loop
         vertex 6.424572e+00 1.238967e+01 1.213000e+01
         vertex 6.832792e+00 1.427933e+01 1.342694e+01
         vertex 7.550687e+00 1.269556e+01 1.167864e+01
      endloop
   endfacet
   facet normal -4.370291e-01 5.699794e-01 -6.957938e-01
      outer loop
         vertex 7.550687e+00 1.269556e+01 1.167864e+01
         vertex 6.832792e+00 1.427933e+01 1.342694e+01
         vertex 8.017382e+00 1.489112e+01 1.318406e+01
      endloop
   endfacet
   facet normal -4.238616e-01 5.717487e-01 -7.024563e-01
      outer loop
         vertex 7.550687e+00 1.269556e+01 1.167864e+01
         vertex 8.017382e+00 1.489112e+01 1.318406e+01
         vertex 8.669128e+00 1.299033e+01 1.124369e+01
      endloop
   endfacet
   facet normal -4.270928e-01 5.700511e-01 -7.018786e-01
      outer loop
         vertex 8.669128e+00 1.299033e+01 1.124369e+01
         vertex 8.017382e+00 1.489112e+01 1.318406e+01
         vertex 9.188887e+00 1.548065e+01 1.295001e+01
      endloop
   endfacet
   facet normal -4.130874e-01 5.718473e-01 -7.087662e-01
      outer loop
         vertex 8.669128e+00 1.299033e+01 1.124369e+01
         vertex 9.188887e+00 1.548065e+01 1.295001e+01
         vertex 9.779895e+00 1.327397e+01 1.082516e+01
      endloop
   endfacet
   facet normal -4.168277e-01 5.700954e-01 -7.079872e-01
      outer loop
         vertex 9.779895e+00 1.327397e+01 1.082516e+01
         vertex 9.188887e+00 1.548065e+01 1.295001e+01
         vertex 1.034731e+01 1.604794e+01 1.272479e+01
      endloop
   endfacet
   facet normal -4.019669e-01 5.719125e-01 -7.150795e-01
      outer loop
         vertex 9.779895e+00 1.327397e+01 1.082516e+01
         vertex 1.034731e+01 1.604794e+01 1.272479e+01
         vertex 1.088299e+01 1.354649e+01 1.042303e+01
      endloop
   endfacet
   facet normal -4.062218e-01 5.701115e-01 -7.141125e-01
      outer loop
         vertex 1.088299e+01 1.354649e+01 1.042303e+01
         vertex 1.034731e+01 1.604794e+01 1.272479e+01
         vertex 1.149264e+01 1.659298e+01 1.250840e+01
      endloop
   endfacet
   facet normal -3.904891e-01 5.719429e-01 -7.213873e-01
      outer loop
         vertex 1.088299e+01 1.354649e+01 1.042303e+01
         vertex 1.149264e+01 1.659298e+01 1.250840e+01
         vertex 1.197841e+01 1.380789e+01 1.003733e+01
      endloop
   endfacet
   facet normal -3.952629e-01 5.700982e-01 -7.202467e-01
      outer loop
         vertex 1.197841e+01 1.380789e+01 1.003733e+01
         vertex 1.149264e+01 1.659298e+01 1.250840e+01
         vertex 1.262489e+01 1.711578e+01 1.230084e+01
      endloop
   endfacet
   facet normal -3.786447e-01 5.719363e-01 -7.276792e-01
      outer loop
         vertex 1.197841e+01 1.380789e+01 1.003733e+01
         vertex 1.262489e+01 1.711578e+01 1.230084e+01
         vertex 1.306615e+01 1.405816e+01 9.668032e+00
      endloop
   endfacet
   facet normal -3.839376e-01 5.700547e-01 -7.263811e-01
      outer loop
         vertex 1.306615e+01 1.405816e+01 9.668032e+00
         vertex 1.262489e+01 1.711578e+01 1.230084e+01
         vertex 1.374406e+01 1.761632e+01 1.210212e+01
      endloop
   endfacet
   facet normal -3.664237e-01 5.718916e-01 -7.339439e-01
      outer loop
         vertex 1.306615e+01 1.405816e+01 9.668032e+00
         vertex 1.374406e+01 1.761632e+01 1.210212e+01
         vertex 1.414622e+01 1.429731e+01 9.315150e+00
      endloop
   endfacet
   facet normal -3.722334e-01 5.699801e-01 -7.325059e-01
      outer loop
         vertex 1.414622e+01 1.429731e+01 9.315150e+00
         vertex 1.374406e+01 1.761632e+01 1.210212e+01
         vertex 1.485013e+01 1.809463e+01 1.191223e+01
      endloop
   endfacet
   facet normal -3.538163e-01 5.718073e-01 -7.401692e-01
      outer loop
         vertex 1.414622e+01 1.429731e+01 9.315150e+00
         vertex 1.485013e+01 1.809463e+01 1.191223e+01
         vertex 1.521862e+01 1.452534e+01 8.978682e+00
      endloop
   endfacet
   facet normal -3.601366e-01 5.698737e-01 -7.386106e-01
      outer loop
         vertex 1.521862e+01 1.452534e+01 8.978682e+00
         vertex 1.485013e+01 1.809463e+01 1.191223e+01
         vertex 1.594313e+01 1.855068e+01 1.173117e+01
      endloop
   endfacet
   facet normal -3.408125e-01 5.716823e-01 -7.463419e-01
      outer loop
         vertex 1.521862e+01 1.452534e+01 8.978682e+00
         vertex 1.594313e+01 1.855068e+01 1.173117e+01
         vertex 1.628335e+01 1.474224e+01 8.658626e+00
      endloop
   endfacet
   facet normal -3.476321e-01 5.697352e-01 -7.446836e-01
      outer loop
         vertex 1.628335e+01 1.474224e+01 8.658626e+00
         vertex 1.594313e+01 1.855068e+01 1.173117e+01
         vertex 1.702303e+01 1.898449e+01 1.155894e+01
      endloop
   endfacet
   facet normal -3.274039e-01 5.715158e-01 -7.524470e-01
      outer loop
         vertex 1.628335e+01 1.474224e+01 8.658626e+00
         vertex 1.702303e+01 1.898449e+01 1.155894e+01
         vertex 1.734039e+01 1.494803e+01 8.354984e+00
      endloop
   endfacet
   facet normal -3.347083e-01 5.695638e-01 -7.507113e-01
      outer loop
         vertex 1.734039e+01 1.494803e+01 8.354984e+00
         vertex 1.702303e+01 1.898449e+01 1.155894e+01
         vertex 1.808985e+01 1.939605e+01 1.139555e+01
      endloop
   endfacet
   facet normal -3.135809e-01 5.713070e-01 -7.584691e-01
      outer loop
         vertex 1.734039e+01 1.494803e+01 8.354984e+00
         vertex 1.808985e+01 1.939605e+01 1.139555e+01
         vertex 1.838977e+01 1.514268e+01 8.067754e+00
      endloop
   endfacet
   facet normal -2.733705e-01 5.701989e-01 -7.746881e-01
      outer loop
         vertex 2.046550e+01 1.549863e+01 7.542535e+00
         vertex 2.121181e+01 2.049726e+01 1.095835e+01
         vertex 2.097963e+01 1.558066e+01 7.421488e+00
      endloop
   endfacet
   facet normal -2.823092e-01 5.689650e-01 -7.723861e-01
      outer loop
         vertex 2.097963e+01 1.558066e+01 7.421488e+00
         vertex 2.121181e+01 2.049726e+01 1.095835e+01
         vertex 2.172068e+01 2.066133e+01 1.089322e+01
      endloop
   endfacet
   facet normal -2.657025e-01 5.700236e-01 -7.774801e-01
      outer loop
         vertex 2.097963e+01 1.558066e+01 7.421488e+00
         vertex 2.172068e+01 2.066133e+01 1.089322e+01
         vertex 2.149185e+01 1.565992e+01 7.304545e+00
      endloop
   endfacet
   facet normal -2.748058e-01 5.688067e-01 -7.752036e-01
      outer loop
         vertex 2.149185e+01 1.565992e+01 7.304545e+00
         vertex 2.172068e+01 2.066133e+01 1.089322e+01
         vertex 2.222629e+01 2.081983e+01 1.083029e+01
      endloop
   endfacet
   facet normal -2.579236e-01 5.698385e-01 -7.802304e-01
      outer loop
         vertex 2.149185e+01 1.565992e+01 7.304545e+00
         vertex 2.222629e+01 2.081983e+01 1.083029e+01
         vertex 2.200215e+01 1.573639e+01 7.191705e+00
      endloop
   endfacet
   facet normal -2.671763e-01 5.686410e-01 -7.779873e-01
      outer loop
         vertex 2.200215e+01 1.573639e+01 7.191705e+00
         vertex 2.222629e+01 2.081983e+01 1.083029e+01
         vertex 2.272862e+01 2.097278e+01 1.076957e+01
      endloop
   endfacet
   facet normal -2.500328e-01 5.696441e-01 -7.829363e-01
      outer loop
         vertex 2.200215e+01 1.573639e+01 7.191705e+00
         vertex 2.272862e+01 2.097278e+01 1.076957e+01
         vertex 2.251053e+01 1.581008e+01 7.082968e+00
      endloop
   endfacet
   facet normal -2.594188e-01 5.684681e-01 -7.807342e-01
      outer loop
         vertex 2.251053e+01 1.581008e+01 7.082968e+00
         vertex 2.272862e+01 2.097278e+01 1.076957e+01
         vertex 2.322768e+01 2.112016e+01 1.071105e+01
      endloop
   endfacet
   facet normal -2.420307e-01 5.694405e-01 -7.855945e-01
      outer loop
         vertex 2.251053e+01 1.581008e+01 7.082968e+00
         vertex 2.322768e+01 2.112016e+01 1.071105e+01
         vertex 2.301700e+01 1.588099e+01 6.978334e+00
      endloop
   endfacet
   facet normal -2.515327e-01 5.682883e-01 -7.834409e-01
      outer loop
         vertex 2.301700e+01 1.588099e+01 6.978334e+00
         vertex 2.322768e+01 2.112016e+01 1.071105e+01
         vertex 2.372347e+01 2.126198e+01 1.065475e+01
      endloop
   endfacet
   facet normal -2.339142e-01 5.692284e-01 -7.882025e-01
      outer loop
         vertex 2.301700e+01 1.588099e+01 6.978334e+00
         vertex 2.372347e+01 2.126198e+01 1.065475e+01
         vertex 2.352154e+01 1.594912e+01 6.877804e+00
      endloop
   endfacet
   facet normal -2.435152e-01 5.681019e-01 -7.861047e-01
      outer loop
         vertex 2.352154e+01 1.594912e+01 6.877804e+00
         vertex 2.372347e+01 2.126198e+01 1.065475e+01
         vertex 2.421599e+01 2.139825e+01 1.060065e+01
      endloop
   endfacet
   facet normal -2.256843e-01 5.690079e-01 -7.907570e-01
      outer loop
         vertex 2.352154e+01 1.594912e+01 6.877804e+00
         vertex 2.421599e+01 2.139825e+01 1.060065e+01
         vertex 2.402416e+01 1.601447e+01 6.781377e+00
      endloop
   endfacet
   facet normal -2.353628e-01 5.679095e-01 -7.887225e-01
      outer loop
         vertex 2.402416e+01 1.601447e+01 6.781377e+00
         vertex 2.421599e+01 2.139825e+01 1.060065e+01
         vertex 2.470524e+01 2.152894e+01 1.054876e+01
      endloop
   endfacet
   facet normal -2.173408e-01 5.687798e-01 -7.932544e-01
      outer loop
         vertex 2.402416e+01 1.601447e+01 6.781377e+00
         vertex 2.470524e+01 2.152894e+01 1.054876e+01
         vertex 2.452487e+01 1.607704e+01 6.689053e+00
      endloop
   endfacet
   facet normal -2.270762e-01 5.677113e-01 -7.912902e-01
      outer loop
         vertex 2.452487e+01 1.607704e+01 6.689053e+00
         vertex 2.470524e+01 2.152894e+01 1.054876e+01
         vertex 2.519122e+01 2.165408e+01 1.049908e+01
      endloop
   endfacet
   facet normal -2.088826e-01 5.685445e-01 -7.956917e-01
      outer loop
         vertex 2.452487e+01 1.607704e+01 6.689053e+00
         vertex 2.519122e+01 2.165408e+01 1.049908e+01
         vertex 2.502366e+01 1.613683e+01 6.600833e+00
      endloop
   endfacet
   facet normal -2.186522e-01 5.675079e-01 -7.938047e-01
      outer loop
         vertex 2.502366e+01 1.613683e+01 6.600833e+00
         vertex 2.519122e+01 2.165408e+01 1.049908e+01
         vertex 2.567392e+01 2.177366e+01 1.045161e+01
      endloop
   endfacet
   facet normal -2.003104e-01 5.683025e-01 -7.980652e-01
      outer loop
         vertex 2.502366e+01 1.613683e+01 6.600833e+00
         vertex 2.567392e+01 2.177366e+01 1.045161e+01
         vertex 2.552053e+01 1.619384e+01 6.516716e+00
      endloop
   endfacet
   facet normal -2.100872e-01 5.673001e-01 -7.962625e-01
      outer loop
         vertex 2.552053e+01 1.619384e+01 6.516716e+00
         vertex 2.567392e+01 2.177366e+01 1.045161e+01
         vertex 2.615335e+01 2.188767e+01 1.040634e+01
      endloop
   endfacet
   facet normal -1.916226e-01 5.680548e-01 -8.003715e-01
      outer loop
         vertex 2.552053e+01 1.619384e+01 6.516716e+00
         vertex 2.615335e+01 2.188767e+01 1.040634e+01
         vertex 2.601548e+01 1.624806e+01 6.436702e+00
      endloop
   endfacet
   facet normal -2.013802e-01 5.670883e-01 -7.986594e-01
      outer loop
         vertex 2.601548e+01 1.624806e+01 6.436702e+00
         vertex 2.615335e+01 2.188767e+01 1.040634e+01
         vertex 2.662952e+01 2.199612e+01 1.036329e+01
      endloop
   endfacet
   facet normal -1.828226e-01 5.678020e-01 -8.026063e-01
      outer loop
         vertex 2.601548e+01 1.624806e+01 6.436702e+00
         vertex 2.662952e+01 2.199612e+01 1.036329e+01
         vertex 2.650851e+01 1.629951e+01 6.360791e+00
      endloop
   endfacet
   facet normal -1.925291e-01 5.668735e-01 -8.009913e-01
      outer loop
         vertex 2.650851e+01 1.629951e+01 6.360791e+00
         vertex 2.662952e+01 2.199612e+01 1.036329e+01
         vertex 2.710241e+01 2.209901e+01 1.032244e+01
      endloop
   endfacet
   facet normal -1.739045e-01 5.675453e-01 -8.047668e-01
      outer loop
         vertex 2.650851e+01 1.629951e+01 6.360791e+00
         vertex 2.710241e+01 2.209901e+01 1.032244e+01
         vertex 2.699963e+01 1.634817e+01 6.288984e+00
      endloop
   endfacet
   facet normal -1.835319e-01 5.666562e-01 -8.032538e-01
      outer loop
         vertex 2.699963e+01 1.634817e+01 6.288984e+00
         vertex 2.710241e+01 2.209901e+01 1.032244e+01
         vertex 2.757203e+01 2.219634e+01 1.028380e+01
      endloop
   endfacet
   facet normal -1.648755e-01 5.672852e-01 -8.068479e-01
      outer loop
         vertex 2.699963e+01 1.634817e+01 6.288984e+00
         vertex 2.757203e+01 2.219634e+01 1.028380e+01
         vertex 2.748882e+01 1.639405e+01 6.221280e+00
      endloop
   endfacet
   facet normal -1.743881e-01 5.664375e-01 -8.054423e-01
      outer loop
         vertex 2.748882e+01 1.639405e+01 6.221280e+00
         vertex 2.757203e+01 2.219634e+01 1.028380e+01
         vertex 2.803837e+01 2.228811e+01 1.024736e+01
      endloop
   endfacet
   facet normal -1.557297e-01 5.670233e-01 -8.088466e-01
      outer loop
         vertex 2.748882e+01 1.639405e+01 6.221280e+00
         vertex 2.803837e+01 2.228811e+01 1.024736e+01
         vertex 2.797610e+01 1.643716e+01 6.157679e+00
      endloop
   endfacet
   facet normal -1.650893e-01 5.662187e-01 -8.075530e-01
      outer loop
         vertex 2.797610e+01 1.643716e+01 6.157679e+00
         vertex 2.803837e+01 2.228811e+01 1.024736e+01
         vertex 2.850145e+01 2.237431e+01 1.021314e+01
      endloop
   endfacet
   facet normal -1.464712e-01 5.667605e-01 -8.107581e-01
      outer loop
         vertex 2.797610e+01 1.643716e+01 6.157679e+00
         vertex 2.850145e+01 2.237431e+01 1.021314e+01
         vertex 2.846146e+01 1.647748e+01 6.098181e+00
      endloop
   endfacet
   facet normal -1.556411e-01 5.660004e-01 -8.095797e-01
      outer loop
         vertex 2.846146e+01 1.647748e+01 6.098181e+00
         vertex 2.850145e+01 2.237431e+01 1.021314e+01
         vertex 2.896126e+01 2.245496e+01 1.018112e+01
      endloop
   endfacet
   facet normal -1.370988e-01 5.664983e-01 -8.125784e-01
      outer loop
         vertex 2.846146e+01 1.647748e+01 6.098181e+00
         vertex 2.896126e+01 2.245496e+01 1.018112e+01
         vertex 2.894490e+01 1.651502e+01 6.042787e+00
      endloop
   endfacet
   facet normal -1.460359e-01 5.657842e-01 -8.115182e-01
      outer loop
         vertex 2.894490e+01 1.651502e+01 6.042787e+00
         vertex 2.896126e+01 2.245496e+01 1.018112e+01
         vertex 2.941779e+01 2.253004e+01 1.015131e+01
      endloop
   endfacet
   facet normal -1.276137e-01 5.662380e-01 -8.143029e-01
      outer loop
         vertex 2.894490e+01 1.651502e+01 6.042787e+00
         vertex 2.941779e+01 2.253004e+01 1.015131e+01
         vertex 2.942642e+01 1.654978e+01 5.991496e+00
      endloop
   endfacet
   facet normal -1.362747e-01 5.655713e-01 -8.133624e-01
      outer loop
         vertex 2.942642e+01 1.654978e+01 5.991496e+00
         vertex 2.941779e+01 2.253004e+01 1.015131e+01
         vertex 2.987105e+01 2.259956e+01 1.012371e+01
      endloop
   endfacet
   facet normal -1.131770e-01 5.660576e-01 -8.165597e-01
      outer loop
         vertex 2.942642e+01 1.654978e+01 5.991496e+00
         vertex 2.987105e+01 2.259956e+01 1.012371e+01
         vertex 3.038371e+01 1.661096e+01 5.901224e+00
      endloop
   endfacet
   facet normal -1.213089e-01 5.650367e-01 -8.160991e-01
      outer loop
         vertex 3.038371e+01 1.661096e+01 5.901224e+00
         vertex 2.987105e+01 2.259956e+01 1.012371e+01
         vertex 3.076777e+01 2.272192e+01 1.007514e+01
      endloop
   endfacet
   facet normal -9.354080e-02 5.655437e-01 -8.193964e-01
      outer loop
         vertex 3.038371e+01 1.661096e+01 5.901224e+00
         vertex 3.076777e+01 2.272192e+01 1.007514e+01
         vertex 3.133332e+01 1.666101e+01 5.827365e+00
      endloop
   endfacet
   facet normal -1.008189e-01 5.646780e-01 -8.191302e-01
      outer loop
         vertex 3.133332e+01 1.666101e+01 5.827365e+00
         vertex 3.076777e+01 2.272192e+01 1.007514e+01
         vertex 3.165139e+01 2.282203e+01 1.003539e+01
      endloop
   endfacet
   facet normal -7.347187e-02 5.650671e-01 -8.217670e-01
      outer loop
         vertex 3.133332e+01 1.666101e+01 5.827365e+00
         vertex 3.165139e+01 2.282203e+01 1.003539e+01
         vertex 3.227526e+01 1.669995e+01 5.769920e+00
      endloop
   endfacet
   facet normal -7.965564e-02 5.643695e-01 -8.216703e-01
      outer loop
         vertex 3.227526e+01 1.669995e+01 5.769920e+00
         vertex 3.165139e+01 2.282203e+01 1.003539e+01
         vertex 3.252193e+01 2.289989e+01 1.000448e+01
      endloop
   endfacet
   facet normal -5.298070e-02 5.646469e-01 -8.236303e-01
      outer loop
         vertex 3.227526e+01 1.669995e+01 5.769920e+00
         vertex 3.252193e+01 2.289989e+01 1.000448e+01
         vertex 3.320953e+01 1.672775e+01 5.728886e+00
      endloop
   endfacet
   facet normal -5.780104e-02 5.641305e-01 -8.236600e-01
      outer loop
         vertex 3.320953e+01 1.672775e+01 5.728886e+00
         vertex 3.252193e+01 2.289989e+01 1.000448e+01
         vertex 3.337939e+01 2.295551e+01 9.982399e+00
      endloop
   endfacet
   facet normal -3.207973e-02 5.643051e-01 -8.249428e-01
      outer loop
         vertex 3.320953e+01 1.672775e+01 5.728886e+00
         vertex 3.337939e+01 2.295551e+01 9.982399e+00
         vertex 3.413612e+01 1.674444e+01 5.704267e+00
      endloop
   endfacet
   facet normal -3.523361e-02 5.639837e-01 -8.250340e-01
      outer loop
         vertex 3.413612e+01 1.674444e+01 5.704267e+00
         vertex 3.337939e+01 2.295551e+01 9.982399e+00
         vertex 3.422376e+01 2.298888e+01 9.969150e+00
      endloop
   endfacet
   facet normal -1.078801e-02 5.640671e-01 -8.256585e-01
      outer loop
         vertex 3.413612e+01 1.674444e+01 5.704267e+00
         vertex 3.422376e+01 2.298888e+01 9.969150e+00
         vertex 3.505504e+01 1.675000e+01 5.696060e+00
      endloop
   endfacet
   facet normal -1.193281e-02 5.639559e-01 -8.257187e-01
      outer loop
         vertex 3.505504e+01 1.675000e+01 5.696060e+00
         vertex 3.422376e+01 2.298888e+01 9.969150e+00
         vertex 3.505504e+01 2.300000e+01 9.964734e+00
      endloop
   endfacet
   facet normal -2.969494e-01 5.692581e-01 -7.666592e-01
      outer loop
         vertex 2.069966e+01 2.032763e+01 1.102570e+01
         vertex 1.994944e+01 1.541381e+01 7.667685e+00
         vertex 2.018424e+01 2.015244e+01 1.109525e+01
      endloop
   endfacet
   facet normal -2.883734e-01 5.705200e-01 -7.689913e-01
      outer loop
         vertex 2.018424e+01 2.015244e+01 1.109525e+01
         vertex 1.994944e+01 1.541381e+01 7.667685e+00
         vertex 1.943147e+01 1.532622e+01 7.796938e+00
      endloop
   endfacet
   facet normal -3.040899e-01 5.693927e-01 -7.637548e-01
      outer loop
         vertex 2.018424e+01 2.015244e+01 1.109525e+01
         vertex 1.943147e+01 1.532622e+01 7.796938e+00
         vertex 1.966555e+01 1.997168e+01 1.116701e+01
      endloop
   endfacet
   facet normal -2.957128e-01 5.706652e-01 -7.660908e-01
      outer loop
         vertex 1.966555e+01 1.997168e+01 1.116701e+01
         vertex 1.943147e+01 1.532622e+01 7.796938e+00
         vertex 1.891158e+01 1.523584e+01 7.930295e+00
      endloop
   endfacet
   facet normal -3.111106e-01 5.695192e-01 -7.608272e-01
      outer loop
         vertex 1.966555e+01 1.997168e+01 1.116701e+01
         vertex 1.891158e+01 1.523584e+01 7.930295e+00
         vertex 1.914359e+01 1.978537e+01 1.124098e+01
      endloop
   endfacet
   facet normal -3.213469e-01 5.693600e-01 -7.566805e-01
      outer loop
         vertex 1.808985e+01 1.939605e+01 1.139555e+01
         vertex 1.914359e+01 1.978537e+01 1.124098e+01
         vertex 1.838977e+01 1.514268e+01 8.067754e+00
      endloop
   endfacet
   facet normal -3.029411e-01 5.708004e-01 -7.631603e-01
      outer loop
         vertex 1.838977e+01 1.514268e+01 8.067754e+00
         vertex 1.914359e+01 1.978537e+01 1.124098e+01
         vertex 1.891158e+01 1.523584e+01 7.930295e+00
      endloop
   endfacet
   facet normal -3.029808e-01 5.683410e-01 -7.649779e-01
      outer loop
         vertex 1.838977e+01 1.514268e+01 8.067754e+00
         vertex 1.891158e+01 1.523584e+01 7.930295e+00
         vertex 1.905509e+01 1.291311e+01 6.147781e+00
      endloop
   endfacet
   facet normal -2.957229e-01 5.700130e-01 -7.665723e-01
      outer loop
         vertex 1.905509e+01 1.291311e+01 6.147781e+00
         vertex 1.891158e+01 1.523584e+01 7.930295e+00
         vertex 1.943147e+01 1.532622e+01 7.796938e+00
      endloop
   endfacet
   facet normal -2.803971e-01 5.710300e-01 -7.715583e-01
      outer loop
         vertex 1.905509e+01 1.291311e+01 6.147781e+00
         vertex 1.943147e+01 1.532622e+01 7.796938e+00
         vertex 2.009234e+01 1.299931e+01 5.834625e+00
      endloop
   endfacet
   facet normal -2.884076e-01 5.680929e-01 -7.707733e-01
      outer loop
         vertex 2.009234e+01 1.299931e+01 5.834625e+00
         vertex 1.943147e+01 1.532622e+01 7.796938e+00
         vertex 1.994944e+01 1.541381e+01 7.667685e+00
      endloop
   endfacet
   facet normal -2.809354e-01 5.697183e-01 -7.723317e-01
      outer loop
         vertex 2.009234e+01 1.299931e+01 5.834625e+00
         vertex 1.994944e+01 1.541381e+01 7.667685e+00
         vertex 2.046550e+01 1.549863e+01 7.542535e+00
      endloop
   endfacet
   facet normal -2.809267e-01 5.703645e-01 -7.718579e-01
      outer loop
         vertex 2.046550e+01 1.549863e+01 7.542535e+00
         vertex 1.994944e+01 1.541381e+01 7.667685e+00
         vertex 2.069966e+01 2.032763e+01 1.102570e+01
      endloop
   endfacet
   facet normal -2.896895e-01 5.691155e-01 -7.695372e-01
      outer loop
         vertex 2.046550e+01 1.549863e+01 7.542535e+00
         vertex 2.069966e+01 2.032763e+01 1.102570e+01
         vertex 2.121181e+01 2.049726e+01 1.095835e+01
      endloop
   endfacet
endsolid newshell_supersonic_trapezoid