ISO-10303-21;
HEADER;
FILE_DESCRIPTION (( 'STEP AP214' ),
    '1' );
FILE_NAME ('newshell_supersonic_trapezoid_noGlass_mold.STEP',
    '2025-10-06T17:14:49',
    ( '' ),
    ( '' ),
    'SwSTEP 2.0',
    'SolidWorks 2025',
    '' );
FILE_SCHEMA (( 'AUTOMOTIVE_DESIGN' ));
ENDSEC;

DATA;
#1 = CARTESIAN_POINT ( 'NONE',  ( -39.25064183829849895, 1.898668045282624561, -2.230895800473550850 ) ) ;
#2 = EDGE_LOOP ( 'NONE', ( #1488, #689, #748 ) ) ;
#3 = CARTESIAN_POINT ( 'NONE',  ( 35.00000000000000000, 29.50681060269534228, 1.476840036906543974 ) ) ;
#4 = SURFACE_STYLE_USAGE ( .BOTH. , #762 ) ;
#5 = ORIENTED_EDGE ( 'NONE', *, *, #2090, .F. ) ;
#6 = FILL_AREA_STYLE_COLOUR ( '', #554 ) ;
#7 = STYLED_ITEM ( 'NONE', ( #1201 ), #526 ) ;
#8 = DIRECTION ( 'NONE',  ( 0.000000000000000000, 0.000000000000000000, 1.000000000000000000 ) ) ;
#9 = DIRECTION ( 'NONE',  ( 0.000000000000000000, 0.000000000000000000, 1.000000000000000000 ) ) ;
#10 = LINE ( 'NONE', #1710, #642 ) ;
#11 = CARTESIAN_POINT ( 'NONE',  ( 69.83055570924253175, 1.292045479676591668, 12.01218512384800796 ) ) ;
#12 = PRESENTATION_LAYER_ASSIGNMENT (  '', '', ( #51 ) ) ;
#13 =( NAMED_UNIT ( * ) PLANE_ANGLE_UNIT ( ) SI_UNIT ( $, .RADIAN. ) );
#14 = DIRECTION ( 'NONE',  ( -0.000000000000000000, 1.000000000000000000, -0.000000000000000000 ) ) ;
#15 = ADVANCED_FACE ( 'NONE', ( #1095, #1280 ), #1635, .T. ) ;
#16 = EDGE_LOOP ( 'NONE', ( #849, #459, #402, #759 ) ) ;
#17 = CARTESIAN_POINT ( 'NONE',  ( 35.00000000000000000, 24.00454040179689486, 4.651226691271030056 ) ) ;
#18 = ORIENTED_EDGE ( 'NONE', *, *, #487, .F. ) ;
#19 = CARTESIAN_POINT ( 'NONE',  ( 35.00000000000000000, 13.00000000000000000, 0.000000000000000000 ) ) ;
#20 = CARTESIAN_POINT ( 'NONE',  ( 111.5434796884646715, 2.567390744445674500E-13, -1.621047351867324071 ) ) ;
#21 = CARTESIAN_POINT ( 'NONE',  ( -18.47730673408869606, 1.837938433485744705, 7.741243305231330751 ) ) ;
#22 = CARTESIAN_POINT ( 'NONE',  ( -41.37384191280310830, 2.605674083943880248E-13, 3.393139421469558048 ) ) ;
#23 = CARTESIAN_POINT ( 'NONE',  ( -29.78215598069251868, 2.000000000000260236, -4.747743109306475695 ) ) ;
#24 = LINE ( 'NONE', #2248, #1271 ) ;
#25 = CARTESIAN_POINT ( 'NONE',  ( -50.44459283879149325, 0.1000000000004085260, 0.02820512820524346403 ) ) ;
#26 = EDGE_LOOP ( 'NONE', ( #1528, #1943, #1425 ) ) ;
#27 = FILL_AREA_STYLE_COLOUR ( '', #1030 ) ;
#28 =( LENGTH_UNIT ( ) NAMED_UNIT ( * ) SI_UNIT ( .MILLI., .METRE. ) );
#29 = CARTESIAN_POINT ( 'NONE',  ( 86.12002482720089347, 2.602085213965210642E-13, -10.42819996824901452 ) ) ;
#30 = SURFACE_SIDE_STYLE ('',( #220 ) ) ;
#31 = CARTESIAN_POINT ( 'NONE',  ( -0.1812203902189990778, 1.200705167871032319, 12.60667977251038074 ) ) ;
#32 = CARTESIAN_POINT ( 'NONE',  ( -38.71586566365656523, 2.193163247146062922, 1.855753516815898285 ) ) ;
#33 = DIRECTION ( 'NONE',  ( 0.000000000000000000, 1.000000000000000000, 0.000000000000000000 ) ) ;
#34 = CARTESIAN_POINT ( 'NONE',  ( 56.51258479714781657, 0.4826084704736869901, 16.38882737270356316 ) ) ;
#35 =( GEOMETRIC_REPRESENTATION_CONTEXT ( 3 ) GLOBAL_UNCERTAINTY_ASSIGNED_CONTEXT ( ( #2346 ) ) GLOBAL_UNIT_ASSIGNED_CONTEXT ( ( #960, #1752, #2332 ) ) REPRESENTATION_CONTEXT ( 'NONE', 'WORKASPACE' ) );
#36 = CARTESIAN_POINT ( 'NONE',  ( 71.80824101418707528, 12.38228851904708883, 5.236261039965341091 ) ) ;
#37 = CARTESIAN_POINT ( 'NONE',  ( -21.19272418079276576, 2.602085213965210642E-13, -9.091142144921461110 ) ) ;
#38 = ORIENTED_EDGE ( 'NONE', *, *, #78, .T. ) ;
#39 =( NAMED_UNIT ( * ) SI_UNIT ( $, .STERADIAN. ) SOLID_ANGLE_UNIT ( ) );
#40 = SURFACE_STYLE_FILL_AREA ( #1718 ) ;
#41 = CYLINDRICAL_SURFACE ( 'NONE', #2041, 5.000000000000000888 ) ;
#42 = CARTESIAN_POINT ( 'NONE',  ( 109.5005118135369742, 0.4749776330991332118, 2.888993348073410239 ) ) ;
#43 = MECHANICAL_DESIGN_GEOMETRIC_PRESENTATION_REPRESENTATION (  '', ( #2246 ), #2129 ) ;
#44 = EDGE_CURVE ( 'NONE', #545, #1222, #366, .T. ) ;
#45 = FILL_AREA_STYLE_COLOUR ( '', #596 ) ;
#46 = CARTESIAN_POINT ( 'NONE',  ( 111.0028039638129940, 0.05804992248924580045, 3.073597560592213451 ) ) ;
#47 = CARTESIAN_POINT ( 'NONE',  ( 3.471215067919575681, 1.035093131871900773, -13.58624704106376235 ) ) ;
#48 = UNCERTAINTY_MEASURE_WITH_UNIT (LENGTH_MEASURE( 1.000000000000000082E-05 ), #801, 'distance_accuracy_value', 'NONE');
#49 = CARTESIAN_POINT ( 'NONE',  ( -38.56092007633927921, 1.386067975580440148, 2.507869705995211529 ) ) ;
#50 = CARTESIAN_POINT ( 'NONE',  ( -38.42543389381003038, 2.176818419812780458, -2.450387086804481918 ) ) ;
#51 = STYLED_ITEM ( 'NONE', ( #1014 ), #1256 ) ;
#52 = CARTESIAN_POINT ( 'NONE',  ( 47.34610160501301124, -7.406158406138024120, 22.77278369587950380 ) ) ;
#53 =( GEOMETRIC_REPRESENTATION_CONTEXT ( 3 ) GLOBAL_UNCERTAINTY_ASSIGNED_CONTEXT ( ( #2239 ) ) GLOBAL_UNIT_ASSIGNED_CONTEXT ( ( #323, #1617, #2172 ) ) REPRESENTATION_CONTEXT ( 'NONE', 'WORKASPACE' ) );
#54 = SURFACE_STYLE_USAGE ( .BOTH. , #2148 ) ;
#55 =( LENGTH_UNIT ( ) NAMED_UNIT ( * ) SI_UNIT ( .MILLI., .METRE. ) );
#56 = CARTESIAN_POINT ( 'NONE',  ( 120.4446928387914966, 5.000000000000254019, -19.08930084773663083 ) ) ;
#57 = CARTESIAN_POINT ( 'NONE',  ( 110.0737976181931543, 0.4417475896116067058, 2.728120707128898648 ) ) ;
#58 = EDGE_CURVE ( 'NONE', #1311, #1125, #590, .T. ) ;
#59 = CARTESIAN_POINT ( 'NONE',  ( 97.61618454277882506, 2.081261272697721765, 4.808559034834787305 ) ) ;
#60 = CARTESIAN_POINT ( 'NONE',  ( 70.04996528675115997, 1.999999999995606403, 12.47102594675469689 ) ) ;
#61 = ORIENTED_EDGE ( 'NONE', *, *, #1019, .T. ) ;
#62 = CARTESIAN_POINT ( 'NONE',  ( 14.39353770120970033, 0.4245939230245562301, -16.65818178642327041 ) ) ;
#63 = FILL_AREA_STYLE ('',( #438 ) ) ;
#64 =( NAMED_UNIT ( * ) SI_UNIT ( $, .STERADIAN. ) SOLID_ANGLE_UNIT ( ) );
#65 = FILL_AREA_STYLE ('',( #1741 ) ) ;
#66 = DIRECTION ( 'NONE',  ( -0.000000000000000000, -1.000000000000000000, 0.000000000000000000 ) ) ;
#67 = ORIENTED_EDGE ( 'NONE', *, *, #396, .T. ) ;
#68 = B_SPLINE_CURVE_WITH_KNOTS ( 'NONE', 3,
 ( #322, #1616, #1895, #249 ),
 .UNSPECIFIED., .F., .F.,
 ( 4, 4 ),
 ( 0.06223774187132464358, 0.07527523941121976037 ),
 .UNSPECIFIED. ) ;
#69 = SURFACE_STYLE_FILL_AREA ( #1757 ) ;
#70 = CARTESIAN_POINT ( 'NONE',  ( 60.35165063982952205, 2.602085213965210137E-13, 16.86667076746696026 ) ) ;
#71 = CARTESIAN_POINT ( 'NONE',  ( 110.5062818378326597, 0.1831888792005133548, 2.638095465422565677 ) ) ;
#72 = CARTESIAN_POINT ( 'NONE',  ( 109.6440832940304659, 0.7637872076537985944, -1.842321315747937005 ) ) ;
#73 = PRESENTATION_STYLE_ASSIGNMENT (( #1209 ) ) ;
#74 = CARTESIAN_POINT ( 'NONE',  ( 0.1685425694178707412, 1.292080689109382341, 12.01196181292913145 ) ) ;
#75 = CARTESIAN_POINT ( 'NONE',  ( -39.29018882530770185, 1.584348186431258076, 2.251967883825979122 ) ) ;
#76 = CARTESIAN_POINT ( 'NONE',  ( 33.86641278445782888, 0.03746186495414099982, -18.47838738560550098 ) ) ;
#77 = SURFACE_SIDE_STYLE ('',( #1940 ) ) ;
#78 = EDGE_CURVE ( 'NONE', #1820, #956, #1622, .T. ) ;
#79 =( LENGTH_UNIT ( ) NAMED_UNIT ( * ) SI_UNIT ( .MILLI., .METRE. ) );
#80 = EDGE_LOOP ( 'NONE', ( #1985, #1010, #113, #369 ) ) ;
#81 = CARTESIAN_POINT ( 'NONE',  ( 72.66185427710226463, 8.699999999999063149, -10.27011872232952960 ) ) ;
#82 = CARTESIAN_POINT ( 'NONE',  ( 109.8749486222086063, 0.5489754363745498189, -2.059014714821584047 ) ) ;
#83 = CARTESIAN_POINT ( 'NONE',  ( 35.00000000000000000, -11.10923760910651659, 24.90917554371529263 ) ) ;
#84 = CARTESIAN_POINT ( 'NONE',  ( 109.2506418373940988, 1.898668036365603440, 2.230895767617732339 ) ) ;
#85 = PRESENTATION_LAYER_ASSIGNMENT (  '', '', ( #2202 ) ) ;
#86 = CARTESIAN_POINT ( 'NONE',  ( 111.5433771363638300, 2.000000000000260236, 1.621074641484430368 ) ) ;
#87 = CARTESIAN_POINT ( 'NONE',  ( -10.95875289017360288, 1.687416081075752583, 9.190622981374833245 ) ) ;
#88 = CARTESIAN_POINT ( 'NONE',  ( 0.1686588852430820074, 1.292076169895518323, -12.01199067940675569 ) ) ;
#89 = ADVANCED_FACE ( 'NONE', ( #2244 ), #597, .F. ) ;
#90 = FACE_OUTER_BOUND ( 'NONE', #349, .T. ) ;
#91 = FACE_OUTER_BOUND ( 'NONE', #1211, .T. ) ;
#92 = COLOUR_RGB ( '',0.6196078431372549211, 0.4078431372549019551, 0.2000000000000000111 ) ;
#93 = VERTEX_POINT ( 'NONE', #1659 ) ;
#94 = CARTESIAN_POINT ( 'NONE',  ( 52.47396291820432879, 0.1811413489336687055, -17.73808001533474865 ) ) ;
#95 = VECTOR ( 'NONE', #1681, 1000.000000000000000 ) ;
#96 = CARTESIAN_POINT ( 'NONE',  ( 44.18032333083247210, 13.00000000000000000, 15.34615441267778735 ) ) ;
#97 = FACE_OUTER_BOUND ( 'NONE', #997, .T. ) ;
#98 = CARTESIAN_POINT ( 'NONE',  ( -1.808241015747101388, 12.38228851231748529, 5.236261043849411934 ) ) ;
#99 = CARTESIAN_POINT ( 'NONE',  ( 109.4731940041574063, 0.9790491590868666272, 1.679936778790424690 ) ) ;
#100 = DIRECTION ( 'NONE',  ( 0.000000000000000000, -1.000000000000000000, 0.000000000000000000 ) ) ;
#101 = FILL_AREA_STYLE_COLOUR ( '', #838 ) ;
#102 = B_SPLINE_CURVE_WITH_KNOTS ( 'NONE', 3,
 ( #368, #547, #1303, #2272, #229, #1377, #1158, #1716, #1899, #2283, #37, #2098, #1393, #430 ),
 .UNSPECIFIED., .F., .F.,
 ( 4, 2, 2, 2, 2, 2, 4 ),
 ( -0.002975986368320206275, 0.004977493595923945108, 0.01293097356016809606, 0.02088445352441224354, 0.02883793348865639622, 0.04474489341714469465, 0.06065185334563301389 ),
 .UNSPECIFIED. ) ;
#103 = CARTESIAN_POINT ( 'NONE',  ( 35.00000000000000000, 0.03746186495440055608, -18.47838738560337646 ) ) ;
#104 = CARTESIAN_POINT ( 'NONE',  ( -39.19110456279083365, 1.639076411318740600, 1.408690819107174086 ) ) ;
#105 = CARTESIAN_POINT ( 'NONE',  ( 25.81967666916753501, 13.00000000000000000, 13.17307720633882973 ) ) ;
#106 = VERTEX_POINT ( 'NONE', #897 ) ;
#107 = CARTESIAN_POINT ( 'NONE',  ( 44.18032333083247210, 13.00000000000000000, 3.666666666666669183 ) ) ;
#108 = CARTESIAN_POINT ( 'NONE',  ( -39.16312168003599226, 1.816787504614717497, -1.381493187611360973 ) ) ;
#109 = CARTESIAN_POINT ( 'NONE',  ( 23.22838808851810199, -3.703079202992012320, 20.63639184790509518 ) ) ;
#110 = CARTESIAN_POINT ( 'NONE',  ( 35.00000000000000000, 2.606352156530162024E-13, -18.50000000000000000 ) ) ;
#111 = LINE ( 'NONE', #1579, #1236 ) ;
#112 = CARTESIAN_POINT ( 'NONE',  ( 49.98425307853644739, 2.602085213965210642E-13, -19.08930084773662372 ) ) ;
#113 = ORIENTED_EDGE ( 'NONE', *, *, #2338, .F. ) ;
#114 =( NAMED_UNIT ( * ) PLANE_ANGLE_UNIT ( ) SI_UNIT ( $, .RADIAN. ) );
#115 = CARTESIAN_POINT ( 'NONE',  ( -40.36688942263567270, 0.2696693285484403346, -2.905115031727539598 ) ) ;
#116 = ORIENTED_EDGE ( 'NONE', *, *, #1096, .T. ) ;
#117 = CARTESIAN_POINT ( 'NONE',  ( 109.3506345130233797, 0.5605105053630582423, -2.830252163545310840 ) ) ;
#118 = CARTESIAN_POINT ( 'NONE',  ( -41.41066993880999547, 0.006870596531466321988, -3.421581533671504971 ) ) ;
#119 = FILL_AREA_STYLE_COLOUR ( '', #1611 ) ;
#120 = SURFACE_STYLE_FILL_AREA ( #1272 ) ;
#121 = CARTESIAN_POINT ( 'NONE',  ( 109.9760792141471910, 0.4734031305434788228, 2.152994905857417596 ) ) ;
#122 = CARTESIAN_POINT ( 'NONE',  ( -21.19226578568487085, 2.602085213965210642E-13, 9.091263196032059568 ) ) ;
#123 = MECHANICAL_DESIGN_GEOMETRIC_PRESENTATION_REPRESENTATION (  '', ( #1102 ), #1503 ) ;
#124 = ORIENTED_EDGE ( 'NONE', *, *, #954, .T. ) ;
#125 = PRESENTATION_LAYER_ASSIGNMENT (  '', '', ( #867 ) ) ;
#126 = B_SPLINE_CURVE_WITH_KNOTS ( 'NONE', 3,
 ( #2309, #786, #417, #1755, #2135, #1173, #1365, #259 ),
 .UNSPECIFIED., .F., .F.,
 ( 4, 2, 2, 4 ),
 ( 2.168404344971008868E-19, 0.0003516205713987889865, 0.0007032411427975777561, 0.001406482285595131877 ),
 .UNSPECIFIED. ) ;
#127 = MECHANICAL_DESIGN_GEOMETRIC_PRESENTATION_REPRESENTATION (  '', ( #7 ), #2291 ) ;
#128 = CARTESIAN_POINT ( 'NONE',  ( 99.95941374412258540, 2.000000000000260236, -4.702116350873183137 ) ) ;
#129 = CARTESIAN_POINT ( 'NONE',  ( -38.64704976139874049, 2.179323193320814589, 2.369957073736402631 ) ) ;
#130 = CARTESIAN_POINT ( 'NONE',  ( -40.07379761459955603, 0.4417475917314527267, -2.728120705601531526 ) ) ;
#131 = ORIENTED_EDGE ( 'NONE', *, *, #1982, .F. ) ;
#132 = VECTOR ( 'NONE', #2313, 1000.000000000000000 ) ;
#133 = CARTESIAN_POINT ( 'NONE',  ( 19.32444087729441407, 2.607888700846553587E-13, 18.71011074843913136 ) ) ;
#134 = CARTESIAN_POINT ( 'NONE',  ( -39.29484601762834473, 1.302851069216490743, -1.508904160601757916 ) ) ;
#135 = CARTESIAN_POINT ( 'NONE',  ( 17.95047793100163247, 0.1328659240298815103, 17.94430919226899235 ) ) ;
#136 = CARTESIAN_POINT ( 'NONE',  ( 25.14741037345520525, 8.666666666678036535, -13.50000000000000533 ) ) ;
#137 = PRESENTATION_LAYER_ASSIGNMENT (  '', '', ( #256 ) ) ;
#138 = SURFACE_STYLE_FILL_AREA ( #538 ) ;
#139 = DIRECTION ( 'NONE',  ( -0.000000000000000000, -1.000000000000000000, -0.000000000000000000 ) ) ;
#140 = CARTESIAN_POINT ( 'NONE',  ( -40.30620362298099479, 0.1546147716712388820, 3.192228182375708823 ) ) ;
#141 = EDGE_CURVE ( 'NONE', #279, #1743, #1761, .T. ) ;
#142 =( NAMED_UNIT ( * ) PLANE_ANGLE_UNIT ( ) SI_UNIT ( $, .RADIAN. ) );
#143 =( NAMED_UNIT ( * ) SI_UNIT ( $, .STERADIAN. ) SOLID_ANGLE_UNIT ( ) );
#144 = EDGE_LOOP ( 'NONE', ( #775, #153, #116, #1637 ) ) ;
#145 = CARTESIAN_POINT ( 'NONE',  ( -5.243411825767654300, 1.999999999995606403, -11.16455908358467575 ) ) ;
#146 = CARTESIAN_POINT ( 'NONE',  ( -39.86051870263745656, 0.5599265595993991873, -2.045486447422652621 ) ) ;
#147 = CARTESIAN_POINT ( 'NONE',  ( 35.00000000000000000, 24.00454038079820407, -4.651226703385524353 ) ) ;
#148 = DIRECTION ( 'NONE',  ( -0.000000000000000000, -1.000000000000000000, -0.000000000000000000 ) ) ;
#149 = SURFACE_SIDE_STYLE ('',( #1826 ) ) ;
#150 = EDGE_CURVE ( 'NONE', #545, #2263, #627, .T. ) ;
#151 = DIRECTION ( 'NONE',  ( -1.000000000000000000, 0.000000000000000000, 0.000000000000000000 ) ) ;
#152 = EDGE_CURVE ( 'NONE', #1685, #825, #1521, .T. ) ;
#153 = ORIENTED_EDGE ( 'NONE', *, *, #715, .F. ) ;
#154 = CARTESIAN_POINT ( 'NONE',  ( 20.76878415329865746, 2.602085213965210642E-13, -17.19808981271975412 ) ) ;
#155 = CARTESIAN_POINT ( 'NONE',  ( 72.66185427710226463, 8.699999999999063149, -7.361538461537677769 ) ) ;
#156 = B_SPLINE_CURVE_WITH_KNOTS ( 'NONE', 3,
 ( #2390, #1273, #485, #2378, #856, #1260, #1068, #1801 ),
 .UNSPECIFIED., .F., .F.,
 ( 4, 2, 2, 4 ),
 ( 1.514782153580211930E-17, 0.0003516194707905649620, 0.0007032389415811148535, 0.001406477883162215396 ),
 .UNSPECIFIED. ) ;
#157 = FACE_OUTER_BOUND ( 'NONE', #393, .T. ) ;
#158 = CARTESIAN_POINT ( 'NONE',  ( -36.35696539551213391, 2.000000000000260236, 3.000556062528856760 ) ) ;
#159 = CARTESIAN_POINT ( 'NONE',  ( -38.46413310587301737, 1.634243730430442909, 2.466941485405445000 ) ) ;
#160 = CARTESIAN_POINT ( 'NONE',  ( -34.19253280354874391, 2.177879330331654817, -3.576266821467260826 ) ) ;
#161 = STYLED_ITEM ( 'NONE', ( #1506 ), #776 ) ;
#162 =( GEOMETRIC_REPRESENTATION_CONTEXT ( 3 ) GLOBAL_UNCERTAINTY_ASSIGNED_CONTEXT ( ( #225 ) ) GLOBAL_UNIT_ASSIGNED_CONTEXT ( ( #316, #1018, #1275 ) ) REPRESENTATION_CONTEXT ( 'NONE', 'WORKASPACE' ) );
#163 = PRESENTATION_STYLE_ASSIGNMENT (( #518 ) ) ;
#164 = ORIENTED_EDGE ( 'NONE', *, *, #1189, .T. ) ;
#165 = STYLED_ITEM ( 'NONE', ( #1438 ), #571 ) ;
#166 = ADVANCED_FACE ( 'NONE', ( #1908 ), #1700, .T. ) ;
#167 = CARTESIAN_POINT ( 'NONE',  ( -38.71586566339496471, 2.193163247192335685, -1.855753516855032759 ) ) ;
#168 = CARTESIAN_POINT ( 'NONE',  ( 41.61948354229287617, 29.50681060132210476, -1.476840037673817330 ) ) ;
#169 = B_SPLINE_SURFACE_WITH_KNOTS ( 'NONE', 3, 3, ( 
 ( #800, #618, #2300, #609 ),
 ( #458, #2123, #2111, #996 ),
 ( #441, #1187, #1926, #217 ),
 ( #1350, #1742, #633, #810 ),
 ( #405, #1202, #1149, #1942 ),
 ( #1889, #955, #1705, #25 ),
 ( #1540, #653, #305, #687 ),
 ( #1819, #105, #1993, #1263 ),
 ( #489, #1254, #1416, #2004 ),
 ( #1058, #2335, #297, #644 ) ),
 .UNSPECIFIED., .F., .F., .F.,
 ( 4, 3, 3, 4 ),
 ( 4, 4 ),
 ( -0.2963287099553103543, 0.000000000000000000, 1.000000000000000000, 1.296328709955293590 ),
 ( 0.000000000000000000, 1.000000000000000000 ),
 .UNSPECIFIED. ) ;
#170 = PRESENTATION_STYLE_ASSIGNMENT (( #371 ) ) ;
#171 = CARTESIAN_POINT ( 'NONE',  ( -15.61327770172868590, 2.602085213965210642E-13, 8.493446668863466442 ) ) ;
#172 = CARTESIAN_POINT ( 'NONE',  ( 35.00000000000000000, 0.03746186469040729827, 18.47838738575553563 ) ) ;
#173 = DIRECTION ( 'NONE',  ( 0.000000000000000000, 0.000000000000000000, -1.000000000000000000 ) ) ;
#174 = COLOUR_RGB ( '',0.6196078431372549211, 0.4078431372549019551, 0.2000000000000000111 ) ;
#175 = CARTESIAN_POINT ( 'NONE',  ( -40.23248813423114711, 0.3011220810133708459, 2.389829625891529030 ) ) ;
#176 = ORIENTED_EDGE ( 'NONE', *, *, #1620, .T. ) ;
#177 = CARTESIAN_POINT ( 'NONE',  ( 74.67865316423898037, 3.398713550441666095E-11, 12.38284884282884057 ) ) ;
#178 = CARTESIAN_POINT ( 'NONE',  ( 35.00000000000000000, 8.666666666666754892, -13.49999999999999822 ) ) ;
#179 = ORIENTED_EDGE ( 'NONE', *, *, #715, .T. ) ;
#180 = EDGE_CURVE ( 'NONE', #599, #189, #248, .T. ) ;
#181 = CARTESIAN_POINT ( 'NONE',  ( -31.68531703277455946, 2.602085213965210642E-13, 6.313930765504677467 ) ) ;
#182 = FILL_AREA_STYLE_COLOUR ( '', #1223 ) ;
#183 = EDGE_CURVE ( 'NONE', #956, #599, #517, .T. ) ;
#184 = CARTESIAN_POINT ( 'NONE',  ( -39.47362954869401364, 1.102670250727390444, 2.361058090989812897 ) ) ;
#185 = CARTESIAN_POINT ( 'NONE',  ( -60.00000000000000000, -5.335670632184525530, 20.31923228304628992 ) ) ;
#186 = ORIENTED_EDGE ( 'NONE', *, *, #1690, .F. ) ;
#187 = CARTESIAN_POINT ( 'NONE',  ( -39.50051179017431480, 0.4749776452255951575, -2.888993339470009136 ) ) ;
#188 = CARTESIAN_POINT ( 'NONE',  ( 46.77161191149080821, -3.703079203049088886, -20.63639184793821713 ) ) ;
#189 = VERTEX_POINT ( 'NONE', #1927 ) ;
#190 = FILL_AREA_STYLE_COLOUR ( '', #826 ) ;
#191 = CARTESIAN_POINT ( 'NONE',  ( -42.05756503572191463, 2.602085213965210642E-13, 3.553847458794019865 ) ) ;
#192 = CARTESIAN_POINT ( 'NONE',  ( 122.5708203367939149, 2.602085213965210642E-13, -9.963025413353698845E-10 ) ) ;
#193 = LINE ( 'NONE', #1881, #1195 ) ;
#194 = EDGE_CURVE ( 'NONE', #106, #1685, #286, .T. ) ;
#195 = UNCERTAINTY_MEASURE_WITH_UNIT (LENGTH_MEASURE( 1.000000000000000082E-05 ), #409, 'distance_accuracy_value', 'NONE');
#196 = CARTESIAN_POINT ( 'NONE',  ( 88.47729584440429562, 1.837938046610063214, -7.741247523879674297 ) ) ;
#197 = CARTESIAN_POINT ( 'NONE',  ( -41.07508548822603700, 0.03416246615512098794, 3.137944608064092922 ) ) ;
#198 = CARTESIAN_POINT ( 'NONE',  ( 111.6885805574695638, 2.602085213965210642E-13, -3.651989925206817755 ) ) ;
#199 = VECTOR ( 'NONE', #1567, 1000.000000000000000 ) ;
#200 = VERTEX_POINT ( 'NONE', #1638 ) ;
#201 =( BOUNDED_SURFACE ( )  B_SPLINE_SURFACE ( 3, 2, ( 
 ( #1735, #1949, #86 ),
 ( #1934, #2314, #278 ),
 ( #1560, #817, #2305 ),
 ( #1371, #2329, #2116 ),
 ( #266, #2293, #1413 ),
 ( #1961, #625, #1747 ),
 ( #1383, #1015, #1547 ),
 ( #2131, #1580, #60 ),
 ( #972, #1004, #435 ),
 ( #465, #293, #1180 ),
 ( #1920, #1762, #833 ),
 ( #1778, #1591, #2345 ),
 ( #2153, #1032, #1221 ),
 ( #604, #425, #1356 ) ),
 .UNSPECIFIED., .F., .F., .F. ) 
 B_SPLINE_SURFACE_WITH_KNOTS ( ( 4, 2, 2, 2, 2, 2, 4 ),
 ( 3, 3 ),
 ( 0.08097807396561133852, 0.09707342614784375545, 0.1131687783300761863, 0.1212164544211924017, 0.1292641305123086171, 0.1373118066034248463, 0.1453594826945410479 ),
 ( 0.000000000000000000, 1.000000000000000000 ),
 .UNSPECIFIED. ) 
 GEOMETRIC_REPRESENTATION_ITEM ( )  RATIONAL_B_SPLINE_SURFACE ( (
 ( 1.000000000000000000, 0.7071067811865474617, 1.000000000000000000),
 ( 1.000000000000000000, 0.7071067811865474617, 1.000000000000000000),
 ( 1.000000000000000000, 0.7071067811865471286, 1.000000000000000000),
 ( 1.000000000000000000, 0.7071067811865471286, 1.000000000000000000),
 ( 1.000000000000000000, 0.7071067811865475727, 1.000000000000000000),
 ( 1.000000000000000000, 0.7071067811865475727, 1.000000000000000000),
 ( 1.000000000000000000, 0.7071067811865475727, 1.000000000000000000),
 ( 1.000000000000000000, 0.7071067811865475727, 1.000000000000000000),
 ( 1.000000000000000000, 0.7071067811865475727, 1.000000000000000000),
 ( 1.000000000000000000, 0.7071067811865475727, 1.000000000000000000),
 ( 1.000000000000000000, 0.7071067811865475727, 1.000000000000000000),
 ( 1.000000000000000000, 0.7071067811865475727, 1.000000000000000000),
 ( 1.000000000000000000, 0.7071067811865473507, 1.000000000000000000),
 ( 1.000000000000000000, 0.7071067811865473507, 1.000000000000000000) ) ) 
 REPRESENTATION_ITEM ( '' )  SURFACE ( )  );
#202 = PRESENTATION_LAYER_ASSIGNMENT (  '', '', ( #1184 ) ) ;
#203 = CARTESIAN_POINT ( 'NONE',  ( -40.99088932389167184, 0.03690086923945614522, -3.428333587733652710 ) ) ;
#204 = FILL_AREA_STYLE ('',( #1295 ) ) ;
#205 = ORIENTED_EDGE ( 'NONE', *, *, #411, .F. ) ;
#206 = COLOUR_RGB ( '',0.6196078431372549211, 0.4078431372549019551, 0.2000000000000000111 ) ;
#207 = PRESENTATION_STYLE_ASSIGNMENT (( #2277 ) ) ;
#208 = CARTESIAN_POINT ( 'NONE',  ( 106.3569572351526915, 3.284173384388613750E-11, -3.000558232302392714 ) ) ;
#209 = DIRECTION ( 'NONE',  ( 0.000000000000000000, 1.000000000000000000, 0.000000000000000000 ) ) ;
#210 = CARTESIAN_POINT ( 'NONE',  ( 0.000000000000000000, 2.602085213965210642E-13, 19.08930084574431518 ) ) ;
#211 = AXIS2_PLACEMENT_3D ( 'NONE', #2396, #1774, #656 ) ;
#212 = CARTESIAN_POINT ( 'NONE',  ( -41.68858055792176742, 2.602085213965210642E-13, 3.651989924562395018 ) ) ;
#213 = CARTESIAN_POINT ( 'NONE',  ( -33.99022930971356971, 2.000000000000260236, -3.630052340942877098 ) ) ;
#214 = AXIS2_PLACEMENT_3D ( 'NONE', #1991, #314, #1235 ) ;
#215 = B_SPLINE_CURVE_WITH_KNOTS ( 'NONE', 3,
 ( #679, #1995, #391, #785, #216, #773, #962, #1134, #187, #2428, #935, #1874, #203, #2271, #2061, #404 ),
 .UNSPECIFIED., .F., .F.,
 ( 4, 2, 2, 2, 2, 2, 2, 4 ),
 ( 1.558556367369500851E-16, 0.0005566798118572500748, 0.001113359623714344241, 0.001670039435571438842, 0.002226719247428532791, 0.003340078871142703777, 0.003896758682999798811, 0.004453438494856894712 ),
 .UNSPECIFIED. ) ;
#216 = CARTESIAN_POINT ( 'NONE',  ( -38.70397046871167390, 1.145527501733953679, -2.568003347521839341 ) ) ;
#217 = CARTESIAN_POINT ( 'NONE',  ( -50.44459283879149325, 0.1000000000004085260, -0.1013313631260982645 ) ) ;
#218 = SURFACE_STYLE_FILL_AREA ( #1162 ) ;
#219 = SURFACE_STYLE_FILL_AREA ( #1867 ) ;
#220 = SURFACE_STYLE_FILL_AREA ( #1106 ) ;
#221 = CARTESIAN_POINT ( 'NONE',  ( 17.52598753726598702, 0.1811422198852454535, 17.73807627482812421 ) ) ;
#222 = PRODUCT_DEFINITION_CONTEXT ( 'detailed design', #352, 'design' ) ;
#223 = B_SPLINE_SURFACE_WITH_KNOTS ( 'NONE', 3, 1, ( 
 ( #918, #524 ),
 ( #1834, #1115 ),
 ( #1669, #1305 ),
 ( #2011, #693 ) ),
 .UNSPECIFIED., .F., .F., .F.,
 ( 4, 4 ),
 ( 2, 2 ),
 ( 0.005725981998097979912, 0.1792755283164914337 ),
 ( 0.000000000000000000, 1.000000000000000000 ),
 .UNSPECIFIED. ) ;
#224 = CARTESIAN_POINT ( 'NONE',  ( 108.7158656636565723, 2.193163247146062922, 1.855753516815899617 ) ) ;
#225 = UNCERTAINTY_MEASURE_WITH_UNIT (LENGTH_MEASURE( 1.000000000000000082E-05 ), #316, 'distance_accuracy_value', 'NONE');
#226 = DIRECTION ( 'NONE',  ( -0.000000000000000000, -1.000000000000000000, -0.000000000000000000 ) ) ;
#227 = ADVANCED_FACE ( 'NONE', ( #1750 ), #223, .F. ) ;
#228 = CARTESIAN_POINT ( 'NONE',  ( 45.52485592225711741, 4.333333333355900763, 16.00000000000000355 ) ) ;
#229 = CARTESIAN_POINT ( 'NONE',  ( 7.068188153375034588, 2.602085213965210642E-13, -16.26096531378566112 ) ) ;
#230 = VERTEX_POINT ( 'NONE', #2047 ) ;
#231 = CARTESIAN_POINT ( 'NONE',  ( 130.0000000000000000, 0.000000000000000000, 0.000000000000000000 ) ) ;
#232 = CARTESIAN_POINT ( 'NONE',  ( 85.61323275640670261, 4.913220529772236226E-12, -8.493462473103887689 ) ) ;
#233 = CARTESIAN_POINT ( 'NONE',  ( 108.4641307539776847, 1.634254708627939978, 2.466940458120325363 ) ) ;
#234 = CARTESIAN_POINT ( 'NONE',  ( 80.95764974664055558, 1.687382373366702604, 9.190909509520773568 ) ) ;
#235 = CARTESIAN_POINT ( 'NONE',  ( 111.4106699400988134, 0.006870596484213645390, 3.421581533559199695 ) ) ;
#236 = CARTESIAN_POINT ( 'NONE',  ( 13.48748474316301582, 0.4825996703853289160, -16.38886851387355392 ) ) ;
#237 = CARTESIAN_POINT ( 'NONE',  ( -38.42543389381031460, 2.000000000000260236, -2.450387086804404646 ) ) ;
#238 = CIRCLE ( 'NONE', #823, 11.47868341846068851 ) ;
#239 = CARTESIAN_POINT ( 'NONE',  ( -39.29483264396019138, 1.302885303973692066, 1.508891265399623816 ) ) ;
#240 = SURFACE_SIDE_STYLE ('',( #1554 ) ) ;
#241 = CARTESIAN_POINT ( 'NONE',  ( 56.50544703423008031, 0.4821511462562064754, -16.39096722949734186 ) ) ;
#242 = EDGE_LOOP ( 'NONE', ( #1648, #1318, #1081, #1498 ) ) ;
#243 = ADVANCED_FACE ( 'NONE', ( #1454 ), #2377, .F. ) ;
#244 = FILL_AREA_STYLE_COLOUR ( '', #206 ) ;
#245 = CARTESIAN_POINT ( 'NONE',  ( 109.7362451493252138, 0.7494366816938919929, -2.522082143422346157 ) ) ;
#246 = CARTESIAN_POINT ( 'NONE',  ( 101.6852991564147430, 2.602085213965210642E-13, -6.313933987412768012 ) ) ;
#247 = CARTESIAN_POINT ( 'NONE',  ( 109.8749486289497099, 0.5489754313644671369, 2.059014721274513349 ) ) ;
#248 = CIRCLE ( 'NONE', #910, 13.47868341846287699 ) ;
#249 = CARTESIAN_POINT ( 'NONE',  ( -38.42543389381003038, 2.176818419812780458, -2.450387086804481918 ) ) ;
#250 = CARTESIAN_POINT ( 'NONE',  ( 110.6033042308909415, 0.1512879609629209920, 2.724444659167545080 ) ) ;
#251 = ORIENTED_EDGE ( 'NONE', *, *, #58, .F. ) ;
#252 = CARTESIAN_POINT ( 'NONE',  ( -22.13943994272117166, 1.928041091153627873, -6.771714487125371384 ) ) ;
#253 = UNCERTAINTY_MEASURE_WITH_UNIT (LENGTH_MEASURE( 1.000000000000000082E-05 ), #2112, 'distance_accuracy_value', 'NONE');
#254 = CARTESIAN_POINT ( 'NONE',  ( -39.18434508798993932, 1.684727046448295074, 1.402113317304585882 ) ) ;
#255 = CARTESIAN_POINT ( 'NONE',  ( 99.66751039034093651, 2.000000000000260236, -4.777923990040301661 ) ) ;
#256 = STYLED_ITEM ( 'NONE', ( #272 ), #1544 ) ;
#257 = PRESENTATION_LAYER_ASSIGNMENT (  '', '', ( #1319 ) ) ;
#258 = FACE_OUTER_BOUND ( 'NONE', #2406, .T. ) ;
#259 = CARTESIAN_POINT ( 'NONE',  ( 108.4254339748579810, 2.176818419254975101, 2.450387102641294224 ) ) ;
#260 = ORIENTED_EDGE ( 'NONE', *, *, #555, .F. ) ;
#261 = CARTESIAN_POINT ( 'NONE',  ( 35.00000000000000000, 13.00000000000000000, 11.00000000000000178 ) ) ;
#262 = EDGE_CURVE ( 'NONE', #230, #2029, #1824, .T. ) ;
#263 = CARTESIAN_POINT ( 'NONE',  ( -4.006386868526737643, 2.900000000022345592, 10.70907871573178660 ) ) ;
#264 =( NAMED_UNIT ( * ) SI_UNIT ( $, .STERADIAN. ) SOLID_ANGLE_UNIT ( ) );
#265 = CARTESIAN_POINT ( 'NONE',  ( 20.01565446221032119, 2.602085213965210642E-13, 19.08930084574428321 ) ) ;
#266 = CARTESIAN_POINT ( 'NONE',  ( 86.12721004802978086, 2.602085213965210642E-13, 10.42629984887628503 ) ) ;
#267 = ADVANCED_FACE ( 'NONE', ( #157 ), #2000, .F. ) ;
#268 = CARTESIAN_POINT ( 'NONE',  ( -25.80099540024258786, 2.000000000000258460, -5.802634118776853533 ) ) ;
#269 = CARTESIAN_POINT ( 'NONE',  ( -39.16312168051413778, 2.000000000000265121, 1.381493190259621695 ) ) ;
#270 = CARTESIAN_POINT ( 'NONE',  ( 16.93042848452006055, 0.5815017518442806566, -15.92738334262500821 ) ) ;
#271 = CARTESIAN_POINT ( 'NONE',  ( 35.00000000000000000, -11.10923760928673687, 24.90917554381926280 ) ) ;
#272 = PRESENTATION_STYLE_ASSIGNMENT (( #1340 ) ) ;
#273 = ORIENTED_EDGE ( 'NONE', *, *, #141, .T. ) ;
#274 = CARTESIAN_POINT ( 'NONE',  ( 120.4445928387914933, 0.1000000000004085260, 0.02820512820524346403 ) ) ;
#275 = CARTESIAN_POINT ( 'NONE',  ( -50.44459283879149325, 0.2269754659429329136, 0.003438516797598377937 ) ) ;
#276 =( NAMED_UNIT ( * ) PLANE_ANGLE_UNIT ( ) SI_UNIT ( $, .RADIAN. ) );
#277 = SURFACE_STYLE_USAGE ( .BOTH. , #2355 ) ;
#278 = CARTESIAN_POINT ( 'NONE',  ( 106.3583002571316740, 2.000000000000260236, 3.000201001487577290 ) ) ;
#279 = VERTEX_POINT ( 'NONE', #610 ) ;
#280 = CYLINDRICAL_SURFACE ( 'NONE', #1385, 1.000000000000000000 ) ;
#281 = B_SPLINE_CURVE_WITH_KNOTS ( 'NONE', 3,
 ( #2105, #1906, #235, #1722, #46, #250, #986, #121, #2175, #1250, #1420, #1087, #870, #2162, #505, #1790 ),
 .UNSPECIFIED., .F., .F.,
 ( 4, 2, 2, 2, 2, 2, 2, 4 ),
 ( -1.099970214617825370E-05, 0.0005272112990495906237, 0.001065422300245359504, 0.002141844302636866041, 0.002680055303832633296, 0.003218266305028400116, 0.003756477306224167804, 0.004294688307419934625 ),
 .UNSPECIFIED. ) ;
#282 = CARTESIAN_POINT ( 'NONE',  ( 52.47605374215022778, 0.1813473401541660368, 17.73719602169659026 ) ) ;
#283 = CARTESIAN_POINT ( 'NONE',  ( 75.82763255128240587, -4.956429087166352332, 15.24351192671302613 ) ) ;
#284 = CARTESIAN_POINT ( 'NONE',  ( -41.68858056112555488, 2.602085213965210642E-13, -3.651989936101945666 ) ) ;
#285 = ORIENTED_EDGE ( 'NONE', *, *, #1866, .F. ) ;
#286 = LINE ( 'NONE', #1793, #1842 ) ;
#287 = CARTESIAN_POINT ( 'NONE',  ( 72.66185427710226463, 8.699999999999063149, -8.815828591933604130 ) ) ;
#288 = CARTESIAN_POINT ( 'NONE',  ( -40.34083532100547131, 0.2496333757942698073, -2.488354404767398442 ) ) ;
#289 = CARTESIAN_POINT ( 'NONE',  ( 35.00000000000000000, 29.50681057252816331, 1.476840054310686323 ) ) ;
#290 =( BOUNDED_SURFACE ( )  B_SPLINE_SURFACE ( 3, 2, ( 
 ( #1249, #1608, #2364 ),
 ( #494, #1990, #313 ),
 ( #624, #1382, #2130 ),
 ( #449, #1003, #1746 ),
 ( #1025, #2086, #766 ),
 ( #1297, #2421, #562 ),
 ( #2265, #1138, #727 ),
 ( #1856, #576, #407 ),
 ( #1126, #1844, #1687 ),
 ( #937, #171, #1307 ),
 ( #1505, #1332, #2224 ),
 ( #181, #386, #1879 ),
 ( #2074, #1835, #158 ),
 ( #191, #1116, #1493 ) ),
 .UNSPECIFIED., .F., .F., .F. ) 
 B_SPLINE_SURFACE_WITH_KNOTS ( ( 4, 2, 2, 2, 2, 2, 4 ),
 ( 3, 3 ),
 ( 0.1282316860241669298, 0.1364061018310915308, 0.1445805176380161039, 0.1527549334449406770, 0.1609293492518652502, 0.1772781808657144242, 0.1936270124795635983 ),
 ( 0.000000000000000000, 1.000000000000000000 ),
 .UNSPECIFIED. ) 
 GEOMETRIC_REPRESENTATION_ITEM ( )  RATIONAL_B_SPLINE_SURFACE ( (
 ( 1.000000000000000000, 0.7071067811865475727, 1.000000000000000000),
 ( 1.000000000000000000, 0.7071067811865475727, 1.000000000000000000),
 ( 1.000000000000000000, 0.7071067811865476838, 1.000000000000000000),
 ( 1.000000000000000000, 0.7071067811865476838, 1.000000000000000000),
 ( 1.000000000000000000, 0.7071067811865475727, 1.000000000000000000),
 ( 1.000000000000000000, 0.7071067811865475727, 1.000000000000000000),
 ( 1.000000000000000000, 0.7071067811865475727, 1.000000000000000000),
 ( 1.000000000000000000, 0.7071067811865475727, 1.000000000000000000),
 ( 1.000000000000000000, 0.7071067811865475727, 1.000000000000000000),
 ( 1.000000000000000000, 0.7071067811865475727, 1.000000000000000000),
 ( 1.000000000000000000, 0.7071067811865476838, 1.000000000000000000),
 ( 1.000000000000000000, 0.7071067811865476838, 1.000000000000000000),
 ( 1.000000000000000000, 0.7071067811865476838, 1.000000000000000000),
 ( 1.000000000000000000, 0.7071067811865476838, 1.000000000000000000) ) ) 
 REPRESENTATION_ITEM ( '' )  SURFACE ( )  );
#291 = AXIS2_PLACEMENT_3D ( 'NONE', #1553, #66, #312 ) ;
#292 = CARTESIAN_POINT ( 'NONE',  ( 109.9760119874250108, 0.4734510039255592218, -2.152932571189075883 ) ) ;
#293 = CARTESIAN_POINT ( 'NONE',  ( 62.25369226243561371, 2.602085213965210642E-13, 14.36629123824186749 ) ) ;
#294 =( GEOMETRIC_REPRESENTATION_CONTEXT ( 3 ) GLOBAL_UNCERTAINTY_ASSIGNED_CONTEXT ( ( #48 ) ) GLOBAL_UNIT_ASSIGNED_CONTEXT ( ( #801, #667, #1566 ) ) REPRESENTATION_CONTEXT ( 'NONE', 'WORKASPACE' ) );
#295 = CARTESIAN_POINT ( 'NONE',  ( 54.25553270981845344, 0.3291481955930050107, 17.08910248643795171 ) ) ;
#296 = CARTESIAN_POINT ( 'NONE',  ( -41.13751808662747322, 0.03592600904709693233, 3.189715204062894216 ) ) ;
#297 = CARTESIAN_POINT ( 'NONE',  ( -2.661854277102262856, 8.699999999999063149, 11.72440885272515132 ) ) ;
#298 = AXIS2_PLACEMENT_3D ( 'NONE', #638, #100, #671 ) ;
#299 = ORIENTED_EDGE ( 'NONE', *, *, #1461, .T. ) ;
#300 = MECHANICAL_DESIGN_GEOMETRIC_PRESENTATION_REPRESENTATION (  '', ( #2414 ), #1282 ) ;
#301 = CARTESIAN_POINT ( 'NONE',  ( -50.44459283879149325, 0.03333333333374187413, 0.1272361471993079252 ) ) ;
#302 = CARTESIAN_POINT ( 'NONE',  ( -3.334120572814500250, 5.800000000010761880, -9.035308588634732629 ) ) ;
#303 = FACE_OUTER_BOUND ( 'NONE', #2, .T. ) ;
#304 = B_SPLINE_CURVE_WITH_KNOTS ( 'NONE', 3,
 ( #2109, #629, #213, #401, #23, #797, #1170 ),
 .UNSPECIFIED., .F., .F.,
 ( 4, 3, 4 ),
 ( 0.0008810406771111543986, 0.007765149927675546460, 0.01394297131370290758 ),
 .UNSPECIFIED. ) ;
#305 = CARTESIAN_POINT ( 'NONE',  ( -2.661854277102262856, 8.699999999999063149, 7.361538461537677769 ) ) ;
#306 = ADVANCED_FACE ( 'NONE', ( #1522 ), #1504, .T. ) ;
#307 = CARTESIAN_POINT ( 'NONE',  ( 17.95047793100163247, 0.1328659240298815103, 17.94430919226899235 ) ) ;
#308 = CARTESIAN_POINT ( 'NONE',  ( -40.60330422689827401, 0.1512879620784392254, -2.724444656468818504 ) ) ;
#309 = CARTESIAN_POINT ( 'NONE',  ( -50.44459283879149325, -0.08545567391579546312, 0.2031793183321289609 ) ) ;
#310 = CARTESIAN_POINT ( 'NONE',  ( 111.6885805614464857, 2.602085213965210642E-13, 3.651989935064667403 ) ) ;
#311 = B_SPLINE_SURFACE_WITH_KNOTS ( 'NONE', 3, 3, ( 
 ( #765, #957, #1541, #1161 ),
 ( #1175, #2169, #81, #1957 ),
 ( #2351, #1042, #287, #827 ),
 ( #655, #1577, #1379, #2324 ),
 ( #1587, #1218, #998, #1773 ),
 ( #2340, #107, #1730, #274 ),
 ( #261, #854, #1418, #634 ),
 ( #843, #1596, #812, #2158 ),
 ( #1396, #96, #645, #444 ),
 ( #1915, #481, #1229, #1426 ) ),
 .UNSPECIFIED., .F., .F., .F.,
 ( 4, 3, 3, 4 ),
 ( 4, 4 ),
 ( -0.2963287099553141846, 0.000000000000000000, 1.000000000000000000, 1.296328709955302916 ),
 ( 0.000000000000000000, 1.000000000000000000 ),
 .UNSPECIFIED. ) ;
#312 = DIRECTION ( 'NONE',  ( 0.000000000000000000, 0.000000000000000000, -1.000000000000000000 ) ) ;
#313 = CARTESIAN_POINT ( 'NONE',  ( 18.16642818463096276, 2.000000000000260236, 16.69603262970983693 ) ) ;
#314 = DIRECTION ( 'NONE',  ( -1.000000000000000000, 0.000000000000000000, 0.000000000000000000 ) ) ;
#315 = DIRECTION ( 'NONE',  ( 1.000000000000000000, 0.000000000000000000, 0.000000000000000000 ) ) ;
#316 =( LENGTH_UNIT ( ) NAMED_UNIT ( * ) SI_UNIT ( .MILLI., .METRE. ) );
#317 =( NAMED_UNIT ( * ) SI_UNIT ( $, .STERADIAN. ) SOLID_ANGLE_UNIT ( ) );
#318 = CARTESIAN_POINT ( 'NONE',  ( -41.68858056112555488, 2.602085213965210642E-13, -3.651989936101945666 ) ) ;
#319 = ORIENTED_EDGE ( 'NONE', *, *, #1395, .T. ) ;
#320 = CARTESIAN_POINT ( 'NONE',  ( 2.547498803136718060, 2.000000000000260236, -13.11425445753926589 ) ) ;
#321 = CARTESIAN_POINT ( 'NONE',  ( 109.3246160893468470, 1.241166338117358992, -1.537633137811642126 ) ) ;
#322 = CARTESIAN_POINT ( 'NONE',  ( -25.80099540024258786, 2.000000000000258460, -5.802634118776853533 ) ) ;
#323 =( LENGTH_UNIT ( ) NAMED_UNIT ( * ) SI_UNIT ( .MILLI., .METRE. ) );
#324 = EDGE_CURVE ( 'NONE', #2057, #673, #2274, .T. ) ;
#325 = CARTESIAN_POINT ( 'NONE',  ( 20.01570109162453548, 2.572553462073836042E-13, -19.08930084773661306 ) ) ;
#326 = CARTESIAN_POINT ( 'NONE',  ( -41.33814041127813965, 2.602402851320429995E-13, 3.543922223537962601 ) ) ;
#327 = AXIS2_PLACEMENT_3D ( 'NONE', #231, #1707, #1878 ) ;
#328 = MECHANICAL_DESIGN_GEOMETRIC_PRESENTATION_REPRESENTATION (  '', ( #1688 ), #1233 ) ;
#329 = CARTESIAN_POINT ( 'NONE',  ( 122.5708203367939149, 2.000000000000260236, -9.963025413353698845E-10 ) ) ;
#330 = FILL_AREA_STYLE_COLOUR ( '', #1518 ) ;
#331 = ORIENTED_EDGE ( 'NONE', *, *, #150, .T. ) ;
#332 = STYLED_ITEM ( 'NONE', ( #919 ), #1269 ) ;
#333 = CARTESIAN_POINT ( 'NONE',  ( 15.13412430663492891, 2.602085213965210642E-13, -18.09349260886667565 ) ) ;
#334 = CARTESIAN_POINT ( 'NONE',  ( 109.2566445632774759, 1.800112735224507876, -2.233706541948348168 ) ) ;
#335 = CARTESIAN_POINT ( 'NONE',  ( -1.808241015815907016, 12.38228851202060099, -5.236261044020720234 ) ) ;
#336 = ADVANCED_FACE ( 'NONE', ( #1320 ), #311, .F. ) ;
#337 = FILL_AREA_STYLE ('',( #101 ) ) ;
#338 = PRESENTATION_LAYER_ASSIGNMENT (  '', '', ( #2379 ) ) ;
#339 = ADVANCED_FACE ( 'NONE', ( #1408 ), #934, .T. ) ;
#340 = CARTESIAN_POINT ( 'NONE',  ( 99.95941374412258540, 2.177879330513046163, -4.702116350873183137 ) ) ;
#341 = CARTESIAN_POINT ( 'NONE',  ( -38.42543389381003038, 2.176818419812780458, -2.450387086804481918 ) ) ;
#342 = CARTESIAN_POINT ( 'NONE',  ( 7.746425350447064595, 2.000000000000260236, -14.36632018104307562 ) ) ;
#343 = CARTESIAN_POINT ( 'NONE',  ( 47.34610160501217990, -7.406158406132290040, -22.77278369587643425 ) ) ;
#344 = CARTESIAN_POINT ( 'NONE',  ( -50.44459283879149325, -0.02848522463830638340, -0.1667574584380951963 ) ) ;
#345 = FILL_AREA_STYLE_COLOUR ( '', #484 ) ;
#346 = CARTESIAN_POINT ( 'NONE',  ( -60.00000000000000000, 15.82336863030218943, -20.31923228304628992 ) ) ;
#347 = CARTESIAN_POINT ( 'NONE',  ( -39.06820917884979139, 0.7619381415032654425, 2.717569307076395102 ) ) ;
#348 = PRODUCT_DEFINITION_SHAPE ( 'NONE', 'NONE',  #789 ) ;
#349 = EDGE_LOOP ( 'NONE', ( #1024, #560, #1929, #1073, #1431, #2418, #2310, #61, #1837, #273, #442, #746 ) ) ;
#350 = EDGE_CURVE ( 'NONE', #1743, #545, #1246, .T. ) ;
#351 = SURFACE_SIDE_STYLE ('',( #2028 ) ) ;
#352 = APPLICATION_CONTEXT ( 'automotive_design' ) ;
#353 = VERTEX_POINT ( 'NONE', #2408 ) ;
#354 = CARTESIAN_POINT ( 'NONE',  ( 9.898077214529202195, 2.602085213965210642E-13, -16.92458933556780920 ) ) ;
#355 = CARTESIAN_POINT ( 'NONE',  ( 74.67865316423898037, 3.416158990866257625E-11, -12.38284884282884057 ) ) ;
#356 = FACE_OUTER_BOUND ( 'NONE', #544, .T. ) ;
#357 = PRESENTATION_STYLE_ASSIGNMENT (( #882 ) ) ;
#358 = CARTESIAN_POINT ( 'NONE',  ( 50.67564354219909006, 2.673084844477999542E-13, 18.71011434944566787 ) ) ;
#359 = CARTESIAN_POINT ( 'NONE',  ( 62.24276322364362102, 2.000000000000260236, -14.36887309611745067 ) ) ;
#360 = FACE_OUTER_BOUND ( 'NONE', #811, .T. ) ;
#361 = B_SPLINE_CURVE_WITH_KNOTS ( 'NONE', 3,
 ( #32, #2107, #1198, #1751, #87, #782, #74, #1583, #2294, #2331, #2247, #605, #1499, #639, #1402, #466 ),
 .UNSPECIFIED., .F., .F.,
 ( 4, 2, 2, 2, 2, 2, 2, 4 ),
 ( 0.000000000000000000, 0.01722919922990837766, 0.03445839845981675531, 0.04307299807477094067, 0.05168759768972513297, 0.06030219730467932526, 0.06460949711215641100, 0.06891679691963351062 ),
 .UNSPECIFIED. ) ;
#362 = EDGE_CURVE ( 'NONE', #763, #1255, #1306, .T. ) ;
#363 = CARTESIAN_POINT ( 'NONE',  ( -40.07379761417522701, 0.4417475919043389321, 2.728120700981709668 ) ) ;
#364 = CARTESIAN_POINT ( 'NONE',  ( -39.31840337307332334, 1.467379085159114416, -2.267926796205399054 ) ) ;
#365 = VERTEX_POINT ( 'NONE', #167 ) ;
#366 = B_SPLINE_CURVE_WITH_KNOTS ( 'NONE', 3,
 ( #1772, #2350, #94, #654, #1900, #964, #1174, #1494, #241, #2322, #1166, #1907, #1143, #989, #2117, #196, #973, #756 ),
 .UNSPECIFIED., .F., .F.,
 ( 4, 2, 2, 2, 2, 2, 2, 2, 4 ),
 ( 0.001759304181853877823, 0.002464151183023867257, 0.003168998184193856475, 0.004578692186533853993, 0.007398080191213830814, 0.01303685620057378272, 0.02431440821929369347, 0.03559196023801359382, 0.04686951225673350457 ),
 .UNSPECIFIED. ) ;
#367 = CARTESIAN_POINT ( 'NONE',  ( 35.00000000000000000, 1.281815231424664214E-27, 18.50000000000000000 ) ) ;
#368 = CARTESIAN_POINT ( 'NONE',  ( 20.01570109162453548, 2.572553462073836042E-13, -19.08930084773661306 ) ) ;
#369 = ORIENTED_EDGE ( 'NONE', *, *, #888, .T. ) ;
#370 =( GEOMETRIC_REPRESENTATION_CONTEXT ( 3 ) GLOBAL_UNCERTAINTY_ASSIGNED_CONTEXT ( ( #783 ) ) GLOBAL_UNIT_ASSIGNED_CONTEXT ( ( #1104, #2236, #540 ) ) REPRESENTATION_CONTEXT ( 'NONE', 'WORKASPACE' ) );
#371 = SURFACE_STYLE_USAGE ( .BOTH. , #1086 ) ;
#372 = CARTESIAN_POINT ( 'NONE',  ( 52.04958525930687330, 0.1328659240298636912, 17.94430919226910959 ) ) ;
#373 = SURFACE_STYLE_USAGE ( .BOTH. , #149 ) ;
#374 = CARTESIAN_POINT ( 'NONE',  ( -60.00000000000000000, -5.335670632184525530, -20.31923228304628992 ) ) ;
#375 = UNCERTAINTY_MEASURE_WITH_UNIT (LENGTH_MEASURE( 1.000000000000000082E-05 ), #1215, 'distance_accuracy_value', 'NONE');
#376 = VECTOR ( 'NONE', #848, 1000.000000000000000 ) ;
#377 = CARTESIAN_POINT ( 'NONE',  ( -38.95860197828051952, 0.8581480019231604306, 2.673044274990526770 ) ) ;
#378 = SURFACE_STYLE_FILL_AREA ( #1634 ) ;
#379 = VERTEX_POINT ( 'NONE', #713 ) ;
#380 =( BOUNDED_SURFACE ( )  B_SPLINE_SURFACE ( 3, 2, ( 
 ( #602, #1354, #982 ),
 ( #846, #2312, #1904 ),
 ( #1557, #2151, #2102 ),
 ( #71, #1164, #2304 ),
 ( #1191, #57, #1568 ),
 ( #247, #815, #2326 ),
 ( #447, #623, #1013 ),
 ( #1177, #637, #1381 ),
 ( #99, #613, #1399 ),
 ( #462, #1370, #1207 ),
 ( #1732, #1947, #1932 ),
 ( #2128, #1029, #1760 ),
 ( #2343, #84, #830 ),
 ( #2290, #1589, #472 ) ),
 .UNSPECIFIED., .F., .F., .F. ) 
 B_SPLINE_SURFACE_WITH_KNOTS ( ( 4, 2, 2, 2, 2, 2, 4 ),
 ( 3, 3 ),
 ( -1.096562316762408663E-05, 0.001391370386743183765, 0.002793706396653991737, 0.003494874401609395723, 0.004196042406564799709, 0.004897210411520204129, 0.005598378416475607681 ),
 ( 0.000000000000000000, 1.000000000000000000 ),
 .UNSPECIFIED. ) 
 GEOMETRIC_REPRESENTATION_ITEM ( )  RATIONAL_B_SPLINE_SURFACE ( (
 ( 1.000000000000000000, 1.000000000000000000, 1.000000000000000000),
 ( 1.000000000000000000, 0.9999642906890711114, 1.000000000000000000),
 ( 1.000000000000000000, 0.9907839319180565818, 1.000000000000000000),
 ( 1.000000000000000000, 0.9566979909314908825, 1.000000000000000000),
 ( 1.000000000000000000, 0.9310202294734077899, 1.000000000000000000),
 ( 1.000000000000000000, 0.8864457554301133912, 1.000000000000000000),
 ( 1.000000000000000000, 0.8706873554612643007, 1.000000000000000000),
 ( 1.000000000000000000, 0.8388918285455083668, 1.000000000000000000),
 ( 1.000000000000000000, 0.8229646856130916621, 1.000000000000000000),
 ( 1.000000000000000000, 0.7948399194712858495, 1.000000000000000000),
 ( 1.000000000000000000, 0.7823653170149366121, 1.000000000000000000),
 ( 1.000000000000000000, 0.7652807992317808283, 1.000000000000000000),
 ( 1.000000000000000000, 0.7604633399284927986, 1.000000000000000000),
 ( 1.000000000000000000, 0.7604739828965393356, 1.000000000000000000) ) ) 
 REPRESENTATION_ITEM ( '' )  SURFACE ( )  );
#381 = CARTESIAN_POINT ( 'NONE',  ( -18.47831400171582317, 1.837963711823162427, -7.740976640704455569 ) ) ;
#382 = CARTESIAN_POINT ( 'NONE',  ( 70.95462775127188593, 16.06457703809511273, 3.110983618393003525 ) ) ;
#383 = CARTESIAN_POINT ( 'NONE',  ( 46.19712221796944362, 3.411159282353255258E-11, -18.50000000000000000 ) ) ;
#384 = ORIENTED_EDGE ( 'NONE', *, *, #603, .F. ) ;
#385 = EDGE_CURVE ( 'NONE', #2367, #2070, #1090, .T. ) ;
#386 = CARTESIAN_POINT ( 'NONE',  ( -31.17164038358103184, 2.610758831345094677E-13, 4.381020999808498573 ) ) ;
#387 = LINE ( 'NONE', #1127, #516 ) ;
#388 = DIRECTION ( 'NONE',  ( 0.000000000000000000, 0.000000000000000000, -1.000000000000000000 ) ) ;
#389 = CARTESIAN_POINT ( 'NONE',  ( 17.74427769695118684, 0.1594970384138953423, 17.83110556855171325 ) ) ;
#390 = CARTESIAN_POINT ( 'NONE',  ( -39.16312167966652424, 1.840058326482563400, -1.381493184026189036 ) ) ;
#391 = CARTESIAN_POINT ( 'NONE',  ( -38.46413067821893605, 1.634254704207714459, -2.466940444670644439 ) ) ;
#392 = CARTESIAN_POINT ( 'NONE',  ( 35.00000000000000000, 18.50227020045503679, -7.825613345891262007 ) ) ;
#393 = EDGE_LOOP ( 'NONE', ( #2045, #1861, #736, #164 ) ) ;
#394 = PRESENTATION_STYLE_ASSIGNMENT (( #419 ) ) ;
#395 = CARTESIAN_POINT ( 'NONE',  ( 122.5708203367939149, 15.82436863030219065, -9.963025413353698845E-10 ) ) ;
#396 = EDGE_CURVE ( 'NONE', #365, #825, #1729, .T. ) ;
#397 = LINE ( 'NONE', #1916, #199 ) ;
#398 = CARTESIAN_POINT ( 'NONE',  ( 109.1631216786270500, 2.000000000000260236, -1.381493173935556706 ) ) ;
#399 = UNCERTAINTY_MEASURE_WITH_UNIT (LENGTH_MEASURE( 1.000000000000000082E-05 ), #2032, 'distance_accuracy_value', 'NONE');
#400 = SURFACE_STYLE_FILL_AREA ( #1155 ) ;
#401 = CARTESIAN_POINT ( 'NONE',  ( -31.77242261624833120, 2.000000000000260236, -4.219115761061023484 ) ) ;
#402 = ORIENTED_EDGE ( 'NONE', *, *, #842, .T. ) ;
#403 = MECHANICAL_DESIGN_GEOMETRIC_PRESENTATION_REPRESENTATION (  '', ( #2369 ), #1548 ) ;
#404 = CARTESIAN_POINT ( 'NONE',  ( -41.68858056112555488, 2.602085213965210642E-13, -3.651989936101944334 ) ) ;
#405 = CARTESIAN_POINT ( 'NONE',  ( 35.00000000000000000, 13.00000000000000000, -3.666666666666666519 ) ) ;
#406 = ORIENTED_EDGE ( 'NONE', *, *, #616, .T. ) ;
#407 = CARTESIAN_POINT ( 'NONE',  ( -5.233514031212295414, 2.000000000000260236, 11.16707574186819407 ) ) ;
#408 = SURFACE_SIDE_STYLE ('',( #219 ) ) ;
#409 =( LENGTH_UNIT ( ) NAMED_UNIT ( * ) SI_UNIT ( .MILLI., .METRE. ) );
#410 = CARTESIAN_POINT ( 'NONE',  ( 10.77093762093728557, 0.6489000966578436502, 15.59807265953210731 ) ) ;
#411 = EDGE_CURVE ( 'NONE', #661, #890, #215, .T. ) ;
#412 = CARTESIAN_POINT ( 'NONE',  ( 43.19377766671482988, 0.1785788129186370865, -17.74999270422739173 ) ) ;
#413 = FACE_OUTER_BOUND ( 'NONE', #501, .T. ) ;
#414 = CARTESIAN_POINT ( 'NONE',  ( 70.65764455196425331, 2.602085213965210642E-13, -14.38070231545070854 ) ) ;
#415 =( GEOMETRIC_REPRESENTATION_CONTEXT ( 3 ) GLOBAL_UNCERTAINTY_ASSIGNED_CONTEXT ( ( #1671 ) ) GLOBAL_UNIT_ASSIGNED_CONTEXT ( ( #2179, #1457, #696 ) ) REPRESENTATION_CONTEXT ( 'NONE', 'WORKASPACE' ) );
#416 = CARTESIAN_POINT ( 'NONE',  ( 73.33412057281451268, 5.800000000010704149, 9.035308588634732629 ) ) ;
#417 = CARTESIAN_POINT ( 'NONE',  ( 109.1665425174004014, 2.198535265750116263, 1.617196260225513216 ) ) ;
#418 = ORIENTED_EDGE ( 'NONE', *, *, #1558, .T. ) ;
#419 = SURFACE_STYLE_USAGE ( .BOTH. , #2064 ) ;
#420 = DIRECTION ( 'NONE',  ( 0.000000000000000000, 0.000000000000000000, -1.000000000000000000 ) ) ;
#421 = CARTESIAN_POINT ( 'NONE',  ( 106.3569572351477035, 2.000000000000260236, -3.000558232283475846 ) ) ;
#422 = CARTESIAN_POINT ( 'NONE',  ( 108.4254339748583078, 2.000000000000260236, 2.450387102641211623 ) ) ;
#423 = CARTESIAN_POINT ( 'NONE',  ( 48.84802868327076197, 0.4011986792452746919, -16.76520902612298158 ) ) ;
#424 = CARTESIAN_POINT ( 'NONE',  ( 13.49451429611182185, 0.4821560166314896034, 16.39094445742676953 ) ) ;
#425 = CARTESIAN_POINT ( 'NONE',  ( 49.23135565596008689, 2.589074787895384588E-13, 17.19808971654898855 ) ) ;
#426 = CARTESIAN_POINT ( 'NONE',  ( 50.67547853596047247, 2.581066456928687153E-13, -18.71010809713955325 ) ) ;
#427 = CARTESIAN_POINT ( 'NONE',  ( 40.64710596556508193, 0.09668955274563868774, 18.09808782365739432 ) ) ;
#428 =( LENGTH_UNIT ( ) NAMED_UNIT ( * ) SI_UNIT ( .MILLI., .METRE. ) );
#429 = EDGE_CURVE ( 'NONE', #2206, #763, #24, .T. ) ;
#430 = CARTESIAN_POINT ( 'NONE',  ( -41.68858056112555488, 2.602085213965210642E-13, -3.651989936101944334 ) ) ;
#431 = FILL_AREA_STYLE_COLOUR ( '', #174 ) ;
#432 =( LENGTH_UNIT ( ) NAMED_UNIT ( * ) SI_UNIT ( .MILLI., .METRE. ) );
#433 = CARTESIAN_POINT ( 'NONE',  ( 108.6048124629597140, 1.296755218122672249, 2.526376213811369453 ) ) ;
#434 = CARTESIAN_POINT ( 'NONE',  ( -41.68858055792177453, 2.602085213965210642E-13, 3.651989924562394574 ) ) ;
#435 = CARTESIAN_POINT ( 'NONE',  ( 67.45259978997367512, 2.000000000000260236, 13.11424214707469460 ) ) ;
#436 = CARTESIAN_POINT ( 'NONE',  ( -27.08994947149211541, 2.000000000000260236, 5.461494969031035929 ) ) ;
#437 = CARTESIAN_POINT ( 'NONE',  ( -0.1838976293341494372, 1.200820727325972115, -12.60596152635876699 ) ) ;
#438 = FILL_AREA_STYLE_COLOUR ( '', #974 ) ;
#439 = CARTESIAN_POINT ( 'NONE',  ( 35.00000000000000000, 13.00000000000000533, -10.99999999999999645 ) ) ;
#440 =( GEOMETRIC_REPRESENTATION_CONTEXT ( 3 ) GLOBAL_UNCERTAINTY_ASSIGNED_CONTEXT ( ( #2030 ) ) GLOBAL_UNIT_ASSIGNED_CONTEXT ( ( #1120, #13, #743 ) ) REPRESENTATION_CONTEXT ( 'NONE', 'WORKASPACE' ) );
#441 = CARTESIAN_POINT ( 'NONE',  ( 35.00000000000000000, 13.00000000000000000, -13.17307720633894341 ) ) ;
#442 = ORIENTED_EDGE ( 'NONE', *, *, #350, .T. ) ;
#443 = ADVANCED_FACE ( 'NONE', ( #1539 ), #1252, .F. ) ;
#444 = CARTESIAN_POINT ( 'NONE',  ( 120.4445928387914933, 0.1000000000004085260, 0.1180473416364652972 ) ) ;
#445 =( NAMED_UNIT ( * ) PLANE_ANGLE_UNIT ( ) SI_UNIT ( $, .RADIAN. ) );
#446 = CARTESIAN_POINT ( 'NONE',  ( 23.80287778203056703, 3.385095760787953673E-11, 18.50000000000000000 ) ) ;
#447 = CARTESIAN_POINT ( 'NONE',  ( 109.7645578659748509, 0.6429397550151865204, 1.955682094184465925 ) ) ;
#448 = COLOUR_RGB ( '',0.6196078431372549211, 0.4078431372549019551, 0.2000000000000000111 ) ;
#449 = CARTESIAN_POINT ( 'NONE',  ( 9.907743455404197874, 2.602085213965210642E-13, 16.92679576731042701 ) ) ;
#450 =( NAMED_UNIT ( * ) PLANE_ANGLE_UNIT ( ) SI_UNIT ( $, .RADIAN. ) );
#451 = CARTESIAN_POINT ( 'NONE',  ( 16.19358164980821257, 0.2959550503809862398, -17.23711964506633620 ) ) ;
#452 = UNCERTAINTY_MEASURE_WITH_UNIT (LENGTH_MEASURE( 1.000000000000000082E-05 ), #558, 'distance_accuracy_value', 'NONE');
#453 = CARTESIAN_POINT ( 'NONE',  ( 122.5708203367939149, 2.000000000000260236, -9.963025413353698845E-10 ) ) ;
#454 = AXIS2_PLACEMENT_3D ( 'NONE', #1362, #1740, #2318 ) ;
#455 = B_SPLINE_CURVE_WITH_KNOTS ( 'NONE', 3,
 ( #958, #768, #551, #1344 ),
 .UNSPECIFIED., .F., .F.,
 ( 4, 4 ),
 ( 0.08471901409272464267, 1.000000000000000000 ),
 .UNSPECIFIED. ) ;
#456 = STYLED_ITEM ( 'NONE', ( #2197 ), #2182 ) ;
#457 = SURFACE_STYLE_USAGE ( .BOTH. , #1392 ) ;
#458 = CARTESIAN_POINT ( 'NONE',  ( 35.00000000000000000, 13.00000000000000000, -15.34615441267788682 ) ) ;
#459 = ORIENTED_EDGE ( 'NONE', *, *, #2210, .F. ) ;
#460 = CARTESIAN_POINT ( 'NONE',  ( -36.35829023162395401, 2.602085213965210642E-13, -3.000203666772773392 ) ) ;
#461 = CARTESIAN_POINT ( 'NONE',  ( -50.44459283879149325, 4.085330821817248406E-13, 0.1485465284910967021 ) ) ;
#462 = CARTESIAN_POINT ( 'NONE',  ( 109.3246160936090092, 1.241166336549589522, 1.537633167526663458 ) ) ;
#463 = EDGE_CURVE ( 'NONE', #1693, #661, #652, .T. ) ;
#464 = CARTESIAN_POINT ( 'NONE',  ( 111.5471387654751965, 2.595387300934797767E-13, -3.535661779725324028 ) ) ;
#465 = CARTESIAN_POINT ( 'NONE',  ( 62.71362500478752366, 2.602085213965210642E-13, 16.31270728331699971 ) ) ;
#466 = CARTESIAN_POINT ( 'NONE',  ( 28.22784611795591658, 0.1328659240299195077, 17.94430919226893550 ) ) ;
#467 = CARTESIAN_POINT ( 'NONE',  ( -38.64126418679517627, 1.241166337734404435, 2.541749178568201373 ) ) ;
#468 = PRESENTATION_STYLE_ASSIGNMENT (( #1414 ) ) ;
#469 = SURFACE_STYLE_USAGE ( .BOTH. , #1727 ) ;
#470 = CARTESIAN_POINT ( 'NONE',  ( 109.2506418401116690, 2.000000000000263789, -2.230895816443190238 ) ) ;
#471 = CARTESIAN_POINT ( 'NONE',  ( -0.9546277543919398090, 16.06457702463590920, 3.110983626161145654 ) ) ;
#472 = CARTESIAN_POINT ( 'NONE',  ( 108.4254339748580094, 2.000000000000263789, 2.450387102641272907 ) ) ;
#473 = CARTESIAN_POINT ( 'NONE',  ( 52.04958525930687330, 0.1328659240298636912, 17.94430919226910959 ) ) ;
#474 = SURFACE_SIDE_STYLE ('',( #537 ) ) ;
#475 =( BOUNDED_SURFACE ( )  B_SPLINE_SURFACE ( 3, 2, ( 
 ( #1069, #1288, #2237 ),
 ( #695, #907, #550 ),
 ( #2431, #1456, #1308 ),
 ( #1468, #1813, #1631 ),
 ( #1088, #896, #359 ),
 ( #2049, #1105, #930 ),
 ( #1678, #2213, #1709 ),
 ( #577, #2087, #1163 ),
 ( #1903, #1893, #948 ),
 ( #29, #232, #1152 ),
 ( #969, #2303, #1880 ),
 ( #246, #2288, #803 ),
 ( #2114, #208, #421 ),
 ( #1333, #20, #1719 ) ),
 .UNSPECIFIED., .F., .F., .F. ) 
 B_SPLINE_SURFACE_WITH_KNOTS ( ( 4, 2, 2, 2, 2, 2, 4 ),
 ( 3, 3 ),
 ( 0.1282715549005744027, 0.1364463544244137738, 0.1446211539482531450, 0.1527959534720925161, 0.1609707529959319150, 0.1773203520436106850, 0.1936699510912894273 ),
 ( 0.000000000000000000, 1.000000000000000000 ),
 .UNSPECIFIED. ) 
 GEOMETRIC_REPRESENTATION_ITEM ( )  RATIONAL_B_SPLINE_SURFACE ( (
 ( 1.000000000000000000, 0.7071067811865473507, 1.000000000000000000),
 ( 1.000000000000000000, 0.7071067811865473507, 1.000000000000000000),
 ( 1.000000000000000000, 0.7071067811865475727, 1.000000000000000000),
 ( 1.000000000000000000, 0.7071067811865475727, 1.000000000000000000),
 ( 1.000000000000000000, 0.7071067811865475727, 1.000000000000000000),
 ( 1.000000000000000000, 0.7071067811865475727, 1.000000000000000000),
 ( 1.000000000000000000, 0.7071067811865475727, 1.000000000000000000),
 ( 1.000000000000000000, 0.7071067811865475727, 1.000000000000000000),
 ( 1.000000000000000000, 0.7071067811865472397, 1.000000000000000000),
 ( 1.000000000000000000, 0.7071067811865472397, 1.000000000000000000),
 ( 1.000000000000000000, 0.7071067811865475727, 1.000000000000000000),
 ( 1.000000000000000000, 0.7071067811865475727, 1.000000000000000000),
 ( 1.000000000000000000, 0.7071067811865469066, 1.000000000000000000),
 ( 1.000000000000000000, 0.7071067811865469066, 1.000000000000000000) ) ) 
 REPRESENTATION_ITEM ( '' )  SURFACE ( )  );
#476 = VERTEX_POINT ( 'NONE', #1954 ) ;
#477 = CARTESIAN_POINT ( 'NONE',  ( 5.742935594267116528, 1.068245599832988946, -13.37547482475095784 ) ) ;
#478 = CARTESIAN_POINT ( 'NONE',  ( -41.00267090999603425, 0.05807509928810322686, 3.073482284507971674 ) ) ;
#479 =( NAMED_UNIT ( * ) PLANE_ANGLE_UNIT ( ) SI_UNIT ( $, .RADIAN. ) );
#480 = DIRECTION ( 'NONE',  ( 0.000000000000000000, -1.000000000000000000, 0.000000000000000000 ) ) ;
#481 = CARTESIAN_POINT ( 'NONE',  ( 44.18032333083247210, 13.00000000000000000, 17.51923161901667925 ) ) ;
#482 = CARTESIAN_POINT ( 'NONE',  ( 109.3184033686232226, 1.467379097214748684, -2.267926803413447434 ) ) ;
#483 = CARTESIAN_POINT ( 'NONE',  ( 25.14741037345521235, 8.666666666677949493, 13.50000000000000533 ) ) ;
#484 = COLOUR_RGB ( '',0.6196078431372549211, 0.4078431372549019551, 0.2000000000000000111 ) ;
#485 = CARTESIAN_POINT ( 'NONE',  ( 108.6470497308478684, 2.179323193436919048, -2.369957071858249442 ) ) ;
#486 = DIRECTION ( 'NONE',  ( -0.000000000000000000, -1.000000000000000000, -0.000000000000000000 ) ) ;
#487 = EDGE_CURVE ( 'NONE', #599, #1109, #539, .T. ) ;
#488 =( LENGTH_UNIT ( ) NAMED_UNIT ( * ) SI_UNIT ( .MILLI., .METRE. ) );
#489 = CARTESIAN_POINT ( 'NONE',  ( 35.00000000000000000, 13.00000000000000000, 15.34615441267764169 ) ) ;
#490 = CARTESIAN_POINT ( 'NONE',  ( 7.286483589762871915, 2.602085213965210642E-13, -16.31273407351597982 ) ) ;
#491 = CARTESIAN_POINT ( 'NONE',  ( 108.8390420431910570, 0.9790491628627827625, -2.623901071896435511 ) ) ;
#492 = CARTESIAN_POINT ( 'NONE',  ( 22.07940870149317547, -11.10923760904373836, 24.90917554371528198 ) ) ;
#493 = CARTESIAN_POINT ( 'NONE',  ( 23.80287778203056703, 3.411159282353255258E-11, -18.50000000000000000 ) ) ;
#494 = CARTESIAN_POINT ( 'NONE',  ( 17.75956350294955044, 2.602085213965210642E-13, 18.65441820830514530 ) ) ;
#495 = CARTESIAN_POINT ( 'NONE',  ( 95.80099116246414326, 2.000000000000265565, -5.802634118776736294 ) ) ;
#496 = ORIENTED_EDGE ( 'NONE', *, *, #1749, .T. ) ;
#497 = UNCERTAINTY_MEASURE_WITH_UNIT (LENGTH_MEASURE( 1.000000000000000082E-05 ), #1798, 'distance_accuracy_value', 'NONE');
#498 = ADVANCED_FACE ( 'NONE', ( #90 ), #1564, .F. ) ;
#499 = CARTESIAN_POINT ( 'NONE',  ( 108.7158656633949221, 2.193163247192331244, -1.855753516855049190 ) ) ;
#500 = CARTESIAN_POINT ( 'NONE',  ( 104.2172825550669728, 2.141799874396324022, 3.569684205150587708 ) ) ;
#501 = EDGE_LOOP ( 'NONE', ( #556, #18, #2394 ) ) ;
#502 = CARTESIAN_POINT ( 'NONE',  ( -21.31507684799722924, 2.602085213965210642E-13, -9.058951000058010905 ) ) ;
#503 = CARTESIAN_POINT ( 'NONE',  ( 70.65791214559146738, 2.602085213965210642E-13, 14.38064232167041112 ) ) ;
#504 = CARTESIAN_POINT ( 'NONE',  ( -50.44459283879149325, 4.084867210110698643E-13, -0.1485465284910970074 ) ) ;
#505 = CARTESIAN_POINT ( 'NONE',  ( 109.1631216837134133, 1.816787505330217600, 1.381493221307076524 ) ) ;
#506 = CARTESIAN_POINT ( 'NONE',  ( -38.42543389828423273, 2.000000000000265121, 2.450387088743626318 ) ) ;
#507 = CARTESIAN_POINT ( 'NONE',  ( 64.25791431893091499, 1.068281181884524589, -13.37527093523674360 ) ) ;
#508 = B_SPLINE_CURVE_WITH_KNOTS ( 'NONE', 3,
 ( #1734, #1510, #1689, #770, #2268, #1142, #780, #985, #579, #11, #2078, #234, #1154, #59, #754, #1721 ),
 .UNSPECIFIED., .F., .F.,
 ( 4, 2, 2, 2, 2, 2, 2, 4 ),
 ( 0.006796332515044343527, 0.01110133122728508559, 0.01540632993952582505, 0.02401632736400733173, 0.03262632478848885575, 0.04123632221297038325, 0.05845631706193343130, 0.07567631191089647935 ),
 .UNSPECIFIED. ) ;
#509 = CARTESIAN_POINT ( 'NONE',  ( -40.92223353449856660, 0.03416246624014545458, -3.407158748985754215 ) ) ;
#510 = ORIENTED_EDGE ( 'NONE', *, *, #688, .F. ) ;
#511 = CARTESIAN_POINT ( 'NONE',  ( 108.4641330688902627, 1.634243728287886332, -2.466941478865075421 ) ) ;
#512 = CARTESIAN_POINT ( 'NONE',  ( 109.1631216782575109, 1.840058326491979201, -1.381493170349655131 ) ) ;
#513 = CARTESIAN_POINT ( 'NONE',  ( 35.00000000000000000, -7.406158406065454614, -22.77278369580722739 ) ) ;
#514 = CARTESIAN_POINT ( 'NONE',  ( 100.0096942583962090, 2.082711781919535099, -4.688743352868581127 ) ) ;
#515 = CARTESIAN_POINT ( 'NONE',  ( 39.52625588205021501, 0.07421937731092487223, -18.22566875136058684 ) ) ;
#516 = VECTOR ( 'NONE', #1139, 1000.000000000000000 ) ;
#517 = CIRCLE ( 'NONE', #291, 1.000000000000000000 ) ;
#518 = SURFACE_STYLE_USAGE ( .BOTH. , #745 ) ;
#519 = MECHANICAL_DESIGN_GEOMETRIC_PRESENTATION_REPRESENTATION (  '', ( #2289 ), #2094 ) ;
#520 = MECHANICAL_DESIGN_GEOMETRIC_PRESENTATION_REPRESENTATION (  '', ( #51 ), #1814 ) ;
#521 = CARTESIAN_POINT ( 'NONE',  ( 10.34756249711993448, 2.606422022655152659E-13, -14.97570225676183320 ) ) ;
#522 =( NAMED_UNIT ( * ) SI_UNIT ( $, .STERADIAN. ) SOLID_ANGLE_UNIT ( ) );
#523 = CARTESIAN_POINT ( 'NONE',  ( 35.00000000000000000, 29.50681057119730255, -1.476840055078287417 ) ) ;
#524 = CARTESIAN_POINT ( 'NONE',  ( 108.4254339748583078, 2.000000000000256684, 2.450387102641211623 ) ) ;
#525 = LINE ( 'NONE', #707, #1559 ) ;
#526 = ADVANCED_FACE ( 'NONE', ( #258 ), #1140, .T. ) ;
#527 = FILL_AREA_STYLE ('',( #182 ) ) ;
#528 = EDGE_LOOP ( 'NONE', ( #38, #1378, #944 ) ) ;
#529 = FILL_AREA_STYLE_COLOUR ( '', #744 ) ;
#530 = CARTESIAN_POINT ( 'NONE',  ( -39.25064183939979756, 2.000000000000262901, -2.230895801038357273 ) ) ;
#531 = CARTESIAN_POINT ( 'NONE',  ( -35.50628652580255817, 2.000000000000260236, 3.226830679867084939 ) ) ;
#532 = ORIENTED_EDGE ( 'NONE', *, *, #2410, .T. ) ;
#533 = UNCERTAINTY_MEASURE_WITH_UNIT (LENGTH_MEASURE( 1.000000000000000082E-05 ), #2415, 'distance_accuracy_value', 'NONE');
#534 = CARTESIAN_POINT ( 'NONE',  ( 108.7039854327898780, 1.145505833725172895, -2.568009611807778203 ) ) ;
#535 = CARTESIAN_POINT ( 'NONE',  ( 35.00000000000000000, 2.606352156530162024E-13, -18.50000000000000000 ) ) ;
#536 = B_SPLINE_CURVE_WITH_KNOTS ( 'NONE', 3,
 ( #1865, #358, #739, #372 ),
 .UNSPECIFIED., .F., .F.,
 ( 4, 4 ),
 ( -5.835983202792720216E-05, 0.002306787716517485348 ),
 .UNSPECIFIED. ) ;
#537 = SURFACE_STYLE_FILL_AREA ( #2222 ) ;
#538 = FILL_AREA_STYLE ('',( #1480 ) ) ;
#539 = B_SPLINE_CURVE_WITH_KNOTS ( 'NONE', 3,
 ( #1912, #1969, #104, #239, #1594, #2110, #2299, #1576, #1415, #1376, #1754, #478, #296, #608, #809, #1022 ),
 .UNSPECIFIED., .F., .F.,
 ( 4, 2, 2, 2, 2, 2, 2, 4 ),
 ( 0.000000000000000000, 0.0005494014740447106379, 0.001098802948089421276, 0.001648204422134132022, 0.002197605896178842118, 0.003296408844268247564, 0.003845810318312950938, 0.004395211792357653011 ),
 .UNSPECIFIED. ) ;
#540 =( NAMED_UNIT ( * ) SI_UNIT ( $, .STERADIAN. ) SOLID_ANGLE_UNIT ( ) );
#541 =( LENGTH_UNIT ( ) NAMED_UNIT ( * ) SI_UNIT ( .MILLI., .METRE. ) );
#542 = CARTESIAN_POINT ( 'NONE',  ( 109.0682247871103385, 2.219201569170166533, 0.4604977562372020161 ) ) ;
#543 = CARTESIAN_POINT ( 'NONE',  ( -39.32461609084927545, 1.241166336849677254, -1.537633146524991501 ) ) ;
#544 = EDGE_LOOP ( 'NONE', ( #1604, #1460, #724, #1290, #1016 ) ) ;
#545 = VERTEX_POINT ( 'NONE', #995 ) ;
#546 = CARTESIAN_POINT ( 'NONE',  ( 35.00000000000000000, 4.333333333333333037, 16.00000000000000000 ) ) ;
#547 = CARTESIAN_POINT ( 'NONE',  ( 17.41378221963282513, 2.602085213965211146E-13, -18.58206863307674439 ) ) ;
#548 = ORIENTED_EDGE ( 'NONE', *, *, #1461, .F. ) ;
#549 = DIRECTION ( 'NONE',  ( 0.000000000000000000, 0.000000000000000000, -1.000000000000000000 ) ) ;
#550 = CARTESIAN_POINT ( 'NONE',  ( 51.83349497313950138, 2.000000000000260236, -16.69603173389873874 ) ) ;
#551 = CARTESIAN_POINT ( 'NONE',  ( 43.40257538919190949, 13.00000000000000000, -11.00000000000000711 ) ) ;
#552 = AXIS2_PLACEMENT_3D ( 'NONE', #898, #1049, #1818 ) ;
#553 = CARTESIAN_POINT ( 'NONE',  ( -39.76455786144541094, 0.6429397590662776496, 1.955682088866227186 ) ) ;
#554 = COLOUR_RGB ( '',0.6196078431372549211, 0.4078431372549019551, 0.2000000000000000111 ) ;
#555 = EDGE_CURVE ( 'NONE', #106, #2206, #1619, .T. ) ;
#556 = ORIENTED_EDGE ( 'NONE', *, *, #760, .F. ) ;
#557 =( LENGTH_UNIT ( ) NAMED_UNIT ( * ) SI_UNIT ( .MILLI., .METRE. ) );
#558 =( LENGTH_UNIT ( ) NAMED_UNIT ( * ) SI_UNIT ( .MILLI., .METRE. ) );
#559 = CARTESIAN_POINT ( 'NONE',  ( 70.10101448856302397, 19.74686555625289230, -0.9857061973343557160 ) ) ;
#560 = ORIENTED_EDGE ( 'NONE', *, *, #2276, .T. ) ;
#561 = CARTESIAN_POINT ( 'NONE',  ( -39.16312168003598515, 2.202961820252523850, -1.381493187611365636 ) ) ;
#562 = CARTESIAN_POINT ( 'NONE',  ( 2.559061502425732826, 2.000000000000260236, 13.11709219358958833 ) ) ;
#563 = LINE ( 'NONE', #1731, #1423 ) ;
#564 = DIRECTION ( 'NONE',  ( 0.000000000000000000, -1.000000000000000000, 0.000000000000000000 ) ) ;
#565 = CIRCLE ( 'NONE', #1850, 13.47868341846068851 ) ;
#566 = B_SPLINE_CURVE_WITH_KNOTS ( 'NONE', 3,
 ( #720, #779, #542, #729 ),
 .UNSPECIFIED., .F., .F.,
 ( 4, 4 ),
 ( 0.0008424265851478120008, 0.003605412980390447757 ),
 .UNSPECIFIED. ) ;
#567 = STYLED_ITEM ( 'NONE', ( #2076 ), #2154 ) ;
#568 =( LENGTH_UNIT ( ) NAMED_UNIT ( * ) SI_UNIT ( .MILLI., .METRE. ) );
#569 = PLANE ( 'NONE',  #2216 ) ;
#570 = VERTEX_POINT ( 'NONE', #2018 ) ;
#571 = ADVANCED_FACE ( 'NONE', ( #1446 ), #1458, .F. ) ;
#572 = PRESENTATION_STYLE_ASSIGNMENT (( #1157 ) ) ;
#573 = CARTESIAN_POINT ( 'NONE',  ( 75.82763255128156743, -4.956429087162517177, -15.24351192671097266 ) ) ;
#574 = ORIENTED_EDGE ( 'NONE', *, *, #2240, .T. ) ;
#575 =( NAMED_UNIT ( * ) PLANE_ANGLE_UNIT ( ) SI_UNIT ( $, .RADIAN. ) );
#576 = CARTESIAN_POINT ( 'NONE',  ( -5.233514031216950357, 2.587631885586499235E-12, 11.16707574188438024 ) ) ;
#577 = CARTESIAN_POINT ( 'NONE',  ( 75.72617179617348881, 2.602085213965210642E-13, -13.10545746498408803 ) ) ;
#578 = SURFACE_STYLE_FILL_AREA ( #752 ) ;
#579 = CARTESIAN_POINT ( 'NONE',  ( 64.25673862266495462, 1.068231670277445033, 13.37555218021908665 ) ) ;
#580 = SURFACE_SIDE_STYLE ('',( #400 ) ) ;
#581 = CARTESIAN_POINT ( 'NONE',  ( 88.47833466772583222, 1.837964486019383115, 7.740968151028437383 ) ) ;
#582 = VERTEX_POINT ( 'NONE', #1646 ) ;
#583 = CARTESIAN_POINT ( 'NONE',  ( 120.4445928387914933, 0.1000000000004085537, 0.08461538461573038516 ) ) ;
#584 = FILL_AREA_STYLE_COLOUR ( '', #877 ) ;
#585 = SURFACE_SIDE_STYLE ('',( #967 ) ) ;
#586 = SURFACE_SIDE_STYLE ('',( #1656 ) ) ;
#587 = DIRECTION ( 'NONE',  ( 0.000000000000000000, -1.000000000000000000, 0.000000000000000000 ) ) ;
#588 = CARTESIAN_POINT ( 'NONE',  ( 35.00000000000000000, 13.00000000000000000, -11.00000000000000178 ) ) ;
#589 = CARTESIAN_POINT ( 'NONE',  ( 16.20071364497014699, 0.2954060599149564981, 17.23955122798289352 ) ) ;
#590 = LINE ( 'NONE', #615, #1228 ) ;
#591 = UNCERTAINTY_MEASURE_WITH_UNIT (LENGTH_MEASURE( 1.000000000000000082E-05 ), #28, 'distance_accuracy_value', 'NONE');
#592 = CARTESIAN_POINT ( 'NONE',  ( -40.99312644595691779, 0.05482510044436995911, 3.269144782984711117 ) ) ;
#593 = CARTESIAN_POINT ( 'NONE',  ( 106.5653472763332275, 2.602085213965210642E-13, -5.014667156020270689 ) ) ;
#594 = VECTOR ( 'NONE', #1346, 1000.000000000000000 ) ;
#595 = B_SPLINE_CURVE_WITH_KNOTS ( 'NONE', 3,
 ( #895, #2199, #514, #495 ),
 .UNSPECIFIED., .F., .F.,
 ( 4, 4 ),
 ( 0.0008810399510608842542, 0.01394414657393876385 ),
 .UNSPECIFIED. ) ;
#596 = COLOUR_RGB ( '',0.6196078431372549211, 0.4078431372549019551, 0.2000000000000000111 ) ;
#597 = B_SPLINE_SURFACE_WITH_KNOTS ( 'NONE', 3, 1, ( 
 ( #1363, #1803 ),
 ( #340, #128 ),
 ( #1078, #1092 ),
 ( #1828, #911 ) ),
 .UNSPECIFIED., .F., .F., .F.,
 ( 4, 4 ),
 ( 2, 2 ),
 ( 0.8207364450587841809, 0.9942744224960513577 ),
 ( 0.000000000000000000, 1.000000000000000000 ),
 .UNSPECIFIED. ) ;
#598 = CARTESIAN_POINT ( 'NONE',  ( 35.00000000000000000, 18.50227020089844743, 7.825613345635515472 ) ) ;
#599 = VERTEX_POINT ( 'NONE', #2403 ) ;
#600 = CYLINDRICAL_SURFACE ( 'NONE', #2413, 13.47868341846287699 ) ;
#601 = SURFACE_STYLE_USAGE ( .BOTH. , #408 ) ;
#602 = CARTESIAN_POINT ( 'NONE',  ( 111.6885805614464857, 2.602085213965210642E-13, 3.651989935064667403 ) ) ;
#603 = EDGE_CURVE ( 'NONE', #379, #279, #650, .T. ) ;
#604 = CARTESIAN_POINT ( 'NONE',  ( 49.61022298130838948, 2.602085213965210642E-13, 19.16187675942899915 ) ) ;
#605 = CARTESIAN_POINT ( 'NONE',  ( 21.15183875973326622, 0.4012044775361177651, 16.76518137597995661 ) ) ;
#606 = LINE ( 'NONE', #1713, #2402 ) ;
#607 = MECHANICAL_DESIGN_GEOMETRIC_PRESENTATION_REPRESENTATION (  '', ( #1319 ), #1891 ) ;
#608 = CARTESIAN_POINT ( 'NONE',  ( -41.41051206754584513, 0.006881650720775605440, 3.421448806780277963 ) ) ;
#609 = CARTESIAN_POINT ( 'NONE',  ( -50.44459283879149325, 0.1000000000004085260, -0.1347633201468339814 ) ) ;
#610 = CARTESIAN_POINT ( 'NONE',  ( 108.7158656633949221, 2.193163247192331244, -1.855753516855049190 ) ) ;
#611 = DIRECTION ( 'NONE',  ( -0.000000000000000000, 1.000000000000000000, -0.000000000000000000 ) ) ;
#612 = SURFACE_STYLE_USAGE ( .BOTH. , #788 ) ;
#613 = CARTESIAN_POINT ( 'NONE',  ( 109.4103016702878080, 1.227140577103754238, 2.322596695994528559 ) ) ;
#614 =( NAMED_UNIT ( * ) SI_UNIT ( $, .STERADIAN. ) SOLID_ANGLE_UNIT ( ) );
#615 = CARTESIAN_POINT ( 'NONE',  ( 109.1631216837133991, 15.82436863030219065, 1.381493221307076080 ) ) ;
#616 = EDGE_CURVE ( 'NONE', #200, #2057, #1545, .T. ) ;
#617 = CARTESIAN_POINT ( 'NONE',  ( 120.4445928387914933, -0.05697044927798499553, 0.1849683883857090594 ) ) ;
#618 = CARTESIAN_POINT ( 'NONE',  ( 25.81967666916753501, 13.00000000000000000, -17.51923161901684267 ) ) ;
#619 = ORIENTED_EDGE ( 'NONE', *, *, #411, .T. ) ;
#620 = CARTESIAN_POINT ( 'NONE',  ( -42.05746392672033807, 2.602085213965210642E-13, -3.553874366320366462 ) ) ;
#621 =( NAMED_UNIT ( * ) PLANE_ANGLE_UNIT ( ) SI_UNIT ( $, .RADIAN. ) );
#622 = PRESENTATION_STYLE_ASSIGNMENT (( #2160 ) ) ;
#623 = CARTESIAN_POINT ( 'NONE',  ( 109.6378138638127808, 0.8634361701973021219, 2.461571108448203038 ) ) ;
#624 = CARTESIAN_POINT ( 'NONE',  ( 15.13924307682813897, 2.602085213965210642E-13, 18.09457738817743433 ) ) ;
#625 = CARTESIAN_POINT ( 'NONE',  ( 77.83846966319934779, 2.602085213965210642E-13, 10.50144678578037194 ) ) ;
#626 = ORIENTED_EDGE ( 'NONE', *, *, #1999, .T. ) ;
#627 = B_SPLINE_CURVE_WITH_KNOTS ( 'NONE', 3,
 ( #1005, #2106, #426, #1167 ),
 .UNSPECIFIED., .F., .F.,
 ( 4, 4 ),
 ( 1.626303258728256651E-19, 0.002365207766756406444 ),
 .UNSPECIFIED. ) ;
#628 = CARTESIAN_POINT ( 'NONE',  ( -5.798208000188008526, 2.602085213965211651E-13, 13.08705841845895002 ) ) ;
#629 = CARTESIAN_POINT ( 'NONE',  ( -36.20783459864964726, 2.000000000000260236, -3.040230802209943128 ) ) ;
#630 = ADVANCED_FACE ( 'NONE', ( #1624 ), #664, .T. ) ;
#631 = PRESENTATION_LAYER_ASSIGNMENT (  '', '', ( #1102 ) ) ;
#632 = CARTESIAN_POINT ( 'NONE',  ( 35.00000000000000000, -7.406158406191157617, 22.77278369587950735 ) ) ;
#633 = CARTESIAN_POINT ( 'NONE',  ( -2.661854277102262856, 8.699999999999063149, -7.361538461537677769 ) ) ;
#634 = CARTESIAN_POINT ( 'NONE',  ( 120.4445928387914933, 0.1000000000004085260, 0.08461538461573039904 ) ) ;
#635 = CARTESIAN_POINT ( 'NONE',  ( 110.0737976122214974, 0.4417475929354373609, -2.728120700312739455 ) ) ;
#636 = CARTESIAN_POINT ( 'NONE',  ( -50.44459283879149325, 0.1000000000004085537, 0.08461538461573038516 ) ) ;
#637 = CARTESIAN_POINT ( 'NONE',  ( 109.4736295600253158, 1.102670233615069550, 2.361058086347013862 ) ) ;
#638 = CARTESIAN_POINT ( 'NONE',  ( 108.1683881247694927, 2.000000000000260236, -1.483987841259442941 ) ) ;
#639 = CARTESIAN_POINT ( 'NONE',  ( 25.38887573129608555, 0.2310863224567042684, 17.52336089792500928 ) ) ;
#640 = CARTESIAN_POINT ( 'NONE',  ( 9.649315680137783957, 2.602085213965210642E-13, 16.86690934942823006 ) ) ;
#641 =( NAMED_UNIT ( * ) SI_UNIT ( $, .STERADIAN. ) SOLID_ANGLE_UNIT ( ) );
#642 = VECTOR ( 'NONE', #209, 1000.000000000000000 ) ;
#643 =( GEOMETRIC_REPRESENTATION_CONTEXT ( 3 ) GLOBAL_UNCERTAINTY_ASSIGNED_CONTEXT ( ( #1511 ) ) GLOBAL_UNIT_ASSIGNED_CONTEXT ( ( #1001, #276, #264 ) ) REPRESENTATION_CONTEXT ( 'NONE', 'WORKASPACE' ) );
#644 = CARTESIAN_POINT ( 'NONE',  ( -50.44459283879149325, 0.1000000000004085260, 0.1347633201468311781 ) ) ;
#645 = CARTESIAN_POINT ( 'NONE',  ( 72.66185427710226463, 8.699999999999063149, 10.27011872232941769 ) ) ;
#646 =( NAMED_UNIT ( * ) SI_UNIT ( $, .STERADIAN. ) SOLID_ANGLE_UNIT ( ) );
#647 = SURFACE_SIDE_STYLE ('',( #669 ) ) ;
#648 = DIRECTION ( 'NONE',  ( 0.000000000000000000, 1.000000000000000000, 0.000000000000000000 ) ) ;
#649 =( LENGTH_UNIT ( ) NAMED_UNIT ( * ) SI_UNIT ( .MILLI., .METRE. ) );
#650 = B_SPLINE_CURVE_WITH_KNOTS ( 'NONE', 3,
 ( #2392, #1794, #710, #499 ),
 .UNSPECIFIED., .F., .F.,
 ( 4, 4 ),
 ( 0.000000000000000000, 0.003720243031922199940 ),
 .UNSPECIFIED. ) ;
#651 = FILL_AREA_STYLE_COLOUR ( '', #794 ) ;
#652 = LINE ( 'NONE', #1009, #1146 ) ;
#653 = CARTESIAN_POINT ( 'NONE',  ( 25.81967666916753501, 13.00000000000000000, 11.00000000000000888 ) ) ;
#654 = CARTESIAN_POINT ( 'NONE',  ( 52.91148891616274597, 0.2220820858020974287, -17.56098291860000060 ) ) ;
#655 = CARTESIAN_POINT ( 'NONE',  ( 35.00000000000000000, 13.00000000000000000, -11.00000000000000178 ) ) ;
#656 = DIRECTION ( 'NONE',  ( 0.000000000000000000, 0.000000000000000000, -1.000000000000000000 ) ) ;
#657 = CARTESIAN_POINT ( 'NONE',  ( 110.9908893322494947, 0.03690086837648447887, 3.428333589586680663 ) ) ;
#658 = FILL_AREA_STYLE_COLOUR ( '', #92 ) ;
#659 = CARTESIAN_POINT ( 'NONE',  ( 104.0011687112418031, 2.000000000000260236, 3.627143857222879131 ) ) ;
#660 = ADVANCED_FACE ( 'NONE', ( #413 ), #1712, .F. ) ;
#661 = VERTEX_POINT ( 'NONE', #237 ) ;
#662 = UNCERTAINTY_MEASURE_WITH_UNIT (LENGTH_MEASURE( 1.000000000000000082E-05 ), #432, 'distance_accuracy_value', 'NONE');
#663 = CARTESIAN_POINT ( 'NONE',  ( -16.51248726813059164, 1.846039281974884094, -7.737431669916640331 ) ) ;
#664 = CYLINDRICAL_SURFACE ( 'NONE', #2366, 5.000000000000000888 ) ;
#665 = CARTESIAN_POINT ( 'NONE',  ( -40.99312644801229055, 0.05482510037645862977, -3.269144791744624801 ) ) ;
#666 = ORIENTED_EDGE ( 'NONE', *, *, #1129, .F. ) ;
#667 =( NAMED_UNIT ( * ) PLANE_ANGLE_UNIT ( ) SI_UNIT ( $, .RADIAN. ) );
#668 = CARTESIAN_POINT ( 'NONE',  ( -39.54227999311329000, 0.8827448580431210834, -1.745758740681207621 ) ) ;
#669 = SURFACE_STYLE_FILL_AREA ( #2352 ) ;
#670 = CARTESIAN_POINT ( 'NONE',  ( 35.00000000000000000, -3.703079203032597189, -20.63639184790361369 ) ) ;
#671 = DIRECTION ( 'NONE',  ( 0.000000000000000000, 0.000000000000000000, -1.000000000000000000 ) ) ;
#672 = FACE_OUTER_BOUND ( 'NONE', #928, .T. ) ;
#673 = VERTEX_POINT ( 'NONE', #1182 ) ;
#674 = EDGE_CURVE ( 'NONE', #1109, #1255, #1517, .T. ) ;
#675 = CARTESIAN_POINT ( 'NONE',  ( 28.22784611795591658, 0.1328659240299195077, 17.94430919226893550 ) ) ;
#676 = CARTESIAN_POINT ( 'NONE',  ( -39.22488281663029852, 0.6429397581168525555, -2.780386349963653636 ) ) ;
#677 = EDGE_LOOP ( 'NONE', ( #1864, #1520, #1133, #1682, #738 ) ) ;
#678 = PRESENTATION_LAYER_ASSIGNMENT (  '', '', ( #1887 ) ) ;
#679 = CARTESIAN_POINT ( 'NONE',  ( -38.42543389381031460, 2.000000000000260236, -2.450387086804404646 ) ) ;
#680 = CARTESIAN_POINT ( 'NONE',  ( -38.42543389828426115, 2.176818419689781514, 2.450387088743625430 ) ) ;
#681 = CARTESIAN_POINT ( 'NONE',  ( 101.4424642352758781, 2.602085213965211146E-13, 6.378402236899947120 ) ) ;
#682 = MECHANICAL_DESIGN_GEOMETRIC_PRESENTATION_REPRESENTATION (  '', ( #456 ), #53 ) ;
#683 =( LENGTH_UNIT ( ) NAMED_UNIT ( * ) SI_UNIT ( .MILLI., .METRE. ) );
#684 = CARTESIAN_POINT ( 'NONE',  ( -39.25664456424070181, 1.800112726676092789, 2.233706527483205750 ) ) ;
#685 = CARTESIAN_POINT ( 'NONE',  ( 69.83239817323674004, 1.292117160250765506, -12.01172811678443786 ) ) ;
#686 = CARTESIAN_POINT ( 'NONE',  ( 29.34930845374382358, 0.09680484854454524113, 18.09759772391736021 ) ) ;
#687 = CARTESIAN_POINT ( 'NONE',  ( -50.44459283879149325, 0.1000000000004085260, 0.08461538461573039904 ) ) ;
#688 = EDGE_CURVE ( 'NONE', #857, #1664, #1726, .T. ) ;
#689 = ORIENTED_EDGE ( 'NONE', *, *, #463, .T. ) ;
#690 = CARTESIAN_POINT ( 'NONE',  ( 108.9343387697941381, 0.8794484184007184124, -2.663060651136051060 ) ) ;
#691 = CARTESIAN_POINT ( 'NONE',  ( -39.64412611183685442, 0.7637397835015828917, -1.842361811446606046 ) ) ;
#692 = CARTESIAN_POINT ( 'NONE',  ( 26.67328993045400409, 18.50227019038477039, -7.825613351692775943 ) ) ;
#693 = CARTESIAN_POINT ( 'NONE',  ( 95.72524240521218530, 2.000000000000257572, 5.822685108961477951 ) ) ;
#694 = FILL_AREA_STYLE_COLOUR ( '', #1476 ) ;
#695 = CARTESIAN_POINT ( 'NONE',  ( 52.24034284158076247, 2.602085213965210642E-13, -18.65442058465405140 ) ) ;
#696 =( NAMED_UNIT ( * ) SI_UNIT ( $, .STERADIAN. ) SOLID_ANGLE_UNIT ( ) );
#697 = CARTESIAN_POINT ( 'NONE',  ( 33.86159040760063021, 0.03746186469014452236, 18.47838738575766726 ) ) ;
#698 = CARTESIAN_POINT ( 'NONE',  ( 120.4446928387914966, 0.1328659240298901700, 17.94430919226899945 ) ) ;
#699 = SURFACE_SIDE_STYLE ('',( #2426 ) ) ;
#700 = ORIENTED_EDGE ( 'NONE', *, *, #350, .F. ) ;
#701 = ADVANCED_FACE ( 'NONE', ( #2120 ), #280, .F. ) ;
#702 = CARTESIAN_POINT ( 'NONE',  ( -0.04987935738494506110, 2.000000000004914291, -12.47104177997141861 ) ) ;
#703 = CARTESIAN_POINT ( 'NONE',  ( 109.4731939994730823, 0.9790491626340881437, -1.679936760202781931 ) ) ;
#704 = FILL_AREA_STYLE ('',( #881 ) ) ;
#705 = MECHANICAL_DESIGN_GEOMETRIC_PRESENTATION_REPRESENTATION (  '', ( #1654 ), #294 ) ;
#706 = SURFACE_SIDE_STYLE ('',( #120 ) ) ;
#707 = CARTESIAN_POINT ( 'NONE',  ( 108.4254339748580662, 2.176818419254975101, 2.450387102641272019 ) ) ;
#708 = CARTESIAN_POINT ( 'NONE',  ( 52.91618289352101101, 0.2224954801563497064, 17.55918752871240329 ) ) ;
#709 = STYLED_ITEM ( 'NONE', ( #839 ), #498 ) ;
#710 = CARTESIAN_POINT ( 'NONE',  ( 108.5508941316067109, 2.222336246564646345, -0.6242564115052579021 ) ) ;
#711 = ORIENTED_EDGE ( 'NONE', *, *, #1038, .F. ) ;
#712 =( GEOMETRIC_REPRESENTATION_CONTEXT ( 3 ) GLOBAL_UNCERTAINTY_ASSIGNED_CONTEXT ( ( #399 ) ) GLOBAL_UNIT_ASSIGNED_CONTEXT ( ( #2032, #2208, #522 ) ) REPRESENTATION_CONTEXT ( 'NONE', 'WORKASPACE' ) );
#713 = CARTESIAN_POINT ( 'NONE',  ( 108.7158656636565723, 2.193163247146062922, 1.855753516815899617 ) ) ;
#714 = CARTESIAN_POINT ( 'NONE',  ( 42.47309680513940577, 24.00454040088140317, -4.651226691782547107 ) ) ;
#715 = EDGE_CURVE ( 'NONE', #189, #673, #606, .T. ) ;
#716 =( NAMED_UNIT ( * ) SI_UNIT ( $, .STERADIAN. ) SOLID_ANGLE_UNIT ( ) );
#717 = DIRECTION ( 'NONE',  ( -0.000000000000000000, -1.000000000000000000, -0.000000000000000000 ) ) ;
#718 = COLOUR_RGB ( '',0.6196078431372549211, 0.4078431372549019551, 0.2000000000000000111 ) ;
#719 = CARTESIAN_POINT ( 'NONE',  ( 41.77215386514494355, 0.1328659240299079891, -17.94430919426132220 ) ) ;
#720 = CARTESIAN_POINT ( 'NONE',  ( 109.1631216786270500, 2.202961820493670064, -1.381493173935559815 ) ) ;
#721 = CARTESIAN_POINT ( 'NONE',  ( 86.51237667540257803, 1.846035898391420460, -7.737460492462262529 ) ) ;
#722 = CARTESIAN_POINT ( 'NONE',  ( -41.33660195141990812, -4.166109513224635289E-09, 3.462574167793246449 ) ) ;
#723 = CARTESIAN_POINT ( 'NONE',  ( 28.22784613488039795, 0.1328659240290686328, -17.94430919426479321 ) ) ;
#724 = ORIENTED_EDGE ( 'NONE', *, *, #954, .F. ) ;
#725 = CARTESIAN_POINT ( 'NONE',  ( -15.62035917325342105, -9.035938274301038422E-13, -8.491587074396115042 ) ) ;
#726 = DIRECTION ( 'NONE',  ( 0.000000000000000000, -1.000000000000000000, 0.000000000000000000 ) ) ;
#727 = CARTESIAN_POINT ( 'NONE',  ( -0.03862192752873781082, 2.000000000000260236, 12.47384659209925850 ) ) ;
#728 = FACE_OUTER_BOUND ( 'NONE', #1112, .T. ) ;
#729 = CARTESIAN_POINT ( 'NONE',  ( 109.1631216837133991, 2.202961819623249884, 1.381493221307075858 ) ) ;
#730 = EDGE_CURVE ( 'NONE', #853, #106, #1065, .T. ) ;
#731 = UNCERTAINTY_MEASURE_WITH_UNIT (LENGTH_MEASURE( 1.000000000000000082E-05 ), #1121, 'distance_accuracy_value', 'NONE');
#732 = B_SPLINE_CURVE_WITH_KNOTS ( 'NONE', 3,
 ( #422, #2115, #233, #433, #1219, #1959, #970, #1776, #42, #791, #1917, #2187, #657, #2353, #1419, #310 ),
 .UNSPECIFIED., .F., .F.,
 ( 4, 2, 2, 2, 2, 2, 2, 4 ),
 ( 1.587366771320924547E-16, 0.0005566798046852763394, 0.001113359609370393952, 0.001670039414055511781, 0.002226719218740629176, 0.003340078828110828405, 0.003896758632795928236, 0.004453438437481027634 ),
 .UNSPECIFIED. ) ;
#733 = CARTESIAN_POINT ( 'NONE',  ( -39.47319400138859180, 0.9790491606073403741, -1.679936765976223878 ) ) ;
#734 =( LENGTH_UNIT ( ) NAMED_UNIT ( * ) SI_UNIT ( .MILLI., .METRE. ) );
#735 = CARTESIAN_POINT ( 'NONE',  ( -29.66751482057118494, 2.000000000000260236, 4.777923924199265926 ) ) ;
#736 = ORIENTED_EDGE ( 'NONE', *, *, #1239, .T. ) ;
#737 = CARTESIAN_POINT ( 'NONE',  ( 44.85258962654479831, 8.666666666678036535, -13.50000000000000533 ) ) ;
#738 = ORIENTED_EDGE ( 'NONE', *, *, #362, .T. ) ;
#739 = CARTESIAN_POINT ( 'NONE',  ( 51.36183928213437611, 0.04404015637800537397, 18.32189004122152198 ) ) ;
#740 = CARTESIAN_POINT ( 'NONE',  ( 26.59742461080809406, 13.00000000000000000, -11.00000000000000888 ) ) ;
#741 =( GEOMETRIC_REPRESENTATION_CONTEXT ( 3 ) GLOBAL_UNCERTAINTY_ASSIGNED_CONTEXT ( ( #533 ) ) GLOBAL_UNIT_ASSIGNED_CONTEXT ( ( #2415, #932, #2425 ) ) REPRESENTATION_CONTEXT ( 'NONE', 'WORKASPACE' ) );
#742 = EDGE_CURVE ( 'NONE', #1971, #1743, #1277, .T. ) ;
#743 =( NAMED_UNIT ( * ) SI_UNIT ( $, .STERADIAN. ) SOLID_ANGLE_UNIT ( ) );
#744 = COLOUR_RGB ( '',0.6196078431372549211, 0.4078431372549019551, 0.2000000000000000111 ) ;
#745 = SURFACE_SIDE_STYLE ('',( #378 ) ) ;
#746 = ORIENTED_EDGE ( 'NONE', *, *, #44, .T. ) ;
#747 = FILL_AREA_STYLE_COLOUR ( '', #1020 ) ;
#748 = ORIENTED_EDGE ( 'NONE', *, *, #1690, .T. ) ;
#749 = FILL_AREA_STYLE ('',( #6 ) ) ;
#750 = FILL_AREA_STYLE ('',( #190 ) ) ;
#751 = DIRECTION ( 'NONE',  ( 0.000000000000000000, 0.000000000000000000, -1.000000000000000000 ) ) ;
#752 = FILL_AREA_STYLE ('',( #2067 ) ) ;
#753 = MECHANICAL_DESIGN_GEOMETRIC_PRESENTATION_REPRESENTATION (  '', ( #2379 ), #2344 ) ;
#754 = CARTESIAN_POINT ( 'NONE',  ( 103.1656792286970301, 2.158191598015726242, 3.332032458118222795 ) ) ;
#755 = UNCERTAINTY_MEASURE_WITH_UNIT (LENGTH_MEASURE( 1.000000000000000082E-05 ), #649, 'distance_accuracy_value', 'NONE');
#756 = CARTESIAN_POINT ( 'NONE',  ( 95.80099116246414326, 2.000000000000265565, -5.802634118776736294 ) ) ;
#757 = DIRECTION ( 'NONE',  ( 0.000000000000000000, 0.000000000000000000, 1.000000000000000000 ) ) ;
#758 = DIRECTION ( 'NONE',  ( 2.059220085072573967E-15, 0.000000000000000000, -1.000000000000000000 ) ) ;
#759 = ORIENTED_EDGE ( 'NONE', *, *, #2338, .T. ) ;
#760 = EDGE_CURVE ( 'NONE', #1109, #956, #769, .T. ) ;
#761 = CARTESIAN_POINT ( 'NONE',  ( 120.4445928387914933, 0.1846503107834616408, 0.03049747263807199571 ) ) ;
#762 = SURFACE_SIDE_STYLE ('',( #1135 ) ) ;
#763 = VERTEX_POINT ( 'NONE', #2423 ) ;
#764 = B_SPLINE_CURVE_WITH_KNOTS ( 'NONE', 3,
 ( #2060, #1123, #1862, #224 ),
 .UNSPECIFIED., .F., .F.,
 ( 4, 4 ),
 ( 0.000000000000000000, 0.9152809859092345679 ),
 .UNSPECIFIED. ) ;
#765 = CARTESIAN_POINT ( 'NONE',  ( 35.00000000000000000, 13.00000000000000000, -17.51923161901691373 ) ) ;
#766 = CARTESIAN_POINT ( 'NONE',  ( 7.757148748684421946, 2.000000000000260236, 14.36885192987362814 ) ) ;
#767 =( NAMED_UNIT ( * ) SI_UNIT ( $, .STERADIAN. ) SOLID_ANGLE_UNIT ( ) );
#768 = CARTESIAN_POINT ( 'NONE',  ( 67.97453061032813082, 9.397721082396619963, -7.951917838950994799 ) ) ;
#769 = B_SPLINE_CURVE_WITH_KNOTS ( 'NONE', 3,
 ( #2026, #326, #1117, #140, #1483, #884, #2013, #347, #921, #1657, #1670, #159, #1643, #2225 ),
 .UNSPECIFIED., .F., .F.,
 ( 4, 2, 2, 2, 2, 2, 4 ),
 ( -1.099936234075407813E-05, 0.001089174076277197060, 0.002189347514895148127, 0.002739434234204123769, 0.003289520953513098978, 0.003839607672822074620, 0.004389694392131050261 ),
 .UNSPECIFIED. ) ;
#770 = CARTESIAN_POINT ( 'NONE',  ( 47.43761856308698555, 0.3423241345065446417, 17.03126491535819298 ) ) ;
#771 = SURFACE_STYLE_USAGE ( .BOTH. , #1660 ) ;
#772 = CARTESIAN_POINT ( 'NONE',  ( 68.08486017551126679, 2.602085213965210642E-13, -15.01827820370532862 ) ) ;
#773 = CARTESIAN_POINT ( 'NONE',  ( -38.93431276012205444, 0.8794741162855835848, -2.663049995476634901 ) ) ;
#774 =( NAMED_UNIT ( * ) PLANE_ANGLE_UNIT ( ) SI_UNIT ( $, .RADIAN. ) );
#775 = ORIENTED_EDGE ( 'NONE', *, *, #1668, .F. ) ;
#776 = ADVANCED_FACE ( 'NONE', ( #728 ), #475, .T. ) ;
#777 = CARTESIAN_POINT ( 'NONE',  ( 111.6885805574695638, 2.602085213965210642E-13, -3.651989925206818643 ) ) ;
#778 = FACE_OUTER_BOUND ( 'NONE', #1756, .T. ) ;
#779 = CARTESIAN_POINT ( 'NONE',  ( 109.0682247854486349, 2.219201569460512058, -0.4604977088436765786 ) ) ;
#780 = CARTESIAN_POINT ( 'NONE',  ( 55.87218903359374877, 0.7063531681770885973, 15.31673231448347750 ) ) ;
#781 = COLOUR_RGB ( '',0.6196078431372549211, 0.4078431372549019551, 0.2000000000000000111 ) ;
#782 = CARTESIAN_POINT ( 'NONE',  ( -2.614994301210076699, 1.397361416470503492, 11.31387931224749188 ) ) ;
#783 = UNCERTAINTY_MEASURE_WITH_UNIT (LENGTH_MEASURE( 1.000000000000000082E-05 ), #1104, 'distance_accuracy_value', 'NONE');
#784 = COLOUR_RGB ( '',0.6196078431372549211, 0.4078431372549019551, 0.2000000000000000111 ) ;
#785 = CARTESIAN_POINT ( 'NONE',  ( -38.60481240069144349, 1.296755215941002515, -2.526376205756184490 ) ) ;
#786 = CARTESIAN_POINT ( 'NONE',  ( 109.1753058820552411, 2.200876732159025018, 1.499743573215383208 ) ) ;
#787 =( LENGTH_UNIT ( ) NAMED_UNIT ( * ) SI_UNIT ( .MILLI., .METRE. ) );
#788 = SURFACE_SIDE_STYLE ('',( #218 ) ) ;
#789 = PRODUCT_DEFINITION ( 'UNKNOWN', '', #1197, #222 ) ;
#790 = CARTESIAN_POINT ( 'NONE',  ( -38.71586566365656523, 2.193163247146062922, 1.855753516815898285 ) ) ;
#791 = CARTESIAN_POINT ( 'NONE',  ( 109.9709935308910644, 0.2532284577528641223, 3.069237307180020302 ) ) ;
#792 = CARTESIAN_POINT ( 'NONE',  ( -25.80099560949344095, 2.000000000000265565, 5.802634116784518348 ) ) ;
#793 = AXIS2_PLACEMENT_3D ( 'NONE', #395, #717, #549 ) ;
#794 = COLOUR_RGB ( '',0.6196078431372549211, 0.4078431372549019551, 0.2000000000000000111 ) ;
#795 = CARTESIAN_POINT ( 'NONE',  ( 8.942452140768025970, 0.7500795839969417456, -15.09034008503582491 ) ) ;
#796 = CARTESIAN_POINT ( 'NONE',  ( -39.32461609080355913, 1.241166337963241384, 1.537633147962851554 ) ) ;
#797 = CARTESIAN_POINT ( 'NONE',  ( -27.79172687884419446, 2.000000000000260236, -5.275760002858874920 ) ) ;
#798 = MECHANICAL_DESIGN_GEOMETRIC_PRESENTATION_REPRESENTATION (  '', ( #994 ), #990 ) ;
#799 =( NAMED_UNIT ( * ) SI_UNIT ( $, .STERADIAN. ) SOLID_ANGLE_UNIT ( ) );
#800 = CARTESIAN_POINT ( 'NONE',  ( 35.00000000000000000, 13.00000000000000000, -17.51923161901683201 ) ) ;
#801 =( LENGTH_UNIT ( ) NAMED_UNIT ( * ) SI_UNIT ( .MILLI., .METRE. ) );
#802 =( NAMED_UNIT ( * ) SI_UNIT ( $, .STERADIAN. ) SOLID_ANGLE_UNIT ( ) );
#803 = CARTESIAN_POINT ( 'NONE',  ( 101.1716229095435295, 2.000000000000260236, -4.381024115316109580 ) ) ;
#804 = VERTEX_POINT ( 'NONE', #2266 ) ;
#805 = CARTESIAN_POINT ( 'NONE',  ( -28.37877657815117516, 2.000000000000260236, 5.119876726520636190 ) ) ;
#806 = CARTESIAN_POINT ( 'NONE',  ( 15.74454541854613687, 0.3291422988529576488, -17.08912884375579466 ) ) ;
#807 = CARTESIAN_POINT ( 'NONE',  ( -39.25064183983954536, 2.000000000000263789, 2.230895800429502529 ) ) ;
#808 = CARTESIAN_POINT ( 'NONE',  ( 62.93172658492594707, 2.602085213965210642E-13, -16.26098527974605190 ) ) ;
#809 = CARTESIAN_POINT ( 'NONE',  ( -41.54713876618016855, 2.600554201913048999E-13, 3.535661779332501364 ) ) ;
#810 = CARTESIAN_POINT ( 'NONE',  ( -50.44459283879149325, 0.1000000000004085260, -0.08461538461573039904 ) ) ;
#811 = EDGE_LOOP ( 'NONE', ( #548, #319, #1771, #1470 ) ) ;
#812 = CARTESIAN_POINT ( 'NONE',  ( 72.66185427710226463, 8.699999999999063149, 8.815828591933549063 ) ) ;
#813 = CARTESIAN_POINT ( 'NONE',  ( 110.3668894198387420, 0.2696693293487352205, -2.905115025223726999 ) ) ;
#814 = CARTESIAN_POINT ( 'NONE',  ( 62.93191331459314597, 2.602085213965210642E-13, 16.26094118012174405 ) ) ;
#815 = CARTESIAN_POINT ( 'NONE',  ( 109.7362451543366149, 0.7494366769440193865, 2.522082148653291167 ) ) ;
#816 = CARTESIAN_POINT ( 'NONE',  ( 110.3407414179901451, 0.2496777267139617118, -2.488269116930946545 ) ) ;
#817 = CARTESIAN_POINT ( 'NONE',  ( 101.1743931090891522, 4.911088264384568695E-12, 4.380291109003991323 ) ) ;
#818 = ORIENTED_EDGE ( 'NONE', *, *, #1785, .T. ) ;
#819 = CARTESIAN_POINT ( 'NONE',  ( 17.74286928562906951, 0.1596821384567290447, -17.83031874670728101 ) ) ;
#820 = CARTESIAN_POINT ( 'NONE',  ( -16.06581184871712864, 2.602085213965211146E-13, 10.44216525086277159 ) ) ;
#821 = FILL_AREA_STYLE ('',( #651 ) ) ;
#822 = AXIS2_PLACEMENT_3D ( 'NONE', #329, #859, #2180 ) ;
#823 = AXIS2_PLACEMENT_3D ( 'NONE', #192, #587, #751 ) ;
#824 = SURFACE_STYLE_FILL_AREA ( #1984 ) ;
#825 = VERTEX_POINT ( 'NONE', #790 ) ;
#826 = COLOUR_RGB ( '',0.6196078431372549211, 0.4078431372549019551, 0.2000000000000000111 ) ;
#827 = CARTESIAN_POINT ( 'NONE',  ( 120.4445928387914933, 0.1000000000004085260, -0.1013313631260984865 ) ) ;
#828 = CARTESIAN_POINT ( 'NONE',  ( 108.9586019611126204, 0.8581480029277408494, -2.673044274828523026 ) ) ;
#829 = CARTESIAN_POINT ( 'NONE',  ( -50.44459283879149325, 0.1846503106287581408, 0.03049747273697571079 ) ) ;
#830 = CARTESIAN_POINT ( 'NONE',  ( 108.4254339711334154, 1.840058327100592583, 2.450387103631952446 ) ) ;
#831 = COLOUR_RGB ( '',0.6196078431372549211, 0.4078431372549019551, 0.2000000000000000111 ) ;
#832 = CARTESIAN_POINT ( 'NONE',  ( 130.0000000000000000, -5.335670632184525530, 20.31923228304628992 ) ) ;
#833 = CARTESIAN_POINT ( 'NONE',  ( 59.65255421977754224, 2.000000000000260236, 14.97565344516757513 ) ) ;
#834 = ORIENTED_EDGE ( 'NONE', *, *, #396, .F. ) ;
#835 = UNCERTAINTY_MEASURE_WITH_UNIT (LENGTH_MEASURE( 1.000000000000000082E-05 ), #906, 'distance_accuracy_value', 'NONE');
#836 = CARTESIAN_POINT ( 'NONE',  ( -38.71586566339496471, 2.193163247192335685, -1.855753516855032759 ) ) ;
#837 = STYLED_ITEM ( 'NONE', ( #1551 ), #1680 ) ;
#838 = COLOUR_RGB ( '',0.6196078431372549211, 0.4078431372549019551, 0.2000000000000000111 ) ;
#839 = PRESENTATION_STYLE_ASSIGNMENT (( #469 ) ) ;
#840 = SURFACE_SIDE_STYLE ('',( #824 ) ) ;
#841 = ORIENTED_EDGE ( 'NONE', *, *, #1482, .F. ) ;
#842 = EDGE_CURVE ( 'NONE', #1664, #582, #563, .T. ) ;
#843 = CARTESIAN_POINT ( 'NONE',  ( 35.00000000000000000, 13.00000000000000000, 13.17307720633888835 ) ) ;
#844 = FILL_AREA_STYLE_COLOUR ( '', #1192 ) ;
#845 = CARTESIAN_POINT ( 'NONE',  ( 35.00000000000000000, 4.333333333333333037, 16.00000000000000000 ) ) ;
#846 = CARTESIAN_POINT ( 'NONE',  ( 111.3738419166560760, 2.598122148958514449E-13, 3.393139431329952327 ) ) ;
#847 =( NAMED_UNIT ( * ) PLANE_ANGLE_UNIT ( ) SI_UNIT ( $, .RADIAN. ) );
#848 = DIRECTION ( 'NONE',  ( 1.000000000000000000, 0.000000000000000000, 0.000000000000000000 ) ) ;
#849 = ORIENTED_EDGE ( 'NONE', *, *, #2058, .F. ) ;
#850 = CARTESIAN_POINT ( 'NONE',  ( 0.000000000000000000, 0.000000000000000000, 0.000000000000000000 ) ) ;
#851 = CARTESIAN_POINT ( 'NONE',  ( 52.25721948194327382, 0.1596829027272941015, 17.83031549595131438 ) ) ;
#852 = SURFACE_STYLE_USAGE ( .BOTH. , #840 ) ;
#853 = VERTEX_POINT ( 'NONE', #1343 ) ;
#854 = CARTESIAN_POINT ( 'NONE',  ( 44.18032333083247210, 13.00000000000000000, 11.00000000000000888 ) ) ;
#855 = CARTESIAN_POINT ( 'NONE',  ( -5.253142857751367245, -2.478214543525979696, 13.81318038474772969 ) ) ;
#856 = CARTESIAN_POINT ( 'NONE',  ( 108.9242025734456689, 2.185717642880462108, -2.149371108283145926 ) ) ;
#857 = VERTEX_POINT ( 'NONE', #1524 ) ;
#858 = UNCERTAINTY_MEASURE_WITH_UNIT (LENGTH_MEASURE( 1.000000000000000082E-05 ), #1696, 'distance_accuracy_value', 'NONE');
#859 = DIRECTION ( 'NONE',  ( 0.000000000000000000, -1.000000000000000000, 0.000000000000000000 ) ) ;
#860 = CARTESIAN_POINT ( 'NONE',  ( -39.87494862535406526, 0.5489754339736364619, -2.059014718407473854 ) ) ;
#861 = ORIENTED_EDGE ( 'NONE', *, *, #2210, .T. ) ;
#862 = CIRCLE ( 'NONE', #2243, 1.000000000000000000 ) ;
#863 = CARTESIAN_POINT ( 'NONE',  ( -0.5329783839830020131, 2.602085213965210642E-13, -14.41182513186174852 ) ) ;
#864 =( NAMED_UNIT ( * ) SI_UNIT ( $, .STERADIAN. ) SOLID_ANGLE_UNIT ( ) );
#865 = CARTESIAN_POINT ( 'NONE',  ( 35.00000000000000000, 13.00000000000000000, 11.00000000000000178 ) ) ;
#866 = CARTESIAN_POINT ( 'NONE',  ( 23.22838808851849990, -3.703079202989102203, -20.63639184790361014 ) ) ;
#867 = STYLED_ITEM ( 'NONE', ( #357 ), #267 ) ;
#868 = VECTOR ( 'NONE', #1986, 1000.000000000000000 ) ;
#869 = CARTESIAN_POINT ( 'NONE',  ( 108.1683881302331827, 2.091788006594912819, 1.483987892293357147 ) ) ;
#870 = CARTESIAN_POINT ( 'NONE',  ( 109.2948460202999712, 1.302851069698271802, 1.508904183583200220 ) ) ;
#871 = CARTESIAN_POINT ( 'NONE',  ( -39.31840337387570372, 1.467379084406360112, 2.267926795505319504 ) ) ;
#872 = ADVANCED_FACE ( 'NONE', ( #778 ), #41, .T. ) ;
#873 = MECHANICAL_DESIGN_GEOMETRIC_PRESENTATION_REPRESENTATION (  '', ( #2371 ), #1276 ) ;
#874 = CARTESIAN_POINT ( 'NONE',  ( -39.16312168051420173, 2.202961820170701746, 1.381493190259615922 ) ) ;
#875 = CARTESIAN_POINT ( 'NONE',  ( -39.83905269193488863, 0.3011220807840671032, -3.019840658582785053 ) ) ;
#876 =( NAMED_UNIT ( * ) SI_UNIT ( $, .STERADIAN. ) SOLID_ANGLE_UNIT ( ) );
#877 = COLOUR_RGB ( '',0.6196078431372549211, 0.4078431372549019551, 0.2000000000000000111 ) ;
#878 = ORIENTED_EDGE ( 'NONE', *, *, #1717, .T. ) ;
#879 = CARTESIAN_POINT ( 'NONE',  ( 15.55615254308195894, 2.000000000000260236, -16.13847597656443611 ) ) ;
#880 = CARTESIAN_POINT ( 'NONE',  ( 109.4103016521568037, 1.227140609172138630, -2.322596707924256876 ) ) ;
#881 = FILL_AREA_STYLE_COLOUR ( '', #718 ) ;
#882 = SURFACE_STYLE_USAGE ( .BOTH. , #1641 ) ;
#883 = FACE_OUTER_BOUND ( 'NONE', #528, .T. ) ;
#884 = CARTESIAN_POINT ( 'NONE',  ( -39.50056132010935528, 0.4749507037129788722, 2.889012623447307249 ) ) ;
#885 = APPLICATION_PROTOCOL_DEFINITION ( 'draft international standard', 'automotive_design', 1998, #2255 ) ;
#886 = ORIENTED_EDGE ( 'NONE', *, *, #1827, .T. ) ;
#887 = B_SPLINE_CURVE_WITH_KNOTS ( 'NONE', 3,
 ( #1147, #1924, #943, #255, #993, #2134, #1692 ),
 .UNSPECIFIED., .F., .F.,
 ( 4, 3, 4 ),
 ( 2.860979249076398407E-17, 0.004000000223434470661, 0.01306193480662131388 ),
 .UNSPECIFIED. ) ;
#888 = EDGE_CURVE ( 'NONE', #582, #353, #397, .T. ) ;
#889 = CARTESIAN_POINT ( 'NONE',  ( -60.00000000000000000, -5.335670632184525530, 20.31923228304628992 ) ) ;
#890 = VERTEX_POINT ( 'NONE', #1322 ) ;
#891 = ORIENTED_EDGE ( 'NONE', *, *, #842, .F. ) ;
#892 = CARTESIAN_POINT ( 'NONE',  ( -20.80519716618676895, 2.000000000000260236, -7.125036170627526921 ) ) ;
#893 = CARTESIAN_POINT ( 'NONE',  ( -2.661854277102262856, 8.699999999999063149, -7.361538461537677769 ) ) ;
#894 = FILL_AREA_STYLE ('',( #345 ) ) ;
#895 = CARTESIAN_POINT ( 'NONE',  ( 108.4254338587334558, 2.176818419993089559, -2.450387081041286219 ) ) ;
#896 = CARTESIAN_POINT ( 'NONE',  ( 62.24276322363355973, 2.602085213965210642E-13, -14.36887309607562280 ) ) ;
#897 = CARTESIAN_POINT ( 'NONE',  ( 35.00000000000000000, 0.03746186469040729827, 18.47838738575553563 ) ) ;
#898 = CARTESIAN_POINT ( 'NONE',  ( -38.16838812628293454, 2.091788006621065676, -1.483987855949860046 ) ) ;
#899 = CARTESIAN_POINT ( 'NONE',  ( -39.17530587872230541, 2.200876732728788365, -1.499743545950368961 ) ) ;
#900 = ORIENTED_EDGE ( 'NONE', *, *, #742, .T. ) ;
#901 = UNCERTAINTY_MEASURE_WITH_UNIT (LENGTH_MEASURE( 1.000000000000000082E-05 ), #1492, 'distance_accuracy_value', 'NONE');
#902 = CARTESIAN_POINT ( 'NONE',  ( 110.9885401780201022, 0.02804412555278611510, -3.429135955409411185 ) ) ;
#903 = PRESENTATION_STYLE_ASSIGNMENT (( #4 ) ) ;
#904 = CARTESIAN_POINT ( 'NONE',  ( 108.4254338587334558, 2.000000000000260236, -2.450387081041287995 ) ) ;
#905 = STYLED_ITEM ( 'NONE', ( #394 ), #336 ) ;
#906 =( LENGTH_UNIT ( ) NAMED_UNIT ( * ) SI_UNIT ( .MILLI., .METRE. ) );
#907 = CARTESIAN_POINT ( 'NONE',  ( 51.83349497307423093, 3.743190244727335569E-12, -16.69603173351647740 ) ) ;
#908 = PRESENTATION_LAYER_ASSIGNMENT (  '', '', ( #1720 ) ) ;
#909 = CARTESIAN_POINT ( 'NONE',  ( -25.72523353616477593, 2.177879330331654817, -5.822684933275916741 ) ) ;
#910 = AXIS2_PLACEMENT_3D ( 'NONE', #1450, #611, #2126 ) ;
#911 = CARTESIAN_POINT ( 'NONE',  ( 108.4254338587335127, 2.000000000000260236, -2.450387081041273785 ) ) ;
#912 = CARTESIAN_POINT ( 'NONE',  ( -41.68858055792176742, 2.602085213965210642E-13, 3.651989924562395462 ) ) ;
#913 = ORIENTED_EDGE ( 'NONE', *, *, #730, .T. ) ;
#914 = CIRCLE ( 'NONE', #1663, 11.47868341846287699 ) ;
#915 = CARTESIAN_POINT ( 'NONE',  ( -31.17437130742854023, 2.000000000000260236, -4.380293713286228297 ) ) ;
#916 = CARTESIAN_POINT ( 'NONE',  ( 120.4445928387914933, 0.2269754661647579441, -0.003438516655782687236 ) ) ;
#917 = EDGE_CURVE ( 'NONE', #353, #936, #387, .T. ) ;
#918 = CARTESIAN_POINT ( 'NONE',  ( 108.4254339748583078, 2.177879329770503247, 2.450387102641211623 ) ) ;
#919 = PRESENTATION_STYLE_ASSIGNMENT (( #1481 ) ) ;
#920 = COLOUR_RGB ( '',0.6196078431372549211, 0.4078431372549019551, 0.2000000000000000111 ) ;
#921 = CARTESIAN_POINT ( 'NONE',  ( -38.93433879021200283, 0.8794484149768648784, 2.663060652473268508 ) ) ;
#922 = CARTESIAN_POINT ( 'NONE',  ( 130.0000000000000000, 15.82336863030218943, -20.31923228304628992 ) ) ;
#923 = DIRECTION ( 'NONE',  ( -1.000000000000000000, 0.000000000000000000, -0.000000000000000000 ) ) ;
#924 = CARTESIAN_POINT ( 'NONE',  ( 120.4446928387914966, 5.000000000000254019, 19.08930084574431518 ) ) ;
#925 = CARTESIAN_POINT ( 'NONE',  ( -39.25664456371517019, 1.800112727201339968, -2.233706528066143004 ) ) ;
#926 = EDGE_LOOP ( 'NONE', ( #2427, #626, #818, #1502 ) ) ;
#927 = CARTESIAN_POINT ( 'NONE',  ( 120.4445928387914933, 4.085330821817248406E-13, 0.1485465284910967021 ) ) ;
#928 = EDGE_LOOP ( 'NONE', ( #1245, #1326, #1530, #1122, #1921, #1341, #67, #532, #1301, #2386, #945, #406 ) ) ;
#929 = EDGE_CURVE ( 'NONE', #570, #2367, #238, .T. ) ;
#930 = CARTESIAN_POINT ( 'NONE',  ( 67.44086151953550257, 2.000000000000260236, -13.11710554334275258 ) ) ;
#931 = SURFACE_STYLE_USAGE ( .BOTH. , #30 ) ;
#932 =( NAMED_UNIT ( * ) PLANE_ANGLE_UNIT ( ) SI_UNIT ( $, .RADIAN. ) );
#933 = ORIENTED_EDGE ( 'NONE', *, *, #1827, .F. ) ;
#934 =( BOUNDED_SURFACE ( )  B_SPLINE_SURFACE ( 3, 2, ( 
 ( #620, #2125, #1190 ),
 ( #2140, #460, #1204 ),
 ( #1944, #1011, #915 ),
 ( #502, #1294, #892 ),
 ( #2207, #725, #1477 ),
 ( #1099, #1831, #2195 ),
 ( #2387, #1082, #145 ),
 ( #863, #1639, #702 ),
 ( #1489, #1666, #320 ),
 ( #490, #2031, #342 ),
 ( #354, #521, #2419 ),
 ( #333, #1651, #879 ),
 ( #1627, #1074, #2395 ),
 ( #1061, #154, #1839 ) ),
 .UNSPECIFIED., .F., .F., .F. ) 
 B_SPLINE_SURFACE_WITH_KNOTS ( ( 4, 2, 2, 2, 2, 2, 4 ),
 ( 3, 3 ),
 ( 0.08091465484412360687, 0.09701004227083365183, 0.1131054296975436829, 0.1211531234108987054, 0.1292008171242537140, 0.1372485108376087504, 0.1452962045509637590 ),
 ( 0.000000000000000000, 1.000000000000000000 ),
 .UNSPECIFIED. ) 
 GEOMETRIC_REPRESENTATION_ITEM ( )  RATIONAL_B_SPLINE_SURFACE ( (
 ( 1.000000000000000000, 0.7071067811865475727, 1.000000000000000000),
 ( 1.000000000000000000, 0.7071067811865475727, 1.000000000000000000),
 ( 1.000000000000000000, 0.7071067811865475727, 1.000000000000000000),
 ( 1.000000000000000000, 0.7071067811865475727, 1.000000000000000000),
 ( 1.000000000000000000, 0.7071067811865474617, 1.000000000000000000),
 ( 1.000000000000000000, 0.7071067811865474617, 1.000000000000000000),
 ( 1.000000000000000000, 0.7071067811865475727, 1.000000000000000000),
 ( 1.000000000000000000, 0.7071067811865475727, 1.000000000000000000),
 ( 1.000000000000000000, 0.7071067811865475727, 1.000000000000000000),
 ( 1.000000000000000000, 0.7071067811865475727, 1.000000000000000000),
 ( 1.000000000000000000, 0.7071067811865476838, 1.000000000000000000),
 ( 1.000000000000000000, 0.7071067811865476838, 1.000000000000000000),
 ( 1.000000000000000000, 0.7071067811865475727, 1.000000000000000000),
 ( 1.000000000000000000, 0.7071067811865475727, 1.000000000000000000) ) ) 
 REPRESENTATION_ITEM ( '' )  SURFACE ( )  );
#935 = CARTESIAN_POINT ( 'NONE',  ( -40.30612419736200991, 0.1546361314346489657, -3.192199466539419994 ) ) ;
#936 = VERTEX_POINT ( 'NONE', #1698 ) ;
#937 = CARTESIAN_POINT ( 'NONE',  ( -16.12006857158000628, 2.602085213965210642E-13, 10.42818447407078253 ) ) ;
#938 =( NAMED_UNIT ( * ) PLANE_ANGLE_UNIT ( ) SI_UNIT ( $, .RADIAN. ) );
#939 = CARTESIAN_POINT ( 'NONE',  ( 109.1631216786270500, 2.202961820493670064, -1.381493173935559815 ) ) ;
#940 = COLOUR_RGB ( '',0.6196078431372549211, 0.4078431372549019551, 0.2000000000000000111 ) ;
#941 = COLOUR_RGB ( '',0.6196078431372549211, 0.4078431372549019551, 0.2000000000000000111 ) ;
#942 = ADVANCED_FACE ( 'NONE', ( #1532 ), #2010, .T. ) ;
#943 = CARTESIAN_POINT ( 'NONE',  ( 98.37877211734766547, 2.000000000000260236, -5.119876676984707053 ) ) ;
#944 = ORIENTED_EDGE ( 'NONE', *, *, #1436, .T. ) ;
#945 = ORIENTED_EDGE ( 'NONE', *, *, #1436, .F. ) ;
#946 = CARTESIAN_POINT ( 'NONE',  ( -60.00000000000000000, 0.000000000000000000, 0.000000000000000000 ) ) ;
#947 = LINE ( 'NONE', #19, #2173 ) ;
#948 = CARTESIAN_POINT ( 'NONE',  ( 77.82914151022718841, 2.000000000000260236, -10.50385320600815220 ) ) ;
#949 = DIRECTION ( 'NONE',  ( -0.000000000000000000, -1.000000000000000000, -0.000000000000000000 ) ) ;
#950 = MECHANICAL_DESIGN_GEOMETRIC_PRESENTATION_REPRESENTATION (  '', ( #837 ), #1779 ) ;
#951 = DIRECTION ( 'NONE',  ( 0.000000000000000000, 0.000000000000000000, -1.000000000000000000 ) ) ;
#952 = UNCERTAINTY_MEASURE_WITH_UNIT (LENGTH_MEASURE( 1.000000000000000082E-05 ), #79, 'distance_accuracy_value', 'NONE');
#953 = CARTESIAN_POINT ( 'NONE',  ( 75.79877801694310335, 2.602085213965210642E-13, -13.08691616614126474 ) ) ;
#954 = EDGE_CURVE ( 'NONE', #1059, #570, #2065, .T. ) ;
#955 = CARTESIAN_POINT ( 'NONE',  ( 25.81967666916753501, 13.00000000000000000, 3.666666666666669183 ) ) ;
#956 = VERTEX_POINT ( 'NONE', #2186 ) ;
#957 = CARTESIAN_POINT ( 'NONE',  ( 44.18032333083247210, 13.00000000000000000, -17.51923161901692438 ) ) ;
#958 = CARTESIAN_POINT ( 'NONE',  ( 108.7158656633949221, 2.193163247192331244, -1.855753516855049190 ) ) ;
#959 = CARTESIAN_POINT ( 'NONE',  ( 14.40075037021991911, 0.4241206432292210504, 16.66035951046693242 ) ) ;
#960 =( LENGTH_UNIT ( ) NAMED_UNIT ( * ) SI_UNIT ( .MILLI., .METRE. ) );
#961 = CARTESIAN_POINT ( 'NONE',  ( 59.23547220468274332, 0.6492665842494514949, 15.59626092177349044 ) ) ;
#962 = CARTESIAN_POINT ( 'NONE',  ( -39.06817722827579331, 0.7619647935663728111, -2.717556374133095254 ) ) ;
#963 = FILL_AREA_STYLE ('',( #584 ) ) ;
#964 = CARTESIAN_POINT ( 'NONE',  ( 53.79924163134176496, 0.2954030814216563883, -17.23956440827569736 ) ) ;
#965 = ORIENTED_EDGE ( 'NONE', *, *, #2306, .T. ) ;
#966 = PRESENTATION_STYLE_ASSIGNMENT (( #1160 ) ) ;
#967 = SURFACE_STYLE_FILL_AREA ( #750 ) ;
#968 = FACE_OUTER_BOUND ( 'NONE', #1304, .T. ) ;
#969 = CARTESIAN_POINT ( 'NONE',  ( 91.30942914828166579, 2.602085213965210642E-13, -9.060440785871257674 ) ) ;
#970 = CARTESIAN_POINT ( 'NONE',  ( 109.0681772645194627, 0.7619647834784011309, 2.717556377093357067 ) ) ;
#971 = DIRECTION ( 'NONE',  ( -0.000000000000000000, -1.000000000000000000, 0.000000000000000000 ) ) ;
#972 = CARTESIAN_POINT ( 'NONE',  ( 67.92920780341611930, 2.602085213965210642E-13, 15.05664229886704142 ) ) ;
#973 = CARTESIAN_POINT ( 'NONE',  ( 92.13881146071669548, 1.928028800812357835, -6.771880002815345634 ) ) ;
#974 = COLOUR_RGB ( '',0.6196078431372549211, 0.4078431372549019551, 0.2000000000000000111 ) ;
#975 = CARTESIAN_POINT ( 'NONE',  ( 17.95050540826466090, 0.1328659240298844801, -17.94430919426132576 ) ) ;
#976 = CARTESIAN_POINT ( 'NONE',  ( -31.44223628693371708, 2.602085213965210642E-13, 6.378459693460008850 ) ) ;
#977 = CARTESIAN_POINT ( 'NONE',  ( 52.58645085985843082, 2.602085213965211146E-13, -18.58201692436323427 ) ) ;
#978 = COLOUR_RGB ( '',0.6196078431372549211, 0.4078431372549019551, 0.2000000000000000111 ) ;
#979 = FILL_AREA_STYLE ('',( #2147 ) ) ;
#980 = FACE_OUTER_BOUND ( 'NONE', #2143, .T. ) ;
#981 = CARTESIAN_POINT ( 'NONE',  ( 109.2248828101524367, 0.6429397607187564700, -2.780386348476063141 ) ) ;
#982 = CARTESIAN_POINT ( 'NONE',  ( 111.6885805614464857, 2.602085213965210642E-13, 3.651989935064665627 ) ) ;
#983 = EDGE_CURVE ( 'NONE', #476, #1693, #68, .T. ) ;
#984 = MECHANICAL_DESIGN_GEOMETRIC_PRESENTATION_REPRESENTATION (  '', ( #1847 ), #1728 ) ;
#985 = CARTESIAN_POINT ( 'NONE',  ( 61.46625591292902158, 0.9496042453206603451, 14.04118361382376357 ) ) ;
#986 = CARTESIAN_POINT ( 'NONE',  ( 110.3408353259110157, 0.2496333738704183125, 2.488354408486144642 ) ) ;
#987 =( GEOMETRIC_REPRESENTATION_CONTEXT ( 3 ) GLOBAL_UNCERTAINTY_ASSIGNED_CONTEXT ( ( #1360 ) ) GLOBAL_UNIT_ASSIGNED_CONTEXT ( ( #1406, #479, #1040 ) ) REPRESENTATION_CONTEXT ( 'NONE', 'WORKASPACE' ) );
#988 = ORIENTED_EDGE ( 'NONE', *, *, #1482, .T. ) ;
#989 = CARTESIAN_POINT ( 'NONE',  ( 77.49645691253573432, 1.493826389442669544, -10.65360023233530207 ) ) ;
#990 =( GEOMETRIC_REPRESENTATION_CONTEXT ( 3 ) GLOBAL_UNCERTAINTY_ASSIGNED_CONTEXT ( ( #755 ) ) GLOBAL_UNIT_ASSIGNED_CONTEXT ( ( #649, #450, #1194 ) ) REPRESENTATION_CONTEXT ( 'NONE', 'WORKASPACE' ) );
#991 = PRESENTATION_STYLE_ASSIGNMENT (( #2316 ) ) ;
#992 = CARTESIAN_POINT ( 'NONE',  ( -39.25064183873742252, 1.898668045008826910, 2.230895799864591744 ) ) ;
#993 = CARTESIAN_POINT ( 'NONE',  ( 102.5871255866807701, 2.000000000000260236, -4.003235845710372054 ) ) ;
#994 = STYLED_ITEM ( 'NONE', ( #73 ), #2227 ) ;
#995 = CARTESIAN_POINT ( 'NONE',  ( 52.04946975961057376, 0.1328659240298813715, -17.94430919426132931 ) ) ;
#996 = CARTESIAN_POINT ( 'NONE',  ( -50.44459283879149325, 0.1000000000004085260, -0.1180473416364661299 ) ) ;
#997 = EDGE_LOOP ( 'NONE', ( #1674, #2273, #2099, #933 ) ) ;
#998 = CARTESIAN_POINT ( 'NONE',  ( 72.66185427710226463, 8.699999999999063149, -2.453846153845892442 ) ) ;
#999 = B_SPLINE_CURVE_WITH_KNOTS ( 'NONE', 3,
 ( #2416, #899, #2258, #2069, #2204, #1279, #2019, #341 ),
 .UNSPECIFIED., .F., .F.,
 ( 4, 2, 2, 4 ),
 ( 2.168404344971008868E-19, 0.0003516205904214396286, 0.0007032411808428790405, 0.001406482361685769790 ),
 .UNSPECIFIED. ) ;
#1000 = CARTESIAN_POINT ( 'NONE',  ( 35.00000000000000000, -7.406158406071010170, 22.77278369581019390 ) ) ;
#1001 =( LENGTH_UNIT ( ) NAMED_UNIT ( * ) SI_UNIT ( .MILLI., .METRE. ) );
#1002 = EDGE_CURVE ( 'NONE', #763, #1820, #1336, .T. ) ;
#1003 = CARTESIAN_POINT ( 'NONE',  ( 10.35718138541736089, 8.418018956930271552E-13, 14.97789783862395119 ) ) ;
#1004 = CARTESIAN_POINT ( 'NONE',  ( 67.45259978998194583, 2.602085213965210642E-13, 13.11424214710905467 ) ) ;
#1005 = CARTESIAN_POINT ( 'NONE',  ( 52.04946975961057376, 0.1328659240298813715, -17.94430919426132931 ) ) ;
#1006 = CARTESIAN_POINT ( 'NONE',  ( 17.52403389962925218, 0.1813459532111856565, -17.73720197768221141 ) ) ;
#1007 = UNCERTAINTY_MEASURE_WITH_UNIT (LENGTH_MEASURE( 1.000000000000000082E-05 ), #1039, 'distance_accuracy_value', 'NONE');
#1008 = CARTESIAN_POINT ( 'NONE',  ( -2.614684630558471667, 1.397350032389205854, -11.31395733960750505 ) ) ;
#1009 = CARTESIAN_POINT ( 'NONE',  ( -38.42543389381012986, 2.176818419812780458, -2.450387086804457493 ) ) ;
#1010 = ORIENTED_EDGE ( 'NONE', *, *, #1239, .F. ) ;
#1011 = CARTESIAN_POINT ( 'NONE',  ( -31.17437130743294205, -2.066537504655989206E-12, -4.380293713302854997 ) ) ;
#1012 = CARTESIAN_POINT ( 'NONE',  ( 110.1946912751639047, 0.1831888807875503566, -3.152175520193438274 ) ) ;
#1013 = CARTESIAN_POINT ( 'NONE',  ( 109.2248828341670190, 0.6429397552764761770, 2.780386349174279292 ) ) ;
#1014 = PRESENTATION_STYLE_ASSIGNMENT (( #277 ) ) ;
#1015 = CARTESIAN_POINT ( 'NONE',  ( 75.24348579053192054, 1.189427624732425524E-11, 11.16453355167865524 ) ) ;
#1016 = ORIENTED_EDGE ( 'NONE', *, *, #1815, .F. ) ;
#1017 = CARTESIAN_POINT ( 'NONE',  ( -34.19253280354874391, 2.000000000000258460, -3.576266821467260826 ) ) ;
#1018 =( NAMED_UNIT ( * ) PLANE_ANGLE_UNIT ( ) SI_UNIT ( $, .RADIAN. ) );
#1019 = EDGE_CURVE ( 'NONE', #853, #379, #508, .T. ) ;
#1020 = COLOUR_RGB ( '',0.6196078431372549211, 0.4078431372549019551, 0.2000000000000000111 ) ;
#1021 = STYLED_ITEM ( 'NONE', ( #1938 ), #701 ) ;
#1022 = CARTESIAN_POINT ( 'NONE',  ( -41.68858055792177453, 2.602085213965210642E-13, 3.651989924562394574 ) ) ;
#1023 = CARTESIAN_POINT ( 'NONE',  ( -41.37384191562645697, 2.602085213965210642E-13, -3.393139431651863713 ) ) ;
#1024 = ORIENTED_EDGE ( 'NONE', *, *, #2260, .F. ) ;
#1025 = CARTESIAN_POINT ( 'NONE',  ( 7.297248755725808778, 2.602085213965210642E-13, 16.31527571437541368 ) ) ;
#1026 = PRESENTATION_STYLE_ASSIGNMENT (( #54 ) ) ;
#1027 = CARTESIAN_POINT ( 'NONE',  ( -41.00280396114047221, 0.05804992290375144554, -3.073597559300916160 ) ) ;
#1028 = CARTESIAN_POINT ( 'NONE',  ( -0.1010144930367782579, 19.74686553695433133, 0.9857062084728798190 ) ) ;
#1029 = CARTESIAN_POINT ( 'NONE',  ( 109.2566445653600198, 1.800112709608844286, 2.233706498393015938 ) ) ;
#1030 = COLOUR_RGB ( '',0.6196078431372549211, 0.4078431372549019551, 0.2000000000000000111 ) ;
#1031 = DIRECTION ( 'NONE',  ( -0.000000000000000000, -1.000000000000000000, -0.000000000000000000 ) ) ;
#1032 = CARTESIAN_POINT ( 'NONE',  ( 51.83384184914070403, 5.485732424992918556E-12, 16.69600015059164022 ) ) ;
#1033 = MECHANICAL_DESIGN_GEOMETRIC_PRESENTATION_REPRESENTATION (  '', ( #332 ), #370 ) ;
#1034 = UNCERTAINTY_MEASURE_WITH_UNIT (LENGTH_MEASURE( 1.000000000000000082E-05 ), #787, 'distance_accuracy_value', 'NONE');
#1035 = B_SPLINE_CURVE_WITH_KNOTS ( 'NONE', 3,
 ( #268, #252, #381, #1549, #1373, #437, #47, #795, #1213, #236, #62, #806, #451, #2119, #1562, #1006, #819, #975 ),
 .UNSPECIFIED., .F., .F.,
 ( 4, 2, 2, 2, 2, 2, 2, 2, 4 ),
 ( 0.000000000000000000, 0.01136491008837593915, 0.02272982017675187830, 0.03409473026512781224, 0.03977718530931578095, 0.04261841283140976877, 0.04403902659245675921, 0.04474933347298026137, 0.04545964035350376353 ),
 .UNSPECIFIED. ) ;
#1036 = CARTESIAN_POINT ( 'NONE',  ( 53.80649875065247301, 0.2959599217180868824, 17.23709808956941458 ) ) ;
#1037 = COLOUR_RGB ( '',0.6196078431372549211, 0.4078431372549019551, 0.2000000000000000111 ) ;
#1038 = EDGE_CURVE ( 'NONE', #1255, #1059, #1869, .T. ) ;
#1039 =( LENGTH_UNIT ( ) NAMED_UNIT ( * ) SI_UNIT ( .MILLI., .METRE. ) );
#1040 =( NAMED_UNIT ( * ) SI_UNIT ( $, .STERADIAN. ) SOLID_ANGLE_UNIT ( ) );
#1041 = EDGE_LOOP ( 'NONE', ( #418, #1854, #965 ) ) ;
#1042 = CARTESIAN_POINT ( 'NONE',  ( 44.18032333083247210, 13.00000000000000000, -13.17307720633898072 ) ) ;
#1043 = FILL_AREA_STYLE ('',( #844 ) ) ;
#1044 = CARTESIAN_POINT ( 'NONE',  ( 24.47514407774288614, 4.333333333355900763, 16.00000000000000355 ) ) ;
#1045 = CARTESIAN_POINT ( 'NONE',  ( 25.81967666916753501, 13.00000000000000000, -11.00000000000000888 ) ) ;
#1046 = CARTESIAN_POINT ( 'NONE',  ( 109.8604599185612614, 0.5599748340262333812, -2.045431568947722489 ) ) ;
#1047 = ORIENTED_EDGE ( 'NONE', *, *, #1129, .T. ) ;
#1048 = CARTESIAN_POINT ( 'NONE',  ( 30.47943556194294956, 0.07411618973905066687, -18.22626884289787341 ) ) ;
#1049 = DIRECTION ( 'NONE',  ( -0.000000000000000000, -1.000000000000000000, -0.000000000000000000 ) ) ;
#1050 = CARTESIAN_POINT ( 'NONE',  ( 100.0095845268965036, 2.082709282870236045, 4.688777005911400231 ) ) ;
#1051 = CARTESIAN_POINT ( 'NONE',  ( 111.3381404088637083, 2.601183123876383802E-13, -3.543922223505615143 ) ) ;
#1052 = SURFACE_SIDE_STYLE ('',( #1427 ) ) ;
#1053 = CARTESIAN_POINT ( 'NONE',  ( -4.678653164238974149, 3.398713550441666095E-11, 12.38284884282884057 ) ) ;
#1054 = CARTESIAN_POINT ( 'NONE',  ( 111.4105120666408482, 0.006881650744064369586, -3.421448806961901123 ) ) ;
#1055 = ORIENTED_EDGE ( 'NONE', *, *, #2410, .F. ) ;
#1056 = UNCERTAINTY_MEASURE_WITH_UNIT (LENGTH_MEASURE( 1.000000000000000082E-05 ), #557, 'distance_accuracy_value', 'NONE');
#1057 = CARTESIAN_POINT ( 'NONE',  ( -38.42543389828426115, 2.176818419689781514, 2.450387088743625430 ) ) ;
#1058 = CARTESIAN_POINT ( 'NONE',  ( 35.00000000000000000, 13.00000000000000000, 17.51923161901645898 ) ) ;
#1059 = VERTEX_POINT ( 'NONE', #1335 ) ;
#1060 = PRESENTATION_LAYER_ASSIGNMENT (  '', '', ( #1021 ) ) ;
#1061 = CARTESIAN_POINT ( 'NONE',  ( 20.38991628728016892, 2.602085213965210642E-13, -19.16187675128987067 ) ) ;
#1062 = CARTESIAN_POINT ( 'NONE',  ( -41.68858056112555488, 2.602085213965210642E-13, -3.651989936101944334 ) ) ;
#1063 = CARTESIAN_POINT ( 'NONE',  ( 106.5653845654983058, 2.602085213965210642E-13, 5.014657222366511569 ) ) ;
#1064 = CARTESIAN_POINT ( 'NONE',  ( -6.402122244774955284, -7.434643630640421108, -16.67384346858252897 ) ) ;
#1065 = B_SPLINE_CURVE_WITH_KNOTS ( 'NONE', 3,
 ( #2108, #427, #1169, #1274, #1857, #172 ),
 .UNSPECIFIED., .F., .F.,
 ( 4, 2, 4 ),
 ( 6.939105658912966293E-18, 0.003395789639183412548, 0.006791579278366818156 ),
 .UNSPECIFIED. ) ;
#1066 = MECHANICAL_DESIGN_GEOMETRIC_PRESENTATION_REPRESENTATION (  '', ( #709 ), #1185 ) ;
#1067 = CARTESIAN_POINT ( 'NONE',  ( 19.32448191028703377, 2.374123675819384785E-13, -18.71010936277170700 ) ) ;
#1068 = CARTESIAN_POINT ( 'NONE',  ( 109.1874899296701642, 2.198791670487212802, -1.617992472819289151 ) ) ;
#1069 = CARTESIAN_POINT ( 'NONE',  ( 49.61005267185745993, 2.602085213965210642E-13, -19.16187358775603755 ) ) ;
#1070 = B_SPLINE_SURFACE_WITH_KNOTS ( 'NONE', 3, 1, ( 
 ( #1753, #1404 ),
 ( #160, #1017 ),
 ( #1766, #2347 ),
 ( #909, #1658 ) ),
 .UNSPECIFIED., .F., .F., .F.,
 ( 4, 4 ),
 ( 2, 2 ),
 ( 0.005725700659495413375, 0.1792673135673437113 ),
 ( 0.000000000000000000, 1.000000000000000000 ),
 .UNSPECIFIED. ) ;
#1071 = MECHANICAL_DESIGN_GEOMETRIC_PRESENTATION_REPRESENTATION (  '', ( #2136 ), #2014 ) ;
#1072 = CARTESIAN_POINT ( 'NONE',  ( 108.4254339748579810, 2.176818419254975101, 2.450387102641294224 ) ) ;
#1073 = ORIENTED_EDGE ( 'NONE', *, *, #1514, .T. ) ;
#1074 = CARTESIAN_POINT ( 'NONE',  ( 18.16627406327756944, 2.602085213965210642E-13, -16.69599489319010033 ) ) ;
#1075 = PRESENTATION_STYLE_ASSIGNMENT (( #1597 ) ) ;
#1076 = CARTESIAN_POINT ( 'NONE',  ( -50.44459283879149325, 0.1423251553111717083, -0.05755642867853400652 ) ) ;
#1077 = SURFACE_STYLE_USAGE ( .BOTH. , #2001 ) ;
#1078 = CARTESIAN_POINT ( 'NONE',  ( 104.1925553057914726, 2.177879330513046163, -3.576260663751562152 ) ) ;
#1079 =( NAMED_UNIT ( * ) SI_UNIT ( $, .STERADIAN. ) SOLID_ANGLE_UNIT ( ) );
#1080 = FACE_OUTER_BOUND ( 'NONE', #80, .T. ) ;
#1081 = ORIENTED_EDGE ( 'NONE', *, *, #1210, .T. ) ;
#1082 = CARTESIAN_POINT ( 'NONE',  ( -5.243411825770853518, -6.720247339184438453E-12, -11.16455908359969307 ) ) ;
#1083 = CARTESIAN_POINT ( 'NONE',  ( 75.25314285776028100, -2.478214543564177585, -13.81318038476990573 ) ) ;
#1084 = CARTESIAN_POINT ( 'NONE',  ( -50.44459283879149325, 0.2269754659326980450, -0.003438516804141253554 ) ) ;
#1085 = PRODUCT ( 'newshell_supersonic_trapezoid_noGlass_mold', 'newshell_supersonic_trapezoid_noGlass_mold', '', ( #2016 ) ) ;
#1086 = SURFACE_SIDE_STYLE ('',( #2223 ) ) ;
#1087 = CARTESIAN_POINT ( 'NONE',  ( 109.3686675636162278, 1.150918566111545305, 1.580000736826167707 ) ) ;
#1088 = CARTESIAN_POINT ( 'NONE',  ( 62.70266752401988697, 2.602085213965210642E-13, -16.31529585160273399 ) ) ;
#1089 = CARTESIAN_POINT ( 'NONE',  ( -10.95845163155606983, 1.687406847147811195, -9.190701193252959200 ) ) ;
#1090 = B_SPLINE_CURVE_WITH_KNOTS ( 'NONE', 3,
 ( #1266, #1051, #902, #2220, #1463, #1797, #117, #1615, #690, #534, #1451, #511, #2007, #2372 ),
 .UNSPECIFIED., .F., .F.,
 ( 4, 2, 2, 2, 2, 2, 4 ),
 ( -1.099936234077755450E-05, 0.001089174082500729600, 0.002189347527342237060, 0.002739434249763008245, 0.003289520972183779431, 0.003839607694604550616, 0.004389694417025321801 ),
 .UNSPECIFIED. ) ;
#1091 = B_SPLINE_CURVE_WITH_KNOTS ( 'NONE', 3,
 ( #1062, #2008, #118, #1822, #1027, #308, #288, #1973, #146, #691, #668, #1267, #134, #1628, #108, #1452 ),
 .UNSPECIFIED., .F., .F.,
 ( 4, 2, 2, 2, 2, 2, 2, 4 ),
 ( -1.099970214615966810E-05, 0.0005272113010447465088, 0.001065422304235652843, 0.002141844310617449683, 0.002680055313808341923, 0.003218266316999233729, 0.003756477320190125535, 0.004294688323381016908 ),
 .UNSPECIFIED. ) ;
#1092 = CARTESIAN_POINT ( 'NONE',  ( 104.1925553057914726, 2.000000000000260236, -3.576260663751562152 ) ) ;
#1093 = FILL_AREA_STYLE_COLOUR ( '', #448 ) ;
#1094 = SURFACE_STYLE_USAGE ( .BOTH. , #351 ) ;
#1095 = FACE_OUTER_BOUND ( 'NONE', #1366, .T. ) ;
#1096 = EDGE_CURVE ( 'NONE', #189, #661, #862, .T. ) ;
#1097 = ORIENTED_EDGE ( 'NONE', *, *, #385, .T. ) ;
#1098 = MANIFOLD_SOLID_BREP ( 'Fillet3', #2203 ) ;
#1099 = CARTESIAN_POINT ( 'NONE',  ( -8.335209679952019002, 2.602085213965210642E-13, -12.43879021991335243 ) ) ;
#1100 = CARTESIAN_POINT ( 'NONE',  ( 35.00000000000000000, 13.00000000000000355, -10.99999999999999822 ) ) ;
#1101 = CARTESIAN_POINT ( 'NONE',  ( 28.22784611795591658, 0.1328659240299195077, 17.94430919226893550 ) ) ;
#1102 = STYLED_ITEM ( 'NONE', ( #2075 ), #872 ) ;
#1103 = FILL_AREA_STYLE_COLOUR ( '', #784 ) ;
#1104 =( LENGTH_UNIT ( ) NAMED_UNIT ( * ) SI_UNIT ( .MILLI., .METRE. ) );
#1105 = CARTESIAN_POINT ( 'NONE',  ( 67.44086151954557806, 2.602085213965210642E-13, -13.11710554338458046 ) ) ;
#1106 = FILL_AREA_STYLE ('',( #1507 ) ) ;
#1107 = PRESENTATION_LAYER_ASSIGNMENT (  '', '', ( #2246 ) ) ;
#1108 = CARTESIAN_POINT ( 'NONE',  ( -38.42543389381007302, 2.000000000000263789, -2.450387086804460157 ) ) ;
#1109 = VERTEX_POINT ( 'NONE', #434 ) ;
#1110 = VECTOR ( 'NONE', #1031, 1000.000000000000000 ) ;
#1111 = CARTESIAN_POINT ( 'NONE',  ( 35.00000000000000000, -7.406158406185428866, -22.77278369587644136 ) ) ;
#1112 = EDGE_LOOP ( 'NONE', ( #2183, #1097, #1394, #1963, #331 ) ) ;
#1113 = CIRCLE ( 'NONE', #2015, 1.000000000000000000 ) ;
#1114 =( NAMED_UNIT ( * ) SI_UNIT ( $, .STERADIAN. ) SOLID_ANGLE_UNIT ( ) );
#1115 = CARTESIAN_POINT ( 'NONE',  ( 104.1925214967495776, 2.000000000000257572, 3.576270227863410867 ) ) ;
#1116 = CARTESIAN_POINT ( 'NONE',  ( -41.54347904306563066, 2.606422022655152659E-13, 1.621047522909656813 ) ) ;
#1117 = CARTESIAN_POINT ( 'NONE',  ( -40.98854018238935026, 0.02804412524424265349, 3.429135956200030311 ) ) ;
#1118 = DIRECTION ( 'NONE',  ( -1.000000000000000000, 0.000000000000000000, 0.000000000000000000 ) ) ;
#1119 = DIRECTION ( 'NONE',  ( 0.000000000000000000, 0.000000000000000000, -1.000000000000000000 ) ) ;
#1120 =( LENGTH_UNIT ( ) NAMED_UNIT ( * ) SI_UNIT ( .MILLI., .METRE. ) );
#1121 =( LENGTH_UNIT ( ) NAMED_UNIT ( * ) SI_UNIT ( .MILLI., .METRE. ) );
#1122 = ORIENTED_EDGE ( 'NONE', *, *, #2382, .T. ) ;
#1123 = CARTESIAN_POINT ( 'NONE',  ( 43.40257538920989333, 13.00000000000000000, 11.00000000000000888 ) ) ;
#1124 = CARTESIAN_POINT ( 'NONE',  ( 45.52485592225711741, 4.333333333356073958, -16.00000000000000355 ) ) ;
#1125 = VERTEX_POINT ( 'NONE', #1179 ) ;
#1126 = CARTESIAN_POINT ( 'NONE',  ( -8.325994233526650135, 2.602085213965210642E-13, 12.44115365407955309 ) ) ;
#1127 = CARTESIAN_POINT ( 'NONE',  ( -60.00000000000000000, 15.82336863030218943, 20.31923228304628992 ) ) ;
#1128 = CARTESIAN_POINT ( 'NONE',  ( 108.4254339748579810, 2.176818419254975101, 2.450387102641294224 ) ) ;
#1129 = EDGE_CURVE ( 'NONE', #1491, #2367, #2092, .T. ) ;
#1130 = B_SPLINE_SURFACE_WITH_KNOTS ( 'NONE', 3, 1, ( 
 ( #1386, #1936 ),
 ( #1313, #1572 ),
 ( #2132, #1765 ),
 ( #1724, #1168 ) ),
 .UNSPECIFIED., .F., .F., .F.,
 ( 4, 4 ),
 ( 2, 2 ),
 ( 0.8207333018872420283, 0.9942743424227915572 ),
 ( 0.000000000000000000, 1.000000000000000000 ),
 .UNSPECIFIED. ) ;
#1131 = CARTESIAN_POINT ( 'NONE',  ( 17.08846311937658768, 0.2220837479556254657, 17.56097569768281019 ) ) ;
#1132 = CARTESIAN_POINT ( 'NONE',  ( -39.56320879447874006, 0.8581480021855147911, 1.765704881584367891 ) ) ;
#1133 = ORIENTED_EDGE ( 'NONE', *, *, #78, .F. ) ;
#1134 = CARTESIAN_POINT ( 'NONE',  ( -39.35059104282552056, 0.5605376421507494156, -2.830235008162595545 ) ) ;
#1135 = SURFACE_STYLE_FILL_AREA ( #204 ) ;
#1136 = ORIENTED_EDGE ( 'NONE', *, *, #929, .F. ) ;
#1137 =( NAMED_UNIT ( * ) SI_UNIT ( $, .STERADIAN. ) SOLID_ANGLE_UNIT ( ) );
#1138 = CARTESIAN_POINT ( 'NONE',  ( -0.03862192752408354773, -2.067214842793456703E-12, 12.47384659208307234 ) ) ;
#1139 = DIRECTION ( 'NONE',  ( 1.000000000000000000, 0.000000000000000000, 0.000000000000000000 ) ) ;
#1140 = TOROIDAL_SURFACE ( 'NONE', #822, 11.47868341846068851, 2.000000000000000000 ) ;
#1141 = EDGE_CURVE ( 'NONE', #1565, #93, #111, .T. ) ;
#1142 = CARTESIAN_POINT ( 'NONE',  ( 53.06786547914644814, 0.5814271535912475253, 15.92773887634085028 ) ) ;
#1143 = CARTESIAN_POINT ( 'NONE',  ( 70.18119135029782285, 1.200704195945880848, -12.60668556764727199 ) ) ;
#1144 = PRESENTATION_LAYER_ASSIGNMENT (  '', '', ( #1614 ) ) ;
#1145 = PRESENTATION_STYLE_ASSIGNMENT (( #2068 ) ) ;
#1146 = VECTOR ( 'NONE', #1225, 1000.000000000000000 ) ;
#1147 = CARTESIAN_POINT ( 'NONE',  ( 95.80099116246414326, 2.000000000000265565, -5.802634118776736294 ) ) ;
#1148 = FILL_AREA_STYLE ('',( #747 ) ) ;
#1149 = CARTESIAN_POINT ( 'NONE',  ( -2.661854277102262856, 8.699999999999063149, -2.453846153845892442 ) ) ;
#1150 = ORIENTED_EDGE ( 'NONE', *, *, #152, .F. ) ;
#1151 = MECHANICAL_DESIGN_GEOMETRIC_PRESENTATION_REPRESENTATION (  '', ( #2215 ), #712 ) ;
#1152 = CARTESIAN_POINT ( 'NONE',  ( 85.61323275640303621, 2.000000000000260236, -8.493462473089673281 ) ) ;
#1153 = PRESENTATION_LAYER_ASSIGNMENT (  '', '', ( #1978 ) ) ;
#1154 = CARTESIAN_POINT ( 'NONE',  ( 86.51203271952313401, 1.846027890224567924, 7.737550977436021604 ) ) ;
#1155 = FILL_AREA_STYLE ('',( #1848 ) ) ;
#1156 = CARTESIAN_POINT ( 'NONE',  ( 70.18395137107302162, 1.200822404450967662, 12.60595167767018587 ) ) ;
#1157 = SURFACE_STYLE_USAGE ( .BOTH. , #1339 ) ;
#1158 = CARTESIAN_POINT ( 'NONE',  ( -0.6578266447594263155, 2.602085213965209632E-13, -14.38065841472345241 ) ) ;
#1159 = ORIENTED_EDGE ( 'NONE', *, *, #2122, .T. ) ;
#1160 = SURFACE_STYLE_USAGE ( .BOTH. , #2100 ) ;
#1161 = CARTESIAN_POINT ( 'NONE',  ( 120.4445928387914933, 0.1000000000004085260, -0.1347633201468346476 ) ) ;
#1162 = FILL_AREA_STYLE ('',( #1397 ) ) ;
#1163 = CARTESIAN_POINT ( 'NONE',  ( 75.23345318378927971, 1.999999999995605515, -11.16709395679059647 ) ) ;
#1164 = CARTESIAN_POINT ( 'NONE',  ( 110.3668894257797746, 0.2696693272972018329, 2.905115032827592536 ) ) ;
#1165 = CARTESIAN_POINT ( 'NONE',  ( -7.496477410207905479, 1.493827804739448650, 10.65359011732317462 ) ) ;
#1166 = CARTESIAN_POINT ( 'NONE',  ( 61.05181934820780754, 0.7497686851193917645, -15.09193159998721256 ) ) ;
#1167 = CARTESIAN_POINT ( 'NONE',  ( 49.98425307853644739, 2.602085213965210642E-13, -19.08930084773662372 ) ) ;
#1168 = CARTESIAN_POINT ( 'NONE',  ( -38.42543389828430378, 2.000000000000260236, 2.450387088743617436 ) ) ;
#1169 = CARTESIAN_POINT ( 'NONE',  ( 39.52056444938390456, 0.07411618954006229942, 18.22626884199878816 ) ) ;
#1170 = CARTESIAN_POINT ( 'NONE',  ( -25.80099540024258786, 2.000000000000258460, -5.802634118776853533 ) ) ;
#1171 = EDGE_CURVE ( 'NONE', #956, #200, #1234, .T. ) ;
#1172 = CARTESIAN_POINT ( 'NONE',  ( 35.00000000000000000, -3.703079203095578809, 20.63639184793975190 ) ) ;
#1173 = CARTESIAN_POINT ( 'NONE',  ( 108.8571137283235544, 2.183170111833631744, 2.246630173170690359 ) ) ;
#1174 = CARTESIAN_POINT ( 'NONE',  ( 54.24814532416905877, 0.3286077177343990630, -17.09152150116798907 ) ) ;
#1175 = CARTESIAN_POINT ( 'NONE',  ( 35.00000000000000000, 13.00000000000000000, -15.34615441267794367 ) ) ;
#1176 = CARTESIAN_POINT ( 'NONE',  ( 109.8390526901460618, 0.3011220823175619898, -3.019840653435935884 ) ) ;
#1177 = CARTESIAN_POINT ( 'NONE',  ( 109.5632087980165181, 0.8581479988209494980, 1.765704890642423752 ) ) ;
#1178 = CARTESIAN_POINT ( 'NONE',  ( 47.43826949675568017, 0.3423503077111900161, -17.03114824634738866 ) ) ;
#1179 = CARTESIAN_POINT ( 'NONE',  ( 109.1631216837133991, 2.202961819623249884, 1.381493221307075858 ) ) ;
#1180 = CARTESIAN_POINT ( 'NONE',  ( 62.25369226244389154, 2.000000000000260236, 14.36629123827622578 ) ) ;
#1181 = ORIENTED_EDGE ( 'NONE', *, *, #742, .F. ) ;
#1182 = CARTESIAN_POINT ( 'NONE',  ( -39.16312168003598515, 2.202961820252523850, -1.381493187611365636 ) ) ;
#1183 = DIRECTION ( 'NONE',  ( -0.000000000000000000, 0.8661855860485960790, 0.4997224534895846615 ) ) ;
#1184 = STYLED_ITEM ( 'NONE', ( #1435 ), #89 ) ;
#1185 =( GEOMETRIC_REPRESENTATION_CONTEXT ( 3 ) GLOBAL_UNCERTAINTY_ASSIGNED_CONTEXT ( ( #1007 ) ) GLOBAL_UNIT_ASSIGNED_CONTEXT ( ( #1039, #1364, #799 ) ) REPRESENTATION_CONTEXT ( 'NONE', 'WORKASPACE' ) );
#1186 = DIRECTION ( 'NONE',  ( -1.000000000000000000, 0.000000000000000000, 0.000000000000000000 ) ) ;
#1187 = CARTESIAN_POINT ( 'NONE',  ( 25.81967666916753501, 13.00000000000000000, -13.17307720633895052 ) ) ;
#1188 = ORIENTED_EDGE ( 'NONE', *, *, #1514, .F. ) ;
#1189 = EDGE_CURVE ( 'NONE', #936, #93, #1193, .T. ) ;
#1190 = CARTESIAN_POINT ( 'NONE',  ( -41.54337794468001732, 2.000000000000260236, -1.621074427612368973 ) ) ;
#1191 = CARTESIAN_POINT ( 'NONE',  ( 110.2324881393367235, 0.3011220787398902754, 2.389829632774167045 ) ) ;
#1192 = COLOUR_RGB ( '',0.6196078431372549211, 0.4078431372549019551, 0.2000000000000000111 ) ;
#1193 = LINE ( 'NONE', #832, #1110 ) ;
#1194 =( NAMED_UNIT ( * ) SI_UNIT ( $, .STERADIAN. ) SOLID_ANGLE_UNIT ( ) );
#1195 = VECTOR ( 'NONE', #1118, 1000.000000000000000 ) ;
#1196 = EDGE_LOOP ( 'NONE', ( #285, #2042, #1251, #5 ) ) ;
#1197 = PRODUCT_DEFINITION_FORMATION_WITH_SPECIFIED_SOURCE ( 'ANY', '', #1085, .NOT_KNOWN. ) ;
#1198 = CARTESIAN_POINT ( 'NONE',  ( -27.61609625609398577, 2.081258704705841289, 4.808582088647090025 ) ) ;
#1199 = CARTESIAN_POINT ( 'NONE',  ( -36.56526617764158260, 2.602085213965210642E-13, 5.014688727463306073 ) ) ;
#1200 = CARTESIAN_POINT ( 'NONE',  ( 29.35289404856555251, 0.09668955288523144176, -18.09808782505677982 ) ) ;
#1201 = PRESENTATION_STYLE_ASSIGNMENT (( #457 ) ) ;
#1202 = CARTESIAN_POINT ( 'NONE',  ( 25.81967666916753501, 13.00000000000000000, -3.666666666666669627 ) ) ;
#1203 = ORIENTED_EDGE ( 'NONE', *, *, #2077, .T. ) ;
#1204 = CARTESIAN_POINT ( 'NONE',  ( -36.35829023162548168, 2.000000000000260236, -3.000203666778571421 ) ) ;
#1205 = CARTESIAN_POINT ( 'NONE',  ( 109.6378138515564160, 0.8634361838638872078, -2.461571108614936776 ) ) ;
#1206 = CARTESIAN_POINT ( 'NONE',  ( 26.67328993052279884, 18.50227019082839774, 7.825613351436902398 ) ) ;
#1207 = CARTESIAN_POINT ( 'NONE',  ( 108.6412642433193412, 1.241166336321484431, 2.541749185020734991 ) ) ;
#1208 = FACE_OUTER_BOUND ( 'NONE', #677, .T. ) ;
#1209 = SURFACE_STYLE_USAGE ( .BOTH. , #474 ) ;
#1210 = EDGE_CURVE ( 'NONE', #2070, #1491, #1555, .T. ) ;
#1211 = EDGE_LOOP ( 'NONE', ( #1830, #205, #2137 ) ) ;
#1212 = CARTESIAN_POINT ( 'NONE',  ( -38.71586566365656523, 2.193163247146062922, 1.855753516815898285 ) ) ;
#1213 = CARTESIAN_POINT ( 'NONE',  ( 10.76459194892065341, 0.6492579741293122986, -15.59630329205104005 ) ) ;
#1214 = SURFACE_SIDE_STYLE ('',( #1550 ) ) ;
#1215 =( LENGTH_UNIT ( ) NAMED_UNIT ( * ) SI_UNIT ( .MILLI., .METRE. ) );
#1216 = B_SPLINE_CURVE_WITH_KNOTS ( 'NONE', 3,
 ( #1244, #1050, #500, #1072 ),
 .UNSPECIFIED., .F., .F.,
 ( 4, 4 ),
 ( 0.06223774592588419974, 0.07527523305628927575 ),
 .UNSPECIFIED. ) ;
#1217 = VERTEX_POINT ( 'NONE', #473 ) ;
#1218 = CARTESIAN_POINT ( 'NONE',  ( 44.18032333083247210, 13.00000000000000000, -3.666666666666669627 ) ) ;
#1219 = CARTESIAN_POINT ( 'NONE',  ( 108.7039705233386400, 1.145527500753145578, 2.568003352869273392 ) ) ;
#1220 = LINE ( 'NONE', #1976, #132 ) ;
#1221 = CARTESIAN_POINT ( 'NONE',  ( 51.83384184921515470, 2.000000000000260236, 16.69600015094699330 ) ) ;
#1222 = VERTEX_POINT ( 'NONE', #1789 ) ;
#1223 = COLOUR_RGB ( '',0.6196078431372549211, 0.4078431372549019551, 0.2000000000000000111 ) ;
#1224 = VECTOR ( 'NONE', #2145, 1000.000000000000000 ) ;
#1225 = DIRECTION ( 'NONE',  ( -0.000000000000000000, -1.000000000000000000, -0.000000000000000000 ) ) ;
#1226 = CARTESIAN_POINT ( 'NONE',  ( -41.33660195404010551, 8.396857480422305934E-10, -3.462574177974988121 ) ) ;
#1227 = ORIENTED_EDGE ( 'NONE', *, *, #194, .F. ) ;
#1228 = VECTOR ( 'NONE', #1372, 1000.000000000000000 ) ;
#1229 = CARTESIAN_POINT ( 'NONE',  ( 72.66185427710226463, 8.699999999999063149, 11.72440885272528810 ) ) ;
#1230 = CARTESIAN_POINT ( 'NONE',  ( 109.2901888215483837, 1.584348199036879068, -2.251967894187779429 ) ) ;
#1231 = CARTESIAN_POINT ( 'NONE',  ( 28.38051645323333361, 29.50681057248518613, 1.476840054310693207 ) ) ;
#1232 = CARTESIAN_POINT ( 'NONE',  ( -5.827632551262961869, -4.956429087082226737, -15.24351192666463106 ) ) ;
#1233 =( GEOMETRIC_REPRESENTATION_CONTEXT ( 3 ) GLOBAL_UNCERTAINTY_ASSIGNED_CONTEXT ( ( #858 ) ) GLOBAL_UNIT_ASSIGNED_CONTEXT ( ( #1696, #1331, #39 ) ) REPRESENTATION_CONTEXT ( 'NONE', 'WORKASPACE' ) );
#1234 = LINE ( 'NONE', #1777, #1590 ) ;
#1235 = DIRECTION ( 'NONE',  ( 0.000000000000000000, 0.000000000000000000, 1.000000000000000000 ) ) ;
#1236 = VECTOR ( 'NONE', #1960, 1000.000000000000000 ) ;
#1237 = UNCERTAINTY_MEASURE_WITH_UNIT (LENGTH_MEASURE( 1.000000000000000082E-05 ), #2174, 'distance_accuracy_value', 'NONE');
#1238 = CARTESIAN_POINT ( 'NONE',  ( 35.00000000000000000, 13.00000000000000000, -11.00000000000000178 ) ) ;
#1239 = EDGE_CURVE ( 'NONE', #1979, #936, #1220, .T. ) ;
#1240 = FILL_AREA_STYLE ('',( #2056 ) ) ;
#1241 = MECHANICAL_DESIGN_GEOMETRIC_PRESENTATION_REPRESENTATION (  '', ( #1401 ), #2257 ) ;
#1242 = COLOUR_RGB ( '',0.6196078431372549211, 0.4078431372549019551, 0.2000000000000000111 ) ;
#1243 = CARTESIAN_POINT ( 'NONE',  ( 30.47374410664662392, 0.07421937711153756001, 18.22566875046301149 ) ) ;
#1244 = CARTESIAN_POINT ( 'NONE',  ( 95.80100498343618654, 2.000000000000256684, 5.802634116784578744 ) ) ;
#1245 = ORIENTED_EDGE ( 'NONE', *, *, #324, .T. ) ;
#1246 = LINE ( 'NONE', #1807, #868 ) ;
#1247 = CARTESIAN_POINT ( 'NONE',  ( 109.1843450861981779, 1.684727046269793194, -1.402113301927274680 ) ) ;
#1248 = SURFACE_SIDE_STYLE ('',( #1607 ) ) ;
#1249 = CARTESIAN_POINT ( 'NONE',  ( 20.38985502513324732, 2.602085213965210642E-13, 19.16187414540741685 ) ) ;
#1250 = CARTESIAN_POINT ( 'NONE',  ( 109.6441261168340020, 0.7637397789526030323, 1.842361819443004034 ) ) ;
#1251 = ORIENTED_EDGE ( 'NONE', *, *, #1736, .T. ) ;
#1252 = B_SPLINE_SURFACE_WITH_KNOTS ( 'NONE', 3, 3, ( 
 ( #3, #1704, #1316, #2261 ),
 ( #17, #1500, #382, #761 ),
 ( #598, #1349, #36, #2232 ),
 ( #1327, #2071, #1529, #583 ),
 ( #2082, #2097, #416, #1898 ),
 ( #546, #228, #1302, #2043 ),
 ( #367, #1852, #177, #927 ),
 ( #1172, #1782, #2348, #1405 ),
 ( #632, #52, #283, #617 ),
 ( #271, #1769, #2156, #1552 ) ),
 .UNSPECIFIED., .F., .F., .F.,
 ( 4, 3, 3, 4 ),
 ( 4, 4 ),
 ( -1.269754661745795765, 0.000000000000000000, 1.000000000000000000, 1.854556739175902802 ),
 ( 0.000000000000000000, 1.000000000000000000 ),
 .UNSPECIFIED. ) ;
#1253 = SURFACE_STYLE_USAGE ( .BOTH. , #1983 ) ;
#1254 = CARTESIAN_POINT ( 'NONE',  ( 25.81967666916753501, 13.00000000000000000, 15.34615441267765235 ) ) ;
#1255 = VERTEX_POINT ( 'NONE', #265 ) ;
#1256 = ADVANCED_FACE ( 'NONE', ( #1208 ), #290, .T. ) ;
#1257 = CARTESIAN_POINT ( 'NONE',  ( -38.71586566365656523, 2.193163247146062922, 1.855753516815898285 ) ) ;
#1258 = CARTESIAN_POINT ( 'NONE',  ( -30.00969744097048064, 2.082711733031523238, 4.688744009257863610 ) ) ;
#1259 = CARTESIAN_POINT ( 'NONE',  ( 86.06647914676844380, 2.602085213965211146E-13, 10.44198136921514575 ) ) ;
#1260 = CARTESIAN_POINT ( 'NONE',  ( 109.1257666471946379, 2.193367870489383087, -1.857334672303343925 ) ) ;
#1261 = CARTESIAN_POINT ( 'NONE',  ( 61.46690195752687202, 0.9496319122980374505, -14.04103113059821162 ) ) ;
#1262 =( NAMED_UNIT ( * ) PLANE_ANGLE_UNIT ( ) SI_UNIT ( $, .RADIAN. ) );
#1263 = CARTESIAN_POINT ( 'NONE',  ( -50.44459283879149325, 0.1000000000004085260, 0.1013313631260973208 ) ) ;
#1264 = EDGE_LOOP ( 'NONE', ( #1950, #2177, #1293, #711, #2250, #2360, #260 ) ) ;
#1265 =( GEOMETRIC_REPRESENTATION_CONTEXT ( 3 ) GLOBAL_UNCERTAINTY_ASSIGNED_CONTEXT ( ( #2368 ) ) GLOBAL_UNIT_ASSIGNED_CONTEXT ( ( #541, #2035, #2254 ) ) REPRESENTATION_CONTEXT ( 'NONE', 'WORKASPACE' ) );
#1266 = CARTESIAN_POINT ( 'NONE',  ( 111.6885805574695638, 2.602085213965210642E-13, -3.651989925206817755 ) ) ;
#1267 = CARTESIAN_POINT ( 'NONE',  ( -39.36866756050617511, 1.150918567678418825, -1.580000718258193437 ) ) ;
#1268 = CARTESIAN_POINT ( 'NONE',  ( -4.678653164238974149, 3.416158990866257625E-11, -12.38284884282884057 ) ) ;
#1269 = ADVANCED_FACE ( 'NONE', ( #1697 ), #1677, .T. ) ;
#1270 = AXIS2_PLACEMENT_3D ( 'NONE', #2157, #480, #1595 ) ;
#1271 = VECTOR ( 'NONE', #1683, 1000.000000000000000 ) ;
#1272 = FILL_AREA_STYLE ('',( #1103 ) ) ;
#1273 = CARTESIAN_POINT ( 'NONE',  ( 108.5403298847665070, 2.177774538095047951, -2.419826695513793258 ) ) ;
#1274 = CARTESIAN_POINT ( 'NONE',  ( 37.26374697810818049, 0.04470332805116118691, 18.41536431563699594 ) ) ;
#1275 =( NAMED_UNIT ( * ) SI_UNIT ( $, .STERADIAN. ) SOLID_ANGLE_UNIT ( ) );
#1276 =( GEOMETRIC_REPRESENTATION_CONTEXT ( 3 ) GLOBAL_UNCERTAINTY_ASSIGNED_CONTEXT ( ( #2295 ) ) GLOBAL_UNIT_ASSIGNED_CONTEXT ( ( #55, #621, #646 ) ) REPRESENTATION_CONTEXT ( 'NONE', 'WORKASPACE' ) );
#1277 = B_SPLINE_CURVE_WITH_KNOTS ( 'NONE', 3,
 ( #2399, #1845, #2411, #515, #2200, #719 ),
 .UNSPECIFIED., .F., .F.,
 ( 4, 2, 4 ),
 ( 6.776263578034402713E-21, 0.003395621211572375647, 0.006791242423144751295 ),
 .UNSPECIFIED. ) ;
#1278 = CARTESIAN_POINT ( 'NONE',  ( 32.73000546843877601, 0.04475589324840965194, 18.41496340549126742 ) ) ;
#1279 = CARTESIAN_POINT ( 'NONE',  ( -38.85711368649633357, 2.183170111859246365, -2.246630174615999120 ) ) ;
#1280 = FACE_BOUND ( 'NONE', #1448, .T. ) ;
#1281 = PRESENTATION_LAYER_ASSIGNMENT (  '', '', ( #2414 ) ) ;
#1282 =( GEOMETRIC_REPRESENTATION_CONTEXT ( 3 ) GLOBAL_UNCERTAINTY_ASSIGNED_CONTEXT ( ( #195 ) ) GLOBAL_UNIT_ASSIGNED_CONTEXT ( ( #409, #2424, #2267 ) ) REPRESENTATION_CONTEXT ( 'NONE', 'WORKASPACE' ) );
#1283 = CARTESIAN_POINT ( 'NONE',  ( 20.01565446221032119, 2.602085213965210642E-13, 19.08930084574428321 ) ) ;
#1284 = CARTESIAN_POINT ( 'NONE',  ( 76.40212224480286807, -7.434643630760856325, -16.67384346865203781 ) ) ;
#1285 = CARTESIAN_POINT ( 'NONE',  ( 28.38051645302694581, 29.50681057115431827, -1.476840055078311842 ) ) ;
#1286 = PRESENTATION_STYLE_ASSIGNMENT (( #2198 ) ) ;
#1287 = LINE ( 'NONE', #346, #376 ) ;
#1288 = CARTESIAN_POINT ( 'NONE',  ( 49.23118584864768366, 2.589074787895384588E-13, -17.19808644800007258 ) ) ;
#1289 = CARTESIAN_POINT ( 'NONE',  ( 26.80588616575889205, 0.1785896225214803901, -17.74994675473418226 ) ) ;
#1290 = ORIENTED_EDGE ( 'NONE', *, *, #1314, .T. ) ;
#1291 = CARTESIAN_POINT ( 'NONE',  ( -39.12576665356367300, 2.193367870366428996, 1.857334675296820947 ) ) ;
#1292 = DIRECTION ( 'NONE',  ( 0.000000000000000000, 0.8661855860486004088, -0.4997224534895771675 ) ) ;
#1293 = ORIENTED_EDGE ( 'NONE', *, *, #1314, .F. ) ;
#1294 = CARTESIAN_POINT ( 'NONE',  ( -20.80519716618236714, 2.586954547449029314E-12, -7.125036170610900221 ) ) ;
#1295 = FILL_AREA_STYLE_COLOUR ( '', #2336 ) ;
#1296 = DIRECTION ( 'NONE',  ( 0.000000000000000000, 1.000000000000000000, 0.000000000000000000 ) ) ;
#1297 = CARTESIAN_POINT ( 'NONE',  ( 2.082485658022476205, 2.602085213965210642E-13, 15.05950023960418349 ) ) ;
#1298 = CARTESIAN_POINT ( 'NONE',  ( 108.1683881302331685, 2.000000000000260236, 1.483987892293358035 ) ) ;
#1299 = CARTESIAN_POINT ( 'NONE',  ( -40.50628183299166807, 0.1831888805724765645, 2.638095457716144843 ) ) ;
#1300 = CARTESIAN_POINT ( 'NONE',  ( -39.18434508758831925, 1.684727045909385046, -1.402113314820751633 ) ) ;
#1301 = ORIENTED_EDGE ( 'NONE', *, *, #429, .T. ) ;
#1302 = CARTESIAN_POINT ( 'NONE',  ( 74.00638686852674653, 2.900000000022345592, 10.70907871573178660 ) ) ;
#1303 = CARTESIAN_POINT ( 'NONE',  ( 14.82132829890143810, 2.602085213965210137E-13, -18.02558890605308051 ) ) ;
#1304 = EDGE_LOOP ( 'NONE', ( #1329, #666, #2270 ) ) ;
#1305 = CARTESIAN_POINT ( 'NONE',  ( 99.95953651476213508, 2.000000000000257572, 4.702088517255313960 ) ) ;
#1306 = B_SPLINE_CURVE_WITH_KNOTS ( 'NONE', 3,
 ( #307, #1821, #133, #1283 ),
 .UNSPECIFIED., .F., .F.,
 ( 4, 4 ),
 ( 5.421010862427522170E-20, 0.002365172711032917027 ),
 .UNSPECIFIED. ) ;
#1307 = CARTESIAN_POINT ( 'NONE',  ( -15.61327770172239227, 2.000000000000260236, 8.493446668839087721 ) ) ;
#1308 = CARTESIAN_POINT ( 'NONE',  ( 54.43867603643925435, 2.000000000000260236, -16.13957864953155052 ) ) ;
#1309 = DIRECTION ( 'NONE',  ( -1.000000000000000000, 0.000000000000000000, 0.000000000000000000 ) ) ;
#1310 = CARTESIAN_POINT ( 'NONE',  ( -38.83904206160759998, 0.9790491608364635390, -2.623901073160601172 ) ) ;
#1311 = VERTEX_POINT ( 'NONE', #2034 ) ;
#1312 = PRESENTATION_LAYER_ASSIGNMENT (  '', '', ( #2371 ) ) ;
#1313 = CARTESIAN_POINT ( 'NONE',  ( -29.95946044007926901, 2.177879330207919129, 4.702105506367807664 ) ) ;
#1314 = EDGE_CURVE ( 'NONE', #1059, #1217, #536, .T. ) ;
#1315 = VECTOR ( 'NONE', #1183, 1000.000000000000114 ) ;
#1316 = CARTESIAN_POINT ( 'NONE',  ( 70.10101448835669657, 19.74686555714313840, 0.9857061968206659586 ) ) ;
#1317 = CARTESIAN_POINT ( 'NONE',  ( 120.4445928387914933, 4.084867210110698643E-13, -0.1485465284910970074 ) ) ;
#1318 = ORIENTED_EDGE ( 'NONE', *, *, #2194, .F. ) ;
#1319 = STYLED_ITEM ( 'NONE', ( #991 ), #2354 ) ;
#1320 = FACE_OUTER_BOUND ( 'NONE', #1676, .T. ) ;
#1321 = LINE ( 'NONE', #2066, #1433 ) ;
#1322 = CARTESIAN_POINT ( 'NONE',  ( -41.68858056112555488, 2.602085213965210642E-13, -3.651989936101944334 ) ) ;
#1323 = SURFACE_STYLE_USAGE ( .BOTH. , #2292 ) ;
#1324 = CARTESIAN_POINT ( 'NONE',  ( -40.92223353284647658, 0.03416246635681505217, 3.407158740175017186 ) ) ;
#1325 = CARTESIAN_POINT ( 'NONE',  ( -39.26445217377061425, 1.386067974531000502, -1.479573858265282205 ) ) ;
#1326 = ORIENTED_EDGE ( 'NONE', *, *, #1668, .T. ) ;
#1327 = CARTESIAN_POINT ( 'NONE',  ( 35.00000000000000000, 13.00000000000000000, 11.00000000000000178 ) ) ;
#1328 = CARTESIAN_POINT ( 'NONE',  ( 120.4445928387914933, 0.1000000000004085260, -0.08461538461573038516 ) ) ;
#1329 = ORIENTED_EDGE ( 'NONE', *, *, #385, .F. ) ;
#1330 = EDGE_CURVE ( 'NONE', #2029, #1602, #1321, .T. ) ;
#1331 =( NAMED_UNIT ( * ) PLANE_ANGLE_UNIT ( ) SI_UNIT ( $, .RADIAN. ) );
#1332 = CARTESIAN_POINT ( 'NONE',  ( -20.79958802743776758, 2.610758831345094677E-13, 7.126516617658938735 ) ) ;
#1333 = CARTESIAN_POINT ( 'NONE',  ( 112.0575656806478122, 2.602085213965210642E-13, -3.553847287877531347 ) ) ;
#1334 = SURFACE_STYLE_USAGE ( .BOTH. , #1525 ) ;
#1335 = CARTESIAN_POINT ( 'NONE',  ( 49.98443754852586807, 2.572086963545761941E-13, 19.08930084574415886 ) ) ;
#1336 = B_SPLINE_CURVE_WITH_KNOTS ( 'NONE', 3,
 ( #135, #389, #221, #1131, #1526, #589, #2104, #959, #424, #410, #1884, #1711, #31, #1165, #2091, #21, #1905, #792 ),
 .UNSPECIFIED., .F., .F.,
 ( 4, 2, 2, 2, 2, 2, 2, 2, 4 ),
 ( 0.001759266306263765432, 0.002464109211708579404, 0.003168952117153392943, 0.004578637928043010480, 0.007398009549822235145, 0.01303675279338068795, 0.02431423928049759875, 0.03559172576761450435, 0.04686921225473140995 ),
 .UNSPECIFIED. ) ;
#1337 = CARTESIAN_POINT ( 'NONE',  ( 81.15801668908326860, 1.620815324163598747, 9.682109470965940545 ) ) ;
#1338 = ORIENTED_EDGE ( 'NONE', *, *, #888, .F. ) ;
#1339 = SURFACE_SIDE_STYLE ('',( #1715 ) ) ;
#1340 = SURFACE_STYLE_USAGE ( .BOTH. , #240 ) ;
#1341 = ORIENTED_EDGE ( 'NONE', *, *, #1866, .T. ) ;
#1342 =( NAMED_UNIT ( * ) PLANE_ANGLE_UNIT ( ) SI_UNIT ( $, .RADIAN. ) );
#1343 = CARTESIAN_POINT ( 'NONE',  ( 41.77215388204324853, 0.1328659240298839528, 17.94430919226904564 ) ) ;
#1344 = CARTESIAN_POINT ( 'NONE',  ( 35.00000000000000000, 13.00000000000000000, -11.00000000000000178 ) ) ;
#1345 = PRESENTATION_LAYER_ASSIGNMENT (  '', '', ( #161 ) ) ;
#1346 = DIRECTION ( 'NONE',  ( 1.000000000000000000, -0.000000000000000000, -0.000000000000000000 ) ) ;
#1347 = AXIS2_PLACEMENT_3D ( 'NONE', #374, #1119, #923 ) ;
#1348 = CARTESIAN_POINT ( 'NONE',  ( 49.98425307853644739, 2.602085213965210642E-13, -19.08930084773662372 ) ) ;
#1349 = CARTESIAN_POINT ( 'NONE',  ( 43.32671006791717616, 18.50227020088412289, 7.825613345635522577 ) ) ;
#1350 = CARTESIAN_POINT ( 'NONE',  ( 35.00000000000000000, 13.00000000000000000, -11.00000000000000178 ) ) ;
#1351 = ORIENTED_EDGE ( 'NONE', *, *, #2382, .F. ) ;
#1352 =( NAMED_UNIT ( * ) PLANE_ANGLE_UNIT ( ) SI_UNIT ( $, .RADIAN. ) );
#1353 = CARTESIAN_POINT ( 'NONE',  ( 110.2324881324226737, 0.3011220817263839389, -2.389829624826728338 ) ) ;
#1354 = CARTESIAN_POINT ( 'NONE',  ( 111.6885805614464857, 2.602085213965210642E-13, 3.651989935064666515 ) ) ;
#1355 = MECHANICAL_DESIGN_GEOMETRIC_PRESENTATION_REPRESENTATION (  '', ( #1978 ), #987 ) ;
#1356 = CARTESIAN_POINT ( 'NONE',  ( 49.23135565596007979, 2.000000000000260236, 17.19808971654898855 ) ) ;
#1357 = EDGE_CURVE ( 'NONE', #1872, #1685, #947, .T. ) ;
#1358 = CARTESIAN_POINT ( 'NONE',  ( 35.00000000000000000, 13.00000000000000000, 11.00000000000000178 ) ) ;
#1359 =( NAMED_UNIT ( * ) SI_UNIT ( $, .STERADIAN. ) SOLID_ANGLE_UNIT ( ) );
#1360 = UNCERTAINTY_MEASURE_WITH_UNIT (LENGTH_MEASURE( 1.000000000000000082E-05 ), #1406, 'distance_accuracy_value', 'NONE');
#1361 = CARTESIAN_POINT ( 'NONE',  ( -39.47319400094744424, 0.9790491618852443789, 1.679936766366792122 ) ) ;
#1362 = CARTESIAN_POINT ( 'NONE',  ( -60.00000000000000000, 15.82336863030218943, 20.31923228304628992 ) ) ;
#1363 = CARTESIAN_POINT ( 'NONE',  ( 95.72523054018621735, 2.177879330513046163, -5.822684611017761469 ) ) ;
#1364 =( NAMED_UNIT ( * ) PLANE_ANGLE_UNIT ( ) SI_UNIT ( $, .RADIAN. ) );
#1365 = CARTESIAN_POINT ( 'NONE',  ( 108.6552271387159152, 2.178730665610691730, 2.389266007693765292 ) ) ;
#1366 = EDGE_LOOP ( 'NONE', ( #2231, #861, #2337, #2080 ) ) ;
#1367 = CARTESIAN_POINT ( 'NONE',  ( -39.06822478650571639, 2.219201569277927000, -0.4604977283183611658 ) ) ;
#1368 = CARTESIAN_POINT ( 'NONE',  ( 110.9222335315549799, 0.03416246642890484464, -3.407158740379948370 ) ) ;
#1369 = DIRECTION ( 'NONE',  ( -1.000000000000000000, 0.000000000000000000, 0.000000000000000000 ) ) ;
#1370 = CARTESIAN_POINT ( 'NONE',  ( 109.3184033835438242, 1.467379058802437353, 2.267926780027853084 ) ) ;
#1371 = CARTESIAN_POINT ( 'NONE',  ( 91.31512203622793322, 2.602085213965210642E-13, 9.058940991520607611 ) ) ;
#1372 = DIRECTION ( 'NONE',  ( 0.000000000000000000, 1.000000000000000000, 0.000000000000000000 ) ) ;
#1373 = CARTESIAN_POINT ( 'NONE',  ( -7.498319331383910935, 1.493893167470606853, -10.65310284264264240 ) ) ;
#1374 = CARTESIAN_POINT ( 'NONE',  ( -0.6569936145333082900, 2.602085213965210642E-13, 14.38086675801256042 ) ) ;
#1375 = ADVANCED_FACE ( 'NONE', ( #2278 ), #600, .T. ) ;
#1376 = CARTESIAN_POINT ( 'NONE',  ( -40.34074142057833257, 0.2496777257716118192, 2.488269118654250711 ) ) ;
#1377 = CARTESIAN_POINT ( 'NONE',  ( 1.914985970669975668, 2.602085213965210137E-13, -15.01824344608314199 ) ) ;
#1378 = ORIENTED_EDGE ( 'NONE', *, *, #1171, .T. ) ;
#1379 = CARTESIAN_POINT ( 'NONE',  ( 72.66185427710226463, 8.699999999999063149, -7.361538461537677769 ) ) ;
#1380 = CARTESIAN_POINT ( 'NONE',  ( 111.6885805574695638, 2.602085213965210642E-13, -3.651989925206818199 ) ) ;
#1381 = CARTESIAN_POINT ( 'NONE',  ( 108.9586020103914734, 0.8581479985596229820, 2.673044276026126376 ) ) ;
#1382 = CARTESIAN_POINT ( 'NONE',  ( 15.56124298724573585, -3.205174911619987943E-13, 16.13955471184831225 ) ) ;
#1383 = CARTESIAN_POINT ( 'NONE',  ( 75.73622534006409523, 2.602085213965210642E-13, 13.10289172616921682 ) ) ;
#1384 = EDGE_LOOP ( 'NONE', ( #1935, #900, #1914, #1817 ) ) ;
#1385 = AXIS2_PLACEMENT_3D ( 'NONE', #1896, #226, #1563 ) ;
#1386 = CARTESIAN_POINT ( 'NONE',  ( -25.72523422865502596, 2.177879330207919129, 5.822684803786847496 ) ) ;
#1387 = UNCERTAINTY_MEASURE_WITH_UNIT (LENGTH_MEASURE( 1.000000000000000082E-05 ), #2024, 'distance_accuracy_value', 'NONE');
#1388 = CARTESIAN_POINT ( 'NONE',  ( 17.41543467233583797, 2.602085213965211146E-13, 18.58239782126774386 ) ) ;
#1389 = CARTESIAN_POINT ( 'NONE',  ( 55.17872936671142270, 2.602085213965211146E-13, -18.02557969867537935 ) ) ;
#1390 = ADVANCED_FACE ( 'NONE', ( #968 ), #2050, .F. ) ;
#1391 = AXIS2_PLACEMENT_3D ( 'NONE', #946, #2252, #8 ) ;
#1392 = SURFACE_SIDE_STYLE ('',( #2320 ) ) ;
#1393 = CARTESIAN_POINT ( 'NONE',  ( -36.56537405870223267, 2.602085213965209632E-13, -5.014660015527865333 ) ) ;
#1394 = ORIENTED_EDGE ( 'NONE', *, *, #1749, .F. ) ;
#1395 = EDGE_CURVE ( 'NONE', #890, #189, #1091, .T. ) ;
#1396 = CARTESIAN_POINT ( 'NONE',  ( 35.00000000000000000, 13.00000000000000000, 15.34615441267777669 ) ) ;
#1397 = FILL_AREA_STYLE_COLOUR ( '', #2051 ) ;
#1398 = CARTESIAN_POINT ( 'NONE',  ( 35.00000000000000000, 8.666666666666666075, 13.49999999999999822 ) ) ;
#1399 = CARTESIAN_POINT ( 'NONE',  ( 108.8390421056714814, 0.9790491593149724947, 2.623901075614367695 ) ) ;
#1400 = CARTESIAN_POINT ( 'NONE',  ( 109.1911045610419819, 1.639076411038628001, -1.408690804054589574 ) ) ;
#1401 = STYLED_ITEM ( 'NONE', ( #468 ), #1885 ) ;
#1402 = CARTESIAN_POINT ( 'NONE',  ( 26.80560909050402429, 0.1785985315088536030, 17.74990888239054243 ) ) ;
#1403 = CARTESIAN_POINT ( 'NONE',  ( -39.16312168014469108, 1.840058326757733953, 1.381493186674056073 ) ) ;
#1404 = CARTESIAN_POINT ( 'NONE',  ( -38.42543389381031460, 2.000000000000258460, -2.450387086804404646 ) ) ;
#1405 = CARTESIAN_POINT ( 'NONE',  ( 120.4445928387914933, -0.02848522463878823061, 0.1667574584384028669 ) ) ;
#1406 =( LENGTH_UNIT ( ) NAMED_UNIT ( * ) SI_UNIT ( .MILLI., .METRE. ) );
#1407 = ORIENTED_EDGE ( 'NONE', *, *, #1019, .F. ) ;
#1408 = FACE_OUTER_BOUND ( 'NONE', #2245, .T. ) ;
#1409 = SURFACE_STYLE_USAGE ( .BOTH. , #1945 ) ;
#1410 =( NAMED_UNIT ( * ) SI_UNIT ( $, .STERADIAN. ) SOLID_ANGLE_UNIT ( ) );
#1411 = ADVANCED_FACE ( 'NONE', ( #97 ), #2373, .F. ) ;
#1412 = CARTESIAN_POINT ( 'NONE',  ( 111.6885805574695638, 2.602085213965210642E-13, -3.651989925206817755 ) ) ;
#1413 = CARTESIAN_POINT ( 'NONE',  ( 85.62041591836066345, 2.000000000000260236, 8.491562925758875835 ) ) ;
#1414 = SURFACE_STYLE_USAGE ( .BOTH. , #1792 ) ;
#1415 = CARTESIAN_POINT ( 'NONE',  ( -39.97601199035072739, 0.4734510020996799406, 2.152932573402649208 ) ) ;
#1416 = CARTESIAN_POINT ( 'NONE',  ( -2.661854277102262856, 8.699999999999063149, 10.27011872232932710 ) ) ;
#1417 = ORIENTED_EDGE ( 'NONE', *, *, #2194, .T. ) ;
#1418 = CARTESIAN_POINT ( 'NONE',  ( 72.66185427710226463, 8.699999999999063149, 7.361538461537677769 ) ) ;
#1419 = CARTESIAN_POINT ( 'NONE',  ( 111.5112603813745693, 2.599402001817853245E-13, 3.597308459357682509 ) ) ;
#1420 = CARTESIAN_POINT ( 'NONE',  ( 109.5422799972244547, 0.8827448543857979724, 1.745758751633684547 ) ) ;
#1421 = ORIENTED_EDGE ( 'NONE', *, *, #2040, .F. ) ;
#1422 = CARTESIAN_POINT ( 'NONE',  ( -27.61645718289119245, 2.081265286133278991, -4.808486528272908345 ) ) ;
#1423 = VECTOR ( 'NONE', #2279, 1000.000000000000000 ) ;
#1424 = FILL_AREA_STYLE ('',( #529 ) ) ;
#1425 = ORIENTED_EDGE ( 'NONE', *, *, #2077, .F. ) ;
#1426 = CARTESIAN_POINT ( 'NONE',  ( 120.4445928387914933, 0.1000000000004085260, 0.1347633201468327602 ) ) ;
#1427 = SURFACE_STYLE_FILL_AREA ( #1043 ) ;
#1428 = CARTESIAN_POINT ( 'NONE',  ( -50.44459283879149325, -0.05697044927706079037, 0.1849683883851181987 ) ) ;
#1429 = CARTESIAN_POINT ( 'NONE',  ( 35.00000000000000000, 4.333333333333507120, -16.00000000000000000 ) ) ;
#1430 = SURFACE_STYLE_FILL_AREA ( #1948 ) ;
#1431 = ORIENTED_EDGE ( 'NONE', *, *, #1558, .F. ) ;
#1432 = PRESENTATION_LAYER_ASSIGNMENT (  '', '', ( #1847 ) ) ;
#1433 = VECTOR ( 'NONE', #1523, 1000.000000000000000 ) ;
#1434 = UNCERTAINTY_MEASURE_WITH_UNIT (LENGTH_MEASURE( 1.000000000000000082E-05 ), #2127, 'distance_accuracy_value', 'NONE');
#1435 = PRESENTATION_STYLE_ASSIGNMENT (( #1981 ) ) ;
#1436 = EDGE_CURVE ( 'NONE', #200, #1820, #2211, .T. ) ;
#1437 = MECHANICAL_DESIGN_GEOMETRIC_PRESENTATION_REPRESENTATION (  '', ( #567 ), #643 ) ;
#1438 = PRESENTATION_STYLE_ASSIGNMENT (( #1253 ) ) ;
#1439 = CARTESIAN_POINT ( 'NONE',  ( -39.56320879515588018, 0.8581480008677306870, -1.765704881830968409 ) ) ;
#1440 = ORIENTED_EDGE ( 'NONE', *, *, #1785, .F. ) ;
#1441 = CARTESIAN_POINT ( 'NONE',  ( -38.55089387483875640, 2.222336291970599120, -0.6242544947573369640 ) ) ;
#1442 = CARTESIAN_POINT ( 'NONE',  ( 109.2506418390095604, 1.898668049341928787, -2.230895815872366850 ) ) ;
#1443 = CARTESIAN_POINT ( 'NONE',  ( 75.79907677911157293, 2.602085213965210642E-13, 13.08683178156538318 ) ) ;
#1444 = CARTESIAN_POINT ( 'NONE',  ( 22.07940870149437274, -11.10923760903552981, -24.90917554371082687 ) ) ;
#1445 = ADVANCED_FACE ( 'NONE', ( #2159 ), #2391, .F. ) ;
#1446 = FACE_OUTER_BOUND ( 'NONE', #144, .T. ) ;
#1447 = CARTESIAN_POINT ( 'NONE',  ( -39.47362954795725898, 1.102670251146052660, -2.361058092432533062 ) ) ;
#1448 = EDGE_LOOP ( 'NONE', ( #2356, #124, #1901, #878, #1159, #988, #299, #2063 ) ) ;
#1449 = B_SPLINE_CURVE_WITH_KNOTS ( 'NONE', 3,
 ( #2166, #1289, #1965, #1469, #1939, #270, #1603, #1980, #477, #88, #1008, #1089, #663, #1422, #2214, #836 ),
 .UNSPECIFIED., .F., .F.,
 ( 4, 2, 2, 2, 2, 2, 2, 4 ),
 ( 0.006796173859597360277, 0.01109809539343800666, 0.01540001692727865218, 0.02400385999495995015, 0.03260770306264124813, 0.04121154613032254610, 0.05841923226568514205, 0.07562691840104773799 ),
 .UNSPECIFIED. ) ;
#1450 = CARTESIAN_POINT ( 'NONE',  ( -52.57082033679593991, 2.000000000000260236, -9.964530285969108725E-10 ) ) ;
#1451 = CARTESIAN_POINT ( 'NONE',  ( 108.6048224755696623, 1.296736143531531882, -2.526380455409197978 ) ) ;
#1452 = CARTESIAN_POINT ( 'NONE',  ( -39.16312168003598515, 2.000000000000260236, -1.381493187611360973 ) ) ;
#1453 = SURFACE_STYLE_USAGE ( .BOTH. , #1248 ) ;
#1454 = FACE_OUTER_BOUND ( 'NONE', #1516, .T. ) ;
#1455 = FILL_AREA_STYLE ('',( #694 ) ) ;
#1456 = CARTESIAN_POINT ( 'NONE',  ( 54.43867603641702857, 2.003688571769490044E-12, -16.13957864947363063 ) ) ;
#1457 =( NAMED_UNIT ( * ) PLANE_ANGLE_UNIT ( ) SI_UNIT ( $, .RADIAN. ) );
#1458 = CYLINDRICAL_SURFACE ( 'NONE', #552, 1.000000000000000000 ) ;
#1459 = CARTESIAN_POINT ( 'NONE',  ( -60.00000000000000000, 2.602085213965210642E-13, -20.31923228304628992 ) ) ;
#1460 = ORIENTED_EDGE ( 'NONE', *, *, #2164, .T. ) ;
#1461 = EDGE_CURVE ( 'NONE', #890, #1109, #914, .T. ) ;
#1462 = MECHANICAL_DESIGN_GEOMETRIC_PRESENTATION_REPRESENTATION (  '', ( #2202 ), #1764 ) ;
#1463 = CARTESIAN_POINT ( 'NONE',  ( 109.9710619923811379, 0.2532033857398676702, -3.069262905881403380 ) ) ;
#1464 = CARTESIAN_POINT ( 'NONE',  ( 109.1631216786269931, 2.000000000000265565, -1.381493173935558039 ) ) ;
#1465 = CARTESIAN_POINT ( 'NONE',  ( 27.52690319174047673, 24.00454038076954433, -4.651226703385543892 ) ) ;
#1466 = MECHANICAL_DESIGN_GEOMETRIC_PRESENTATION_REPRESENTATION (  '', ( #1805 ), #2327 ) ;
#1467 = CARTESIAN_POINT ( 'NONE',  ( 106.2133042405455541, 2.000000000000260236, 3.038776196801627361 ) ) ;
#1468 = CARTESIAN_POINT ( 'NONE',  ( 60.09217193287116032, 2.602085213965210642E-13, -16.92682649296369846 ) ) ;
#1469 = CARTESIAN_POINT ( 'NONE',  ( 22.56196592316496918, 0.3423407289556250066, -17.03119112158705306 ) ) ;
#1470 = ORIENTED_EDGE ( 'NONE', *, *, #487, .T. ) ;
#1471 = PRESENTATION_LAYER_ASSIGNMENT (  '', '', ( #2136 ) ) ;
#1472 = CARTESIAN_POINT ( 'NONE',  ( 108.7158656633949221, 2.193163247192331244, -1.855753516855049190 ) ) ;
#1473 = CARTESIAN_POINT ( 'NONE',  ( -39.18748993123988100, 2.198791670219125027, 1.617992482893793049 ) ) ;
#1474 = FACE_OUTER_BOUND ( 'NONE', #1650, .T. ) ;
#1475 = MECHANICAL_DESIGN_GEOMETRIC_PRESENTATION_REPRESENTATION (  '', ( #1887 ), #1816 ) ;
#1476 = COLOUR_RGB ( '',0.6196078431372549211, 0.4078431372549019551, 0.2000000000000000111 ) ;
#1477 = CARTESIAN_POINT ( 'NONE',  ( -15.62035917324032219, 2.000000000000260236, -8.491587074363417642 ) ) ;
#1478 = CARTESIAN_POINT ( 'NONE',  ( 120.4445928387914933, 0.1846503107766414575, -0.03049747264243191786 ) ) ;
#1479 = FILL_AREA_STYLE_COLOUR ( '', #1242 ) ;
#1480 = FILL_AREA_STYLE_COLOUR ( '', #978 ) ;
#1481 = SURFACE_STYLE_USAGE ( .BOTH. , #586 ) ;
#1482 = EDGE_CURVE ( 'NONE', #230, #890, #102, .T. ) ;
#1483 = CARTESIAN_POINT ( 'NONE',  ( -39.97106200220368777, 0.2532033826893543837, 3.069262909076330370 ) ) ;
#1484 = LINE ( 'NONE', #2226, #2298 ) ;
#1485 = CARTESIAN_POINT ( 'NONE',  ( -40.19469127720462609, 0.1831888803707820701, 3.152175520439783440 ) ) ;
#1486 = CARTESIAN_POINT ( 'NONE',  ( -38.56092007233140606, 1.386067974619976439, -2.507869704733738825 ) ) ;
#1487 =( NAMED_UNIT ( * ) PLANE_ANGLE_UNIT ( ) SI_UNIT ( $, .RADIAN. ) );
#1488 = ORIENTED_EDGE ( 'NONE', *, *, #983, .T. ) ;
#1489 = CARTESIAN_POINT ( 'NONE',  ( 2.070891287447603979, 2.602085213965210642E-13, -15.05665470988282806 ) ) ;
#1490 = DIRECTION ( 'NONE',  ( 0.000000000000000000, 0.000000000000000000, -1.000000000000000000 ) ) ;
#1491 = VERTEX_POINT ( 'NONE', #1913 ) ;
#1492 =( LENGTH_UNIT ( ) NAMED_UNIT ( * ) SI_UNIT ( .MILLI., .METRE. ) );
#1493 = CARTESIAN_POINT ( 'NONE',  ( -41.54347904306563066, 2.000000000000260236, 1.621047522909656369 ) ) ;
#1494 = CARTESIAN_POINT ( 'NONE',  ( 55.59920957623469917, 0.4241160110349433965, -16.66038073246581774 ) ) ;
#1495 = FACE_OUTER_BOUND ( 'NONE', #26, .T. ) ;
#1496 = CARTESIAN_POINT ( 'NONE',  ( -39.22488281887040529, 0.6429397593285964829, 2.780386348062903856 ) ) ;
#1497 = ORIENTED_EDGE ( 'NONE', *, *, #194, .T. ) ;
#1498 = ORIENTED_EDGE ( 'NONE', *, *, #1999, .F. ) ;
#1499 = CARTESIAN_POINT ( 'NONE',  ( 22.56202435394045835, 0.3423381806560365503, 17.03120278888876982 ) ) ;
#1500 = CARTESIAN_POINT ( 'NONE',  ( 42.47309680500188023, 24.00454040176824577, 4.651226691271036273 ) ) ;
#1501 = CARTESIAN_POINT ( 'NONE',  ( 44.18032333083247210, 13.00000000000000000, -11.00000000000000888 ) ) ;
#1502 = ORIENTED_EDGE ( 'NONE', *, *, #58, .T. ) ;
#1503 =( GEOMETRIC_REPRESENTATION_CONTEXT ( 3 ) GLOBAL_UNCERTAINTY_ASSIGNED_CONTEXT ( ( #662 ) ) GLOBAL_UNIT_ASSIGNED_CONTEXT ( ( #432, #938, #767 ) ) REPRESENTATION_CONTEXT ( 'NONE', 'WORKASPACE' ) );
#1504 = PLANE ( 'NONE',  #1391 ) ;
#1505 = CARTESIAN_POINT ( 'NONE',  ( -21.30946501725116704, 2.602085213965210642E-13, 9.060432158086074494 ) ) ;
#1506 = PRESENTATION_STYLE_ASSIGNMENT (( #373 ) ) ;
#1507 = FILL_AREA_STYLE_COLOUR ( '', #2339 ) ;
#1508 = MECHANICAL_DESIGN_GEOMETRIC_PRESENTATION_REPRESENTATION (  '', ( #867 ), #1882 ) ;
#1509 = MECHANICAL_DESIGN_GEOMETRIC_PRESENTATION_REPRESENTATION (  '', ( #1585 ), #1962 ) ;
#1510 = CARTESIAN_POINT ( 'NONE',  ( 43.19482326307642950, 0.1786124340133070365, 17.74984978558151383 ) ) ;
#1511 = UNCERTAINTY_MEASURE_WITH_UNIT (LENGTH_MEASURE( 1.000000000000000082E-05 ), #1001, 'distance_accuracy_value', 'NONE');
#1512 = CARTESIAN_POINT ( 'NONE',  ( -41.29915443792720708, 2.602432386967439588E-13, 3.531910959585734755 ) ) ;
#1513 = LINE ( 'NONE', #698, #1621 ) ;
#1514 = EDGE_CURVE ( 'NONE', #1125, #2072, #126, .T. ) ;
#1515 = CARTESIAN_POINT ( 'NONE',  ( -32.58712857432405485, 2.000000000000260236, 4.003235882881386765 ) ) ;
#1516 = EDGE_LOOP ( 'NONE', ( #1188, #251, #1203, #2083 ) ) ;
#1517 = B_SPLINE_CURVE_WITH_KNOTS ( 'NONE', 3,
 ( #1910, #1199, #976, #122, #820, #1739, #628, #1374, #1584, #2317, #640, #2296, #1388, #2133 ),
 .UNSPECIFIED., .F., .F.,
 ( 4, 2, 2, 2, 2, 2, 4 ),
 ( 0.000000000000000000, 0.01590432628248335603, 0.03180865256496670512, 0.03976081570620838834, 0.04771297884745007156, 0.05566514198869174784, 0.06361730512993342412 ),
 .UNSPECIFIED. ) ;
#1518 = COLOUR_RGB ( '',0.6196078431372549211, 0.4078431372549019551, 0.2000000000000000111 ) ;
#1519 = CARTESIAN_POINT ( 'NONE',  ( 73.33412057281451268, 5.800000000010761880, -9.035308588634732629 ) ) ;
#1520 = ORIENTED_EDGE ( 'NONE', *, *, #760, .T. ) ;
#1521 = B_SPLINE_CURVE_WITH_KNOTS ( 'NONE', 3,
 ( #1358, #1561, #2118, #1212 ),
 .UNSPECIFIED., .F., .F.,
 ( 4, 4 ),
 ( 0.000000000000000000, 0.9152809859092344569 ),
 .UNSPECIFIED. ) ;
#1522 = FACE_OUTER_BOUND ( 'NONE', #1838, .T. ) ;
#1523 = DIRECTION ( 'NONE',  ( 1.000000000000000000, -0.000000000000000000, -0.000000000000000000 ) ) ;
#1524 = CARTESIAN_POINT ( 'NONE',  ( -60.00000000000000000, 2.602085213965210642E-13, 20.31923228304628992 ) ) ;
#1525 = SURFACE_SIDE_STYLE ('',( #578 ) ) ;
#1526 = CARTESIAN_POINT ( 'NONE',  ( 16.86734060316562633, 0.2409871557160347122, 17.47852205584834451 ) ) ;
#1527 = CARTESIAN_POINT ( 'NONE',  ( 95.80100498343618654, 2.000000000000256684, 5.802634116784578744 ) ) ;
#1528 = ORIENTED_EDGE ( 'NONE', *, *, #2240, .F. ) ;
#1529 = CARTESIAN_POINT ( 'NONE',  ( 72.66185427710226463, 8.699999999999063149, 7.361538461537677769 ) ) ;
#1530 = ORIENTED_EDGE ( 'NONE', *, *, #983, .F. ) ;
#1531 = DIRECTION ( 'NONE',  ( -0.000000000000000000, -0.000000000000000000, 1.000000000000000000 ) ) ;
#1532 = FACE_OUTER_BOUND ( 'NONE', #2284, .T. ) ;
#1533 = CARTESIAN_POINT ( 'NONE',  ( 2.025469389671858078, 9.397721082396616410, -7.951917838950993023 ) ) ;
#1534 = SURFACE_STYLE_FILL_AREA ( #1701 ) ;
#1535 = UNCERTAINTY_MEASURE_WITH_UNIT (LENGTH_MEASURE( 1.000000000000000082E-05 ), #428, 'distance_accuracy_value', 'NONE');
#1536 = UNCERTAINTY_MEASURE_WITH_UNIT (LENGTH_MEASURE( 1.000000000000000082E-05 ), #488, 'distance_accuracy_value', 'NONE');
#1537 = PRESENTATION_STYLE_ASSIGNMENT (( #771 ) ) ;
#1538 = CARTESIAN_POINT ( 'NONE',  ( 91.19259015693621961, 2.602085213965210137E-13, -9.091176824546785440 ) ) ;
#1539 = FACE_OUTER_BOUND ( 'NONE', #1876, .T. ) ;
#1540 = CARTESIAN_POINT ( 'NONE',  ( 35.00000000000000000, 13.00000000000000000, 11.00000000000000178 ) ) ;
#1541 = CARTESIAN_POINT ( 'NONE',  ( 72.66185427710226463, 8.699999999999063149, -11.72440885272545508 ) ) ;
#1542 = FILL_AREA_STYLE_COLOUR ( '', #781 ) ;
#1543 = CARTESIAN_POINT ( 'NONE',  ( 17.95050540826466090, 0.1328659240298844801, -17.94430919426132576 ) ) ;
#1544 = ADVANCED_FACE ( 'NONE', ( #980 ), #169, .T. ) ;
#1545 = B_SPLINE_CURVE_WITH_KNOTS ( 'NONE', 3,
 ( #1057, #1804, #129, #1633, #2358, #1291, #1473, #874 ),
 .UNSPECIFIED., .F., .F.,
 ( 4, 2, 2, 4 ),
 ( 2.996166760772778766E-17, 0.0003516194615496483363, 0.0007032389230992666402, 0.001406477846198491864 ),
 .UNSPECIFIED. ) ;
#1546 = CARTESIAN_POINT ( 'NONE',  ( -38.16838812628293454, 2.000000000000260236, -1.483987855949854717 ) ) ;
#1547 = CARTESIAN_POINT ( 'NONE',  ( 75.24348579052957575, 2.000000000004914291, 11.16453355166700590 ) ) ;
#1548 =( GEOMETRIC_REPRESENTATION_CONTEXT ( 3 ) GLOBAL_UNCERTAINTY_ASSIGNED_CONTEXT ( ( #1387 ) ) GLOBAL_UNIT_ASSIGNED_CONTEXT ( ( #2024, #1352, #1114 ) ) REPRESENTATION_CONTEXT ( 'NONE', 'WORKASPACE' ) );
#1549 = CARTESIAN_POINT ( 'NONE',  ( -11.15798558337228208, 1.620812990488460281, -9.682128767157658800 ) ) ;
#1550 = SURFACE_STYLE_FILL_AREA ( #63 ) ;
#1551 = PRESENTATION_STYLE_ASSIGNMENT (( #1094 ) ) ;
#1552 = CARTESIAN_POINT ( 'NONE',  ( 120.4445928387914933, -0.08545567391718175698, 0.2031793183330152242 ) ) ;
#1553 = CARTESIAN_POINT ( 'NONE',  ( -38.16838812679663562, 2.000000000000260236, 1.483987858942441118 ) ) ;
#1554 = SURFACE_STYLE_FILL_AREA ( #963 ) ;
#1555 = CIRCLE ( 'NONE', #298, 1.000000000000000222 ) ;
#1556 = CARTESIAN_POINT ( 'NONE',  ( 111.3738419120247443, 2.601013655650675770E-13, -3.393139421756279805 ) ) ;
#1557 = CARTESIAN_POINT ( 'NONE',  ( 111.0750854924189213, 0.03416246589145358059, 3.137944617226748445 ) ) ;
#1558 = EDGE_CURVE ( 'NONE', #804, #2072, #1216, .T. ) ;
#1559 = VECTOR ( 'NONE', #139, 1000.000000000000000 ) ;
#1560 = CARTESIAN_POINT ( 'NONE',  ( 101.6880709978163537, 2.602085213965210642E-13, 6.313200545222052540 ) ) ;
#1561 = CARTESIAN_POINT ( 'NONE',  ( 26.59742461079011022, 13.00000000000000178, 11.00000000000000711 ) ) ;
#1562 = CARTESIAN_POINT ( 'NONE',  ( 17.08390226115682253, 0.2224928662047861994, -17.55919888473615487 ) ) ;
#1563 = DIRECTION ( 'NONE',  ( 0.000000000000000000, 0.000000000000000000, -1.000000000000000000 ) ) ;
#1564 = CYLINDRICAL_SURFACE ( 'NONE', #2407, 78.35999999999999943 ) ;
#1565 = VERTEX_POINT ( 'NONE', #1955 ) ;
#1566 =( NAMED_UNIT ( * ) SI_UNIT ( $, .STERADIAN. ) SOLID_ANGLE_UNIT ( ) );
#1567 = DIRECTION ( 'NONE',  ( -0.000000000000000000, -0.000000000000000000, 1.000000000000000000 ) ) ;
#1568 = CARTESIAN_POINT ( 'NONE',  ( 109.8390526964079044, 0.3011220793321174871, 3.019840659686601647 ) ) ;
#1569 = CARTESIAN_POINT ( 'NONE',  ( 111.0026709084466603, 0.05807509949148626643, -3.073482283990407904 ) ) ;
#1570 = ORIENTED_EDGE ( 'NONE', *, *, #1357, .F. ) ;
#1571 = B_SPLINE_CURVE_WITH_KNOTS ( 'NONE', 3,
 ( #198, #593, #2308, #1538, #2095, #2282, #953, #414, #772, #808, #1911, #1389, #977, #1348 ),
 .UNSPECIFIED., .F., .F.,
 ( 4, 2, 2, 2, 2, 2, 4 ),
 ( 0.000000000000000000, 0.01590407452706869493, 0.03180814905413738986, 0.03976018631767173905, 0.04771222358120608131, 0.05566426084474043051, 0.06361629810827477971 ),
 .UNSPECIFIED. ) ;
#1572 = CARTESIAN_POINT ( 'NONE',  ( -29.95946044007926901, 2.000000000000260236, 4.702105506367807664 ) ) ;
#1573 = CARTESIAN_POINT ( 'NONE',  ( -39.26445217391028564, 1.386067975491222404, 1.479573860145341646 ) ) ;
#1574 = CARTESIAN_POINT ( 'NONE',  ( 108.4254339748583078, 2.000000000000260236, 2.450387102641211623 ) ) ;
#1575 = ADVANCED_FACE ( 'NONE', ( #91 ), #1972, .F. ) ;
#1576 = CARTESIAN_POINT ( 'NONE',  ( -39.86045992160174478, 0.5599748317533277397, 2.045431571174370244 ) ) ;
#1577 = CARTESIAN_POINT ( 'NONE',  ( 44.18032333083247210, 13.00000000000000000, -11.00000000000000888 ) ) ;
#1578 = CARTESIAN_POINT ( 'NONE',  ( 68.08510663840601751, 2.602085213965210642E-13, 15.01823249279823358 ) ) ;
#1579 = CARTESIAN_POINT ( 'NONE',  ( 130.0000000000000000, 2.602085213965210642E-13, 0.000000000000000000 ) ) ;
#1580 = CARTESIAN_POINT ( 'NONE',  ( 70.04996528674881517, -1.137385920453121311E-11, 12.47102594674304932 ) ) ;
#1581 = PRESENTATION_LAYER_ASSIGNMENT (  '', '', ( #165 ) ) ;
#1582 = MECHANICAL_DESIGN_GEOMETRIC_PRESENTATION_REPRESENTATION (  '', ( #1021 ), #35 ) ;
#1583 = CARTESIAN_POINT ( 'NONE',  ( 5.742853943456788457, 1.068249029076559609, 13.37545526844947830 ) ) ;
#1584 = CARTESIAN_POINT ( 'NONE',  ( 1.915831203136740157, 2.602085213965210642E-13, 15.01845365882195438 ) ) ;
#1585 = STYLED_ITEM ( 'NONE', ( #572 ), #443 ) ;
#1586 = PRESENTATION_LAYER_ASSIGNMENT (  '', '', ( #2289 ) ) ;
#1587 = CARTESIAN_POINT ( 'NONE',  ( 35.00000000000000000, 13.00000000000000000, -3.666666666666666519 ) ) ;
#1588 =( NAMED_UNIT ( * ) PLANE_ANGLE_UNIT ( ) SI_UNIT ( $, .RADIAN. ) );
#1589 = CARTESIAN_POINT ( 'NONE',  ( 109.2506418385045350, 2.000000000000262901, 2.230895768179427030 ) ) ;
#1590 = VECTOR ( 'NONE', #648, 1000.000000000000000 ) ;
#1591 = CARTESIAN_POINT ( 'NONE',  ( 54.44395814574415482, -1.484789251592937358E-12, 16.13844130746306504 ) ) ;
#1592 = VECTOR ( 'NONE', #2409, 1000.000000000000000 ) ;
#1593 = CARTESIAN_POINT ( 'NONE',  ( -25.80099560949344095, 2.000000000000265565, 5.802634116784518348 ) ) ;
#1594 = CARTESIAN_POINT ( 'NONE',  ( -39.36864787727169812, 1.150956857167694025, 1.579981800871844033 ) ) ;
#1595 = DIRECTION ( 'NONE',  ( 0.000000000000000000, -0.000000000000000000, -1.000000000000000000 ) ) ;
#1596 = CARTESIAN_POINT ( 'NONE',  ( 44.18032333083247210, 13.00000000000000000, 13.17307720633889723 ) ) ;
#1597 = SURFACE_STYLE_USAGE ( .BOTH. , #1052 ) ;
#1598 = CARTESIAN_POINT ( 'NONE',  ( -2.661854277102262856, 8.699999999999063149, 7.361538461537677769 ) ) ;
#1599 = CARTESIAN_POINT ( 'NONE',  ( -50.44459283879149325, -0.08545567391573612170, -0.2031793183320915741 ) ) ;
#1600 =( NAMED_UNIT ( * ) SI_UNIT ( $, .STERADIAN. ) SOLID_ANGLE_UNIT ( ) );
#1601 = CARTESIAN_POINT ( 'NONE',  ( 99.79310054419683240, 2.000000000000260236, 4.744842128178740737 ) ) ;
#1602 = VERTEX_POINT ( 'NONE', #723 ) ;
#1603 = CARTESIAN_POINT ( 'NONE',  ( 14.12773308560253582, 0.7063565157499210878, -15.31671407698169318 ) ) ;
#1604 = ORIENTED_EDGE ( 'NONE', *, *, #2306, .F. ) ;
#1605 =( NAMED_UNIT ( * ) PLANE_ANGLE_UNIT ( ) SI_UNIT ( $, .RADIAN. ) );
#1606 = CARTESIAN_POINT ( 'NONE',  ( 35.00000000000000000, 18.50227019084272229, 7.825613351436895293 ) ) ;
#1607 = SURFACE_STYLE_FILL_AREA ( #704 ) ;
#1608 = CARTESIAN_POINT ( 'NONE',  ( 20.76872377246507284, 2.602085213965210642E-13, 17.19808737686679478 ) ) ;
#1609 = CARTESIAN_POINT ( 'NONE',  ( 97.79720487544793173, 2.000000000000260236, 5.274313000008587160 ) ) ;
#1610 = ADVANCED_FACE ( 'NONE', ( #1474 ), #569, .T. ) ;
#1611 = COLOUR_RGB ( '',0.6196078431372549211, 0.4078431372549019551, 0.2000000000000000111 ) ;
#1612 = MECHANICAL_DESIGN_GEOMETRIC_PRESENTATION_REPRESENTATION (  '', ( #1614 ), #2046 ) ;
#1613 = CARTESIAN_POINT ( 'NONE',  ( -39.73624515084920716, 0.7494366802368171987, -2.522082147039091726 ) ) ;
#1614 = STYLED_ITEM ( 'NONE', ( #170 ), #227 ) ;
#1615 = CARTESIAN_POINT ( 'NONE',  ( 109.0682091610428586, 0.7619381464200231102, -2.717569305658951606 ) ) ;
#1616 = CARTESIAN_POINT ( 'NONE',  ( -30.00957771260603835, 2.082709382529684738, -4.688775665776379498 ) ) ;
#1617 =( NAMED_UNIT ( * ) PLANE_ANGLE_UNIT ( ) SI_UNIT ( $, .RADIAN. ) );
#1618 = CARTESIAN_POINT ( 'NONE',  ( 101.7888332006705383, 2.000000000000260236, 4.214758761920625929 ) ) ;
#1619 = B_SPLINE_CURVE_WITH_KNOTS ( 'NONE', 3,
 ( #2167, #697, #1278, #1243, #686, #675 ),
 .UNSPECIFIED., .F., .F.,
 ( 4, 2, 4 ),
 ( 0.000000000000000000, 0.003395621220093714664, 0.006791242440187429327 ),
 .UNSPECIFIED. ) ;
#1620 = EDGE_CURVE ( 'NONE', #353, #857, #2393, .T. ) ;
#1621 = VECTOR ( 'NONE', #151, 1000.000000000000000 ) ;
#1622 = B_SPLINE_CURVE_WITH_KNOTS ( 'NONE', 3,
 ( #2093, #436, #805, #735, #1515, #531, #2020 ),
 .UNSPECIFIED., .F., .F.,
 ( 4, 3, 4 ),
 ( 0.000000000000000000, 0.004000000223552665178, 0.01306193054434403623 ),
 .UNSPECIFIED. ) ;
#1623 = CARTESIAN_POINT ( 'NONE',  ( 97.61613831151524323, 2.081259571928023799, -4.808570987432902122 ) ) ;
#1624 = FACE_OUTER_BOUND ( 'NONE', #1264, .T. ) ;
#1625 = CARTESIAN_POINT ( 'NONE',  ( -39.37036401039303257, 0.5489754336773720045, -2.838100763397047643 ) ) ;
#1626 = ORIENTED_EDGE ( 'NONE', *, *, #324, .F. ) ;
#1627 = CARTESIAN_POINT ( 'NONE',  ( 17.75941133031031072, 2.602085213965210642E-13, -18.65438086116255789 ) ) ;
#1628 = CARTESIAN_POINT ( 'NONE',  ( -39.19110742335868736, 1.639058027988391286, -1.408693602356964947 ) ) ;
#1629 = CARTESIAN_POINT ( 'NONE',  ( -50.44459283879149325, 0.06666666666707518618, -0.1059257659075192592 ) ) ;
#1630 =( NAMED_UNIT ( * ) PLANE_ANGLE_UNIT ( ) SI_UNIT ( $, .RADIAN. ) );
#1631 = CARTESIAN_POINT ( 'NONE',  ( 59.64273044179376626, 2.000000000000260236, -14.97792934340473181 ) ) ;
#1632 = DIRECTION ( 'NONE',  ( 0.000000000000000000, 0.000000000000000000, 1.000000000000000000 ) ) ;
#1633 = CARTESIAN_POINT ( 'NONE',  ( -38.84096072846208614, 2.183334398575837110, 2.233457341637724358 ) ) ;
#1634 = FILL_AREA_STYLE ('',( #1849 ) ) ;
#1635 = PLANE ( 'NONE',  #1270 ) ;
#1636 = EDGE_CURVE ( 'NONE', #1217, #853, #1513, .T. ) ;
#1637 = ORIENTED_EDGE ( 'NONE', *, *, #463, .F. ) ;
#1638 = CARTESIAN_POINT ( 'NONE',  ( -38.42543389828426115, 2.176818419689781514, 2.450387088743625430 ) ) ;
#1639 = CARTESIAN_POINT ( 'NONE',  ( -0.04987935738174579386, 7.240664381977468465E-12, -12.47104177995640484 ) ) ;
#1640 = CARTESIAN_POINT ( 'NONE',  ( -50.44459283879149325, 0.1000000000004085260, -0.08461538461573038516 ) ) ;
#1641 = SURFACE_SIDE_STYLE ('',( #138 ) ) ;
#1642 =( NAMED_UNIT ( * ) PLANE_ANGLE_UNIT ( ) SI_UNIT ( $, .RADIAN. ) );
#1643 = CARTESIAN_POINT ( 'NONE',  ( -38.42543389828430378, 1.814358201412986427, 2.450387088743620101 ) ) ;
#1644 = CARTESIAN_POINT ( 'NONE',  ( 32.73625302758224365, 0.04470332831156548226, -18.41536431576908939 ) ) ;
#1645 = ADVANCED_BREP_SHAPE_REPRESENTATION ( 'newshell_supersonic_trapezoid_noGlass_mold', ( #1098, #2259 ), #415 ) ;
#1646 = CARTESIAN_POINT ( 'NONE',  ( -60.00000000000000000, 15.82336863030218943, -20.31923228304628992 ) ) ;
#1647 = PLANE ( 'NONE',  #454 ) ;
#1648 = ORIENTED_EDGE ( 'NONE', *, *, #2276, .F. ) ;
#1649 = COLOUR_RGB ( '',0.6196078431372549211, 0.4078431372549019551, 0.2000000000000000111 ) ;
#1650 = EDGE_LOOP ( 'NONE', ( #176, #1421, #1890, #1748 ) ) ;
#1651 = CARTESIAN_POINT ( 'NONE',  ( 15.55615254309639184, 2.606422022655152659E-13, -16.13847597649979093 ) ) ;
#1652 = CARTESIAN_POINT ( 'NONE',  ( 120.4445928387914933, 0.1423251553885249987, -0.05755642862908114804 ) ) ;
#1653 = LINE ( 'NONE', #2033, #1592 ) ;
#1654 = STYLED_ITEM ( 'NONE', ( #1026 ), #339 ) ;
#1655 =( NAMED_UNIT ( * ) PLANE_ANGLE_UNIT ( ) SI_UNIT ( $, .RADIAN. ) );
#1656 = SURFACE_STYLE_FILL_AREA ( #2253 ) ;
#1657 = CARTESIAN_POINT ( 'NONE',  ( -38.70398545951498193, 1.145505833237268956, 2.568009614399541451 ) ) ;
#1658 = CARTESIAN_POINT ( 'NONE',  ( -25.72523353616477593, 2.000000000000258460, -5.822684933275916741 ) ) ;
#1659 = CARTESIAN_POINT ( 'NONE',  ( 130.0000000000000000, 2.602085213965210642E-13, 20.31923228304628992 ) ) ;
#1660 = SURFACE_SIDE_STYLE ('',( #2384 ) ) ;
#1661 = DIRECTION ( 'NONE',  ( 0.000000000000000000, 0.000000000000000000, 1.000000000000000000 ) ) ;
#1662 = FILL_AREA_STYLE_COLOUR ( '', #941 ) ;
#1663 = AXIS2_PLACEMENT_3D ( 'NONE', #2420, #726, #1490 ) ;
#1664 = VERTEX_POINT ( 'NONE', #1459 ) ;
#1665 = VECTOR ( 'NONE', #1296, 1000.000000000000000 ) ;
#1666 = CARTESIAN_POINT ( 'NONE',  ( 2.547498803128908751, 2.602085213965210642E-13, -13.11425445757169150 ) ) ;
#1667 = CARTESIAN_POINT ( 'NONE',  ( 35.00000000000000000, 4.333333333333507120, -16.00000000000000000 ) ) ;
#1668 = EDGE_CURVE ( 'NONE', #673, #1693, #999, .T. ) ;
#1669 = CARTESIAN_POINT ( 'NONE',  ( 99.95953651476213508, 2.177879329770504135, 4.702088517255313960 ) ) ;
#1670 = CARTESIAN_POINT ( 'NONE',  ( -38.60482250600360743, 1.296736144582076422, 2.526380459321386773 ) ) ;
#1671 = UNCERTAINTY_MEASURE_WITH_UNIT (LENGTH_MEASURE( 1.000000000000000082E-05 ), #2179, 'distance_accuracy_value', 'NONE');
#1672 = CARTESIAN_POINT ( 'NONE',  ( -39.37036401239049610, 0.5489754348019305619, 2.838100760793197619 ) ) ;
#1673 =( NAMED_UNIT ( * ) PLANE_ANGLE_UNIT ( ) SI_UNIT ( $, .RADIAN. ) );
#1674 = ORIENTED_EDGE ( 'NONE', *, *, #616, .F. ) ;
#1675 =( NAMED_UNIT ( * ) SI_UNIT ( $, .STERADIAN. ) SOLID_ANGLE_UNIT ( ) );
#1676 = EDGE_LOOP ( 'NONE', ( #1956, #1570, #131, #384 ) ) ;
#1677 = CYLINDRICAL_SURFACE ( 'NONE', #793, 13.47868341846068851 ) ;
#1678 = CARTESIAN_POINT ( 'NONE',  ( 70.52162653594294284, 2.602085213965210642E-13, -14.41465109093376817 ) ) ;
#1679 = CARTESIAN_POINT ( 'NONE',  ( -52.57082033679593991, 2.000000000000260236, -9.964530285969108725E-10 ) ) ;
#1680 = ADVANCED_FACE ( 'NONE', ( #1080 ), #1647, .T. ) ;
#1681 = DIRECTION ( 'NONE',  ( -0.000000000000000000, -1.000000000000000000, -0.000000000000000000 ) ) ;
#1682 = ORIENTED_EDGE ( 'NONE', *, *, #1002, .F. ) ;
#1683 = DIRECTION ( 'NONE',  ( -1.000000000000000000, 0.000000000000000000, 0.000000000000000000 ) ) ;
#1684 = CARTESIAN_POINT ( 'NONE',  ( 120.4445928387914933, 0.03333333333374183249, -0.1272361471993081472 ) ) ;
#1685 = VERTEX_POINT ( 'NONE', #1886 ) ;
#1686 = MECHANICAL_DESIGN_GEOMETRIC_PRESENTATION_REPRESENTATION (  '', ( #161 ), #1265 ) ;
#1687 = CARTESIAN_POINT ( 'NONE',  ( -7.829198262357977889, 2.000000000000260236, 10.50383447460853148 ) ) ;
#1688 = STYLED_ITEM ( 'NONE', ( #207 ), #306 ) ;
#1689 = CARTESIAN_POINT ( 'NONE',  ( 44.61148991477410419, 0.2311007056102978852, 17.52329728061023317 ) ) ;
#1690 = EDGE_CURVE ( 'NONE', #661, #476, #304, .T. ) ;
#1691 = CARTESIAN_POINT ( 'NONE',  ( -38.83904206478791110, 0.9790491621140811063, 2.623901073075010970 ) ) ;
#1692 = CARTESIAN_POINT ( 'NONE',  ( 108.4254338587335127, 2.000000000000260236, -2.450387081041274673 ) ) ;
#1693 = VERTEX_POINT ( 'NONE', #50 ) ;
#1694 = COLOUR_RGB ( '',0.6196078431372549211, 0.4078431372549019551, 0.2000000000000000111 ) ;
#1695 = VECTOR ( 'NONE', #949, 1000.000000000000000 ) ;
#1696 =( LENGTH_UNIT ( ) NAMED_UNIT ( * ) SI_UNIT ( .MILLI., .METRE. ) );
#1697 = FACE_OUTER_BOUND ( 'NONE', #926, .T. ) ;
#1698 = CARTESIAN_POINT ( 'NONE',  ( 130.0000000000000000, 15.82336863030218943, 20.31923228304628992 ) ) ;
#1699 = CARTESIAN_POINT ( 'NONE',  ( 109.1631216786270500, 15.82436863030219065, -1.381493173935559593 ) ) ;
#1700 = PLANE ( 'NONE',  #1347 ) ;
#1701 = FILL_AREA_STYLE ('',( #45 ) ) ;
#1702 = CARTESIAN_POINT ( 'NONE',  ( -41.68858055792176742, 2.602085213965210642E-13, 3.651989924562394130 ) ) ;
#1703 = CARTESIAN_POINT ( 'NONE',  ( 41.77215386514494355, 0.1328659240299079891, -17.94430919426132220 ) ) ;
#1704 = CARTESIAN_POINT ( 'NONE',  ( 41.61948354208658429, 29.50681060265236511, 1.476840036906550857 ) ) ;
#1705 = CARTESIAN_POINT ( 'NONE',  ( -2.661854277102262856, 8.699999999999063149, 2.453846153845891997 ) ) ;
#1706 = ORIENTED_EDGE ( 'NONE', *, *, #2260, .T. ) ;
#1707 = DIRECTION ( 'NONE',  ( -1.000000000000000000, 0.000000000000000000, 0.000000000000000000 ) ) ;
#1708 = DIRECTION ( 'NONE',  ( -0.000000000000000000, -1.000000000000000000, -0.000000000000000000 ) ) ;
#1709 = CARTESIAN_POINT ( 'NONE',  ( 70.03855150633749815, 2.000000000004914735, -12.47386175755829640 ) ) ;
#1710 = CARTESIAN_POINT ( 'NONE',  ( 130.0000000000000000, -5.335670632184525530, -20.31923228304628992 ) ) ;
#1711 = CARTESIAN_POINT ( 'NONE',  ( 3.474768081528135877, 1.034930916062410500, 13.58720050115542932 ) ) ;
#1712 =( BOUNDED_SURFACE ( )  B_SPLINE_SURFACE ( 3, 2, ( 
 ( #912, #212, #1702 ),
 ( #1512, #722, #22 ),
 ( #1324, #592, #197 ),
 ( #1485, #2229, #1299 ),
 ( #2038, #363, #175 ),
 ( #1672, #2053, #1859 ),
 ( #1496, #2241, #553 ),
 ( #377, #184, #1132 ),
 ( #1691, #1870, #1361 ),
 ( #467, #871, #796 ),
 ( #49, #75, #1573 ),
 ( #1923, #684, #254 ),
 ( #1952, #992, #1403 ),
 ( #506, #807, #269 ) ),
 .UNSPECIFIED., .F., .F., .F. ) 
 B_SPLINE_SURFACE_WITH_KNOTS ( ( 4, 2, 2, 2, 2, 2, 4 ),
 ( 3, 3 ),
 ( -1.096562316550635688E-05, 0.001391370387821345414, 0.002793706398808197371, 0.003494874404301623241, 0.004196042409795049111, 0.004897210415288474547, 0.005598378420781900851 ),
 ( 0.000000000000000000, 1.000000000000000000 ),
 .UNSPECIFIED. ) 
 GEOMETRIC_REPRESENTATION_ITEM ( )  RATIONAL_B_SPLINE_SURFACE ( (
 ( 1.000000000000000000, 1.000000000000000000, 1.000000000000000000),
 ( 1.000000000000000000, 0.9999642906886124782, 1.000000000000000000),
 ( 1.000000000000000000, 0.9907839318980888876, 1.000000000000000000),
 ( 1.000000000000000000, 0.9566979908780721686, 1.000000000000000000),
 ( 1.000000000000000000, 0.9310202294029993331, 1.000000000000000000),
 ( 1.000000000000000000, 0.8864457554716423937, 1.000000000000000000),
 ( 1.000000000000000000, 0.8706873529444232318, 1.000000000000000000),
 ( 1.000000000000000000, 0.8388918213818727931, 1.000000000000000000),
 ( 1.000000000000000000, 0.8229646756433753874, 1.000000000000000000),
 ( 1.000000000000000000, 0.7948399039115098264, 1.000000000000000000),
 ( 1.000000000000000000, 0.7823652985962979978, 1.000000000000000000),
 ( 1.000000000000000000, 0.7652807766844714754, 1.000000000000000000),
 ( 1.000000000000000000, 0.7604633161007884334, 1.000000000000000000),
 ( 1.000000000000000000, 0.7604739590762443768, 1.000000000000000000) ) ) 
 REPRESENTATION_ITEM ( '' )  SURFACE ( )  );
#1713 = CARTESIAN_POINT ( 'NONE',  ( -39.16312168003598515, 15.82436863030219065, -1.381493187611366080 ) ) ;
#1714 = CARTESIAN_POINT ( 'NONE',  ( 77.49835656698823527, 1.493896135460799357, 10.65308173506845613 ) ) ;
#1715 = SURFACE_STYLE_FILL_AREA ( #1148 ) ;
#1716 = CARTESIAN_POINT ( 'NONE',  ( -5.799004716381576330, 2.602085213965210642E-13, -13.08685692340054985 ) ) ;
#1717 = EDGE_CURVE ( 'NONE', #2367, #2263, #1571, .T. ) ;
#1718 = FILL_AREA_STYLE ('',( #431 ) ) ;
#1719 = CARTESIAN_POINT ( 'NONE',  ( 111.5434796884646431, 2.000000000000260236, -1.621047351867327402 ) ) ;
#1720 = STYLED_ITEM ( 'NONE', ( #1145 ), #660 ) ;
#1721 = CARTESIAN_POINT ( 'NONE',  ( 108.7158656636565723, 2.193163247146062922, 1.855753516815899617 ) ) ;
#1722 = CARTESIAN_POINT ( 'NONE',  ( 111.1376592997243051, 0.03590524978518699895, 3.189836370102224095 ) ) ;
#1723 = CARTESIAN_POINT ( 'NONE',  ( 44.61151833826663449, 0.2311012699526288627, -17.52329567131349464 ) ) ;
#1724 = CARTESIAN_POINT ( 'NONE',  ( -38.42543389828430378, 2.177879330207919129, 2.450387088743617436 ) ) ;
#1725 = B_SPLINE_CURVE_WITH_KNOTS ( 'NONE', 3,
 ( #1781, #1200, #1048, #1644, #76, #103 ),
 .UNSPECIFIED., .F., .F.,
 ( 4, 2, 4 ),
 ( 5.038577385001277954E-16, 0.003395789630657100946, 0.006791579261313708364 ),
 .UNSPECIFIED. ) ;
#1726 = LINE ( 'NONE', #2380, #1224 ) ;
#1727 = SURFACE_SIDE_STYLE ('',( #1941 ) ) ;
#1728 =( GEOMETRIC_REPRESENTATION_CONTEXT ( 3 ) GLOBAL_UNCERTAINTY_ASSIGNED_CONTEXT ( ( #591 ) ) GLOBAL_UNIT_ASSIGNED_CONTEXT ( ( #28, #445, #802 ) ) REPRESENTATION_CONTEXT ( 'NONE', 'WORKASPACE' ) );
#1729 = B_SPLINE_CURVE_WITH_KNOTS ( 'NONE', 3,
 ( #2021, #1441, #2184, #1257 ),
 .UNSPECIFIED., .F., .F.,
 ( 4, 4 ),
 ( 2.320597922947243961E-17, 0.003720243031921890292 ),
 .UNSPECIFIED. ) ;
#1730 = CARTESIAN_POINT ( 'NONE',  ( 72.66185427710226463, 8.699999999999063149, 2.453846153845891997 ) ) ;
#1731 = CARTESIAN_POINT ( 'NONE',  ( -60.00000000000000000, -5.335670632184525530, -20.31923228304628992 ) ) ;
#1732 = CARTESIAN_POINT ( 'NONE',  ( 109.2644521767598178, 1.386067974713159678, 1.479573883662842704 ) ) ;
#1733 = COLOUR_RGB ( '',0.6196078431372549211, 0.4078431372549019551, 0.2000000000000000111 ) ;
#1734 = CARTESIAN_POINT ( 'NONE',  ( 41.77215388204324853, 0.1328659240298839528, 17.94430919226904564 ) ) ;
#1735 = CARTESIAN_POINT ( 'NONE',  ( 112.0574631192453126, 2.602085213965210642E-13, 3.553874579968695713 ) ) ;
#1736 = EDGE_CURVE ( 'NONE', #1971, #1872, #2121, .T. ) ;
#1737 = ORIENTED_EDGE ( 'NONE', *, *, #1855, .F. ) ;
#1738 = CARTESIAN_POINT ( 'NONE',  ( 41.77215386514494355, 0.1328659240299079891, -17.94430919426132220 ) ) ;
#1739 = CARTESIAN_POINT ( 'NONE',  ( -8.366378406114145960, 2.602085213965211651E-13, 12.43073965685149496 ) ) ;
#1740 = DIRECTION ( 'NONE',  ( -0.000000000000000000, 1.000000000000000000, 0.000000000000000000 ) ) ;
#1741 = FILL_AREA_STYLE_COLOUR ( '', #1649 ) ;
#1742 = CARTESIAN_POINT ( 'NONE',  ( 25.81967666916753501, 13.00000000000000000, -11.00000000000000888 ) ) ;
#1743 = VERTEX_POINT ( 'NONE', #1703 ) ;
#1744 = CARTESIAN_POINT ( 'NONE',  ( 111.3366019505842388, -4.165904122542760241E-09, -3.462574168156216103 ) ) ;
#1745 = CARTESIAN_POINT ( 'NONE',  ( 55.17878865946165945, 2.602085213965210642E-13, 18.02555051645353146 ) ) ;
#1746 = CARTESIAN_POINT ( 'NONE',  ( 10.35718138542678268, 2.000000000000260236, 14.97789783857131951 ) ) ;
#1747 = CARTESIAN_POINT ( 'NONE',  ( 77.83846966320454897, 2.000000000000260236, 10.50144678580051405 ) ) ;
#1748 = ORIENTED_EDGE ( 'NONE', *, *, #917, .F. ) ;
#1749 = EDGE_CURVE ( 'NONE', #1222, #2070, #887, .T. ) ;
#1750 = FACE_OUTER_BOUND ( 'NONE', #1041, .T. ) ;
#1751 = CARTESIAN_POINT ( 'NONE',  ( -16.51240890467856559, 1.846036557118166499, 7.737451983346462114 ) ) ;
#1752 =( NAMED_UNIT ( * ) PLANE_ANGLE_UNIT ( ) SI_UNIT ( $, .RADIAN. ) );
#1753 = CARTESIAN_POINT ( 'NONE',  ( -38.42543389381031460, 2.177879330331654817, -2.450387086804404646 ) ) ;
#1754 = CARTESIAN_POINT ( 'NONE',  ( -40.60319519948497202, 0.1513251671330489434, 2.724347333352489464 ) ) ;
#1755 = CARTESIAN_POINT ( 'NONE',  ( 109.1077213658895460, 2.193456569015663327, 1.846906233383661222 ) ) ;
#1756 = EDGE_LOOP ( 'NONE', ( #1737, #1851, #1802, #2219, #2301, #700, #1181 ) ) ;
#1757 = FILL_AREA_STYLE ('',( #244 ) ) ;
#1758 = CARTESIAN_POINT ( 'NONE',  ( 109.7645578596006430, 0.6429397604567735902, -1.955682087107453393 ) ) ;
#1759 = CARTESIAN_POINT ( 'NONE',  ( -50.44459283879149325, 0.06666666666707521394, 0.1059257659075191621 ) ) ;
#1760 = CARTESIAN_POINT ( 'NONE',  ( 108.4538556129496101, 1.684727046196047295, 2.462536809605739396 ) ) ;
#1761 = B_SPLINE_CURVE_WITH_KNOTS ( 'NONE', 3,
 ( #1472, #2217, #1623, #721, #2228, #2383, #685, #507, #1261, #2002, #2103, #423, #1178, #1723, #412, #1738 ),
 .UNSPECIFIED., .F., .F.,
 ( 4, 2, 2, 2, 2, 2, 2, 4 ),
 ( 0.000000000000000000, 0.01722912661165264259, 0.03445825322330528517, 0.04307281652913160647, 0.05168737983495792776, 0.06030194314078424905, 0.06460922479369740623, 0.06891650644661057035 ),
 .UNSPECIFIED. ) ;
#1762 = CARTESIAN_POINT ( 'NONE',  ( 59.65255421978019967, 2.005206294385985343E-12, 14.97565344522350728 ) ) ;
#1763 = ORIENTED_EDGE ( 'NONE', *, *, #2422, .T. ) ;
#1764 =( GEOMETRIC_REPRESENTATION_CONTEXT ( 3 ) GLOBAL_UNCERTAINTY_ASSIGNED_CONTEXT ( ( #1434 ) ) GLOBAL_UNIT_ASSIGNED_CONTEXT ( ( #2127, #1588, #1410 ) ) REPRESENTATION_CONTEXT ( 'NONE', 'WORKASPACE' ) );
#1765 = CARTESIAN_POINT ( 'NONE',  ( -34.19254198753220919, 2.000000000000260236, 3.576264400387424658 ) ) ;
#1766 = CARTESIAN_POINT ( 'NONE',  ( -29.95948713132538899, 2.177879330331654817, -4.702098410689073305 ) ) ;
#1767 = COLOUR_RGB ( '',0.6196078431372549211, 0.4078431372549019551, 0.2000000000000000111 ) ;
#1768 = PRESENTATION_LAYER_ASSIGNMENT (  '', '', ( #905 ) ) ;
#1769 = CARTESIAN_POINT ( 'NONE',  ( 47.92059129853480215, -11.10923760922396042, 24.90917554381925925 ) ) ;
#1770 = PRESENTATION_STYLE_ASSIGNMENT (( #852 ) ) ;
#1771 = ORIENTED_EDGE ( 'NONE', *, *, #180, .F. ) ;
#1772 = CARTESIAN_POINT ( 'NONE',  ( 52.04946975961057376, 0.1328659240298813715, -17.94430919426132931 ) ) ;
#1773 = CARTESIAN_POINT ( 'NONE',  ( 120.4445928387914933, 0.1000000000004085260, -0.02820512820524346403 ) ) ;
#1774 = DIRECTION ( 'NONE',  ( -0.000000000000000000, -1.000000000000000000, -0.000000000000000000 ) ) ;
#1775 = CARTESIAN_POINT ( 'NONE',  ( 35.00000000000000000, 24.00454038168544102, 4.651226702873790586 ) ) ;
#1776 = CARTESIAN_POINT ( 'NONE',  ( 109.3505910693140919, 0.5605376289396500900, 2.830235014516300662 ) ) ;
#1777 = CARTESIAN_POINT ( 'NONE',  ( -38.42543389828427536, 2.000000000000260236, 2.450387088743623654 ) ) ;
#1778 = CARTESIAN_POINT ( 'NONE',  ( 54.86600189478994594, 2.602085213965210642E-13, 18.09345451047459363 ) ) ;
#1779 =( GEOMETRIC_REPRESENTATION_CONTEXT ( 3 ) GLOBAL_UNCERTAINTY_ASSIGNED_CONTEXT ( ( #1535 ) ) GLOBAL_UNIT_ASSIGNED_CONTEXT ( ( #428, #1871, #64 ) ) REPRESENTATION_CONTEXT ( 'NONE', 'WORKASPACE' ) );
#1780 = VERTEX_POINT ( 'NONE', #1574 ) ;
#1781 = CARTESIAN_POINT ( 'NONE',  ( 28.22784613488039795, 0.1328659240290686328, -17.94430919426479321 ) ) ;
#1782 = CARTESIAN_POINT ( 'NONE',  ( 46.77161191149122743, -3.703079203052086044, 20.63639184793974835 ) ) ;
#1783 = CARTESIAN_POINT ( 'NONE',  ( -41.07508549075264881, 0.03416246603803749227, -3.137944616853856949 ) ) ;
#1784 = ORIENTED_EDGE ( 'NONE', *, *, #555, .T. ) ;
#1785 = EDGE_CURVE ( 'NONE', #1491, #1311, #565, .T. ) ;
#1786 = CARTESIAN_POINT ( 'NONE',  ( 109.5632087929519400, 0.8581480031897579241, -1.765704877366478076 ) ) ;
#1787 = CARTESIAN_POINT ( 'NONE',  ( 35.00000000000000000, 1.281815231424664214E-27, 18.50000000000000000 ) ) ;
#1788 = CARTESIAN_POINT ( 'NONE',  ( -50.44459283879149325, -0.05697044927702125255, -0.1849683883850933852 ) ) ;
#1789 = CARTESIAN_POINT ( 'NONE',  ( 95.80099116246414326, 2.000000000000265565, -5.802634118776736294 ) ) ;
#1790 = CARTESIAN_POINT ( 'NONE',  ( 109.1631216837133991, 2.000000000000260236, 1.381493221307076080 ) ) ;
#1791 = B_SPLINE_CURVE_WITH_KNOTS ( 'NONE', 3,
 ( #1527, #2269, #581, #1337, #1714, #1156, #2079, #1897, #961, #34, #2400, #295, #1036, #2146, #708, #282, #851, #2357 ),
 .UNSPECIFIED., .F., .F.,
 ( 4, 2, 2, 2, 2, 2, 2, 2, 4 ),
 ( 0.000000000000000000, 0.01136489073681389191, 0.02272978147362778381, 0.03409467221044167745, 0.03977711757884862254, 0.04261834026305209161, 0.04403895160515382962, 0.04474925727620471250, 0.04545956294725558844 ),
 .UNSPECIFIED. ) ;
#1792 = SURFACE_SIDE_STYLE ('',( #1953 ) ) ;
#1793 = CARTESIAN_POINT ( 'NONE',  ( 35.00000000000000000, 1.281815231424664214E-27, 18.50000000000000000 ) ) ;
#1794 = CARTESIAN_POINT ( 'NONE',  ( 108.5508938749300398, 2.222336291954481347, 0.6242544947418272594 ) ) ;
#1795 = CARTESIAN_POINT ( 'NONE',  ( -40.50628183503058466, 0.1831888800495830583, -2.638095463717839539 ) ) ;
#1796 = ORIENTED_EDGE ( 'NONE', *, *, #1620, .F. ) ;
#1797 = CARTESIAN_POINT ( 'NONE',  ( 109.5005613085445333, 0.4749507096178645638, -2.889012619303220841 ) ) ;
#1798 =( LENGTH_UNIT ( ) NAMED_UNIT ( * ) SI_UNIT ( .MILLI., .METRE. ) );
#1799 = CARTESIAN_POINT ( 'NONE',  ( 52.58634799788927694, 2.602085213965210642E-13, 18.58206769409779824 ) ) ;
#1800 = CARTESIAN_POINT ( 'NONE',  ( 109.5422453340086406, 0.8827905117146249703, -1.745725772752096505 ) ) ;
#1801 = CARTESIAN_POINT ( 'NONE',  ( 109.1631216786270500, 2.202961820493670064, -1.381493173935559815 ) ) ;
#1802 = ORIENTED_EDGE ( 'NONE', *, *, #262, .F. ) ;
#1803 = CARTESIAN_POINT ( 'NONE',  ( 95.72523054018621735, 2.000000000000260236, -5.822684611017761469 ) ) ;
#1804 = CARTESIAN_POINT ( 'NONE',  ( -38.54032992010998981, 2.177774537909964447, 2.419826699558368599 ) ) ;
#1805 = STYLED_ITEM ( 'NONE', ( #2417 ), #15 ) ;
#1806 = FILL_AREA_STYLE ('',( #1662 ) ) ;
#1807 = CARTESIAN_POINT ( 'NONE',  ( 120.4446928387914966, 0.1328659240298901700, -17.94430919426131510 ) ) ;
#1808 = CARTESIAN_POINT ( 'NONE',  ( -25.80099560949344095, 2.000000000000265565, 5.802634116784518348 ) ) ;
#1809 = CARTESIAN_POINT ( 'NONE',  ( 111.6885805614464857, 2.602085213965210642E-13, 3.651989935064667403 ) ) ;
#1810 = CARTESIAN_POINT ( 'NONE',  ( -4.006386868526737643, 2.900000000022461499, -10.70907871573178660 ) ) ;
#1811 = CARTESIAN_POINT ( 'NONE',  ( 18.63826974751834697, 0.04404112919225839501, -18.32188590797195360 ) ) ;
#1812 = CYLINDRICAL_SURFACE ( 'NONE', #214, 78.35999999999999943 ) ;
#1813 = CARTESIAN_POINT ( 'NONE',  ( 59.64273044181599204, -1.483271528976448320E-12, -14.97792934346265348 ) ) ;
#1814 =( GEOMETRIC_REPRESENTATION_CONTEXT ( 3 ) GLOBAL_UNCERTAINTY_ASSIGNED_CONTEXT ( ( #1237 ) ) GLOBAL_UNIT_ASSIGNED_CONTEXT ( ( #2174, #847, #1600 ) ) REPRESENTATION_CONTEXT ( 'NONE', 'WORKASPACE' ) );
#1815 = EDGE_CURVE ( 'NONE', #804, #1217, #1791, .T. ) ;
#1816 =( GEOMETRIC_REPRESENTATION_CONTEXT ( 3 ) GLOBAL_UNCERTAINTY_ASSIGNED_CONTEXT ( ( #731 ) ) GLOBAL_UNIT_ASSIGNED_CONTEXT ( ( #1121, #1673, #143 ) ) REPRESENTATION_CONTEXT ( 'NONE', 'WORKASPACE' ) );
#1817 = ORIENTED_EDGE ( 'NONE', *, *, #1982, .T. ) ;
#1818 = DIRECTION ( 'NONE',  ( 0.000000000000000000, 0.000000000000000000, -1.000000000000000000 ) ) ;
#1819 = CARTESIAN_POINT ( 'NONE',  ( 35.00000000000000000, 13.00000000000000000, 13.17307720633882084 ) ) ;
#1820 = VERTEX_POINT ( 'NONE', #1593 ) ;
#1821 = CARTESIAN_POINT ( 'NONE',  ( 18.63823527965295312, 0.04404088120419818314, 18.32188696012803319 ) ) ;
#1822 = CARTESIAN_POINT ( 'NONE',  ( -41.13765929750481831, 0.03590525003987576208, -3.189836369280401041 ) ) ;
#1823 = CARTESIAN_POINT ( 'NONE',  ( 24.47514407774288614, 4.333333333356073958, -16.00000000000000355 ) ) ;
#1824 = B_SPLINE_CURVE_WITH_KNOTS ( 'NONE', 3,
 ( #325, #1067, #1811, #1825 ),
 .UNSPECIFIED., .F., .F.,
 ( 4, 4 ),
 ( -5.836010750341989316E-05, 0.002306829325587179003 ),
 .UNSPECIFIED. ) ;
#1825 = CARTESIAN_POINT ( 'NONE',  ( 17.95050540826466090, 0.1328659240298844801, -17.94430919426132576 ) ) ;
#1826 = SURFACE_STYLE_FILL_AREA ( #527 ) ;
#1827 = EDGE_CURVE ( 'NONE', #2057, #599, #1484, .T. ) ;
#1828 = CARTESIAN_POINT ( 'NONE',  ( 108.4254338587335127, 2.177879330513046163, -2.450387081041273785 ) ) ;
#1829 = FILL_AREA_STYLE ('',( #2218 ) ) ;
#1830 = ORIENTED_EDGE ( 'NONE', *, *, #1395, .F. ) ;
#1831 = CARTESIAN_POINT ( 'NONE',  ( -7.838400238467463588, 8.414591745063427700E-13, -10.50147449920280529 ) ) ;
#1832 = CARTESIAN_POINT ( 'NONE',  ( 120.4445928387914933, 0.06666666666707518618, -0.1059257659075192592 ) ) ;
#1833 = CARTESIAN_POINT ( 'NONE',  ( 22.65389839500643632, -7.406158406012315787, -22.77278369580722028 ) ) ;
#1834 = CARTESIAN_POINT ( 'NONE',  ( 104.1925214967495776, 2.177879329770504135, 3.576270227863410867 ) ) ;
#1835 = CARTESIAN_POINT ( 'NONE',  ( -36.35696539551302919, -9.049340496794475779E-12, 3.000556062532167001 ) ) ;
#1836 = CARTESIAN_POINT ( 'NONE',  ( -38.45385553487473373, 1.684727045820408664, -2.462536795123354771 ) ) ;
#1837 = ORIENTED_EDGE ( 'NONE', *, *, #603, .T. ) ;
#1838 = EDGE_LOOP ( 'NONE', ( #891, #510, #1796, #1338 ) ) ;
#1839 = CARTESIAN_POINT ( 'NONE',  ( 20.76878415329865746, 2.000000000000260236, -17.19808981271975057 ) ) ;
#1840 = CARTESIAN_POINT ( 'NONE',  ( 43.32671006798594249, 18.50227020044070159, -7.825613345891277994 ) ) ;
#1841 = LINE ( 'NONE', #904, #1665 ) ;
#1842 = VECTOR ( 'NONE', #1292, 1000.000000000000000 ) ;
#1843 = B_SPLINE_CURVE_WITH_KNOTS ( 'NONE', 3,
 ( #1894, #1533, #740, #588 ),
 .UNSPECIFIED., .F., .F.,
 ( 4, 4 ),
 ( 0.08471901409272411532, 1.000000000000000000 ),
 .UNSPECIFIED. ) ;
#1844 = CARTESIAN_POINT ( 'NONE',  ( -7.829198262354829296, 2.602085213965210642E-13, 10.50383447459634212 ) ) ;
#1845 = CARTESIAN_POINT ( 'NONE',  ( 36.13840958954857996, 0.03746186495413966061, -18.47838738560550809 ) ) ;
#1846 = LINE ( 'NONE', #1699, #1695 ) ;
#1847 = STYLED_ITEM ( 'NONE', ( #2149 ), #1375 ) ;
#1848 = FILL_AREA_STYLE_COLOUR ( '', #940 ) ;
#1849 = FILL_AREA_STYLE_COLOUR ( '', #1733 ) ;
#1850 = AXIS2_PLACEMENT_3D ( 'NONE', #453, #14, #758 ) ;
#1851 = ORIENTED_EDGE ( 'NONE', *, *, #1330, .F. ) ;
#1852 = CARTESIAN_POINT ( 'NONE',  ( 46.19712221796944362, 3.385095760787953673E-11, 18.50000000000000000 ) ) ;
#1853 = CARTESIAN_POINT ( 'NONE',  ( 74.00638686852674653, 2.900000000022461499, -10.70907871573178660 ) ) ;
#1854 = ORIENTED_EDGE ( 'NONE', *, *, #2333, .T. ) ;
#1855 = EDGE_CURVE ( 'NONE', #1602, #1971, #1725, .T. ) ;
#1856 = CARTESIAN_POINT ( 'NONE',  ( -5.726234120763562530, 2.602085213965210642E-13, 13.10543887341820479 ) ) ;
#1857 = CARTESIAN_POINT ( 'NONE',  ( 36.13358721840182852, 0.03746186469014563258, 18.47838738575765660 ) ) ;
#1858 = PRESENTATION_STYLE_ASSIGNMENT (( #931 ) ) ;
#1859 = CARTESIAN_POINT ( 'NONE',  ( -39.87494862411870145, 0.5489754350981060904, 2.059014716140793233 ) ) ;
#1860 = DIRECTION ( 'NONE',  ( 1.000000000000000000, 0.000000000000000000, -0.000000000000000000 ) ) ;
#1861 = ORIENTED_EDGE ( 'NONE', *, *, #2058, .T. ) ;
#1862 = CARTESIAN_POINT ( 'NONE',  ( 67.97453061043330536, 9.397721082381201185, 7.951917838937946570 ) ) ;
#1863 = CARTESIAN_POINT ( 'NONE',  ( 47.92059129853355159, -11.10923760921548897, -24.90917554381465138 ) ) ;
#1864 = ORIENTED_EDGE ( 'NONE', *, *, #674, .F. ) ;
#1865 = CARTESIAN_POINT ( 'NONE',  ( 49.98443754852586807, 2.572086963545761941E-13, 19.08930084574415886 ) ) ;
#1866 = EDGE_CURVE ( 'NONE', #1602, #365, #1449, .T. ) ;
#1867 = FILL_AREA_STYLE ('',( #1542 ) ) ;
#1868 = DIRECTION ( 'NONE',  ( 0.000000000000000000, -1.000000000000000000, 0.000000000000000000 ) ) ;
#1869 = LINE ( 'NONE', #210, #594 ) ;
#1870 = CARTESIAN_POINT ( 'NONE',  ( -39.41030165846812139, 1.227140598491694989, 2.322596703624642878 ) ) ;
#1871 =( NAMED_UNIT ( * ) PLANE_ANGLE_UNIT ( ) SI_UNIT ( $, .RADIAN. ) );
#1872 = VERTEX_POINT ( 'NONE', #1238 ) ;
#1873 = PRESENTATION_LAYER_ASSIGNMENT (  '', '', ( #1688 ) ) ;
#1874 = CARTESIAN_POINT ( 'NONE',  ( -40.81785907743484643, 0.05970146139008272734, -3.369875926848440617 ) ) ;
#1875 = CARTESIAN_POINT ( 'NONE',  ( 71.80824101425585582, 12.38228851875033953, -5.236261040136570344 ) ) ;
#1876 = EDGE_LOOP ( 'NONE', ( #1407, #913, #1497, #1763 ) ) ;
#1877 = STYLED_ITEM ( 'NONE', ( #1537 ), #630 ) ;
#1878 = DIRECTION ( 'NONE',  ( 0.000000000000000000, 0.000000000000000000, 1.000000000000000000 ) ) ;
#1879 = CARTESIAN_POINT ( 'NONE',  ( -31.17164038357635647, 2.000000000000260236, 4.381020999790849579 ) ) ;
#1880 = CARTESIAN_POINT ( 'NONE',  ( 90.79955153213070673, 2.000000000000260236, -7.126525411141725996 ) ) ;
#1881 = CARTESIAN_POINT ( 'NONE',  ( 0.000000000000000000, 2.602085213965210642E-13, 20.31923228304628992 ) ) ;
#1882 =( GEOMETRIC_REPRESENTATION_CONTEXT ( 3 ) GLOBAL_UNCERTAINTY_ASSIGNED_CONTEXT ( ( #253 ) ) GLOBAL_UNIT_ASSIGNED_CONTEXT ( ( #2112, #575, #1137 ) ) REPRESENTATION_CONTEXT ( 'NONE', 'WORKASPACE' ) );
#1883 = PRODUCT_RELATED_PRODUCT_CATEGORY ( 'part', '', ( #1085 ) ) ;
#1884 = CARTESIAN_POINT ( 'NONE',  ( 8.948144888932167973, 0.7497717162489089260, 15.09191598127291378 ) ) ;
#1885 = ADVANCED_FACE ( 'NONE', ( #303 ), #1070, .F. ) ;
#1886 = CARTESIAN_POINT ( 'NONE',  ( 35.00000000000000000, 13.00000000000000000, 11.00000000000000178 ) ) ;
#1887 = STYLED_ITEM ( 'NONE', ( #163 ), #1610 ) ;
#1888 =( NAMED_UNIT ( * ) PLANE_ANGLE_UNIT ( ) SI_UNIT ( $, .RADIAN. ) );
#1889 = CARTESIAN_POINT ( 'NONE',  ( 35.00000000000000000, 13.00000000000000000, 3.666666666666666519 ) ) ;
#1890 = ORIENTED_EDGE ( 'NONE', *, *, #1189, .F. ) ;
#1891 =( GEOMETRIC_REPRESENTATION_CONTEXT ( 3 ) GLOBAL_UNCERTAINTY_ASSIGNED_CONTEXT ( ( #1056 ) ) GLOBAL_UNIT_ASSIGNED_CONTEXT ( ( #557, #2307, #1359 ) ) REPRESENTATION_CONTEXT ( 'NONE', 'WORKASPACE' ) );
#1892 =( NAMED_UNIT ( * ) SI_UNIT ( $, .STERADIAN. ) SOLID_ANGLE_UNIT ( ) );
#1893 = CARTESIAN_POINT ( 'NONE',  ( 77.82914151022532678, -2.068899568005305362E-12, -10.50385320600104500 ) ) ;
#1894 = CARTESIAN_POINT ( 'NONE',  ( -38.71586566339496471, 2.193163247192335685, -1.855753516855032759 ) ) ;
#1895 = CARTESIAN_POINT ( 'NONE',  ( -34.21727938346470665, 2.141799860737305217, -3.569684651878252790 ) ) ;
#1896 = CARTESIAN_POINT ( 'NONE',  ( 108.1683881247694217, 2.091788006637441466, -1.483987841259460927 ) ) ;
#1897 = CARTESIAN_POINT ( 'NONE',  ( 61.05761250550632724, 0.7500852800416775157, 15.09031072366337867 ) ) ;
#1898 = CARTESIAN_POINT ( 'NONE',  ( 120.4445928387914933, 0.06666666666707521394, 0.1059257659075191621 ) ) ;
#1899 = CARTESIAN_POINT ( 'NONE',  ( -8.367139231017048928, 2.602085213965210642E-13, -12.43054549816851484 ) ) ;
#1900 = CARTESIAN_POINT ( 'NONE',  ( 53.13261224633141921, 0.2409851413931731190, -17.47853085398091366 ) ) ;
#1901 = ORIENTED_EDGE ( 'NONE', *, *, #929, .T. ) ;
#1902 = CARTESIAN_POINT ( 'NONE',  ( 110.9931264447644139, 0.05482510056904000423, -3.269144783040963897 ) ) ;
#1903 = CARTESIAN_POINT ( 'NONE',  ( 78.32593683818211616, 2.602085213965210642E-13, -12.44117255155470581 ) ) ;
#1904 = CARTESIAN_POINT ( 'NONE',  ( 111.2991544415880014, 2.600349348955368983E-13, 3.531910969128388533 ) ) ;
#1905 = CARTESIAN_POINT ( 'NONE',  ( -22.13881938794467885, 1.928028890123871131, 6.771878798052688886 ) ) ;
#1906 = CARTESIAN_POINT ( 'NONE',  ( 111.5500197241889850, 2.599476352487713340E-13, 3.538031217072409529 ) ) ;
#1907 = CARTESIAN_POINT ( 'NONE',  ( 66.52519829809990881, 1.034930946816486896, -13.58720109647068597 ) ) ;
#1908 = FACE_OUTER_BOUND ( 'NONE', #16, .T. ) ;
#1909 = CARTESIAN_POINT ( 'NONE',  ( 111.6885805574695638, 2.602085213965210642E-13, -3.651989925206817755 ) ) ;
#1910 = CARTESIAN_POINT ( 'NONE',  ( -41.68858055792177453, 2.602085213965210642E-13, 3.651989924562394574 ) ) ;
#1911 = CARTESIAN_POINT ( 'NONE',  ( 60.35150393227473842, 2.602085213965210642E-13, -16.86673007679478786 ) ) ;
#1912 = CARTESIAN_POINT ( 'NONE',  ( -39.16312168051419462, 2.000000000000260236, 1.381493190259615478 ) ) ;
#1913 = CARTESIAN_POINT ( 'NONE',  ( 109.1631216786270500, 2.000000000000260236, -1.381493173935556706 ) ) ;
#1914 = ORIENTED_EDGE ( 'NONE', *, *, #141, .F. ) ;
#1915 = CARTESIAN_POINT ( 'NONE',  ( 35.00000000000000000, 13.00000000000000000, 17.51923161901666504 ) ) ;
#1916 = CARTESIAN_POINT ( 'NONE',  ( -60.00000000000000000, 15.82336863030218943, 20.31923228304628992 ) ) ;
#1917 = CARTESIAN_POINT ( 'NONE',  ( 110.3061242132985456, 0.1546361277206929341, 3.192199471503385233 ) ) ;
#1918 = AXIS2_PLACEMENT_3D ( 'NONE', #869, #148, #2188 ) ;
#1919 = CARTESIAN_POINT ( 'NONE',  ( 109.1631216786270357, 1.816797062156366271, -1.381493173935557817 ) ) ;
#1920 = CARTESIAN_POINT ( 'NONE',  ( 60.10203312579526624, 2.602085213965210642E-13, 16.92454191383687245 ) ) ;
#1921 = ORIENTED_EDGE ( 'NONE', *, *, #1330, .T. ) ;
#1922 =( GEOMETRIC_REPRESENTATION_CONTEXT ( 3 ) GLOBAL_UNCERTAINTY_ASSIGNED_CONTEXT ( ( #1034 ) ) GLOBAL_UNIT_ASSIGNED_CONTEXT ( ( #787, #1342, #1892 ) ) REPRESENTATION_CONTEXT ( 'NONE', 'WORKASPACE' ) );
#1923 = CARTESIAN_POINT ( 'NONE',  ( -38.45385553924349153, 1.684727046359077329, 2.462536796918318061 ) ) ;
#1924 = CARTESIAN_POINT ( 'NONE',  ( 97.08994499990259897, 2.000000000000260236, -5.461494878379302698 ) ) ;
#1925 = DIRECTION ( 'NONE',  ( 0.000000000000000000, 0.000000000000000000, 1.000000000000000000 ) ) ;
#1926 = CARTESIAN_POINT ( 'NONE',  ( -2.661854277102262856, 8.699999999999063149, -8.815828591933584590 ) ) ;
#1927 = CARTESIAN_POINT ( 'NONE',  ( -39.16312168003598515, 2.000000000000260236, -1.381493187611360973 ) ) ;
#1928 = PRESENTATION_LAYER_ASSIGNMENT (  '', '', ( #332 ) ) ;
#1929 = ORIENTED_EDGE ( 'NONE', *, *, #1967, .T. ) ;
#1930 = CARTESIAN_POINT ( 'NONE',  ( -52.57082033679593991, 15.82436863030219065, -9.964530285969108725E-10 ) ) ;
#1931 = CARTESIAN_POINT ( 'NONE',  ( 35.00000000000000000, -3.703079203035505085, 20.63639184790509873 ) ) ;
#1932 = CARTESIAN_POINT ( 'NONE',  ( 108.5609201400515502, 1.386067974802222436, 2.507869714951584061 ) ) ;
#1933 = AXIS2_PLACEMENT_3D ( 'NONE', #1679, #1868, #388 ) ;
#1934 = CARTESIAN_POINT ( 'NONE',  ( 106.8726186114059260, 2.602085213965210642E-13, 4.932939133835148482 ) ) ;
#1935 = ORIENTED_EDGE ( 'NONE', *, *, #1736, .F. ) ;
#1936 = CARTESIAN_POINT ( 'NONE',  ( -25.72523422865502596, 2.000000000000260236, 5.822684803786847496 ) ) ;
#1937 = UNCERTAINTY_MEASURE_WITH_UNIT (LENGTH_MEASURE( 1.000000000000000082E-05 ), #1992, 'distance_accuracy_value', 'NONE');
#1938 = PRESENTATION_STYLE_ASSIGNMENT (( #2190 ) ) ;
#1939 = CARTESIAN_POINT ( 'NONE',  ( 21.15194737462574182, 0.4011998140013079417, -16.76520317708782315 ) ) ;
#1940 = SURFACE_STYLE_FILL_AREA ( #1240 ) ;
#1941 = SURFACE_STYLE_FILL_AREA ( #979 ) ;
#1942 = CARTESIAN_POINT ( 'NONE',  ( -50.44459283879149325, 0.1000000000004085260, -0.02820512820524346403 ) ) ;
#1943 = ORIENTED_EDGE ( 'NONE', *, *, #2164, .F. ) ;
#1944 = CARTESIAN_POINT ( 'NONE',  ( -31.68804829886683194, 2.602085213965210642E-13, -6.313203386810067208 ) ) ;
#1945 = SURFACE_SIDE_STYLE ('',( #40 ) ) ;
#1946 = CARTESIAN_POINT ( 'NONE',  ( 49.98443754852586807, 2.572086963545761941E-13, 19.08930084574415886 ) ) ;
#1947 = CARTESIAN_POINT ( 'NONE',  ( 109.2901888319988899, 1.584348161248335440, 2.251967863230851297 ) ) ;
#1948 = FILL_AREA_STYLE ('',( #658 ) ) ;
#1949 = CARTESIAN_POINT ( 'NONE',  ( 111.5433771363638300, 2.597748405275268624E-13, 1.621074641484430146 ) ) ;
#1950 = ORIENTED_EDGE ( 'NONE', *, *, #730, .F. ) ;
#1951 = CARTESIAN_POINT ( 'NONE',  ( 108.4254338587334558, 2.176818419993089559, -2.450387081041286219 ) ) ;
#1952 = CARTESIAN_POINT ( 'NONE',  ( -38.42543389456218250, 1.840058326825247725, 2.450387089733627288 ) ) ;
#1953 = SURFACE_STYLE_FILL_AREA ( #821 ) ;
#1954 = CARTESIAN_POINT ( 'NONE',  ( -25.80099540024258786, 2.000000000000258460, -5.802634118776853533 ) ) ;
#1955 = CARTESIAN_POINT ( 'NONE',  ( 130.0000000000000000, 2.602085213965210642E-13, -20.31923228304628992 ) ) ;
#1956 = ORIENTED_EDGE ( 'NONE', *, *, #2422, .F. ) ;
#1957 = CARTESIAN_POINT ( 'NONE',  ( 120.4445928387914933, 0.1000000000004085260, -0.1180473416364665740 ) ) ;
#1958 = CARTESIAN_POINT ( 'NONE',  ( 108.4538555011354077, 1.684727046180590992, -2.462536789875702681 ) ) ;
#1959 = CARTESIAN_POINT ( 'NONE',  ( 108.9343128017496269, 0.8794741092684040806, 2.663049998261683093 ) ) ;
#1960 = DIRECTION ( 'NONE',  ( -0.000000000000000000, 0.000000000000000000, 1.000000000000000000 ) ) ;
#1961 = CARTESIAN_POINT ( 'NONE',  ( 78.33528044713676763, 2.602085213965210642E-13, 12.43876215964433563 ) ) ;
#1962 =( GEOMETRIC_REPRESENTATION_CONTEXT ( 3 ) GLOBAL_UNCERTAINTY_ASSIGNED_CONTEXT ( ( #452 ) ) GLOBAL_UNIT_ASSIGNED_CONTEXT ( ( #558, #1888, #1675 ) ) REPRESENTATION_CONTEXT ( 'NONE', 'WORKASPACE' ) );
#1963 = ORIENTED_EDGE ( 'NONE', *, *, #44, .F. ) ;
#1964 = MECHANICAL_DESIGN_GEOMETRIC_PRESENTATION_REPRESENTATION (  '', ( #1877 ), #741 ) ;
#1965 = CARTESIAN_POINT ( 'NONE',  ( 25.38863026291815927, 0.2310957352950189225, -17.52331965525689483 ) ) ;
#1966 = PRESENTATION_LAYER_ASSIGNMENT (  '', '', ( #2369 ) ) ;
#1967 = EDGE_CURVE ( 'NONE', #2124, #1125, #566, .T. ) ;
#1968 = MECHANICAL_DESIGN_GEOMETRIC_PRESENTATION_REPRESENTATION (  '', ( #905 ), #1922 ) ;
#1969 = CARTESIAN_POINT ( 'NONE',  ( -39.16312168051420173, 1.816797062500605797, 1.381493190259615256 ) ) ;
#1970 = CARTESIAN_POINT ( 'NONE',  ( -39.76455786249734814, 0.6429397578549350678, -1.955682090418217500 ) ) ;
#1971 = VERTEX_POINT ( 'NONE', #2412 ) ;
#1972 =( BOUNDED_SURFACE ( )  B_SPLINE_SURFACE ( 3, 2, ( 
 ( #2385, #284, #318 ),
 ( #1023, #1226, #2359 ),
 ( #1783, #665, #509 ),
 ( #1795, #115, #2181 ),
 ( #2168, #130, #875 ),
 ( #860, #1613, #1625 ),
 ( #1970, #2370, #676 ),
 ( #1439, #1447, #2192 ),
 ( #733, #2230, #1310 ),
 ( #543, #364, #2242 ),
 ( #1325, #2405, #1486 ),
 ( #1300, #925, #1836 ),
 ( #390, #1, #2039 ),
 ( #2054, #530, #1108 ) ),
 .UNSPECIFIED., .F., .F., .T. ) 
 B_SPLINE_SURFACE_WITH_KNOTS ( ( 4, 2, 2, 2, 2, 2, 4 ),
 ( 3, 3 ),
 ( -1.096562316774588997E-05, 0.001391370390099902748, 0.002793706403367551567, 0.003494874410001375976, 0.004196042416635199952, 0.004897210423269024795, 0.005598378429902848771 ),
 ( 0.000000000000000000, 1.000000000000000000 ),
 .UNSPECIFIED. ) 
 GEOMETRIC_REPRESENTATION_ITEM ( )  RATIONAL_B_SPLINE_SURFACE ( (
 ( 1.000000000000000000, 1.000000000000000000, 1.000000000000000000),
 ( 1.000000000000000000, 0.9999642906889083527, 1.000000000000000000),
 ( 1.000000000000000000, 0.9907839318745250701, 1.000000000000000000),
 ( 1.000000000000000000, 0.9566979907299488772, 1.000000000000000000),
 ( 1.000000000000000000, 0.9310202291465214941, 1.000000000000000000),
 ( 1.000000000000000000, 0.8864457549428998995, 1.000000000000000000),
 ( 1.000000000000000000, 0.8706873523546480031, 1.000000000000000000),
 ( 1.000000000000000000, 0.8388918206387924181, 1.000000000000000000),
 ( 1.000000000000000000, 0.8229646748116572486, 1.000000000000000000),
 ( 1.000000000000000000, 0.7948399029181916209, 1.000000000000000000),
 ( 1.000000000000000000, 0.7823652975243421404, 1.000000000000000000),
 ( 1.000000000000000000, 0.7652807755002640766, 1.000000000000000000),
 ( 1.000000000000000000, 0.7604633148822980138, 1.000000000000000000),
 ( 1.000000000000000000, 0.7604739578580214099, 1.000000000000000000) ) ) 
 REPRESENTATION_ITEM ( '' )  SURFACE ( )  );
#1973 = CARTESIAN_POINT ( 'NONE',  ( -39.97607920848834340, 0.4734031342774029927, -2.152994901152223139 ) ) ;
#1974 = CARTESIAN_POINT ( 'NONE',  ( 27.52690319187806622, 24.00454038165679194, 4.651226702873797691 ) ) ;
#1975 = CARTESIAN_POINT ( 'NONE',  ( 35.00000000000000000, 8.666666666666754892, -13.49999999999999822 ) ) ;
#1976 = CARTESIAN_POINT ( 'NONE',  ( 130.0000000000000000, 15.82336863030218943, 20.31923228304628992 ) ) ;
#1977 = SURFACE_SIDE_STYLE ('',( #2025 ) ) ;
#1978 = STYLED_ITEM ( 'NONE', ( #1770 ), #1575 ) ;
#1979 = VERTEX_POINT ( 'NONE', #922 ) ;
#1980 = CARTESIAN_POINT ( 'NONE',  ( 8.533955552832997782, 0.9495950898291901643, -14.04123231058776256 ) ) ;
#1981 = SURFACE_STYLE_USAGE ( .BOTH. , #77 ) ;
#1982 = EDGE_CURVE ( 'NONE', #279, #1872, #455, .T. ) ;
#1983 = SURFACE_SIDE_STYLE ('',( #2191 ) ) ;
#1984 = FILL_AREA_STYLE ('',( #330 ) ) ;
#1985 = ORIENTED_EDGE ( 'NONE', *, *, #917, .T. ) ;
#1986 = DIRECTION ( 'NONE',  ( 1.000000000000000000, -0.000000000000000000, -0.000000000000000000 ) ) ;
#1987 = CARTESIAN_POINT ( 'NONE',  ( 108.4254338550148020, 1.840058326559477653, -2.450387082030373698 ) ) ;
#1988 = CARTESIAN_POINT ( 'NONE',  ( -6.402122244776152549, -7.434643630645913603, 16.67384346858550970 ) ) ;
#1989 = FACE_OUTER_BOUND ( 'NONE', #1196, .T. ) ;
#1990 = CARTESIAN_POINT ( 'NONE',  ( 18.16642818470225862, 2.602085213965210642E-13, 16.69603262934207777 ) ) ;
#1991 = CARTESIAN_POINT ( 'NONE',  ( 120.4446928387914966, -76.14485931457761581, -9.961569858569344145E-10 ) ) ;
#1992 =( LENGTH_UNIT ( ) NAMED_UNIT ( * ) SI_UNIT ( .MILLI., .METRE. ) );
#1993 = CARTESIAN_POINT ( 'NONE',  ( -2.661854277102262856, 8.699999999999063149, 8.815828591933501102 ) ) ;
#1994 = ORIENTED_EDGE ( 'NONE', *, *, #2090, .T. ) ;
#1995 = CARTESIAN_POINT ( 'NONE',  ( -38.42543389380366392, 1.814363710035870270, -2.450387086806171677 ) ) ;
#1996 = CARTESIAN_POINT ( 'NONE',  ( 108.5609200432587755, 1.386067975498852967, -2.507869701030066789 ) ) ;
#1997 = CARTESIAN_POINT ( 'NONE',  ( 78.36720528046078016, 2.602085213965210642E-13, 12.43051864899886993 ) ) ;
#1998 = CARTESIAN_POINT ( 'NONE',  ( -5.253142857750968453, -2.478214543524032365, -13.81318038474673493 ) ) ;
#1999 = EDGE_CURVE ( 'NONE', #2124, #1491, #1846, .T. ) ;
#2000 = PLANE ( 'NONE',  #327 ) ;
#2001 = SURFACE_SIDE_STYLE ('',( #2012 ) ) ;
#2002 = CARTESIAN_POINT ( 'NONE',  ( 55.87298552685959407, 0.7063882289231464551, -15.31655587106137162 ) ) ;
#2003 = FILL_AREA_STYLE ('',( #1093 ) ) ;
#2004 = CARTESIAN_POINT ( 'NONE',  ( -50.44459283879149325, 0.1000000000004085260, 0.1180473416364642425 ) ) ;
#2005 = ORIENTED_EDGE ( 'NONE', *, *, #1357, .T. ) ;
#2006 = PRESENTATION_LAYER_ASSIGNMENT (  '', '', ( #1654 ) ) ;
#2007 = CARTESIAN_POINT ( 'NONE',  ( 108.4254338587335411, 1.814358200261515730, -2.450387081041267567 ) ) ;
#2008 = CARTESIAN_POINT ( 'NONE',  ( -41.55001972338141769, 2.602333676963159582E-13, -3.538031217654368010 ) ) ;
#2009 = CARTESIAN_POINT ( 'NONE',  ( 35.00000000000000000, 18.50227019039910559, -7.825613351692759956 ) ) ;
#2010 = B_SPLINE_SURFACE_WITH_KNOTS ( 'NONE', 3, 3, ( 
 ( #289, #1231, #1028, #275 ),
 ( #1775, #1974, #471, #829 ),
 ( #1606, #1206, #98, #2342 ),
 ( #865, #2325, #1598, #636 ),
 ( #1398, #483, #2141, #1759 ),
 ( #845, #1044, #263, #301 ),
 ( #1787, #446, #1053, #461 ),
 ( #1931, #109, #855, #2150 ),
 ( #1000, #2171, #2362, #1428 ),
 ( #83, #492, #1988, #309 ) ),
 .UNSPECIFIED., .F., .F., .F.,
 ( 4, 3, 3, 4 ),
 ( 4, 4 ),
 ( -1.269754659425243348, 0.000000000000000000, 1.000000000000000000, 1.854556739162039669 ),
 ( 0.000000000000000000, 1.000000000000000000 ),
 .UNSPECIFIED. ) ;
#2011 = CARTESIAN_POINT ( 'NONE',  ( 95.72524240521218530, 2.177879329770504135, 5.822685108961477951 ) ) ;
#2012 = SURFACE_STYLE_FILL_AREA ( #337 ) ;
#2013 = CARTESIAN_POINT ( 'NONE',  ( -39.35063452610052792, 0.5605104989291678219, 2.830252166602093666 ) ) ;
#2014 =( GEOMETRIC_REPRESENTATION_CONTEXT ( 3 ) GLOBAL_UNCERTAINTY_ASSIGNED_CONTEXT ( ( #497 ) ) GLOBAL_UNIT_ASSIGNED_CONTEXT ( ( #1798, #1605, #864 ) ) REPRESENTATION_CONTEXT ( 'NONE', 'WORKASPACE' ) );
#2015 = AXIS2_PLACEMENT_3D ( 'NONE', #1298, #564, #173 ) ;
#2016 = PRODUCT_CONTEXT ( 'NONE', #2255, 'mechanical' ) ;
#2017 = PRESENTATION_LAYER_ASSIGNMENT (  '', '', ( #567 ) ) ;
#2018 = CARTESIAN_POINT ( 'NONE',  ( 111.6885805614464857, 2.602085213965210642E-13, 3.651989935064667403 ) ) ;
#2019 = CARTESIAN_POINT ( 'NONE',  ( -38.65522707498044497, 2.178730665684504242, -2.389266006881611837 ) ) ;
#2020 = CARTESIAN_POINT ( 'NONE',  ( -38.42543389828430378, 2.000000000000260236, 2.450387088743616992 ) ) ;
#2021 = CARTESIAN_POINT ( 'NONE',  ( -38.71586566339496471, 2.193163247192335685, -1.855753516855032759 ) ) ;
#2022 = CARTESIAN_POINT ( 'NONE',  ( 120.4445928387914933, -0.08545567391712043104, -0.2031793183329765884 ) ) ;
#2023 = CARTESIAN_POINT ( 'NONE',  ( -0.1010144932431953912, 19.74686553606367667, -0.9857062089868054988 ) ) ;
#2024 =( LENGTH_UNIT ( ) NAMED_UNIT ( * ) SI_UNIT ( .MILLI., .METRE. ) );
#2025 = SURFACE_STYLE_FILL_AREA ( #1455 ) ;
#2026 = CARTESIAN_POINT ( 'NONE',  ( -41.68858055792177453, 2.602085213965210642E-13, 3.651989924562394574 ) ) ;
#2027 = B_SPLINE_CURVE_WITH_KNOTS ( 'NONE', 3,
 ( #2189, #1467, #659, #1618, #1601, #1609, #2212 ),
 .UNSPECIFIED., .F., .F.,
 ( 4, 3, 4 ),
 ( 0.0008810406032607035788, 0.007748170802939276236, 0.01394296205530072205 ),
 .UNSPECIFIED. ) ;
#2028 = SURFACE_STYLE_FILL_AREA ( #1829 ) ;
#2029 = VERTEX_POINT ( 'NONE', #1543 ) ;
#2030 = UNCERTAINTY_MEASURE_WITH_UNIT (LENGTH_MEASURE( 1.000000000000000082E-05 ), #1120, 'distance_accuracy_value', 'NONE');
#2031 = CARTESIAN_POINT ( 'NONE',  ( 7.746425350454872572, 2.602085213965210642E-13, -14.36632018101065178 ) ) ;
#2032 =( LENGTH_UNIT ( ) NAMED_UNIT ( * ) SI_UNIT ( .MILLI., .METRE. ) );
#2033 = CARTESIAN_POINT ( 'NONE',  ( 0.000000000000000000, 2.602085213965210642E-13, -20.31923228304628992 ) ) ;
#2034 = CARTESIAN_POINT ( 'NONE',  ( 109.1631216837133991, 2.000000000000260236, 1.381493221307076080 ) ) ;
#2035 =( NAMED_UNIT ( * ) PLANE_ANGLE_UNIT ( ) SI_UNIT ( $, .RADIAN. ) );
#2036 = LINE ( 'NONE', #2280, #2096 ) ;
#2037 = UNCERTAINTY_MEASURE_WITH_UNIT (LENGTH_MEASURE( 1.000000000000000082E-05 ), #683, 'distance_accuracy_value', 'NONE');
#2038 = CARTESIAN_POINT ( 'NONE',  ( -39.83905269253991577, 0.3011220816057227356, 3.019840653918586248 ) ) ;
#2039 = CARTESIAN_POINT ( 'NONE',  ( -38.42543389008798727, 1.840058326549895540, -2.450387087794471785 ) ) ;
#2040 = EDGE_CURVE ( 'NONE', #93, #857, #193, .T. ) ;
#2041 = AXIS2_PLACEMENT_3D ( 'NONE', #56, #1369, #9 ) ;
#2042 = ORIENTED_EDGE ( 'NONE', *, *, #1855, .T. ) ;
#2043 = CARTESIAN_POINT ( 'NONE',  ( 120.4445928387914933, 0.03333333333374187413, 0.1272361471993079252 ) ) ;
#2044 = CARTESIAN_POINT ( 'NONE',  ( 35.00000000000000000, 29.50681060136509970, -1.476840037673792905 ) ) ;
#2045 = ORIENTED_EDGE ( 'NONE', *, *, #1141, .F. ) ;
#2046 =( GEOMETRIC_REPRESENTATION_CONTEXT ( 3 ) GLOBAL_UNCERTAINTY_ASSIGNED_CONTEXT ( ( #835 ) ) GLOBAL_UNIT_ASSIGNED_CONTEXT ( ( #906, #1655, #716 ) ) REPRESENTATION_CONTEXT ( 'NONE', 'WORKASPACE' ) );
#2047 = CARTESIAN_POINT ( 'NONE',  ( 20.01570109162453548, 2.572553462073836042E-13, -19.08930084773661306 ) ) ;
#2048 = FILL_AREA_STYLE_COLOUR ( '', #1694 ) ;
#2049 = CARTESIAN_POINT ( 'NONE',  ( 67.91743670215448958, 2.602085213965210642E-13, -15.05951374046121671 ) ) ;
#2050 =( BOUNDED_SURFACE ( )  B_SPLINE_SURFACE ( 3, 2, ( 
 ( #1380, #777, #2287 ),
 ( #2302, #1744, #1556 ),
 ( #1368, #1902, #2113 ),
 ( #1012, #813, #2341 ),
 ( #1176, #635, #1353 ),
 ( #2101, #245, #82 ),
 ( #981, #1205, #1758 ),
 ( #828, #2196, #1786 ),
 ( #491, #880, #703 ),
 ( #2185, #482, #321 ),
 ( #1996, #1230, #2361 ),
 ( #1958, #334, #1247 ),
 ( #1987, #1442, #512 ),
 ( #2388, #470, #1464 ) ),
 .UNSPECIFIED., .F., .F., .F. ) 
 B_SPLINE_SURFACE_WITH_KNOTS ( ( 4, 2, 2, 2, 2, 2, 4 ),
 ( 3, 3 ),
 ( -1.096562316556502916E-05, 0.001391370389436036000, 0.002793706402037637090, 0.003494874408338437960, 0.004196042414639238397, 0.004897210420940038833, 0.005598378427240839270 ),
 ( 0.000000000000000000, 1.000000000000000000 ),
 .UNSPECIFIED. ) 
 GEOMETRIC_REPRESENTATION_ITEM ( )  RATIONAL_B_SPLINE_SURFACE ( (
 ( 1.000000000000000000, 1.000000000000000000, 1.000000000000000000),
 ( 1.000000000000000000, 0.9999642906885046756, 1.000000000000000000),
 ( 1.000000000000000000, 0.9907839318771356485, 1.000000000000000000),
 ( 1.000000000000000000, 0.9566979907811707928, 1.000000000000000000),
 ( 1.000000000000000000, 0.9310202292462653739, 1.000000000000000000),
 ( 1.000000000000000000, 0.8864457552386250105, 1.000000000000000000),
 ( 1.000000000000000000, 0.8706873514382867940, 1.000000000000000000),
 ( 1.000000000000000000, 0.8388918175431939739, 1.000000000000000000),
 ( 1.000000000000000000, 0.8229646703974975441, 1.000000000000000000),
 ( 1.000000000000000000, 0.7948398958712776796, 1.000000000000000000),
 ( 1.000000000000000000, 0.7823652891281240862, 1.000000000000000000),
 ( 1.000000000000000000, 0.7652807651563611202, 1.000000000000000000),
 ( 1.000000000000000000, 0.7604633039334757205, 1.000000000000000000),
 ( 1.000000000000000000, 0.7604739469128657392, 1.000000000000000000) ) ) 
 REPRESENTATION_ITEM ( '' )  SURFACE ( )  );
#2051 = COLOUR_RGB ( '',0.6196078431372549211, 0.4078431372549019551, 0.2000000000000000111 ) ;
#2052 =( GEOMETRIC_REPRESENTATION_CONTEXT ( 3 ) GLOBAL_UNCERTAINTY_ASSIGNED_CONTEXT ( ( #952 ) ) GLOBAL_UNIT_ASSIGNED_CONTEXT ( ( #79, #774, #2321 ) ) REPRESENTATION_CONTEXT ( 'NONE', 'WORKASPACE' ) );
#2053 = CARTESIAN_POINT ( 'NONE',  ( -39.73624515120584277, 0.7494366800936237416, 2.522082144148374727 ) ) ;
#2054 = CARTESIAN_POINT ( 'NONE',  ( -39.16312168003593541, 2.000000000000263789, -1.381493187611368523 ) ) ;
#2055 = PRESENTATION_LAYER_ASSIGNMENT (  '', '', ( #994 ) ) ;
#2056 = FILL_AREA_STYLE_COLOUR ( '', #1767 ) ;
#2057 = VERTEX_POINT ( 'NONE', #2432 ) ;
#2058 = EDGE_CURVE ( 'NONE', #1565, #1979, #10, .T. ) ;
#2059 = TOROIDAL_SURFACE ( 'NONE', #1933, 11.47868341846287699, 2.000000000000000000 ) ;
#2060 = CARTESIAN_POINT ( 'NONE',  ( 35.00000000000000000, 13.00000000000000000, 11.00000000000000178 ) ) ;
#2061 = CARTESIAN_POINT ( 'NONE',  ( -41.51126037878426445, 2.602074626053370468E-13, -3.597308459641324951 ) ) ;
#2062 = CARTESIAN_POINT ( 'NONE',  ( 120.4445928387914933, -0.05697044927794412544, -0.1849683883856834132 ) ) ;
#2063 = ORIENTED_EDGE ( 'NONE', *, *, #674, .T. ) ;
#2064 = SURFACE_SIDE_STYLE ('',( #2286 ) ) ;
#2065 = B_SPLINE_CURVE_WITH_KNOTS ( 'NONE', 3,
 ( #1946, #1799, #1745, #70, #814, #1578, #503, #1443, #1997, #1259, #2374, #681, #1063, #1809 ),
 .UNSPECIFIED., .F., .F.,
 ( 4, 2, 2, 2, 2, 2, 4 ),
 ( -0.002975914862811828571, 0.004977550063897613619, 0.01293101499060705581, 0.02088447991731649800, 0.02883794484402594019, 0.04474487469744482804, 0.06065180455086370548 ),
 .UNSPECIFIED. ) ;
#2066 = CARTESIAN_POINT ( 'NONE',  ( 120.4446928387914966, 0.1328659240298901700, -17.94430919426131510 ) ) ;
#2067 = FILL_AREA_STYLE_COLOUR ( '', #920 ) ;
#2068 = SURFACE_STYLE_USAGE ( .BOTH. , #580 ) ;
#2069 = CARTESIAN_POINT ( 'NONE',  ( -39.10772135248448222, 2.193456569303487314, -1.846906223492721821 ) ) ;
#2070 = VERTEX_POINT ( 'NONE', #2238 ) ;
#2071 = CARTESIAN_POINT ( 'NONE',  ( 44.18032333083247210, 13.00000000000000000, 11.00000000000000888 ) ) ;
#2072 = VERTEX_POINT ( 'NONE', #1128 ) ;
#2073 = FILL_AREA_STYLE ('',( #27 ) ) ;
#2074 = CARTESIAN_POINT ( 'NONE',  ( -36.87128333606588626, 2.602085213965210642E-13, 4.933294304931115981 ) ) ;
#2075 = PRESENTATION_STYLE_ASSIGNMENT (( #601 ) ) ;
#2076 = PRESENTATION_STYLE_ASSIGNMENT (( #1334 ) ) ;
#2077 = EDGE_CURVE ( 'NONE', #1311, #1780, #1113, .T. ) ;
#2078 = CARTESIAN_POINT ( 'NONE',  ( 72.61382087938382313, 1.397318303532148143, 11.31417501054527186 ) ) ;
#2079 = CARTESIAN_POINT ( 'NONE',  ( 66.52884811143650268, 1.035092920959294505, 13.58624675171724938 ) ) ;
#2080 = ORIENTED_EDGE ( 'NONE', *, *, #2040, .T. ) ;
#2081 =( GEOMETRIC_REPRESENTATION_CONTEXT ( 3 ) GLOBAL_UNCERTAINTY_ASSIGNED_CONTEXT ( ( #1937 ) ) GLOBAL_UNIT_ASSIGNED_CONTEXT ( ( #1992, #1262, #317 ) ) REPRESENTATION_CONTEXT ( 'NONE', 'WORKASPACE' ) );
#2082 = CARTESIAN_POINT ( 'NONE',  ( 35.00000000000000000, 8.666666666666666075, 13.49999999999999822 ) ) ;
#2083 = ORIENTED_EDGE ( 'NONE', *, *, #2333, .F. ) ;
#2084 = SURFACE_STYLE_FILL_AREA ( #749 ) ;
#2085 = CARTESIAN_POINT ( 'NONE',  ( -39.06822478666229159, 2.219201569250578210, 0.4604977309719663903 ) ) ;
#2086 = CARTESIAN_POINT ( 'NONE',  ( 7.757148748692723750, 2.602085213965210642E-13, 14.36885192983914727 ) ) ;
#2087 = CARTESIAN_POINT ( 'NONE',  ( 75.23345318379269031, -4.394646398396936092E-12, -11.16709395680186034 ) ) ;
#2088 = DIRECTION ( 'NONE',  ( -1.000000000000000000, 0.000000000000000000, 0.000000000000000000 ) ) ;
#2089 = PRESENTATION_LAYER_ASSIGNMENT (  '', '', ( #1805 ) ) ;
#2090 = EDGE_CURVE ( 'NONE', #365, #1872, #1843, .T. ) ;
#2091 = CARTESIAN_POINT ( 'NONE',  ( -11.15626787950964705, 1.620757540988926104, 9.682583725199689795 ) ) ;
#2092 = B_SPLINE_CURVE_WITH_KNOTS ( 'NONE', 3,
 ( #398, #1919, #1400, #2161, #2152, #1800, #72, #1046, #292, #816, #2142, #1569, #2328, #1054, #464, #1412 ),
 .UNSPECIFIED., .F., .F.,
 ( 4, 2, 2, 2, 2, 2, 2, 4 ),
 ( 0.000000000000000000, 0.0005494014751098709676, 0.001098802950219741935, 0.001648204425329612794, 0.002197605900439483437, 0.003296408850659253778, 0.003845810325769122903, 0.004395211800878992027 ),
 .UNSPECIFIED. ) ;
#2093 = CARTESIAN_POINT ( 'NONE',  ( -25.80099560949344095, 2.000000000000265565, 5.802634116784518348 ) ) ;
#2094 =( GEOMETRIC_REPRESENTATION_CONTEXT ( 3 ) GLOBAL_UNCERTAINTY_ASSIGNED_CONTEXT ( ( #2165 ) ) GLOBAL_UNIT_ASSIGNED_CONTEXT ( ( #568, #2281, #614 ) ) REPRESENTATION_CONTEXT ( 'NONE', 'WORKASPACE' ) );
#2095 = CARTESIAN_POINT ( 'NONE',  ( 86.06621868418366716, 2.602085213965210642E-13, -10.44206240211141079 ) ) ;
#2096 = VECTOR ( 'NONE', #2088, 1000.000000000000000 ) ;
#2097 = CARTESIAN_POINT ( 'NONE',  ( 44.85258962654479120, 8.666666666677949493, 13.50000000000000533 ) ) ;
#2098 = CARTESIAN_POINT ( 'NONE',  ( -31.44244240195981277, 2.602085213965210642E-13, -6.378404765567098345 ) ) ;
#2099 = ORIENTED_EDGE ( 'NONE', *, *, #183, .T. ) ;
#2100 = SURFACE_SIDE_STYLE ('',( #2084 ) ) ;
#2101 = CARTESIAN_POINT ( 'NONE',  ( 109.3703640097899665, 0.5489754360789605991, -2.838100760091839536 ) ) ;
#2102 = CARTESIAN_POINT ( 'NONE',  ( 110.9222335366117136, 0.03416246609348411178, 3.407158748776630830 ) ) ;
#2103 = CARTESIAN_POINT ( 'NONE',  ( 53.07011067144743777, 0.5815250036936131517, -15.92727414456842538 ) ) ;
#2104 = CARTESIAN_POINT ( 'NONE',  ( 15.75181175977130899, 0.3286111815322187990, 17.09150601773068701 ) ) ;
#2105 = CARTESIAN_POINT ( 'NONE',  ( 111.6885805614464857, 2.602085213965210642E-13, 3.651989935064667403 ) ) ;
#2106 = CARTESIAN_POINT ( 'NONE',  ( 51.36169791099666071, 0.04404133715035450647, -18.32188502398302532 ) ) ;
#2107 = CARTESIAN_POINT ( 'NONE',  ( -33.16580367470277224, 2.158192382148313548, 3.331999357064815648 ) ) ;
#2108 = CARTESIAN_POINT ( 'NONE',  ( 41.77215388204324853, 0.1328659240298839528, 17.94430919226904564 ) ) ;
#2109 = CARTESIAN_POINT ( 'NONE',  ( -38.42543389381031460, 2.000000000000260236, -2.450387086804404646 ) ) ;
#2110 = CARTESIAN_POINT ( 'NONE',  ( -39.54224533614491577, 0.8827905099229171881, 1.745725778014418195 ) ) ;
#2111 = CARTESIAN_POINT ( 'NONE',  ( -2.661854277102262856, 8.699999999999063149, -10.27011872232949052 ) ) ;
#2112 =( LENGTH_UNIT ( ) NAMED_UNIT ( * ) SI_UNIT ( .MILLI., .METRE. ) );
#2113 = CARTESIAN_POINT ( 'NONE',  ( 111.0750854871644293, 0.03416246622685524537, -3.137944607997980473 ) ) ;
#2114 = CARTESIAN_POINT ( 'NONE',  ( 106.8712749095664947, 2.602085213965210642E-13, -4.933296545497232621 ) ) ;
#2115 = CARTESIAN_POINT ( 'NONE',  ( 108.4254339748515292, 1.814363712410901996, 2.450387102643012849 ) ) ;
#2116 = CARTESIAN_POINT ( 'NONE',  ( 90.80524367458245649, 2.000000000000260236, 7.125025812879708376 ) ) ;
#2117 = CARTESIAN_POINT ( 'NONE',  ( 81.15625085618752621, 1.620756423633052501, -9.682592956582560362 ) ) ;
#2118 = CARTESIAN_POINT ( 'NONE',  ( 2.025469389566696865, 9.397721082381201185, 7.951917838937948346 ) ) ;
#2119 = CARTESIAN_POINT ( 'NONE',  ( 16.86196136596987216, 0.2414437734939263447, -17.47652709129030058 ) ) ;
#2120 = FACE_OUTER_BOUND ( 'NONE', #242, .T. ) ;
#2121 = LINE ( 'NONE', #439, #1315 ) ;
#2122 = EDGE_CURVE ( 'NONE', #2263, #230, #2036, .T. ) ;
#2123 = CARTESIAN_POINT ( 'NONE',  ( 25.81967666916753501, 13.00000000000000000, -15.34615441267789571 ) ) ;
#2124 = VERTEX_POINT ( 'NONE', #939 ) ;
#2125 = CARTESIAN_POINT ( 'NONE',  ( -41.54337794468001732, 2.602085213965210642E-13, -1.621074427612369417 ) ) ;
#2126 = DIRECTION ( 'NONE',  ( 0.000000000000000000, 0.000000000000000000, -1.000000000000000000 ) ) ;
#2127 =( LENGTH_UNIT ( ) NAMED_UNIT ( * ) SI_UNIT ( .MILLI., .METRE. ) );
#2128 = CARTESIAN_POINT ( 'NONE',  ( 109.1843450910649835, 1.684727046285108942, 1.402113346568716112 ) ) ;
#2129 =( GEOMETRIC_REPRESENTATION_CONTEXT ( 3 ) GLOBAL_UNCERTAINTY_ASSIGNED_CONTEXT ( ( #901 ) ) GLOBAL_UNIT_ASSIGNED_CONTEXT ( ( #1492, #1630, #2235 ) ) REPRESENTATION_CONTEXT ( 'NONE', 'WORKASPACE' ) );
#2130 = CARTESIAN_POINT ( 'NONE',  ( 15.56124298723630872, 2.000000000000260236, 16.13955471190094215 ) ) ;
#2131 = CARTESIAN_POINT ( 'NONE',  ( 70.53306997516685328, 2.602085213965210642E-13, 14.41180788615135988 ) ) ;
#2132 = CARTESIAN_POINT ( 'NONE',  ( -34.19254198753220919, 2.177879330207919129, 3.576264400387424658 ) ) ;
#2133 = CARTESIAN_POINT ( 'NONE',  ( 20.01565446221032119, 2.602085213965210642E-13, 19.08930084574428321 ) ) ;
#2134 = CARTESIAN_POINT ( 'NONE',  ( 105.5062850830856860, 2.000000000000260236, -3.226830924018686098 ) ) ;
#2135 = CARTESIAN_POINT ( 'NONE',  ( 109.0586461367707471, 2.190820964943166693, 1.954553755172777185 ) ) ;
#2136 = STYLED_ITEM ( 'NONE', ( #1075 ), #1411 ) ;
#2137 = ORIENTED_EDGE ( 'NONE', *, *, #1096, .F. ) ;
#2138 = ADVANCED_FACE ( 'NONE', ( #360 ), #2059, .T. ) ;
#2139 = MECHANICAL_DESIGN_GEOMETRIC_PRESENTATION_REPRESENTATION (  '', ( #256 ), #2052 ) ;
#2140 = CARTESIAN_POINT ( 'NONE',  ( -36.87260807896828396, 2.602085213965210642E-13, -4.932941933962641912 ) ) ;
#2141 = CARTESIAN_POINT ( 'NONE',  ( -3.334120572814500250, 5.800000000010704149, 9.035308588634732629 ) ) ;
#2142 = CARTESIAN_POINT ( 'NONE',  ( 110.6031951973219520, 0.1513251676797279233, -2.724347332134966937 ) ) ;
#2143 = EDGE_LOOP ( 'NONE', ( #1994, #2005, #2234, #834 ) ) ;
#2144 = UNCERTAINTY_MEASURE_WITH_UNIT (LENGTH_MEASURE( 1.000000000000000082E-05 ), #734, 'distance_accuracy_value', 'NONE');
#2145 = DIRECTION ( 'NONE',  ( 0.000000000000000000, 0.000000000000000000, -1.000000000000000000 ) ) ;
#2146 = CARTESIAN_POINT ( 'NONE',  ( 53.13812258164165314, 0.2414469695393085258, 17.47651313217867752 ) ) ;
#2147 = FILL_AREA_STYLE_COLOUR ( '', #831 ) ;
#2148 = SURFACE_SIDE_STYLE ('',( #69 ) ) ;
#2149 = PRESENTATION_STYLE_ASSIGNMENT (( #1409 ) ) ;
#2150 = CARTESIAN_POINT ( 'NONE',  ( -50.44459283879149325, -0.02848522463832612803, 0.1667574584381074643 ) ) ;
#2151 = CARTESIAN_POINT ( 'NONE',  ( 110.9931264499376624, 0.05482510012187393617, 3.269144791853432874 ) ) ;
#2152 = CARTESIAN_POINT ( 'NONE',  ( 109.3686478756386862, 1.150956857942152523, -1.579981791903868338 ) ) ;
#2153 = CARTESIAN_POINT ( 'NONE',  ( 52.24072974457792640, 2.602085213965210642E-13, 18.65438127204880914 ) ) ;
#2154 = ADVANCED_FACE ( 'NONE', ( #1495 ), #380, .F. ) ;
#2155 = SHAPE_DEFINITION_REPRESENTATION ( #348, #1645 ) ;
#2156 = CARTESIAN_POINT ( 'NONE',  ( 76.40212224480410441, -7.434643630766522016, 16.67384346865512157 ) ) ;
#2157 = CARTESIAN_POINT ( 'NONE',  ( 0.000000000000000000, 2.602085213965210642E-13, 0.000000000000000000 ) ) ;
#2158 = CARTESIAN_POINT ( 'NONE',  ( 120.4445928387914933, 0.1000000000004085260, 0.1013313631260978481 ) ) ;
#2159 = FACE_OUTER_BOUND ( 'NONE', #1384, .T. ) ;
#2160 = SURFACE_STYLE_USAGE ( .BOTH. , #647 ) ;
#2161 = CARTESIAN_POINT ( 'NONE',  ( 109.2948326425475614, 1.302885303751601720, -1.508891254284798089 ) ) ;
#2162 = CARTESIAN_POINT ( 'NONE',  ( 109.1911074267450630, 1.639058028578813220, 1.408693633437187120 ) ) ;
#2163 = PRESENTATION_LAYER_ASSIGNMENT (  '', '', ( #1877 ) ) ;
#2164 = EDGE_CURVE ( 'NONE', #1780, #570, #732, .T. ) ;
#2165 = UNCERTAINTY_MEASURE_WITH_UNIT (LENGTH_MEASURE( 1.000000000000000082E-05 ), #568, 'distance_accuracy_value', 'NONE');
#2166 = CARTESIAN_POINT ( 'NONE',  ( 28.22784613488039795, 0.1328659240290686328, -17.94430919426479321 ) ) ;
#2167 = CARTESIAN_POINT ( 'NONE',  ( 35.00000000000000000, 0.03746186469040729827, 18.47838738575553563 ) ) ;
#2168 = CARTESIAN_POINT ( 'NONE',  ( -40.23248813601325224, 0.3011220801915378553, -2.389829630410031491 ) ) ;
#2169 = CARTESIAN_POINT ( 'NONE',  ( 44.18032333083247210, 13.00000000000000000, -15.34615441267795255 ) ) ;
#2170 = CARTESIAN_POINT ( 'NONE',  ( -34.21739704757325029, 2.141800839096204001, 3.569653376820140611 ) ) ;
#2171 = CARTESIAN_POINT ( 'NONE',  ( 22.65389839500563696, -7.406158406017874896, 22.77278369581018680 ) ) ;
#2172 =( NAMED_UNIT ( * ) SI_UNIT ( $, .STERADIAN. ) SOLID_ANGLE_UNIT ( ) );
#2173 = VECTOR ( 'NONE', #1531, 1000.000000000000000 ) ;
#2174 =( LENGTH_UNIT ( ) NAMED_UNIT ( * ) SI_UNIT ( .MILLI., .METRE. ) );
#2175 = CARTESIAN_POINT ( 'NONE',  ( 109.8605187085518509, 0.5599265549482649318, 2.045486452148143286 ) ) ;
#2176 = PRESENTATION_LAYER_ASSIGNMENT (  '', '', ( #1401 ) ) ;
#2177 = ORIENTED_EDGE ( 'NONE', *, *, #1636, .F. ) ;
#2178 = PRESENTATION_LAYER_ASSIGNMENT (  '', '', ( #456 ) ) ;
#2179 =( LENGTH_UNIT ( ) NAMED_UNIT ( * ) SI_UNIT ( .MILLI., .METRE. ) );
#2180 = DIRECTION ( 'NONE',  ( 0.000000000000000000, 0.000000000000000000, -1.000000000000000000 ) ) ;
#2181 = CARTESIAN_POINT ( 'NONE',  ( -40.19469127740485703, 0.1831888798474748947, -3.152175526519192861 ) ) ;
#2182 = ADVANCED_FACE ( 'NONE', ( #1989 ), #2275, .T. ) ;
#2183 = ORIENTED_EDGE ( 'NONE', *, *, #1717, .F. ) ;
#2184 = CARTESIAN_POINT ( 'NONE',  ( -38.55089413169782375, 2.222336246548544114, 0.6242564114897793948 ) ) ;
#2185 = CARTESIAN_POINT ( 'NONE',  ( 108.6412641573308235, 1.241166337888663485, -2.541749175015119100 ) ) ;
#2186 = CARTESIAN_POINT ( 'NONE',  ( -38.42543389828430378, 2.000000000000260236, 2.450387088743616992 ) ) ;
#2187 = CARTESIAN_POINT ( 'NONE',  ( 110.8178590877488148, 0.05970145998597726350, 3.369875929475237619 ) ) ;
#2188 = DIRECTION ( 'NONE',  ( 0.000000000000000000, 0.000000000000000000, -1.000000000000000000 ) ) ;
#2189 = CARTESIAN_POINT ( 'NONE',  ( 108.4254339748583078, 2.000000000000260236, 2.450387102641211623 ) ) ;
#2190 = SURFACE_STYLE_USAGE ( .BOTH. , #1214 ) ;
#2191 = SURFACE_STYLE_FILL_AREA ( #2003 ) ;
#2192 = CARTESIAN_POINT ( 'NONE',  ( -38.95860197544526926, 0.8581480006057773391, -2.673044275655262147 ) ) ;
#2193 = ORIENTED_EDGE ( 'NONE', *, *, #180, .T. ) ;
#2194 = EDGE_CURVE ( 'NONE', #2070, #2430, #1841, .T. ) ;
#2195 = CARTESIAN_POINT ( 'NONE',  ( -7.838400238474010351, 2.000000000000260236, -10.50147449921915488 ) ) ;
#2196 = CARTESIAN_POINT ( 'NONE',  ( 109.4736295426572212, 1.102670259247496842, -2.361058093998972929 ) ) ;
#2197 = PRESENTATION_STYLE_ASSIGNMENT (( #1453 ) ) ;
#2198 = SURFACE_STYLE_USAGE ( .BOTH. , #706 ) ;
#2199 = CARTESIAN_POINT ( 'NONE',  ( 104.2173955636144740, 2.141800832991931802, -3.569653578355457046 ) ) ;
#2200 = CARTESIAN_POINT ( 'NONE',  ( 40.65069153214987807, 0.09680484868456569469, -18.09759772531449329 ) ) ;
#2201 = MECHANICAL_DESIGN_GEOMETRIC_PRESENTATION_REPRESENTATION (  '', ( #165 ), #2081 ) ;
#2202 = STYLED_ITEM ( 'NONE', ( #622 ), #942 ) ;
#2203 = CLOSED_SHELL ( 'NONE', ( #498, #227, #1269, #89, #1885, #1375, #2354, #2319, #336, #443, #1445, #1544, #942, #2182, #15, #1680, #306, #267, #166, #1610, #776, #526, #2227, #339, #2138, #1256, #630, #872, #1575, #571, #660, #1411, #1390, #701, #2154, #243 ) ) ;
#2204 = CARTESIAN_POINT ( 'NONE',  ( -39.05864611677706222, 2.190820965108621898, -1.954553750633350129 ) ) ;
#2205 = SURFACE_STYLE_USAGE ( .BOTH. , #699 ) ;
#2206 = VERTEX_POINT ( 'NONE', #1101 ) ;
#2207 = CARTESIAN_POINT ( 'NONE',  ( -16.12715619075928686, 2.602085213965210642E-13, -10.42632325136532501 ) ) ;
#2208 =( NAMED_UNIT ( * ) PLANE_ANGLE_UNIT ( ) SI_UNIT ( $, .RADIAN. ) );
#2209 = CARTESIAN_POINT ( 'NONE',  ( -50.44459283879149325, 0.1846503106219348767, -0.03049747274133762787 ) ) ;
#2210 = EDGE_CURVE ( 'NONE', #1664, #1565, #1653, .T. ) ;
#2211 = B_SPLINE_CURVE_WITH_KNOTS ( 'NONE', 3,
 ( #680, #2170, #1258, #1808 ),
 .UNSPECIFIED., .F., .F.,
 ( 4, 4 ),
 ( 0.0008810399234456242406, 0.01394414231444080117 ),
 .UNSPECIFIED. ) ;
#2212 = CARTESIAN_POINT ( 'NONE',  ( 95.80100498343618654, 2.000000000000256684, 5.802634116784578744 ) ) ;
#2213 = CARTESIAN_POINT ( 'NONE',  ( 70.03855150633408755, 4.915063441189962064E-12, -12.47386175754703252 ) ) ;
#2214 = CARTESIAN_POINT ( 'NONE',  ( -33.16583037302697790, 2.158192550459401282, -3.331992255595504826 ) ) ;
#2215 = STYLED_ITEM ( 'NONE', ( #903 ), #1445 ) ;
#2216 = AXIS2_PLACEMENT_3D ( 'NONE', #889, #1661, #1860 ) ;
#2217 = CARTESIAN_POINT ( 'NONE',  ( 103.1658007430326052, 2.158192363761215926, -3.332000136796831491 ) ) ;
#2218 = FILL_AREA_STYLE_COLOUR ( '', #1037 ) ;
#2219 = ORIENTED_EDGE ( 'NONE', *, *, #2122, .F. ) ;
#2220 = CARTESIAN_POINT ( 'NONE',  ( 110.3062036149923699, 0.1546147734799165896, -3.192228180037506746 ) ) ;
#2221 = CARTESIAN_POINT ( 'NONE',  ( 120.4445928387914933, -0.02848522463876781985, -0.1667574584383902103 ) ) ;
#2222 = FILL_AREA_STYLE ('',( #1479 ) ) ;
#2223 = SURFACE_STYLE_FILL_AREA ( #894 ) ;
#2224 = CARTESIAN_POINT ( 'NONE',  ( -20.79958802744244295, 2.000000000000260236, 7.126516617676586840 ) ) ;
#2225 = CARTESIAN_POINT ( 'NONE',  ( -38.42543389828430378, 2.000000000000260236, 2.450387088743616992 ) ) ;
#2226 = CARTESIAN_POINT ( 'NONE',  ( -39.16312168051419462, 15.82436863030219065, 1.381493190259616144 ) ) ;
#2227 = ADVANCED_FACE ( 'NONE', ( #356 ), #201, .T. ) ;
#2228 = CARTESIAN_POINT ( 'NONE',  ( 80.95885940212623666, 1.687417802828040880, -9.190593397404978049 ) ) ;
#2229 = CARTESIAN_POINT ( 'NONE',  ( -40.36688942159421600, 0.2696693287393947536, 2.905115025675527374 ) ) ;
#2230 = CARTESIAN_POINT ( 'NONE',  ( -39.41030165765224780, 1.227140599079218575, -2.322596704732921680 ) ) ;
#2231 = ORIENTED_EDGE ( 'NONE', *, *, #688, .T. ) ;
#2232 = CARTESIAN_POINT ( 'NONE',  ( 120.4445928387914933, 0.1423251553919351042, 0.05755642862690118350 ) ) ;
#2233 = CARTESIAN_POINT ( 'NONE',  ( 35.00000000000000000, -3.703079203092583871, -20.63639184793822068 ) ) ;
#2234 = ORIENTED_EDGE ( 'NONE', *, *, #152, .T. ) ;
#2235 =( NAMED_UNIT ( * ) SI_UNIT ( $, .STERADIAN. ) SOLID_ANGLE_UNIT ( ) );
#2236 =( NAMED_UNIT ( * ) PLANE_ANGLE_UNIT ( ) SI_UNIT ( $, .RADIAN. ) );
#2237 = CARTESIAN_POINT ( 'NONE',  ( 49.23118584864767655, 2.000000000000260236, -17.19808644800006903 ) ) ;
#2238 = CARTESIAN_POINT ( 'NONE',  ( 108.4254338587335127, 2.000000000000260236, -2.450387081041274673 ) ) ;
#2239 = UNCERTAINTY_MEASURE_WITH_UNIT (LENGTH_MEASURE( 1.000000000000000082E-05 ), #323, 'distance_accuracy_value', 'NONE');
#2240 = EDGE_CURVE ( 'NONE', #570, #1311, #281, .T. ) ;
#2241 = CARTESIAN_POINT ( 'NONE',  ( -39.63781385585036077, 0.8634361793238586325, 2.461571107762178023 ) ) ;
#2242 = CARTESIAN_POINT ( 'NONE',  ( -38.64126418304692123, 1.241166336620553867, -2.541749177701546625 ) ) ;
#2243 = AXIS2_PLACEMENT_3D ( 'NONE', #1546, #971, #951 ) ;
#2244 = FACE_OUTER_BOUND ( 'NONE', #2315, .T. ) ;
#2245 = EDGE_LOOP ( 'NONE', ( #186, #619, #841, #2323, #1351 ) ) ;
#2246 = STYLED_ITEM ( 'NONE', ( #1286 ), #243 ) ;
#2247 = CARTESIAN_POINT ( 'NONE',  ( 16.93075552437463926, 0.5814877332896529749, 15.92744873906371694 ) ) ;
#2248 = CARTESIAN_POINT ( 'NONE',  ( 120.4446928387914966, 0.1328659240298901700, 17.94430919226899945 ) ) ;
#2249 = CARTESIAN_POINT ( 'NONE',  ( 35.00000000000000000, 24.00454040091006647, -4.651226691782527567 ) ) ;
#2250 = ORIENTED_EDGE ( 'NONE', *, *, #362, .F. ) ;
#2251 = PRESENTATION_LAYER_ASSIGNMENT (  '', '', ( #1585 ) ) ;
#2252 = DIRECTION ( 'NONE',  ( -1.000000000000000000, 0.000000000000000000, 0.000000000000000000 ) ) ;
#2253 = FILL_AREA_STYLE ('',( #2048 ) ) ;
#2254 =( NAMED_UNIT ( * ) SI_UNIT ( $, .STERADIAN. ) SOLID_ANGLE_UNIT ( ) );
#2255 = APPLICATION_CONTEXT ( 'automotive_design' ) ;
#2256 = PRESENTATION_STYLE_ASSIGNMENT (( #1323 ) ) ;
#2257 =( GEOMETRIC_REPRESENTATION_CONTEXT ( 3 ) GLOBAL_UNCERTAINTY_ASSIGNED_CONTEXT ( ( #375 ) ) GLOBAL_UNIT_ASSIGNED_CONTEXT ( ( #1215, #114, #641 ) ) REPRESENTATION_CONTEXT ( 'NONE', 'WORKASPACE' ) );
#2258 = CARTESIAN_POINT ( 'NONE',  ( -39.16654251203610926, 2.198535266218994533, -1.617196239874810537 ) ) ;
#2259 = AXIS2_PLACEMENT_3D ( 'NONE', #850, #1632, #315 ) ;
#2260 = EDGE_CURVE ( 'NONE', #2430, #1222, #595, .T. ) ;
#2261 = CARTESIAN_POINT ( 'NONE',  ( 120.4445928387914933, 0.2269754661749881774, 0.003438516649242807054 ) ) ;
#2262 = CARTESIAN_POINT ( 'NONE',  ( 70.95462775140944700, 16.06457703750161770, -3.110983618735462919 ) ) ;
#2263 = VERTEX_POINT ( 'NONE', #112 ) ;
#2264 = CARTESIAN_POINT ( 'NONE',  ( -39.16312168051420173, 2.202961820170701746, 1.381493190259615922 ) ) ;
#2265 = CARTESIAN_POINT ( 'NONE',  ( -0.5216993128521747458, 2.602085213965210642E-13, 14.41463533796113516 ) ) ;
#2266 = CARTESIAN_POINT ( 'NONE',  ( 95.80100498343618654, 2.000000000000256684, 5.802634116784578744 ) ) ;
#2267 =( NAMED_UNIT ( * ) SI_UNIT ( $, .STERADIAN. ) SOLID_ANGLE_UNIT ( ) );
#2268 = CARTESIAN_POINT ( 'NONE',  ( 48.84700826141954622, 0.4011560753947258084, 16.76540196713917297 ) ) ;
#2269 = CARTESIAN_POINT ( 'NONE',  ( 92.13945562898595654, 1.928041250457259048, 6.771712339769524469 ) ) ;
#2270 = ORIENTED_EDGE ( 'NONE', *, *, #1210, .F. ) ;
#2271 = CARTESIAN_POINT ( 'NONE',  ( -41.33825201480731693, 0.007085087212884079617, -3.542262561538934040 ) ) ;
#2272 = CARTESIAN_POINT ( 'NONE',  ( 9.648452150458775023, 2.602085213965210642E-13, -16.86671534159906116 ) ) ;
#2273 = ORIENTED_EDGE ( 'NONE', *, *, #1171, .F. ) ;
#2274 = B_SPLINE_CURVE_WITH_KNOTS ( 'NONE', 3,
 ( #2264, #2085, #1367, #561 ),
 .UNSPECIFIED., .F., .F.,
 ( 4, 4 ),
 ( 0.0008424265687296723665, 0.003605412946600653444 ),
 .UNSPECIFIED. ) ;
#2275 = B_SPLINE_SURFACE_WITH_KNOTS ( 'NONE', 3, 3, ( 
 ( #2363, #1444, #1064, #1599 ),
 ( #513, #1833, #1232, #1788 ),
 ( #670, #866, #1998, #344 ),
 ( #110, #493, #1268, #504 ),
 ( #1429, #1823, #1810, #2375 ),
 ( #1975, #136, #302, #1629 ),
 ( #2389, #1045, #893, #1640 ),
 ( #2009, #692, #335, #1076 ),
 ( #147, #1465, #2397, #2209 ),
 ( #523, #1285, #2023, #1084 ) ),
 .UNSPECIFIED., .F., .F., .F.,
 ( 4, 3, 3, 4 ),
 ( 4, 4 ),
 ( -0.8545567391614456998, 0.000000000000000000, 1.000000000000000000, 2.269754659322894330 ),
 ( 0.000000000000000000, 1.000000000000000000 ),
 .UNSPECIFIED. ) ;
#2276 = EDGE_CURVE ( 'NONE', #2430, #2124, #156, .T. ) ;
#2277 = SURFACE_STYLE_USAGE ( .BOTH. , #585 ) ;
#2278 = FACE_OUTER_BOUND ( 'NONE', #2349, .T. ) ;
#2279 = DIRECTION ( 'NONE',  ( 0.000000000000000000, 1.000000000000000000, 0.000000000000000000 ) ) ;
#2280 = CARTESIAN_POINT ( 'NONE',  ( 0.000000000000000000, 2.602085213965210642E-13, -19.08930084773663083 ) ) ;
#2281 =( NAMED_UNIT ( * ) PLANE_ANGLE_UNIT ( ) SI_UNIT ( $, .RADIAN. ) );
#2282 = CARTESIAN_POINT ( 'NONE',  ( 78.36690781969666375, 2.602085213965210642E-13, -12.43060798067702244 ) ) ;
#2283 = CARTESIAN_POINT ( 'NONE',  ( -16.06642872720199477, 2.602085213965210137E-13, -10.44200386895135146 ) ) ;
#2284 = EDGE_LOOP ( 'NONE', ( #1227, #1784, #1055, #1150 ) ) ;
#2285 = MECHANICAL_DESIGN_GEOMETRIC_PRESENTATION_REPRESENTATION (  '', ( #1720 ), #440 ) ;
#2286 = SURFACE_STYLE_FILL_AREA ( #2073 ) ;
#2287 = CARTESIAN_POINT ( 'NONE',  ( 111.6885805574695638, 2.602085213965210642E-13, -3.651989925206818643 ) ) ;
#2288 = CARTESIAN_POINT ( 'NONE',  ( 101.1716229095493702, 4.915000020321269327E-12, -4.381024115338183478 ) ) ;
#2289 = STYLED_ITEM ( 'NONE', ( #2256 ), #1098 ) ;
#2290 = CARTESIAN_POINT ( 'NONE',  ( 109.1631216837133422, 2.000000000000263789, 1.381493221307078301 ) ) ;
#2291 =( GEOMETRIC_REPRESENTATION_CONTEXT ( 3 ) GLOBAL_UNCERTAINTY_ASSIGNED_CONTEXT ( ( #1536 ) ) GLOBAL_UNIT_ASSIGNED_CONTEXT ( ( #488, #142, #1079 ) ) REPRESENTATION_CONTEXT ( 'NONE', 'WORKASPACE' ) );
#2292 = SURFACE_SIDE_STYLE ('',( #1534 ) ) ;
#2293 = CARTESIAN_POINT ( 'NONE',  ( 85.62041591837106580, 2.602085213965210642E-13, 8.491562925799160055 ) ) ;
#2294 = CARTESIAN_POINT ( 'NONE',  ( 8.533889267350581065, 0.9495980415576109612, 14.04121804445492749 ) ) ;
#2295 = UNCERTAINTY_MEASURE_WITH_UNIT (LENGTH_MEASURE( 1.000000000000000082E-05 ), #55, 'distance_accuracy_value', 'NONE');
#2296 = CARTESIAN_POINT ( 'NONE',  ( 14.82217414688311052, 2.602085213965211146E-13, 18.02576834485357793 ) ) ;
#2297 = PRESENTATION_LAYER_ASSIGNMENT (  '', '', ( #2215 ) ) ;
#2298 = VECTOR ( 'NONE', #486, 1000.000000000000000 ) ;
#2299 = CARTESIAN_POINT ( 'NONE',  ( -39.64408329660661678, 0.7637872054290053558, 1.842321319570672689 ) ) ;
#2300 = CARTESIAN_POINT ( 'NONE',  ( -2.661854277102262856, 8.699999999999063149, -11.72440885272539823 ) ) ;
#2301 = ORIENTED_EDGE ( 'NONE', *, *, #150, .F. ) ;
#2302 = CARTESIAN_POINT ( 'NONE',  ( 111.2991544370389505, 2.601911627463895987E-13, -3.531910960018599166 ) ) ;
#2303 = CARTESIAN_POINT ( 'NONE',  ( 90.79955153212486607, -4.394582977528233661E-12, -7.126525411119653874 ) ) ;
#2304 = CARTESIAN_POINT ( 'NONE',  ( 110.1946912811120001, 0.1831888789984842947, 3.152175527170273384 ) ) ;
#2305 = CARTESIAN_POINT ( 'NONE',  ( 101.1743931091184407, 2.000000000000260236, 4.380291108964707192 ) ) ;
#2306 = EDGE_CURVE ( 'NONE', #1780, #804, #2027, .T. ) ;
#2307 =( NAMED_UNIT ( * ) PLANE_ANGLE_UNIT ( ) SI_UNIT ( $, .RADIAN. ) );
#2308 = CARTESIAN_POINT ( 'NONE',  ( 101.4423980850216225, 2.602085213965210642E-13, -6.378415042465571005 ) ) ;
#2309 = CARTESIAN_POINT ( 'NONE',  ( 109.1631216837133991, 2.202961819623249884, 1.381493221307075858 ) ) ;
#2310 = ORIENTED_EDGE ( 'NONE', *, *, #1636, .T. ) ;
#2311 = PRESENTATION_STYLE_ASSIGNMENT (( #612 ) ) ;
#2312 = CARTESIAN_POINT ( 'NONE',  ( 111.3366019551787076, 8.394803505943081649E-10, 3.462574177492843130 ) ) ;
#2313 = DIRECTION ( 'NONE',  ( -0.000000000000000000, -0.000000000000000000, 1.000000000000000000 ) ) ;
#2314 = CARTESIAN_POINT ( 'NONE',  ( 106.3583002571580209, -3.929669061043855908E-11, 3.000201001474232410 ) ) ;
#2315 = EDGE_LOOP ( 'NONE', ( #496, #1417, #1706 ) ) ;
#2316 = SURFACE_STYLE_USAGE ( .BOTH. , #1977 ) ;
#2317 = CARTESIAN_POINT ( 'NONE',  ( 7.069048892281695196, 2.602085213965210642E-13, 16.26116921024897977 ) ) ;
#2318 = DIRECTION ( 'NONE',  ( 0.000000000000000000, -0.000000000000000000, 1.000000000000000000 ) ) ;
#2319 = ADVANCED_FACE ( 'NONE', ( #672 ), #1812, .F. ) ;
#2320 = SURFACE_STYLE_FILL_AREA ( #65 ) ;
#2321 =( NAMED_UNIT ( * ) SI_UNIT ( $, .STERADIAN. ) SOLID_ANGLE_UNIT ( ) );
#2322 = CARTESIAN_POINT ( 'NONE',  ( 59.22902655848821496, 0.6488955091948067633, -15.59809525229107763 ) ) ;
#2323 = ORIENTED_EDGE ( 'NONE', *, *, #262, .T. ) ;
#2324 = CARTESIAN_POINT ( 'NONE',  ( 120.4445928387914933, 0.1000000000004085260, -0.08461538461573039904 ) ) ;
#2325 = CARTESIAN_POINT ( 'NONE',  ( 25.81967666916753501, 13.00000000000000000, 11.00000000000000888 ) ) ;
#2326 = CARTESIAN_POINT ( 'NONE',  ( 109.3703640153368610, 0.5489754310683523375, 2.838100764910795437 ) ) ;
#2327 =( GEOMETRIC_REPRESENTATION_CONTEXT ( 3 ) GLOBAL_UNCERTAINTY_ASSIGNED_CONTEXT ( ( #2144 ) ) GLOBAL_UNIT_ASSIGNED_CONTEXT ( ( #734, #1487, #876 ) ) REPRESENTATION_CONTEXT ( 'NONE', 'WORKASPACE' ) );
#2328 = CARTESIAN_POINT ( 'NONE',  ( 111.1375180852889741, 0.03592600917214012340, -3.189715203779023511 ) ) ;
#2329 = CARTESIAN_POINT ( 'NONE',  ( 90.80524367461175927, -4.395875392019461027E-12, 7.125025812840416251 ) ) ;
#2330 = PRESENTATION_LAYER_ASSIGNMENT (  '', '', ( #7 ) ) ;
#2331 = CARTESIAN_POINT ( 'NONE',  ( 14.12803582949859660, 0.7063432810547262131, 15.31678226036432200 ) ) ;
#2332 =( NAMED_UNIT ( * ) SI_UNIT ( $, .STERADIAN. ) SOLID_ANGLE_UNIT ( ) );
#2333 = EDGE_CURVE ( 'NONE', #2072, #1780, #525, .T. ) ;
#2334 = CARTESIAN_POINT ( 'NONE',  ( 120.4446928387914966, -76.14485931457761581, -9.961569858569344145E-10 ) ) ;
#2335 = CARTESIAN_POINT ( 'NONE',  ( 25.81967666916753501, 13.00000000000000000, 17.51923161901647319 ) ) ;
#2336 = COLOUR_RGB ( '',0.6196078431372549211, 0.4078431372549019551, 0.2000000000000000111 ) ;
#2337 = ORIENTED_EDGE ( 'NONE', *, *, #1141, .T. ) ;
#2338 = EDGE_CURVE ( 'NONE', #582, #1979, #1287, .T. ) ;
#2339 = COLOUR_RGB ( '',0.6196078431372549211, 0.4078431372549019551, 0.2000000000000000111 ) ;
#2340 = CARTESIAN_POINT ( 'NONE',  ( 35.00000000000000000, 13.00000000000000000, 3.666666666666666519 ) ) ;
#2341 = CARTESIAN_POINT ( 'NONE',  ( 110.5062818314163167, 0.1831888809895988457, -2.638095456981018661 ) ) ;
#2342 = CARTESIAN_POINT ( 'NONE',  ( -50.44459283879149325, 0.1423251553145833681, 0.05755642867635304277 ) ) ;
#2343 = CARTESIAN_POINT ( 'NONE',  ( 109.1631216833443290, 1.840058327033190944, 1.381493217725710654 ) ) ;
#2344 =( GEOMETRIC_REPRESENTATION_CONTEXT ( 3 ) GLOBAL_UNCERTAINTY_ASSIGNED_CONTEXT ( ( #2037 ) ) GLOBAL_UNIT_ASSIGNED_CONTEXT ( ( #683, #1642, #2398 ) ) REPRESENTATION_CONTEXT ( 'NONE', 'WORKASPACE' ) );
#2345 = CARTESIAN_POINT ( 'NONE',  ( 54.44395814574681225, 2.000000000000260236, 16.13844130751899542 ) ) ;
#2346 = UNCERTAINTY_MEASURE_WITH_UNIT (LENGTH_MEASURE( 1.000000000000000082E-05 ), #960, 'distance_accuracy_value', 'NONE');
#2347 = CARTESIAN_POINT ( 'NONE',  ( -29.95948713132538899, 2.000000000000258460, -4.702098410689073305 ) ) ;
#2348 = CARTESIAN_POINT ( 'NONE',  ( 75.25314285776069312, -2.478214543566182648, 13.81318038477093424 ) ) ;
#2349 = EDGE_LOOP ( 'NONE', ( #2193, #179, #1626, #886 ) ) ;
#2350 = CARTESIAN_POINT ( 'NONE',  ( 52.25567158263217493, 0.1594965454791257564, -17.83110766591270746 ) ) ;
#2351 = CARTESIAN_POINT ( 'NONE',  ( 35.00000000000000000, 13.00000000000000000, -13.17307720633897183 ) ) ;
#2352 = FILL_AREA_STYLE ('',( #119 ) ) ;
#2353 = CARTESIAN_POINT ( 'NONE',  ( 111.3382520191869673, 0.007085087051394392543, 3.542262561900789919 ) ) ;
#2354 = ADVANCED_FACE ( 'NONE', ( #883 ), #1130, .F. ) ;
#2355 = SURFACE_SIDE_STYLE ('',( #1430 ) ) ;
#2356 = ORIENTED_EDGE ( 'NONE', *, *, #1038, .T. ) ;
#2357 = CARTESIAN_POINT ( 'NONE',  ( 52.04958525930687330, 0.1328659240298636912, 17.94430919226910959 ) ) ;
#2358 = CARTESIAN_POINT ( 'NONE',  ( -38.92420259048564901, 2.185717642821011442, 2.149371108414201093 ) ) ;
#2359 = CARTESIAN_POINT ( 'NONE',  ( -41.29915444034539718, 2.593425098516667339E-13, -3.531910969761089092 ) ) ;
#2360 = ORIENTED_EDGE ( 'NONE', *, *, #429, .F. ) ;
#2361 = CARTESIAN_POINT ( 'NONE',  ( 109.2644521723479869, 1.386067975409648767, -1.479573847857876157 ) ) ;
#2362 = CARTESIAN_POINT ( 'NONE',  ( -5.827632551263759453, -4.956429087085946428, 15.24351192666662058 ) ) ;
#2363 = CARTESIAN_POINT ( 'NONE',  ( 35.00000000000000000, -11.10923760909831337, -24.90917554371083753 ) ) ;
#2364 = CARTESIAN_POINT ( 'NONE',  ( 20.76872377246507284, 2.000000000000260236, 17.19808737686679478 ) ) ;
#2365 = PRESENTATION_STYLE_ASSIGNMENT (( #1077 ) ) ;
#2366 = AXIS2_PLACEMENT_3D ( 'NONE', #924, #1309, #757 ) ;
#2367 = VERTEX_POINT ( 'NONE', #1909 ) ;
#2368 = UNCERTAINTY_MEASURE_WITH_UNIT (LENGTH_MEASURE( 1.000000000000000082E-05 ), #541, 'distance_accuracy_value', 'NONE');
#2369 = STYLED_ITEM ( 'NONE', ( #966 ), #166 ) ;
#2370 = CARTESIAN_POINT ( 'NONE',  ( -39.63781385535283874, 0.8634361795373526327, -2.461571110083745406 ) ) ;
#2371 = STYLED_ITEM ( 'NONE', ( #2311 ), #1390 ) ;
#2372 = CARTESIAN_POINT ( 'NONE',  ( 108.4254338587335127, 2.000000000000260236, -2.450387081041274673 ) ) ;
#2373 = CYLINDRICAL_SURFACE ( 'NONE', #211, 1.000000000000000000 ) ;
#2374 = CARTESIAN_POINT ( 'NONE',  ( 91.19276675118916842, 2.602085213965210642E-13, 9.091132698302121895 ) ) ;
#2375 = CARTESIAN_POINT ( 'NONE',  ( -50.44459283879149325, 0.03333333333374183249, -0.1272361471993081472 ) ) ;
#2376 = PRESENTATION_LAYER_ASSIGNMENT (  '', '', ( #837 ) ) ;
#2377 = CYLINDRICAL_SURFACE ( 'NONE', #1918, 1.000000000000000000 ) ;
#2378 = CARTESIAN_POINT ( 'NONE',  ( 108.8409607067538900, 2.183334398618950623, -2.233457342082659114 ) ) ;
#2379 = STYLED_ITEM ( 'NONE', ( #2365 ), #2319 ) ;
#2380 = CARTESIAN_POINT ( 'NONE',  ( -60.00000000000000000, 2.602085213965210642E-13, 0.000000000000000000 ) ) ;
#2381 = APPLICATION_PROTOCOL_DEFINITION ( 'draft international standard', 'automotive_design', 1998, #352 ) ;
#2382 = EDGE_CURVE ( 'NONE', #476, #2029, #1035, .T. ) ;
#2383 = CARTESIAN_POINT ( 'NONE',  ( 72.61567736688719776, 1.397386152710329066, -11.31370673024925111 ) ) ;
#2384 = SURFACE_STYLE_FILL_AREA ( #1424 ) ;
#2385 = CARTESIAN_POINT ( 'NONE',  ( -41.68858056112555488, 2.602085213965210642E-13, -3.651989936101945222 ) ) ;
#2386 = ORIENTED_EDGE ( 'NONE', *, *, #1002, .T. ) ;
#2387 = CARTESIAN_POINT ( 'NONE',  ( -5.736148109830130792, 2.602085213965210642E-13, -13.10291809134912810 ) ) ;
#2388 = CARTESIAN_POINT ( 'NONE',  ( 108.4254338587334274, 2.000000000000265565, -2.450387081041279114 ) ) ;
#2389 = CARTESIAN_POINT ( 'NONE',  ( 35.00000000000000000, 13.00000000000000355, -10.99999999999999822 ) ) ;
#2390 = CARTESIAN_POINT ( 'NONE',  ( 108.4254338587334558, 2.176818419993089559, -2.450387081041286219 ) ) ;
#2391 = B_SPLINE_SURFACE_WITH_KNOTS ( 'NONE', 3, 3, ( 
 ( #2429, #1863, #1284, #2022 ),
 ( #1111, #343, #573, #2062 ),
 ( #2233, #188, #1083, #2221 ),
 ( #535, #383, #355, #1317 ),
 ( #1667, #1124, #1853, #1684 ),
 ( #178, #737, #1519, #1832 ),
 ( #1100, #1501, #155, #1328 ),
 ( #392, #1840, #1875, #1652 ),
 ( #2249, #714, #2262, #1478 ),
 ( #2044, #168, #559, #916 ) ),
 .UNSPECIFIED., .F., .F., .F.,
 ( 4, 3, 3, 4 ),
 ( 4, 4 ),
 ( -0.8545567391752887376, 0.000000000000000000, 1.000000000000000000, 2.269754661643493598 ),
 ( 0.000000000000000000, 1.000000000000000000 ),
 .UNSPECIFIED. ) ;
#2392 = CARTESIAN_POINT ( 'NONE',  ( 108.7158656636565723, 2.193163247146062922, 1.855753516815899617 ) ) ;
#2393 = LINE ( 'NONE', #185, #95 ) ;
#2394 = ORIENTED_EDGE ( 'NONE', *, *, #183, .F. ) ;
#2395 = CARTESIAN_POINT ( 'NONE',  ( 18.16627406320371207, 2.000000000000260236, -16.69599489358163424 ) ) ;
#2396 = CARTESIAN_POINT ( 'NONE',  ( -38.16838812679660009, 2.091788006610726391, 1.483987858942446225 ) ) ;
#2397 = CARTESIAN_POINT ( 'NONE',  ( -0.9546277545295512867, 16.06457702404214061, -3.110983626503762700 ) ) ;
#2398 =( NAMED_UNIT ( * ) SI_UNIT ( $, .STERADIAN. ) SOLID_ANGLE_UNIT ( ) );
#2399 = CARTESIAN_POINT ( 'NONE',  ( 35.00000000000000000, 0.03746186495440055608, -18.47838738560337646 ) ) ;
#2400 = CARTESIAN_POINT ( 'NONE',  ( 55.60653458857068898, 0.4246021113020513327, 16.65814428092668820 ) ) ;
#2401 = PRESENTATION_LAYER_ASSIGNMENT (  '', '', ( #709 ) ) ;
#2402 = VECTOR ( 'NONE', #33, 1000.000000000000000 ) ;
#2403 = CARTESIAN_POINT ( 'NONE',  ( -39.16312168051419462, 2.000000000000260236, 1.381493190259615478 ) ) ;
#2404 = MECHANICAL_DESIGN_GEOMETRIC_PRESENTATION_REPRESENTATION (  '', ( #1184 ), #162 ) ;
#2405 = CARTESIAN_POINT ( 'NONE',  ( -39.29018882459862994, 1.584348187187835988, -2.251967884453532243 ) ) ;
#2406 = EDGE_LOOP ( 'NONE', ( #1440, #1047, #1136, #574 ) ) ;
#2407 = AXIS2_PLACEMENT_3D ( 'NONE', #2334, #1186, #1925 ) ;
#2408 = CARTESIAN_POINT ( 'NONE',  ( -60.00000000000000000, 15.82336863030218943, 20.31923228304628992 ) ) ;
#2409 = DIRECTION ( 'NONE',  ( 1.000000000000000000, 0.000000000000000000, 0.000000000000000000 ) ) ;
#2410 = EDGE_CURVE ( 'NONE', #825, #2206, #361, .T. ) ;
#2411 = CARTESIAN_POINT ( 'NONE',  ( 37.26999452588673023, 0.04475589350899615571, -18.41496340562311218 ) ) ;
#2412 = CARTESIAN_POINT ( 'NONE',  ( 35.00000000000000000, 0.03746186495440055608, -18.47838738560337646 ) ) ;
#2413 = AXIS2_PLACEMENT_3D ( 'NONE', #1930, #1708, #420 ) ;
#2414 = STYLED_ITEM ( 'NONE', ( #1858 ), #2138 ) ;
#2415 =( LENGTH_UNIT ( ) NAMED_UNIT ( * ) SI_UNIT ( .MILLI., .METRE. ) );
#2416 = CARTESIAN_POINT ( 'NONE',  ( -39.16312168003598515, 2.202961820252523850, -1.381493187611365636 ) ) ;
#2417 = PRESENTATION_STYLE_ASSIGNMENT (( #2205 ) ) ;
#2418 = ORIENTED_EDGE ( 'NONE', *, *, #1815, .T. ) ;
#2419 = CARTESIAN_POINT ( 'NONE',  ( 10.34756249713436205, 2.000000000000260236, -14.97570225669718802 ) ) ;
#2420 = CARTESIAN_POINT ( 'NONE',  ( -52.57082033679593991, 2.602085213965210642E-13, -9.964530285969108725E-10 ) ) ;
#2421 = CARTESIAN_POINT ( 'NONE',  ( 2.559061502417429690, 2.602085213965210642E-13, 13.11709219362406920 ) ) ;
#2422 = EDGE_CURVE ( 'NONE', #1685, #379, #764, .T. ) ;
#2423 = CARTESIAN_POINT ( 'NONE',  ( 17.95047793100163247, 0.1328659240298815103, 17.94430919226899235 ) ) ;
#2424 =( NAMED_UNIT ( * ) PLANE_ANGLE_UNIT ( ) SI_UNIT ( $, .RADIAN. ) );
#2425 =( NAMED_UNIT ( * ) SI_UNIT ( $, .STERADIAN. ) SOLID_ANGLE_UNIT ( ) );
#2426 = SURFACE_STYLE_FILL_AREA ( #1806 ) ;
#2427 = ORIENTED_EDGE ( 'NONE', *, *, #1967, .F. ) ;
#2428 = CARTESIAN_POINT ( 'NONE',  ( -39.97099351115610943, 0.2532284640160291089, -3.069237300486411524 ) ) ;
#2429 = CARTESIAN_POINT ( 'NONE',  ( 35.00000000000000000, -11.10923760927827253, -24.90917554381466203 ) ) ;
#2430 = VERTEX_POINT ( 'NONE', #1951 ) ;
#2431 = CARTESIAN_POINT ( 'NONE',  ( 54.86066812641703905, 2.602085213965210642E-13, -18.09460305576867256 ) ) ;
#2432 = CARTESIAN_POINT ( 'NONE',  ( -39.16312168051420173, 2.202961820170701746, 1.381493190259615922 ) ) ;
ENDSEC;
END-ISO-10303-21;
