ISO-10303-21;
HEADER;
FILE_DESCRIPTION (( 'STEP AP214' ),
    '1' );
FILE_NAME ('struc.STEP',
    '2025-10-06T01:02:48',
    ( '' ),
    ( '' ),
    'SwSTEP 2.0',
    'SolidWorks 2025',
    '' );
FILE_SCHEMA (( 'AUTOMOTIVE_DESIGN' ));
ENDSEC;

DATA;
#1 = EDGE_LOOP ( 'NONE', ( #4852, #7881, #3731, #6043 ) ) ;
#2 = ORIENTED_EDGE ( 'NONE', *, *, #4672, .F. ) ;
#3 = DIRECTION ( 'NONE',  ( 0.000000000000000000, 1.000000000000000000, -8.673617379884027583E-16 ) ) ;
#4 = PLANE ( 'NONE',  #4375 ) ;
#5 = EDGE_LOOP ( 'NONE', ( #6767, #7679, #3105, #7436 ) ) ;
#6 = DIRECTION ( 'NONE',  ( -0.1358089151073354484, -0.9907350496360611825, 0.000000000000000000 ) ) ;
#7 = CARTESIAN_POINT ( 'NONE',  ( 42.61671328683472382, 18.19113980308874190, 7.203090613293326783 ) ) ;
#8 = CARTESIAN_POINT ( 'NONE',  ( -26.40455886408846098, 18.04142508849550808, 1.863812366327901149 ) ) ;
#9 = ORIENTED_EDGE ( 'NONE', *, *, #1820, .T. ) ;
#10 = ORIENTED_EDGE ( 'NONE', *, *, #6398, .T. ) ;
#11 = DIRECTION ( 'NONE',  ( 0.7994407603325167644, 0.6007449298320939324, 1.962615573354800002E-17 ) ) ;
#12 = CARTESIAN_POINT ( 'NONE',  ( 1.049943785842715860, 24.47330392309929792, 0.04839894688649974686 ) ) ;
#13 = CARTESIAN_POINT ( 'NONE',  ( 6.074901368476853136, 17.73170615800645322, 19.14281798417276903 ) ) ;
#14 = CARTESIAN_POINT ( 'NONE',  ( 20.44017947064570606, 0.6478519569371120612, 9.750009778846379760 ) ) ;
#15 = VECTOR ( 'NONE', #6046, 1000.000000000000114 ) ;
#16 = LINE ( 'NONE', #697, #8508 ) ;
#17 = ADVANCED_FACE ( 'NONE', ( #1453 ), #6064, .F. ) ;
#18 =( BOUNDED_CURVE ( )  B_SPLINE_CURVE ( 3, ( #676, #3960, #1280, #757 ),
 .UNSPECIFIED., .F., .F. ) 
 B_SPLINE_CURVE_WITH_KNOTS ( ( 4, 4 ),
 ( 1.570796326794897002, 3.141592653589791340 ),
 .UNSPECIFIED. ) 
 CURVE ( )  GEOMETRIC_REPRESENTATION_ITEM ( )  RATIONAL_B_SPLINE_CURVE ( ( 1.000000000000000000, 0.8047378541243654926, 0.8047378541243654926, 1.000000000000000000 ) ) 
 REPRESENTATION_ITEM ( '' )  );
#19 = CARTESIAN_POINT ( 'NONE',  ( 16.84547968633708592, -2.321393804843274289, 10.50000000000000000 ) ) ;
#20 = LINE ( 'NONE', #5959, #1446 ) ;
#21 = VECTOR ( 'NONE', #7933, 1000.000000000000000 ) ;
#22 = CARTESIAN_POINT ( 'NONE',  ( 5.467869451671442782, 7.115409897115852367, 6.500000000000000888 ) ) ;
#23 = CARTESIAN_POINT ( 'NONE',  ( 6.579886473998326935, 8.002544093717265383, 15.00000000000000178 ) ) ;
#24 = DIRECTION ( 'NONE',  ( 0.1584825665006271422, 0.5257976280181181350, 0.8357153405830809456 ) ) ;
#25 = CARTESIAN_POINT ( 'NONE',  ( -23.92538534010739326, 18.01254109515328850, 1.349362578936018409 ) ) ;
#26 = CARTESIAN_POINT ( 'NONE',  ( 49.33854442614303792, 20.40133828536832183, -60.22458450935215524 ) ) ;
#27 = ADVANCED_FACE ( 'NONE', ( #7566 ), #278, .T. ) ;
#28 = DIRECTION ( 'NONE',  ( 0.000000000000000000, 0.000000000000000000, -1.000000000000000000 ) ) ;
#29 = EDGE_CURVE ( 'NONE', #3452, #8375, #4587, .T. ) ;
#30 = DIRECTION ( 'NONE',  ( 1.000000000000000000, 0.000000000000000000, 0.000000000000000000 ) ) ;
#31 = ORIENTED_EDGE ( 'NONE', *, *, #5764, .T. ) ;
#32 = CARTESIAN_POINT ( 'NONE',  ( 40.52559860758207577, 18.97930136586392180, 20.26859404887288818 ) ) ;
#33 = VERTEX_POINT ( 'NONE', #4253 ) ;
#34 = CARTESIAN_POINT ( 'NONE',  ( 26.25490370090247438, 5.490089049600866744, 9.542893218813444989 ) ) ;
#35 = EDGE_LOOP ( 'NONE', ( #4705, #3540 ) ) ;
#36 = DIRECTION ( 'NONE',  ( -1.000000000000000000, -0.000000000000000000, 0.000000000000000000 ) ) ;
#37 = CARTESIAN_POINT ( 'NONE',  ( 2.742952667258249821, 10.15123838244610788, 32.63153632445877861 ) ) ;
#38 = ORIENTED_EDGE ( 'NONE', *, *, #747, .T. ) ;
#39 = ADVANCED_FACE ( 'NONE', ( #6147 ), #522, .T. ) ;
#40 = ORIENTED_EDGE ( 'NONE', *, *, #7160, .T. ) ;
#41 = ORIENTED_EDGE ( 'NONE', *, *, #5214, .T. ) ;
#42 = CARTESIAN_POINT ( 'NONE',  ( 3.361622225249539575, 24.52325725124947908, 17.00020556183143938 ) ) ;
#43 = CARTESIAN_POINT ( 'NONE',  ( 16.90125573301660111, 16.31708604308349919, 0.000000000000000000 ) ) ;
#44 = VERTEX_POINT ( 'NONE', #2881 ) ;
#45 = CARTESIAN_POINT ( 'NONE',  ( 42.17172552393486029, 20.85551008881022028, 8.499976109941151492 ) ) ;
#46 = DIRECTION ( 'NONE',  ( -0.5541259389504447075, 0.8324328464100201330, 0.000000000000000000 ) ) ;
#47 = DIRECTION ( 'NONE',  ( -0.7660444431189770143, 0.6427876096865404731, 0.000000000000000000 ) ) ;
#48 = CARTESIAN_POINT ( 'NONE',  ( 42.16014024882986178, 18.19113980308874545, 7.203090613295889177 ) ) ;
#49 = EDGE_CURVE ( 'NONE', #5976, #8014, #4896, .T. ) ;
#50 = DIRECTION ( 'NONE',  ( 0.000000000000000000, -0.000000000000000000, -1.000000000000000000 ) ) ;
#51 = ORIENTED_EDGE ( 'NONE', *, *, #870, .F. ) ;
#52 = VECTOR ( 'NONE', #3820, 1000.000000000000000 ) ;
#53 = VERTEX_POINT ( 'NONE', #317 ) ;
#54 = CARTESIAN_POINT ( 'NONE',  ( 53.86129395451535373, 18.19526269599406376, 8.953088398992376185 ) ) ;
#55 = CARTESIAN_POINT ( 'NONE',  ( -9.362644045193459164, 22.98582287958821979, 15.69576882869100665 ) ) ;
#56 = LINE ( 'NONE', #7300, #111 ) ;
#57 = DIRECTION ( 'NONE',  ( 0.7994407603325167644, 0.6007449298320939324, -2.775557561562891351E-17 ) ) ;
#58 = CIRCLE ( 'NONE', #7072, 2.000000000000000000 ) ;
#59 = SURFACE_STYLE_USAGE ( .BOTH. , #1392 ) ;
#60 = VECTOR ( 'NONE', #2540, 1000.000000000000114 ) ;
#61 = CARTESIAN_POINT ( 'NONE',  ( 0.000000000000000000, 18.19113980308874190, 2.500000000000000444 ) ) ;
#62 = VECTOR ( 'NONE', #5785, 1000.000000000000114 ) ;
#63 = CARTESIAN_POINT ( 'NONE',  ( -0.5123869103765311683, -12.34981888004866413, 8.690543505140523095 ) ) ;
#64 = CARTESIAN_POINT ( 'NONE',  ( 17.02870470012878457, -1.624965725070157907, 6.720608188554191287 ) ) ;
#65 = DIRECTION ( 'NONE',  ( 0.000000000000000000, -0.000000000000000000, 1.000000000000000000 ) ) ;
#66 = DIRECTION ( 'NONE',  ( 0.000000000000000000, -1.000000000000000000, 0.000000000000000000 ) ) ;
#67 = CARTESIAN_POINT ( 'NONE',  ( -18.43957514813497411, 18.19113980288997467, 9.942300311791331779 ) ) ;
#68 =( BOUNDED_SURFACE ( )  B_SPLINE_SURFACE ( 3, 2, ( 
 ( #4007, #4605, #5329 ),
 ( #4693, #7358, #6712 ),
 ( #802, #3446, #164 ),
 ( #2801, #4773, #5417 ),
 ( #8049, #635, #3274 ),
 ( #5895, #8522, #6924 ) ),
 .UNSPECIFIED., .F., .F., .F. ) 
 B_SPLINE_SURFACE_WITH_KNOTS ( ( 4, 2, 4 ),
 ( 3, 3 ),
 ( 2.617993877991490859, 3.141592653589793560, 3.665191429188096262 ),
 ( 0.000000000000000000, 1.000000000000000000 ),
 .UNSPECIFIED. ) 
 GEOMETRIC_REPRESENTATION_ITEM ( )  RATIONAL_B_SPLINE_SURFACE ( (
 ( 1.000000000000000000, 0.9238795325112855172, 1.000000000000000000),
 ( 1.000000000000000000, 0.9431881070348719920, 1.000000000000000000),
 ( 1.000000000000000000, 0.9530206138714996111, 1.000000000000000000),
 ( 1.000000000000000000, 0.9530206138713446240, 1.000000000000000000),
 ( 1.000000000000000000, 0.9431881070349888985, 1.000000000000000000),
 ( 1.000000000000000000, 0.9238795325112856283, 1.000000000000000000) ) ) 
 REPRESENTATION_ITEM ( '' )  SURFACE ( )  );
#69 = DIRECTION ( 'NONE',  ( 0.6007449298321010378, -0.7994407603325114353, 0.000000000000000000 ) ) ;
#70 = AXIS2_PLACEMENT_3D ( 'NONE', #674, #1449, #5972 ) ;
#71 = CARTESIAN_POINT ( 'NONE',  ( 5.642989709548763777, -8.477152315012311590, 10.35355339059327484 ) ) ;
#72 = EDGE_LOOP ( 'NONE', ( #4523, #5675, #6945, #6831 ) ) ;
#73 = DIRECTION ( 'NONE',  ( -0.8324328464100186897, -0.5541259389504469279, 1.123017639172389936E-15 ) ) ;
#74 = EDGE_CURVE ( 'NONE', #6194, #5951, #5534, .T. ) ;
#76 = ORIENTED_EDGE ( 'NONE', *, *, #3499, .T. ) ;
#75 = ADVANCED_FACE ( 'NONE', ( #8126 ), #3649, .T. ) ;
#77 = AXIS2_PLACEMENT_3D ( 'NONE', #8452, #7853, #7166 ) ;
#78 = CARTESIAN_POINT ( 'NONE',  ( 16.53238842092369154, -1.916659531779350445, 11.07245279921923320 ) ) ;
#79 = ORIENTED_EDGE ( 'NONE', *, *, #3136, .T. ) ;
#80 = DIRECTION ( 'NONE',  ( 0.1502325963552083865, 0.000000000000000000, -0.9886506799635416121 ) ) ;
#81 = CARTESIAN_POINT ( 'NONE',  ( 18.23527549049098440, 25.00434348092623793, 15.00000000000000178 ) ) ;
#82 = ORIENTED_EDGE ( 'NONE', *, *, #4971, .F. ) ;
#83 = VECTOR ( 'NONE', #5690, 999.9999999999998863 ) ;
#84 = AXIS2_PLACEMENT_3D ( 'NONE', #1396, #7858, #4032 ) ;
#85 = ORIENTED_EDGE ( 'NONE', *, *, #4878, .F. ) ;
#86 = CIRCLE ( 'NONE', #1039, 0.5000000000000006661 ) ;
#87 = CARTESIAN_POINT ( 'NONE',  ( -28.06256458244927643, 18.13570262998320004, 13.05697848510925496 ) ) ;
#88 = EDGE_CURVE ( 'NONE', #411, #6187, #7521, .T. ) ;
#89 = ORIENTED_EDGE ( 'NONE', *, *, #1080, .T. ) ;
#90 = DIRECTION ( 'NONE',  ( 0.000000000000000000, 0.6622670053323814754, 0.7492679184698085582 ) ) ;
#91 = FACE_OUTER_BOUND ( 'NONE', #2130, .T. ) ;
#92 = ORIENTED_EDGE ( 'NONE', *, *, #1492, .F. ) ;
#93 = DIRECTION ( 'NONE',  ( -1.000000000000000000, 0.000000000000000000, 0.000000000000000000 ) ) ;
#94 = CARTESIAN_POINT ( 'NONE',  ( -5.315749369886547449, 25.41653678420964368, 9.952287902617223736 ) ) ;
#95 = CARTESIAN_POINT ( 'NONE',  ( 38.76774932685381003, 17.46189270196255094, 21.56247036975533860 ) ) ;
#96 = CARTESIAN_POINT ( 'NONE',  ( 3.722913735427154425, 19.55520532979720016, 20.36028211684718769 ) ) ;
#97 = VERTEX_POINT ( 'NONE', #6880 ) ;
#98 = CIRCLE ( 'NONE', #7936, 1.250000000000001110 ) ;
#99 = EDGE_CURVE ( 'NONE', #6560, #53, #4072, .T. ) ;
#100 = VERTEX_POINT ( 'NONE', #3570 ) ;
#101 = CARTESIAN_POINT ( 'NONE',  ( 53.24256452525434469, 18.19704470049492429, 9.899318154800781144 ) ) ;
#102 = CARTESIAN_POINT ( 'NONE',  ( 1.589282819481267151, 16.77584112860085952, 21.53521803753572428 ) ) ;
#103 = CARTESIAN_POINT ( 'NONE',  ( 33.40483542659831784, 18.19113980308874190, 6.500000000000000888 ) ) ;
#104 = CARTESIAN_POINT ( 'NONE',  ( 18.35514929123661787, -0.7400909995280847697, 9.889190784051789862 ) ) ;
#105 = AXIS2_PLACEMENT_3D ( 'NONE', #634, #2114, #3405 ) ;
#106 = CARTESIAN_POINT ( 'NONE',  ( -10.82778826263609240, 18.90052703090556108, 2.083799427029447315 ) ) ;
#107 = CARTESIAN_POINT ( 'NONE',  ( 39.25010291981870125, 20.29649256180894668, 3.233314891860242124 ) ) ;
#108 = CARTESIAN_POINT ( 'NONE',  ( 5.337514757312731284, 5.836819177518782098, 6.500000000000037303 ) ) ;
#109 = CARTESIAN_POINT ( 'NONE',  ( 16.36261335510653581, -2.066807591848495829, 5.987489686469140260 ) ) ;
#110 = CARTESIAN_POINT ( 'NONE',  ( 19.73480530352875917, 0.9033527686187545758, 6.646446609406729600 ) ) ;
#111 = VECTOR ( 'NONE', #4627, 1000.000000000000000 ) ;
#112 = CARTESIAN_POINT ( 'NONE',  ( -26.40455886408846098, 18.04142508849550808, 1.863812366327901149 ) ) ;
#113 = DIRECTION ( 'NONE',  ( -1.000000000000000000, 0.000000000000000000, 0.000000000000000000 ) ) ;
#114 = CARTESIAN_POINT ( 'NONE',  ( 34.28378482642506953, 20.28447983322946513, 1.692723915095097897 ) ) ;
#115 = VECTOR ( 'NONE', #8212, 1000.000000000000000 ) ;
#116 = FACE_OUTER_BOUND ( 'NONE', #7312, .T. ) ;
#117 = ORIENTED_EDGE ( 'NONE', *, *, #4311, .F. ) ;
#118 = MECHANICAL_DESIGN_GEOMETRIC_PRESENTATION_REPRESENTATION (  '', ( #8091 ), #3558 ) ;
#119 = CARTESIAN_POINT ( 'NONE',  ( 16.57480263562561618, -1.925215140715346829, 6.483673797439418962 ) ) ;
#120 = EDGE_LOOP ( 'NONE', ( #2753, #5608, #6719, #5848 ) ) ;
#121 = LINE ( 'NONE', #3916, #4495 ) ;
#122 = ORIENTED_EDGE ( 'NONE', *, *, #3082, .F. ) ;
#123 = CARTESIAN_POINT ( 'NONE',  ( 23.00000000000000355, 9.999999999999998224, 1.000000000000000000 ) ) ;
#124 = DIRECTION ( 'NONE',  ( 0.000000000000000000, 0.000000000000000000, -1.000000000000000000 ) ) ;
#125 = AXIS2_PLACEMENT_3D ( 'NONE', #8136, #5542, #4862 ) ;
#126 = ORIENTED_EDGE ( 'NONE', *, *, #5144, .F. ) ;
#127 = CARTESIAN_POINT ( 'NONE',  ( 16.46245746477758942, -2.000000000000001776, 10.70645122447643161 ) ) ;
#128 = DIRECTION ( 'NONE',  ( -0.7194305527541650092, 0.6945643812950940132, 0.000000000000000000 ) ) ;
#129 = DIRECTION ( 'NONE',  ( -0.6427876096865404731, -0.7660444431189771253, 0.000000000000000000 ) ) ;
#130 = ORIENTED_EDGE ( 'NONE', *, *, #4990, .F. ) ;
#131 = CARTESIAN_POINT ( 'NONE',  ( 42.61671328683472382, 18.19113980308874190, 9.796909386706674994 ) ) ;
#132 = DIRECTION ( 'NONE',  ( -1.000000000000000000, 0.000000000000000000, 0.000000000000000000 ) ) ;
#133 = CARTESIAN_POINT ( 'NONE',  ( -0.5123869103765311683, -12.34981888004866413, 8.309456494859478681 ) ) ;
#134 = ORIENTED_EDGE ( 'NONE', *, *, #7033, .T. ) ;
#135 = CARTESIAN_POINT ( 'NONE',  ( 16.45017437907109326, -2.000000016196700425, 6.187903310409723190 ) ) ;
#136 = EDGE_CURVE ( 'NONE', #835, #4214, #2920, .T. ) ;
#137 = EDGE_CURVE ( 'NONE', #257, #7838, #6183, .T. ) ;
#138 = EDGE_CURVE ( 'NONE', #1630, #1815, #5602, .T. ) ;
#139 = ORIENTED_EDGE ( 'NONE', *, *, #3985, .T. ) ;
#140 = ORIENTED_EDGE ( 'NONE', *, *, #2529, .F. ) ;
#141 = ORIENTED_EDGE ( 'NONE', *, *, #4405, .F. ) ;
#142 = PLANE ( 'NONE',  #2552 ) ;
#143 = DIRECTION ( 'NONE',  ( 0.6007449298320940434, -0.7994407603325166534, 0.000000000000000000 ) ) ;
#144 = DIRECTION ( 'NONE',  ( -0.6427876096865410283, -0.7660444431189765702, 0.000000000000000000 ) ) ;
#145 = CARTESIAN_POINT ( 'NONE',  ( 16.53249445292469844, -1.916533167761209855, 5.966598498286187713 ) ) ;
#146 = ADVANCED_FACE ( 'NONE', ( #8249 ), #1190, .F. ) ;
#147 = DIRECTION ( 'NONE',  ( 0.000000000000000000, 0.000000000000000000, 1.000000000000000000 ) ) ;
#148 = CYLINDRICAL_SURFACE ( 'NONE', #2691, 2.649999999999999467 ) ;
#149 = CARTESIAN_POINT ( 'NONE',  ( 3.779238944135284939, 8.042101690230992972, 6.500000000000000888 ) ) ;
#150 = CARTESIAN_POINT ( 'NONE',  ( 4.760878997294996751, 7.171152609699422698, 10.34600511888781504 ) ) ;
#151 = CARTESIAN_POINT ( 'NONE',  ( -26.47519159362536456, 20.54122500463891399, 3.330830028188807912 ) ) ;
#152 = CARTESIAN_POINT ( 'NONE',  ( -18.77858245650262248, 17.93863670499193930, 0.2710927664973089568 ) ) ;
#153 = CARTESIAN_POINT ( 'NONE',  ( 18.63407952215031216, 0.06422805546750666450, 10.52713591219993994 ) ) ;
#154 = ADVANCED_FACE ( 'NONE', ( #5662 ), #4664, .T. ) ;
#155 = FACE_OUTER_BOUND ( 'NONE', #4354, .T. ) ;
#156 = AXIS2_PLACEMENT_3D ( 'NONE', #2338, #4957, #7587 ) ;
#157 = CARTESIAN_POINT ( 'NONE',  ( 3.203503070812647291, -15.46782079275986099, 3.904501065402480542 ) ) ;
#158 = VERTEX_POINT ( 'NONE', #1098 ) ;
#159 = CARTESIAN_POINT ( 'NONE',  ( 4.467932343692218922, 16.19113980308874190, 7.500000000000000888 ) ) ;
#160 = ORIENTED_EDGE ( 'NONE', *, *, #7314, .T. ) ;
#161 = CARTESIAN_POINT ( 'NONE',  ( 16.52818229155158747, -1.921672201569468275, 11.12195599690341474 ) ) ;
#162 = EDGE_LOOP ( 'NONE', ( #2546, #7483, #7575, #1900 ) ) ;
#163 = LINE ( 'NONE', #2800, #4104 ) ;
#164 = CARTESIAN_POINT ( 'NONE',  ( -7.362514544722999155, 23.27154961388277599, 4.931629533939788423 ) ) ;
#165 = ORIENTED_EDGE ( 'NONE', *, *, #761, .T. ) ;
#166 = CARTESIAN_POINT ( 'NONE',  ( 16.45017437907109326, -2.000000016196700425, 6.187903310409723190 ) ) ;
#167 = VERTEX_POINT ( 'NONE', #4422 ) ;
#168 = CARTESIAN_POINT ( 'NONE',  ( 4.667851322542441395, 8.589162862251891184, 6.500000000000000888 ) ) ;
#169 = PLANE ( 'NONE',  #6166 ) ;
#170 = VERTEX_POINT ( 'NONE', #7095 ) ;
#171 = DIRECTION ( 'NONE',  ( 0.000000000000000000, 0.000000000000000000, -1.000000000000000000 ) ) ;
#172 = CARTESIAN_POINT ( 'NONE',  ( 40.26590409431137374, 0.000000000000000000, 9.896446609406721606 ) ) ;
#173 = CARTESIAN_POINT ( 'NONE',  ( 43.81940717414980924, 17.96799519209274365, 18.97273194094184490 ) ) ;
#174 = ORIENTED_EDGE ( 'NONE', *, *, #5332, .F. ) ;
#175 = CARTESIAN_POINT ( 'NONE',  ( 5.391624560436410363, 5.791139803088745097, 2.000000000000000000 ) ) ;
#176 = ORIENTED_EDGE ( 'NONE', *, *, #2616, .T. ) ;
#177 = ORIENTED_EDGE ( 'NONE', *, *, #4305, .T. ) ;
#178 = ORIENTED_EDGE ( 'NONE', *, *, #99, .F. ) ;
#179 = DIRECTION ( 'NONE',  ( 0.8324328464100201330, 0.5541259389504444854, 0.000000000000000000 ) ) ;
#180 = EDGE_CURVE ( 'NONE', #3805, #6991, #7664, .T. ) ;
#181 = EDGE_CURVE ( 'NONE', #798, #325, #6405, .T. ) ;
#182 = CARTESIAN_POINT ( 'NONE',  ( 1.589282819481267151, 16.77584112860085952, -4.535218037535721614 ) ) ;
#183 = CARTESIAN_POINT ( 'NONE',  ( 6.074901368506302468, 20.29350044061239799, -0.6542860851818634860 ) ) ;
#184 = CARTESIAN_POINT ( 'NONE',  ( 16.53100694682109051, -1.918305908504192914, 5.907906764113915798 ) ) ;
#185 = DIRECTION ( 'NONE',  ( 1.000000000000000000, 0.000000000000000000, 0.000000000000000000 ) ) ;
#186 = ADVANCED_FACE ( 'NONE', ( #7053 ), #1145, .T. ) ;
#187 = CARTESIAN_POINT ( 'NONE',  ( -26.65559722427443745, 18.04518363847026663, 1.931090714345427894 ) ) ;
#188 = CARTESIAN_POINT ( 'NONE',  ( 69.52991323925427025, 18.17822704420509083, 4.676067186073415982 ) ) ;
#189 = AXIS2_PLACEMENT_3D ( 'NONE', #331, #5062, #4466 ) ;
#190 = DIRECTION ( 'NONE',  ( -1.884727306269088085E-18, -1.374921079261378052E-17, 1.000000000000000000 ) ) ;
#191 = CARTESIAN_POINT ( 'NONE',  ( 40.16418912262144403, 20.03314232529983485, -5.345938820314479756 ) ) ;
#192 = DIRECTION ( 'NONE',  ( 0.000000000000000000, 0.000000000000000000, 1.000000000000000000 ) ) ;
#193 = CIRCLE ( 'NONE', #6661, 2.950000000000015277 ) ;
#194 = LINE ( 'NONE', #3477, #5070 ) ;
#195 = ORIENTED_EDGE ( 'NONE', *, *, #4810, .T. ) ;
#196 = CARTESIAN_POINT ( 'NONE',  ( 16.57474884902466172, -1.925250944865643632, 10.51638667167875774 ) ) ;
#197 = EDGE_CURVE ( 'NONE', #6196, #6375, #7406, .T. ) ;
#198 = CARTESIAN_POINT ( 'NONE',  ( 16.94724570182046364, -1.525782101267665780, 6.249773990965947768 ) ) ;
#199 = CARTESIAN_POINT ( 'NONE',  ( -28.06256458244927998, 18.34165996400609089, 12.68253556609027299 ) ) ;
#200 = CIRCLE ( 'NONE', #3787, 2.000000000000001776 ) ;
#201 = CARTESIAN_POINT ( 'NONE',  ( -2.057156266878090722, 24.02944188767533973, 11.78626746603698194 ) ) ;
#202 = CARTESIAN_POINT ( 'NONE',  ( 14.57557676891739895, -1.915111107797440759, 13.09549893459752212 ) ) ;
#203 = VECTOR ( 'NONE', #3647, 1000.000000000000000 ) ;
#204 = ORIENTED_EDGE ( 'NONE', *, *, #2650, .T. ) ;
#205 = DIRECTION ( 'NONE',  ( 0.4156957420089222310, -0.9095037383516637597, 0.000000000000000000 ) ) ;
#206 = VERTEX_POINT ( 'NONE', #8422 ) ;
#207 = DIRECTION ( 'NONE',  ( 0.6427876096865404731, 0.7660444431189771253, 0.000000000000000000 ) ) ;
#208 = ORIENTED_EDGE ( 'NONE', *, *, #4531, .F. ) ;
#209 = DIRECTION ( 'NONE',  ( -0.000000000000000000, -1.000000000000000000, -0.000000000000000000 ) ) ;
#210 = LINE ( 'NONE', #4781, #6956 ) ;
#211 = FACE_OUTER_BOUND ( 'NONE', #5393, .T. ) ;
#212 = ORIENTED_EDGE ( 'NONE', *, *, #3027, .T. ) ;
#213 = AXIS2_PLACEMENT_3D ( 'NONE', #1128, #7593, #3122 ) ;
#214 = DIRECTION ( 'NONE',  ( 2.081668171172168119E-15, 0.8386705679454269369, 0.5446390350150225323 ) ) ;
#215 = TOROIDAL_SURFACE ( 'NONE', #6270, 3.000000000000000000, 1.000000000000000000 ) ;
#216 = ORIENTED_EDGE ( 'NONE', *, *, #6348, .F. ) ;
#217 = VECTOR ( 'NONE', #5361, 1000.000000000000000 ) ;
#218 = ORIENTED_EDGE ( 'NONE', *, *, #4296, .F. ) ;
#219 = ORIENTED_EDGE ( 'NONE', *, *, #3353, .T. ) ;
#220 = DIRECTION ( 'NONE',  ( 0.9899499129764927075, 0.1414184209989444718, 1.377317871206587015E-16 ) ) ;
#221 = DIRECTION ( 'NONE',  ( 0.000000000000000000, 0.000000000000000000, 1.000000000000000000 ) ) ;
#222 = CARTESIAN_POINT ( 'NONE',  ( -16.59435574394966650, 18.19082108367179984, 10.05527062821281170 ) ) ;
#223 = CARTESIAN_POINT ( 'NONE',  ( 16.53275320415464833, -1.916224800053333732, 5.953705038585267673 ) ) ;
#224 = EDGE_CURVE ( 'NONE', #4733, #351, #7611, .T. ) ;
#225 = ADVANCED_FACE ( 'NONE', ( #5155, #7783 ), #1232, .T. ) ;
#226 = CARTESIAN_POINT ( 'NONE',  ( -7.981989761607721334, 23.18305502857955602, 11.21501060578871822 ) ) ;
#227 = CARTESIAN_POINT ( 'NONE',  ( 47.40483542659831784, 0.000000000000000000, 0.000000000000000000 ) ) ;
#228 = DIRECTION ( 'NONE',  ( 0.000000000000000000, 0.5024009905051697311, 0.8646347464330961241 ) ) ;
#229 = CARTESIAN_POINT ( 'NONE',  ( -1.228329244096361350, 24.14784324041714214, 1.473287043299803756 ) ) ;
#230 = CARTESIAN_POINT ( 'NONE',  ( 0.9870912157302536016, 17.53360275217396946, -3.971580486507959584 ) ) ;
#231 = CARTESIAN_POINT ( 'NONE',  ( 35.64005297390797011, 20.09856402677706555, 21.58487907463712574 ) ) ;
#232 = FACE_OUTER_BOUND ( 'NONE', #2666, .T. ) ;
#233 = EDGE_CURVE ( 'NONE', #4746, #5294, #406, .T. ) ;
#234 = EDGE_CURVE ( 'NONE', #4478, #8460, #8383, .T. ) ;
#235 = EDGE_CURVE ( 'NONE', #6375, #6067, #7542, .T. ) ;
#236 = DIRECTION ( 'NONE',  ( 0.4247908136477068219, -0.5652899827880475403, 0.7071067811865533459 ) ) ;
#237 = EDGE_LOOP ( 'NONE', ( #8186, #8274, #2327, #6000 ) ) ;
#238 = CARTESIAN_POINT ( 'NONE',  ( 7.028469661759873865, 24.02060967418080040, 24.58401720396100743 ) ) ;
#239 =( BOUNDED_CURVE ( )  B_SPLINE_CURVE ( 3, ( #1625, #843, #8214, #2326 ),
 .UNSPECIFIED., .F., .F. ) 
 B_SPLINE_CURVE_WITH_KNOTS ( ( 4, 4 ),
 ( 6.271912549461911901, 6.330510836271556308 ),
 .UNSPECIFIED. ) 
 CURVE ( )  GEOMETRIC_REPRESENTATION_ITEM ( )  RATIONAL_B_SPLINE_CURVE ( ( 1.000000000000000000, 0.9997138738679647307, 0.9997138738679647307, 1.000000000000000000 ) ) 
 REPRESENTATION_ITEM ( '' )  );
#240 = AXIS2_PLACEMENT_3D ( 'NONE', #6629, #718, #80 ) ;
#241 = CARTESIAN_POINT ( 'NONE',  ( 19.37920618153238195, 0.7665666999533636838, 6.498068218680743691 ) ) ;
#242 = DIRECTION ( 'NONE',  ( 1.000000000000000000, 0.000000000000000000, 0.000000000000000000 ) ) ;
#243 = CARTESIAN_POINT ( 'NONE',  ( 33.51112321366305480, 18.19113980308873479, 7.086258023719007149 ) ) ;
#244 = FACE_BOUND ( 'NONE', #2173, .T. ) ;
#245 = EDGE_CURVE ( 'NONE', #3325, #1197, #6451, .T. ) ;
#246 = VECTOR ( 'NONE', #8242, 1000.000000000000114 ) ;
#247 = VECTOR ( 'NONE', #4054, 1000.000000000000000 ) ;
#248 = ORIENTED_EDGE ( 'NONE', *, *, #7770, .T. ) ;
#249 = CARTESIAN_POINT ( 'NONE',  ( 39.61384056338228987, 16.59109419367207039, 9.542893218813450318 ) ) ;
#250 = ORIENTED_EDGE ( 'NONE', *, *, #3095, .T. ) ;
#251 = DIRECTION ( 'NONE',  ( -0.1980954986512100391, -0.5338457732117105614, -0.8220504022492292062 ) ) ;
#252 = ORIENTED_EDGE ( 'NONE', *, *, #2815, .T. ) ;
#253 = CARTESIAN_POINT ( 'NONE',  ( 7.492541914251465762, 7.291779049699285586, 14.20595777215746125 ) ) ;
#254 = VECTOR ( 'NONE', #6844, 1000.000000000000114 ) ;
#255 = CARTESIAN_POINT ( 'NONE',  ( 16.64891012060378372, -1.859577513951160999, 10.58530919238052803 ) ) ;
#256 = DIRECTION ( 'NONE',  ( 0.000000000000000000, 0.000000000000000000, 1.000000000000000000 ) ) ;
#257 = VERTEX_POINT ( 'NONE', #1360 ) ;
#258 = VECTOR ( 'NONE', #3604, 1000.000000000000000 ) ;
#259 = EDGE_LOOP ( 'NONE', ( #6060, #1895, #6426, #1374 ) ) ;
#260 = ORIENTED_EDGE ( 'NONE', *, *, #4663, .T. ) ;
#261 = ORIENTED_EDGE ( 'NONE', *, *, #6347, .T. ) ;
#262 = CARTESIAN_POINT ( 'NONE',  ( 0.3123554815805268947, -0.2620973693904224411, 1.006360682064675105 ) ) ;
#263 = CARTESIAN_POINT ( 'NONE',  ( 7.356692115445614633, 17.60187487953102803, -5.251204742510844348 ) ) ;
#264 = CARTESIAN_POINT ( 'NONE',  ( 33.11593569343754240, 18.19113980308874190, 7.203090613293326783 ) ) ;
#265 = LINE ( 'NONE', #5520, #5349 ) ;
#266 = DIRECTION ( 'NONE',  ( 0.000000000000000000, -0.000000000000000000, -1.000000000000000000 ) ) ;
#267 = CARTESIAN_POINT ( 'NONE',  ( 6.579886473998325158, 8.002544093717267160, 6.500000000000000888 ) ) ;
#268 = DIRECTION ( 'NONE',  ( -0.000000000000000000, -1.000000000000000000, -0.000000000000000000 ) ) ;
#269 = CYLINDRICAL_SURFACE ( 'NONE', #3116, 1.749999999999999778 ) ;
#270 = FACE_OUTER_BOUND ( 'NONE', #4060, .T. ) ;
#271 = CARTESIAN_POINT ( 'NONE',  ( -0.1780163306038726190, 17.56343882773391130, -3.715531952557219686 ) ) ;
#272 = CARTESIAN_POINT ( 'NONE',  ( 35.64005297390797011, 20.09856402689592159, -35.70904673693584641 ) ) ;
#273 = CARTESIAN_POINT ( 'NONE',  ( 33.40483542659831784, 20.24188125084779699, 20.69818502646181457 ) ) ;
#274 = CARTESIAN_POINT ( 'NONE',  ( 6.074901368501969046, 21.92595956466657370, -2.469158156807681248 ) ) ;
#275 = ORIENTED_EDGE ( 'NONE', *, *, #7512, .T. ) ;
#276 = CARTESIAN_POINT ( 'NONE',  ( 2.807080505120705283, 18.18978538105269749, 6.694931089908198629 ) ) ;
#277 = CARTESIAN_POINT ( 'NONE',  ( 18.82933113513863077, 0.2482714805198260322, 6.482530458419333286 ) ) ;
#278 = CYLINDRICAL_SURFACE ( 'NONE', #7275, 0.5000000000000002220 ) ;
#279 = EDGE_CURVE ( 'NONE', #4509, #4688, #619, .T. ) ;
#280 = ADVANCED_FACE ( 'NONE', ( #1272 ), #7263, .F. ) ;
#281 = DIRECTION ( 'NONE',  ( 0.6622670053323859163, 0.000000000000000000, -0.7492679184698043393 ) ) ;
#282 = DIRECTION ( 'NONE',  ( 0.5671072145501000472, -0.4758594545669649345, -0.6722701738917600256 ) ) ;
#283 = AXIS2_PLACEMENT_3D ( 'NONE', #3892, #50, #2680 ) ;
#284 =( BOUNDED_CURVE ( )  B_SPLINE_CURVE ( 3, ( #3766, #7773, #6394, #2350 ),
 .UNSPECIFIED., .F., .F. ) 
 B_SPLINE_CURVE_WITH_KNOTS ( ( 4, 4 ),
 ( 5.759586531581283531, 6.283185307179586232 ),
 .UNSPECIFIED. ) 
 CURVE ( )  GEOMETRIC_REPRESENTATION_ITEM ( )  RATIONAL_B_SPLINE_CURVE ( ( 1.000000000000000000, 0.9772838841927118381, 0.9772838841927118381, 1.000000000000000000 ) ) 
 REPRESENTATION_ITEM ( '' )  );
#285 = ORIENTED_EDGE ( 'NONE', *, *, #1971, .T. ) ;
#286 = DIRECTION ( 'NONE',  ( 1.000000000000000000, 0.000000000000000000, 0.000000000000000000 ) ) ;
#287 = ORIENTED_EDGE ( 'NONE', *, *, #3549, .F. ) ;
#288 = CYLINDRICAL_SURFACE ( 'NONE', #1771, 0.4999999999999993339 ) ;
#289 = VERTEX_POINT ( 'NONE', #2011 ) ;
#290 = AXIS2_PLACEMENT_3D ( 'NONE', #2521, #5696, #531 ) ;
#291 = ADVANCED_FACE ( 'NONE', ( #4592 ), #1313, .T. ) ;
#292 = CARTESIAN_POINT ( 'NONE',  ( 4.074901368506336219, 22.88512733511037567, 0.8515894354418338530 ) ) ;
#293 = ORIENTED_EDGE ( 'NONE', *, *, #4405, .T. ) ;
#294 = ORIENTED_EDGE ( 'NONE', *, *, #3936, .F. ) ;
#295 = ORIENTED_EDGE ( 'NONE', *, *, #4089, .F. ) ;
#296 = ORIENTED_EDGE ( 'NONE', *, *, #4221, .F. ) ;
#297 = CARTESIAN_POINT ( 'NONE',  ( 52.62584663695728437, 18.19555420560106285, 10.20413230357114642 ) ) ;
#298 = EDGE_CURVE ( 'NONE', #8245, #2215, #4423, .T. ) ;
#299 = CARTESIAN_POINT ( 'NONE',  ( -13.43632081749982632, 14.62714205522577160, -2.729997243622721559 ) ) ;
#300 = CARTESIAN_POINT ( 'NONE',  ( -17.20922387018159583, 18.19011186628984333, 10.23992160090006287 ) ) ;
#301 = CARTESIAN_POINT ( 'NONE',  ( 43.91080635171569213, 21.05956626302953083, 14.52086390806383953 ) ) ;
#302 = B_SPLINE_CURVE_WITH_KNOTS ( 'NONE', 3,
 ( #7563, #8122, #4251, #1573, #6188, #314, #276, #2962, #1662, #404, #2438, #3732, #7007, #3177 ),
 .UNSPECIFIED., .F., .F.,
 ( 4, 2, 1, 1, 1, 1, 2, 2, 4 ),
 ( 0.000000000000000000, 0.2499999999999944489, 0.3749999999999915068, 0.4374999999999902300, 0.4687499999999895639, 0.4843749999999892308, 0.4921874999999891198, 0.4999999999999890088, 1.000000000000000000 ),
 .UNSPECIFIED. ) ;
#303 = ORIENTED_EDGE ( 'NONE', *, *, #2730, .F. ) ;
#304 = ORIENTED_EDGE ( 'NONE', *, *, #6079, .T. ) ;
#305 = PLANE ( 'NONE',  #4337 ) ;
#306 = CARTESIAN_POINT ( 'NONE',  ( -28.06256458244927998, 18.14387903043152050, 4.202515937837594251 ) ) ;
#307 = CARTESIAN_POINT ( 'NONE',  ( 4.600220406713923182, 7.629320975118540460, 10.40909389383499573 ) ) ;
#308 = CARTESIAN_POINT ( 'NONE',  ( 3.722804632858769835, 23.87423583406181749, -0.8506714922799875067 ) ) ;
#309 = CARTESIAN_POINT ( 'NONE',  ( -6.196404585116089159, 17.70526073714878379, -2.406785340609159718 ) ) ;
#310 = CARTESIAN_POINT ( 'NONE',  ( -17.42509863149369664, -2.354426227855074938, 6.750000000000000000 ) ) ;
#311 = CARTESIAN_POINT ( 'NONE',  ( -3.369840278170529224, 23.58938154276588506, 10.62205390366387370 ) ) ;
#312 = CARTESIAN_POINT ( 'NONE',  ( 6.686238103072238204, 7.968348280276612350, 14.20595777215746125 ) ) ;
#313 = ORIENTED_EDGE ( 'NONE', *, *, #494, .F. ) ;
#314 = CARTESIAN_POINT ( 'NONE',  ( 2.881889774121042969, 18.18962249073470971, 6.664933099521523019 ) ) ;
#315 = AXIS2_PLACEMENT_3D ( 'NONE', #8199, #3510, #3596 ) ;
#316 = CARTESIAN_POINT ( 'NONE',  ( 19.35192701416836059, 0.7408524722808141894, 6.497659444640157211 ) ) ;
#317 = CARTESIAN_POINT ( 'NONE',  ( 3.467932343692218033, 9.999999999999998224, 9.500000000000001776 ) ) ;
#318 = PLANE ( 'NONE',  #6574 ) ;
#319 = CARTESIAN_POINT ( 'NONE',  ( 41.18732872198569339, 20.44992710501857047, 14.73794909326847957 ) ) ;
#320 = VECTOR ( 'NONE', #683, 1000.000000000000000 ) ;
#321 = EDGE_CURVE ( 'NONE', #2948, #2523, #3692, .T. ) ;
#322 = EDGE_CURVE ( 'NONE', #6375, #3531, #6014, .T. ) ;
#323 = AXIS2_PLACEMENT_3D ( 'NONE', #7799, #5210, #4435 ) ;
#324 = EDGE_CURVE ( 'NONE', #5677, #6758, #6617, .T. ) ;
#325 = VERTEX_POINT ( 'NONE', #3220 ) ;
#326 = CARTESIAN_POINT ( 'NONE',  ( 38.75796027027852375, 19.67116458486631814, 19.59148600373793059 ) ) ;
#327 = VERTEX_POINT ( 'NONE', #3261 ) ;
#328 =( NAMED_UNIT ( * ) SI_UNIT ( $, .STERADIAN. ) SOLID_ANGLE_UNIT ( ) );
#329 = DIRECTION ( 'NONE',  ( -0.6427876096865411393, -0.7660444431189763481, 0.000000000000000000 ) ) ;
#330 = ORIENTED_EDGE ( 'NONE', *, *, #2029, .F. ) ;
#331 = CARTESIAN_POINT ( 'NONE',  ( 16.06644172404391213, 11.06284411194225292, 1.000000000000000000 ) ) ;
#332 = PRODUCT_DEFINITION_FORMATION_WITH_SPECIFIED_SOURCE ( 'ANY', '', #1551, .NOT_KNOWN. ) ;
#333 = DIRECTION ( 'NONE',  ( 0.000000000000000000, 0.000000000000000000, 1.000000000000000000 ) ) ;
#334 = DIRECTION ( 'NONE',  ( -0.9899499129764924854, -0.1414184209989453878, 0.000000000000000000 ) ) ;
#335 = VERTEX_POINT ( 'NONE', #7828 ) ;
#336 =( BOUNDED_CURVE ( )  B_SPLINE_CURVE ( 3, ( #789, #2787, #4759, #2829 ),
 .UNSPECIFIED., .F., .F. ) 
 B_SPLINE_CURVE_WITH_KNOTS ( ( 4, 4 ),
 ( 0.000000000000000000, 1.570796326794882569 ),
 .UNSPECIFIED. ) 
 CURVE ( )  GEOMETRIC_REPRESENTATION_ITEM ( )  RATIONAL_B_SPLINE_CURVE ( ( 1.000000000000000000, 0.8047378541243681571, 0.8047378541243681571, 1.000000000000000000 ) ) 
 REPRESENTATION_ITEM ( '' )  );
#337 = VECTOR ( 'NONE', #4549, 1000.000000000000114 ) ;
#338 = EDGE_CURVE ( 'NONE', #7859, #1856, #7904, .T. ) ;
#339 = ORIENTED_EDGE ( 'NONE', *, *, #7033, .F. ) ;
#340 = EDGE_LOOP ( 'NONE', ( #3131, #4084, #7590, #2393 ) ) ;
#341 = VERTEX_POINT ( 'NONE', #110 ) ;
#342 = CARTESIAN_POINT ( 'NONE',  ( 17.51223043235100008, -1.248337305360356142, 6.822340588694148167 ) ) ;
#343 = AXIS2_PLACEMENT_3D ( 'NONE', #262, #2900, #6690 ) ;
#344 = LINE ( 'NONE', #2422, #1995 ) ;
#345 = FACE_OUTER_BOUND ( 'NONE', #4143, .T. ) ;
#346 = CARTESIAN_POINT ( 'NONE',  ( 5.044760633808849093, 6.105394834755589528, 9.500000000000001776 ) ) ;
#347 = CIRCLE ( 'NONE', #1033, 1.999999999999998446 ) ;
#348 = EDGE_CURVE ( 'NONE', #1250, #8483, #746, .T. ) ;
#349 = AXIS2_PLACEMENT_3D ( 'NONE', #2742, #4676, #7946 ) ;
#350 = ORIENTED_EDGE ( 'NONE', *, *, #3045, .F. ) ;
#351 = VERTEX_POINT ( 'NONE', #6531 ) ;
#352 = AXIS2_PLACEMENT_3D ( 'NONE', #1896, #7106, #1060 ) ;
#353 = CARTESIAN_POINT ( 'NONE',  ( -1.629028809746332573, 24.09060165765989581, 12.20048102841007598 ) ) ;
#354 = DIRECTION ( 'NONE',  ( 0.000000000000000000, 0.8464124915001604021, -0.5325278342326258407 ) ) ;
#355 = CARTESIAN_POINT ( 'NONE',  ( 26.73189882051180888, 6.997512087573553252, 10.35355339059327662 ) ) ;
#356 = DIRECTION ( 'NONE',  ( 0.000000000000000000, 0.000000000000000000, 1.000000000000000000 ) ) ;
#357 = CARTESIAN_POINT ( 'NONE',  ( -1.398576466903264315, 24.41938942862417861, 10.78626746603697484 ) ) ;
#358 = CARTESIAN_POINT ( 'NONE',  ( 35.64005297390797011, 20.09856402680680532, 23.68253827572967651 ) ) ;
#359 = FACE_OUTER_BOUND ( 'NONE', #5547, .T. ) ;
#360 = FACE_OUTER_BOUND ( 'NONE', #2491, .T. ) ;
#361 = ORIENTED_EDGE ( 'NONE', *, *, #4395, .F. ) ;
#362 = FACE_BOUND ( 'NONE', #3792, .T. ) ;
#363 = CARTESIAN_POINT ( 'NONE',  ( 17.21550533706601982, -1.272926341992093757, 6.314168021048795154 ) ) ;
#364 = CARTESIAN_POINT ( 'NONE',  ( -23.90556061867175686, 18.01232135563379444, 15.65476943371164253 ) ) ;
#365 = CARTESIAN_POINT ( 'NONE',  ( 0.000000000000000000, 0.000000000000000000, 10.50000000000000000 ) ) ;
#366 = CARTESIAN_POINT ( 'NONE',  ( 52.16712193127420960, -2.354426227855074938, 10.25000000000000355 ) ) ;
#367 = CARTESIAN_POINT ( 'NONE',  ( 8.958635169154204547, 2.798062516908188968, 0.000000000000000000 ) ) ;
#368 = AXIS2_PLACEMENT_3D ( 'NONE', #365, #2882, #8127 ) ;
#369 = VERTEX_POINT ( 'NONE', #2748 ) ;
#370 = CYLINDRICAL_SURFACE ( 'NONE', #902, 2.000000000000001776 ) ;
#371 = ORIENTED_EDGE ( 'NONE', *, *, #2872, .T. ) ;
#372 = DIRECTION ( 'NONE',  ( -1.000000000000000000, 0.000000000000000000, 0.000000000000000000 ) ) ;
#373 = EDGE_LOOP ( 'NONE', ( #4651, #5541, #6084, #82, #2937, #3625 ) ) ;
#374 = FACE_OUTER_BOUND ( 'NONE', #3836, .T. ) ;
#375 = FACE_OUTER_BOUND ( 'NONE', #6165, .T. ) ;
#376 = ORIENTED_EDGE ( 'NONE', *, *, #1868, .T. ) ;
#377 = AXIS2_PLACEMENT_3D ( 'NONE', #1968, #2104, #4720 ) ;
#378 = ORIENTED_EDGE ( 'NONE', *, *, #4311, .T. ) ;
#379 = AXIS2_PLACEMENT_3D ( 'NONE', #4503, #5009, #7046 ) ;
#380 = EDGE_LOOP ( 'NONE', ( #4307, #3839, #500, #818, #8179 ) ) ;
#381 = VECTOR ( 'NONE', #3783, 1000.000000000000000 ) ;
#382 = ORIENTED_EDGE ( 'NONE', *, *, #5144, .T. ) ;
#383 = CARTESIAN_POINT ( 'NONE',  ( 16.43954091117482719, -2.007514898159525440, 6.167196773102423535 ) ) ;
#384 = CARTESIAN_POINT ( 'NONE',  ( -0.6571556738766500816, 24.22943773662144196, 6.213732533963025162 ) ) ;
#385 = B_SPLINE_CURVE_WITH_KNOTS ( 'NONE', 3,
 ( #1408, #4042, #5842, #1447, #4083, #5886, #4558, #584, #8472, #7183, #8515, #1276, #1972 ),
 .UNSPECIFIED., .F., .F.,
 ( 4, 3, 3, 3, 4 ),
 ( 0.000000000000000000, 0.004000000000006610247, 0.004496053599937330572, 0.006744080278882291779, 0.007418360339440313242 ),
 .UNSPECIFIED. ) ;
#386 = EDGE_CURVE ( 'NONE', #6100, #844, #7864, .T. ) ;
#387 = EDGE_CURVE ( 'NONE', #2683, #2620, #659, .T. ) ;
#388 = CARTESIAN_POINT ( 'NONE',  ( 3.655659515049642483, 24.84554114355480081, 17.27240061884294064 ) ) ;
#389 = CARTESIAN_POINT ( 'NONE',  ( 3.501537245895951500, 9.218888006091864540, 9.500000000000001776 ) ) ;
#390 = EDGE_LOOP ( 'NONE', ( #6498, #3420, #4532, #3710 ) ) ;
#391 = B_SPLINE_CURVE_WITH_KNOTS ( 'NONE', 3,
 ( #6408, #1750, #7012, #446 ),
 .UNSPECIFIED., .F., .F.,
 ( 4, 4 ),
 ( 0.000000000000000000, 0.005383222916532039506 ),
 .UNSPECIFIED. ) ;
#392 = DIRECTION ( 'NONE',  ( 0.000000000000000000, 1.000000000000000000, 0.000000000000000000 ) ) ;
#393 = ORIENTED_EDGE ( 'NONE', *, *, #5182, .T. ) ;
#394 = LINE ( 'NONE', #8236, #1725 ) ;
#395 = CARTESIAN_POINT ( 'NONE',  ( 51.93719114490451005, 18.19530031365521339, 6.761406069760361071 ) ) ;
#396 = CARTESIAN_POINT ( 'NONE',  ( 32.40483542659831784, 18.19113980308874190, 9.500000000000001776 ) ) ;
#397 = CARTESIAN_POINT ( 'NONE',  ( 53.91712193127420960, 18.19244351221930600, 8.384353594767551598 ) ) ;
#398 = EDGE_CURVE ( 'NONE', #4614, #6710, #7985, .T. ) ;
#399 = CARTESIAN_POINT ( 'NONE',  ( 23.00000000000000355, 9.999999999999998224, 16.00000000000000000 ) ) ;
#400 = CARTESIAN_POINT ( 'NONE',  ( 34.08388000213501101, 25.35864053760572645, 1.618758820789091279 ) ) ;
#401 = CARTESIAN_POINT ( 'NONE',  ( 43.32277208543132474, 18.18965960779568292, 10.35393748057808949 ) ) ;
#402 = DIRECTION ( 'NONE',  ( -3.679827822636613727E-16, 2.575934031122276215E-15, 1.000000000000000000 ) ) ;
#403 = ORIENTED_EDGE ( 'NONE', *, *, #2137, .F. ) ;
#404 = CARTESIAN_POINT ( 'NONE',  ( 2.742480246838725488, 18.18992666265192781, 6.722287669823701073 ) ) ;
#405 = CARTESIAN_POINT ( 'NONE',  ( 16.38416693305378402, -2.052115692682572323, 5.901926130340191534 ) ) ;
#406 = LINE ( 'NONE', #5622, #3154 ) ;
#407 = CARTESIAN_POINT ( 'NONE',  ( 3.467932343692218033, 9.999999999999998224, -0.0002055618314386609136 ) ) ;
#408 = CARTESIAN_POINT ( 'NONE',  ( 16.87269236496114644, -1.596052790861336446, 10.77175845272203780 ) ) ;
#409 = CARTESIAN_POINT ( 'NONE',  ( 6.869128731696030776, 4.551366597921901125, -7.086861600974739071E-16 ) ) ;
#410 = CARTESIAN_POINT ( 'NONE',  ( 9.132883448087818934, 9.999999999999998224, 17.26491976425693053 ) ) ;
#411 = VERTEX_POINT ( 'NONE', #6698 ) ;
#412 = CARTESIAN_POINT ( 'NONE',  ( 38.41235070371810423, 18.18997571433710192, 9.542893218813450318 ) ) ;
#413 = EDGE_LOOP ( 'NONE', ( #7882, #2984, #2773, #817 ) ) ;
#414 = DIRECTION ( 'NONE',  ( 0.000000000000000000, 0.000000000000000000, -1.000000000000000000 ) ) ;
#415 = ORIENTED_EDGE ( 'NONE', *, *, #4813, .T. ) ;
#416 = CARTESIAN_POINT ( 'NONE',  ( 9.596287888644049247, 2.263008355165073038, 7.192863038747971061 ) ) ;
#417 = ORIENTED_EDGE ( 'NONE', *, *, #2815, .F. ) ;
#418 = VERTEX_POINT ( 'NONE', #3435 ) ;
#419 = CIRCLE ( 'NONE', #5653, 1.000000000000001332 ) ;
#420 = EDGE_LOOP ( 'NONE', ( #681, #2977, #2940 ) ) ;
#421 = VERTEX_POINT ( 'NONE', #6136 ) ;
#422 = CARTESIAN_POINT ( 'NONE',  ( 16.59629771685148825, -1.910906500542782327, 6.506069636003379841 ) ) ;
#423 = CARTESIAN_POINT ( 'NONE',  ( 18.71644172404391071, 11.06284411194225292, 16.00000000000000000 ) ) ;
#424 = CARTESIAN_POINT ( 'NONE',  ( 3.722804632858736529, 23.87423583406179617, 17.85067149227998229 ) ) ;
#425 = CARTESIAN_POINT ( 'NONE',  ( 5.225820116636828772, 5.935298195918269570, 9.500000000000001776 ) ) ;
#426 = VERTEX_POINT ( 'NONE', #6221 ) ;
#427 = ADVANCED_FACE ( 'NONE', ( #3512 ), #5405, .F. ) ;
#428 = EDGE_CURVE ( 'NONE', #5413, #2079, #837, .T. ) ;
#429 = DIRECTION ( 'NONE',  ( -1.000000000000000000, 0.000000000000000000, 0.000000000000000000 ) ) ;
#430 = ORIENTED_EDGE ( 'NONE', *, *, #1386, .F. ) ;
#431 = CARTESIAN_POINT ( 'NONE',  ( 6.074901368506355759, 17.69962180854870581, 19.46775343474592290 ) ) ;
#432 = CARTESIAN_POINT ( 'NONE',  ( 6.254162977183742811, 25.21674806196384822, 17.59685711826886134 ) ) ;
#433 = DIRECTION ( 'NONE',  ( 0.9873096472328641848, -0.1353393645606426332, 0.08308379433583115703 ) ) ;
#434 = CARTESIAN_POINT ( 'NONE',  ( 53.86129395451535373, 18.19526269599406376, 8.046911601007620263 ) ) ;
#435 = CARTESIAN_POINT ( 'NONE',  ( 4.367538559367200257, 17.45745551374787041, -4.598079974711560602 ) ) ;
#436 = LINE ( 'NONE', #4413, #4374 ) ;
#437 = FACE_BOUND ( 'NONE', #4767, .T. ) ;
#438 = ADVANCED_FACE ( 'NONE', ( #270 ), #6780, .T. ) ;
#439 = CARTESIAN_POINT ( 'NONE',  ( 11.97048248010578675, -10.04442743407089367, 10.00000000000000000 ) ) ;
#440 = ORIENTED_EDGE ( 'NONE', *, *, #6182, .F. ) ;
#441 = CARTESIAN_POINT ( 'NONE',  ( 40.92026427840045244, 19.76221477807176186, 39.37625387491993223 ) ) ;
#442 = CARTESIAN_POINT ( 'NONE',  ( 16.36421604205986213, -2.065396411064342352, 5.987564300665149553 ) ) ;
#443 = CARTESIAN_POINT ( 'NONE',  ( -1.231981602672122866, 17.59176361766451535, 20.48262490005007663 ) ) ;
#444 = CARTESIAN_POINT ( 'NONE',  ( -2.098576763403980916, 24.31939150415113104, 5.506625752776476368 ) ) ;
#445 = CARTESIAN_POINT ( 'NONE',  ( 25.87188147934298854, 5.811482854444135704, 7.457106781186559452 ) ) ;
#446 = CARTESIAN_POINT ( 'NONE',  ( 44.01750267280096551, 17.60161021156724814, -3.379399030297935980 ) ) ;
#447 = EDGE_CURVE ( 'NONE', #553, #5211, #953, .T. ) ;
#448 = CARTESIAN_POINT ( 'NONE',  ( 9.132883448087818934, 9.999999999999998224, 16.00000000000000000 ) ) ;
#449 = EDGE_LOOP ( 'NONE', ( #1717, #972, #5302, #7620 ) ) ;
#450 = CARTESIAN_POINT ( 'NONE',  ( 33.29335569397795069, 19.83930519466843023, 6.974489787533090457 ) ) ;
#451 = VERTEX_POINT ( 'NONE', #2267 ) ;
#452 = CARTESIAN_POINT ( 'NONE',  ( 16.48502256156453427, -1.973107964836940287, 11.34525042486595225 ) ) ;
#453 = ORIENTED_EDGE ( 'NONE', *, *, #4712, .F. ) ;
#454 = DIRECTION ( 'NONE',  ( 0.000000000000000000, -1.000000000000000000, -2.777029529349945847E-16 ) ) ;
#455 = PLANE ( 'NONE',  #323 ) ;
#456 = VERTEX_POINT ( 'NONE', #3554 ) ;
#457 = VECTOR ( 'NONE', #7177, 1000.000000000000114 ) ;
#458 = EDGE_CURVE ( 'NONE', #4642, #1505, #1092, .T. ) ;
#459 = ORIENTED_EDGE ( 'NONE', *, *, #3000, .T. ) ;
#460 = AXIS2_PLACEMENT_3D ( 'NONE', #6125, #8026, #4750 ) ;
#461 = ORIENTED_EDGE ( 'NONE', *, *, #7204, .F. ) ;
#462 = CARTESIAN_POINT ( 'NONE',  ( 4.988728280949656479, 9.392728145939486240, 2.440201509118269385 ) ) ;
#463 = VERTEX_POINT ( 'NONE', #2142 ) ;
#464 = CARTESIAN_POINT ( 'NONE',  ( 42.38319928916349966, 18.19113980308870993, 9.758432048583346230 ) ) ;
#465 = CARTESIAN_POINT ( 'NONE',  ( -3.405194883420261664, 23.83686902100999205, 4.799518971589924021 ) ) ;
#466 = AXIS2_PLACEMENT_3D ( 'NONE', #5110, #3044, #7050 ) ;
#467 = DIRECTION ( 'NONE',  ( -0.09999792447304699239, 0.7000002965007063871, -0.7071067811865517916 ) ) ;
#468 = CARTESIAN_POINT ( 'NONE',  ( 5.116185398581258426, 6.036190331646573703, 10.50000000000000178 ) ) ;
#469 = ORIENTED_EDGE ( 'NONE', *, *, #2092, .T. ) ;
#470 = LINE ( 'NONE', #7038, #1458 ) ;
#471 = VERTEX_POINT ( 'NONE', #6179 ) ;
#472 = CARTESIAN_POINT ( 'NONE',  ( -21.92509863149369664, 21.19122451842073218, -5.590280349210904554 ) ) ;
#473 = CARTESIAN_POINT ( 'NONE',  ( 9.144860619964838122, 25.62969612213220572, 17.95977420554608983 ) ) ;
#474 = CARTESIAN_POINT ( 'NONE',  ( 6.074901367908570826, 18.19113980308874190, 10.26563646223555892 ) ) ;
#475 = DIRECTION ( 'NONE',  ( 0.000000000000000000, 0.000000000000000000, -1.000000000000000000 ) ) ;
#476 = CARTESIAN_POINT ( 'NONE',  ( -26.40456643708020934, 19.57004064862751491, 2.752209047489497351 ) ) ;
#477 = CARTESIAN_POINT ( 'NONE',  ( 16.60745676787752245, -1.846069380193996690, 11.17365277523010292 ) ) ;
#478 = FACE_OUTER_BOUND ( 'NONE', #5324, .T. ) ;
#479 = CIRCLE ( 'NONE', #2844, 1.042893218813449652 ) ;
#480 = ADVANCED_FACE ( 'NONE', ( #868 ), #5019, .T. ) ;
#481 = CIRCLE ( 'NONE', #8192, 2.000000000000000000 ) ;
#482 = FACE_OUTER_BOUND ( 'NONE', #3686, .T. ) ;
#483 = VERTEX_POINT ( 'NONE', #1607 ) ;
#484 = LINE ( 'NONE', #4418, #3380 ) ;
#485 = VECTOR ( 'NONE', #4860, 1000.000000000000000 ) ;
#486 = CARTESIAN_POINT ( 'NONE',  ( -2.391200515805365523, 24.53886067414347849, 5.765271627522813525 ) ) ;
#487 = CARTESIAN_POINT ( 'NONE',  ( 20.28020948044668970, 1.615845925445858811, 6.499992176922899212 ) ) ;
#488 = DIRECTION ( 'NONE',  ( -0.7994407603325138778, -0.6007449298320977071, 6.962709362868761321E-15 ) ) ;
#489 = CARTESIAN_POINT ( 'NONE',  ( 42.76014589090795681, 18.08668803554820315, 14.25725967799926863 ) ) ;
#490 = CYLINDRICAL_SURFACE ( 'NONE', #4529, 1.000000000000000888 ) ;
#491 = EDGE_CURVE ( 'NONE', #5261, #1669, #336, .T. ) ;
#492 = EDGE_CURVE ( 'NONE', #5222, #7152, #1523, .T. ) ;
#493 = ADVANCED_FACE ( 'NONE', ( #4121 ), #5446, .T. ) ;
#494 = EDGE_CURVE ( 'NONE', #5550, #463, #5806, .T. ) ;
#495 = CARTESIAN_POINT ( 'NONE',  ( 3.467934140424435707, 9.600219133349790823, 7.500000000000000000 ) ) ;
#496 = VERTEX_POINT ( 'NONE', #3170 ) ;
#497 = CARTESIAN_POINT ( 'NONE',  ( 33.40483542659831784, 17.32830995514898831, -5.590280349210904554 ) ) ;
#498 = ORIENTED_EDGE ( 'NONE', *, *, #3877, .F. ) ;
#499 = DIRECTION ( 'NONE',  ( -1.000000000000000000, -5.334274688628681815E-15, 0.000000000000000000 ) ) ;
#500 = ORIENTED_EDGE ( 'NONE', *, *, #2449, .F. ) ;
#501 = EDGE_CURVE ( 'NONE', #6331, #7238, #6951, .T. ) ;
#502 = DIRECTION ( 'NONE',  ( -0.9899499129764925964, -0.1414184209989441110, 0.000000000000000000 ) ) ;
#503 = DIRECTION ( 'NONE',  ( 0.9899499129764927075, 0.1414184209989443053, 2.489355766832120636E-15 ) ) ;
#504 = VERTEX_POINT ( 'NONE', #4282 ) ;
#505 = EDGE_CURVE ( 'NONE', #5464, #5289, #1043, .T. ) ;
#506 = ADVANCED_FACE ( 'NONE', ( #6392 ), #8240, .T. ) ;
#507 = VECTOR ( 'NONE', #6287, 1000.000000000000114 ) ;
#508 = ORIENTED_EDGE ( 'NONE', *, *, #3447, .T. ) ;
#509 = ORIENTED_EDGE ( 'NONE', *, *, #4296, .T. ) ;
#510 = DIRECTION ( 'NONE',  ( 0.5671072145501000472, -0.4758594545669649345, 0.6722701738917602476 ) ) ;
#511 = ORIENTED_EDGE ( 'NONE', *, *, #8357, .T. ) ;
#512 = CARTESIAN_POINT ( 'NONE',  ( 16.06644172404391213, 11.06284411194225292, 8.495331880577403183 ) ) ;
#513 =( BOUNDED_CURVE ( )  B_SPLINE_CURVE ( 3, ( #5049, #353, #7040, #3168 ),
 .UNSPECIFIED., .F., .F. ) 
 B_SPLINE_CURVE_WITH_KNOTS ( ( 4, 4 ),
 ( 5.759586531581282642, 6.283185307179586232 ),
 .UNSPECIFIED. ) 
 CURVE ( )  GEOMETRIC_REPRESENTATION_ITEM ( )  RATIONAL_B_SPLINE_CURVE ( ( 1.000000000000000000, 0.9772838841927118381, 0.9772838841927118381, 1.000000000000000000 ) ) 
 REPRESENTATION_ITEM ( '' )  );
#514 = CIRCLE ( 'NONE', #8499, 20.95710678118654968 ) ;
#515 = DIRECTION ( 'NONE',  ( -0.9899499129764925964, -0.1414184209989443330, -1.073305846300949286E-16 ) ) ;
#516 = EDGE_CURVE ( 'NONE', #8308, #6198, #1830, .T. ) ;
#517 = DIRECTION ( 'NONE',  ( 1.000000000000000000, 0.000000000000000000, 0.000000000000000000 ) ) ;
#518 = AXIS2_PLACEMENT_3D ( 'NONE', #8077, #2870, #6354 ) ;
#519 = ORIENTED_EDGE ( 'NONE', *, *, #6753, .F. ) ;
#520 = VECTOR ( 'NONE', #1115, 1000.000000000000000 ) ;
#521 = DIRECTION ( 'NONE',  ( 1.000000000000000000, 0.000000000000000000, 0.000000000000000000 ) ) ;
#522 = TOROIDAL_SURFACE ( 'NONE', #6169, 19.50000000000000000, 0.5000000000000000000 ) ;
#523 = ORIENTED_EDGE ( 'NONE', *, *, #5332, .T. ) ;
#524 = CARTESIAN_POINT ( 'NONE',  ( 46.27147808886908109, 17.66558831727413192, 19.79469421902582127 ) ) ;
#525 = CARTESIAN_POINT ( 'NONE',  ( 6.606990254146524855, 8.034845121081765740, 2.000000000000000000 ) ) ;
#526 = CARTESIAN_POINT ( 'NONE',  ( 22.00113461188209740, 18.19113980308874190, 7.203090613293326783 ) ) ;
#527 = AXIS2_PLACEMENT_3D ( 'NONE', #2095, #4585, #7209 ) ;
#528 = PLANE ( 'NONE',  #4107 ) ;
#529 = CARTESIAN_POINT ( 'NONE',  ( 4.317543184819735202, 29.43897857688687836, -2.728232637143271244 ) ) ;
#530 = AXIS2_PLACEMENT_3D ( 'NONE', #439, #7735, #5700 ) ;
#531 = DIRECTION ( 'NONE',  ( -9.930073858567528640E-34, -1.418551935884518590E-34, -1.000000000000000000 ) ) ;
#532 = SPHERICAL_SURFACE ( 'NONE', #2197, 1.000000000000000000 ) ;
#533 = ORIENTED_EDGE ( 'NONE', *, *, #2320, .T. ) ;
#534 = CARTESIAN_POINT ( 'NONE',  ( 44.97303107648767906, 20.95286818142009722, 26.04650020069337302 ) ) ;
#535 = FACE_OUTER_BOUND ( 'NONE', #3761, .T. ) ;
#536 = DIRECTION ( 'NONE',  ( -0.6427876096865405842, -0.7660444431189771253, 0.000000000000000000 ) ) ;
#537 = CARTESIAN_POINT ( 'NONE',  ( -6.394298844283386352, 17.70957917391962155, 19.36410350537952851 ) ) ;
#538 = CARTESIAN_POINT ( 'NONE',  ( 4.595640883100121421, 8.353798932692168222, 6.500000000000001776 ) ) ;
#539 = CARTESIAN_POINT ( 'NONE',  ( 26.46106121030195979, 7.224771826409572384, 6.500000000000000888 ) ) ;
#540 = CARTESIAN_POINT ( 'NONE',  ( 39.61384056338228987, 16.59109419367207039, 7.457106781186551459 ) ) ;
#541 = EDGE_CURVE ( 'NONE', #4478, #5771, #3717, .T. ) ;
#542 = CARTESIAN_POINT ( 'NONE',  ( 5.421010862427522170E-16, 21.19113980308874190, 5.000000000000000000 ) ) ;
#543 = ORIENTED_EDGE ( 'NONE', *, *, #7560, .T. ) ;
#544 = CARTESIAN_POINT ( 'NONE',  ( 20.55215765794534377, 1.872163087572090712, 6.500000000000000888 ) ) ;
#545 = ADVANCED_FACE ( 'NONE', ( #3640 ), #3125, .F. ) ;
#547 = ORIENTED_EDGE ( 'NONE', *, *, #8102, .T. ) ;
#546 = EDGE_CURVE ( 'NONE', #1281, #44, #6475, .T. ) ;
#548 = VECTOR ( 'NONE', #3039, 1000.000000000000000 ) ;
#549 = CARTESIAN_POINT ( 'NONE',  ( -0.6571556738766555217, 24.22943773662143840, 11.21874132306727390 ) ) ;
#550 = EDGE_LOOP ( 'NONE', ( #1904, #6029, #140 ) ) ;
#551 = DIRECTION ( 'NONE',  ( 1.000000000000000000, 0.000000000000000000, 0.000000000000000000 ) ) ;
#552 = CARTESIAN_POINT ( 'NONE',  ( 33.46370190907585851, 18.19113980308873835, 9.796909386707190137 ) ) ;
#553 = VERTEX_POINT ( 'NONE', #5741 ) ;
#554 = ORIENTED_EDGE ( 'NONE', *, *, #1386, .T. ) ;
#555 = ADVANCED_FACE ( 'NONE', ( #8369 ), #2217, .T. ) ;
#556 = ORIENTED_EDGE ( 'NONE', *, *, #3184, .F. ) ;
#557 = CARTESIAN_POINT ( 'NONE',  ( 13.00000000000000355, 14.00554976279612873, 16.00000000000000000 ) ) ;
#558 = ORIENTED_EDGE ( 'NONE', *, *, #7875, .F. ) ;
#559 = FACE_OUTER_BOUND ( 'NONE', #3099, .T. ) ;
#560 = CARTESIAN_POINT ( 'NONE',  ( 19.65365543858517583, 1.025259736534324562, 10.50000000000000000 ) ) ;
#561 = DIRECTION ( 'NONE',  ( 0.000000000000000000, 0.000000000000000000, -1.000000000000000000 ) ) ;
#562 = VECTOR ( 'NONE', #561, 1000.000000000000000 ) ;
#563 = VERTEX_POINT ( 'NONE', #7043 ) ;
#564 =( BOUNDED_SURFACE ( )  B_SPLINE_SURFACE ( 3, 2, ( 
 ( #3933, #1256, #5907 ),
 ( #7890, #7850, #4494 ),
 ( #96, #4019, #2635 ),
 ( #3205, #1910, #7980 ) ),
 .UNSPECIFIED., .F., .F., .F. ) 
 B_SPLINE_SURFACE_WITH_KNOTS ( ( 4, 4 ),
 ( 3, 3 ),
 ( 0.000000000000000000, 0.007492809302550230109 ),
 ( 0.000000000000000000, 1.000000000000000000 ),
 .UNSPECIFIED. ) 
 GEOMETRIC_REPRESENTATION_ITEM ( )  RATIONAL_B_SPLINE_SURFACE ( (
 ( 1.000000000000000000, 0.6418534225881383781, 1.000000000000000000),
 ( 1.000000000000000000, 0.6418643011353719618, 1.000000000000000000),
 ( 1.000000000000000000, 0.6418746702940104631, 1.000000000000000000),
 ( 1.000000000000000000, 0.6418855491214172648, 1.000000000000000000) ) ) 
 REPRESENTATION_ITEM ( '' )  SURFACE ( )  );
#565 = ADVANCED_FACE ( 'NONE', ( #2997 ), #2517, .F. ) ;
#566 = DIRECTION ( 'NONE',  ( 0.1414184209989447494, -0.9899499129764927075, 0.000000000000000000 ) ) ;
#567 = EDGE_LOOP ( 'NONE', ( #680, #2802, #2256, #8053 ) ) ;
#568 = CARTESIAN_POINT ( 'NONE',  ( 4.830006801858593768, 17.47701751518480506, 21.44043760630688666 ) ) ;
#569 = CARTESIAN_POINT ( 'NONE',  ( 51.39213054638370437, 18.19624109611205753, 6.926781499465707981 ) ) ;
#570 = CARTESIAN_POINT ( 'NONE',  ( 35.18422235370551476, 17.37470171558809184, 22.24791426145675644 ) ) ;
#571 = VECTOR ( 'NONE', #5408, 1000.000000000000114 ) ;
#572 = LINE ( 'NONE', #4967, #7131 ) ;
#573 = DIRECTION ( 'NONE',  ( 0.000000000000000000, 0.8464124915001607352, -0.5325278342326253966 ) ) ;
#574 = DIRECTION ( 'NONE',  ( 0.000000000000000000, 0.000000000000000000, 1.000000000000000000 ) ) ;
#575 = DIRECTION ( 'NONE',  ( 0.000000000000000000, -1.000000000000000000, 0.000000000000000000 ) ) ;
#576 = ORIENTED_EDGE ( 'NONE', *, *, #6621, .T. ) ;
#577 = CARTESIAN_POINT ( 'NONE',  ( 47.40483542659831784, 23.53261802527601887, 1.726674565092956026 ) ) ;
#578 = DIRECTION ( 'NONE',  ( 0.6531958121733352218, -0.4898998853091171002, -0.5773502691896235106 ) ) ;
#579 = CARTESIAN_POINT ( 'NONE',  ( 19.75347607711569964, 0.9928329650751536173, 10.40808223624597062 ) ) ;
#580 = CARTESIAN_POINT ( 'NONE',  ( -16.89616088288932616, 18.19041080709515512, 6.828369067004335768 ) ) ;
#581 = CARTESIAN_POINT ( 'NONE',  ( -1.009793624742146179, 24.17906195342690623, 5.875709437382610645 ) ) ;
#582 = CARTESIAN_POINT ( 'NONE',  ( 32.40483542659831784, 18.59586620634634713, 7.500000000000000888 ) ) ;
#583 = CARTESIAN_POINT ( 'NONE',  ( 43.10411618266272171, 18.08537695462305095, 2.715079664854984642 ) ) ;
#584 = CARTESIAN_POINT ( 'NONE',  ( 3.722919877824231616, 19.33888889117907439, -3.485971374351646723 ) ) ;
#585 = EDGE_LOOP ( 'NONE', ( #3145, #3896, #5048, #809, #2 ) ) ;
#586 = B_SPLINE_CURVE_WITH_KNOTS ( 'NONE', 3,
 ( #4137, #127, #6755, #2762 ),
 .UNSPECIFIED., .F., .F.,
 ( 4, 4 ),
 ( 0.000000000000000000, 0.0001594167352026128800 ),
 .UNSPECIFIED. ) ;
#587 = DIRECTION ( 'NONE',  ( -0.9899499129764927075, -0.1414184209989443608, -0.000000000000000000 ) ) ;
#588 = ORIENTED_EDGE ( 'NONE', *, *, #4505, .T. ) ;
#589 = CARTESIAN_POINT ( 'NONE',  ( 15.07490136790857171, 13.83224085954807059, 6.500000000000000888 ) ) ;
#590 = VERTEX_POINT ( 'NONE', #2349 ) ;
#591 = CARTESIAN_POINT ( 'NONE',  ( 39.58570021431161479, 18.18854554773242782, 10.49999999999982059 ) ) ;
#592 = CARTESIAN_POINT ( 'NONE',  ( 3.722964681832331646, 17.46002903365550551, 21.57770320692674204 ) ) ;
#593 = VERTEX_POINT ( 'NONE', #7596 ) ;
#594 = EDGE_CURVE ( 'NONE', #954, #3937, #6216, .T. ) ;
#595 = EDGE_CURVE ( 'NONE', #2127, #6852, #7428, .T. ) ;
#596 = VERTEX_POINT ( 'NONE', #5691 ) ;
#597 = ORIENTED_EDGE ( 'NONE', *, *, #3521, .T. ) ;
#598 = DIRECTION ( 'NONE',  ( 0.000000000000000000, 1.000000000000000000, 0.000000000000000000 ) ) ;
#599 = VERTEX_POINT ( 'NONE', #4412 ) ;
#600 = DIRECTION ( 'NONE',  ( -1.000000000000000000, 0.000000000000000000, 0.000000000000000000 ) ) ;
#601 = VECTOR ( 'NONE', #3848, 1000.000000000000000 ) ;
#602 = DIRECTION ( 'NONE',  ( 0.5541259389504413768, -0.8324328464100222424, 0.000000000000000000 ) ) ;
#603 = CARTESIAN_POINT ( 'NONE',  ( 39.91235070371810423, 18.19113980308874190, 7.457106781186554123 ) ) ;
#604 = ADVANCED_FACE ( 'NONE', ( #2085 ), #5386, .T. ) ;
#605 = ORIENTED_EDGE ( 'NONE', *, *, #3674, .T. ) ;
#606 = ORIENTED_EDGE ( 'NONE', *, *, #6041, .T. ) ;
#607 = CARTESIAN_POINT ( 'NONE',  ( 4.529941249149497473, 17.46232744714249918, 21.55912810285808945 ) ) ;
#608 = CARTESIAN_POINT ( 'NONE',  ( 8.566721091408597388, 25.54710651009852640, -0.8871907880906393373 ) ) ;
#609 = DIRECTION ( 'NONE',  ( 0.000000000000000000, -0.000000000000000000, -1.000000000000000000 ) ) ;
#610 = CARTESIAN_POINT ( 'NONE',  ( 18.01830982639743439, -0.5162075083114227025, 10.57270251735395128 ) ) ;
#611 = EDGE_CURVE ( 'NONE', #2437, #2117, #4577, .T. ) ;
#612 =( BOUNDED_CURVE ( )  B_SPLINE_CURVE ( 3, ( #4439, #5217, #7846, #3798 ),
 .UNSPECIFIED., .F., .F. ) 
 B_SPLINE_CURVE_WITH_KNOTS ( ( 4, 4 ),
 ( 4.709797422883226226, 4.712388980384693227 ),
 .UNSPECIFIED. ) 
 CURVE ( )  GEOMETRIC_REPRESENTATION_ITEM ( )  RATIONAL_B_SPLINE_CURVE ( ( 1.000000000000000000, 0.9999994403192213888, 0.9999994403192213888, 1.000000000000000000 ) ) 
 REPRESENTATION_ITEM ( '' )  );
#613 = AXIS2_PLACEMENT_3D ( 'NONE', #5027, #3742, #5716 ) ;
#614 = LINE ( 'NONE', #3385, #1730 ) ;
#615 = ORIENTED_EDGE ( 'NONE', *, *, #5202, .T. ) ;
#616 = LINE ( 'NONE', #7303, #751 ) ;
#617 = CARTESIAN_POINT ( 'NONE',  ( 4.331040939376643806, 6.946007961150285404, 6.499999999999860556 ) ) ;
#618 = CARTESIAN_POINT ( 'NONE',  ( 19.81897866331130587, 0.2259213430878853068, 7.257506737257496177 ) ) ;
#619 = LINE ( 'NONE', #7343, #6584 ) ;
#620 = AXIS2_PLACEMENT_3D ( 'NONE', #5564, #6133, #5523 ) ;
#621 = DIRECTION ( 'NONE',  ( 0.9855777770139453331, -0.1351019616186307226, -0.1019014495630356093 ) ) ;
#622 = CARTESIAN_POINT ( 'NONE',  ( 47.20946940909427525, 20.68832980107173825, -34.62734966006343740 ) ) ;
#623 = EDGE_CURVE ( 'NONE', #1153, #170, #4404, .T. ) ;
#624 = PLANE ( 'NONE',  #7036 ) ;
#625 = VECTOR ( 'NONE', #4679, 1000.000000000000000 ) ;
#626 = AXIS2_PLACEMENT_3D ( 'NONE', #5108, #4586, #4547 ) ;
#627 = CARTESIAN_POINT ( 'NONE',  ( 38.76774932685381003, 17.46189270196255094, 21.56247036975533860 ) ) ;
#628 = ORIENTED_EDGE ( 'NONE', *, *, #2927, .T. ) ;
#629 = CARTESIAN_POINT ( 'NONE',  ( 23.00000000000000000, 5.013277889658524167, 6.500000000000000888 ) ) ;
#630 = EDGE_LOOP ( 'NONE', ( #5898, #1511, #219, #2493 ) ) ;
#631 = CARTESIAN_POINT ( 'NONE',  ( 16.46245746477759297, -2.000000000000000888, 5.565868061924165389 ) ) ;
#632 = VERTEX_POINT ( 'NONE', #4702 ) ;
#633 = CIRCLE ( 'NONE', #3395, 20.00000000000000355 ) ;
#634 = CARTESIAN_POINT ( 'NONE',  ( -0.7985740948755946089, 25.21938764959793389, -5.590280349210904554 ) ) ;
#635 = CARTESIAN_POINT ( 'NONE',  ( -7.629351810749994911, 23.23343081177860370, 5.875709437382749201 ) ) ;
#636 = ORIENTED_EDGE ( 'NONE', *, *, #8282, .T. ) ;
#637 = EDGE_CURVE ( 'NONE', #44, #7121, #1792, .T. ) ;
#638 = ORIENTED_EDGE ( 'NONE', *, *, #3992, .F. ) ;
#639 = ORIENTED_EDGE ( 'NONE', *, *, #5471, .T. ) ;
#640 = ADVANCED_FACE ( 'NONE', ( #4659 ), #7368, .F. ) ;
#641 = CARTESIAN_POINT ( 'NONE',  ( -5.663073924716699459, 24.27193579108354271, 8.500000000000000000 ) ) ;
#642 = DIRECTION ( 'NONE',  ( -0.9899499129764924854, -0.1414184209989447771, 0.000000000000000000 ) ) ;
#643 = ORIENTED_EDGE ( 'NONE', *, *, #8283, .F. ) ;
#644 = DIRECTION ( 'NONE',  ( 0.9907350496360611825, -0.1358089151073354484, 0.000000000000000000 ) ) ;
#645 = CARTESIAN_POINT ( 'NONE',  ( 29.92526076113333033, 10.50776863210660217, 10.50000000000000000 ) ) ;
#646 = PLANE ( 'NONE',  #8168 ) ;
#647 = CARTESIAN_POINT ( 'NONE',  ( -21.45155730136991323, 21.25887184725443646, 14.26051306681525865 ) ) ;
#648 = EDGE_LOOP ( 'NONE', ( #76, #212, #2531, #2247, #1248, #2811, #6385, #7395 ) ) ;
#649 = VECTOR ( 'NONE', #8299, 1000.000000000000114 ) ;
#650 = ORIENTED_EDGE ( 'NONE', *, *, #5497, .F. ) ;
#651 = LINE ( 'NONE', #5306, #5300 ) ;
#652 = EDGE_CURVE ( 'NONE', #8483, #5206, #1423, .T. ) ;
#653 = ADVANCED_FACE ( 'NONE', ( #211 ), #2124, .T. ) ;
#654 = CARTESIAN_POINT ( 'NONE',  ( -8.810573794136109527, 15.28836008512173272, 20.28092358067976875 ) ) ;
#655 = CARTESIAN_POINT ( 'NONE',  ( 40.41235070371810423, 18.18997571433710192, 9.749999999999994671 ) ) ;
#656 = CARTESIAN_POINT ( 'NONE',  ( 18.20597274601407634, -0.3393175337976025441, 10.55567631361695291 ) ) ;
#657 = AXIS2_PLACEMENT_3D ( 'NONE', #5615, #8324, #3127 ) ;
#658 = COLOUR_RGB ( '',0.7921568627450980005, 0.8196078431372548767, 0.9333333333333333481 ) ;
#659 = CIRCLE ( 'NONE', #3560, 20.95710678118656389 ) ;
#660 = CARTESIAN_POINT ( 'NONE',  ( -4.794407181312116961, 18.19113980308874190, 8.500000000000000000 ) ) ;
#661 = VERTEX_POINT ( 'NONE', #7772 ) ;
#662 = CARTESIAN_POINT ( 'NONE',  ( 35.64005297390797011, 20.09856402677708331, 61.23632935999681592 ) ) ;
#663 = EDGE_CURVE ( 'NONE', #3328, #2924, #4101, .T. ) ;
#664 = AXIS2_PLACEMENT_3D ( 'NONE', #7503, #7426, #822 ) ;
#666 = CIRCLE ( 'NONE', #7968, 0.5000000000000023315 ) ;
#665 = CARTESIAN_POINT ( 'NONE',  ( 3.467932337585652114, 9.611569374448679426, 6.500000000000000888 ) ) ;
#667 = CARTESIAN_POINT ( 'NONE',  ( 27.08206293015177124, 6.703689512323136590, 9.896446609406723383 ) ) ;
#668 = CARTESIAN_POINT ( 'NONE',  ( -17.42509863149369309, 18.19006245294532675, 6.749999999999959144 ) ) ;
#669 = CARTESIAN_POINT ( 'NONE',  ( -7.359681230696777376, 23.27195436445705568, 12.07123254422097958 ) ) ;
#670 = CARTESIAN_POINT ( 'NONE',  ( 18.41541241179538702, -0.1419003186768429126, 10.54100107201823100 ) ) ;
#671 = DIRECTION ( 'NONE',  ( 0.000000000000000000, 0.000000000000000000, 1.000000000000000000 ) ) ;
#672 = CARTESIAN_POINT ( 'NONE',  ( 5.074901367908573491, 4.962140093743794612E-16, 6.500000000000000888 ) ) ;
#673 = ORIENTED_EDGE ( 'NONE', *, *, #3841, .T. ) ;
#674 = CARTESIAN_POINT ( 'NONE',  ( 32.40483542659831784, 18.19113980308874190, 6.500000000000000888 ) ) ;
#675 = ORIENTED_EDGE ( 'NONE', *, *, #4813, .F. ) ;
#676 = CARTESIAN_POINT ( 'NONE',  ( 23.00000000000000000, 4.235415976228324553, 10.50000000000000000 ) ) ;
#677 = ORIENTED_EDGE ( 'NONE', *, *, #4155, .F. ) ;
#678 = CARTESIAN_POINT ( 'NONE',  ( -6.384071361585118787, 23.15878622197761771, 10.62205390366387370 ) ) ;
#679 = CARTESIAN_POINT ( 'NONE',  ( 32.74143353297743886, 19.20480553196296825, 9.558351597048035941 ) ) ;
#680 = ORIENTED_EDGE ( 'NONE', *, *, #2362, .F. ) ;
#681 = ORIENTED_EDGE ( 'NONE', *, *, #3363, .T. ) ;
#682 = ORIENTED_EDGE ( 'NONE', *, *, #4715, .F. ) ;
#683 = DIRECTION ( 'NONE',  ( -0.000000000000000000, -0.000000000000000000, -1.000000000000000000 ) ) ;
#684 = CARTESIAN_POINT ( 'NONE',  ( 4.115266738269844460, 29.46670641872289664, -0.9031512080691327382 ) ) ;
#685 = ORIENTED_EDGE ( 'NONE', *, *, #1501, .F. ) ;
#686 = CARTESIAN_POINT ( 'NONE',  ( 3.361622225249539575, 24.52325725124947908, 17.00020556183143938 ) ) ;
#687 = DIRECTION ( 'NONE',  ( 0.000000000000000000, 0.000000000000000000, -1.000000000000000000 ) ) ;
#688 = CARTESIAN_POINT ( 'NONE',  ( 55.42940843595008005, 20.11110936274824113, 12.00000000000000000 ) ) ;
#689 = CARTESIAN_POINT ( 'NONE',  ( -26.34540142444717148, 20.55976606469232593, 12.54409222050663075 ) ) ;
#690 = VERTEX_POINT ( 'NONE', #3374 ) ;
#691 = VERTEX_POINT ( 'NONE', #5945 ) ;
#692 = CARTESIAN_POINT ( 'NONE',  ( 5.351249331820620903, 17.52408643378058528, 21.05211210632796792 ) ) ;
#693 = CARTESIAN_POINT ( 'NONE',  ( 0.4347604216980475167, 16.61059065962344405, 21.39447552863444457 ) ) ;
#694 = LINE ( 'NONE', #3340, #3422 ) ;
#695 = CARTESIAN_POINT ( 'NONE',  ( 19.22456863522486614, 0.6208050159871228990, 10.50355451515893712 ) ) ;
#696 = AXIS2_PLACEMENT_3D ( 'NONE', #5603, #1168, #517 ) ;
#697 = CARTESIAN_POINT ( 'NONE',  ( -23.92509863149369664, 18.19113980298909183, 9.796909386706674994 ) ) ;
#698 = EDGE_CURVE ( 'NONE', #7295, #8142, #5996, .T. ) ;
#699 = ADVANCED_FACE ( 'NONE', ( #7977 ), #6640, .T. ) ;
#700 = EDGE_CURVE ( 'NONE', #8213, #5162, #4142, .T. ) ;
#701 = LINE ( 'NONE', #6525, #3664 ) ;
#702 = CARTESIAN_POINT ( 'NONE',  ( 13.00000000000000355, 14.00554976279612873, 16.00000000000000000 ) ) ;
#703 = CIRCLE ( 'NONE', #1814, 2.000000000000000444 ) ;
#704 = CARTESIAN_POINT ( 'NONE',  ( 5.225820116433489204, 5.935298195697310319, 6.499999999999999112 ) ) ;
#705 = CARTESIAN_POINT ( 'NONE',  ( 6.579886473998325158, 8.002544093717267160, 2.000000000000000000 ) ) ;
#706 = CARTESIAN_POINT ( 'NONE',  ( 47.40483542659831784, 6.731691887883567205, 26.62213617543240218 ) ) ;
#707 = CARTESIAN_POINT ( 'NONE',  ( 41.40602515836695119, 18.18219369108033945, 11.12142580015779458 ) ) ;
#708 = CARTESIAN_POINT ( 'NONE',  ( 19.65365543858517583, 1.025259736534324562, 10.50000000000000000 ) ) ;
#709 = DIRECTION ( 'NONE',  ( 1.000000000000000000, 0.000000000000000000, 0.000000000000000000 ) ) ;
#710 = ADVANCED_FACE ( 'NONE', ( #5427 ), #7931, .F. ) ;
#711 = DIRECTION ( 'NONE',  ( 0.6945643812950940132, 0.7194305527541648981, 0.000000000000000000 ) ) ;
#712 = ORIENTED_EDGE ( 'NONE', *, *, #137, .F. ) ;
#713 = DIRECTION ( 'NONE',  ( 1.000000000000000000, 0.000000000000000000, -0.000000000000000000 ) ) ;
#714 = VERTEX_POINT ( 'NONE', #3415 ) ;
#715 = CARTESIAN_POINT ( 'NONE',  ( 16.53270601970019626, -1.916281032296434761, 11.04401386124760442 ) ) ;
#716 = EDGE_LOOP ( 'NONE', ( #2121, #6594, #2165, #6251 ) ) ;
#717 = B_SPLINE_CURVE_WITH_KNOTS ( 'NONE', 3,
 ( #112, #25, #1315, #152, #4080, #3952, #6699, #6576, #3436, #3309, #6054, #2789, #5923, #7905, #3908, #8511, #7265, #1362, #2269, #309, #2911, #4929, #6180, #3473, #3600, #271, #998, #4242, #6869, #2311, #230, #8076, #1608, #8202 ),
 .UNSPECIFIED., .F., .F.,
 ( 4, 1, 1, 2, 2, 1, 1, 1, 1, 1, 1, 1, 1, 2, 2, 1, 1, 1, 2, 2, 1, 1, 1, 1, 1, 4 ),
 ( 0.3335401913862254264, 0.4880436731473799528, 0.4977001407574521696, 0.4989071992087111829, 0.5001142576599701961, 0.5025283745624882226, 0.5073566083675239424, 0.5266695435876673770, 0.5652954140279543571, 0.6425471549085284284, 0.7197988957891023887, 0.7391118310092459343, 0.7487682986193178181, 0.7499753570705767203, 0.7511824155218356225, 0.7535965324243536489, 0.7584247662293894798, 0.7970506366696760159, 0.8743023775502491990, 0.8755094360015081012, 0.8767164944527670034, 0.8791306113552850299, 0.8839588451603208608, 0.8936153127703925225, 0.9129282479905356240, 0.9515541184308220490 ),
 .UNSPECIFIED. ) ;
#718 = DIRECTION ( 'NONE',  ( 0.9796948150902459185, -0.1342955314062676264, 0.1488716881398110536 ) ) ;
#719 = CARTESIAN_POINT ( 'NONE',  ( 32.40483542659831784, 18.59586620634634713, 9.500000000000001776 ) ) ;
#720 = ORIENTED_EDGE ( 'NONE', *, *, #8181, .T. ) ;
#721 = EDGE_CURVE ( 'NONE', #3585, #1250, #909, .T. ) ;
#722 = VERTEX_POINT ( 'NONE', #6037 ) ;
#723 = CARTESIAN_POINT ( 'NONE',  ( 42.51513640388095183, -6.246196747414927586, 6.499999999999999112 ) ) ;
#724 = VERTEX_POINT ( 'NONE', #7415 ) ;
#725 = CARTESIAN_POINT ( 'NONE',  ( -17.42509863149369309, 18.19006245294532675, 6.749999999999959144 ) ) ;
#726 = PLANE ( 'NONE',  #3429 ) ;
#727 = ORIENTED_EDGE ( 'NONE', *, *, #2873, .F. ) ;
#728 = CARTESIAN_POINT ( 'NONE',  ( -17.42509863149369664, 19.69113980308874190, 6.749999999999999112 ) ) ;
#729 = CARTESIAN_POINT ( 'NONE',  ( 46.07233747320494643, 11.30025085201537571, 2.768179201480560625 ) ) ;
#730 = DIRECTION ( 'NONE',  ( 0.000000000000000000, -0.000000000000000000, -1.000000000000000000 ) ) ;
#731 = CARTESIAN_POINT ( 'NONE',  ( -21.32139716339236202, 21.27746575876483703, 13.13549425941742932 ) ) ;
#732 = ADVANCED_FACE ( 'NONE', ( #1508, #1222 ), #849, .T. ) ;
#733 = ORIENTED_EDGE ( 'NONE', *, *, #6783, .T. ) ;
#734 = AXIS2_PLACEMENT_3D ( 'NONE', #4220, #209, #4780 ) ;
#735 = ORIENTED_EDGE ( 'NONE', *, *, #1658, .T. ) ;
#736 = CARTESIAN_POINT ( 'NONE',  ( 53.91712193127420960, 18.19113980308875611, 8.500000000000000000 ) ) ;
#737 = CARTESIAN_POINT ( 'NONE',  ( -15.74965344558196989, 14.29651495946561468, 19.45558001306697449 ) ) ;
#738 = CARTESIAN_POINT ( 'NONE',  ( 6.074901368506302468, 18.99768536292732435, 18.40722103949578070 ) ) ;
#739 = CARTESIAN_POINT ( 'NONE',  ( 17.50677710221683014, -0.9983752734092541381, 10.63536727551585415 ) ) ;
#740 = VECTOR ( 'NONE', #2337, 1000.000000000000000 ) ;
#741 = PLANE ( 'NONE',  #5616 ) ;
#742 = CARTESIAN_POINT ( 'NONE',  ( 19.65365543858517583, 1.025259736534324562, 10.50000000000000000 ) ) ;
#743 = CARTESIAN_POINT ( 'NONE',  ( 39.56551485071835828, 20.21505913051358405, 9.591659368059868740 ) ) ;
#744 = CARTESIAN_POINT ( 'NONE',  ( 4.467932339929592267, 9.669673584359454566, 6.500000000000000888 ) ) ;
#745 = LINE ( 'NONE', #4591, #625 ) ;
#746 = LINE ( 'NONE', #3390, #5088 ) ;
#747 = EDGE_CURVE ( 'NONE', #451, #2596, #2331, .T. ) ;
#748 = DIRECTION ( 'NONE',  ( -0.6007449298320940434, 0.7994407603325166534, 0.000000000000000000 ) ) ;
#749 = CARTESIAN_POINT ( 'NONE',  ( 40.41235070371810423, 18.18997571433710192, 6.499999999999999112 ) ) ;
#750 = CARTESIAN_POINT ( 'NONE',  ( 22.00113461188209740, -77.08536014839516781, 7.203090613293326783 ) ) ;
#751 = VECTOR ( 'NONE', #786, 1000.000000000000000 ) ;
#752 = CARTESIAN_POINT ( 'NONE',  ( 12.24132009031563229, -10.27168717290691369, 10.35355339059327662 ) ) ;
#753 = ORIENTED_EDGE ( 'NONE', *, *, #3496, .T. ) ;
#754 = FACE_OUTER_BOUND ( 'NONE', #6143, .T. ) ;
#755 = ORIENTED_EDGE ( 'NONE', *, *, #824, .T. ) ;
#756 = AXIS2_PLACEMENT_3D ( 'NONE', #6821, #6908, #4881 ) ;
#757 = CARTESIAN_POINT ( 'NONE',  ( 23.00000000000000000, 5.791139803088733551, 9.500000000000003553 ) ) ;
#758 = ORIENTED_EDGE ( 'NONE', *, *, #2051, .F. ) ;
#759 = EDGE_CURVE ( 'NONE', #3926, #451, #5315, .T. ) ;
#760 = EDGE_CURVE ( 'NONE', #1850, #6072, #7348, .T. ) ;
#761 = EDGE_CURVE ( 'NONE', #8481, #6335, #98, .T. ) ;
#762 = DIRECTION ( 'NONE',  ( 0.000000000000000000, -1.000000000000000000, 0.000000000000000000 ) ) ;
#763 = CARTESIAN_POINT ( 'NONE',  ( 3.792064526508403421, 24.86502716106337374, 16.14841056455816215 ) ) ;
#764 = AXIS2_PLACEMENT_3D ( 'NONE', #2996, #5904, #6264 ) ;
#765 = CIRCLE ( 'NONE', #2700, 4.249999999999998224 ) ;
#766 = ORIENTED_EDGE ( 'NONE', *, *, #447, .F. ) ;
#767 = FACE_OUTER_BOUND ( 'NONE', #716, .T. ) ;
#768 = DIRECTION ( 'NONE',  ( -0.9899499129764927075, -0.1414184209989442775, -7.486784261149247590E-17 ) ) ;
#769 = DIRECTION ( 'NONE',  ( -1.000000000000000000, 0.000000000000000000, 2.493664996716660198E-15 ) ) ;
#770 = ORIENTED_EDGE ( 'NONE', *, *, #7232, .T. ) ;
#771 = CARTESIAN_POINT ( 'NONE',  ( -23.92509863149369664, 18.19113980298909183, 7.203090613293326783 ) ) ;
#772 = EDGE_CURVE ( 'NONE', #4276, #496, #3861, .T. ) ;
#773 = DIRECTION ( 'NONE',  ( 0.000000000000000000, 0.000000000000000000, -1.000000000000000000 ) ) ;
#774 = CARTESIAN_POINT ( 'NONE',  ( 33.40483542659831784, 17.32830995514898831, 22.59028034921090722 ) ) ;
#775 = ORIENTED_EDGE ( 'NONE', *, *, #1724, .T. ) ;
#776 = CYLINDRICAL_SURFACE ( 'NONE', #6205, 2.000000000000000000 ) ;
#777 = ORIENTED_EDGE ( 'NONE', *, *, #99, .T. ) ;
#778 = ORIENTED_EDGE ( 'NONE', *, *, #6339, .T. ) ;
#779 = CARTESIAN_POINT ( 'NONE',  ( 16.44644265452691201, -2.000000000000000444, 5.812171462283287404 ) ) ;
#780 = ADVANCED_FACE ( 'NONE', ( #1587 ), #2935, .T. ) ;
#781 = CARTESIAN_POINT ( 'NONE',  ( 4.760896236455348429, 17.23020681241399643, 21.92617342332189168 ) ) ;
#782 = CARTESIAN_POINT ( 'NONE',  ( -16.99903707223351645, 18.19028614067553207, 10.20070592330684356 ) ) ;
#783 = DIRECTION ( 'NONE',  ( -0.000000000000000000, -0.000000000000000000, -1.000000000000000000 ) ) ;
#784 = TOROIDAL_SURFACE ( 'NONE', #6160, 19.04289321881343966, 0.5000000000000000000 ) ;
#785 = CARTESIAN_POINT ( 'NONE',  ( -28.06256458247395713, 18.40024816616234205, 14.59483870202329392 ) ) ;
#786 = DIRECTION ( 'NONE',  ( -1.000000000000000000, 0.000000000000000000, -1.084202172485504434E-16 ) ) ;
#787 = CARTESIAN_POINT ( 'NONE',  ( 3.779238945488447854, 8.042101690843411532, 7.500000000000000888 ) ) ;
#788 = CARTESIAN_POINT ( 'NONE',  ( 20.01689681378989150, 1.332520093230662450, 10.47684392301798617 ) ) ;
#789 = CARTESIAN_POINT ( 'NONE',  ( 23.00000000000000355, 5.791139803088734439, 7.500000000000003553 ) ) ;
#790 = CIRCLE ( 'NONE', #3467, 1.000000000000000666 ) ;
#791 = CARTESIAN_POINT ( 'NONE',  ( 41.55866726605889028, 18.18907528216234226, 10.45524165805609584 ) ) ;
#792 = DIRECTION ( 'NONE',  ( -0.4156957420089222310, 0.9095037383516637597, -0.000000000000000000 ) ) ;
#793 = VECTOR ( 'NONE', #872, 1000.000000000000000 ) ;
#794 = CARTESIAN_POINT ( 'NONE',  ( 5.074901367908572603, 9.320420340454845132, 6.500000000000000888 ) ) ;
#795 = ORIENTED_EDGE ( 'NONE', *, *, #7079, .F. ) ;
#796 = AXIS2_PLACEMENT_3D ( 'NONE', #1056, #4473, #4384 ) ;
#797 = CARTESIAN_POINT ( 'NONE',  ( 38.76774932029734799, 19.21926480921703373, 20.42121956341764744 ) ) ;
#798 = VERTEX_POINT ( 'NONE', #3662 ) ;
#799 = CARTESIAN_POINT ( 'NONE',  ( -6.581989168615658414, 23.38305087752431177, 12.20048102841007065 ) ) ;
#800 = VERTEX_POINT ( 'NONE', #416 ) ;
#801 = DIRECTION ( 'NONE',  ( 0.8324328464100202440, 0.5541259389504444854, 0.000000000000000000 ) ) ;
#802 = CARTESIAN_POINT ( 'NONE',  ( -7.106493043177023239, 23.49348970669190351, 5.463291234209981084 ) ) ;
#803 = ADVANCED_FACE ( 'NONE', ( #375 ), #3622, .T. ) ;
#804 = EDGE_CURVE ( 'NONE', #3460, #690, #1676, .T. ) ;
#805 = ORIENTED_EDGE ( 'NONE', *, *, #698, .F. ) ;
#806 = CARTESIAN_POINT ( 'NONE',  ( -26.65413006669506046, 18.04515990795077940, 15.06932851940225149 ) ) ;
#807 = DIRECTION ( 'NONE',  ( 0.4898998853091096617, 0.6531958121733423273, -0.5773502691896218453 ) ) ;
#808 = DIRECTION ( 'NONE',  ( -2.493664996716660198E-15, -3.562303119717347738E-16, -1.000000000000000000 ) ) ;
#809 = ORIENTED_EDGE ( 'NONE', *, *, #2300, .F. ) ;
#810 = CARTESIAN_POINT ( 'NONE',  ( 5.047797587760372906, 9.288119313090346552, 6.500000000000000888 ) ) ;
#811 = DIRECTION ( 'NONE',  ( 0.1455979651261732899, 0.5388352739867771080, -0.8297335596796797663 ) ) ;
#812 = DIRECTION ( 'NONE',  ( -0.9899499129764928185, -0.1414184209989443608, -1.387778780781445676E-17 ) ) ;
#813 = ORIENTED_EDGE ( 'NONE', *, *, #6834, .T. ) ;
#814 = DIRECTION ( 'NONE',  ( 0.5671072145501000472, -0.4758594545669649345, -0.6722701738917600256 ) ) ;
#815 = ADVANCED_FACE ( 'NONE', ( #5591 ), #4178, .T. ) ;
#816 = ORIENTED_EDGE ( 'NONE', *, *, #5358, .T. ) ;
#817 = ORIENTED_EDGE ( 'NONE', *, *, #5869, .F. ) ;
#818 = ORIENTED_EDGE ( 'NONE', *, *, #6613, .F. ) ;
#819 = CARTESIAN_POINT ( 'NONE',  ( 19.42927106781292679, -0.02507988414581998823, 7.432873343637636410 ) ) ;
#820 = CARTESIAN_POINT ( 'NONE',  ( -6.498077637449074295, 15.61895218964773413, -3.557369091614290824 ) ) ;
#821 = LINE ( 'NONE', #3545, #4015 ) ;
#822 = DIRECTION ( 'NONE',  ( 1.000000000000000000, 7.103718563514015269E-15, 0.000000000000000000 ) ) ;
#823 = B_SPLINE_CURVE_WITH_KNOTS ( 'NONE', 3,
 ( #6878, #965, #1490, #4127, #1531, #2276, #4936, #6101, #4166, #196, #5620, #8208 ),
 .UNSPECIFIED., .F., .F.,
 ( 4, 2, 2, 2, 2, 4 ),
 ( 0.000000000000000000, 0.002266457816209614153, 0.003399686724314416892, 0.003966301178366819780, 0.004249608405393021440, 0.004532915632419223968 ),
 .UNSPECIFIED. ) ;
#824 = EDGE_CURVE ( 'NONE', #2793, #4935, #4223, .T. ) ;
#825 = CARTESIAN_POINT ( 'NONE',  ( -28.06256458244927998, 18.14387903043152050, 4.202515937837594251 ) ) ;
#826 = DIRECTION ( 'NONE',  ( 0.8324328464100202440, 0.5541259389504444854, 0.000000000000000000 ) ) ;
#827 = CARTESIAN_POINT ( 'NONE',  ( -27.49584398234896554, 18.07664148655802805, 2.528629359891789274 ) ) ;
#828 = CARTESIAN_POINT ( 'NONE',  ( 69.43571380615065891, 18.19113980308874190, 8.500000000000000000 ) ) ;
#829 = CARTESIAN_POINT ( 'NONE',  ( -17.42509863149369664, 19.69113980308874190, 8.500000000000000000 ) ) ;
#830 = DIRECTION ( 'NONE',  ( -1.399416440387491059E-15, 0.9999359047647259358, 0.01132194163334649881 ) ) ;
#831 = CARTESIAN_POINT ( 'NONE',  ( -8.123408182616033812, 24.17300494155470858, -5.590280349210904554 ) ) ;
#832 = FACE_OUTER_BOUND ( 'NONE', #3749, .T. ) ;
#833 = VECTOR ( 'NONE', #5301, 1000.000000000000000 ) ;
#834 = FACE_OUTER_BOUND ( 'NONE', #5637, .T. ) ;
#835 = VERTEX_POINT ( 'NONE', #6244 ) ;
#836 = CARTESIAN_POINT ( 'NONE',  ( 42.16014024882986178, 18.19113980308874545, 9.796909386704113487 ) ) ;
#837 =( BOUNDED_CURVE ( )  B_SPLINE_CURVE ( 3, ( #2186, #6825, #1563, #8035 ),
 .UNSPECIFIED., .F., .F. ) 
 B_SPLINE_CURVE_WITH_KNOTS ( ( 4, 4 ),
 ( 0.000000000000000000, 3.141592653589793116 ),
 .UNSPECIFIED. ) 
 CURVE ( )  GEOMETRIC_REPRESENTATION_ITEM ( )  RATIONAL_B_SPLINE_CURVE ( ( 1.000000000000000000, 0.3333333333333333703, 0.3333333333333333703, 1.000000000000000000 ) ) 
 REPRESENTATION_ITEM ( '' )  );
#838 = CARTESIAN_POINT ( 'NONE',  ( 3.467932343692218033, 9.999999999999998224, 7.500000000000000888 ) ) ;
#839 = CARTESIAN_POINT ( 'NONE',  ( 33.86825995700127123, 18.18997401930269575, 10.27173734795701776 ) ) ;
#840 = DIRECTION ( 'NONE',  ( -0.000000000000000000, -0.000000000000000000, 1.000000000000000000 ) ) ;
#841 = CARTESIAN_POINT ( 'NONE',  ( -2.325783284408104112, 24.74868149971031173, 5.963732533963029603 ) ) ;
#842 = ORIENTED_EDGE ( 'NONE', *, *, #8348, .F. ) ;
#843 = CARTESIAN_POINT ( 'NONE',  ( 69.27846782319033991, 18.21269491649535865, 10.41206099692357689 ) ) ;
#844 = VERTEX_POINT ( 'NONE', #894 ) ;
#845 = CARTESIAN_POINT ( 'NONE',  ( 20.06455229590671507, 0.3978080503382920297, 7.457106781186559452 ) ) ;
#846 = EDGE_LOOP ( 'NONE', ( #6807, #903, #7113, #2285 ) ) ;
#847 = DIRECTION ( 'NONE',  ( -0.000000000000000000, -0.000000000000000000, 1.000000000000000000 ) ) ;
#848 = CYLINDRICAL_SURFACE ( 'NONE', #5173, 0.4999999999999996114 ) ;
#849 = PLANE ( 'NONE',  #2027 ) ;
#850 = ORIENTED_EDGE ( 'NONE', *, *, #3637, .T. ) ;
#851 = EDGE_CURVE ( 'NONE', #7152, #6852, #1195, .T. ) ;
#852 = ADVANCED_FACE ( 'NONE', ( #4988 ), #6665, .F. ) ;
#853 = DIRECTION ( 'NONE',  ( 0.000000000000000000, -1.000000000000000000, 6.280355868556651189E-17 ) ) ;
#854 = ORIENTED_EDGE ( 'NONE', *, *, #4189, .T. ) ;
#855 = ORIENTED_EDGE ( 'NONE', *, *, #4672, .T. ) ;
#856 = EDGE_LOOP ( 'NONE', ( #5476, #5391, #5592 ) ) ;
#857 = CARTESIAN_POINT ( 'NONE',  ( 6.686238103072238204, 7.968348280276612350, 2.794042227842540971 ) ) ;
#858 = CARTESIAN_POINT ( 'NONE',  ( 6.778552586889381892, 17.51928526749735582, -5.178621325055398295 ) ) ;
#859 = ADVANCED_FACE ( 'NONE', ( #6158 ), #8100, .T. ) ;
#860 = EDGE_CURVE ( 'NONE', #2983, #411, #1723, .T. ) ;
#861 = ADVANCED_FACE ( 'NONE', ( #2214 ), #940, .T. ) ;
#862 = CARTESIAN_POINT ( 'NONE',  ( 33.28028043912579648, 18.19100039512121114, 7.000514015229943432 ) ) ;
#863 = LINE ( 'NONE', #1557, #2460 ) ;
#864 = CARTESIAN_POINT ( 'NONE',  ( 29.92526076113333744, 10.50776863210659329, 6.500000000000000888 ) ) ;
#865 = CARTESIAN_POINT ( 'NONE',  ( 39.89446440815520845, 18.18997571433710192, 10.26788629556288335 ) ) ;
#866 = LINE ( 'NONE', #4158, #7344 ) ;
#867 = CARTESIAN_POINT ( 'NONE',  ( 69.27846782319033991, 18.21269491649535865, 6.587939003076423994 ) ) ;
#868 = FACE_OUTER_BOUND ( 'NONE', #6069, .T. ) ;
#869 = AXIS2_PLACEMENT_3D ( 'NONE', #7200, #7886, #3371 ) ;
#870 = EDGE_CURVE ( 'NONE', #3485, #8296, #4469, .T. ) ;
#871 = CARTESIAN_POINT ( 'NONE',  ( 2.724654948140707855, 18.18996534895547512, 10.26998107930975301 ) ) ;
#872 = DIRECTION ( 'NONE',  ( -0.6945643812950939022, 0.7194305527541651202, 0.000000000000000000 ) ) ;
#873 = CARTESIAN_POINT ( 'NONE',  ( 5.047797587760372906, 9.288119313090348328, 15.00000000000000178 ) ) ;
#874 = AXIS2_PLACEMENT_3D ( 'NONE', #7727, #7636, #1041 ) ;
#875 = CARTESIAN_POINT ( 'NONE',  ( 3.722913740221040158, 19.55501377200890190, -3.360393422740671987 ) ) ;
#876 = ORIENTED_EDGE ( 'NONE', *, *, #1703, .F. ) ;
#877 = CARTESIAN_POINT ( 'NONE',  ( 8.958635169154204547, 2.798062516908188968, 0.000000000000000000 ) ) ;
#878 = CARTESIAN_POINT ( 'NONE',  ( 19.06710831562791597, 0.4723840410451359828, 6.491096956171880095 ) ) ;
#879 = CARTESIAN_POINT ( 'NONE',  ( 33.46370190907585851, 18.19113980308873835, 9.796909386707190137 ) ) ;
#880 = CIRCLE ( 'NONE', #5984, 0.5000000000000006661 ) ;
#881 = DIRECTION ( 'NONE',  ( -0.1502325963552076649, 0.000000000000000000, -0.9886506799635417231 ) ) ;
#882 = FACE_OUTER_BOUND ( 'NONE', #7070, .T. ) ;
#883 = B_SPLINE_CURVE_WITH_KNOTS ( 'NONE', 3,
 ( #1500, #1259, #3208, #8052, #7970, #4734, #4497, #2078, #7362, #6030, #5184, #8011, #7810, #166 ),
 .UNSPECIFIED., .F., .F.,
 ( 4, 2, 2, 2, 2, 2, 4 ),
 ( -5.999999999315749044E-08, 0.001129182805780705456, 0.002258425611561404051, 0.003387668417342101779, 0.003952289820232446522, 0.004234600521677619328, 0.004516911223122790399 ),
 .UNSPECIFIED. ) ;
#884 =( BOUNDED_CURVE ( )  B_SPLINE_CURVE ( 3, ( #7916, #5894, #7357, #1414 ),
 .UNSPECIFIED., .F., .F. ) 
 B_SPLINE_CURVE_WITH_KNOTS ( ( 4, 4 ),
 ( 5.759586531581284419, 6.283185307179586232 ),
 .UNSPECIFIED. ) 
 CURVE ( )  GEOMETRIC_REPRESENTATION_ITEM ( )  RATIONAL_B_SPLINE_CURVE ( ( 1.000000000000000000, 0.9772838841927118381, 0.9772838841927118381, 1.000000000000000000 ) ) 
 REPRESENTATION_ITEM ( '' )  );
#885 = CIRCLE ( 'NONE', #6124, 2.000000000000000000 ) ;
#886 = ORIENTED_EDGE ( 'NONE', *, *, #7944, .T. ) ;
#887 = FACE_OUTER_BOUND ( 'NONE', #2607, .T. ) ;
#888 = ORIENTED_EDGE ( 'NONE', *, *, #6506, .T. ) ;
#889 = CARTESIAN_POINT ( 'NONE',  ( 42.27613629131404593, 18.74007533907368739, -3.059700926782518149 ) ) ;
#890 = DIRECTION ( 'NONE',  ( 0.7660444431189784575, -0.6427876096865388078, 0.000000000000000000 ) ) ;
#891 = ORIENTED_EDGE ( 'NONE', *, *, #6872, .T. ) ;
#892 = CARTESIAN_POINT ( 'NONE',  ( 34.70806587721793335, 18.18854554773242782, 6.500000000000000888 ) ) ;
#893 = DIRECTION ( 'NONE',  ( -0.9899499129764924854, -0.1414184209989453878, 0.000000000000000000 ) ) ;
#894 = CARTESIAN_POINT ( 'NONE',  ( 48.90483542659833205, 21.00549094565899466, 12.00000000000000000 ) ) ;
#895 = EDGE_LOOP ( 'NONE', ( #6500, #7027, #2379, #7369 ) ) ;
#896 = AXIS2_PLACEMENT_3D ( 'NONE', #8273, #4448, #7551 ) ;
#897 = CARTESIAN_POINT ( 'NONE',  ( 47.40483542659831784, 18.19113980308874190, 2.500000000000000444 ) ) ;
#898 = AXIS2_PLACEMENT_3D ( 'NONE', #956, #6178, #915 ) ;
#899 = EDGE_CURVE ( 'NONE', #3663, #3531, #7764, .T. ) ;
#900 = ORIENTED_EDGE ( 'NONE', *, *, #1347, .T. ) ;
#901 = ADVANCED_FACE ( 'NONE', ( #5674 ), #455, .T. ) ;
#902 = AXIS2_PLACEMENT_3D ( 'NONE', #4298, #4983, #2365 ) ;
#903 = ORIENTED_EDGE ( 'NONE', *, *, #3886, .T. ) ;
#904 = ORIENTED_EDGE ( 'NONE', *, *, #2403, .T. ) ;
#905 = CARTESIAN_POINT ( 'NONE',  ( 16.44189603182416093, -2.000000000000000000, 5.907160759050564813 ) ) ;
#906 = CARTESIAN_POINT ( 'NONE',  ( 9.091110701114237358, 17.84964371563203755, -5.468954994877175402 ) ) ;
#907 = CARTESIAN_POINT ( 'NONE',  ( 44.01750267280096551, 17.60161021156724814, -3.379399030297935980 ) ) ;
#908 = DIRECTION ( 'NONE',  ( -0.9832959651636286047, -0.1404678771575140761, 0.1157489541196364546 ) ) ;
#909 = CIRCLE ( 'NONE', #3128, 2.000000000000000444 ) ;
#910 = EDGE_CURVE ( 'NONE', #6769, #553, #7078, .T. ) ;
#911 = EDGE_CURVE ( 'NONE', #327, #1815, #6735, .T. ) ;
#912 = PLANE ( 'NONE',  #8471 ) ;
#913 = DIRECTION ( 'NONE',  ( 0.000000000000000000, 1.000000000000000000, -4.336808689942013792E-16 ) ) ;
#914 = DIRECTION ( 'NONE',  ( 1.000000000000000000, 0.000000000000000000, 0.000000000000000000 ) ) ;
#915 = DIRECTION ( 'NONE',  ( 1.000000000000000000, 0.000000000000000000, 0.000000000000000000 ) ) ;
#916 = DIRECTION ( 'NONE',  ( -0.9899499129764925964, -0.1414184209989441110, 0.000000000000000000 ) ) ;
#917 = CARTESIAN_POINT ( 'NONE',  ( 2.681635947561241018, 18.19005970810968265, 10.25066093040877035 ) ) ;
#918 = CARTESIAN_POINT ( 'NONE',  ( 43.79583904631475377, 21.07139053898325898, 3.734919751703003499 ) ) ;
#919 = DIRECTION ( 'NONE',  ( -0.9095037383516637597, -0.4156957420089222865, 0.000000000000000000 ) ) ;
#920 = EDGE_CURVE ( 'NONE', #2437, #3336, #7064, .T. ) ;
#921 = CARTESIAN_POINT ( 'NONE',  ( 12.70366881130524206, -10.65964381416458195, 7.457106781186560340 ) ) ;
#922 = ORIENTED_EDGE ( 'NONE', *, *, #5697, .T. ) ;
#923 = DIRECTION ( 'NONE',  ( 0.000000000000000000, -1.000000000000000000, 0.000000000000000000 ) ) ;
#924 = AXIS2_PLACEMENT_3D ( 'NONE', #4682, #7308, #3263 ) ;
#925 = CARTESIAN_POINT ( 'NONE',  ( 17.51700632295545645, -0.9887300274052481797, 6.364574510593277168 ) ) ;
#926 = CARTESIAN_POINT ( 'NONE',  ( 3.467932343692218033, 9.999999999999998224, 9.500000000000001776 ) ) ;
#927 = CARTESIAN_POINT ( 'NONE',  ( 40.41235070371810423, 18.19113980308874190, 25.81271544900117121 ) ) ;
#928 = CARTESIAN_POINT ( 'NONE',  ( 16.45018002593488049, -2.000000006390404650, 10.81209730328478180 ) ) ;
#929 = VECTOR ( 'NONE', #282, 1000.000000000000114 ) ;
#930 = VECTOR ( 'NONE', #5254, 1000.000000000000227 ) ;
#931 = AXIS2_PLACEMENT_3D ( 'NONE', #2358, #6318, #4976 ) ;
#932 = EDGE_LOOP ( 'NONE', ( #2973, #6107, #3880, #8272 ) ) ;
#933 = CARTESIAN_POINT ( 'NONE',  ( 1.467932343692218700, 16.19113980308874190, 7.500000000000000888 ) ) ;
#934 = ORIENTED_EDGE ( 'NONE', *, *, #7560, .F. ) ;
#935 = DIRECTION ( 'NONE',  ( 0.4898998853091099392, 0.6531958121733409950, 0.5773502691896232886 ) ) ;
#936 = ORIENTED_EDGE ( 'NONE', *, *, #2845, .T. ) ;
#937 = LINE ( 'NONE', #4141, #6934 ) ;
#938 = CIRCLE ( 'NONE', #6860, 1.999999999999998224 ) ;
#939 = CARTESIAN_POINT ( 'NONE',  ( 42.51513640388095183, -6.246196747414927586, 7.457106781186561228 ) ) ;
#940 = CYLINDRICAL_SURFACE ( 'NONE', #2958, 1.000000000000000000 ) ;
#941 = VERTEX_POINT ( 'NONE', #1855 ) ;
#942 = VECTOR ( 'NONE', #6099, 1000.000000000000000 ) ;
#943 =( BOUNDED_CURVE ( )  B_SPLINE_CURVE ( 3, ( #1223, #3858, #2476, #5654 ),
 .UNSPECIFIED., .F., .F. ) 
 B_SPLINE_CURVE_WITH_KNOTS ( ( 4, 4 ),
 ( 2.617993877991490859, 3.665191429188094485 ),
 .UNSPECIFIED. ) 
 CURVE ( )  GEOMETRIC_REPRESENTATION_ITEM ( )  RATIONAL_B_SPLINE_CURVE ( ( 1.000000000000000000, 0.9106836025229579912, 0.9106836025229579912, 1.000000000000000000 ) ) 
 REPRESENTATION_ITEM ( '' )  );
#944 = ORIENTED_EDGE ( 'NONE', *, *, #7513, .T. ) ;
#945 = ORIENTED_EDGE ( 'NONE', *, *, #322, .F. ) ;
#946 = ORIENTED_EDGE ( 'NONE', *, *, #4811, .F. ) ;
#947 = FACE_OUTER_BOUND ( 'NONE', #932, .T. ) ;
#948 = CARTESIAN_POINT ( 'NONE',  ( 7.645761879723697696, 17.64316968554785703, -5.287496451238563822 ) ) ;
#949 = FACE_OUTER_BOUND ( 'NONE', #7644, .T. ) ;
#950 = DIRECTION ( 'NONE',  ( 0.1584825665006271700, 0.5257976280181181350, 0.8357153405830809456 ) ) ;
#951 = EDGE_LOOP ( 'NONE', ( #1756, #7526, #51, #4417 ) ) ;
#952 = FACE_OUTER_BOUND ( 'NONE', #1758, .T. ) ;
#953 = CIRCLE ( 'NONE', #4818, 0.4999999999999998335 ) ;
#954 = VERTEX_POINT ( 'NONE', #8300 ) ;
#955 = CARTESIAN_POINT ( 'NONE',  ( 23.00000000000000355, 8.124725543379341275, 16.00000000000000000 ) ) ;
#956 = CARTESIAN_POINT ( 'NONE',  ( 6.579886473998325158, 8.002544093717267160, -0.0002055618314386609136 ) ) ;
#957 = CARTESIAN_POINT ( 'NONE',  ( 3.655659515049681563, 24.84554114355482213, -0.2724006188429493602 ) ) ;
#958 = LINE ( 'NONE', #5527, #3831 ) ;
#959 = LINE ( 'NONE', #310, #3842 ) ;
#960 = EDGE_CURVE ( 'NONE', #3961, #6795, #5555, .T. ) ;
#961 = CARTESIAN_POINT ( 'NONE',  ( 5.350758103465866888, 5.880551821620076502, 9.794198129169945588 ) ) ;
#962 = ADVANCED_FACE ( 'NONE', ( #7023 ), #2497, .F. ) ;
#963 = LINE ( 'NONE', #4807, #4383 ) ;
#964 = VERTEX_POINT ( 'NONE', #5810 ) ;
#965 = CARTESIAN_POINT ( 'NONE',  ( 19.43292739967233018, -0.02264597210901921412, 9.567106608252027300 ) ) ;
#966 = DIRECTION ( 'NONE',  ( 9.777805978894819040E-17, -1.000000000000000000, 0.000000000000000000 ) ) ;
#967 = CARTESIAN_POINT ( 'NONE',  ( 3.662397658555854640, 8.412700187381508599, 9.499999999999998224 ) ) ;
#968 = CARTESIAN_POINT ( 'NONE',  ( 34.45652386559520863, 18.18865098683173542, 6.513861543077588578 ) ) ;
#969 = DIRECTION ( 'NONE',  ( 0.000000000000000000, -2.777029529349945354E-16, 1.000000000000000000 ) ) ;
#970 = EDGE_CURVE ( 'NONE', #1159, #2502, #7481, .T. ) ;
#971 = VECTOR ( 'NONE', #8252, 1000.000000000000000 ) ;
#972 = ORIENTED_EDGE ( 'NONE', *, *, #7986, .T. ) ;
#973 = CARTESIAN_POINT ( 'NONE',  ( 42.27613629131400330, 18.74007533907333922, 20.05970092678275307 ) ) ;
#974 = VERTEX_POINT ( 'NONE', #3104 ) ;
#975 = CARTESIAN_POINT ( 'NONE',  ( 44.01750267280106499, 18.50184096530444933, -2.794782343191031249 ) ) ;
#976 = LINE ( 'NONE', #4947, #6173 ) ;
#977 = ORIENTED_EDGE ( 'NONE', *, *, #1131, .F. ) ;
#978 = DIRECTION ( 'NONE',  ( 1.000000000000000000, 0.000000000000000000, 0.000000000000000000 ) ) ;
#979 = VECTOR ( 'NONE', #5010, 1000.000000000000000 ) ;
#980 = CARTESIAN_POINT ( 'NONE',  ( 18.80189446217563187, -0.4427059451199349405, 9.798180284318021904 ) ) ;
#981 = DIRECTION ( 'NONE',  ( 0.000000000000000000, 0.000000000000000000, 1.000000000000000000 ) ) ;
#982 = EDGE_LOOP ( 'NONE', ( #523, #6896, #2961, #5832 ) ) ;
#983 = EDGE_CURVE ( 'NONE', #6077, #5003, #3838, .T. ) ;
#984 = ORIENTED_EDGE ( 'NONE', *, *, #6359, .T. ) ;
#985 = VERTEX_POINT ( 'NONE', #4566 ) ;
#986 = VERTEX_POINT ( 'NONE', #1762 ) ;
#987 = FACE_OUTER_BOUND ( 'NONE', #7749, .T. ) ;
#988 = CARTESIAN_POINT ( 'NONE',  ( 3.896408270339825730, 17.10629985842845358, -4.818962833892756592 ) ) ;
#989 = CARTESIAN_POINT ( 'NONE',  ( -7.361920292794516207, 23.27163450521748089, 12.06897075087678139 ) ) ;
#990 = CARTESIAN_POINT ( 'NONE',  ( 16.51304792902393004, -1.939708632483430062, 5.781977732627719746 ) ) ;
#991 = VERTEX_POINT ( 'NONE', #2454 ) ;
#992 = LINE ( 'NONE', #3677, #6276 ) ;
#993 = ORIENTED_EDGE ( 'NONE', *, *, #2823, .F. ) ;
#994 = DIRECTION ( 'NONE',  ( -0.9966060095029266597, 0.000000000000000000, 0.08231926762704096234 ) ) ;
#995 = PLANE ( 'NONE',  #315 ) ;
#996 = CARTESIAN_POINT ( 'NONE',  ( 39.91235070371810423, 0.000000000000000000, 9.542893218813443212 ) ) ;
#997 = CARTESIAN_POINT ( 'NONE',  ( 0.000000000000000000, 18.19113980308874190, 2.500000000000000444 ) ) ;
#998 = CARTESIAN_POINT ( 'NONE',  ( -0.1342310876730684055, 17.56233009358750152, -3.725138804911642953 ) ) ;
#999 = CARTESIAN_POINT ( 'NONE',  ( 35.64005297390797011, 20.09856402680679821, 13.15773911111749150 ) ) ;
#1000 = CARTESIAN_POINT ( 'NONE',  ( 88.24142377656761482, 15.61327292551766455, 2.766025658455019798 ) ) ;
#1001 = DIRECTION ( 'NONE',  ( -0.000000000000000000, 0.000000000000000000, -1.000000000000000000 ) ) ;
#1002 = ORIENTED_EDGE ( 'NONE', *, *, #7628, .T. ) ;
#1003 = DIRECTION ( 'NONE',  ( 0.6427876096865408062, 0.7660444431189769032, 0.000000000000000000 ) ) ;
#1004 = AXIS2_PLACEMENT_3D ( 'NONE', #6739, #6823, #914 ) ;
#1005 = EDGE_CURVE ( 'NONE', #4271, #593, #4874, .T. ) ;
#1006 = CARTESIAN_POINT ( 'NONE',  ( 19.35118123604087259, 0.7401494835254306404, 6.497648033127700451 ) ) ;
#1007 = CARTESIAN_POINT ( 'NONE',  ( 34.58123575092667323, 18.18854554773242782, 10.50000000000000000 ) ) ;
#1008 = LINE ( 'NONE', #8211, #1901 ) ;
#1009 = CARTESIAN_POINT ( 'NONE',  ( -23.92509863117721380, -77.08536014861216756, 9.796909386706674994 ) ) ;
#1010 = VECTOR ( 'NONE', #6732, 1000.000000000000000 ) ;
#1011 = ORIENTED_EDGE ( 'NONE', *, *, #1534, .F. ) ;
#1012 = LINE ( 'NONE', #3576, #485 ) ;
#1013 = EDGE_CURVE ( 'NONE', #5677, #7111, #6504, .T. ) ;
#1015 = EDGE_LOOP ( 'NONE', ( #3528, #139, #2856, #3495 ) ) ;
#1014 = EDGE_CURVE ( 'NONE', #6991, #1850, #4267, .T. ) ;
#1016 = CARTESIAN_POINT ( 'NONE',  ( 42.23126336932461555, 19.19504786133495955, -2.234698981817968111 ) ) ;
#1017 = CARTESIAN_POINT ( 'NONE',  ( 38.75796027027852375, 19.67116458486631814, -2.591486003737961674 ) ) ;
#1018 = ORIENTED_EDGE ( 'NONE', *, *, #4453, .F. ) ;
#1019 = DIRECTION ( 'NONE',  ( -0.000000000000000000, 1.000000000000000000, -0.000000000000000000 ) ) ;
#1020 = CARTESIAN_POINT ( 'NONE',  ( -17.42509863149369664, 19.69113980308874190, 8.500000000000000000 ) ) ;
#1021 = ORIENTED_EDGE ( 'NONE', *, *, #700, .T. ) ;
#1022 = CIRCLE ( 'NONE', #756, 97.88215668500930633 ) ;
#1023 = VERTEX_POINT ( 'NONE', #5721 ) ;
#1024 = EDGE_CURVE ( 'NONE', #5512, #7540, #8350, .T. ) ;
#1025 = ORIENTED_EDGE ( 'NONE', *, *, #5096, .T. ) ;
#1026 = ORIENTED_EDGE ( 'NONE', *, *, #663, .F. ) ;
#1028 = CARTESIAN_POINT ( 'NONE',  ( 18.80196241263384849, -0.4426607125091720496, 7.201823990478651183 ) ) ;
#1027 = B_SPLINE_CURVE_WITH_KNOTS ( 'NONE', 3,
 ( #7738, #6445, #2525, #3866 ),
 .UNSPECIFIED., .F., .F.,
 ( 4, 4 ),
 ( 0.000000000000000000, 1.000000000000000000 ),
 .UNSPECIFIED. ) ;
#1029 = VECTOR ( 'NONE', #6208, 1000.000000000000114 ) ;
#1030 = DIRECTION ( 'NONE',  ( -0.6427876096865403621, -0.7660444431189771253, 0.000000000000000000 ) ) ;
#1031 = CARTESIAN_POINT ( 'NONE',  ( 6.074901368506302468, 22.23722106614433613, 0.4751197728173913171 ) ) ;
#1032 = CARTESIAN_POINT ( 'NONE',  ( 5.044760633332580291, 6.105394834289627148, 10.50000000000000178 ) ) ;
#1033 = AXIS2_PLACEMENT_3D ( 'NONE', #2828, #3471, #228 ) ;
#1034 = VECTOR ( 'NONE', #2513, 1000.000000000000227 ) ;
#1035 = ORIENTED_EDGE ( 'NONE', *, *, #298, .F. ) ;
#1036 = EDGE_CURVE ( 'NONE', #2253, #426, #7404, .T. ) ;
#1037 = CARTESIAN_POINT ( 'NONE',  ( -28.06256458244927998, 18.19113980308874190, 7.203090613293326783 ) ) ;
#1038 = ORIENTED_EDGE ( 'NONE', *, *, #4111, .F. ) ;
#1039 = AXIS2_PLACEMENT_3D ( 'NONE', #1242, #1106, #1200 ) ;
#1040 = CARTESIAN_POINT ( 'NONE',  ( 39.80879731312482761, 18.18997571433710192, 10.35355339059326774 ) ) ;
#1041 = DIRECTION ( 'NONE',  ( 1.000000000000000000, 0.000000000000000000, 0.000000000000000000 ) ) ;
#1042 = CARTESIAN_POINT ( 'NONE',  ( -1.254770868050500976, 24.14406594556694330, 11.59679877505547374 ) ) ;
#1043 = LINE ( 'NONE', #6911, #548 ) ;
#1044 = CARTESIAN_POINT ( 'NONE',  ( -28.06256458245337981, 18.91284689851882916, 2.703080431075444157 ) ) ;
#1045 = CARTESIAN_POINT ( 'NONE',  ( 16.77431593107781893, -1.688788905254146711, 10.80372004876173975 ) ) ;
#1046 = CARTESIAN_POINT ( 'NONE',  ( 42.61671328683472382, 18.19113980308874190, 9.796909386706674994 ) ) ;
#1047 = DIRECTION ( 'NONE',  ( 0.000000000000000000, 0.000000000000000000, 1.000000000000000000 ) ) ;
#1048 = EDGE_LOOP ( 'NONE', ( #6917, #6810, #1553, #2031 ) ) ;
#1049 = DIRECTION ( 'NONE',  ( 2.040851148208008491E-16, 2.432191687826905317E-16, -1.000000000000000000 ) ) ;
#1050 = CARTESIAN_POINT ( 'NONE',  ( 16.49356649695869947, -1.979291636867120951, 6.328375570426979735 ) ) ;
#1051 = DIRECTION ( 'NONE',  ( -0.7660444431189769032, 0.6427876096865408062, 0.000000000000000000 ) ) ;
#1052 = CARTESIAN_POINT ( 'NONE',  ( -0.6571556738766540784, 24.22943773662143840, 6.213732533963024274 ) ) ;
#1053 = CARTESIAN_POINT ( 'NONE',  ( 17.32048689547565701, -1.173967784638848766, 10.66760298709689536 ) ) ;
#1054 = CARTESIAN_POINT ( 'NONE',  ( 16.45636803377765034, -2.000000000000000000, 6.240721925734066033 ) ) ;
#1055 = VECTOR ( 'NONE', #7878, 1000.000000000000000 ) ;
#1056 = CARTESIAN_POINT ( 'NONE',  ( -8.123408182616033812, 24.17300494155470858, 6.213732533963026050 ) ) ;
#1057 = ORIENTED_EDGE ( 'NONE', *, *, #5695, .T. ) ;
#1058 = LINE ( 'NONE', #1198, #8458 ) ;
#1059 = ORIENTED_EDGE ( 'NONE', *, *, #1821, .T. ) ;
#1060 = DIRECTION ( 'NONE',  ( 0.000000000000000000, -3.291871601248108994E-14, 1.000000000000000000 ) ) ;
#1061 = ORIENTED_EDGE ( 'NONE', *, *, #4506, .F. ) ;
#1062 = CARTESIAN_POINT ( 'NONE',  ( 5.074901367908572603, 9.320420340454845132, 2.000000000000000000 ) ) ;
#1063 = CARTESIAN_POINT ( 'NONE',  ( 47.40483542659831784, -77.08536014839516781, 9.796909386706674994 ) ) ;
#1064 = ORIENTED_EDGE ( 'NONE', *, *, #2716, .T. ) ;
#1065 = CIRCLE ( 'NONE', #1908, 0.4999999999999993894 ) ;
#1066 = AXIS2_PLACEMENT_3D ( 'NONE', #1136, #1179, #7598 ) ;
#1067 = VECTOR ( 'NONE', #5228, 999.9999999999998863 ) ;
#1068 = EDGE_CURVE ( 'NONE', #5595, #4694, #3343, .T. ) ;
#1069 = ADVANCED_FACE ( 'NONE', ( #8008 ), #1911, .T. ) ;
#1070 = VECTOR ( 'NONE', #2611, 1000.000000000000000 ) ;
#1071 = VERTEX_POINT ( 'NONE', #3361 ) ;
#1072 = CIRCLE ( 'NONE', #518, 0.5000000000000008882 ) ;
#1073 = ORIENTED_EDGE ( 'NONE', *, *, #2088, .F. ) ;
#1074 = CIRCLE ( 'NONE', #3567, 1.000000000000000666 ) ;
#1075 = ORIENTED_EDGE ( 'NONE', *, *, #1129, .T. ) ;
#1076 = CARTESIAN_POINT ( 'NONE',  ( 17.83458111146085301, -1.086617848691965538, 7.003512571688997213 ) ) ;
#1077 = CARTESIAN_POINT ( 'NONE',  ( 42.04437928755368858, 18.11105321644263455, 3.292679810229749648 ) ) ;
#1078 = CARTESIAN_POINT ( 'NONE',  ( -6.251282387434299537, 23.43029370283826296, 14.92607774976583990 ) ) ;
#1079 = CARTESIAN_POINT ( 'NONE',  ( 5.467869451671442782, 7.115409897115852367, 10.50000000000000178 ) ) ;
#1080 = EDGE_CURVE ( 'NONE', #2502, #3585, #6066, .T. ) ;
#1081 = ORIENTED_EDGE ( 'NONE', *, *, #3303, .F. ) ;
#1082 = DIRECTION ( 'NONE',  ( 0.000000000000000000, 0.000000000000000000, -1.000000000000000000 ) ) ;
#1083 = EDGE_LOOP ( 'NONE', ( #5761, #7420, #7065, #5035, #3004, #2536, #1170, #5338, #1260 ) ) ;
#1084 = CARTESIAN_POINT ( 'NONE',  ( 45.14235910211822755, 17.63427608504274957, 20.08712068203317003 ) ) ;
#1085 = CARTESIAN_POINT ( 'NONE',  ( 19.81001903886001259, 1.082056923513392999, 6.564249342305217283 ) ) ;
#1086 = CYLINDRICAL_SURFACE ( 'NONE', #5574, 0.5000000000000004441 ) ;
#1087 = CARTESIAN_POINT ( 'NONE',  ( 52.39546397279606538, 18.19522307414350593, 6.749999999999997335 ) ) ;
#1088 = CARTESIAN_POINT ( 'NONE',  ( 40.26590409431137374, 18.19108780883302146, 7.103553390593284611 ) ) ;
#1089 = LINE ( 'NONE', #2435, #246 ) ;
#1090 = ADVANCED_FACE ( 'NONE', ( #3963 ), #2025, .T. ) ;
#1091 = CARTESIAN_POINT ( 'NONE',  ( 33.40483542659831784, 20.40496528942541232, -3.397548150015368140 ) ) ;
#1092 = CIRCLE ( 'NONE', #5779, 1.749999999999999778 ) ;
#1093 = CYLINDRICAL_SURFACE ( 'NONE', #3291, 1.250000000000002220 ) ;
#1094 = EDGE_LOOP ( 'NONE', ( #7271, #7808, #7288, #1208 ) ) ;
#1095 = CARTESIAN_POINT ( 'NONE',  ( 43.18870805422554326, 18.69570460379475563, 94.81806696458848194 ) ) ;
#1096 = B_SPLINE_CURVE_WITH_KNOTS ( 'NONE', 1,
 ( #2164, #4778 ),
 .UNSPECIFIED., .F., .F.,
 ( 2, 2 ),
 ( 0.1953222458446810805, 0.8047378541243651595 ),
 .UNSPECIFIED. ) ;
#1097 = CARTESIAN_POINT ( 'NONE',  ( 19.96693245951591678, 1.320552830990076254, 6.499996088461450050 ) ) ;
#1098 = CARTESIAN_POINT ( 'NONE',  ( 3.792064526508438949, 24.86502716106336663, 0.8515894354418399592 ) ) ;
#1099 = CARTESIAN_POINT ( 'NONE',  ( -0.6571556738846503487, 24.22943773662029443, 5.785440239532373852 ) ) ;
#1100 = FACE_OUTER_BOUND ( 'NONE', #4986, .T. ) ;
#1101 = CARTESIAN_POINT ( 'NONE',  ( 43.85931828971882851, 18.11931670967925001, 3.502692930291552820 ) ) ;
#1102 = CARTESIAN_POINT ( 'NONE',  ( -0.2699076278439912491, 0.2605786254456552986, 0.000000000000000000 ) ) ;
#1103 = ORIENTED_EDGE ( 'NONE', *, *, #6450, .T. ) ;
#1104 = CARTESIAN_POINT ( 'NONE',  ( 23.00000000000000355, 5.791139803088734439, 6.000000000000003553 ) ) ;
#1105 = VERTEX_POINT ( 'NONE', #5285 ) ;
#1106 = DIRECTION ( 'NONE',  ( -0.6427876096865402511, -0.7660444431189772363, -2.657750558240137054E-15 ) ) ;
#1107 = EDGE_LOOP ( 'NONE', ( #4397, #2251 ) ) ;
#1108 = CYLINDRICAL_SURFACE ( 'NONE', #7670, 1.250000000000000444 ) ;
#1109 = DIRECTION ( 'NONE',  ( -0.000000000000000000, 0.000000000000000000, 1.000000000000000000 ) ) ;
#1110 = ORIENTED_EDGE ( 'NONE', *, *, #8491, .T. ) ;
#1111 = CIRCLE ( 'NONE', #1954, 0.5000000000000004441 ) ;
#1112 = ORIENTED_EDGE ( 'NONE', *, *, #5412, .T. ) ;
#1113 = VECTOR ( 'NONE', #6056, 1000.000000000000000 ) ;
#1114 = EDGE_LOOP ( 'NONE', ( #4789, #2073, #1935, #1199 ) ) ;
#1115 = DIRECTION ( 'NONE',  ( -0.7660444431189771253, 0.6427876096865403621, 0.000000000000000000 ) ) ;
#1116 = VERTEX_POINT ( 'NONE', #2156 ) ;
#1117 = CARTESIAN_POINT ( 'NONE',  ( -1.802965163652056280, 24.28881010795220519, 11.56545322339524162 ) ) ;
#1118 = ADVANCED_FACE ( 'NONE', ( #7230 ), #1455, .T. ) ;
#1119 = ADVANCED_FACE ( 'NONE', ( #1981, #6025 ), #2759, .F. ) ;
#1120 = EDGE_CURVE ( 'NONE', #2253, #3328, #5570, .T. ) ;
#1121 = DIRECTION ( 'NONE',  ( 0.000000000000000000, -0.000000000000000000, -1.000000000000000000 ) ) ;
#1122 = DIRECTION ( 'NONE',  ( -0.000000000000000000, -0.000000000000000000, -1.000000000000000000 ) ) ;
#1123 = CARTESIAN_POINT ( 'NONE',  ( 4.835792639454721709, 6.319016355689416997, 9.500000000000001776 ) ) ;
#1124 = B_SPLINE_CURVE_WITH_KNOTS ( 'NONE', 3,
 ( #2859, #5478, #8108, #2222, #3544, #6170 ),
 .UNSPECIFIED., .F., .F.,
 ( 4, 2, 4 ),
 ( 0.000000000000000000, 0.0007131915943250147216, 0.001426383188650029443 ),
 .UNSPECIFIED. ) ;
#1125 = ORIENTED_EDGE ( 'NONE', *, *, #5613, .T. ) ;
#1126 = FACE_OUTER_BOUND ( 'NONE', #5687, .T. ) ;
#1127 = VERTEX_POINT ( 'NONE', #2075 ) ;
#1128 = CARTESIAN_POINT ( 'NONE',  ( 38.41235070371810423, 18.18997571433710192, 7.457106781186551459 ) ) ;
#1129 = EDGE_CURVE ( 'NONE', #3575, #8233, #6443, .T. ) ;
#1130 = ADVANCED_FACE ( 'NONE', ( #2115 ), #68, .F. ) ;
#1131 = EDGE_CURVE ( 'NONE', #3485, #471, #1621, .T. ) ;
#1132 = CARTESIAN_POINT ( 'NONE',  ( 51.71289360545092961, 18.19558023834094129, 6.806112858302986623 ) ) ;
#1133 = CARTESIAN_POINT ( 'NONE',  ( 47.40483542659831784, 18.03750896597755826, 19.28005271761616513 ) ) ;
#1134 = CARTESIAN_POINT ( 'NONE',  ( 53.24256452525434469, 18.19704470049491718, 7.100681845199223297 ) ) ;
#1135 = B_SPLINE_CURVE_WITH_KNOTS ( 'NONE', 3,
 ( #736, #4581, #2684, #54, #2555, #1916, #1261, #3983, #3379, #101, #3463, #297, #8149, #6855 ),
 .UNSPECIFIED., .F., .F.,
 ( 4, 2, 2, 2, 2, 2, 4 ),
 ( 5.204170427930421283E-18, 0.0003420368753625531032, 0.0006840737507251010022, 0.001026110626087648955, 0.001368147501450196800, 0.002052221252175277962, 0.002736295002900359340 ),
 .UNSPECIFIED. ) ;
#1136 = CARTESIAN_POINT ( 'NONE',  ( 42.51513640388095183, -6.246196747414927586, 7.103553390593289052 ) ) ;
#1137 = CARTESIAN_POINT ( 'NONE',  ( 3.722804632858811136, 23.87423583406182814, -0.8506714922799917256 ) ) ;
#1138 = CARTESIAN_POINT ( 'NONE',  ( 5.047797587760372906, 9.288119313090348328, 2.000000000000000000 ) ) ;
#1139 = ORIENTED_EDGE ( 'NONE', *, *, #3196, .T. ) ;
#1140 = FACE_BOUND ( 'NONE', #1107, .T. ) ;
#1141 = ADVANCED_FACE ( 'NONE', ( #6192 ), #6105, .T. ) ;
#1142 = EDGE_CURVE ( 'NONE', #1379, #3591, #7479, .T. ) ;
#1143 = CARTESIAN_POINT ( 'NONE',  ( 52.16712193127420960, 18.61110936274822691, 8.500000000000000000 ) ) ;
#1144 = CARTESIAN_POINT ( 'NONE',  ( 18.13295065279969620, -0.8880020648931429283, 7.068243706635698231 ) ) ;
#1145 = PLANE ( 'NONE',  #5754 ) ;
#1146 = DIRECTION ( 'NONE',  ( -0.000000000000000000, -0.000000000000000000, 1.000000000000000000 ) ) ;
#1147 = CARTESIAN_POINT ( 'NONE',  ( 16.61145526890758006, -1.842297053437080168, 10.88655800267877183 ) ) ;
#1148 = CARTESIAN_POINT ( 'NONE',  ( 43.50937674341655992, 18.09498609296687732, 2.922841918854896193 ) ) ;
#1149 = AXIS2_PLACEMENT_3D ( 'NONE', #5424, #8097, #1465 ) ;
#1150 = LINE ( 'NONE', #1102, #381 ) ;
#1151 = ORIENTED_EDGE ( 'NONE', *, *, #5095, .F. ) ;
#1152 = CARTESIAN_POINT ( 'NONE',  ( -6.723407589614606827, 24.37300079050080370, 4.799518971589924021 ) ) ;
#1153 = VERTEX_POINT ( 'NONE', #6838 ) ;
#1154 = DIRECTION ( 'NONE',  ( -0.6945643812950940132, -0.7194305527541650092, -0.000000000000000000 ) ) ;
#1155 = ORIENTED_EDGE ( 'NONE', *, *, #7491, .F. ) ;
#1156 = LINE ( 'NONE', #2539, #1343 ) ;
#1157 = DIRECTION ( 'NONE',  ( -0.1358089151073354484, -0.9907350496360611825, 0.000000000000000000 ) ) ;
#1158 = ORIENTED_EDGE ( 'NONE', *, *, #4724, .F. ) ;
#1159 = VERTEX_POINT ( 'NONE', #7608 ) ;
#1160 = AXIS2_PLACEMENT_3D ( 'NONE', #8310, #7671, #1777 ) ;
#1161 = EDGE_CURVE ( 'NONE', #7752, #4787, #6935, .T. ) ;
#1162 = ORIENTED_EDGE ( 'NONE', *, *, #1385, .F. ) ;
#1163 = CARTESIAN_POINT ( 'NONE',  ( 33.40483542659833205, 20.40496528942541232, -2.896033829954551386 ) ) ;
#1164 = EDGE_LOOP ( 'NONE', ( #3053, #5719, #7982, #682 ) ) ;
#1165 = CARTESIAN_POINT ( 'NONE',  ( 17.05420263896892763, -1.606092729661952490, 6.727584839575599496 ) ) ;
#1166 = DIRECTION ( 'NONE',  ( -0.000000000000000000, -0.000000000000000000, -1.000000000000000000 ) ) ;
#1167 = AXIS2_PLACEMENT_3D ( 'NONE', #1698, #5014, #4330 ) ;
#1168 = DIRECTION ( 'NONE',  ( 0.000000000000000000, 0.000000000000000000, 1.000000000000000000 ) ) ;
#1169 = CARTESIAN_POINT ( 'NONE',  ( 5.805977863622550750, 6.760401021469205851, 10.50000000000000178 ) ) ;
#1170 = ORIENTED_EDGE ( 'NONE', *, *, #7349, .F. ) ;
#1171 = CIRCLE ( 'NONE', #5706, 2.000000000000000000 ) ;
#1172 = FACE_OUTER_BOUND ( 'NONE', #2857, .T. ) ;
#1173 = ORIENTED_EDGE ( 'NONE', *, *, #4288, .F. ) ;
#1174 = LINE ( 'NONE', #472, #5440 ) ;
#1175 = CARTESIAN_POINT ( 'NONE',  ( -2.878447849098464406, -10.36445801902411468, 8.500000000000000000 ) ) ;
#1176 = CARTESIAN_POINT ( 'NONE',  ( -1.462380825565096298, 24.29977437553532482, 11.41329535598319467 ) ) ;
#1177 = CARTESIAN_POINT ( 'NONE',  ( -17.42509863149369664, 18.19113980308874190, 8.500000000000000000 ) ) ;
#1178 = CARTESIAN_POINT ( 'NONE',  ( 40.41235070371810423, 0.000000000000000000, 9.542893218813443212 ) ) ;
#1179 = DIRECTION ( 'NONE',  ( 0.000000000000000000, 0.000000000000000000, 1.000000000000000000 ) ) ;
#1180 = CARTESIAN_POINT ( 'NONE',  ( 43.98398139656402606, 18.13945517139394781, 12.94295120510601116 ) ) ;
#1181 = VECTOR ( 'NONE', #1218, 1000.000000000000114 ) ;
#1182 = EDGE_CURVE ( 'NONE', #3586, #2289, #4857, .T. ) ;
#1183 = EDGE_CURVE ( 'NONE', #5511, #5222, #7649, .T. ) ;
#1184 = AXIS2_PLACEMENT_3D ( 'NONE', #1412, #7227, #3403 ) ;
#1185 = PLANE ( 'NONE',  #3158 ) ;
#1186 = VERTEX_POINT ( 'NONE', #8088 ) ;
#1187 = CARTESIAN_POINT ( 'NONE',  ( 45.73215931627944997, 20.86771549475505338, 34.57136643632951234 ) ) ;
#1188 = CARTESIAN_POINT ( 'NONE',  ( 43.91080635171569213, 21.05956626302953083, 2.479136091936162245 ) ) ;
#1189 = CARTESIAN_POINT ( 'NONE',  ( 20.59348650137746262, 1.911139019901641589, 6.499988265384349262 ) ) ;
#1190 = CYLINDRICAL_SURFACE ( 'NONE', #6856, 97.88215668500930633 ) ;
#1191 = DIRECTION ( 'NONE',  ( 0.5671072145501000472, -0.4758594545669649345, 0.6722701738917600256 ) ) ;
#1192 = FACE_BOUND ( 'NONE', #7969, .T. ) ;
#1193 = CARTESIAN_POINT ( 'NONE',  ( 6.074901367908570826, 18.19113980308874190, 9.796909386706676770 ) ) ;
#1194 = EDGE_CURVE ( 'NONE', #2289, #6042, #6990, .T. ) ;
#1195 = CIRCLE ( 'NONE', #6012, 19.85355339059326951 ) ;
#1196 = CARTESIAN_POINT ( 'NONE',  ( 3.783172387136633841, 8.033339590796988006, 7.500000000000001776 ) ) ;
#1197 = VERTEX_POINT ( 'NONE', #8128 ) ;
#1198 = CARTESIAN_POINT ( 'NONE',  ( 33.40483542659831784, 18.19113980308874190, 10.50000000000000178 ) ) ;
#1199 = ORIENTED_EDGE ( 'NONE', *, *, #2718, .T. ) ;
#1200 = DIRECTION ( 'NONE',  ( 0.7660444431189784575, -0.6427876096865388078, 0.000000000000000000 ) ) ;
#1201 = ORIENTED_EDGE ( 'NONE', *, *, #4465, .T. ) ;
#1202 = CARTESIAN_POINT ( 'NONE',  ( 24.76604444311898234, 6.340105785996403398, 10.50000000000000000 ) ) ;
#1203 = DIRECTION ( 'NONE',  ( 0.7660444431189766812, -0.6427876096865410283, 0.000000000000000000 ) ) ;
#1204 = EDGE_LOOP ( 'NONE', ( #1243, #8094, #5469 ) ) ;
#1205 = ADVANCED_FACE ( 'NONE', ( #882 ), #4817, .F. ) ;
#1206 = VECTOR ( 'NONE', #840, 1000.000000000000000 ) ;
#1207 = ORIENTED_EDGE ( 'NONE', *, *, #5869, .T. ) ;
#1208 = ORIENTED_EDGE ( 'NONE', *, *, #3782, .F. ) ;
#1209 = CARTESIAN_POINT ( 'NONE',  ( -17.63875236485403519, 18.19011053098141772, 6.759795760033178169 ) ) ;
#1210 = ORIENTED_EDGE ( 'NONE', *, *, #2674, .F. ) ;
#1211 = LINE ( 'NONE', #4014, #601 ) ;
#1212 = VECTOR ( 'NONE', #6647, 1000.000000000000000 ) ;
#1213 = DIRECTION ( 'NONE',  ( -1.000000000000000000, 0.000000000000000000, 0.000000000000000000 ) ) ;
#1214 = LINE ( 'NONE', #3244, #833 ) ;
#1215 = VECTOR ( 'NONE', #2204, 1000.000000000000000 ) ;
#1216 = ORIENTED_EDGE ( 'NONE', *, *, #6203, .T. ) ;
#1217 = AXIS2_PLACEMENT_3D ( 'NONE', #2080, #7324, #642 ) ;
#1218 = DIRECTION ( 'NONE',  ( 0.1584825665006271422, 0.5257976280181181350, -0.8357153405830809456 ) ) ;
#1219 = EDGE_LOOP ( 'NONE', ( #1075, #6430 ) ) ;
#1220 = DIRECTION ( 'NONE',  ( 0.000000000000000000, 0.000000000000000000, 1.000000000000000000 ) ) ;
#1221 = CARTESIAN_POINT ( 'NONE',  ( -21.32139861354179544, 21.27746555160502595, 3.864505911227165580 ) ) ;
#1222 = FACE_OUTER_BOUND ( 'NONE', #1332, .T. ) ;
#1223 = CARTESIAN_POINT ( 'NONE',  ( -6.581989168615662855, 23.38305087752431177, 4.799518971589924021 ) ) ;
#1224 = CARTESIAN_POINT ( 'NONE',  ( 16.58441050974543529, -1.867792648818110912, 10.90227756533221459 ) ) ;
#1225 = CARTESIAN_POINT ( 'NONE',  ( -3.405194883420261664, 23.83686902100999205, -5.590280349210904554 ) ) ;
#1226 =( BOUNDED_CURVE ( )  B_SPLINE_CURVE ( 3, ( #7595, #5006, #1691, #2084 ),
 .UNSPECIFIED., .F., .T. ) 
 B_SPLINE_CURVE_WITH_KNOTS ( ( 4, 4 ),
 ( 2.617993877991492191, 3.665191429188094929 ),
 .UNSPECIFIED. ) 
 CURVE ( )  GEOMETRIC_REPRESENTATION_ITEM ( )  RATIONAL_B_SPLINE_CURVE ( ( 1.000000000000000000, 0.9106836025229583242, 0.9106836025229583242, 1.000000000000000000 ) ) 
 REPRESENTATION_ITEM ( '' )  );
#1227 = DIRECTION ( 'NONE',  ( 0.000000000000000000, -1.000000000000000000, 0.000000000000000000 ) ) ;
#1228 = ORIENTED_EDGE ( 'NONE', *, *, #1371, .F. ) ;
#1229 = LINE ( 'NONE', #3865, #4194 ) ;
#1230 = CARTESIAN_POINT ( 'NONE',  ( 47.40483542659831784, 18.48586006325911413, 18.44853742007729380 ) ) ;
#1231 = FACE_OUTER_BOUND ( 'NONE', #7225, .T. ) ;
#1232 = PLANE ( 'NONE',  #8501 ) ;
#1233 = ADVANCED_FACE ( 'NONE', ( #3526 ), #1705, .F. ) ;
#1234 = EDGE_CURVE ( 'NONE', #1409, #3964, #5626, .T. ) ;
#1235 = LINE ( 'NONE', #3869, #3276 ) ;
#1236 = DIRECTION ( 'NONE',  ( -0.6427876096865422495, -0.7660444431189755710, -6.738105835034397403E-16 ) ) ;
#1237 = CARTESIAN_POINT ( 'NONE',  ( 43.98398139656404737, 18.13945517139395136, 4.057048794893989729 ) ) ;
#1238 = CARTESIAN_POINT ( 'NONE',  ( 50.41712193127420250, 18.19113980308875611, 8.500000000000000000 ) ) ;
#1239 = VERTEX_POINT ( 'NONE', #3482 ) ;
#1240 = DIRECTION ( 'NONE',  ( 2.153572901050998079E-15, -0.8645839371444089538, -0.5024884233809499001 ) ) ;
#1241 = VERTEX_POINT ( 'NONE', #202 ) ;
#1242 = CARTESIAN_POINT ( 'NONE',  ( 25.52171736970302263, 6.105305429694556807, 10.00000000000000000 ) ) ;
#1243 = ORIENTED_EDGE ( 'NONE', *, *, #2300, .T. ) ;
#1244 = EDGE_CURVE ( 'NONE', #991, #5857, #2842, .T. ) ;
#1245 = B_SPLINE_CURVE_WITH_KNOTS ( 'NONE', 3,
 ( #6656, #1441, #3392, #2013 ),
 .UNSPECIFIED., .F., .F.,
 ( 4, 4 ),
 ( 0.2405265567651544145, 0.9430430035875922989 ),
 .UNSPECIFIED. ) ;
#1246 = DIRECTION ( 'NONE',  ( 0.000000000000000000, -3.558692266018389763E-14, 1.000000000000000000 ) ) ;
#1247 = CARTESIAN_POINT ( 'NONE',  ( 38.41235070371810423, 18.18997571433710192, 10.35355339059327662 ) ) ;
#1248 = ORIENTED_EDGE ( 'NONE', *, *, #338, .F. ) ;
#1249 = EDGE_LOOP ( 'NONE', ( #4603, #7791 ) ) ;
#1250 = VERTEX_POINT ( 'NONE', #7441 ) ;
#1251 = CARTESIAN_POINT ( 'NONE',  ( -17.42509863149369309, 18.19006245294532675, 6.749999999999959144 ) ) ;
#1252 = ORIENTED_EDGE ( 'NONE', *, *, #387, .F. ) ;
#1253 = DIRECTION ( 'NONE',  ( 0.5149888309844112833, -0.4321269381394393649, -0.7403058917066260847 ) ) ;
#1254 = ADVANCED_FACE ( 'NONE', ( #244, #1192, #8339, #5664 ), #1749, .T. ) ;
#1255 = CARTESIAN_POINT ( 'NONE',  ( 19.95315544514356887, 1.307561631446237715, 10.50000000000000000 ) ) ;
#1256 = CARTESIAN_POINT ( 'NONE',  ( 6.074901368506305133, 24.08557219173261998, 18.21438247510079833 ) ) ;
#1257 = VECTOR ( 'NONE', #6255, 1000.000000000000000 ) ;
#1258 = ORIENTED_EDGE ( 'NONE', *, *, #1668, .T. ) ;
#1259 = CARTESIAN_POINT ( 'NONE',  ( 19.68299039087307989, 0.3024175316092522214, 7.105958456157637215 ) ) ;
#1260 = ORIENTED_EDGE ( 'NONE', *, *, #2557, .T. ) ;
#1261 = CARTESIAN_POINT ( 'NONE',  ( 53.68594803518433167, 18.19714289064111412, 9.376787138547943101 ) ) ;
#1262 = CARTESIAN_POINT ( 'NONE',  ( -2.420544469007843258, 23.97753038681938165, 16.52984445132281266 ) ) ;
#1263 = LINE ( 'NONE', #7334, #4919 ) ;
#1264 = CARTESIAN_POINT ( 'NONE',  ( 17.21550533706606601, -1.272926341992046906, 10.68583197895120662 ) ) ;
#1265 = FACE_BOUND ( 'NONE', #5090, .T. ) ;
#1266 = CARTESIAN_POINT ( 'NONE',  ( 5.977434298817991376, -8.979569981904298004, 9.542893218813446765 ) ) ;
#1267 = VERTEX_POINT ( 'NONE', #4380 ) ;
#1268 = CARTESIAN_POINT ( 'NONE',  ( 38.81288634988167274, 20.39574261870711425, -5.219567740410565371 ) ) ;
#1269 = EDGE_CURVE ( 'NONE', #4694, #158, #3694, .T. ) ;
#1270 = CARTESIAN_POINT ( 'NONE',  ( 16.90125573301660111, 16.31708604308349919, 17.26491976425693053 ) ) ;
#1271 = CARTESIAN_POINT ( 'NONE',  ( 20.44491194075698814, 0.6411249481965820562, 7.257490162480556783 ) ) ;
#1272 = FACE_OUTER_BOUND ( 'NONE', #6328, .T. ) ;
#1273 = DIRECTION ( 'NONE',  ( 0.000000000000000000, 0.000000000000000000, -1.000000000000000000 ) ) ;
#1274 = CARTESIAN_POINT ( 'NONE',  ( 17.99898529388523372, -0.5344216944876262199, 10.57572711203716231 ) ) ;
#1275 = CARTESIAN_POINT ( 'NONE',  ( 26.81122531994192570, 6.930949251159157498, 7.457106781186560340 ) ) ;
#1276 = CARTESIAN_POINT ( 'NONE',  ( 3.722962913730711865, 17.65440218329844768, -4.464748813652962056 ) ) ;
#1277 = ORIENTED_EDGE ( 'NONE', *, *, #4715, .T. ) ;
#1278 = CARTESIAN_POINT ( 'NONE',  ( 44.01750267280102236, 18.50184096530445998, 19.79478234319106988 ) ) ;
#1279 = ORIENTED_EDGE ( 'NONE', *, *, #4353, .T. ) ;
#1280 = CARTESIAN_POINT ( 'NONE',  ( 23.00000000000000355, 5.791139803088732663, 10.08578643762690774 ) ) ;
#1281 = VERTEX_POINT ( 'NONE', #539 ) ;
#1282 = LINE ( 'NONE', #7750, #5198 ) ;
#1283 = DIRECTION ( 'NONE',  ( 0.000000000000000000, -0.000000000000000000, -1.000000000000000000 ) ) ;
#1284 = VERTEX_POINT ( 'NONE', #8468 ) ;
#1285 = EDGE_CURVE ( 'NONE', #8451, #844, #3182, .T. ) ;
#1286 = EDGE_CURVE ( 'NONE', #7376, #369, #7098, .T. ) ;
#1287 = ORIENTED_EDGE ( 'NONE', *, *, #5072, .F. ) ;
#1288 = ORIENTED_EDGE ( 'NONE', *, *, #398, .F. ) ;
#1289 = DIRECTION ( 'NONE',  ( 0.1414184209989443053, -0.9899499129764927075, 0.000000000000000000 ) ) ;
#1290 = CARTESIAN_POINT ( 'NONE',  ( 40.29582029731793114, 18.19111906289239400, 9.866530406400165987 ) ) ;
#1291 = ORIENTED_EDGE ( 'NONE', *, *, #224, .F. ) ;
#1292 = FACE_OUTER_BOUND ( 'NONE', #6478, .T. ) ;
#1293 = CIRCLE ( 'NONE', #734, 2.950000000000015277 ) ;
#1294 = CARTESIAN_POINT ( 'NONE',  ( 20.06455229590671507, 0.3978080503382920297, 7.457106781186559452 ) ) ;
#1295 = LINE ( 'NONE', #6557, #7450 ) ;
#1296 = AXIS2_PLACEMENT_3D ( 'NONE', #3450, #128, #3326 ) ;
#1297 = ADVANCED_FACE ( 'NONE', ( #7139 ), #2443, .T. ) ;
#1298 = ORIENTED_EDGE ( 'NONE', *, *, #7336, .F. ) ;
#1299 = ORIENTED_EDGE ( 'NONE', *, *, #7709, .T. ) ;
#1300 = CARTESIAN_POINT ( 'NONE',  ( 5.232948362910216034, 17.51052033459222201, 21.16529985687408910 ) ) ;
#1301 = AXIS2_PLACEMENT_3D ( 'NONE', #7146, #1240, #3834 ) ;
#1302 = CARTESIAN_POINT ( 'NONE',  ( -9.362644045193459164, 22.98582287958821979, 1.304231171308992909 ) ) ;
#1303 = DIRECTION ( 'NONE',  ( 0.000000000000000000, 1.000000000000000000, 0.000000000000000000 ) ) ;
#1304 = CARTESIAN_POINT ( 'NONE',  ( 19.56119798927571196, 0.06273996768208602026, 9.758886287893549394 ) ) ;
#1305 = DIRECTION ( 'NONE',  ( -5.204170427930416550E-15, -7.434371728105785056E-16, -1.000000000000000000 ) ) ;
#1306 = B_SPLINE_CURVE_WITH_KNOTS ( 'NONE', 3,
 ( #544, #1894, #5121, #7059 ),
 .UNSPECIFIED., .F., .F.,
 ( 4, 4 ),
 ( 0.000000000000000000, 0.001234727307624743954 ),
 .UNSPECIFIED. ) ;
#1307 = VECTOR ( 'NONE', #6168, 1000.000000000000000 ) ;
#1308 = CARTESIAN_POINT ( 'NONE',  ( -2.269026889613088294, 18.19113980308874190, 8.500000000000000000 ) ) ;
#1309 = ORIENTED_EDGE ( 'NONE', *, *, #1183, .T. ) ;
#1310 = CARTESIAN_POINT ( 'NONE',  ( 1.467932343692218700, 18.19113980308874190, 9.500000000000001776 ) ) ;
#1311 = DIRECTION ( 'NONE',  ( 0.6945643812950939022, -0.7194305527541651202, 0.000000000000000000 ) ) ;
#1312 = FACE_OUTER_BOUND ( 'NONE', #982, .T. ) ;
#1313 = PLANE ( 'NONE',  #5344 ) ;
#1314 = B_SPLINE_CURVE_WITH_KNOTS ( 'NONE', 3,
 ( #2738, #7171, #5360, #1961 ),
 .UNSPECIFIED., .F., .F.,
 ( 4, 4 ),
 ( 0.000000000000000000, 1.000000000000000000 ),
 .UNSPECIFIED. ) ;
#1315 = CARTESIAN_POINT ( 'NONE',  ( -21.33701675320576641, 17.97775787198978037, 0.8088944735850318590 ) ) ;
#1316 = CARTESIAN_POINT ( 'NONE',  ( 19.41547586150156235, 0.8007531327232302321, 10.50133777699325144 ) ) ;
#1317 = DIRECTION ( 'NONE',  ( -1.000000000000000000, 0.000000000000000000, 0.000000000000000000 ) ) ;
#1318 = VECTOR ( 'NONE', #4100, 1000.000000000000000 ) ;
#1319 = EDGE_CURVE ( 'NONE', #3668, #2848, #3428, .T. ) ;
#1320 = VECTOR ( 'NONE', #147, 1000.000000000000000 ) ;
#1321 = LINE ( 'NONE', #1365, #7687 ) ;
#1322 = ORIENTED_EDGE ( 'NONE', *, *, #7257, .T. ) ;
#1323 = ORIENTED_EDGE ( 'NONE', *, *, #2895, .T. ) ;
#1324 = CARTESIAN_POINT ( 'NONE',  ( 16.52509826807156301, -1.925347597631430485, 11.14611640475331278 ) ) ;
#1325 = CARTESIAN_POINT ( 'NONE',  ( 0.000000000000000000, 9.999999999999998224, 17.00000000000000000 ) ) ;
#1326 = DIRECTION ( 'NONE',  ( 0.7071067811865451302, 0.000000000000000000, 0.7071067811865500152 ) ) ;
#1327 = DIRECTION ( 'NONE',  ( 0.1455979651261732899, 0.5388352739867771080, 0.8297335596796797663 ) ) ;
#1328 = ORIENTED_EDGE ( 'NONE', *, *, #772, .F. ) ;
#1329 = ADVANCED_BREP_SHAPE_REPRESENTATION ( 'struc', ( #4805, #4882 ), #2002 ) ;
#1330 = VECTOR ( 'NONE', #4017, 1000.000000000000227 ) ;
#1331 = VERTEX_POINT ( 'NONE', #3092 ) ;
#1332 = EDGE_LOOP ( 'NONE', ( #888, #2886, #7538, #6981 ) ) ;
#1333 = CARTESIAN_POINT ( 'NONE',  ( -26.40455886408846453, 18.04142508849550097, 15.13618763367214548 ) ) ;
#1334 = CARTESIAN_POINT ( 'NONE',  ( 38.41235070371810423, 18.18997571433710192, 9.542893218813450318 ) ) ;
#1335 = ORIENTED_EDGE ( 'NONE', *, *, #7359, .T. ) ;
#1336 = CARTESIAN_POINT ( 'NONE',  ( 0.000000000000000000, 9.999999999999998224, 1.000000000000000000 ) ) ;
#1337 = CARTESIAN_POINT ( 'NONE',  ( 39.89446440815520845, 18.18997571433710192, 6.732113704437118429 ) ) ;
#1338 = DIRECTION ( 'NONE',  ( -1.000000000000000000, -0.000000000000000000, -0.000000000000000000 ) ) ;
#1339 = EDGE_CURVE ( 'NONE', #596, #6682, #2657, .T. ) ;
#1340 = ADVANCED_FACE ( 'NONE', ( #1100 ), #490, .T. ) ;
#1341 = DIRECTION ( 'NONE',  ( 0.000000000000000000, 1.000000000000000000, 0.000000000000000000 ) ) ;
#1342 = ORIENTED_EDGE ( 'NONE', *, *, #6450, .F. ) ;
#1343 = VECTOR ( 'NONE', #6542, 1000.000000000000114 ) ;
#1344 = ORIENTED_EDGE ( 'NONE', *, *, #8029, .T. ) ;
#1345 = DIRECTION ( 'NONE',  ( -0.9966060095029266597, 0.000000000000000000, -0.08231926762704126765 ) ) ;
#1346 = LINE ( 'NONE', #5307, #5983 ) ;
#1347 = EDGE_CURVE ( 'NONE', #2924, #8213, #5354, .T. ) ;
#1348 = DIRECTION ( 'NONE',  ( 0.000000000000000000, 0.000000000000000000, 1.000000000000000000 ) ) ;
#1349 = CARTESIAN_POINT ( 'NONE',  ( 47.43060450609215195, 21.20757696452465879, 14.23397434154498242 ) ) ;
#1350 =( BOUNDED_SURFACE ( )  B_SPLINE_SURFACE ( 3, 2, ( 
 ( #1435, #4843, #6695 ),
 ( #6776, #4754, #6865 ),
 ( #7464, #785, #2263 ),
 ( #2825, #5483, #3431 ) ),
 .UNSPECIFIED., .F., .F., .F. ) 
 B_SPLINE_SURFACE_WITH_KNOTS ( ( 4, 4 ),
 ( 3, 3 ),
 ( 0.02220471462205381510, 0.02398337105039495890 ),
 ( 0.000000000000000000, 1.000000000000000000 ),
 .UNSPECIFIED. ) 
 GEOMETRIC_REPRESENTATION_ITEM ( )  RATIONAL_B_SPLINE_SURFACE ( (
 ( 1.000000000000000000, 0.7651800204250849280, 1.000000000000000000),
 ( 1.000000000000000000, 0.7651797938858152515, 1.000000000000000000),
 ( 1.000000000000000000, 0.7651795668068306355, 1.000000000000000000),
 ( 1.000000000000000000, 0.7651793392037899988, 1.000000000000000000) ) ) 
 REPRESENTATION_ITEM ( '' )  SURFACE ( )  );
#1351 = PRESENTATION_STYLE_ASSIGNMENT (( #59 ) ) ;
#1352 = AXIS2_PLACEMENT_3D ( 'NONE', #4069, #2689, #2737 ) ;
#1353 = VECTOR ( 'NONE', #2533, 1000.000000000000114 ) ;
#1354 = PLANE ( 'NONE',  #349 ) ;
#1355 = DIRECTION ( 'NONE',  ( 0.9871205706931482915, -0.1353134461481059758, -0.08534196040610472767 ) ) ;
#1356 = AXIS2_PLACEMENT_3D ( 'NONE', #3617, #251, #3659 ) ;
#1358 = AXIS2_PLACEMENT_3D ( 'NONE', #6702, #236, #2792 ) ;
#1357 = CARTESIAN_POINT ( 'NONE',  ( 5.116185398581259314, 6.036190331646573703, 6.499999999999999112 ) ) ;
#1359 = CARTESIAN_POINT ( 'NONE',  ( 17.52748528803474315, -1.294106980665700624, 6.917051302126151491 ) ) ;
#1360 = CARTESIAN_POINT ( 'NONE',  ( 40.26590409431137374, 18.19108780883302146, 9.896446609406716277 ) ) ;
#1361 = EDGE_CURVE ( 'NONE', #7548, #5717, #2602, .T. ) ;
#1362 = CARTESIAN_POINT ( 'NONE',  ( -6.281310962594705671, 17.70711530964480573, -2.388471083293036923 ) ) ;
#1363 = CARTESIAN_POINT ( 'NONE',  ( 19.33359113289830944, 0.7235692231289539977, 10.50263426554357515 ) ) ;
#1364 = CARTESIAN_POINT ( 'NONE',  ( 40.49823106469034428, 19.43261010083057982, -2.441030096281451289 ) ) ;
#1365 = CARTESIAN_POINT ( 'NONE',  ( 4.760878997294996751, 7.171152609699422698, 10.50000000000000000 ) ) ;
#1366 = ORIENTED_EDGE ( 'NONE', *, *, #5412, .F. ) ;
#1367 = DIRECTION ( 'NONE',  ( -0.1358089151073354484, -0.9907350496360611825, -0.000000000000000000 ) ) ;
#1368 = ORIENTED_EDGE ( 'NONE', *, *, #6398, .F. ) ;
#1369 = DIRECTION ( 'NONE',  ( 0.000000000000000000, 1.000000000000000000, 0.000000000000000000 ) ) ;
#1370 = ORIENTED_EDGE ( 'NONE', *, *, #5461, .T. ) ;
#1371 = EDGE_CURVE ( 'NONE', #5855, #691, #3953, .T. ) ;
#1372 = CARTESIAN_POINT ( 'NONE',  ( 44.01750267280102236, 18.50184096530445998, -2.794782343191069440 ) ) ;
#1373 = DIRECTION ( 'NONE',  ( 0.000000000000000000, 0.000000000000000000, 1.000000000000000000 ) ) ;
#1374 = ORIENTED_EDGE ( 'NONE', *, *, #6506, .F. ) ;
#1375 = ORIENTED_EDGE ( 'NONE', *, *, #7195, .F. ) ;
#1376 = ORIENTED_EDGE ( 'NONE', *, *, #4597, .T. ) ;
#1377 = CYLINDRICAL_SURFACE ( 'NONE', #2955, 2.000000000000000444 ) ;
#1378 = DIRECTION ( 'NONE',  ( 0.09999792447304695076, -0.7000002965007060540, -0.7071067811865520136 ) ) ;
#1379 = VERTEX_POINT ( 'NONE', #7181 ) ;
#1380 = SPHERICAL_SURFACE ( 'NONE', #869, 2.000000000000000000 ) ;
#1381 = DIRECTION ( 'NONE',  ( -0.000000000000000000, 0.000000000000000000, -1.000000000000000000 ) ) ;
#1382 = CARTESIAN_POINT ( 'NONE',  ( 41.38936682668298062, 18.17879613875840761, 5.652601301109865695 ) ) ;
#1383 = CARTESIAN_POINT ( 'NONE',  ( 39.91235070371810423, 0.000000000000000000, 7.457106781186554123 ) ) ;
#1384 = ORIENTED_EDGE ( 'NONE', *, *, #6238, .T. ) ;
#1385 = EDGE_CURVE ( 'NONE', #5576, #5390, #3849, .T. ) ;
#1386 = EDGE_CURVE ( 'NONE', #4227, #3365, #2064, .T. ) ;
#1387 = ORIENTED_EDGE ( 'NONE', *, *, #1985, .F. ) ;
#1388 = CARTESIAN_POINT ( 'NONE',  ( 5.664626964350691907, 17.56776243393638381, 20.68083973600118242 ) ) ;
#1389 = CARTESIAN_POINT ( 'NONE',  ( -46.39728004983210496, 17.69527264326428906, 11.33423600225222394 ) ) ;
#1390 = FACE_OUTER_BOUND ( 'NONE', #846, .T. ) ;
#1391 = CARTESIAN_POINT ( 'NONE',  ( 47.40483542659831073, 29.50718770743505459, 2.672091922945925457 ) ) ;
#1392 = SURFACE_SIDE_STYLE ('',( #5914 ) ) ;
#1393 = AXIS2_PLACEMENT_3D ( 'NONE', #5197, #7179, #3907 ) ;
#1394 = EDGE_CURVE ( 'NONE', #1197, #3325, #4115, .T. ) ;
#1395 = EDGE_CURVE ( 'NONE', #7029, #5222, #5790, .T. ) ;
#1396 = CARTESIAN_POINT ( 'NONE',  ( 48.90483542659832494, 20.11110936274824113, 12.00000000000000000 ) ) ;
#1397 = ADVANCED_FACE ( 'NONE', ( #4081 ), #3221, .T. ) ;
#1398 = CARTESIAN_POINT ( 'NONE',  ( 47.40483542659832494, 23.53261802527601887, 14.26026001190965786 ) ) ;
#1399 = AXIS2_PLACEMENT_3D ( 'NONE', #6534, #4764, #28 ) ;
#1400 = CARTESIAN_POINT ( 'NONE',  ( 5.262781552277401076, 5.902153188577534237, 7.500000000000000888 ) ) ;
#1401 = CARTESIAN_POINT ( 'NONE',  ( 16.40873266072736669, -2.036215030869751974, 5.788646214846722593 ) ) ;
#1402 = CARTESIAN_POINT ( 'NONE',  ( -0.6571556738766500816, 24.22943773662144196, 6.213732533963025162 ) ) ;
#1403 = CARTESIAN_POINT ( 'NONE',  ( -7.990314441371448417, -6.075092646820382747, 2.440201509118269385 ) ) ;
#1404 = CARTESIAN_POINT ( 'NONE',  ( 18.37244058654611578, -0.1824038960565499412, 10.54401035115245655 ) ) ;
#1405 = CARTESIAN_POINT ( 'NONE',  ( 38.75796027027852375, 19.67116458486631814, -2.591486003737961674 ) ) ;
#1406 = EDGE_CURVE ( 'NONE', #6194, #4690, #8158, .T. ) ;
#1407 = EDGE_CURVE ( 'NONE', #1505, #4642, #7537, .T. ) ;
#1408 = CARTESIAN_POINT ( 'NONE',  ( 3.722804632858811136, 23.87423583406182814, -0.8506714922799917256 ) ) ;
#1409 = VERTEX_POINT ( 'NONE', #6097 ) ;
#1410 = CARTESIAN_POINT ( 'NONE',  ( 5.281026244442761808, 6.033118663313547181, 7.041334702431592873 ) ) ;
#1411 = ORIENTED_EDGE ( 'NONE', *, *, #3082, .T. ) ;
#1412 = CARTESIAN_POINT ( 'NONE',  ( 19.76736437672893487, 23.71876826155315499, 15.00000000000000178 ) ) ;
#1413 = ORIENTED_EDGE ( 'NONE', *, *, #911, .F. ) ;
#1414 = CARTESIAN_POINT ( 'NONE',  ( -7.606860733319267709, 23.23664375479290101, 11.82154364644705957 ) ) ;
#1415 = DIRECTION ( 'NONE',  ( -0.4837730939372529848, -0.8751934606602004285, 0.000000000000000000 ) ) ;
#1416 = ORIENTED_EDGE ( 'NONE', *, *, #6235, .F. ) ;
#1417 = CARTESIAN_POINT ( 'NONE',  ( 4.467932343692218922, 9.999999999999998224, 9.500000000000001776 ) ) ;
#1418 = CARTESIAN_POINT ( 'NONE',  ( 88.24142377656761482, 15.61327292551766455, 14.23397434154498065 ) ) ;
#1419 = CARTESIAN_POINT ( 'NONE',  ( 6.074901368506302468, 22.88512733511037567, -5.590280349210904554 ) ) ;
#1420 = ORIENTED_EDGE ( 'NONE', *, *, #6621, .F. ) ;
#1421 = CYLINDRICAL_SURFACE ( 'NONE', #1149, 1.000000000000000000 ) ;
#1422 = FACE_OUTER_BOUND ( 'NONE', #7490, .T. ) ;
#1423 = LINE ( 'NONE', #4059, #8143 ) ;
#1424 = CARTESIAN_POINT ( 'NONE',  ( 40.41235070371810423, 18.18997571433710192, 9.542893218813443212 ) ) ;
#1425 = ORIENTED_EDGE ( 'NONE', *, *, #6553, .F. ) ;
#1426 = AXIS2_PLACEMENT_3D ( 'NONE', #6909, #6263, #354 ) ;
#1427 = ORIENTED_EDGE ( 'NONE', *, *, #3637, .F. ) ;
#1428 = CARTESIAN_POINT ( 'NONE',  ( 16.46245746477759297, -2.000000000000000888, 5.565868061924165389 ) ) ;
#1429 = CARTESIAN_POINT ( 'NONE',  ( 4.230570933999176830, 24.92766960684004829, -0.3436677160137924791 ) ) ;
#1430 = CARTESIAN_POINT ( 'NONE',  ( 6.010485092884371383, 17.66655032016447890, -2.782515747012932028 ) ) ;
#1431 = CARTESIAN_POINT ( 'NONE',  ( 18.80455814998234132, 0.2249055800097975455, 10.51762273349199184 ) ) ;
#1432 = VECTOR ( 'NONE', #5380, 1000.000000000000114 ) ;
#1433 = AXIS2_PLACEMENT_3D ( 'NONE', #4483, #5126, #3233 ) ;
#1434 = B_SPLINE_CURVE_WITH_KNOTS ( 'NONE', 3,
 ( #3727, #6353, #7597, #435, #4502, #5743, #3078, #5054, #8370, #1959, #3297, #7255, #7208, #7855, #1430, #4673, #3987, #4584 ),
 .UNSPECIFIED., .F., .F.,
 ( 4, 2, 2, 2, 2, 2, 2, 2, 4 ),
 ( 0.000000000000000000, 0.0004835973078105497793, 0.0009671946156210995587, 0.001450791923431649392, 0.001934389231242199117, 0.002417986539052746457, 0.002901583846863294448, 0.003385181154673841571, 0.003868778462484389561 ),
 .UNSPECIFIED. ) ;
#1435 = CARTESIAN_POINT ( 'NONE',  ( -28.06256458244928709, 18.57986623873934562, 12.54409222050662720 ) ) ;
#1436 = CARTESIAN_POINT ( 'NONE',  ( 35.64005297390797011, 20.09856402677706555, -4.584879074637123075 ) ) ;
#1437 = LINE ( 'NONE', #4635, #3364 ) ;
#1438 = LINE ( 'NONE', #5316, #5999 ) ;
#1439 = CARTESIAN_POINT ( 'NONE',  ( 4.115266738269844460, 29.46670641872289664, 17.90315120806913285 ) ) ;
#1440 = EDGE_CURVE ( 'NONE', #8460, #1505, #959, .T. ) ;
#1441 = CARTESIAN_POINT ( 'NONE',  ( 6.074901368506302468, 18.01504626459598768, 16.27032850200328085 ) ) ;
#1442 = CARTESIAN_POINT ( 'NONE',  ( 19.34553324567109911, 0.7348257267051381270, 10.50244105871774991 ) ) ;
#1443 = ADVANCED_FACE ( 'NONE', ( #6743, #1525 ), #3514, .T. ) ;
#1444 = DIRECTION ( 'NONE',  ( -0.7994407603325134337, -0.6007449298320984843, 0.000000000000000000 ) ) ;
#1445 = ADVANCED_FACE ( 'NONE', ( #8038 ), #7391, .F. ) ;
#1446 = VECTOR ( 'NONE', #4157, 1000.000000000000114 ) ;
#1447 = CARTESIAN_POINT ( 'NONE',  ( 3.722892654860461281, 20.41570130522618598, -2.860283122706258396 ) ) ;
#1448 = ORIENTED_EDGE ( 'NONE', *, *, #5964, .T. ) ;
#1449 = DIRECTION ( 'NONE',  ( -0.000000000000000000, 1.000000000000000000, -0.000000000000000000 ) ) ;
#1450 = ORIENTED_EDGE ( 'NONE', *, *, #5656, .F. ) ;
#1451 = VECTOR ( 'NONE', #2131, 1000.000000000000000 ) ;
#1452 = CARTESIAN_POINT ( 'NONE',  ( 16.53211566073343874, -1.916984594715995360, 11.02144266941394690 ) ) ;
#1453 = FACE_OUTER_BOUND ( 'NONE', #6162, .T. ) ;
#1454 = CARTESIAN_POINT ( 'NONE',  ( 39.66235070371809712, 18.18997571433710192, 6.500000000000000888 ) ) ;
#1455 = PLANE ( 'NONE',  #8223 ) ;
#1456 = VECTOR ( 'NONE', #8016, 1000.000000000000227 ) ;
#1457 = EDGE_CURVE ( 'NONE', #5874, #4308, #1072, .T. ) ;
#1458 = VECTOR ( 'NONE', #2304, 1000.000000000000227 ) ;
#1459 = ORIENTED_EDGE ( 'NONE', *, *, #5829, .T. ) ;
#1460 = VECTOR ( 'NONE', #1978, 1000.000000000000000 ) ;
#1461 = CARTESIAN_POINT ( 'NONE',  ( -26.53217209360113671, 18.04290078014492238, 15.10973528788490583 ) ) ;
#1462 = LINE ( 'NONE', #5292, #320 ) ;
#1463 = CARTESIAN_POINT ( 'NONE',  ( -3.546613304419211854, 24.82681893398650175, 10.78626746603697129 ) ) ;
#1464 = ORIENTED_EDGE ( 'NONE', *, *, #3713, .F. ) ;
#1465 = DIRECTION ( 'NONE',  ( 0.000000000000000000, 0.000000000000000000, 1.000000000000000000 ) ) ;
#1466 = DIRECTION ( 'NONE',  ( 0.000000000000000000, -0.6622670053323818085, -0.7492679184698081141 ) ) ;
#1467 = DIRECTION ( 'NONE',  ( 0.000000000000000000, 0.000000000000000000, 1.000000000000000000 ) ) ;
#1468 = ORIENTED_EDGE ( 'NONE', *, *, #2050, .F. ) ;
#1469 = EDGE_CURVE ( 'NONE', #7713, #5128, #436, .T. ) ;
#1470 = CARTESIAN_POINT ( 'NONE',  ( 12.46665581194457495, 3.118001912711204859, 8.309456494859478681 ) ) ;
#1471 = ORIENTED_EDGE ( 'NONE', *, *, #6078, .F. ) ;
#1472 = ORIENTED_EDGE ( 'NONE', *, *, #4822, .T. ) ;
#1473 = EDGE_LOOP ( 'NONE', ( #7184, #1996, #6204, #7844 ) ) ;
#1474 = CARTESIAN_POINT ( 'NONE',  ( 18.71644172404391071, 11.06284411194225292, 8.495331880577403183 ) ) ;
#1475 = ADVANCED_FACE ( 'NONE', ( #4458 ), #5105, .T. ) ;
#1476 = CARTESIAN_POINT ( 'NONE',  ( 3.728306296039347156, 27.19824188526684949, 3.778622919172336725E-15 ) ) ;
#1477 = CARTESIAN_POINT ( 'NONE',  ( 16.53171161570711334, -1.917466116827679645, 5.997997047707483098 ) ) ;
#1478 = AXIS2_PLACEMENT_3D ( 'NONE', #4169, #6231, #881 ) ;
#1479 = CARTESIAN_POINT ( 'NONE',  ( -28.06256458244927998, 18.57986623873934207, 4.455907779493373688 ) ) ;
#1480 = CARTESIAN_POINT ( 'NONE',  ( 5.977434298817991376, -8.979569981904298004, 6.500000000000000888 ) ) ;
#1481 = CARTESIAN_POINT ( 'NONE',  ( 6.579886473998326935, 8.002544093717267160, 15.00000000000000178 ) ) ;
#1482 = DIRECTION ( 'NONE',  ( 0.8324328464100202440, 0.5541259389504444854, -0.000000000000000000 ) ) ;
#1483 = VECTOR ( 'NONE', #1877, 1000.000000000000000 ) ;
#1484 = DIRECTION ( 'NONE',  ( 0.6427876096865404731, 0.7660444431189770143, 0.000000000000000000 ) ) ;
#1485 = CARTESIAN_POINT ( 'NONE',  ( 44.58690420028448642, 20.99395883821835795, -4.785069031341904200 ) ) ;
#1486 = VECTOR ( 'NONE', #4425, 1000.000000000000000 ) ;
#1487 = PLANE ( 'NONE',  #4668 ) ;
#1488 = ORIENTED_EDGE ( 'NONE', *, *, #611, .F. ) ;
#1489 = CIRCLE ( 'NONE', #1765, 19.99999999999999645 ) ;
#1490 = CARTESIAN_POINT ( 'NONE',  ( 18.80647143149816003, -0.4396591919413256888, 9.638715607508594019 ) ) ;
#1491 = ADVANCED_FACE ( 'NONE', ( #3172 ), #6310, .T. ) ;
#1493 = EDGE_LOOP ( 'NONE', ( #2427, #7613, #3190 ) ) ;
#1492 = EDGE_CURVE ( 'NONE', #5245, #289, #1833, .T. ) ;
#1494 = CARTESIAN_POINT ( 'NONE',  ( 17.83092719143452598, -0.6928338091317126635, 6.406289111339411591 ) ) ;
#1495 = DIRECTION ( 'NONE',  ( 1.000000000000000000, 0.000000000000000000, 0.000000000000000000 ) ) ;
#1496 = DIRECTION ( 'NONE',  ( -0.9899499129764924854, -0.1414184209989448326, 0.000000000000000000 ) ) ;
#1497 = CARTESIAN_POINT ( 'NONE',  ( -16.29765290299641123, 21.99512831067275442, 13.72913488112575209 ) ) ;
#1498 =( BOUNDED_CURVE ( )  B_SPLINE_CURVE ( 3, ( #4082, #3311, #7999, #2653 ),
 .UNSPECIFIED., .F., .F. ) 
 B_SPLINE_CURVE_WITH_KNOTS ( ( 4, 4 ),
 ( 1.804236168339257373, 2.029645539120807030 ),
 .UNSPECIFIED. ) 
 CURVE ( )  GEOMETRIC_REPRESENTATION_ITEM ( )  RATIONAL_B_SPLINE_CURVE ( ( 1.000000000000000000, 0.9957703646662912078, 0.9957703646662912078, 1.000000000000000000 ) ) 
 REPRESENTATION_ITEM ( '' )  );
#1499 = ORIENTED_EDGE ( 'NONE', *, *, #2770, .T. ) ;
#1500 = CARTESIAN_POINT ( 'NONE',  ( 19.98807505064053558, 0.5228795915335373579, 7.103508315616501534 ) ) ;
#1501 = EDGE_CURVE ( 'NONE', #6077, #6714, #8280, .T. ) ;
#1502 = ORIENTED_EDGE ( 'NONE', *, *, #3992, .T. ) ;
#1503 = PRODUCT_CONTEXT ( 'NONE', #3613, 'mechanical' ) ;
#1504 = CARTESIAN_POINT ( 'NONE',  ( 16.06644172404391213, 11.06284411194225292, 17.00000000000000000 ) ) ;
#1505 = VERTEX_POINT ( 'NONE', #7732 ) ;
#1506 = CARTESIAN_POINT ( 'NONE',  ( 4.760878997294996751, 7.171152609699422698, 2.000000000000000000 ) ) ;
#1507 = CARTESIAN_POINT ( 'NONE',  ( 5.700371329342769577, -8.563353558699287049, 7.457106781186559452 ) ) ;
#1508 = FACE_BOUND ( 'NONE', #1249, .T. ) ;
#1509 = ORIENTED_EDGE ( 'NONE', *, *, #7204, .T. ) ;
#1510 = CARTESIAN_POINT ( 'NONE',  ( 48.90483542659832494, 20.11110936274824113, 5.000000000000000888 ) ) ;
#1511 = ORIENTED_EDGE ( 'NONE', *, *, #5821, .T. ) ;
#1512 = ADVANCED_FACE ( 'NONE', ( #3079 ), #7674, .T. ) ;
#1513 = VERTEX_POINT ( 'NONE', #5694 ) ;
#1514 = ORIENTED_EDGE ( 'NONE', *, *, #298, .T. ) ;
#1515 = CARTESIAN_POINT ( 'NONE',  ( 16.43937259908866366, -2.000000000000000000, 5.982160526253024635 ) ) ;
#1516 = CARTESIAN_POINT ( 'NONE',  ( 5.753400353945023582, -7.656332205318364004, 7.000000000000000888 ) ) ;
#1517 = DIRECTION ( 'NONE',  ( -0.8324328464100202440, -0.5541259389504444854, 0.000000000000000000 ) ) ;
#1518 = CARTESIAN_POINT ( 'NONE',  ( 48.90483542659832494, 20.11110936274824113, 5.000000000000000888 ) ) ;
#1519 = CARTESIAN_POINT ( 'NONE',  ( 16.46245746477759297, -2.000000000000000888, 17.00000000000000000 ) ) ;
#1520 = DIRECTION ( 'NONE',  ( 0.7106689055291049995, 0.000000000000000000, 0.7035266211836366246 ) ) ;
#1521 = CARTESIAN_POINT ( 'NONE',  ( 34.76343828451251738, 20.21872944336059419, 1.733087573422449124 ) ) ;
#1522 = DIRECTION ( 'NONE',  ( 0.9871205706931482915, -0.1353134461481086959, -0.08534196040610014800 ) ) ;
#1523 = LINE ( 'NONE', #7388, #2077 ) ;
#1524 = CARTESIAN_POINT ( 'NONE',  ( -5.881437031204918675, 24.66229122822600672, 6.381045430716105749 ) ) ;
#1525 = FACE_OUTER_BOUND ( 'NONE', #7409, .T. ) ;
#1526 = DIRECTION ( 'NONE',  ( 0.7660444431189769032, -0.6427876096865408062, 0.000000000000000000 ) ) ;
#1527 = B_SPLINE_CURVE_WITH_KNOTS ( 'NONE', 3,
 ( #1251, #7069, #1209, #1774, #5774, #8440, #1816, #5130 ),
 .UNSPECIFIED., .F., .F.,
 ( 4, 2, 2, 4 ),
 ( 0.001281550135014899875, 0.001601760893719284375, 0.001921971652423668658, 0.002562393169832448501 ),
 .UNSPECIFIED. ) ;
#1528 = CIRCLE ( 'NONE', #283, 10.00000000000000000 ) ;
#1529 = CARTESIAN_POINT ( 'NONE',  ( 6.074901368506307797, 16.40628470280847750, -2.912951643657597511 ) ) ;
#1530 = VERTEX_POINT ( 'NONE', #400 ) ;
#1531 = CARTESIAN_POINT ( 'NONE',  ( 17.57023454703885434, -1.262585542481762912, 9.951321325292617814 ) ) ;
#1532 = CARTESIAN_POINT ( 'NONE',  ( 19.65365543858514741, 1.025259736534292365, 6.500000000000000888 ) ) ;
#1533 = CARTESIAN_POINT ( 'NONE',  ( -28.06256458244927998, 18.14387903043152050, 12.79748406216240220 ) ) ;
#1534 = EDGE_CURVE ( 'NONE', #1116, #6226, #1089, .T. ) ;
#1535 = DIRECTION ( 'NONE',  ( -0.08231402710526236621, 0.01128351997175011494, -0.9965425646297106921 ) ) ;
#1536 = CARTESIAN_POINT ( 'NONE',  ( 19.60531021516264616, 0.2468047236993820837, 9.899669600364108035 ) ) ;
#1537 = ORIENTED_EDGE ( 'NONE', *, *, #5549, .T. ) ;
#1538 = CARTESIAN_POINT ( 'NONE',  ( 42.23126336932462266, 19.19504786133495955, 19.23469898181796722 ) ) ;
#1539 = ORIENTED_EDGE ( 'NONE', *, *, #7978, .F. ) ;
#1540 = B_SPLINE_CURVE_WITH_KNOTS ( 'NONE', 3,
 ( #8289, #8423, #5115, #4334, #538, #3181 ),
 .UNSPECIFIED., .F., .F.,
 ( 4, 2, 4 ),
 ( 0.000000000000000000, 0.0007272214347994093763, 0.001454442869598821355 ),
 .UNSPECIFIED. ) ;
#1541 = CARTESIAN_POINT ( 'NONE',  ( -5.781439106731871114, 23.96229093172530256, 7.088152211902657207 ) ) ;
#1542 = EDGE_LOOP ( 'NONE', ( #8437, #5584, #5971, #946 ) ) ;
#1543 = DIRECTION ( 'NONE',  ( -0.7660444431189770143, 0.6427876096865405842, 0.000000000000000000 ) ) ;
#1544 = CARTESIAN_POINT ( 'NONE',  ( 16.90279864454424441, -1.706877893213994968, 10.34662109781115191 ) ) ;
#1545 = CARTESIAN_POINT ( 'NONE',  ( -7.990314441371448417, -6.075092646820382747, 14.55979849088173239 ) ) ;
#1546 = ORIENTED_EDGE ( 'NONE', *, *, #2041, .F. ) ;
#1547 = CARTESIAN_POINT ( 'NONE',  ( 16.46245746477750416, -2.000000000000000000, 6.293548757490610157 ) ) ;
#1548 = ADVANCED_FACE ( 'NONE', ( #7686 ), #7640, .T. ) ;
#1549 = EDGE_CURVE ( 'NONE', #8096, #6786, #5744, .T. ) ;
#1550 = ORIENTED_EDGE ( 'NONE', *, *, #7281, .F. ) ;
#1551 = PRODUCT ( 'struc', 'struc', '', ( #1503 ) ) ;
#1552 = EDGE_LOOP ( 'NONE', ( #4385, #7891, #7062, #4649 ) ) ;
#1553 = ORIENTED_EDGE ( 'NONE', *, *, #5453, .T. ) ;
#1554 = DIRECTION ( 'NONE',  ( 0.000000000000000000, 1.000000000000000000, -0.000000000000000000 ) ) ;
#1555 = LINE ( 'NONE', #4112, #4323 ) ;
#1556 = FACE_BOUND ( 'NONE', #6631, .T. ) ;
#1557 = CARTESIAN_POINT ( 'NONE',  ( 38.30051488798554971, 2.529986095031092397, 27.43919038237022079 ) ) ;
#1558 = EDGE_CURVE ( 'NONE', #5003, #483, #1790, .T. ) ;
#1559 = CARTESIAN_POINT ( 'NONE',  ( -28.06256458244927998, 18.42106205602465252, 4.363612215012456552 ) ) ;
#1560 = DIRECTION ( 'NONE',  ( 0.1414184209989443053, -0.9899499129764927075, 0.000000000000000000 ) ) ;
#1561 = FACE_OUTER_BOUND ( 'NONE', #7725, .T. ) ;
#1562 = FACE_OUTER_BOUND ( 'NONE', #4136, .T. ) ;
#1563 = CARTESIAN_POINT ( 'NONE',  ( -2.269026889613089626, 18.19113980308873835, 6.000000000000000888 ) ) ;
#1564 = AXIS2_PLACEMENT_3D ( 'NONE', #3218, #3088, #5795 ) ;
#1565 = DIRECTION ( 'NONE',  ( 0.6427876096865403621, 0.7660444431189771253, -9.167409266964496408E-33 ) ) ;
#1566 = CARTESIAN_POINT ( 'NONE',  ( 42.55082214200849933, 21.17117471991336330, 16.48906831038915755 ) ) ;
#1567 = EDGE_CURVE ( 'NONE', #2554, #6343, #6721, .T. ) ;
#1568 = AXIS2_PLACEMENT_3D ( 'NONE', #1247, #1810, #6419 ) ;
#1569 = CARTESIAN_POINT ( 'NONE',  ( 47.40483542659831784, 21.21107546788135423, 14.23397434154498242 ) ) ;
#1570 = VECTOR ( 'NONE', #515, 1000.000000000000114 ) ;
#1571 = CARTESIAN_POINT ( 'NONE',  ( 3.722804632858727647, 23.87423583406313909, -0.8506714922792120159 ) ) ;
#1572 = EDGE_LOOP ( 'NONE', ( #339, #6797, #1387, #6020 ) ) ;
#1573 = CARTESIAN_POINT ( 'NONE',  ( 3.153307455823498362, 18.18907584902404651, 6.575678354946378867 ) ) ;
#1574 = DIRECTION ( 'NONE',  ( 0.000000000000000000, 0.000000000000000000, -1.000000000000000000 ) ) ;
#1575 = CARTESIAN_POINT ( 'NONE',  ( 3.467932343692218033, 9.598348936842617363, 9.499999999999998224 ) ) ;
#1576 = VECTOR ( 'NONE', #1367, 1000.000000000000000 ) ;
#1577 = CYLINDRICAL_SURFACE ( 'NONE', #2181, 0.9999999999999997780 ) ;
#1578 = CARTESIAN_POINT ( 'NONE',  ( 17.54749595301151999, -1.223308758614030323, 10.16831329403424533 ) ) ;
#1579 = AXIS2_PLACEMENT_3D ( 'NONE', #3808, #5004, #7635 ) ;
#1580 = VERTEX_POINT ( 'NONE', #8371 ) ;
#1581 = CARTESIAN_POINT ( 'NONE',  ( 38.41235070371810423, 18.18997571433710192, 7.103553390593280170 ) ) ;
#1582 = ORIENTED_EDGE ( 'NONE', *, *, #3313, .F. ) ;
#1583 = LINE ( 'NONE', #7574, #2875 ) ;
#1584 = EDGE_LOOP ( 'NONE', ( #1298, #7039, #7375, #1893 ) ) ;
#1585 = CARTESIAN_POINT ( 'NONE',  ( 33.40483542659831784, 20.40496528942541232, -0.0002055618314386609136 ) ) ;
#1586 = FACE_OUTER_BOUND ( 'NONE', #1862, .T. ) ;
#1587 = FACE_OUTER_BOUND ( 'NONE', #6467, .T. ) ;
#1588 = ORIENTED_EDGE ( 'NONE', *, *, #5453, .F. ) ;
#1589 = CIRCLE ( 'NONE', #6410, 1.000000000000000888 ) ;
#1590 = VECTOR ( 'NONE', #7306, 1000.000000000000000 ) ;
#1591 = ORIENTED_EDGE ( 'NONE', *, *, #6611, .F. ) ;
#1592 = VERTEX_POINT ( 'NONE', #4368 ) ;
#1593 = ADVANCED_FACE ( 'NONE', ( #7001 ), #1694, .T. ) ;
#1594 = ORIENTED_EDGE ( 'NONE', *, *, #5015, .T. ) ;
#1595 = CARTESIAN_POINT ( 'NONE',  ( 16.44036092554690498, -2.000000000000000444, 5.942954917835966633 ) ) ;
#1596 = ADVANCED_FACE ( 'NONE', ( #6395 ), #6575, .T. ) ;
#1597 = ADVANCED_FACE ( 'NONE', ( #2600 ), #5189, .T. ) ;
#1598 = CARTESIAN_POINT ( 'NONE',  ( 9.669250229670478092, 17.93223332766570977, -5.541538412332624119 ) ) ;
#1599 = CARTESIAN_POINT ( 'NONE',  ( -26.40455886408846098, 18.04142508849550808, 1.863812366327901149 ) ) ;
#1600 = CARTESIAN_POINT ( 'NONE',  ( 16.53187638528167369, -1.917269752095269508, 5.986843996005768886 ) ) ;
#1601 = AXIS2_PLACEMENT_3D ( 'NONE', #1716, #4265, #2976 ) ;
#1602 = DIRECTION ( 'NONE',  ( 0.7657048647896121940, 0.6431920864232718582, -0.000000000000000000 ) ) ;
#1603 = CARTESIAN_POINT ( 'NONE',  ( 26.14271908955283408, 5.584223115608114796, 9.896446609406719830 ) ) ;
#1604 = EDGE_CURVE ( 'NONE', #1986, #4214, #2593, .T. ) ;
#1605 = CARTESIAN_POINT ( 'NONE',  ( 5.337514757498614593, 5.836819177731407571, 7.500000000000000888 ) ) ;
#1606 = DIRECTION ( 'NONE',  ( 1.000000000000000000, -0.000000000000000000, 0.000000000000000000 ) ) ;
#1607 = CARTESIAN_POINT ( 'NONE',  ( 33.40483542659831784, 20.40496528942541232, -3.054292860389221875 ) ) ;
#1608 = CARTESIAN_POINT ( 'NONE',  ( 3.109969130585390040, 17.47701698335855269, -4.441102492128812251 ) ) ;
#1609 = CARTESIAN_POINT ( 'NONE',  ( 43.18870805422554326, 18.69570460379475563, -77.81806696458848194 ) ) ;
#1610 = DIRECTION ( 'NONE',  ( 1.000000000000000000, 0.000000000000000000, 0.000000000000000000 ) ) ;
#1611 = AXIS2_PLACEMENT_3D ( 'NONE', #3191, #4526, #7150 ) ;
#1612 = DIRECTION ( 'NONE',  ( -0.8324328464100202440, -0.5541259389504444854, 0.000000000000000000 ) ) ;
#1613 = ORIENTED_EDGE ( 'NONE', *, *, #2918, .T. ) ;
#1614 = CARTESIAN_POINT ( 'NONE',  ( 0.000000000000000000, 18.19113980308874190, -5.590280349210904554 ) ) ;
#1615 = EDGE_CURVE ( 'NONE', #1986, #3887, #7337, .T. ) ;
#1616 = AXIS2_PLACEMENT_3D ( 'NONE', #6006, #7814, #6521 ) ;
#1617 = B_SPLINE_CURVE_WITH_KNOTS ( 'NONE', 3,
 ( #3751, #7198, #1290, #8354 ),
 .UNSPECIFIED., .F., .F.,
 ( 4, 4 ),
 ( 0.0002652498491781465906, 0.0003903720941981430421 ),
 .UNSPECIFIED. ) ;
#1618 = CARTESIAN_POINT ( 'NONE',  ( 17.08671560681689883, -1.394320654545277094, 6.284701091617998614 ) ) ;
#1619 = CARTESIAN_POINT ( 'NONE',  ( -28.06256458244927998, 18.57986623873934207, 12.54409222050663253 ) ) ;
#1620 = CARTESIAN_POINT ( 'NONE',  ( -1.584917767892575657, 24.28226946880973713, 11.53707630762889380 ) ) ;
#1621 = LINE ( 'NONE', #841, #115 ) ;
#1622 = CIRCLE ( 'NONE', #5063, 1.250000000000002665 ) ;
#1623 = AXIS2_PLACEMENT_3D ( 'NONE', #1798, #488, #5797 ) ;
#1624 = ORIENTED_EDGE ( 'NONE', *, *, #6633, .T. ) ;
#1625 = CARTESIAN_POINT ( 'NONE',  ( 69.43571380615065891, 18.19113980308874190, 8.500000000000000000 ) ) ;
#1626 = ADVANCED_FACE ( 'NONE', ( #4674 ), #7301, .T. ) ;
#1627 = ORIENTED_EDGE ( 'NONE', *, *, #8447, .T. ) ;
#1628 = APPLICATION_PROTOCOL_DEFINITION ( 'draft international standard', 'automotive_design', 1998, #2693 ) ;
#1629 = DIRECTION ( 'NONE',  ( -0.9907350496360611825, 0.1358089151073355039, 0.000000000000000000 ) ) ;
#1630 = VERTEX_POINT ( 'NONE', #7856 ) ;
#1631 = CARTESIAN_POINT ( 'NONE',  ( 47.40483542659831784, 18.48586006325911768, -1.793391668496956415 ) ) ;
#1632 = CIRCLE ( 'NONE', #5758, 2.649999999999999467 ) ;
#1633 = DIRECTION ( 'NONE',  ( 0.1414184209989445273, -0.9899499129764928185, 5.551115123125782702E-17 ) ) ;
#1634 = CARTESIAN_POINT ( 'NONE',  ( 6.892660746652538251, 23.02987462454473899, -7.584017203961006537 ) ) ;
#1635 = ORIENTED_EDGE ( 'NONE', *, *, #6921, .F. ) ;
#1636 = B_SPLINE_CURVE_WITH_KNOTS ( 'NONE', 3,
 ( #2688, #5912, #3252, #6693, #4025, #8496, #738, #2599, #2094, #13 ),
 .UNSPECIFIED., .F., .F.,
 ( 4, 3, 3, 4 ),
 ( 0.000000000000000000, 0.002248023011937224681, 0.004496046023874430281, 0.005960151508949062919 ),
 .UNSPECIFIED. ) ;
#1637 = VERTEX_POINT ( 'NONE', #1349 ) ;
#1638 = ORIENTED_EDGE ( 'NONE', *, *, #4937, .T. ) ;
#1639 = ORIENTED_EDGE ( 'NONE', *, *, #8446, .T. ) ;
#1640 = LINE ( 'NONE', #2465, #6814 ) ;
#1641 = CARTESIAN_POINT ( 'NONE',  ( -23.24926064897143618, 21.00206252223910397, 2.951656750710698329 ) ) ;
#1642 = CARTESIAN_POINT ( 'NONE',  ( -16.41071074069926183, 18.19113980289669996, 9.942380603937440497 ) ) ;
#1643 = CARTESIAN_POINT ( 'NONE',  ( 16.53196903044151611, -1.917159341893180713, 5.983205137331323087 ) ) ;
#1644 = EDGE_CURVE ( 'NONE', #8185, #8477, #2561, .T. ) ;
#1645 = EDGE_LOOP ( 'NONE', ( #1499, #3165, #3939 ) ) ;
#1646 = FACE_OUTER_BOUND ( 'NONE', #3209, .T. ) ;
#1647 = AXIS2_PLACEMENT_3D ( 'NONE', #8412, #5103, #6999 ) ;
#1648 = EDGE_LOOP ( 'NONE', ( #7493, #1287, #5472, #7223 ) ) ;
#1649 = CARTESIAN_POINT ( 'NONE',  ( -6.898634674898636909, 23.56087273782177505, 11.56545322339523985 ) ) ;
#1650 = B_SPLINE_CURVE_WITH_KNOTS ( 'NONE', 3,
 ( #2279, #4856, #968, #4254, #8087, #2922, #7567, #2965, #243, #5581 ),
 .UNSPECIFIED., .F., .F.,
 ( 4, 2, 2, 2, 4 ),
 ( 0.000000000000000000, 0.0003761243093461204756, 0.0007522486186922409512, 0.001128372928038361318, 0.001504497237384481902 ),
 .UNSPECIFIED. ) ;
#1651 = CARTESIAN_POINT ( 'NONE',  ( 5.447076605017153739, -8.182842859722839535, 10.50000000000000000 ) ) ;
#1652 = CARTESIAN_POINT ( 'NONE',  ( -1.398576466903266313, 24.41938942862417505, 10.78626746603697484 ) ) ;
#1653 = CARTESIAN_POINT ( 'NONE',  ( 33.20807695112273450, 18.19113980308873479, 9.890100323533328464 ) ) ;
#1654 = DIRECTION ( 'NONE',  ( 1.000000000000000000, 0.000000000000000000, 0.000000000000000000 ) ) ;
#1655 = DIRECTION ( 'NONE',  ( 0.000000000000000000, 1.000000000000000000, 0.000000000000000000 ) ) ;
#1656 = LINE ( 'NONE', #7600, #7730 ) ;
#1657 = EDGE_CURVE ( 'NONE', #418, #7352, #3979, .T. ) ;
#1658 = EDGE_CURVE ( 'NONE', #4787, #496, #5377, .T. ) ;
#1659 = EDGE_CURVE ( 'NONE', #2170, #690, #4192, .T. ) ;
#1660 = DIRECTION ( 'NONE',  ( 0.3918262090632246286, -0.5886189105789488840, -0.7071067811865430208 ) ) ;
#1661 = ORIENTED_EDGE ( 'NONE', *, *, #5643, .T. ) ;
#1662 = CARTESIAN_POINT ( 'NONE',  ( 2.753274707224705686, 18.18990305832474164, 6.717632800518789971 ) ) ;
#1663 = CARTESIAN_POINT ( 'NONE',  ( 32.40483542659831784, 0.000000000000000000, 10.50000000000000178 ) ) ;
#1664 = CARTESIAN_POINT ( 'NONE',  ( 34.70806587721793335, 18.18854554773242782, 10.50000000000000000 ) ) ;
#1665 = CARTESIAN_POINT ( 'NONE',  ( 14.57557676891739895, -1.915111107797440759, 17.00000000000000000 ) ) ;
#1666 = DIRECTION ( 'NONE',  ( -1.084202172485504434E-16, -0.000000000000000000, 1.000000000000000000 ) ) ;
#1667 = AXIS2_PLACEMENT_3D ( 'NONE', #5388, #2086, #3457 ) ;
#1668 = EDGE_CURVE ( 'NONE', #8477, #6714, #6817, .T. ) ;
#1669 = VERTEX_POINT ( 'NONE', #6089 ) ;
#1670 = LINE ( 'NONE', #4258, #4630 ) ;
#1671 = ORIENTED_EDGE ( 'NONE', *, *, #5202, .F. ) ;
#1672 = CARTESIAN_POINT ( 'NONE',  ( 33.46370190907585851, 18.19113980308873835, 9.796909386707190137 ) ) ;
#1673 = ORIENTED_EDGE ( 'NONE', *, *, #6409, .T. ) ;
#1674 = VECTOR ( 'NONE', #1610, 1000.000000000000000 ) ;
#1675 = CARTESIAN_POINT ( 'NONE',  ( 17.51208632280842181, -1.248439494194302668, 10.17770612945296271 ) ) ;
#1676 = LINE ( 'NONE', #2250, #8341 ) ;
#1677 = ORIENTED_EDGE ( 'NONE', *, *, #1831, .T. ) ;
#1678 = ADVANCED_FACE ( 'NONE', ( #2946 ), #8110, .F. ) ;
#1679 = ORIENTED_EDGE ( 'NONE', *, *, #1142, .T. ) ;
#1680 = EDGE_LOOP ( 'NONE', ( #5428, #6845, #4399, #755 ) ) ;
#1681 = ORIENTED_EDGE ( 'NONE', *, *, #235, .T. ) ;
#1682 = CARTESIAN_POINT ( 'NONE',  ( 16.66322352841136123, -1.866355966129606525, 6.563991165571063213 ) ) ;
#1683 = DIRECTION ( 'NONE',  ( 0.000000000000000000, 0.000000000000000000, -1.000000000000000000 ) ) ;
#1684 = CARTESIAN_POINT ( 'NONE',  ( 6.074901368506302468, 20.94140743705315799, -0.2778176745449674745 ) ) ;
#1685 = CARTESIAN_POINT ( 'NONE',  ( 5.409737478318104920, 5.775941260374670705, 10.50000000000000178 ) ) ;
#1686 = ORIENTED_EDGE ( 'NONE', *, *, #2884, .F. ) ;
#1687 = CYLINDRICAL_SURFACE ( 'NONE', #2426, 1.250000000000002220 ) ;
#1688 = VERTEX_POINT ( 'NONE', #7545 ) ;
#1689 = CARTESIAN_POINT ( 'NONE',  ( 16.44100147053932304, -2.000000000000000000, 11.07331845500332967 ) ) ;
#1690 = CARTESIAN_POINT ( 'NONE',  ( 20.01695897822990133, 1.332587930261920794, 6.523149637333865769 ) ) ;
#1691 = CARTESIAN_POINT ( 'NONE',  ( -1.485734841707499143, 24.25599222742978256, 5.357196507415133979 ) ) ;
#1692 = CARTESIAN_POINT ( 'NONE',  ( 33.37927264807817096, 18.19018357881074266, 10.24040348363511299 ) ) ;
#1693 = CARTESIAN_POINT ( 'NONE',  ( -26.40456366029050272, 18.54484221420547740, 2.156372404981956148 ) ) ;
#1694 = PLANE ( 'NONE',  #5212 ) ;
#1695 = CARTESIAN_POINT ( 'NONE',  ( 16.06644172404391213, 11.06284411194225292, 17.00000000000000000 ) ) ;
#1696 = DIRECTION ( 'NONE',  ( -0.9825940967228552481, -0.1403676123609395587, 0.1216789812806032406 ) ) ;
#1697 = VERTEX_POINT ( 'NONE', #2904 ) ;
#1698 = CARTESIAN_POINT ( 'NONE',  ( 0.000000000000000000, 0.000000000000000000, 0.000000000000000000 ) ) ;
#1699 = VECTOR ( 'NONE', #6403, 1000.000000000000114 ) ;
#1700 = CARTESIAN_POINT ( 'NONE',  ( 16.76807626099126480, -1.796558601521845766, 6.568946533888960992 ) ) ;
#1701 = CARTESIAN_POINT ( 'NONE',  ( -10.12270967053938797, 17.78737130543583689, 18.56330156443894452 ) ) ;
#1702 = EDGE_CURVE ( 'NONE', #7356, #8451, #2134, .T. ) ;
#1703 = EDGE_CURVE ( 'NONE', #1688, #2877, #938, .T. ) ;
#1704 = CARTESIAN_POINT ( 'NONE',  ( 38.76774932029734799, 19.21926480921703373, -3.421219563417644327 ) ) ;
#1705 = PLANE ( 'NONE',  #8506 ) ;
#1706 = DIRECTION ( 'NONE',  ( 0.7994407603325167644, 0.6007449298320939324, -2.775557561562891351E-17 ) ) ;
#1707 = AXIS2_PLACEMENT_3D ( 'NONE', #525, #3211, #3679 ) ;
#1708 = LINE ( 'NONE', #5073, #6446 ) ;
#1709 = ORIENTED_EDGE ( 'NONE', *, *, #6736, .T. ) ;
#1710 = LINE ( 'NONE', #4340, #8332 ) ;
#1711 = VERTEX_POINT ( 'NONE', #6859 ) ;
#1712 = FACE_OUTER_BOUND ( 'NONE', #8318, .T. ) ;
#1713 = EDGE_LOOP ( 'NONE', ( #3633, #8345, #4775, #5218 ) ) ;
#1714 = EDGE_CURVE ( 'NONE', #8196, #6710, #863, .T. ) ;
#1715 = CARTESIAN_POINT ( 'NONE',  ( 17.05416082824868695, -1.606120561823824344, 10.27243671357173582 ) ) ;
#1716 = CARTESIAN_POINT ( 'NONE',  ( 45.99773753572131341, 11.31047693272227050, 13.32866959045028743 ) ) ;
#1717 = ORIENTED_EDGE ( 'NONE', *, *, #6383, .T. ) ;
#1718 = AXIS2_PLACEMENT_3D ( 'NONE', #6227, #6787, #7519 ) ;
#1719 = ORIENTED_EDGE ( 'NONE', *, *, #4824, .T. ) ;
#1720 = ORIENTED_EDGE ( 'NONE', *, *, #1933, .T. ) ;
#1721 = ORIENTED_EDGE ( 'NONE', *, *, #6338, .F. ) ;
#1722 = CARTESIAN_POINT ( 'NONE',  ( 16.64891700825562992, -1.859572670486878909, 6.414721038633290462 ) ) ;
#1723 =( BOUNDED_CURVE ( )  B_SPLINE_CURVE ( 3, ( #3534, #2892, #7489, #6847 ),
 .UNSPECIFIED., .F., .F. ) 
 B_SPLINE_CURVE_WITH_KNOTS ( ( 4, 4 ),
 ( 4.712388980384689674, 5.759586531581287083 ),
 .UNSPECIFIED. ) 
 CURVE ( )  GEOMETRIC_REPRESENTATION_ITEM ( )  RATIONAL_B_SPLINE_CURVE ( ( 1.000000000000000000, 0.9106836025229592124, 0.9106836025229592124, 1.000000000000000000 ) ) 
 REPRESENTATION_ITEM ( '' )  );
#1724 = EDGE_CURVE ( 'NONE', #97, #2127, #3590, .T. ) ;
#1725 = VECTOR ( 'NONE', #8366, 1000.000000000000000 ) ;
#1726 = CARTESIAN_POINT ( 'NONE',  ( -7.323409961642274091, 23.57300256952704842, -5.590280349210904554 ) ) ;
#1727 = CARTESIAN_POINT ( 'NONE',  ( -7.206735632357994525, 23.29380327290408559, 11.77624112130447109 ) ) ;
#1728 = CARTESIAN_POINT ( 'NONE',  ( 4.467932339929592267, 9.669673584359454566, 10.50000000000000178 ) ) ;
#1729 = AXIS2_PLACEMENT_3D ( 'NONE', #5621, #536, #3134 ) ;
#1730 = VECTOR ( 'NONE', #7899, 1000.000000000000000 ) ;
#1731 = ORIENTED_EDGE ( 'NONE', *, *, #546, .F. ) ;
#1732 = LINE ( 'NONE', #2992, #5036 ) ;
#1733 = ORIENTED_EDGE ( 'NONE', *, *, #3303, .T. ) ;
#1734 = VECTOR ( 'NONE', #1154, 1000.000000000000000 ) ;
#1735 = FACE_OUTER_BOUND ( 'NONE', #4859, .T. ) ;
#1736 = CARTESIAN_POINT ( 'NONE',  ( 19.72392066771857699, 0.9197041568731304517, 6.626803717700930463 ) ) ;
#1737 = CARTESIAN_POINT ( 'NONE',  ( 30.41226074914688482, 9.859693848007641037, 7.103553390593288164 ) ) ;
#1738 = CARTESIAN_POINT ( 'NONE',  ( 53.68594803518433878, 18.19714289064111767, 7.623212861452061340 ) ) ;
#1739 = CARTESIAN_POINT ( 'NONE',  ( -28.06256458244927643, 19.42544576544232626, 3.000999681419001863 ) ) ;
#1740 = CARTESIAN_POINT ( 'NONE',  ( 33.40483542659831784, 20.40496528942541232, 17.00020556183143938 ) ) ;
#1741 = CARTESIAN_POINT ( 'NONE',  ( 43.98782589565935552, 18.15952997580668082, 12.26111706050387617 ) ) ;
#1742 = B_SPLINE_CURVE_WITH_KNOTS ( 'NONE', 3,
 ( #4574, #3282, #6471, #3930 ),
 .UNSPECIFIED., .F., .F.,
 ( 4, 4 ),
 ( 0.2406591552742484708, 0.9429678188691756890 ),
 .UNSPECIFIED. ) ;
#1743 = LINE ( 'NONE', #3817, #4250 ) ;
#1744 = ORIENTED_EDGE ( 'NONE', *, *, #88, .F. ) ;
#1745 = CARTESIAN_POINT ( 'NONE',  ( 42.55082214200849933, 21.17117471991336330, 0.5109316896108433426 ) ) ;
#1746 = CARTESIAN_POINT ( 'NONE',  ( 16.46245746477760363, -1.999999999999981348, 5.565868061924157395 ) ) ;
#1747 = CARTESIAN_POINT ( 'NONE',  ( -5.257825928980394359, 17.68464803033581134, 19.60934519656077057 ) ) ;
#1748 = DIRECTION ( 'NONE',  ( 1.000000000000000000, 0.000000000000000000, 0.000000000000000000 ) ) ;
#1749 = PLANE ( 'NONE',  #5885 ) ;
#1750 = CARTESIAN_POINT ( 'NONE',  ( 40.53081369211351870, 17.50377634536206983, -4.225896081100499302 ) ) ;
#1751 = B_SPLINE_CURVE_WITH_KNOTS ( 'NONE', 3,
 ( #306, #2865, #3638, #4925, #4845, #2952, #5565, #827, #2995, #8072, #2347, #187, #6134, #2307 ),
 .UNSPECIFIED., .F., .F.,
 ( 4, 2, 2, 2, 2, 2, 4 ),
 ( 0.000000000000000000, 0.0007673825618503360511, 0.001151073842775505269, 0.001534765123700674921, 0.002302147685551012273, 0.002685838966476184961, 0.003069530247401357215 ),
 .UNSPECIFIED. ) ;
#1752 = EDGE_CURVE ( 'NONE', #4642, #206, #3546, .T. ) ;
#1753 = CIRCLE ( 'NONE', #240, 1.000000000000000222 ) ;
#1754 = CARTESIAN_POINT ( 'NONE',  ( 21.48617592373098617, 2.493911437312736901, 10.50000000000000000 ) ) ;
#1755 = EDGE_CURVE ( 'NONE', #7017, #2381, #265, .T. ) ;
#1756 = ORIENTED_EDGE ( 'NONE', *, *, #6028, .T. ) ;
#1757 = CARTESIAN_POINT ( 'NONE',  ( 40.26590409431137374, 0.000000000000000000, 7.103553390593284611 ) ) ;
#1758 = EDGE_LOOP ( 'NONE', ( #3370, #7582, #3497, #1794 ) ) ;
#1759 = DIRECTION ( 'NONE',  ( 1.000000000000000000, 0.000000000000000000, 0.000000000000000000 ) ) ;
#1760 = VERTEX_POINT ( 'NONE', #4877 ) ;
#1761 = LINE ( 'NONE', #7705, #649 ) ;
#1762 = CARTESIAN_POINT ( 'NONE',  ( -6.581989168615662855, 23.38305087752431177, 4.799518971589924021 ) ) ;
#1763 = ORIENTED_EDGE ( 'NONE', *, *, #6238, .F. ) ;
#1764 = VECTOR ( 'NONE', #2477, 1000.000000000000000 ) ;
#1765 = AXIS2_PLACEMENT_3D ( 'NONE', #7258, #4629, #7211 ) ;
#1766 = AXIS2_PLACEMENT_3D ( 'NONE', #1325, #7964, #4088 ) ;
#1767 = EDGE_CURVE ( 'NONE', #2329, #7330, #3156, .T. ) ;
#1768 = EDGE_CURVE ( 'NONE', #4892, #2170, #2205, .T. ) ;
#1769 = ADVANCED_FACE ( 'NONE', ( #1823 ), #5906, .T. ) ;
#1770 = ORIENTED_EDGE ( 'NONE', *, *, #7004, .T. ) ;
#1771 = AXIS2_PLACEMENT_3D ( 'NONE', #6928, #207, #6110 ) ;
#1772 = EDGE_LOOP ( 'NONE', ( #5127, #8226, #2471, #459, #2408, #4299, #3461 ) ) ;
#1773 = VECTOR ( 'NONE', #2233, 1000.000000000000000 ) ;
#1774 = CARTESIAN_POINT ( 'NONE',  ( -17.84925829039614342, 18.19028406730794245, 6.798810034611927122 ) ) ;
#1775 = ORIENTED_EDGE ( 'NONE', *, *, #1234, .F. ) ;
#1776 = CARTESIAN_POINT ( 'NONE',  ( 16.47549102086104256, -1.982118083888853910, 6.241622985204966056 ) ) ;
#1777 = DIRECTION ( 'NONE',  ( 0.000000000000000000, 0.000000000000000000, -1.000000000000000000 ) ) ;
#1778 = CARTESIAN_POINT ( 'NONE',  ( -7.106129195149132549, 23.49354168388972042, 11.53707630762908032 ) ) ;
#1779 = CARTESIAN_POINT ( 'NONE',  ( 3.467932343692218033, 9.611569373792551829, 9.500000000000001776 ) ) ;
#1780 = EDGE_CURVE ( 'NONE', #8233, #3575, #1632, .T. ) ;
#1781 = ORIENTED_EDGE ( 'NONE', *, *, #1129, .F. ) ;
#1782 =( BOUNDED_CURVE ( )  B_SPLINE_CURVE ( 3, ( #2852, #3489, #7244, #1337 ),
 .UNSPECIFIED., .F., .F. ) 
 B_SPLINE_CURVE_WITH_KNOTS ( ( 4, 4 ),
 ( 1.571841046540660480, 1.575739611101500737 ),
 .UNSPECIFIED. ) 
 CURVE ( )  GEOMETRIC_REPRESENTATION_ITEM ( )  RATIONAL_B_SPLINE_CURVE ( ( 1.000000000000000000, 0.9999987334332647304, 0.9999987334332647304, 1.000000000000000000 ) ) 
 REPRESENTATION_ITEM ( '' )  );
#1783 = PLANE ( 'NONE',  #896 ) ;
#1784 = VERTEX_POINT ( 'NONE', #4902 ) ;
#1785 = CARTESIAN_POINT ( 'NONE',  ( 16.46245746477759297, -2.000000000000001776, 10.65315397641930772 ) ) ;
#1786 = CARTESIAN_POINT ( 'NONE',  ( 5.097875309203814709, 25.05156760779865266, 17.45175923424004338 ) ) ;
#1787 = CARTESIAN_POINT ( 'NONE',  ( 0.000000000000000000, 0.000000000000000000, 9.500000000000001776 ) ) ;
#1788 = CARTESIAN_POINT ( 'NONE',  ( 53.91712193127420960, 18.19113980308875611, 8.500000000000000000 ) ) ;
#1789 = CARTESIAN_POINT ( 'NONE',  ( -28.06256458244926932, 18.06726697952383986, 4.157989691357666828 ) ) ;
#1790 = LINE ( 'NONE', #1740, #7413 ) ;
#1791 = CARTESIAN_POINT ( 'NONE',  ( 43.01095474467523871, 18.19089442589004690, 10.02343538474370632 ) ) ;
#1792 = CIRCLE ( 'NONE', #2896, 20.60355339059327662 ) ;
#1793 = CARTESIAN_POINT ( 'NONE',  ( -17.42509863149369664, -2.354426227855074938, 10.25000000000000000 ) ) ;
#1794 = ORIENTED_EDGE ( 'NONE', *, *, #3036, .T. ) ;
#1795 = DIRECTION ( 'NONE',  ( 0.9796948150902463626, -0.1342955314062657945, 0.1488716881398090830 ) ) ;
#1796 = LINE ( 'NONE', #5750, #52 ) ;
#1797 = CARTESIAN_POINT ( 'NONE',  ( 21.18203862634112866, 1.141685667357788647, 7.249970663460874931 ) ) ;
#1798 = CARTESIAN_POINT ( 'NONE',  ( 39.31346809846623813, 16.99081457383832827, 9.542893218813450318 ) ) ;
#1799 = CARTESIAN_POINT ( 'NONE',  ( 41.38936682668298062, 18.17879613875840761, 11.34739869889013697 ) ) ;
#1800 = CARTESIAN_POINT ( 'NONE',  ( 16.53172430309485819, -1.917450996264364660, 10.96736886588658066 ) ) ;
#1801 = LINE ( 'NONE', #5068, #8265 ) ;
#1802 = EDGE_CURVE ( 'NONE', #7690, #8306, #3537, .T. ) ;
#1803 = CARTESIAN_POINT ( 'NONE',  ( 50.41712193127420250, 18.19374497084779918, 8.731093178149968992 ) ) ;
#1804 = ORIENTED_EDGE ( 'NONE', *, *, #7112, .T. ) ;
#1805 = CARTESIAN_POINT ( 'NONE',  ( 33.09022622482450515, 19.66708009710708893, 7.236023380242269987 ) ) ;
#1806 = EDGE_LOOP ( 'NONE', ( #4525, #1912, #6468 ) ) ;
#1807 = DIRECTION ( 'NONE',  ( 0.9796948150902463626, -0.1342955314062657945, -0.1488716881398090830 ) ) ;
#1808 = ORIENTED_EDGE ( 'NONE', *, *, #5279, .T. ) ;
#1809 = CARTESIAN_POINT ( 'NONE',  ( 16.43942588479008649, -2.007596158024713695, 10.83304153651280721 ) ) ;
#1810 = DIRECTION ( 'NONE',  ( 0.000000000000000000, -0.000000000000000000, -1.000000000000000000 ) ) ;
#1811 = ORIENTED_EDGE ( 'NONE', *, *, #4286, .F. ) ;
#1812 = AXIS2_PLACEMENT_3D ( 'NONE', #5093, #7719, #4997 ) ;
#1813 = ORIENTED_EDGE ( 'NONE', *, *, #4029, .F. ) ;
#1814 = AXIS2_PLACEMENT_3D ( 'NONE', #8243, #6784, #919 ) ;
#1815 = VERTEX_POINT ( 'NONE', #1672 ) ;
#1816 = CARTESIAN_POINT ( 'NONE',  ( -18.43957514813497767, 18.19113980288997823, 7.057699688208671773 ) ) ;
#1817 = ORIENTED_EDGE ( 'NONE', *, *, #5396, .T. ) ;
#1818 = CARTESIAN_POINT ( 'NONE',  ( -1.462380825565096076, 24.29977437553532837, 11.41329535598319467 ) ) ;
#1819 = CARTESIAN_POINT ( 'NONE',  ( 28.57324117608478531, 12.43306999708173066, 6.500000000000000888 ) ) ;
#1820 = EDGE_CURVE ( 'NONE', #6241, #6100, #2246, .T. ) ;
#1821 = EDGE_CURVE ( 'NONE', #4308, #3365, #8098, .T. ) ;
#1822 = CARTESIAN_POINT ( 'NONE',  ( 6.074901368476853136, 17.73170615800645322, 19.14281798417276903 ) ) ;
#1823 = FACE_OUTER_BOUND ( 'NONE', #8523, .T. ) ;
#1824 = ORIENTED_EDGE ( 'NONE', *, *, #6968, .T. ) ;
#1825 = LINE ( 'NONE', #7591, #4760 ) ;
#1826 = ORIENTED_EDGE ( 'NONE', *, *, #3509, .T. ) ;
#1827 = CARTESIAN_POINT ( 'NONE',  ( 34.76343828451251738, 20.21872944336059419, 15.26691242657755154 ) ) ;
#1828 = CARTESIAN_POINT ( 'NONE',  ( 50.41712193127420250, 18.19113980308875611, 8.500000000000000000 ) ) ;
#1829 = CARTESIAN_POINT ( 'NONE',  ( 6.074901367908570826, 18.19113980308874190, 9.796909386706676770 ) ) ;
#1830 = LINE ( 'NONE', #526, #2344 ) ;
#1831 = EDGE_CURVE ( 'NONE', #1697, #7330, #4382, .T. ) ;
#1832 = CARTESIAN_POINT ( 'NONE',  ( 42.46009898150841622, 18.19113980308874190, 7.241510981297873073 ) ) ;
#1833 = LINE ( 'NONE', #2388, #1764 ) ;
#1834 = CARTESIAN_POINT ( 'NONE',  ( 42.82619276912443240, 18.19111976129524777, 9.888428511200258342 ) ) ;
#1835 =( BOUNDED_CURVE ( )  B_SPLINE_CURVE ( 3, ( #5710, #2401, #7743, #8291 ),
 .UNSPECIFIED., .F., .F. ) 
 B_SPLINE_CURVE_WITH_KNOTS ( ( 4, 4 ),
 ( 1.570796326794894338, 2.281618412693304787 ),
 .UNSPECIFIED. ) 
 CURVE ( )  GEOMETRIC_REPRESENTATION_ITEM ( )  RATIONAL_B_SPLINE_CURVE ( ( 1.000000000000000000, 0.9583356900292587799, 0.9583356900292587799, 1.000000000000000000 ) ) 
 REPRESENTATION_ITEM ( '' )  );
#1836 = CARTESIAN_POINT ( 'NONE',  ( 4.074901368506336219, 22.88512733511037567, 0.8515894354418338530 ) ) ;
#1837 = ORIENTED_EDGE ( 'NONE', *, *, #7621, .F. ) ;
#1838 = CARTESIAN_POINT ( 'NONE',  ( 33.40483542659831784, 18.18854554773241716, 6.500000000000000888 ) ) ;
#1839 = DIRECTION ( 'NONE',  ( -0.9899499129764928185, -0.1414184209989438612, 7.112445048091809307E-16 ) ) ;
#1840 = CARTESIAN_POINT ( 'NONE',  ( 16.63373060968029193, -1.821303810009054391, 6.131350228323428908 ) ) ;
#1841 = CARTESIAN_POINT ( 'NONE',  ( -7.193987490977913346, 23.44054483383823495, 5.357196507415130426 ) ) ;
#1842 = ADVANCED_FACE ( 'NONE', ( #6154 ), #288, .F. ) ;
#1843 = FACE_OUTER_BOUND ( 'NONE', #5991, .T. ) ;
#1844 = CARTESIAN_POINT ( 'NONE',  ( 41.39669920714027995, 18.20082577863403372, 11.63223507326768491 ) ) ;
#1845 = LINE ( 'NONE', #5117, #2096 ) ;
#1846 = CIRCLE ( 'NONE', #6655, 0.5000000000000002220 ) ;
#1847 = CARTESIAN_POINT ( 'NONE',  ( 50.59449080944351351, 18.19686950176288320, 9.276204077566271522 ) ) ;
#1848 = VERTEX_POINT ( 'NONE', #1017 ) ;
#1849 = LINE ( 'NONE', #2492, #5011 ) ;
#1850 = VERTEX_POINT ( 'NONE', #7484 ) ;
#1851 = CARTESIAN_POINT ( 'NONE',  ( 39.71538764267965149, 18.18896797111786512, 6.553036467723466707 ) ) ;
#1852 = ORIENTED_EDGE ( 'NONE', *, *, #7721, .T. ) ;
#1853 = ADVANCED_FACE ( 'NONE', ( #4300 ), #3530, .F. ) ;
#1854 = CARTESIAN_POINT ( 'NONE',  ( 3.381759256733302799, 7.477617038142040151, 2.440201509118269385 ) ) ;
#1855 = CARTESIAN_POINT ( 'NONE',  ( 23.00000000000000355, 5.791139803088742433, 9.629649721936179265E-32 ) ) ;
#1856 = VERTEX_POINT ( 'NONE', #2209 ) ;
#1857 = AXIS2_PLACEMENT_3D ( 'NONE', #6717, #5336, #6676 ) ;
#1858 = AXIS2_PLACEMENT_3D ( 'NONE', #5169, #1109, #3882 ) ;
#1859 = ORIENTED_EDGE ( 'NONE', *, *, #7025, .F. ) ;
#1860 = ORIENTED_EDGE ( 'NONE', *, *, #4342, .F. ) ;
#1861 = DIRECTION ( 'NONE',  ( 0.000000000000000000, -1.000000000000000000, 0.000000000000000000 ) ) ;
#1862 = EDGE_LOOP ( 'NONE', ( #3743, #5866, #7277, #7802 ) ) ;
#1863 = FACE_BOUND ( 'NONE', #3404, .T. ) ;
#1864 = CARTESIAN_POINT ( 'NONE',  ( 52.16712193127420960, 20.11110936274824468, 8.500000000000000000 ) ) ;
#1865 = AXIS2_PLACEMENT_3D ( 'NONE', #2057, #2695, #2608 ) ;
#1866 = LINE ( 'NONE', #6429, #6897 ) ;
#1867 = ORIENTED_EDGE ( 'NONE', *, *, #7077, .F. ) ;
#1868 = EDGE_CURVE ( 'NONE', #596, #6682, #976, .T. ) ;
#1869 = EDGE_CURVE ( 'NONE', #6241, #8387, #4261, .T. ) ;
#1870 = AXIS2_PLACEMENT_3D ( 'NONE', #5609, #6262, #7680 ) ;
#1871 = CARTESIAN_POINT ( 'NONE',  ( 38.30051488798554971, 4.646017323781497232, 28.77050996795178861 ) ) ;
#1872 = ORIENTED_EDGE ( 'NONE', *, *, #7921, .T. ) ;
#1873 = DIRECTION ( 'NONE',  ( -0.6531958121733368872, 0.4898998853091174333, 0.5773502691896215122 ) ) ;
#1874 = CARTESIAN_POINT ( 'NONE',  ( 19.75326731178422790, 0.9924525607097024471, 6.592059548346746567 ) ) ;
#1875 = DIRECTION ( 'NONE',  ( 0.6427876096865403621, 0.7660444431189771253, -0.000000000000000000 ) ) ;
#1876 = AXIS2_PLACEMENT_3D ( 'NONE', #7431, #7387, #7555 ) ;
#1877 = DIRECTION ( 'NONE',  ( 0.000000000000000000, -1.000000000000000000, -0.000000000000000000 ) ) ;
#1878 = CARTESIAN_POINT ( 'NONE',  ( 16.54133471665742761, -1.908395640379068725, 11.03922954786392374 ) ) ;
#1879 = CARTESIAN_POINT ( 'NONE',  ( 43.09455399543325882, 18.19068859426834450, 10.10192692623791544 ) ) ;
#1880 = AXIS2_PLACEMENT_3D ( 'NONE', #2863, #2949, #8153 ) ;
#1881 = VECTOR ( 'NONE', #1938, 1000.000000000000114 ) ;
#1882 = EDGE_CURVE ( 'NONE', #5464, #7540, #2849, .T. ) ;
#1883 = DIRECTION ( 'NONE',  ( 0.000000000000000000, 0.000000000000000000, 1.000000000000000000 ) ) ;
#1884 = ORIENTED_EDGE ( 'NONE', *, *, #2042, .T. ) ;
#1885 = CARTESIAN_POINT ( 'NONE',  ( 50.72021082228279454, 20.20247745476114787, 94.29516281891936558 ) ) ;
#1886 = DIRECTION ( 'NONE',  ( 1.000000000000000000, 0.000000000000000000, 0.000000000000000000 ) ) ;
#1887 = CARTESIAN_POINT ( 'NONE',  ( 17.52728025649199495, -1.291178943960191727, 6.911581811258409758 ) ) ;
#1888 = DIRECTION ( 'NONE',  ( 0.000000000000000000, 1.000000000000000000, -0.000000000000000000 ) ) ;
#1889 = CARTESIAN_POINT ( 'NONE',  ( -1.276630890770833915, 24.14094315131686486, 4.931629533939638321 ) ) ;
#1890 = CARTESIAN_POINT ( 'NONE',  ( -28.06256458244927998, 18.57986623873934207, 4.455907779493373688 ) ) ;
#1891 = EDGE_CURVE ( 'NONE', #7121, #3818, #1583, .T. ) ;
#1892 = CARTESIAN_POINT ( 'NONE',  ( 50.84849726975816964, 18.19737862891231117, 9.656311598178305644 ) ) ;
#1893 = ORIENTED_EDGE ( 'NONE', *, *, #1997, .T. ) ;
#1894 = CARTESIAN_POINT ( 'NONE',  ( 20.25265618491631869, 1.589862748477703036, 6.500000000000001776 ) ) ;
#1895 = ORIENTED_EDGE ( 'NONE', *, *, #1013, .T. ) ;
#1896 = CARTESIAN_POINT ( 'NONE',  ( -28.06256458244927998, -77.08536014862590946, 9.796909386706674994 ) ) ;
#1897 = ORIENTED_EDGE ( 'NONE', *, *, #3830, .F. ) ;
#1898 = CARTESIAN_POINT ( 'NONE',  ( 32.74143353297743886, 19.20480553196296825, 9.558351597048035941 ) ) ;
#1899 = DIRECTION ( 'NONE',  ( -0.6427876096865409172, -0.7660444431189766812, 0.000000000000000000 ) ) ;
#1900 = ORIENTED_EDGE ( 'NONE', *, *, #2353, .T. ) ;
#1901 = VECTOR ( 'NONE', #1535, 1000.000000000000227 ) ;
#1902 = EDGE_CURVE ( 'NONE', #3784, #6294, #7282, .T. ) ;
#1903 = ORIENTED_EDGE ( 'NONE', *, *, #458, .T. ) ;
#1904 = ORIENTED_EDGE ( 'NONE', *, *, #6922, .T. ) ;
#1905 = CARTESIAN_POINT ( 'NONE',  ( 86.10117280021606234, 18.08776577269485841, 14.23397434154498065 ) ) ;
#1906 = ORIENTED_EDGE ( 'NONE', *, *, #3351, .T. ) ;
#1907 = FACE_OUTER_BOUND ( 'NONE', #7188, .T. ) ;
#1908 = AXIS2_PLACEMENT_3D ( 'NONE', #5104, #4367, #5693 ) ;
#1909 = CARTESIAN_POINT ( 'NONE',  ( 41.40602515836693698, 18.18219369108033945, 5.878574199842211634 ) ) ;
#1910 = CARTESIAN_POINT ( 'NONE',  ( 6.074901368506300692, 17.60690167831700492, 21.97858832401197660 ) ) ;
#1911 = CONICAL_SURFACE ( 'NONE', #6851, 19.24999999999998934, 0.7853981633974517207 ) ;
#1912 = ORIENTED_EDGE ( 'NONE', *, *, #4924, .T. ) ;
#1913 = CIRCLE ( 'NONE', #7417, 2.000000000000001776 ) ;
#1914 = CARTESIAN_POINT ( 'NONE',  ( -26.40455886408846453, 18.04142508849550097, 15.13618763367214548 ) ) ;
#1915 = ORIENTED_EDGE ( 'NONE', *, *, #4188, .T. ) ;
#1916 = CARTESIAN_POINT ( 'NONE',  ( 53.73973403865348786, 18.19686965874862139, 9.276245463237325239 ) ) ;
#1917 = CARTESIAN_POINT ( 'NONE',  ( 5.911418223790432691, 17.39540104256625241, 22.06974468396333577 ) ) ;
#1918 = DIRECTION ( 'NONE',  ( -0.4156957420089222310, 0.9095037383516637597, -0.000000000000000000 ) ) ;
#1919 = CARTESIAN_POINT ( 'NONE',  ( 16.43516998937394291, -2.018164465752217307, 10.75569391504028260 ) ) ;
#1920 = CARTESIAN_POINT ( 'NONE',  ( 33.40483542659831784, 19.95440738642258438, -3.884872736865373710 ) ) ;
#1921 = EDGE_CURVE ( 'NONE', #563, #3913, #5465, .T. ) ;
#1922 = CARTESIAN_POINT ( 'NONE',  ( -6.384071361585120563, 23.15878622197761771, 6.377946096336124526 ) ) ;
#1923 = ORIENTED_EDGE ( 'NONE', *, *, #1921, .F. ) ;
#1924 = CARTESIAN_POINT ( 'NONE',  ( 12.46665581194457495, 3.118001912711204859, 8.690543505140523095 ) ) ;
#1925 = LINE ( 'NONE', #486, #2395 ) ;
#1926 = CARTESIAN_POINT ( 'NONE',  ( 19.76713812172046403, 1.015750226493594477, 10.41584001279240823 ) ) ;
#1927 = CARTESIAN_POINT ( 'NONE',  ( -1.169591456228456616, 24.15623417525573302, 4.799518971589924909 ) ) ;
#1928 = B_SPLINE_CURVE_WITH_KNOTS ( 'NONE', 3,
 ( #1479, #7427, #1559, #5441, #8111, #6737, #825 ),
 .UNSPECIFIED., .F., .F.,
 ( 4, 3, 4 ),
 ( 0.000000000000000000, 0.0002755154973113046525, 0.0005042740041145831083 ),
 .UNSPECIFIED. ) ;
#1929 = DIRECTION ( 'NONE',  ( 0.000000000000000000, -1.000000000000000000, 0.000000000000000000 ) ) ;
#1930 = CARTESIAN_POINT ( 'NONE',  ( 19.98807505064056400, 0.5228795915335634481, 9.896491684383509124 ) ) ;
#1931 = ADVANCED_FACE ( 'NONE', ( #4825 ), #2367, .T. ) ;
#1932 = CARTESIAN_POINT ( 'NONE',  ( 42.98912155903653343, 18.08537695462307227, 2.715079664854961994 ) ) ;
#1933 = EDGE_CURVE ( 'NONE', #97, #2329, #5069, .T. ) ;
#1934 = CARTESIAN_POINT ( 'NONE',  ( 5.083870714351639286, 6.049375941831867109, 7.500000000000001776 ) ) ;
#1935 = ORIENTED_EDGE ( 'NONE', *, *, #8229, .F. ) ;
#1936 = DIRECTION ( 'NONE',  ( 0.9899499129764927075, 0.1414184209989451657, 7.861123474206711017E-16 ) ) ;
#1937 = ORIENTED_EDGE ( 'NONE', *, *, #7257, .F. ) ;
#1938 = DIRECTION ( 'NONE',  ( 0.5671072145501000472, -0.4758594545669649345, 0.6722701738917600256 ) ) ;
#1939 = ORIENTED_EDGE ( 'NONE', *, *, #5926, .F. ) ;
#1940 = CARTESIAN_POINT ( 'NONE',  ( 16.44969571196238789, -2.008495121611157508, 10.73305786632611181 ) ) ;
#1941 = CARTESIAN_POINT ( 'NONE',  ( 3.722821391424380177, 23.22632997439629676, 18.22714438343041721 ) ) ;
#1942 = ORIENTED_EDGE ( 'NONE', *, *, #8146, .T. ) ;
#1943 = EDGE_CURVE ( 'NONE', #724, #6634, #7546, .T. ) ;
#1944 = B_SPLINE_CURVE_WITH_KNOTS ( 'NONE', 3,
 ( #8160, #7517, #7561, #6059 ),
 .UNSPECIFIED., .F., .F.,
 ( 4, 4 ),
 ( 0.000000000000000000, 0.5000000000000000000 ),
 .UNSPECIFIED. ) ;
#1945 = ORIENTED_EDGE ( 'NONE', *, *, #1244, .T. ) ;
#1946 = ORIENTED_EDGE ( 'NONE', *, *, #4341, .F. ) ;
#1947 = CARTESIAN_POINT ( 'NONE',  ( 16.06644172404391213, 11.06284411194225292, 17.00000000000000000 ) ) ;
#1948 = LINE ( 'NONE', #3064, #3689 ) ;
#1949 = ORIENTED_EDGE ( 'NONE', *, *, #5964, .F. ) ;
#1950 = CARTESIAN_POINT ( 'NONE',  ( 35.64005297390797011, 20.09856402680679821, 8.500000000000000000 ) ) ;
#1951 = CARTESIAN_POINT ( 'NONE',  ( -28.06256458244927998, 18.57986623873934207, 12.54409222050663253 ) ) ;
#1952 = EDGE_CURVE ( 'NONE', #6042, #4146, #8216, .T. ) ;
#1953 = DIRECTION ( 'NONE',  ( -0.000000000000000000, 1.000000000000000000, -0.000000000000000000 ) ) ;
#1954 = AXIS2_PLACEMENT_3D ( 'NONE', #603, #1953, #3851 ) ;
#1955 = ORIENTED_EDGE ( 'NONE', *, *, #5498, .T. ) ;
#1956 = ORIENTED_EDGE ( 'NONE', *, *, #1347, .F. ) ;
#1957 = CARTESIAN_POINT ( 'NONE',  ( 6.074901367908570826, 18.19113980308874190, 6.734363537764442853 ) ) ;
#1958 = CARTESIAN_POINT ( 'NONE',  ( 5.624699978545516288, 17.35410481347319944, 22.03382877116128924 ) ) ;
#1959 = CARTESIAN_POINT ( 'NONE',  ( 5.556306357836559684, 17.55260222383078528, -3.809756329306992484 ) ) ;
#1960 = CARTESIAN_POINT ( 'NONE',  ( 47.40483542659831784, 17.69554623697859341, -2.502125910418634636 ) ) ;
#1961 = CARTESIAN_POINT ( 'NONE',  ( 6.074901368249748579, 18.18958319812110602, 6.500011466391145909 ) ) ;
#1962 = CARTESIAN_POINT ( 'NONE',  ( 8.493625849006285478, 3.188251665938304669, 8.499999999999998224 ) ) ;
#1963 = ORIENTED_EDGE ( 'NONE', *, *, #7153, .F. ) ;
#1964 = CARTESIAN_POINT ( 'NONE',  ( 4.494300670097538308, 18.18854568887852707, 10.49998085679730053 ) ) ;
#1965 = CARTESIAN_POINT ( 'NONE',  ( 5.165999994093784409, 7.501606223921334582, 6.500000000000000888 ) ) ;
#1966 = CARTESIAN_POINT ( 'NONE',  ( 16.76710128278850931, -1.798496492490562870, 6.572360213091774206 ) ) ;
#1967 = DIRECTION ( 'NONE',  ( 0.1358089151073354484, 0.9907350496360611825, 0.000000000000000000 ) ) ;
#1968 = CARTESIAN_POINT ( 'NONE',  ( 47.40483542659831784, -77.08536014839516781, 9.796909386706674994 ) ) ;
#1969 = CARTESIAN_POINT ( 'NONE',  ( 19.01697766769186515, 0.4251313620551567252, 10.51050667419946016 ) ) ;
#1970 = LINE ( 'NONE', #2066, #5936 ) ;
#1971 = EDGE_CURVE ( 'NONE', #5976, #6714, #7020, .T. ) ;
#1972 = CARTESIAN_POINT ( 'NONE',  ( 3.722964681832346301, 17.46002903365549130, -4.577703206926760693 ) ) ;
#1973 = ORIENTED_EDGE ( 'NONE', *, *, #6249, .T. ) ;
#1974 = CARTESIAN_POINT ( 'NONE',  ( 5.382206815957244039, 5.811744954753875980, 7.343581323053207655 ) ) ;
#1975 = EDGE_CURVE ( 'NONE', #6795, #5206, #3702, .T. ) ;
#1977 = EDGE_LOOP ( 'NONE', ( #2928, #4269, #4910, #1368 ) ) ;
#1976 = EDGE_CURVE ( 'NONE', #1697, #97, #2564, .T. ) ;
#1978 = DIRECTION ( 'NONE',  ( -0.000000000000000000, -0.000000000000000000, -1.000000000000000000 ) ) ;
#1979 = ORIENTED_EDGE ( 'NONE', *, *, #3985, .F. ) ;
#1980 = FACE_OUTER_BOUND ( 'NONE', #3579, .T. ) ;
#1981 = FACE_BOUND ( 'NONE', #5865, .T. ) ;
#1982 = VERTEX_POINT ( 'NONE', #3230 ) ;
#1983 = B_SPLINE_CURVE_WITH_KNOTS ( 'NONE', 3,
 ( #1829, #6998, #474, #6910 ),
 .UNSPECIFIED., .F., .F.,
 ( 4, 4 ),
 ( 0.8242273466766693035, 1.000000000000000000 ),
 .UNSPECIFIED. ) ;
#1984 = ORIENTED_EDGE ( 'NONE', *, *, #4763, .T. ) ;
#1985 = EDGE_CURVE ( 'NONE', #1153, #1856, #6973, .T. ) ;
#1986 = VERTEX_POINT ( 'NONE', #5847 ) ;
#1987 = CARTESIAN_POINT ( 'NONE',  ( 40.49802578137660447, 19.43263824085059710, -2.441047844193116045 ) ) ;
#1988 = LINE ( 'NONE', #5901, #6992 ) ;
#1989 = ORIENTED_EDGE ( 'NONE', *, *, #4914, .T. ) ;
#1990 = CARTESIAN_POINT ( 'NONE',  ( -2.184364863409161472, 23.75873158673381980, 10.62205390366387370 ) ) ;
#1991 = VECTOR ( 'NONE', #2766, 1000.000000000000000 ) ;
#1992 = DIRECTION ( 'NONE',  ( 0.8324328464100202440, 0.5541259389504444854, 0.000000000000000000 ) ) ;
#1993 = DIRECTION ( 'NONE',  ( -0.7660444431189770143, 0.6427876096865405842, 0.000000000000000000 ) ) ;
#1994 = DIRECTION ( 'NONE',  ( -0.000000000000000000, -0.000000000000000000, 1.000000000000000000 ) ) ;
#1995 = VECTOR ( 'NONE', #7760, 999.9999999999998863 ) ;
#1996 = ORIENTED_EDGE ( 'NONE', *, *, #7101, .F. ) ;
#1997 = EDGE_CURVE ( 'NONE', #1513, #2506, #633, .T. ) ;
#1998 = ORIENTED_EDGE ( 'NONE', *, *, #6968, .F. ) ;
#1999 = CARTESIAN_POINT ( 'NONE',  ( 4.988728280949656479, 9.392728145939486240, 14.55979849088173239 ) ) ;
#2000 = VECTOR ( 'NONE', #4853, 1000.000000000000114 ) ;
#2001 = CARTESIAN_POINT ( 'NONE',  ( 2.784913247173425255, 24.72115145405675563, -0.1647710851586548508 ) ) ;
#2002 =( GEOMETRIC_REPRESENTATION_CONTEXT ( 3 ) GLOBAL_UNCERTAINTY_ASSIGNED_CONTEXT ( ( #2196 ) ) GLOBAL_UNIT_ASSIGNED_CONTEXT ( ( #5587, #6843, #328 ) ) REPRESENTATION_CONTEXT ( 'NONE', 'WORKASPACE' ) );
#2003 = DIRECTION ( 'NONE',  ( -0.000000000000000000, -1.000000000000000000, -0.000000000000000000 ) ) ;
#2004 = CARTESIAN_POINT ( 'NONE',  ( 19.81521755419713671, 0.2318332831740415323, 9.749993302924957916 ) ) ;
#2005 =( NAMED_UNIT ( * ) PLANE_ANGLE_UNIT ( ) SI_UNIT ( $, .RADIAN. ) );
#2006 = CIRCLE ( 'NONE', #8466, 1.000000000000000000 ) ;
#2007 = LINE ( 'NONE', #4632, #7919 ) ;
#2008 = CYLINDRICAL_SURFACE ( 'NONE', #2964, 1.000000000000000888 ) ;
#2009 = PLANE ( 'NONE',  #4999 ) ;
#2010 = CARTESIAN_POINT ( 'NONE',  ( 16.65888089852894538, -1.870282887796575366, 6.493644077749654464 ) ) ;
#2011 = CARTESIAN_POINT ( 'NONE',  ( -1.398576466903264315, 24.41938942862417861, 10.78626746603697484 ) ) ;
#2012 = VECTOR ( 'NONE', #3863, 1000.000000000000000 ) ;
#2013 = CARTESIAN_POINT ( 'NONE',  ( 6.074901368261381940, 18.18953060500902197, 10.49992181147148251 ) ) ;
#2014 = CARTESIAN_POINT ( 'NONE',  ( 18.43400750543939992, -0.1243730131866875727, 10.53973326124924981 ) ) ;
#2015 = CARTESIAN_POINT ( 'NONE',  ( 42.23105983466246016, 19.19507576165166540, 19.23472991039588109 ) ) ;
#2016 = AXIS2_PLACEMENT_3D ( 'NONE', #8115, #8073, #5445 ) ;
#2017 = AXIS2_PLACEMENT_3D ( 'NONE', #6926, #4172, #7614 ) ;
#2018 = DIRECTION ( 'NONE',  ( -0.6427876096865406952, -0.7660444431189769032, -0.000000000000000000 ) ) ;
#2019 = ORIENTED_EDGE ( 'NONE', *, *, #5083, .T. ) ;
#2020 = CARTESIAN_POINT ( 'NONE',  ( 34.08388000213501101, 25.35864053760572645, 1.618758820789091279 ) ) ;
#2021 = VERTEX_POINT ( 'NONE', #5718 ) ;
#2022 = LINE ( 'NONE', #4645, #1881 ) ;
#2023 = ORIENTED_EDGE ( 'NONE', *, *, #3562, .T. ) ;
#2024 = DIRECTION ( 'NONE',  ( -1.000000000000000000, 0.000000000000000000, 0.000000000000000000 ) ) ;
#2025 = CYLINDRICAL_SURFACE ( 'NONE', #2868, 1.000000000000000000 ) ;
#2026 = ORIENTED_EDGE ( 'NONE', *, *, #5916, .T. ) ;
#2027 = AXIS2_PLACEMENT_3D ( 'NONE', #4501, #3857, #6482 ) ;
#2028 = EDGE_CURVE ( 'NONE', #2305, #5109, #8197, .T. ) ;
#2029 = EDGE_CURVE ( 'NONE', #6042, #2289, #5451, .T. ) ;
#2030 = ORIENTED_EDGE ( 'NONE', *, *, #7721, .F. ) ;
#2031 = ORIENTED_EDGE ( 'NONE', *, *, #8182, .T. ) ;
#2032 = LINE ( 'NONE', #1418, #4463 ) ;
#2033 = CARTESIAN_POINT ( 'NONE',  ( 47.40483542659831784, 23.53261802527601887, 15.27332543490704531 ) ) ;
#2034 = EDGE_LOOP ( 'NONE', ( #2374, #3854, #79, #1323 ) ) ;
#2035 = CARTESIAN_POINT ( 'NONE',  ( 39.55158073039960698, 20.42686259565428841, 8.499999970917363257 ) ) ;
#2036 = FACE_OUTER_BOUND ( 'NONE', #2108, .T. ) ;
#2037 = CARTESIAN_POINT ( 'NONE',  ( -3.546613304419206081, 24.82681893398648754, 4.799518971589924021 ) ) ;
#2038 = LINE ( 'NONE', #4617, #7487 ) ;
#2039 = FACE_OUTER_BOUND ( 'NONE', #3701, .T. ) ;
#2040 = ADVANCED_FACE ( 'NONE', ( #1712 ), #2451, .F. ) ;
#2041 = EDGE_CURVE ( 'NONE', #6315, #3452, #3804, .T. ) ;
#2042 = EDGE_CURVE ( 'NONE', #6769, #8106, #86, .T. ) ;
#2043 = ORIENTED_EDGE ( 'NONE', *, *, #5764, .F. ) ;
#2044 = CIRCLE ( 'NONE', #3417, 0.4999999999999995559 ) ;
#2045 = ORIENTED_EDGE ( 'NONE', *, *, #5656, .T. ) ;
#2046 = CYLINDRICAL_SURFACE ( 'NONE', #5021, 0.4999999999999993339 ) ;
#2047 = DIRECTION ( 'NONE',  ( -0.000000000000000000, -0.000000000000000000, -1.000000000000000000 ) ) ;
#2048 = CARTESIAN_POINT ( 'NONE',  ( 8.958635169154206324, 2.798062516908189412, 17.00000000000000000 ) ) ;
#2049 = CARTESIAN_POINT ( 'NONE',  ( 18.59910679190431182, 0.03124832705597767324, 10.52813572926591057 ) ) ;
#2050 = EDGE_CURVE ( 'NONE', #5767, #7851, #4748, .T. ) ;
#2051 = EDGE_CURVE ( 'NONE', #4496, #5432, #7524, .T. ) ;
#2052 = FILL_AREA_STYLE ('',( #6649 ) ) ;
#2053 = AXIS2_PLACEMENT_3D ( 'NONE', #445, #1236, #3779 ) ;
#2054 = AXIS2_PLACEMENT_3D ( 'NONE', #4012, #129, #2120 ) ;
#2055 = VECTOR ( 'NONE', #8335, 1000.000000000000000 ) ;
#2056 = DIRECTION ( 'NONE',  ( -2.453218548424409809E-16, 1.717289354081517871E-15, 1.000000000000000000 ) ) ;
#2057 = CARTESIAN_POINT ( 'NONE',  ( -17.42509863149369664, 21.19113980308874190, 8.500000000000000000 ) ) ;
#2058 = VECTOR ( 'NONE', #783, 1000.000000000000000 ) ;
#2060 = CIRCLE ( 'NONE', #6174, 1.042893218813435663 ) ;
#2059 = CARTESIAN_POINT ( 'NONE',  ( 5.927294209427728333, 6.649477592886950283, 6.500000000000000888 ) ) ;
#2061 = CARTESIAN_POINT ( 'NONE',  ( 19.81025725651333502, 1.082359712038241994, 10.43581011724771557 ) ) ;
#2062 = CARTESIAN_POINT ( 'NONE',  ( 34.08388000213500391, 25.35864053760572645, 3.435111744702123757E-16 ) ) ;
#2063 = CARTESIAN_POINT ( 'NONE',  ( -6.581989168615658414, 23.38305087752431177, 12.20048102841007065 ) ) ;
#2064 = LINE ( 'NONE', #749, #4797 ) ;
#2065 = EDGE_CURVE ( 'NONE', #5423, #3227, #5766, .T. ) ;
#2066 = CARTESIAN_POINT ( 'NONE',  ( 6.054676841529339271, 9.151654069779020517, 0.000000000000000000 ) ) ;
#2067 = DIRECTION ( 'NONE',  ( -0.8324328464100202440, -0.5541259389504444854, -0.000000000000000000 ) ) ;
#2068 = ORIENTED_EDGE ( 'NONE', *, *, #6728, .F. ) ;
#2069 = CARTESIAN_POINT ( 'NONE',  ( 16.70222359202521289, -1.840394776632653162, 6.595828236554667434 ) ) ;
#2070 =( BOUNDED_SURFACE ( )  B_SPLINE_SURFACE ( 3, 2, ( 
 ( #6341, #3672, #3068 ),
 ( #1778, #1727, #989 ),
 ( #2509, #3803, #5044 ),
 ( #2467, #4402, #5137 ) ),
 .UNSPECIFIED., .F., .F., .F. ) 
 B_SPLINE_SURFACE_WITH_KNOTS ( ( 4, 4 ),
 ( 3, 3 ),
 ( 2.168404344971008621E-16, 0.5235987755983060321 ),
 ( 0.000000000000000000, 1.000000000000000000 ),
 .UNSPECIFIED. ) 
 GEOMETRIC_REPRESENTATION_ITEM ( )  RATIONAL_B_SPLINE_SURFACE ( (
 ( 1.000000000000000000, 0.9530206138714216735, 1.000000000000000000),
 ( 1.000000000000000000, 0.9530363760089646252, 1.000000000000000000),
 ( 1.000000000000000000, 0.9431762688450382459, 1.000000000000000000),
 ( 1.000000000000000000, 0.9238795325112849621, 1.000000000000000000) ) ) 
 REPRESENTATION_ITEM ( '' )  SURFACE ( )  );
#2071 = ORIENTED_EDGE ( 'NONE', *, *, #7657, .T. ) ;
#2072 = CARTESIAN_POINT ( 'NONE',  ( 16.51040379187873341, -1.942859792425529752, 11.23165570957300829 ) ) ;
#2073 = ORIENTED_EDGE ( 'NONE', *, *, #3563, .T. ) ;
#2074 = CARTESIAN_POINT ( 'NONE',  ( 22.00113461188209740, 18.18854554773241716, 6.500000000000000888 ) ) ;
#2075 = CARTESIAN_POINT ( 'NONE',  ( 8.255950988253054845, 9.999999999999998224, 17.00000000000000000 ) ) ;
#2076 = EDGE_LOOP ( 'NONE', ( #6217, #1781, #1502, #8024 ) ) ;
#2077 = VECTOR ( 'NONE', #1482, 1000.000000000000000 ) ;
#2078 = CARTESIAN_POINT ( 'NONE',  ( 17.10472578593411797, -1.537107872038784295, 6.670171821955967140 ) ) ;
#2079 = VERTEX_POINT ( 'NONE', #8390 ) ;
#2080 = CARTESIAN_POINT ( 'NONE',  ( -2.184364863409160140, 23.75873158673381980, 10.62205390366387370 ) ) ;
#2081 = EDGE_LOOP ( 'NONE', ( #8475, #4179, #5352 ) ) ;
#2082 = CARTESIAN_POINT ( 'NONE',  ( 5.994919238558778396, 9.999999999999998224, 16.00000000000000000 ) ) ;
#2083 = B_SPLINE_CURVE_WITH_KNOTS ( 'NONE', 3,
 ( #8309, #2420, #7716, #464 ),
 .UNSPECIFIED., .F., .F.,
 ( 4, 4 ),
 ( 0.000000000000000000, 0.5000000000000000000 ),
 .UNSPECIFIED. ) ;
#2084 = CARTESIAN_POINT ( 'NONE',  ( -2.098576763403981804, 24.31939150415113104, 5.506625752776476368 ) ) ;
#2085 = FACE_OUTER_BOUND ( 'NONE', #7285, .T. ) ;
#2086 = DIRECTION ( 'NONE',  ( -0.7994407603325160983, -0.6007449298320949316, 1.422489009618371328E-15 ) ) ;
#2087 = ORIENTED_EDGE ( 'NONE', *, *, #1902, .T. ) ;
#2088 = EDGE_CURVE ( 'NONE', #6852, #2329, #2410, .T. ) ;
#2089 = EDGE_LOOP ( 'NONE', ( #3322, #7747, #5382, #7552, #7250, #4138 ) ) ;
#2090 = CARTESIAN_POINT ( 'NONE',  ( 33.40483542659833205, 20.40496528942541943, 15.38124117921091027 ) ) ;
#2091 = ADVANCED_FACE ( 'NONE', ( #3879 ), #6501, .F. ) ;
#2092 = EDGE_CURVE ( 'NONE', #100, #7548, #4041, .T. ) ;
#2093 = CARTESIAN_POINT ( 'NONE',  ( 6.832302505739978216, 25.29933767399753108, -0.6694405357243075061 ) ) ;
#2094 = CARTESIAN_POINT ( 'NONE',  ( 6.074901368506302468, 18.15373900823552233, 18.89759622911325110 ) ) ;
#2095 = CARTESIAN_POINT ( 'NONE',  ( 16.06644172404391213, 11.06284411194225292, 1.000000000000000000 ) ) ;
#2096 = VECTOR ( 'NONE', #2444, 1000.000000000000000 ) ;
#2097 = DIRECTION ( 'NONE',  ( -0.6431920864232718582, 0.7657048647896121940, 0.000000000000000000 ) ) ;
#2098 = CARTESIAN_POINT ( 'NONE',  ( 5.134072742018885194, 23.27094001242801014, 22.48671315625626832 ) ) ;
#2099 = AXIS2_PLACEMENT_3D ( 'NONE', #5968, #6619, #2703 ) ;
#2100 = EDGE_CURVE ( 'NONE', #8217, #5512, #6005, .T. ) ;
#2101 = CARTESIAN_POINT ( 'NONE',  ( 4.114130159123090102, 7.302144996640302921, 6.500000000000000888 ) ) ;
#2102 = CARTESIAN_POINT ( 'NONE',  ( 19.73480530352878759, 0.9033527686187838857, 10.35355339059327484 ) ) ;
#2103 = DIRECTION ( 'NONE',  ( -0.4247908136477072105, 0.5652899827880566441, 0.7071067811865457964 ) ) ;
#2104 = DIRECTION ( 'NONE',  ( -1.000000000000000000, -0.000000000000000000, -0.000000000000000000 ) ) ;
#2105 = CARTESIAN_POINT ( 'NONE',  ( -2.857090524570929713, 29.52805836686129481, 5.522680340163367951 ) ) ;
#2106 = DIRECTION ( 'NONE',  ( -2.081520287236462374E-15, -0.8386705679454270479, -0.5446390350150225323 ) ) ;
#2107 = CARTESIAN_POINT ( 'NONE',  ( 4.320604155214679665, 6.962578188989614780, 7.500000000000001776 ) ) ;
#2108 = EDGE_LOOP ( 'NONE', ( #4644, #3847, #4528, #1375 ) ) ;
#2109 = DIRECTION ( 'NONE',  ( -0.9899499129764925964, -0.1414184209989444718, 1.475448649874322763E-16 ) ) ;
#2110 = EDGE_CURVE ( 'NONE', #1071, #5003, #7837, .T. ) ;
#2111 = EDGE_LOOP ( 'NONE', ( #376, #4541 ) ) ;
#2112 = CARTESIAN_POINT ( 'NONE',  ( 6.579886473998323382, 8.002544093717268936, 2.000000000000000000 ) ) ;
#2113 = EDGE_LOOP ( 'NONE', ( #4573, #8438, #1937, #3982 ) ) ;
#2114 = DIRECTION ( 'NONE',  ( 9.930073858567526929E-34, 1.418551935884518376E-34, 1.000000000000000000 ) ) ;
#2115 = FACE_OUTER_BOUND ( 'NONE', #3102, .T. ) ;
#2116 =( BOUNDED_SURFACE ( )  B_SPLINE_SURFACE ( 3, 2, ( 
 ( #3593, #4195, #6819 ),
 ( #4714, #2138, #226 ),
 ( #4071, #2782, #7339 ),
 ( #2905, #5522, #2182 ) ),
 .UNSPECIFIED., .F., .F., .F. ) 
 B_SPLINE_SURFACE_WITH_KNOTS ( ( 4, 4 ),
 ( 3, 3 ),
 ( 5.759586531581282642, 6.283185307179586232 ),
 ( 0.000000000000000000, 1.000000000000000000 ),
 .UNSPECIFIED. ) 
 GEOMETRIC_REPRESENTATION_ITEM ( )  RATIONAL_B_SPLINE_SURFACE ( (
 ( 1.000000000000000000, 0.9238795325112854062, 1.000000000000000000),
 ( 1.000000000000000000, 0.9431762688450401333, 1.000000000000000000),
 ( 1.000000000000000000, 0.9530363760089632930, 1.000000000000000000),
 ( 1.000000000000000000, 0.9530206138714216735, 1.000000000000000000) ) ) 
 REPRESENTATION_ITEM ( '' )  SURFACE ( )  );
#2117 = VERTEX_POINT ( 'NONE', #6540 ) ;
#2118 = CARTESIAN_POINT ( 'NONE',  ( 52.16712193127420960, 18.61110936274822691, 6.749999999999992006 ) ) ;
#2119 = CARTESIAN_POINT ( 'NONE',  ( 8.468439195007304576, 3.870565855183834003, 2.000000000000000000 ) ) ;
#2120 = DIRECTION ( 'NONE',  ( 0.7660444431189770143, -0.6427876096865405842, 0.000000000000000000 ) ) ;
#2121 = ORIENTED_EDGE ( 'NONE', *, *, #4959, .F. ) ;
#2122 = DIRECTION ( 'NONE',  ( -2.040851148208008245E-16, 0.000000000000000000, 1.000000000000000000 ) ) ;
#2123 = CARTESIAN_POINT ( 'NONE',  ( -1.775785809460705300, -11.28970132979734942, 7.192863038747971061 ) ) ;
#2124 = SPHERICAL_SURFACE ( 'NONE', #2921, 2.000000000000000000 ) ;
#2125 = ORIENTED_EDGE ( 'NONE', *, *, #7401, .F. ) ;
#2126 = LINE ( 'NONE', #6040, #2230 ) ;
#2127 = VERTEX_POINT ( 'NONE', #34 ) ;
#2128 = VECTOR ( 'NONE', #8015, 1000.000000000000000 ) ;
#2129 = ORIENTED_EDGE ( 'NONE', *, *, #2136, .T. ) ;
#2130 = EDGE_LOOP ( 'NONE', ( #1277, #2372, #3915, #7407 ) ) ;
#2131 = DIRECTION ( 'NONE',  ( 1.000000000000000000, 0.000000000000000000, 0.000000000000000000 ) ) ;
#2132 = CARTESIAN_POINT ( 'NONE',  ( -45.83354481897935528, 9.997809848797796661, 1.079231504625331128 ) ) ;
#2133 = DIRECTION ( 'NONE',  ( -0.9907350496360611825, 0.1358089151073355039, 0.000000000000000000 ) ) ;
#2134 = LINE ( 'NONE', #1518, #3289 ) ;
#2135 = CIRCLE ( 'NONE', #6113, 1.000000000000000666 ) ;
#2136 = EDGE_CURVE ( 'NONE', #2381, #6602, #2022, .T. ) ;
#2137 = EDGE_CURVE ( 'NONE', #2620, #2968, #5975, .T. ) ;
#2138 = CARTESIAN_POINT ( 'NONE',  ( -7.629408726828813769, 23.23342268108233100, 11.12462566163854838 ) ) ;
#2139 = CARTESIAN_POINT ( 'NONE',  ( 42.38319928916349966, 18.19113980308870993, 9.758432048583346230 ) ) ;
#2140 = DIRECTION ( 'NONE',  ( 0.8209086180667707344, 0.000000000000000000, 0.5710595772629198930 ) ) ;
#2141 = CARTESIAN_POINT ( 'NONE',  ( -17.42509863149369664, -2.354426227855074938, 8.500000000000000000 ) ) ;
#2142 = CARTESIAN_POINT ( 'NONE',  ( 33.11593569343754240, 18.19113980308874190, 9.796909386706674994 ) ) ;
#2143 = DIRECTION ( 'NONE',  ( 0.000000000000000000, 0.000000000000000000, 1.000000000000000000 ) ) ;
#2144 = CARTESIAN_POINT ( 'NONE',  ( 41.89520390281865048, 21.21054822515825933, 22.84681939188130428 ) ) ;
#2145 = CARTESIAN_POINT ( 'NONE',  ( 39.03886351727654613, 17.35624436654326175, 10.00000000000000000 ) ) ;
#2146 = AXIS2_PLACEMENT_3D ( 'NONE', #4475, #6499, #4430 ) ;
#2147 = EDGE_CURVE ( 'NONE', #590, #5737, #18, .T. ) ;
#2148 = LINE ( 'NONE', #157, #1773 ) ;
#2149 = ORIENTED_EDGE ( 'NONE', *, *, #7336, .T. ) ;
#2150 = PLANE ( 'NONE',  #7908 ) ;
#2151 = VERTEX_POINT ( 'NONE', #799 ) ;
#2152 = AXIS2_PLACEMENT_3D ( 'NONE', #512, #3753, #5041 ) ;
#2153 = CARTESIAN_POINT ( 'NONE',  ( 19.44954173854569035, 0.8328687796472146188, 6.498946749471482320 ) ) ;
#2154 = CARTESIAN_POINT ( 'NONE',  ( 34.09099089037890451, 18.18933008374844462, 10.38696322184413035 ) ) ;
#2155 = CARTESIAN_POINT ( 'NONE',  ( 47.40483542659832494, 23.53261802527607216, -1.105402693283966897 ) ) ;
#2156 = CARTESIAN_POINT ( 'NONE',  ( 10.69894992828181124, 1.337765044391837632, 8.500000000000000000 ) ) ;
#2157 = AXIS2_PLACEMENT_3D ( 'NONE', #1787, #6950, #7084 ) ;
#2158 = EDGE_CURVE ( 'NONE', #5172, #2534, #121, .T. ) ;
#2159 = VECTOR ( 'NONE', #3302, 1000.000000000000114 ) ;
#2160 = ORIENTED_EDGE ( 'NONE', *, *, #8030, .T. ) ;
#2161 = CIRCLE ( 'NONE', #2981, 2.000000000000000888 ) ;
#2162 = DIRECTION ( 'NONE',  ( 0.000000000000000000, 0.000000000000000000, -1.000000000000000000 ) ) ;
#2163 = ORIENTED_EDGE ( 'NONE', *, *, #3197, .T. ) ;
#2164 = CARTESIAN_POINT ( 'NONE',  ( 19.98807505064056400, 0.5228795915335634481, 9.896491684383509124 ) ) ;
#2165 = ORIENTED_EDGE ( 'NONE', *, *, #2902, .T. ) ;
#2167 = DIRECTION ( 'NONE',  ( 0.000000000000000000, 0.000000000000000000, -1.000000000000000000 ) ) ;
#2166 = B_SPLINE_CURVE_WITH_KNOTS ( 'NONE', 3,
 ( #5777, #4956, #3029, #8402, #8269, #2508, #1077, #5134, #3712, #7849, #3975, #6600, #3204, #1382, #1909, #6641, #2549, #4660, #3240, #4018, #3333, #48 ),
 .UNSPECIFIED., .F., .F.,
 ( 4, 2, 2, 2, 2, 2, 2, 2, 2, 2, 4 ),
 ( 0.005699952539530071111, 0.006042236185896584025, 0.006384519832263096939, 0.007069087124996108022, 0.007753654417729119105, 0.008438221710462129321, 0.009122789003195141272, 0.009807356295928149753, 0.01049192358866116170, 0.01083420723502767288, 0.01117649088139418580 ),
 .UNSPECIFIED. ) ;
#2168 = FACE_OUTER_BOUND ( 'NONE', #2283, .T. ) ;
#2169 = CARTESIAN_POINT ( 'NONE',  ( 6.606990254146524855, 8.034845121081765740, 15.00000000000000178 ) ) ;
#2170 = VERTEX_POINT ( 'NONE', #631 ) ;
#2171 = LINE ( 'NONE', #4062, #7176 ) ;
#2172 = ADVANCED_FACE ( 'NONE', ( #7355 ), #4602, .T. ) ;
#2173 = EDGE_LOOP ( 'NONE', ( #5633, #8101, #4769 ) ) ;
#2174 = ORIENTED_EDGE ( 'NONE', *, *, #1120, .T. ) ;
#2175 = ORIENTED_EDGE ( 'NONE', *, *, #2158, .T. ) ;
#2176 = CARTESIAN_POINT ( 'NONE',  ( 5.700371329342769577, -8.563353558699287049, 9.542893218813446765 ) ) ;
#2177 = DIRECTION ( 'NONE',  ( -1.000000000000000000, 0.000000000000000000, 0.000000000000000000 ) ) ;
#2178 = DIRECTION ( 'NONE',  ( 0.9907350496360611825, -0.1358089151073354484, 6.018531076210110330E-34 ) ) ;
#2179 = CARTESIAN_POINT ( 'NONE',  ( 16.51621210851232391, -1.935937710210531959, 5.798953002897869524 ) ) ;
#2180 = EDGE_CURVE ( 'NONE', #5874, #2554, #8519, .T. ) ;
#2181 = AXIS2_PLACEMENT_3D ( 'NONE', #2841, #2359, #281 ) ;
#2182 = CARTESIAN_POINT ( 'NONE',  ( -7.606860733319269485, 23.23664375479290101, 11.82154364644705602 ) ) ;
#2183 = LINE ( 'NONE', #2951, #6955 ) ;
#2184 = FACE_OUTER_BOUND ( 'NONE', #1204, .T. ) ;
#2185 = FACE_OUTER_BOUND ( 'NONE', #6018, .T. ) ;
#2186 = CARTESIAN_POINT ( 'NONE',  ( -4.794407181312116961, 18.19113980308874190, 8.500000000000000000 ) ) ;
#2187 = ADVANCED_FACE ( 'NONE', ( #6022, #5373 ), #8004, .T. ) ;
#2188 = VECTOR ( 'NONE', #3943, 1000.000000000000000 ) ;
#2189 = LINE ( 'NONE', #5568, #6713 ) ;
#2190 = CARTESIAN_POINT ( 'NONE',  ( 35.64005297390797011, 20.09856402683650245, -61.30156835636006463 ) ) ;
#2191 = AXIS2_PLACEMENT_3D ( 'NONE', #4096, #808, #769 ) ;
#2192 = FACE_OUTER_BOUND ( 'NONE', #951, .T. ) ;
#2193 = VECTOR ( 'NONE', #5480, 1000.000000000000000 ) ;
#2194 = CARTESIAN_POINT ( 'NONE',  ( 3.722860492718874870, 21.71462700213047725, -2.105536174515906023 ) ) ;
#2195 = ORIENTED_EDGE ( 'NONE', *, *, #8367, .T. ) ;
#2196 = UNCERTAINTY_MEASURE_WITH_UNIT (LENGTH_MEASURE( 1.000000000000000082E-05 ), #5587, 'distance_accuracy_value', 'NONE');
#2197 = AXIS2_PLACEMENT_3D ( 'NONE', #6272, #402, #2354 ) ;
#2198 = CARTESIAN_POINT ( 'NONE',  ( 33.40483542659831784, 19.91608737267181439, 15.37570577717870002 ) ) ;
#2199 = CARTESIAN_POINT ( 'NONE',  ( 19.41449353957794699, 0.7998307901489445371, 6.498550200368472751 ) ) ;
#2200 = CARTESIAN_POINT ( 'NONE',  ( 39.89446440815520845, 18.18997571433710192, 10.26788629556288335 ) ) ;
#2201 = ADVANCED_FACE ( 'NONE', ( #3358 ), #5326, .F. ) ;
#2202 = EDGE_CURVE ( 'NONE', #6207, #4892, #2386, .T. ) ;
#2203 = CARTESIAN_POINT ( 'NONE',  ( -1.722198600588680462, 24.07729196942901950, 11.84432054981677140 ) ) ;
#2204 = DIRECTION ( 'NONE',  ( -0.7994407603325167644, -0.6007449298320939324, -0.000000000000000000 ) ) ;
#2205 = B_SPLINE_CURVE_WITH_KNOTS ( 'NONE', 3,
 ( #3504, #1477, #4275, #6127, #1600, #5558, #1643, #6047, #8191, #145, #3466, #223, #2780, #5399, #4752, #184, #7381, #5437, #4114, #2821, #8069, #2179, #4796, #990, #5045, #7673, #4403 ),
 .UNSPECIFIED., .F., .F.,
 ( 4, 2, 2, 2, 2, 2, 2, 1, 2, 2, 1, 1, 2, 2, 4 ),
 ( 0.000000000000000000, 0.01562499999999811262, 0.03124999999999622524, 0.04687499999999433786, 0.06249999999999245048, 0.09374999999998941125, 0.1249999999999863720, 0.1874999999999806266, 0.2187499999999806544, 0.2499999999999806821, 0.3749999999999885647, 0.4374999999999914513, 0.4687499999999946709, 0.4999999999999978906, 1.000000000000000000 ),
 .UNSPECIFIED. ) ;
#2206 = ORIENTED_EDGE ( 'NONE', *, *, #4341, .T. ) ;
#2207 = CARTESIAN_POINT ( 'NONE',  ( 55.42940843595008005, 20.11110936274824113, 5.000000000000000888 ) ) ;
#2208 = VERTEX_POINT ( 'NONE', #6879 ) ;
#2209 = CARTESIAN_POINT ( 'NONE',  ( 47.40483542659831784, 18.03750896597755826, 19.28005271761616513 ) ) ;
#2210 = VERTEX_POINT ( 'NONE', #838 ) ;
#2211 = CARTESIAN_POINT ( 'NONE',  ( 5.074901367908573491, 4.962140093743794612E-16, 6.500000000000000888 ) ) ;
#2212 = EDGE_CURVE ( 'NONE', #974, #5289, #2839, .T. ) ;
#2213 = CARTESIAN_POINT ( 'NONE',  ( 16.91798811164287741, -1.669297766256036430, 10.41240386147570618 ) ) ;
#2214 = FACE_OUTER_BOUND ( 'NONE', #6898, .T. ) ;
#2215 = VERTEX_POINT ( 'NONE', #2318 ) ;
#2216 = LINE ( 'NONE', #897, #5794 ) ;
#2217 = CONICAL_SURFACE ( 'NONE', #7162, 19.24999999999999645, 0.7853981633974425058 ) ;
#2218 = ORIENTED_EDGE ( 'NONE', *, *, #5763, .T. ) ;
#2219 = ORIENTED_EDGE ( 'NONE', *, *, #8336, .F. ) ;
#2220 = ORIENTED_EDGE ( 'NONE', *, *, #2556, .F. ) ;
#2221 = DIRECTION ( 'NONE',  ( 0.7071067811865500152, -0.000000000000000000, -0.7071067811865451302 ) ) ;
#2222 = CARTESIAN_POINT ( 'NONE',  ( 4.547942978104844158, 9.052355260147411542, 10.50000000000000355 ) ) ;
#2223 = CARTESIAN_POINT ( 'NONE',  ( -2.198574687877028921, 25.01939180065183521, 4.799518971589924021 ) ) ;
#2224 = CARTESIAN_POINT ( 'NONE',  ( 47.40483542659832494, 23.53261802527607216, 18.10540269328396690 ) ) ;
#2225 = FACE_OUTER_BOUND ( 'NONE', #3401, .T. ) ;
#2226 = FACE_OUTER_BOUND ( 'NONE', #6466, .T. ) ;
#2227 = DIRECTION ( 'NONE',  ( 1.000000000000000000, 0.000000000000000000, 0.000000000000000000 ) ) ;
#2228 = CARTESIAN_POINT ( 'NONE',  ( 4.576275086546476523, 7.990937344525513630, 10.45708744038746474 ) ) ;
#2229 = CARTESIAN_POINT ( 'NONE',  ( -16.35807304735327961, 21.00526854178735192, 1.567340369944703049 ) ) ;
#2230 = VECTOR ( 'NONE', #1706, 1000.000000000000000 ) ;
#2231 = CARTESIAN_POINT ( 'NONE',  ( 39.14313610104832719, 20.32257346097318518, 15.88314277567577371 ) ) ;
#2232 = CARTESIAN_POINT ( 'NONE',  ( 12.70366881130524206, -10.65964381416458195, 6.500000000000000888 ) ) ;
#2233 = DIRECTION ( 'NONE',  ( 0.6427876096865403621, 0.7660444431189771253, 0.000000000000000000 ) ) ;
#2234 = EDGE_LOOP ( 'NONE', ( #5387, #2495, #2325, #5725 ) ) ;
#2235 = FACE_OUTER_BOUND ( 'NONE', #1713, .T. ) ;
#2236 = CARTESIAN_POINT ( 'NONE',  ( 17.99013927373096777, -0.5427580870227575183, 6.423136390186752642 ) ) ;
#2237 = CARTESIAN_POINT ( 'NONE',  ( 5.083910017017899463, 6.049342962979108229, 9.499999999976774134 ) ) ;
#2238 = DIRECTION ( 'NONE',  ( 0.000000000000000000, 0.000000000000000000, 1.000000000000000000 ) ) ;
#2239 = CARTESIAN_POINT ( 'NONE',  ( 43.91080635171569213, 21.05956626302953083, 14.52086390806383953 ) ) ;
#2240 =( BOUNDED_SURFACE ( )  B_SPLINE_SURFACE ( 3, 2, ( 
 ( #6570, #4757, #7992 ),
 ( #744, #665, #6652 ),
 ( #2697, #6696, #3306 ),
 ( #3905, #4678, #6529 ),
 ( #7261, #149, #787 ),
 ( #5363, #2101, #3259 ),
 ( #1965, #617, #5232 ),
 ( #22, #5877, #4717 ),
 ( #3433, #5920, #3388 ),
 ( #2785, #7862, #3994 ),
 ( #2646, #1357, #4590 ),
 ( #6011, #704, #7948 ),
 ( #2059, #7305, #1400 ),
 ( #4034, #108, #1605 ),
 ( #4883, #6867, #6219 ),
 ( #8238, #4238, #5610 ) ),
 .UNSPECIFIED., .F., .F., .F. ) 
 B_SPLINE_SURFACE_WITH_KNOTS ( ( 4, 2, 2, 2, 2, 2, 2, 4 ),
 ( 3, 3 ),
 ( 0.000000000000000000, 0.0009862214921130142004, 0.001972442984226028401, 0.002958664476339042601, 0.003451775222395549701, 0.003698330595423803251, 0.003821608281937930243, 0.003944885968452056801 ),
 ( 0.000000000000000000, 1.000000000000000000 ),
 .UNSPECIFIED. ) 
 GEOMETRIC_REPRESENTATION_ITEM ( )  RATIONAL_B_SPLINE_SURFACE ( (
 ( 1.000000000000000000, 0.7071067811865475727, 1.000000000000000000),
 ( 1.000000000000000000, 0.7071067811865475727, 1.000000000000000000),
 ( 1.000000000000000000, 0.7071067811865475727, 1.000000000000000000),
 ( 1.000000000000000000, 0.7071067811865475727, 1.000000000000000000),
 ( 1.000000000000000000, 0.7071067811865475727, 1.000000000000000000),
 ( 1.000000000000000000, 0.7071067811865475727, 1.000000000000000000),
 ( 1.000000000000000000, 0.7071067811865477948, 1.000000000000000000),
 ( 1.000000000000000000, 0.7071067811865477948, 1.000000000000000000),
 ( 1.000000000000000000, 0.7071067811865473507, 1.000000000000000000),
 ( 1.000000000000000000, 0.7071067811865473507, 1.000000000000000000),
 ( 1.000000000000000000, 0.7071067811865473507, 1.000000000000000000),
 ( 1.000000000000000000, 0.7071067811865473507, 1.000000000000000000),
 ( 1.000000000000000000, 0.7071067811865476838, 1.000000000000000000),
 ( 1.000000000000000000, 0.7071067811865476838, 1.000000000000000000),
 ( 1.000000000000000000, 0.7071067811865475727, 1.000000000000000000),
 ( 1.000000000000000000, 0.7071067811865475727, 1.000000000000000000) ) ) 
 REPRESENTATION_ITEM ( '' )  SURFACE ( )  );
#2241 = EDGE_CURVE ( 'NONE', #5504, #1239, #2161, .T. ) ;
#2242 = EDGE_CURVE ( 'NONE', #1379, #6799, #3867, .T. ) ;
#2243 = EDGE_LOOP ( 'NONE', ( #5586, #6357, #7836, #2893, #195, #886, #2366, #3462 ) ) ;
#2244 = CARTESIAN_POINT ( 'NONE',  ( 5.279670707145059261, 23.80977528641478713, 23.31644671593594609 ) ) ;
#2245 = ORIENTED_EDGE ( 'NONE', *, *, #6753, .T. ) ;
#2246 = LINE ( 'NONE', #3486, #7684 ) ;
#2247 = ORIENTED_EDGE ( 'NONE', *, *, #2604, .F. ) ;
#2248 = CYLINDRICAL_SURFACE ( 'NONE', #2532, 0.4999999999999993339 ) ;
#2249 = DIRECTION ( 'NONE',  ( 1.000000000000000000, 3.321706335932480517E-12, 0.000000000000000000 ) ) ;
#2250 = CARTESIAN_POINT ( 'NONE',  ( 0.000000000000000000, -2.000000000000000000, 0.000000000000000000 ) ) ;
#2251 = ORIENTED_EDGE ( 'NONE', *, *, #245, .F. ) ;
#2252 = ADVANCED_FACE ( 'NONE', ( #7693 ), #4512, .T. ) ;
#2253 = VERTEX_POINT ( 'NONE', #8334 ) ;
#2254 = B_SPLINE_SURFACE_WITH_KNOTS ( 'NONE', 1, 3, ( 
 ( #473, #5051, #5005, #4364, #6350, #432, #3075, #8320, #1786, #4410, #3123, #5101, #5187, #5954, #4709, #1262, #3941, #5264, #55, #2558, #3381, #7813, #3339, #4067, #7299, #1389 ),
 ( #6691, #6004, #7333, #4024, #7207, #7939, #4626, #1917, #1958, #5911, #781, #2687, #5355, #102, #693, #7894, #4671, #3425, #654, #6045, #737, #6562, #3898, #6520, #7254, #6646 ) ),
 .UNSPECIFIED., .F., .F., .F.,
 ( 2, 2 ),
 ( 4, 2, 2, 2, 2, 2, 2, 2, 2, 2, 2, 2, 4 ),
 ( 0.000000000000000000, 1.000000000000000000 ),
 ( 0.03468998650837873399, 0.03645548720431517065, 0.03733823755228338204, 0.03822098790025160037, 0.03910373824821981870, 0.03998648859618803009, 0.04175198929212446675, 0.04528299068399733313, 0.04881399207587019951, 0.05587599485961593226, 0.06293799764336166502, 0.07706200321085313054, 0.09118600877834458218 ),
 .UNSPECIFIED. ) ;
#2255 = ORIENTED_EDGE ( 'NONE', *, *, #7780, .F. ) ;
#2256 = ORIENTED_EDGE ( 'NONE', *, *, #447, .T. ) ;
#2257 = LINE ( 'NONE', #7496, #3655 ) ;
#2258 = CARTESIAN_POINT ( 'NONE',  ( 5.624699978545516288, 17.35410481347319944, -5.033828771161289239 ) ) ;
#2259 = CARTESIAN_POINT ( 'NONE',  ( 39.25125892410041217, 17.07359937514922521, 6.646446609406730488 ) ) ;
#2260 = CARTESIAN_POINT ( 'NONE',  ( 16.46245746477759297, -2.000000000000000888, 17.00020556183143938 ) ) ;
#2261 = VECTOR ( 'NONE', #600, 1000.000000000000000 ) ;
#2262 = ADVANCED_FACE ( 'NONE', ( #6404 ), #4755, .F. ) ;
#2263 = CARTESIAN_POINT ( 'NONE',  ( -26.40456366029500757, 18.54484221420510437, 14.84362759501735063 ) ) ;
#2264 = CARTESIAN_POINT ( 'NONE',  ( 33.40483542659833205, 20.40496528942541232, 19.89603382995455405 ) ) ;
#2265 = DIRECTION ( 'NONE',  ( -0.6427876096865406952, -0.7660444431189769032, 0.000000000000000000 ) ) ;
#2266 = DIRECTION ( 'NONE',  ( 0.000000000000000000, -0.000000000000000000, -1.000000000000000000 ) ) ;
#2267 = CARTESIAN_POINT ( 'NONE',  ( 47.40483542659831784, 18.19113980308874190, 9.796909386706680323 ) ) ;
#2268 = AXIS2_PLACEMENT_3D ( 'NONE', #3931, #7889, #1993 ) ;
#2269 = CARTESIAN_POINT ( 'NONE',  ( -6.258572182211498358, 17.70661894607054165, -2.393375533928208565 ) ) ;
#2270 = DIRECTION ( 'NONE',  ( 0.000000000000000000, 0.000000000000000000, 1.000000000000000000 ) ) ;
#2271 = VECTOR ( 'NONE', #4049, 1000.000000000000000 ) ;
#2272 = DIRECTION ( 'NONE',  ( 0.000000000000000000, 0.000000000000000000, 1.000000000000000000 ) ) ;
#2273 = ADVANCED_FACE ( 'NONE', ( #1231 ), #5950, .T. ) ;
#2274 = CARTESIAN_POINT ( 'NONE',  ( 8.958635169154206324, 2.798062516908189412, 17.00000000000000000 ) ) ;
#2275 = ORIENTED_EDGE ( 'NONE', *, *, #6339, .F. ) ;
#2276 = CARTESIAN_POINT ( 'NONE',  ( 17.12497050371058194, -1.558984654018769289, 10.14442443330227661 ) ) ;
#2277 = CARTESIAN_POINT ( 'NONE',  ( 17.26785267471462504, -1.223576736869343984, 6.323205333472743384 ) ) ;
#2278 = CARTESIAN_POINT ( 'NONE',  ( 40.26590409431137374, 18.19108780883302146, 9.896446609406716277 ) ) ;
#2279 = CARTESIAN_POINT ( 'NONE',  ( 34.70806587721793335, 18.18854554773242782, 6.500000000000000888 ) ) ;
#2280 = CARTESIAN_POINT ( 'NONE',  ( 16.95776060948736585, -1.641153040883105207, 10.39296707414827026 ) ) ;
#2281 = ORIENTED_EDGE ( 'NONE', *, *, #2939, .F. ) ;
#2282 = LINE ( 'NONE', #7445, #6826 ) ;
#2283 = EDGE_LOOP ( 'NONE', ( #7174, #813, #303, #6663, #1228 ) ) ;
#2284 = CARTESIAN_POINT ( 'NONE',  ( 20.05920953508532989, 0.4095871327165949705, 7.326755502359849181 ) ) ;
#2285 = ORIENTED_EDGE ( 'NONE', *, *, #2884, .T. ) ;
#2286 = LINE ( 'NONE', #6891, #6384 ) ;
#2287 = PLANE ( 'NONE',  #6849 ) ;
#2288 = CARTESIAN_POINT ( 'NONE',  ( -21.38224241423042571, 20.28752036699211203, 14.83898354701872258 ) ) ;
#2289 = VERTEX_POINT ( 'NONE', #5878 ) ;
#2290 =( BOUNDED_CURVE ( )  B_SPLINE_CURVE ( 3, ( #8071, #3595, #1649, #6218 ),
 .UNSPECIFIED., .F., .F. ) 
 B_SPLINE_CURVE_WITH_KNOTS ( ( 4, 4 ),
 ( 2.168404344971009361E-16, 0.5235987755983051439 ),
 .UNSPECIFIED. ) 
 CURVE ( )  GEOMETRIC_REPRESENTATION_ITEM ( )  RATIONAL_B_SPLINE_CURVE ( ( 1.000000000000000000, 0.9772838841927116160, 0.9772838841927116160, 1.000000000000000000 ) ) 
 REPRESENTATION_ITEM ( '' )  );
#2291 = EDGE_CURVE ( 'NONE', #2329, #2523, #7262, .T. ) ;
#2292 = AXIS2_PLACEMENT_3D ( 'NONE', #1663, #5457, #1574 ) ;
#2293 = EDGE_LOOP ( 'NONE', ( #3678, #41, #8407, #6939 ) ) ;
#2294 = ORIENTED_EDGE ( 'NONE', *, *, #6087, .F. ) ;
#2295 = ORIENTED_EDGE ( 'NONE', *, *, #6736, .F. ) ;
#2296 = CARTESIAN_POINT ( 'NONE',  ( 16.47393543512736258, -1.992359454429591059, 6.369837732171154343 ) ) ;
#2297 = CARTESIAN_POINT ( 'NONE',  ( 6.998593584652764932, 7.706250910886190297, 12.17722873589911714 ) ) ;
#2298 = EDGE_CURVE ( 'NONE', #4214, #6198, #7642, .T. ) ;
#2299 = EDGE_CURVE ( 'NONE', #7356, #6100, #745, .T. ) ;
#2300 = EDGE_CURVE ( 'NONE', #2502, #964, #481, .T. ) ;
#2301 = CARTESIAN_POINT ( 'NONE',  ( -28.06256458244927998, -77.08536014862590946, 7.203090613293326783 ) ) ;
#2302 = CARTESIAN_POINT ( 'NONE',  ( 43.33750808644019514, 21.11060185564241820, 8.500000000000000000 ) ) ;
#2303 = ORIENTED_EDGE ( 'NONE', *, *, #49, .T. ) ;
#2304 = DIRECTION ( 'NONE',  ( 0.9855777770139452221, -0.1351019616186305561, -0.1019014495630362477 ) ) ;
#2305 = VERTEX_POINT ( 'NONE', #2647 ) ;
#2306 = LINE ( 'NONE', #4117, #7096 ) ;
#2307 = CARTESIAN_POINT ( 'NONE',  ( -26.40455886408846098, 18.04142508849550808, 1.863812366327901149 ) ) ;
#2308 = PLANE ( 'NONE',  #6132 ) ;
#2309 = DIRECTION ( 'NONE',  ( -0.8324328464100173575, -0.5541259389504487043, -2.403138187362592034E-15 ) ) ;
#2310 = EDGE_CURVE ( 'NONE', #8217, #2983, #6616, .T. ) ;
#2311 = CARTESIAN_POINT ( 'NONE',  ( 0.3874776264948230353, 17.54904620805852034, -3.839696014881591957 ) ) ;
#2312 = CARTESIAN_POINT ( 'NONE',  ( 38.81288634988167274, 20.39574261870711425, 22.21956774041057159 ) ) ;
#2313 = CARTESIAN_POINT ( 'NONE',  ( 47.43060450609215195, 21.20757696452465879, 14.23397434154498242 ) ) ;
#2314 = DIRECTION ( 'NONE',  ( -0.9899499129764925964, -0.1414184209989443330, 1.073305846300949286E-16 ) ) ;
#2315 = ORIENTED_EDGE ( 'NONE', *, *, #2902, .F. ) ;
#2316 = DIRECTION ( 'NONE',  ( 0.000000000000000000, 0.000000000000000000, -1.000000000000000000 ) ) ;
#2317 = VECTOR ( 'NONE', #1484, 1000.000000000000114 ) ;
#2318 = CARTESIAN_POINT ( 'NONE',  ( -2.057156266878084505, 24.02944188767534328, 4.799518971589924021 ) ) ;
#2319 = CARTESIAN_POINT ( 'NONE',  ( 4.110196289757547916, 7.310802148070727924, 9.500000000000000000 ) ) ;
#2320 = EDGE_CURVE ( 'NONE', #4308, #6196, #4636, .T. ) ;
#2321 = FACE_OUTER_BOUND ( 'NONE', #2243, .T. ) ;
#2322 = CARTESIAN_POINT ( 'NONE',  ( 18.76475795446444650, -0.3564273370909833427, 9.950239547025971021 ) ) ;
#2323 = VECTOR ( 'NONE', #3813, 1000.000000000000227 ) ;
#2324 = VECTOR ( 'NONE', #7714, 1000.000000000000000 ) ;
#2325 = ORIENTED_EDGE ( 'NONE', *, *, #6182, .T. ) ;
#2326 = CARTESIAN_POINT ( 'NONE',  ( 70.18983421902937891, 18.08776577269485841, 14.23397434154498242 ) ) ;
#2327 = ORIENTED_EDGE ( 'NONE', *, *, #88, .T. ) ;
#2328 = CARTESIAN_POINT ( 'NONE',  ( 30.19986534232302589, 10.14233883940166869, 9.542893218813446765 ) ) ;
#2329 = VERTEX_POINT ( 'NONE', #667 ) ;
#2330 = CARTESIAN_POINT ( 'NONE',  ( -6.525489782584064535, 24.14873613495410964, 6.377946096336122750 ) ) ;
#2331 = LINE ( 'NONE', #8261, #6832 ) ;
#2332 = ORIENTED_EDGE ( 'NONE', *, *, #3654, .F. ) ;
#2333 = ORIENTED_EDGE ( 'NONE', *, *, #5666, .F. ) ;
#2334 = ORIENTED_EDGE ( 'NONE', *, *, #3353, .F. ) ;
#2335 = ORIENTED_EDGE ( 'NONE', *, *, #1767, .T. ) ;
#2336 = CARTESIAN_POINT ( 'NONE',  ( 16.52936637867009750, -1.944058061731735343, 6.304564627703870272 ) ) ;
#2337 = DIRECTION ( 'NONE',  ( 0.7660444431189771253, -0.6427876096865403621, 0.000000000000000000 ) ) ;
#2338 = CARTESIAN_POINT ( 'NONE',  ( -8.123408182616035589, 24.17300494155470858, 10.78626746603696951 ) ) ;
#2339 = CARTESIAN_POINT ( 'NONE',  ( 6.052525088004644616, 6.541985703493648607, 10.50000000000000178 ) ) ;
#2340 = ORIENTED_EDGE ( 'NONE', *, *, #2939, .T. ) ;
#2341 = EDGE_CURVE ( 'NONE', #5918, #8217, #7504, .T. ) ;
#2342 = ADVANCED_FACE ( 'NONE', ( #1312 ), #3307, .T. ) ;
#2343 = DIRECTION ( 'NONE',  ( 0.000000000000000000, 0.8464124915001604021, 0.5325278342326258407 ) ) ;
#2344 = VECTOR ( 'NONE', #5786, 1000.000000000000000 ) ;
#2345 = VERTEX_POINT ( 'NONE', #5961 ) ;
#2346 = CARTESIAN_POINT ( 'NONE',  ( 16.44633122384398760, -2.000000000000000000, 11.18628771108357256 ) ) ;
#2347 = CARTESIAN_POINT ( 'NONE',  ( -26.89218548451234980, 18.05108363932281890, 2.038653805135947739 ) ) ;
#2348 = CARTESIAN_POINT ( 'NONE',  ( 4.467932343692218033, 9.761115907348113296, 6.500000000000000888 ) ) ;
#2349 = CARTESIAN_POINT ( 'NONE',  ( 23.00000000000000000, 4.235415976228324553, 10.50000000000000000 ) ) ;
#2350 = CARTESIAN_POINT ( 'NONE',  ( -7.228666137474870190, 23.47603677714731063, 11.41329535598319467 ) ) ;
#2351 = CARTESIAN_POINT ( 'NONE',  ( 5.134072742018885194, 23.27094001242801014, -5.486713156256265655 ) ) ;
#2352 = LINE ( 'NONE', #873, #6632 ) ;
#2353 = EDGE_CURVE ( 'NONE', #3591, #6799, #1438, .T. ) ;
#2354 = DIRECTION ( 'NONE',  ( -0.9899499129764924854, -0.1414184209989448326, 0.000000000000000000 ) ) ;
#2355 = ORIENTED_EDGE ( 'NONE', *, *, #2147, .F. ) ;
#2356 = FACE_OUTER_BOUND ( 'NONE', #449, .T. ) ;
#2357 = CARTESIAN_POINT ( 'NONE',  ( 17.02927370637270243, -1.622687183187452531, 6.716310326594106428 ) ) ;
#2358 = CARTESIAN_POINT ( 'NONE',  ( 42.51513640388095183, -6.246196747414927586, 10.00000000000000000 ) ) ;
#2359 = DIRECTION ( 'NONE',  ( 0.6531958121733355549, -0.4898998853091172667, 0.5773502691896232886 ) ) ;
#2360 = DIRECTION ( 'NONE',  ( 0.000000000000000000, 0.000000000000000000, -1.000000000000000000 ) ) ;
#2361 = DIRECTION ( 'NONE',  ( 0.000000000000000000, 0.000000000000000000, -1.000000000000000000 ) ) ;
#2362 = EDGE_CURVE ( 'NONE', #3023, #1711, #3626, .T. ) ;
#2363 = CARTESIAN_POINT ( 'NONE',  ( 51.10016597783624093, 18.19695448478499245, 9.891795742919812895 ) ) ;
#2364 = ORIENTED_EDGE ( 'NONE', *, *, #7875, .T. ) ;
#2365 = DIRECTION ( 'NONE',  ( 1.000000000000000000, 0.000000000000000000, 0.000000000000000000 ) ) ;
#2366 = ORIENTED_EDGE ( 'NONE', *, *, #7549, .T. ) ;
#2367 = CYLINDRICAL_SURFACE ( 'NONE', #2744, 0.9999999999999987788 ) ;
#2368 = EDGE_LOOP ( 'NONE', ( #1110, #7419, #2371, #5164, #1064, #1344, #295, #2836, #3799, #7981, #7482 ) ) ;
#2369 = DIRECTION ( 'NONE',  ( 1.000000000000000000, 0.000000000000000000, 0.000000000000000000 ) ) ;
#2370 = DIRECTION ( 'NONE',  ( -0.1502325963552075261, 0.000000000000000000, 0.9886506799635416121 ) ) ;
#2371 = ORIENTED_EDGE ( 'NONE', *, *, #501, .T. ) ;
#2372 = ORIENTED_EDGE ( 'NONE', *, *, #3573, .T. ) ;
#2373 = ORIENTED_EDGE ( 'NONE', *, *, #1615, .F. ) ;
#2374 = ORIENTED_EDGE ( 'NONE', *, *, #7986, .F. ) ;
#2375 = CARTESIAN_POINT ( 'NONE',  ( 16.38304487934419740, -2.052862610668885868, 6.201762537592574454 ) ) ;
#2376 = CARTESIAN_POINT ( 'NONE',  ( 42.98912155903653343, 18.08537695462307227, 2.715079664854961994 ) ) ;
#2377 = CARTESIAN_POINT ( 'NONE',  ( -1.228348976360914557, 24.14784042158188626, 15.52671051315419071 ) ) ;
#2378 = CARTESIAN_POINT ( 'NONE',  ( 5.575592878247054962, 6.992788324589684024, 10.50000000000000178 ) ) ;
#2379 = ORIENTED_EDGE ( 'NONE', *, *, #7032, .F. ) ;
#2380 = DIRECTION ( 'NONE',  ( 1.000000000000000000, 0.000000000000000000, 0.000000000000000000 ) ) ;
#2381 = VERTEX_POINT ( 'NONE', #3511 ) ;
#2382 = DIRECTION ( 'NONE',  ( 0.000000000000000000, 0.000000000000000000, 1.000000000000000000 ) ) ;
#2383 = CARTESIAN_POINT ( 'NONE',  ( 51.60387416482848977, 18.19578129949375622, 6.839162846432011555 ) ) ;
#2384 = FACE_OUTER_BOUND ( 'NONE', #4474, .T. ) ;
#2385 = CARTESIAN_POINT ( 'NONE',  ( 33.40483542659831073, 18.18951264076850549, 10.36895184066418096 ) ) ;
#2386 = B_SPLINE_CURVE_WITH_KNOTS ( 'NONE', 3,
 ( #1532, #6146, #6749, #2153, #2199, #241, #6919, #4814, #316, #1006, #2963, #5495, #4895, #3648, #878, #6835, #3523, #5533, #277, #4129, #7476, #4293, #7565, #8085, #2880, #6277, #2797, #5414, #4770, #6189, #2236, #4210, #4854, #5579, #1494, #8125, #3480, #8046, #925, #2919, #3569, #8164, #2277, #7520, #6788, #1618, #7399, #198, #4252, #4938, #4167, #6228, #6102 ),
 .UNSPECIFIED., .F., .F.,
 ( 4, 2, 1, 1, 1, 2, 2, 1, 1, 1, 2, 2, 2, 1, 1, 1, 2, 2, 2, 1, 1, 2, 2, 2, 1, 2, 2, 1, 2, 2, 2, 2, 4 ),
 ( 0.000000000000000000, 0.03125000000001886685, 0.04687500000002774864, 0.05468750000003218953, 0.05859375000003440997, 0.06054687500003474304, 0.06250000000003506917, 0.09375000000003677614, 0.1093750000000376366, 0.1171875000000374561, 0.1210937500000373729, 0.1250000000000372757, 0.1875000000000246192, 0.2187500000000177081, 0.2343750000000142386, 0.2421875000000124900, 0.2460937500000122957, 0.2500000000000121014, 0.3125000000000112688, 0.3437500000000108247, 0.3593750000000112688, 0.3671875000000107692, 0.3750000000000102141, 0.4375000000000061062, 0.4687500000000047740, 0.4843750000000040523, 0.5000000000000033307, 0.5625000000000037748, 0.5937500000000032196, 0.6250000000000026645, 0.6875000000000014433, 0.7500000000000001110, 1.000000000000000000 ),
 .UNSPECIFIED. ) ;
#2387 = CARTESIAN_POINT ( 'NONE',  ( -28.06256458244929064, 17.88764957073990303, 2.107242282957860535 ) ) ;
#2388 = CARTESIAN_POINT ( 'NONE',  ( -5.999655765173653954, 27.87022021858439302, 6.719440456566979414 ) ) ;
#2389 = ADVANCED_FACE ( 'NONE', ( #4758 ), #2786, .F. ) ;
#2390 = DIRECTION ( 'NONE',  ( 0.5541259389504447075, -0.8324328464100201330, 0.000000000000000000 ) ) ;
#2391 = ADVANCED_FACE ( 'NONE', ( #6740 ), #4076, .F. ) ;
#2392 = DIRECTION ( 'NONE',  ( 0.000000000000000000, 0.8464124915001604021, 0.5325278342326258407 ) ) ;
#2393 = ORIENTED_EDGE ( 'NONE', *, *, #6515, .F. ) ;
#2394 = PLANE ( 'NONE',  #466 ) ;
#2395 = VECTOR ( 'NONE', #578, 1000.000000000000227 ) ;
#2396 = CARTESIAN_POINT ( 'NONE',  ( 16.41026377696172389, -2.034743795121708665, 5.789906774201513784 ) ) ;
#2397 = CARTESIAN_POINT ( 'NONE',  ( -6.548991227978706142, 17.71293904514530837, 19.33075453325800197 ) ) ;
#2398 = CARTESIAN_POINT ( 'NONE',  ( 42.45346213038158112, 18.09375486260647392, 14.10419276517498233 ) ) ;
#2399 = CARTESIAN_POINT ( 'NONE',  ( 17.11313288559103540, -1.369419621428280331, 10.70896716934326598 ) ) ;
#2400 = EDGE_CURVE ( 'NONE', #563, #6624, #3250, .T. ) ;
#2401 = CARTESIAN_POINT ( 'NONE',  ( 34.28378482642506953, 20.28447983322946513, 15.30727608490490788 ) ) ;
#2402 = ADVANCED_FACE ( 'NONE', ( #6135 ), #3597, .T. ) ;
#2403 = EDGE_CURVE ( 'NONE', #3229, #4945, #4103, .T. ) ;
#2404 = VECTOR ( 'NONE', #6296, 1000.000000000000000 ) ;
#2405 = CARTESIAN_POINT ( 'NONE',  ( 16.06644172404391213, 11.06284411194225292, 8.495331880577403183 ) ) ;
#2406 = ORIENTED_EDGE ( 'NONE', *, *, #3045, .T. ) ;
#2407 = PLANE ( 'NONE',  #6118 ) ;
#2408 = ORIENTED_EDGE ( 'NONE', *, *, #6813, .T. ) ;
#2409 = CIRCLE ( 'NONE', #3506, 1.999999999999998668 ) ;
#2410 = LINE ( 'NONE', #5029, #7797 ) ;
#2411 = ORIENTED_EDGE ( 'NONE', *, *, #7359, .F. ) ;
#2412 = CARTESIAN_POINT ( 'NONE',  ( 16.06644172404391213, 11.06284411194225292, 16.00000000000000000 ) ) ;
#2413 = ORIENTED_EDGE ( 'NONE', *, *, #3758, .T. ) ;
#2414 = EDGE_CURVE ( 'NONE', #1850, #632, #347, .T. ) ;
#2415 = AXIS2_PLACEMENT_3D ( 'NONE', #4923, #8032, #1560 ) ;
#2416 = ORIENTED_EDGE ( 'NONE', *, *, #5813, .T. ) ;
#2417 = EDGE_LOOP ( 'NONE', ( #511, #1151, #7485, #5097 ) ) ;
#2418 = LINE ( 'NONE', #7668, #520 ) ;
#2419 = ORIENTED_EDGE ( 'NONE', *, *, #6368, .T. ) ;
#2420 = CARTESIAN_POINT ( 'NONE',  ( 42.23190568560620051, 18.19113980308874190, 9.771334888905318650 ) ) ;
#2421 = VECTOR ( 'NONE', #5268, 1000.000000000000114 ) ;
#2422 = CARTESIAN_POINT ( 'NONE',  ( 4.988728280949656479, 9.392728145939486240, 2.440201509118269385 ) ) ;
#2423 = CARTESIAN_POINT ( 'NONE',  ( -3.405194883420261664, 23.83686902100999205, 5.213732533963021609 ) ) ;
#2424 = CARTESIAN_POINT ( 'NONE',  ( 4.723136503885630333, 8.381819466616208913, 10.50000000000000178 ) ) ;
#2425 = VECTOR ( 'NONE', #7290, 1000.000000000000000 ) ;
#2426 = AXIS2_PLACEMENT_3D ( 'NONE', #6906, #5002, #2343 ) ;
#2427 = ORIENTED_EDGE ( 'NONE', *, *, #2663, .T. ) ;
#2428 = FACE_OUTER_BOUND ( 'NONE', #7528, .T. ) ;
#2429 = ORIENTED_EDGE ( 'NONE', *, *, #7160, .F. ) ;
#2430 = LINE ( 'NONE', #7726, #4204 ) ;
#2431 = FACE_OUTER_BOUND ( 'NONE', #3618, .T. ) ;
#2432 = FACE_OUTER_BOUND ( 'NONE', #4655, .T. ) ;
#2433 = CARTESIAN_POINT ( 'NONE',  ( 12.46665581194457495, 3.118001912711204859, 8.309456494859478681 ) ) ;
#2434 = CARTESIAN_POINT ( 'NONE',  ( -26.40456226702667664, 18.03224297094033091, 1.858454130475330590 ) ) ;
#2435 = CARTESIAN_POINT ( 'NONE',  ( 10.85968678772822216, 1.202890804913758771, 8.309456494859478681 ) ) ;
#2436 = CARTESIAN_POINT ( 'NONE',  ( 44.00137782266797615, 18.15337258473756776, 12.48890106536611455 ) ) ;
#2437 = VERTEX_POINT ( 'NONE', #2866 ) ;
#2438 = CARTESIAN_POINT ( 'NONE',  ( 2.735197178958859610, 18.18994258147865395, 6.725455721268057019 ) ) ;
#2439 = EDGE_CURVE ( 'NONE', #6072, #5595, #8470, .T. ) ;
#2440 = LINE ( 'NONE', #6489, #457 ) ;
#2441 = CARTESIAN_POINT ( 'NONE',  ( 17.08617433076428327, -1.394832994916895386, 6.286524130585613435 ) ) ;
#2442 = CARTESIAN_POINT ( 'NONE',  ( 4.467932343692218922, 9.999999999999998224, 10.50000000000000000 ) ) ;
#2443 = CYLINDRICAL_SURFACE ( 'NONE', #3284, 1.999999999999999556 ) ;
#2444 = DIRECTION ( 'NONE',  ( -0.000000000000000000, -0.000000000000000000, -1.000000000000000000 ) ) ;
#2445 = CARTESIAN_POINT ( 'NONE',  ( 50.64925309331179193, 18.19714614882336079, 9.378382982966551040 ) ) ;
#2446 = ORIENTED_EDGE ( 'NONE', *, *, #983, .T. ) ;
#2447 = DIRECTION ( 'NONE',  ( 0.6945643812950939022, -0.7194305527541651202, 0.000000000000000000 ) ) ;
#2448 = ADVANCED_FACE ( 'NONE', ( #2185 ), #2308, .F. ) ;
#2450 = ORIENTED_EDGE ( 'NONE', *, *, #4506, .T. ) ;
#2449 = EDGE_CURVE ( 'NONE', #3157, #4688, #4487, .T. ) ;
#2451 = PLANE ( 'NONE',  #5180 ) ;
#2452 = ORIENTED_EDGE ( 'NONE', *, *, #2823, .T. ) ;
#2453 = CARTESIAN_POINT ( 'NONE',  ( 32.80088620086547024, 19.31236129892580422, 9.579603324728521940 ) ) ;
#2454 = CARTESIAN_POINT ( 'NONE',  ( 39.03886351727655324, 17.35624436654325464, 6.500000000000000888 ) ) ;
#2455 = ORIENTED_EDGE ( 'NONE', *, *, #4451, .T. ) ;
#2456 = AXIS2_PLACEMENT_3D ( 'NONE', #7219, #3437, #113 ) ;
#2457 = VECTOR ( 'NONE', #2103, 1000.000000000000114 ) ;
#2458 = ORIENTED_EDGE ( 'NONE', *, *, #3196, .F. ) ;
#2459 = EDGE_CURVE ( 'NONE', #4147, #5824, #3419, .T. ) ;
#2460 = VECTOR ( 'NONE', #4840, 1000.000000000000114 ) ;
#2461 = ORIENTED_EDGE ( 'NONE', *, *, #2685, .T. ) ;
#2462 = VECTOR ( 'NONE', #2314, 1000.000000000000114 ) ;
#2463 = LINE ( 'NONE', #5089, #2324 ) ;
#2464 = VERTEX_POINT ( 'NONE', #8034 ) ;
#2465 = CARTESIAN_POINT ( 'NONE',  ( 0.4114314606871155022, 23.06187509737826247, 4.613892876766402473 ) ) ;
#2466 = DIRECTION ( 'NONE',  ( -0.000000000000000000, -1.000000000000000000, -0.000000000000000000 ) ) ;
#2467 = CARTESIAN_POINT ( 'NONE',  ( -6.623409665141554825, 23.67300049400009954, 11.49337424722352097 ) ) ;
#2468 = CARTESIAN_POINT ( 'NONE',  ( 5.337514757312731284, 5.836819177518782098, 10.49999999999996625 ) ) ;
#2469 = EDGE_LOOP ( 'NONE', ( #3594, #1808, #6323, #5659 ) ) ;
#2470 = FACE_OUTER_BOUND ( 'NONE', #6081, .T. ) ;
#2471 = ORIENTED_EDGE ( 'NONE', *, *, #8022, .T. ) ;
#2472 = CARTESIAN_POINT ( 'NONE',  ( 16.43931065340932918, -2.000000000000000000, 10.99308503336334653 ) ) ;
#2473 = CARTESIAN_POINT ( 'NONE',  ( 19.73480530352875917, 0.9033527686187545758, 6.646446609406729600 ) ) ;
#2474 = CARTESIAN_POINT ( 'NONE',  ( 47.40483542659831784, 18.32364759984831792, 19.09423211607334281 ) ) ;
#2475 = CARTESIAN_POINT ( 'NONE',  ( 26.46106121030195979, 7.224771826409572384, 7.000000000000000888 ) ) ;
#2476 = CARTESIAN_POINT ( 'NONE',  ( -7.981989761617094281, 23.18305502857821665, 5.317157061794966388 ) ) ;
#2477 = DIRECTION ( 'NONE',  ( 0.6531958121733355549, -0.4898998853091172667, 0.5773502691896231775 ) ) ;
#2478 = CARTESIAN_POINT ( 'NONE',  ( 33.40483542659831784, 20.40496528942541232, -3.054292860389221875 ) ) ;
#2479 = AXIS2_PLACEMENT_3D ( 'NONE', #4847, #4802, #916 ) ;
#2480 = CARTESIAN_POINT ( 'NONE',  ( -2.184364863409160140, 23.75873158673381980, 10.62205390366387370 ) ) ;
#2481 = EDGE_LOOP ( 'NONE', ( #7622, #4301, #3121, #5982 ) ) ;
#2482 = CARTESIAN_POINT ( 'NONE',  ( 43.68485771299055642, 20.39362086783622630, -0.9536984834049334614 ) ) ;
#2483 = B_SPLINE_CURVE_WITH_KNOTS ( 'NONE', 3,
 ( #4677, #1964, #2743, #7260 ),
 .UNSPECIFIED., .F., .F.,
 ( 4, 4 ),
 ( 0.000000000000000000, 1.000000000000000000 ),
 .UNSPECIFIED. ) ;
#2484 = CARTESIAN_POINT ( 'NONE',  ( 47.40483542659831784, 18.32364759984831792, -2.094232116073336591 ) ) ;
#2485 = CARTESIAN_POINT ( 'NONE',  ( 19.22456863522484127, 0.6208050159870961426, 6.496445484841061102 ) ) ;
#2486 = CARTESIAN_POINT ( 'NONE',  ( -18.64871021528613682, 17.93663583870984723, 16.75621869562466770 ) ) ;
#2487 = LINE ( 'NONE', #2442, #6021 ) ;
#2488 = CARTESIAN_POINT ( 'NONE',  ( 17.20311693720431379, -1.284595677908205946, 10.68946160965897541 ) ) ;
#2489 = DIRECTION ( 'NONE',  ( -0.000000000000000000, 0.000000000000000000, 1.000000000000000000 ) ) ;
#2490 = CARTESIAN_POINT ( 'NONE',  ( -0.6731237698229427524, -12.21494464057058593, 8.500000000000000000 ) ) ;
#2491 = EDGE_LOOP ( 'NONE', ( #5013, #6233, #4791, #4316, #393 ) ) ;
#2492 = CARTESIAN_POINT ( 'NONE',  ( 33.40483542659831784, 20.40496528942541232, -0.0002055618314386609136 ) ) ;
#2493 = ORIENTED_EDGE ( 'NONE', *, *, #7769, .F. ) ;
#2494 = DIRECTION ( 'NONE',  ( 0.000000000000000000, -0.000000000000000000, -1.000000000000000000 ) ) ;
#2495 = ORIENTED_EDGE ( 'NONE', *, *, #4553, .T. ) ;
#2496 = CARTESIAN_POINT ( 'NONE',  ( 16.50495006294284650, -1.971713933492629467, 10.66269085173983022 ) ) ;
#2497 = PLANE ( 'NONE',  #1433 ) ;
#2498 = VERTEX_POINT ( 'NONE', #3553 ) ;
#2499 = AXIS2_PLACEMENT_3D ( 'NONE', #7380, #4876, #4191 ) ;
#2500 = ADVANCED_FACE ( 'NONE', ( #1562 ), #269, .F. ) ;
#2501 = ADVANCED_FACE ( 'NONE', ( #6824 ), #4159, .T. ) ;
#2502 = VERTEX_POINT ( 'NONE', #4884 ) ;
#2503 = TOROIDAL_SURFACE ( 'NONE', #4427, 19.04289321881344677, 0.5000000000000000000 ) ;
#2504 = EDGE_LOOP ( 'NONE', ( #6888, #5335, #2514, #5150 ) ) ;
#2505 = PLANE ( 'NONE',  #4931 ) ;
#2506 = VERTEX_POINT ( 'NONE', #3285 ) ;
#2507 = CARTESIAN_POINT ( 'NONE',  ( 40.12573375672360498, 20.50637708886386079, 8.499994058044707756 ) ) ;
#2508 = CARTESIAN_POINT ( 'NONE',  ( 42.18874271794608433, 18.10335438451147994, 3.111539064420350442 ) ) ;
#2509 = CARTESIAN_POINT ( 'NONE',  ( -6.896488899108901727, 23.56174693535931652, 11.56489126384302857 ) ) ;
#2510 = EDGE_CURVE ( 'NONE', #7111, #6568, #4365, .T. ) ;
#2511 =( BOUNDED_SURFACE ( )  B_SPLINE_SURFACE ( 2, 3, ( 
 ( #1885, #6442, #3687, #3132, #6402, #7737, #1187, #534, #5749, #4974, #4510, #3819, #1745, #6959, #7134, #8376 ),
 ( #1095, #7691, #6358, #6316, #3217, #441, #7604, #3086, #5702, #8331, #743, #107, #5194, #5231, #1268, #6569 ),
 ( #3991, #7991, #5269, #662, #5833, #7900, #5875, #3904, #7947, #2645, #5313, #7340, #5362, #3387, #1436, #4074 ) ),
 .UNSPECIFIED., .F., .F., .F. ) 
 B_SPLINE_SURFACE_WITH_KNOTS ( ( 3, 3 ),
 ( 4, 2, 2, 2, 2, 2, 2, 4 ),
 ( 0.000000000000000000, 1.000000000000000000 ),
 ( 0.000000000000000000, 0.02568575604388961819, 0.05137151208777923639, 0.06421439010972404549, 0.07705726813166885458, 0.08990014615361366368, 0.09632158516458606823, 0.1027430241755584728 ),
 .UNSPECIFIED. ) 
 GEOMETRIC_REPRESENTATION_ITEM ( )  RATIONAL_B_SPLINE_SURFACE ( (
 ( 1.000000000000000000, 1.000000000000000000, 1.000000000000000000, 1.000000000000000000, 1.000000000000000000, 1.000000000000000000, 1.000000000000000000, 1.000000000000000000, 1.000000000000000000, 1.000000000000000000, 1.000000000000000000, 1.000000000000000000, 1.000000000000000000, 1.000000000000000000, 1.000000000000000000, 1.000000000000000000),
 ( 0.9819781187170270043, 0.9836262394902020034, 0.9851729559509990741, 0.9880658143499757573, 0.9894119890640690196, 0.9912818058412564692, 0.9918801613994083777, 0.9930270109960404046, 0.9935755100279470842, 0.9946223865071186498, 0.9951206767881518589, 0.9958289464107843436, 0.9960585400314794224, 0.9965045193422445990, 0.9967209047315660486, 0.9969305204651853769),
 ( 1.000000000000000000, 1.000000000000000000, 1.000000000000000000, 1.000000000000000000, 1.000000000000000000, 1.000000000000000000, 1.000000000000000000, 1.000000000000000000, 1.000000000000000000, 1.000000000000000000, 1.000000000000000000, 1.000000000000000000, 1.000000000000000000, 1.000000000000000000, 1.000000000000000000, 1.000000000000000000) ) ) 
 REPRESENTATION_ITEM ( '' )  SURFACE ( )  );
#2512 = ORIENTED_EDGE ( 'NONE', *, *, #4810, .F. ) ;
#2513 = DIRECTION ( 'NONE',  ( 2.081668171172168119E-15, 0.8386705679454269369, -0.5446390350150225323 ) ) ;
#2514 = ORIENTED_EDGE ( 'NONE', *, *, #6421, .F. ) ;
#2515 = FACE_OUTER_BOUND ( 'NONE', #3660, .T. ) ;
#2516 = CARTESIAN_POINT ( 'NONE',  ( 20.23868039448022671, 1.570431538292078821, 6.503328869012225510 ) ) ;
#2517 = CYLINDRICAL_SURFACE ( 'NONE', #3862, 1.749999999999999778 ) ;
#2518 = CARTESIAN_POINT ( 'NONE',  ( 5.074901367908572603, 9.320420340454845132, 15.00000000000000178 ) ) ;
#2519 = CARTESIAN_POINT ( 'NONE',  ( 4.040666800786214985, 29.47693249942978966, 3.435111744702123757E-16 ) ) ;
#2520 = ADVANCED_FACE ( 'NONE', ( #2384 ), #5740, .F. ) ;
#2521 = CARTESIAN_POINT ( 'NONE',  ( -2.198574687877028921, 25.01939180065185298, -1.336645444138133734E-15 ) ) ;
#2522 = DIRECTION ( 'NONE',  ( 0.6007449298320977071, -0.7994407603325138778, 0.000000000000000000 ) ) ;
#2523 = VERTEX_POINT ( 'NONE', #355 ) ;
#2524 = FACE_OUTER_BOUND ( 'NONE', #7190, .T. ) ;
#2525 = CARTESIAN_POINT ( 'NONE',  ( 35.64005297390797011, 20.09856402679934106, 12.95966146497574201 ) ) ;
#2526 = CARTESIAN_POINT ( 'NONE',  ( 19.81521755419710118, 0.2318332831740133604, 7.250006697075045636 ) ) ;
#2527 = CARTESIAN_POINT ( 'NONE',  ( 18.71644172404391071, 11.06284411194225292, 0.000000000000000000 ) ) ;
#2528 = DIRECTION ( 'NONE',  ( 0.000000000000000000, -1.000000000000000000, 0.000000000000000000 ) ) ;
#2529 = EDGE_CURVE ( 'NONE', #3478, #471, #4073, .T. ) ;
#2530 = CARTESIAN_POINT ( 'NONE',  ( 43.98782589565934842, 18.15952997580668082, 4.738882939496124713 ) ) ;
#2531 = ORIENTED_EDGE ( 'NONE', *, *, #1469, .F. ) ;
#2532 = AXIS2_PLACEMENT_3D ( 'NONE', #5507, #6073, #1543 ) ;
#2533 = DIRECTION ( 'NONE',  ( 0.6427876096865403621, 0.7660444431189770143, 0.000000000000000000 ) ) ;
#2534 = VERTEX_POINT ( 'NONE', #5102 ) ;
#2535 = DIRECTION ( 'NONE',  ( 0.5671072145501000472, -0.4758594545669649345, -0.6722701738917602476 ) ) ;
#2536 = ORIENTED_EDGE ( 'NONE', *, *, #6553, .T. ) ;
#2537 = DIRECTION ( 'NONE',  ( -0.000000000000000000, -1.000000000000000000, -0.000000000000000000 ) ) ;
#2538 = VERTEX_POINT ( 'NONE', #396 ) ;
#2539 = CARTESIAN_POINT ( 'NONE',  ( 12.59148419995560353, -10.56550974815733390, 7.103553390593288164 ) ) ;
#2540 = DIRECTION ( 'NONE',  ( -0.1139157729722579393, -0.8310231246660206850, -0.5444481269491671105 ) ) ;
#2541 = ORIENTED_EDGE ( 'NONE', *, *, #6507, .F. ) ;
#2542 = VECTOR ( 'NONE', #1030, 1000.000000000000114 ) ;
#2543 = ORIENTED_EDGE ( 'NONE', *, *, #1714, .T. ) ;
#2544 = ORIENTED_EDGE ( 'NONE', *, *, #5439, .T. ) ;
#2545 = CARTESIAN_POINT ( 'NONE',  ( 3.467932343692218922, 16.19113980308874190, 9.500000000000001776 ) ) ;
#2546 = ORIENTED_EDGE ( 'NONE', *, *, #8182, .F. ) ;
#2547 = CARTESIAN_POINT ( 'NONE',  ( 37.24700704068275314, 20.18262367434937588, 8.499923015509732949 ) ) ;
#2548 = ADVANCED_FACE ( 'NONE', ( #4321 ), #4968, .F. ) ;
#2549 = CARTESIAN_POINT ( 'NONE',  ( 41.55866726605889738, 18.18907528216234581, 6.544758341943903268 ) ) ;
#2550 = CIRCLE ( 'NONE', #1865, 2.950000000000001066 ) ;
#2551 = ORIENTED_EDGE ( 'NONE', *, *, #4221, .T. ) ;
#2552 = AXIS2_PLACEMENT_3D ( 'NONE', #8107, #2221, #1554 ) ;
#2553 = DIRECTION ( 'NONE',  ( -0.000000000000000000, -0.000000000000000000, -1.000000000000000000 ) ) ;
#2554 = VERTEX_POINT ( 'NONE', #1737 ) ;
#2555 = CARTESIAN_POINT ( 'NONE',  ( 53.82762715030075640, 18.19593161474387344, 9.064259051374467191 ) ) ;
#2556 = EDGE_CURVE ( 'NONE', #5808, #7315, #1983, .T. ) ;
#2557 = EDGE_CURVE ( 'NONE', #7961, #4951, #3124, .T. ) ;
#2558 = CARTESIAN_POINT ( 'NONE',  ( -13.99126828332502726, 22.32460484969226755, 15.14449977564832217 ) ) ;
#2559 = AXIS2_PLACEMENT_3D ( 'NONE', #705, #2610, #3389 ) ;
#2560 = DIRECTION ( 'NONE',  ( 0.000000000000000000, 0.7808688094430317195, 0.6246950475544225112 ) ) ;
#2561 = LINE ( 'NONE', #1391, #6164 ) ;
#2562 = LINE ( 'NONE', #5148, #2784 ) ;
#2563 = VECTOR ( 'NONE', #3166, 1000.000000000000000 ) ;
#2564 = CIRCLE ( 'NONE', #8067, 20.00000000000000000 ) ;
#2565 = CARTESIAN_POINT ( 'NONE',  ( -7.228666137474870190, 23.47603677714731063, 11.41329535598319467 ) ) ;
#2566 = ORIENTED_EDGE ( 'NONE', *, *, #8282, .F. ) ;
#2567 = DIRECTION ( 'NONE',  ( 0.1358089151073355594, 0.9907350496360612935, 0.000000000000000000 ) ) ;
#2568 = ADVANCED_FACE ( 'NONE', ( #5611 ), #1086, .T. ) ;
#2569 = CARTESIAN_POINT ( 'NONE',  ( 10.64537435473997640, -8.932529694806417453, 6.000000000000000000 ) ) ;
#2570 = CARTESIAN_POINT ( 'NONE',  ( -0.07924784892571627715, 0.06649684080516163331, 0.000000000000000000 ) ) ;
#2571 = DIRECTION ( 'NONE',  ( 1.000000000000000000, 0.000000000000000000, 0.000000000000000000 ) ) ;
#2572 = CARTESIAN_POINT ( 'NONE',  ( -2.057156266878082729, 24.02944188767533973, 5.213732533963020721 ) ) ;
#2573 = CARTESIAN_POINT ( 'NONE',  ( 41.39669920714027285, 18.20082577863403728, 11.46084702331486582 ) ) ;
#2574 = CARTESIAN_POINT ( 'NONE',  ( 43.32277208543131763, 18.18965960779568292, 6.646062519421914949 ) ) ;
#2575 = CARTESIAN_POINT ( 'NONE',  ( 44.01750267280096551, 17.60161021156724814, 20.37939903029793598 ) ) ;
#2576 = ORIENTED_EDGE ( 'NONE', *, *, #1702, .F. ) ;
#2577 = CARTESIAN_POINT ( 'NONE',  ( 33.23065831313600427, 19.79235542586470231, 7.074027458077521757 ) ) ;
#2578 = ORIENTED_EDGE ( 'NONE', *, *, #4200, .F. ) ;
#2579 = DIRECTION ( 'NONE',  ( 0.000000000000000000, 0.000000000000000000, -1.000000000000000000 ) ) ;
#2580 = ORIENTED_EDGE ( 'NONE', *, *, #8237, .T. ) ;
#2581 = CARTESIAN_POINT ( 'NONE',  ( 33.29452719636243074, 19.84015823707655457, 10.02795859231127729 ) ) ;
#2582 = CARTESIAN_POINT ( 'NONE',  ( 3.722909078282081285, 19.76576127692406715, 20.23793552507894233 ) ) ;
#2583 = ORIENTED_EDGE ( 'NONE', *, *, #2341, .F. ) ;
#2584 = AXIS2_PLACEMENT_3D ( 'NONE', #7488, #6329, #333 ) ;
#2585 = EDGE_LOOP ( 'NONE', ( #4047, #4433, #8409, #7456 ) ) ;
#2586 = ORIENTED_EDGE ( 'NONE', *, *, #7385, .F. ) ;
#2587 = CARTESIAN_POINT ( 'NONE',  ( 70.18983421902937891, 18.08776577269485841, 2.766025658455018910 ) ) ;
#2588 = EDGE_LOOP ( 'NONE', ( #7446, #5672, #1627, #1824 ) ) ;
#2589 = DIRECTION ( 'NONE',  ( 7.650307904307286886E-17, 0.7808688094430306093, -0.6246950475544237324 ) ) ;
#2590 = AXIS2_PLACEMENT_3D ( 'NONE', #1403, #5273, #4037 ) ;
#2591 = CARTESIAN_POINT ( 'NONE',  ( 23.00000000000000000, 5.791139803088735327, 11.00000000000000178 ) ) ;
#2592 = CARTESIAN_POINT ( 'NONE',  ( -16.35807531229617240, 21.00526821827392254, 15.43265936062409160 ) ) ;
#2593 = CIRCLE ( 'NONE', #1352, 95.27649995148391326 ) ;
#2594 = ORIENTED_EDGE ( 'NONE', *, *, #3666, .T. ) ;
#2595 = AXIS2_PLACEMENT_3D ( 'NONE', #2764, #7364, #2723 ) ;
#2596 = VERTEX_POINT ( 'NONE', #3724 ) ;
#2597 = CARTESIAN_POINT ( 'NONE',  ( 36.97184341014595077, 17.41922882996901834, -4.905314200514931500 ) ) ;
#2598 = CARTESIAN_POINT ( 'NONE',  ( -3.577481348627353785, 23.81225719009844255, 0.6098449387053729298 ) ) ;
#2599 = CARTESIAN_POINT ( 'NONE',  ( 6.074901368506302468, 18.57571226127305763, 18.65240876457128039 ) ) ;
#2600 = FACE_OUTER_BOUND ( 'NONE', #4486, .T. ) ;
#2601 = CARTESIAN_POINT ( 'NONE',  ( 10.64537435473997640, -8.932529694806417453, 0.000000000000000000 ) ) ;
#2602 = B_SPLINE_CURVE_WITH_KNOTS ( 'NONE', 3,
 ( #3223, #1800, #3737, #1147, #5708, #8290, #7651, #3049, #408, #7830, #6964, #3139, #2399, #2488, #1053, #6320, #5756, #5023, #8381, #5116, #4471, #3264, #2702, #2652, #7309, #1274, #4639, #7266, #7997, #1404, #670, #2014, #5967, #5924, #6577, #153, #3393, #5319, #6618, #5236, #1969, #3909, #7868, #6533, #3350, #4038, #5367, #3998, #1363, #4556, #1442, #1316, #6657, #708 ),
 .UNSPECIFIED., .F., .F.,
 ( 4, 2, 2, 2, 1, 2, 2, 1, 1, 2, 2, 1, 1, 1, 2, 2, 2, 1, 1, 1, 2, 2, 2, 1, 1, 1, 2, 2, 1, 1, 1, 1, 2, 2, 4 ),
 ( 0.000000000000000000, 0.1250000000000035527, 0.1875000000000074940, 0.2500000000000114353, 0.3125000000000153766, 0.3437500000000184297, 0.3750000000000214828, 0.4375000000000255351, 0.4687500000000276446, 0.4843750000000287548, 0.5000000000000298650, 0.5625000000000289768, 0.5937500000000285327, 0.6093750000000290878, 0.6171875000000286438, 0.6250000000000281997, 0.6875000000000233147, 0.7187500000000208722, 0.7343750000000196509, 0.7421875000000190958, 0.7460937500000187628, 0.7500000000000184297, 0.8125000000000104361, 0.8437500000000064393, 0.8593750000000044409, 0.8671875000000034417, 0.8710937500000034417, 0.8750000000000034417, 0.9062500000000086597, 0.9218750000000117684, 0.9296875000000138778, 0.9335937500000149880, 0.9355468750000154321, 0.9375000000000159872, 1.000000000000000000 ),
 .UNSPECIFIED. ) ;
#2603 = EDGE_CURVE ( 'NONE', #8418, #5974, #3517, .T. ) ;
#2604 = EDGE_CURVE ( 'NONE', #1856, #7713, #5852, .T. ) ;
#2605 = ADVANCED_FACE ( 'NONE', ( #2432 ), #7682, .F. ) ;
#2606 = DIRECTION ( 'NONE',  ( 1.000000000000000000, 0.000000000000000000, 0.000000000000000000 ) ) ;
#2607 = EDGE_LOOP ( 'NONE', ( #5748, #8045, #4783, #5589, #4224 ) ) ;
#2608 = DIRECTION ( 'NONE',  ( 0.000000000000000000, 0.000000000000000000, -1.000000000000000000 ) ) ;
#2609 = PLANE ( 'NONE',  #8163 ) ;
#2610 = DIRECTION ( 'NONE',  ( 0.4156957420089222310, -0.9095037383516638707, -0.000000000000000000 ) ) ;
#2611 = DIRECTION ( 'NONE',  ( 0.000000000000000000, -1.540832394513910858E-16, 1.000000000000000000 ) ) ;
#2612 =( BOUNDED_CURVE ( )  B_SPLINE_CURVE ( 3, ( #3746, #5768, #7063, #4434 ),
 .UNSPECIFIED., .F., .F. ) 
 B_SPLINE_CURVE_WITH_KNOTS ( ( 4, 4 ),
 ( 2.840138199448634548, 3.141592653589793116 ),
 .UNSPECIFIED. ) 
 CURVE ( )  GEOMETRIC_REPRESENTATION_ITEM ( )  RATIONAL_B_SPLINE_CURVE ( ( 1.000000000000000000, 0.9924414273533163078, 0.9924414273533163078, 1.000000000000000000 ) ) 
 REPRESENTATION_ITEM ( '' )  );
#2613 = CARTESIAN_POINT ( 'NONE',  ( 4.467932343692218922, 16.19113980308874190, 9.500000000000001776 ) ) ;
#2614 = CARTESIAN_POINT ( 'NONE',  ( 45.73215931627944997, 20.86771549475505338, -17.57136643632951234 ) ) ;
#2615 = LINE ( 'NONE', #5320, #5801 ) ;
#2616 = EDGE_CURVE ( 'NONE', #6933, #5421, #1226, .T. ) ;
#2617 = CARTESIAN_POINT ( 'NONE',  ( 38.41235070371810423, 18.18997571433710192, 10.50000000000000000 ) ) ;
#2618 = ORIENTED_EDGE ( 'NONE', *, *, #7609, .T. ) ;
#2619 = PLANE ( 'NONE',  #7632 ) ;
#2620 = VERTEX_POINT ( 'NONE', #645 ) ;
#2621 = CARTESIAN_POINT ( 'NONE',  ( 16.49994117826861384, -1.955328649783313111, 11.28167294189185377 ) ) ;
#2622 = ORIENTED_EDGE ( 'NONE', *, *, #8132, .T. ) ;
#2623 = LINE ( 'NONE', #1454, #6984 ) ;
#2624 = DIRECTION ( 'NONE',  ( 0.000000000000000000, 0.000000000000000000, 1.000000000000000000 ) ) ;
#2625 = EDGE_LOOP ( 'NONE', ( #2586, #8429, #3032, #1539 ) ) ;
#2626 = EDGE_CURVE ( 'NONE', #8306, #798, #210, .T. ) ;
#2627 = ORIENTED_EDGE ( 'NONE', *, *, #5868, .T. ) ;
#2628 = ORIENTED_EDGE ( 'NONE', *, *, #3714, .F. ) ;
#2629 = SPHERICAL_SURFACE ( 'NONE', #1857, 2.000000000000000000 ) ;
#2630 = LINE ( 'NONE', #2670, #930 ) ;
#2631 = ORIENTED_EDGE ( 'NONE', *, *, #5250, .T. ) ;
#2632 = CARTESIAN_POINT ( 'NONE',  ( 18.71644172404391071, 11.06284411194225292, 1.000000000000000000 ) ) ;
#2633 = CARTESIAN_POINT ( 'NONE',  ( 33.40483542659831784, 17.98898619246592645, 15.35388585154158925 ) ) ;
#2634 = CARTESIAN_POINT ( 'NONE',  ( 21.48617592373098972, 2.493911437312732904, 7.000000000000000888 ) ) ;
#2635 = CARTESIAN_POINT ( 'NONE',  ( 6.074901368506300692, 18.56609438436424853, 18.65800004651185517 ) ) ;
#2636 = AXIS2_PLACEMENT_3D ( 'NONE', #7161, #4578, #5862 ) ;
#2637 = ORIENTED_EDGE ( 'NONE', *, *, #7168, .T. ) ;
#2638 = ORIENTED_EDGE ( 'NONE', *, *, #7349, .T. ) ;
#2639 = CARTESIAN_POINT ( 'NONE',  ( 35.18418781422669639, 17.37470081508286412, -5.247920907086242259 ) ) ;
#2640 = CARTESIAN_POINT ( 'NONE',  ( -13.99126828332502726, 22.32460484969226755, 1.855500224351678717 ) ) ;
#2641 = CARTESIAN_POINT ( 'NONE',  ( 32.40483542659831784, 0.000000000000000000, 7.500000000000000888 ) ) ;
#2642 = CARTESIAN_POINT ( 'NONE',  ( 16.41026377696174166, -2.034743795121703336, 11.21009322579829259 ) ) ;
#2643 = DIRECTION ( 'NONE',  ( 1.000000000000000000, 0.000000000000000000, -5.204170427930416550E-15 ) ) ;
#2644 = CARTESIAN_POINT ( 'NONE',  ( 3.467932343692218922, 0.000000000000000000, 7.500000000000000888 ) ) ;
#2645 = CARTESIAN_POINT ( 'NONE',  ( 35.64005297390797011, 20.09856402679194431, 14.42483304913133857 ) ) ;
#2646 = CARTESIAN_POINT ( 'NONE',  ( 5.805977863622550750, 6.760401021469205851, 6.500000000000000888 ) ) ;
#2647 = CARTESIAN_POINT ( 'NONE',  ( 1.467932343692218700, 18.19113980308874190, 7.500000000000000888 ) ) ;
#2648 = CARTESIAN_POINT ( 'NONE',  ( -0.6571556738766533012, 24.22943773662143485, 5.317157061794969941 ) ) ;
#2649 = ADVANCED_FACE ( 'NONE', ( #5296 ), #4058, .T. ) ;
#2650 = EDGE_CURVE ( 'NONE', #1580, #7796, #1782, .T. ) ;
#2651 = CARTESIAN_POINT ( 'NONE',  ( 42.05258341931267552, 18.19113980308874190, 9.835238588391009174 ) ) ;
#2652 = CARTESIAN_POINT ( 'NONE',  ( 17.89719924690547259, -0.6303652303189648531, 10.58663560642011703 ) ) ;
#2653 = CARTESIAN_POINT ( 'NONE',  ( 41.40483542659832494, 18.19113980308873835, 11.28000660330971527 ) ) ;
#2654 = DIRECTION ( 'NONE',  ( 0.000000000000000000, 0.000000000000000000, -1.000000000000000000 ) ) ;
#2655 = ORIENTED_EDGE ( 'NONE', *, *, #321, .T. ) ;
#2656 = CARTESIAN_POINT ( 'NONE',  ( 23.00000000000000355, 5.468938848892451965, 6.500000000000001776 ) ) ;
#2657 =( BOUNDED_CURVE ( )  B_SPLINE_CURVE ( 3, ( #5799, #2573, #1844, #6493 ),
 .UNSPECIFIED., .F., .F. ) 
 B_SPLINE_CURVE_WITH_KNOTS ( ( 4, 4 ),
 ( 5.263915442043644255, 5.489324812825192801 ),
 .UNSPECIFIED. ) 
 CURVE ( )  GEOMETRIC_REPRESENTATION_ITEM ( )  RATIONAL_B_SPLINE_CURVE ( ( 1.000000000000000000, 0.9957703646662912078, 0.9957703646662912078, 1.000000000000000000 ) ) 
 REPRESENTATION_ITEM ( '' )  );
#2658 = VERTEX_POINT ( 'NONE', #6680 ) ;
#2659 = CARTESIAN_POINT ( 'NONE',  ( 16.53196208598947337, -1.917167617968851934, 11.01652357810057836 ) ) ;
#2660 = ORIENTED_EDGE ( 'NONE', *, *, #386, .F. ) ;
#2661 = ADVANCED_FACE ( 'NONE', ( #2168 ), #7888, .T. ) ;
#2662 = EDGE_CURVE ( 'NONE', #426, #1284, #3386, .T. ) ;
#2663 = EDGE_CURVE ( 'NONE', #4935, #691, #2843, .T. ) ;
#2664 = ADVANCED_FACE ( 'NONE', ( #4701 ), #3974, .F. ) ;
#2665 = CARTESIAN_POINT ( 'NONE',  ( 19.73480530352878759, 0.9033527686187838857, 10.35355339059327484 ) ) ;
#2666 = EDGE_LOOP ( 'NONE', ( #4063, #3247, #4108, #945, #1681 ) ) ;
#2667 = EDGE_LOOP ( 'NONE', ( #4185, #1309, #2019, #7236, #2219, #8393, #5822 ) ) ;
#2668 = ORIENTED_EDGE ( 'NONE', *, *, #5083, .F. ) ;
#2669 = DIRECTION ( 'NONE',  ( -1.000000000000000000, 0.000000000000000000, 0.000000000000000000 ) ) ;
#2670 = CARTESIAN_POINT ( 'NONE',  ( -3.446615379946159408, 24.12681863748577982, 5.506625752776476368 ) ) ;
#2671 = ORIENTED_EDGE ( 'NONE', *, *, #2158, .F. ) ;
#2672 = DIRECTION ( 'NONE',  ( 0.000000000000000000, 0.9999359047647260468, -0.01132194163334638431 ) ) ;
#2673 = CIRCLE ( 'NONE', #189, 2.649999999999999467 ) ;
#2674 = EDGE_CURVE ( 'NONE', #4276, #835, #3942, .T. ) ;
#2675 = ADVANCED_FACE ( 'NONE', ( #2036 ), #848, .T. ) ;
#2676 = LINE ( 'NONE', #2123, #2425 ) ;
#2677 = DIRECTION ( 'NONE',  ( -0.000000000000000000, -0.000000000000000000, -1.000000000000000000 ) ) ;
#2678 = FACE_OUTER_BOUND ( 'NONE', #6293, .T. ) ;
#2679 = AXIS2_PLACEMENT_3D ( 'NONE', #7706, #1283, #4527 ) ;
#2680 = DIRECTION ( 'NONE',  ( 1.000000000000000000, 0.000000000000000000, 0.000000000000000000 ) ) ;
#2681 = VECTOR ( 'NONE', #7292, 1000.000000000000000 ) ;
#2682 = ORIENTED_EDGE ( 'NONE', *, *, #541, .T. ) ;
#2683 = VERTEX_POINT ( 'NONE', #7930 ) ;
#2684 = CARTESIAN_POINT ( 'NONE',  ( 53.90577113709172608, 18.19352061072007132, 8.729361899069093766 ) ) ;
#2685 = EDGE_CURVE ( 'NONE', #7870, #7910, #6036, .T. ) ;
#2686 = AXIS2_PLACEMENT_3D ( 'NONE', #159, #3441, #2316 ) ;
#2687 = CARTESIAN_POINT ( 'NONE',  ( 3.896408270339825730, 17.10629985842845358, 21.81896283389275837 ) ) ;
#2688 = CARTESIAN_POINT ( 'NONE',  ( 6.074901368506302468, 22.88512733511037567, 16.14841056455815504 ) ) ;
#2689 = DIRECTION ( 'NONE',  ( 1.000000000000000000, 0.000000000000000000, 0.000000000000000000 ) ) ;
#2690 = DIRECTION ( 'NONE',  ( -0.9899499129764925964, -0.1414184209989444996, 0.000000000000000000 ) ) ;
#2691 = AXIS2_PLACEMENT_3D ( 'NONE', #7553, #4237, #8198 ) ;
#2692 = LINE ( 'NONE', #5958, #5447 ) ;
#2693 = APPLICATION_CONTEXT ( 'automotive_design' ) ;
#2694 = AXIS2_PLACEMENT_3D ( 'NONE', #4035, #3995, #7827 ) ;
#2695 = DIRECTION ( 'NONE',  ( -0.000000000000000000, -1.000000000000000000, -0.000000000000000000 ) ) ;
#2696 = ADVANCED_FACE ( 'NONE', ( #1422 ), #215, .T. ) ;
#2697 = CARTESIAN_POINT ( 'NONE',  ( 4.496535265609603371, 9.342149822382921798, 6.500000000000000888 ) ) ;
#2698 = CARTESIAN_POINT ( 'NONE',  ( 16.36891009042997780, -2.062630745366814455, 6.074339802022753254 ) ) ;
#2699 = CARTESIAN_POINT ( 'NONE',  ( -16.59435574394966650, 18.19082108367179629, 6.944729371787189187 ) ) ;
#2700 = AXIS2_PLACEMENT_3D ( 'NONE', #7383, #3507, #6049 ) ;
#2701 = CARTESIAN_POINT ( 'NONE',  ( -7.606860733319267709, 23.23664375479290101, 11.82154364644705957 ) ) ;
#2702 = CARTESIAN_POINT ( 'NONE',  ( 17.87542165453809062, -0.6508923495717826579, 10.58903098113744967 ) ) ;
#2703 = DIRECTION ( 'NONE',  ( 0.4156957420089222310, -0.9095037383516637597, 0.000000000000000000 ) ) ;
#2704 = AXIS2_PLACEMENT_3D ( 'NONE', #6868, #1522, #6779 ) ;
#2705 = CARTESIAN_POINT ( 'NONE',  ( 5.074901367908572603, 9.320420340454845132, 10.50000000000000000 ) ) ;
#2706 = ORIENTED_EDGE ( 'NONE', *, *, #6368, .F. ) ;
#2707 = PRODUCT_DEFINITION_CONTEXT ( 'detailed design', #2693, 'design' ) ;
#2708 = DIRECTION ( 'NONE',  ( 0.000000000000000000, 0.000000000000000000, 1.000000000000000000 ) ) ;
#2709 = ORIENTED_EDGE ( 'NONE', *, *, #4990, .T. ) ;
#2710 = CARTESIAN_POINT ( 'NONE',  ( 16.53171576436017887, -1.917461172655493762, 11.00000000000000178 ) ) ;
#2711 = ORIENTED_EDGE ( 'NONE', *, *, #387, .T. ) ;
#2712 = LINE ( 'NONE', #4131, #3548 ) ;
#2713 = CARTESIAN_POINT ( 'NONE',  ( 0.000000000000000000, 0.000000000000000000, 17.00000000000000000 ) ) ;
#2714 = ORIENTED_EDGE ( 'NONE', *, *, #5471, .F. ) ;
#2715 = VECTOR ( 'NONE', #6803, 1000.000000000000000 ) ;
#2716 = EDGE_CURVE ( 'NONE', #2534, #6332, #8057, .T. ) ;
#2717 =( BOUNDED_CURVE ( )  B_SPLINE_CURVE ( 3, ( #3559, #6140, #273, #8119 ),
 .UNSPECIFIED., .F., .F. ) 
 B_SPLINE_CURVE_WITH_KNOTS ( ( 4, 4 ),
 ( 2.584738868008305879, 3.568834475111658300 ),
 .UNSPECIFIED. ) 
 CURVE ( )  GEOMETRIC_REPRESENTATION_ITEM ( )  RATIONAL_B_SPLINE_CURVE ( ( 1.000000000000000000, 0.9209115065919266652, 0.9209115065919266652, 1.000000000000000000 ) ) 
 REPRESENTATION_ITEM ( '' )  );
#2718 = EDGE_CURVE ( 'NONE', #800, #6602, #2676, .T. ) ;
#2719 = ORIENTED_EDGE ( 'NONE', *, *, #3509, .F. ) ;
#2720 = LINE ( 'NONE', #1871, #1181 ) ;
#2721 = ORIENTED_EDGE ( 'NONE', *, *, #321, .F. ) ;
#2722 = FACE_OUTER_BOUND ( 'NONE', #6605, .T. ) ;
#2723 = DIRECTION ( 'NONE',  ( 2.040851148208008245E-16, 0.000000000000000000, -1.000000000000000000 ) ) ;
#2724 = ORIENTED_EDGE ( 'NONE', *, *, #4784, .F. ) ;
#2725 = CARTESIAN_POINT ( 'NONE',  ( 52.16712193127420960, -2.354426227855074938, 6.749999999999996447 ) ) ;
#2726 = DIRECTION ( 'NONE',  ( -0.4898998853091100503, -0.6531958121733412170, 0.5773502691896230665 ) ) ;
#2727 = CARTESIAN_POINT ( 'NONE',  ( 0.000000000000000000, 18.19113980308874190, 2.500000000000000444 ) ) ;
#2728 = AXIS2_PLACEMENT_3D ( 'NONE', #678, #5284, #1496 ) ;
#2729 = CARTESIAN_POINT ( 'NONE',  ( -6.383370583533764631, 23.41142436007559979, 16.05078194391521151 ) ) ;
#2730 = EDGE_CURVE ( 'NONE', #1760, #2021, #6761, .T. ) ;
#2731 = ORIENTED_EDGE ( 'NONE', *, *, #4464, .F. ) ;
#2732 = VECTOR ( 'NONE', #2003, 1000.000000000000000 ) ;
#2733 = EDGE_LOOP ( 'NONE', ( #7015, #6023, #5028 ) ) ;
#2734 = CARTESIAN_POINT ( 'NONE',  ( 6.024374160574636150, 17.66677273632756240, 19.78390590928404436 ) ) ;
#2735 = FACE_OUTER_BOUND ( 'NONE', #7331, .T. ) ;
#2736 = LINE ( 'NONE', #2641, #2732 ) ;
#2737 = DIRECTION ( 'NONE',  ( 0.000000000000000000, 0.000000000000000000, -1.000000000000000000 ) ) ;
#2738 = CARTESIAN_POINT ( 'NONE',  ( 3.704000693788446874, 18.18984268085894485, 6.500000746770428606 ) ) ;
#2739 = VECTOR ( 'NONE', #7742, 1000.000000000000000 ) ;
#2740 = VECTOR ( 'NONE', #4338, 1000.000000000000227 ) ;
#2741 = ADVANCED_FACE ( 'NONE', ( #4740 ), #7367, .T. ) ;
#2742 = CARTESIAN_POINT ( 'NONE',  ( -0.5123869103765311683, -12.34981888004866413, 8.309456494859478681 ) ) ;
#2743 = CARTESIAN_POINT ( 'NONE',  ( 5.284601019003059008, 18.18854568888115608, 10.49998085679732007 ) ) ;
#2744 = AXIS2_PLACEMENT_3D ( 'NONE', #1541, #935, #2972 ) ;
#2746 = VECTOR ( 'NONE', #7090, 1000.000000000000227 ) ;
#2745 = PLANE ( 'NONE',  #5963 ) ;
#2747 = CARTESIAN_POINT ( 'NONE',  ( 19.72379442986205333, 0.9198937970449587720, 10.37342409667786214 ) ) ;
#2748 = CARTESIAN_POINT ( 'NONE',  ( -21.92509863149369664, 21.19122451842073218, 5.000000000000002665 ) ) ;
#2749 = CARTESIAN_POINT ( 'NONE',  ( -7.010116625747418340, 23.32189110753976991, 12.20048102841007598 ) ) ;
#2750 = CARTESIAN_POINT ( 'NONE',  ( -17.63875236485403164, 18.19011053098142128, 10.24020423996682361 ) ) ;
#2751 = CARTESIAN_POINT ( 'NONE',  ( 3.381759256733302799, 7.477617038142040151, 14.55979849088173239 ) ) ;
#2752 = LINE ( 'NONE', #3226, #3981 ) ;
#2753 = ORIENTED_EDGE ( 'NONE', *, *, #3475, .F. ) ;
#2754 = CARTESIAN_POINT ( 'NONE',  ( 5.391624560436410363, 5.791139803088745985, 7.420680136340851440 ) ) ;
#2755 = ORIENTED_EDGE ( 'NONE', *, *, #4443, .F. ) ;
#2756 = CARTESIAN_POINT ( 'NONE',  ( 16.53221158004055624, -1.916870282537141312, 11.02453691484625509 ) ) ;
#2757 = ORIENTED_EDGE ( 'NONE', *, *, #4111, .T. ) ;
#2758 = DIRECTION ( 'NONE',  ( 0.000000000000000000, -1.000000000000000000, 0.000000000000000000 ) ) ;
#2759 = PLANE ( 'NONE',  #6578 ) ;
#2760 = B_SPLINE_CURVE_WITH_KNOTS ( 'NONE', 3,
 ( #2960, #5575, #3565, #3518 ),
 .UNSPECIFIED., .F., .F.,
 ( 4, 4 ),
 ( 0.8275693815006404108, 1.000000000000000000 ),
 .UNSPECIFIED. ) ;
#2761 = EDGE_LOOP ( 'NONE', ( #7624, #4942, #4259, #4907, #1155, #5629 ) ) ;
#2762 = CARTESIAN_POINT ( 'NONE',  ( 16.45018002593488049, -2.000000006390404650, 10.81209730328478180 ) ) ;
#2763 = CARTESIAN_POINT ( 'NONE',  ( 5.994919238558778396, 9.999999999999998224, 16.00000000000000000 ) ) ;
#2764 = CARTESIAN_POINT ( 'NONE',  ( 23.00000000000000000, 28.39641197979021214, 17.00000000000000000 ) ) ;
#2765 = EDGE_LOOP ( 'NONE', ( #2045, #1942, #3675, #6155 ) ) ;
#2766 = DIRECTION ( 'NONE',  ( -0.000000000000000000, -0.000000000000000000, 1.000000000000000000 ) ) ;
#2767 = CARTESIAN_POINT ( 'NONE',  ( -2.057092303597167327, 28.92805599483363821, 5.522680340163367951 ) ) ;
#2768 = CARTESIAN_POINT ( 'NONE',  ( 36.97186031827119734, 17.41922930584158991, 21.90531092451686490 ) ) ;
#2769 = ORIENTED_EDGE ( 'NONE', *, *, #2439, .F. ) ;
#2770 = EDGE_CURVE ( 'NONE', #6067, #257, #6075, .T. ) ;
#2771 = ADVANCED_FACE ( 'NONE', ( #1586 ), #4222, .T. ) ;
#2772 = DIRECTION ( 'NONE',  ( 0.000000000000000000, 0.000000000000000000, 1.000000000000000000 ) ) ;
#2773 = ORIENTED_EDGE ( 'NONE', *, *, #2662, .F. ) ;
#2774 = ORIENTED_EDGE ( 'NONE', *, *, #4564, .F. ) ;
#2775 = ORIENTED_EDGE ( 'NONE', *, *, #8228, .T. ) ;
#2776 = CARTESIAN_POINT ( 'NONE',  ( 6.579886473998325158, 8.002544093717267160, 10.50000000000000000 ) ) ;
#2777 = PLANE ( 'NONE',  #460 ) ;
#2778 = ADVANCED_FACE ( 'NONE', ( #8177 ), #7398, .T. ) ;
#2779 = CARTESIAN_POINT ( 'NONE',  ( 21.93538375258821205, 1.819091283046814445, 7.103553390593284611 ) ) ;
#2780 = CARTESIAN_POINT ( 'NONE',  ( 16.53272907063011843, -1.916253561267898808, 5.947449947681064941 ) ) ;
#2781 = AXIS2_PLACEMENT_3D ( 'NONE', #6966, #4181, #853 ) ;
#2782 = CARTESIAN_POINT ( 'NONE',  ( -7.562013502496038875, 23.24305036636516064, 11.41735642877532264 ) ) ;
#2783 = FACE_OUTER_BOUND ( 'NONE', #4819, .T. ) ;
#2784 = VECTOR ( 'NONE', #6355, 1000.000000000000114 ) ;
#2785 = CARTESIAN_POINT ( 'NONE',  ( 5.747135591334609828, 6.817425510203693584, 6.500000000000000888 ) ) ;
#2786 = CYLINDRICAL_SURFACE ( 'NONE', #1876, 20.00000000000000000 ) ;
#2787 = CARTESIAN_POINT ( 'NONE',  ( 23.00000000000000000, 5.791139803088734439, 6.914213562373102029 ) ) ;
#2788 = EDGE_CURVE ( 'NONE', #6335, #8481, #6431, .T. ) ;
#2789 = CARTESIAN_POINT ( 'NONE',  ( -14.55413846978058245, 17.87012995533894966, -0.6198888957323708260 ) ) ;
#2790 = CARTESIAN_POINT ( 'NONE',  ( 50.72021082228279454, 20.20247745476114787, -77.29516281891936558 ) ) ;
#2791 = CARTESIAN_POINT ( 'NONE',  ( 33.81122847272096266, 20.17921328490076505, 1.654882842725899472 ) ) ;
#2792 = DIRECTION ( 'NONE',  ( -0.7994407603325167644, -0.6007449298320939324, 0.000000000000000000 ) ) ;
#2793 = VERTEX_POINT ( 'NONE', #2330 ) ;
#2794 = UNCERTAINTY_MEASURE_WITH_UNIT (LENGTH_MEASURE( 1.000000000000000082E-05 ), #7989, 'distance_accuracy_value', 'NONE');
#2795 = CARTESIAN_POINT ( 'NONE',  ( 5.391624560436410363, 5.791139803088745097, 7.500000000000000888 ) ) ;
#2796 = ORIENTED_EDGE ( 'NONE', *, *, #6337, .T. ) ;
#2797 = CARTESIAN_POINT ( 'NONE',  ( 18.35883505040958141, -0.1952308227312440914, 6.455299080765838582 ) ) ;
#2798 = CARTESIAN_POINT ( 'NONE',  ( 34.45652386559520863, 18.18865098683173542, 10.48613845692241853 ) ) ;
#2799 = ADVANCED_FACE ( 'NONE', ( #374 ), #6243, .T. ) ;
#2800 = CARTESIAN_POINT ( 'NONE',  ( -0.4184638427494982160, -12.44111232220165597, 8.500000000000000000 ) ) ;
#2801 = CARTESIAN_POINT ( 'NONE',  ( -7.350839231772717142, 23.45858384760271065, 5.710118053823623363 ) ) ;
#2802 = ORIENTED_EDGE ( 'NONE', *, *, #5358, .F. ) ;
#2803 = CARTESIAN_POINT ( 'NONE',  ( -28.06256458244927998, 18.14387903043152050, 12.79748406216240220 ) ) ;
#2804 = ORIENTED_EDGE ( 'NONE', *, *, #4869, .T. ) ;
#2805 = LINE ( 'NONE', #7197, #1432 ) ;
#2806 = CARTESIAN_POINT ( 'NONE',  ( 4.115266738269844460, 29.46670641872289664, 17.90315120806913285 ) ) ;
#2807 = ORIENTED_EDGE ( 'NONE', *, *, #5695, .F. ) ;
#2808 = LINE ( 'NONE', #1585, #1991 ) ;
#2809 = CARTESIAN_POINT ( 'NONE',  ( 0.000000000000000000, 0.000000000000000000, 7.500000000000000888 ) ) ;
#2810 = DIRECTION ( 'NONE',  ( 0.000000000000000000, 0.000000000000000000, 1.000000000000000000 ) ) ;
#2811 = ORIENTED_EDGE ( 'NONE', *, *, #3400, .T. ) ;
#2812 = CARTESIAN_POINT ( 'NONE',  ( 19.73480530352875917, 0.9033527686187545758, 6.646446609406729600 ) ) ;
#2813 = VERTEX_POINT ( 'NONE', #7532 ) ;
#2814 = VECTOR ( 'NONE', #6679, 1000.000000000000000 ) ;
#2815 = EDGE_CURVE ( 'NONE', #2658, #2208, #6931, .T. ) ;
#2816 = VERTEX_POINT ( 'NONE', #1062 ) ;
#2817 = ORIENTED_EDGE ( 'NONE', *, *, #3674, .F. ) ;
#2818 = CARTESIAN_POINT ( 'NONE',  ( 19.38590624209144408, 0.08751975136993213333, 7.108444924511973184 ) ) ;
#2819 = CARTESIAN_POINT ( 'NONE',  ( -1.875344138045390574, 16.28006759235287504, -4.114173778421028160 ) ) ;
#2820 = PLANE ( 'NONE',  #7722 ) ;
#2821 = CARTESIAN_POINT ( 'NONE',  ( 16.52435470718358701, -1.926233738990988487, 5.847020753510403068 ) ) ;
#2822 = AXIS2_PLACEMENT_3D ( 'NONE', #6548, #807, #90 ) ;
#2823 = EDGE_CURVE ( 'NONE', #5985, #3319, #6975, .T. ) ;
#2824 = ADVANCED_FACE ( 'NONE', ( #4905 ), #2287, .F. ) ;
#2825 = CARTESIAN_POINT ( 'NONE',  ( -28.06256458244927288, 17.04206840618254759, 13.43784639043499141 ) ) ;
#2826 = FACE_OUTER_BOUND ( 'NONE', #4948, .T. ) ;
#2827 = CYLINDRICAL_SURFACE ( 'NONE', #4731, 20.00000000000000000 ) ;
#2828 = CARTESIAN_POINT ( 'NONE',  ( 4.074901368506337107, 22.88512733511038277, 16.14841056455815860 ) ) ;
#2829 = CARTESIAN_POINT ( 'NONE',  ( 23.00000000000000355, 4.235415976228347645, 6.500000000000000888 ) ) ;
#2830 = CARTESIAN_POINT ( 'NONE',  ( -5.486500808069640911, -8.176041743060581624, 14.20595777215746125 ) ) ;
#2831 = DIRECTION ( 'NONE',  ( 1.000000000000000000, 0.000000000000000000, 0.000000000000000000 ) ) ;
#2832 = CARTESIAN_POINT ( 'NONE',  ( 19.12402157324911300, 14.01474273244640223, 0.000000000000000000 ) ) ;
#2833 = VECTOR ( 'NONE', #2109, 1000.000000000000114 ) ;
#2834 = ADVANCED_FACE ( 'NONE', ( #3661 ), #5299, .T. ) ;
#2835 = DIRECTION ( 'NONE',  ( 1.000000000000000000, 0.000000000000000000, 0.000000000000000000 ) ) ;
#2836 = ORIENTED_EDGE ( 'NONE', *, *, #505, .T. ) ;
#2837 = FACE_OUTER_BOUND ( 'NONE', #4306, .T. ) ;
#2838 = CIRCLE ( 'NONE', #5572, 10.00000000000000178 ) ;
#2839 = LINE ( 'NONE', #8209, #6692 ) ;
#2840 = DIRECTION ( 'NONE',  ( -0.6007449298320932662, 0.7994407603325173195, 0.000000000000000000 ) ) ;
#2841 = CARTESIAN_POINT ( 'NONE',  ( -6.599658137201321217, 27.07022199761063774, 6.719440456566977637 ) ) ;
#2842 = LINE ( 'NONE', #5460, #1215 ) ;
#2843 = CIRCLE ( 'NONE', #7372, 1.000000000000000000 ) ;
#2844 = AXIS2_PLACEMENT_3D ( 'NONE', #6214, #266, #5400 ) ;
#2845 = EDGE_CURVE ( 'NONE', #2991, #3926, #1282, .T. ) ;
#2846 = VERTEX_POINT ( 'NONE', #3058 ) ;
#2847 = DIRECTION ( 'NONE',  ( -0.000000000000000000, -0.000000000000000000, -1.000000000000000000 ) ) ;
#2848 = VERTEX_POINT ( 'NONE', #3790 ) ;
#2849 = LINE ( 'NONE', #3578, #5481 ) ;
#2850 = ORIENTED_EDGE ( 'NONE', *, *, #7768, .F. ) ;
#2851 = LINE ( 'NONE', #6034, #3773 ) ;
#2852 = CARTESIAN_POINT ( 'NONE',  ( 40.26590409431137374, 18.19108780883302146, 7.103553390593284611 ) ) ;
#2853 = ORIENTED_EDGE ( 'NONE', *, *, #6841, .F. ) ;
#2854 = DIRECTION ( 'NONE',  ( 1.000000000000000000, 0.000000000000000000, 0.000000000000000000 ) ) ;
#2855 = VERTEX_POINT ( 'NONE', #8435 ) ;
#2856 = ORIENTED_EDGE ( 'NONE', *, *, #8006, .T. ) ;
#2857 = EDGE_LOOP ( 'NONE', ( #7149, #3656, #5679, #7843, #3315, #1852, #285, #4903 ) ) ;
#2858 = CARTESIAN_POINT ( 'NONE',  ( 5.279670707145059261, 23.80977528641478713, -6.316446715935946976 ) ) ;
#2859 = CARTESIAN_POINT ( 'NONE',  ( 4.467932343692218922, 9.999999999999998224, 10.50000000000000000 ) ) ;
#2860 = CARTESIAN_POINT ( 'NONE',  ( -17.31768483249977919, 18.19006245294568203, 10.25000000000000000 ) ) ;
#2861 = CARTESIAN_POINT ( 'NONE',  ( 38.30051488798554971, 3.588001709406294371, -11.10485017516100292 ) ) ;
#2862 = VECTOR ( 'NONE', #6065, 1000.000000000000000 ) ;
#2863 = CARTESIAN_POINT ( 'NONE',  ( -7.748279154318211681, 24.22659366776939294, 11.82154364644705957 ) ) ;
#2864 = DIRECTION ( 'NONE',  ( 0.000000000000000000, 0.000000000000000000, -1.000000000000000000 ) ) ;
#2865 = CARTESIAN_POINT ( 'NONE',  ( -28.06256458244928353, 18.13568268016678076, 3.942388367562152496 ) ) ;
#2866 = CARTESIAN_POINT ( 'NONE',  ( 33.40483542659831784, 17.32830995514898831, 22.59028034921090722 ) ) ;
#2867 = CARTESIAN_POINT ( 'NONE',  ( -6.313901452881201415, 22.44020628159642428, 0.3707097371264550523 ) ) ;
#2868 = AXIS2_PLACEMENT_3D ( 'NONE', #7917, #3406, #2624 ) ;
#2869 = DIRECTION ( 'NONE',  ( 1.000000000000000000, 0.000000000000000000, 0.000000000000000000 ) ) ;
#2870 = DIRECTION ( 'NONE',  ( -0.7994407603325256462, -0.6007449298320821640, -1.452436146662962308E-14 ) ) ;
#2871 = VECTOR ( 'NONE', #4534, 1000.000000000000000 ) ;
#2872 = EDGE_CURVE ( 'NONE', #3663, #3442, #5864, .T. ) ;
#2873 = EDGE_CURVE ( 'NONE', #7665, #2658, #2612, .T. ) ;
#2874 = AXIS2_PLACEMENT_3D ( 'NONE', #3308, #7950, #4719 ) ;
#2875 = VECTOR ( 'NONE', #5505, 1000.000000000000227 ) ;
#2876 = DIRECTION ( 'NONE',  ( -9.119447858903452110E-30, 5.257003773335342700E-15, -1.000000000000000000 ) ) ;
#2877 = VERTEX_POINT ( 'NONE', #3232 ) ;
#2878 = AXIS2_PLACEMENT_3D ( 'NONE', #4164, #2876, #8120 ) ;
#2879 = DIRECTION ( 'NONE',  ( 0.8324328464100202440, 0.5541259389504444854, 0.000000000000000000 ) ) ;
#2880 = CARTESIAN_POINT ( 'NONE',  ( 18.46949726113056300, -0.09092059059812951372, 6.462637416555855552 ) ) ;
#2881 = CARTESIAN_POINT ( 'NONE',  ( 26.73189882051181243, 6.997512087573545259, 6.646446609406730488 ) ) ;
#2882 = DIRECTION ( 'NONE',  ( -0.000000000000000000, 0.000000000000000000, 1.000000000000000000 ) ) ;
#2883 = CARTESIAN_POINT ( 'NONE',  ( 17.85186731309048724, -1.007145126715585315, 10.09626148614470864 ) ) ;
#2884 = EDGE_CURVE ( 'NONE', #6343, #3668, #1156, .T. ) ;
#2885 = EDGE_LOOP ( 'NONE', ( #4922, #673, #2411, #5277 ) ) ;
#2886 = ORIENTED_EDGE ( 'NONE', *, *, #3409, .T. ) ;
#2887 = CARTESIAN_POINT ( 'NONE',  ( 44.03402589208899087, 18.94792707712253943, -2.501108913938808964 ) ) ;
#2888 = CARTESIAN_POINT ( 'NONE',  ( 33.40483542659831784, -77.08536014839516781, 7.203090613293326783 ) ) ;
#2889 = ORIENTED_EDGE ( 'NONE', *, *, #698, .T. ) ;
#2890 = LINE ( 'NONE', #2211, #2128 ) ;
#2891 = CARTESIAN_POINT ( 'NONE',  ( 16.62683827736369579, -1.890576552195382343, 10.54018971375988656 ) ) ;
#2892 = CARTESIAN_POINT ( 'NONE',  ( 7.300326527891058959, 9.999999999999996447, -1.344755517453690317E-16 ) ) ;
#2893 = ORIENTED_EDGE ( 'NONE', *, *, #1005, .T. ) ;
#2894 = B_SPLINE_CURVE_WITH_KNOTS ( 'NONE', 3,
 ( #3037, #5650, #6390, #7126, #1221, #8453 ),
 .UNSPECIFIED., .F., .F.,
 ( 4, 2, 4 ),
 ( 0.002323538623503927734, 0.01765156063854591076, 0.03297958265358789248 ),
 .UNSPECIFIED. ) ;
#2895 = EDGE_CURVE ( 'NONE', #3200, #5701, #5849, .T. ) ;
#2896 = AXIS2_PLACEMENT_3D ( 'NONE', #6681, #2677, #6762 ) ;
#2897 = EDGE_LOOP ( 'NONE', ( #1210, #3920, #675, #805, #8361 ) ) ;
#2898 = ORIENTED_EDGE ( 'NONE', *, *, #6298, .T. ) ;
#2899 = ORIENTED_EDGE ( 'NONE', *, *, #386, .T. ) ;
#2900 = DIRECTION ( 'NONE',  ( 0.7660444431189773473, -0.6427876096865402511, 0.000000000000000000 ) ) ;
#2901 = CARTESIAN_POINT ( 'NONE',  ( 6.489407892875916239, 17.47799026836112546, -5.142331131236571373 ) ) ;
#2902 = EDGE_CURVE ( 'NONE', #7121, #2554, #1761, .T. ) ;
#2903 = DIRECTION ( 'NONE',  ( 0.1414184209989443053, -0.9899499129764927075, 0.000000000000000000 ) ) ;
#2904 = CARTESIAN_POINT ( 'NONE',  ( 30.50023780723907407, 9.742618459235409034, 9.542893218813446765 ) ) ;
#2905 = CARTESIAN_POINT ( 'NONE',  ( -7.228666137474870190, 23.47603677714731063, 11.41329535598319112 ) ) ;
#2906 = DIRECTION ( 'NONE',  ( -0.7000002965007102729, -0.09999792447304756138, 0.7071067811865477948 ) ) ;
#2907 = DIRECTION ( 'NONE',  ( 0.000000000000000000, 0.000000000000000000, -1.000000000000000000 ) ) ;
#2908 = CARTESIAN_POINT ( 'NONE',  ( 0.000000000000000000, -2.000000000000000000, 0.000000000000000000 ) ) ;
#2909 = CARTESIAN_POINT ( 'NONE',  ( 21.48617592373098617, 2.493911437312739121, 10.00000000000000178 ) ) ;
#2910 = VECTOR ( 'NONE', #1517, 1000.000000000000000 ) ;
#2911 = CARTESIAN_POINT ( 'NONE',  ( -6.072192189788957251, 17.70254276515514036, -2.433582454573643528 ) ) ;
#2912 = CARTESIAN_POINT ( 'NONE',  ( 35.64005297390797011, 20.09856402677709042, -10.16758084455734412 ) ) ;
#2913 = DIRECTION ( 'NONE',  ( 0.1414184209989443053, -0.9899499129764927075, 0.000000000000000000 ) ) ;
#2914 = AXIS2_PLACEMENT_3D ( 'NONE', #8079, #5529, #7516 ) ;
#2915 = FACE_OUTER_BOUND ( 'NONE', #2293, .T. ) ;
#2916 = ORIENTED_EDGE ( 'NONE', *, *, #8434, .T. ) ;
#2917 = CARTESIAN_POINT ( 'NONE',  ( -0.6571556738766493044, 24.22943773662144196, -5.590280349210904554 ) ) ;
#2918 = EDGE_CURVE ( 'NONE', #5038, #3328, #3502, .T. ) ;
#2919 = CARTESIAN_POINT ( 'NONE',  ( 17.48111704637813091, -1.022560491835873053, 6.359093732443036551 ) ) ;
#2920 = LINE ( 'NONE', #8165, #3287 ) ;
#2921 = AXIS2_PLACEMENT_3D ( 'NONE', #5342, #1467, #7127 ) ;
#2922 = CARTESIAN_POINT ( 'NONE',  ( 33.86825995700127123, 18.18997401930269575, 6.728262652042984904 ) ) ;
#2923 = CARTESIAN_POINT ( 'NONE',  ( 38.40009259109188378, 20.12915746144683737, 14.96632374099275253 ) ) ;
#2924 = VERTEX_POINT ( 'NONE', #7839 ) ;
#2925 = LINE ( 'NONE', #6234, #7243 ) ;
#2926 = ADVANCED_FACE ( 'NONE', ( #3103 ), #784, .T. ) ;
#2928 = ORIENTED_EDGE ( 'NONE', *, *, #4414, .T. ) ;
#2927 = EDGE_CURVE ( 'NONE', #1630, #590, #5809, .T. ) ;
#2929 = ADVANCED_FACE ( 'NONE', ( #8392 ), #1108, .F. ) ;
#2930 = DIRECTION ( 'NONE',  ( 1.000000000000000000, 0.000000000000000000, 0.000000000000000000 ) ) ;
#2931 = CARTESIAN_POINT ( 'NONE',  ( 26.81122531994192215, 6.930949251159158386, 9.542893218813450318 ) ) ;
#2932 = EDGE_LOOP ( 'NONE', ( #4436, #2543, #8055, #7067, #2714 ) ) ;
#2933 = DIRECTION ( 'NONE',  ( 0.000000000000000000, 0.000000000000000000, 1.000000000000000000 ) ) ;
#2934 = CARTESIAN_POINT ( 'NONE',  ( 10.64537435473997462, -8.932529694806415677, 7.500000000000000888 ) ) ;
#2935 = CYLINDRICAL_SURFACE ( 'NONE', #4225, 1.000000000000000222 ) ;
#2936 = ORIENTED_EDGE ( 'NONE', *, *, #8395, .T. ) ;
#2937 = ORIENTED_EDGE ( 'NONE', *, *, #2041, .T. ) ;
#2938 = EDGE_CURVE ( 'NONE', #1850, #4694, #7809, .T. ) ;
#2939 = EDGE_CURVE ( 'NONE', #2596, #3926, #5325, .T. ) ;
#2940 = ORIENTED_EDGE ( 'NONE', *, *, #5303, .F. ) ;
#2941 = ORIENTED_EDGE ( 'NONE', *, *, #3106, .F. ) ;
#2942 = CARTESIAN_POINT ( 'NONE',  ( 5.896284433874381392, -8.857663013988760881, 7.103553390593288164 ) ) ;
#2943 =( BOUNDED_CURVE ( )  B_SPLINE_CURVE ( 3, ( #5238, #2791, #114, #4684 ),
 .UNSPECIFIED., .F., .F. ) 
 B_SPLINE_CURVE_WITH_KNOTS ( ( 4, 4 ),
 ( 0.8599742408964884399, 1.570796326794898778 ),
 .UNSPECIFIED. ) 
 CURVE ( )  GEOMETRIC_REPRESENTATION_ITEM ( )  RATIONAL_B_SPLINE_CURVE ( ( 1.000000000000000000, 0.9583356900292587799, 0.9583356900292587799, 1.000000000000000000 ) ) 
 REPRESENTATION_ITEM ( '' )  );
#2944 = CARTESIAN_POINT ( 'NONE',  ( -41.20391431128776105, 10.65920104959612047, 0.5384616854352635151 ) ) ;
#2945 = CARTESIAN_POINT ( 'NONE',  ( 6.074901368476851360, 17.73170615800637862, -2.142817984172785906 ) ) ;
#2946 = FACE_OUTER_BOUND ( 'NONE', #380, .T. ) ;
#2947 = CIRCLE ( 'NONE', #3911, 1.000000000000000666 ) ;
#2948 = VERTEX_POINT ( 'NONE', #3881 ) ;
#2949 = DIRECTION ( 'NONE',  ( -0.7000002965007098288, -0.09999792447304750587, -0.7071067811865483499 ) ) ;
#2950 = EDGE_LOOP ( 'NONE', ( #5131, #5419, #5938, #3073 ) ) ;
#2951 = CARTESIAN_POINT ( 'NONE',  ( 4.467932343692218922, 0.000000000000000000, 6.500000000000000888 ) ) ;
#2952 = CARTESIAN_POINT ( 'NONE',  ( -27.76874609298775454, 18.09673508760448968, 2.961156664853482390 ) ) ;
#2953 = CARTESIAN_POINT ( 'NONE',  ( 43.68485771299055642, 21.45163648221143049, 17.28803869061415099 ) ) ;
#2954 = CARTESIAN_POINT ( 'NONE',  ( -16.42830036029716112, 21.97646478346666399, 2.145922901093511026 ) ) ;
#2955 = AXIS2_PLACEMENT_3D ( 'NONE', #2119, #6031, #3279 ) ;
#2956 = CARTESIAN_POINT ( 'NONE',  ( -1.317028595717217865, 24.35822814743297471, 11.07458337072383792 ) ) ;
#2957 = CARTESIAN_POINT ( 'NONE',  ( 42.76347606555066960, 21.15611399442007112, 14.36648398375599633 ) ) ;
#2958 = AXIS2_PLACEMENT_3D ( 'NONE', #5546, #3059, #7110 ) ;
#2959 = DIRECTION ( 'NONE',  ( -0.000000000000000000, -0.000000000000000000, 1.000000000000000000 ) ) ;
#2960 = CARTESIAN_POINT ( 'NONE',  ( 1.897318340913355161, 18.19113980307486500, 7.203090613293326783 ) ) ;
#2961 = ORIENTED_EDGE ( 'NONE', *, *, #6449, .T. ) ;
#2962 = CARTESIAN_POINT ( 'NONE',  ( 2.769450284510068361, 18.18986767697063556, 6.710705912969444853 ) ) ;
#2963 = CARTESIAN_POINT ( 'NONE',  ( 19.29119644427301949, 0.6836082206802470695, 6.496701829007075268 ) ) ;
#2964 = AXIS2_PLACEMENT_3D ( 'NONE', #2098, #1355, #2567 ) ;
#2965 = CARTESIAN_POINT ( 'NONE',  ( 33.58534652183929126, 18.19092046295081744, 6.980154841515711084 ) ) ;
#2966 = CARTESIAN_POINT ( 'NONE',  ( 19.83490474562638184, 0.4122926905956357801, 9.896067743648830017 ) ) ;
#2967 = CIRCLE ( 'NONE', #3793, 2.000000000000001776 ) ;
#2968 = VERTEX_POINT ( 'NONE', #3320 ) ;
#2969 = CARTESIAN_POINT ( 'NONE',  ( 42.29868488627193557, 19.18580579094204452, 19.76517085249233929 ) ) ;
#2970 = EDGE_LOOP ( 'NONE', ( #6689, #5372, #4329, #5843 ) ) ;
#2971 = CARTESIAN_POINT ( 'NONE',  ( 43.95521608925719192, 18.95873024172880150, -1.972731940941802042 ) ) ;
#2972 = DIRECTION ( 'NONE',  ( 0.000000000000000000, -0.6622670053323822525, 0.7492679184698076700 ) ) ;
#2973 = ORIENTED_EDGE ( 'NONE', *, *, #6463, .T. ) ;
#2974 = VECTOR ( 'NONE', #433, 1000.000000000000114 ) ;
#2975 = CARTESIAN_POINT ( 'NONE',  ( 17.82347702301050774, -1.027334991642646411, 10.10232465658293677 ) ) ;
#2976 = DIRECTION ( 'NONE',  ( -0.9966060095029266597, 0.000000000000000000, 0.08231926762704130929 ) ) ;
#2977 = ORIENTED_EDGE ( 'NONE', *, *, #8502, .T. ) ;
#2978 = VECTOR ( 'NONE', #3408, 1000.000000000000000 ) ;
#2979 = ADVANCED_FACE ( 'NONE', ( #4048 ), #6711, .T. ) ;
#2980 = ADVANCED_FACE ( 'NONE', ( #1980, #5416 ), #5246, .F. ) ;
#2981 = AXIS2_PLACEMENT_3D ( 'NONE', #3607, #7438, #3089 ) ;
#2982 = ORIENTED_EDGE ( 'NONE', *, *, #623, .T. ) ;
#2983 = VERTEX_POINT ( 'NONE', #3273 ) ;
#2984 = ORIENTED_EDGE ( 'NONE', *, *, #8247, .F. ) ;
#2985 = CARTESIAN_POINT ( 'NONE',  ( 16.69360054191064791, -1.846134886194400693, 6.511884874833754111 ) ) ;
#2986 = CARTESIAN_POINT ( 'NONE',  ( -0.07924784892571561101, 0.06649684080516107820, 17.00000000000000000 ) ) ;
#2987 = CARTESIAN_POINT ( 'NONE',  ( 47.40483542659831784, 18.08776577269485841, 14.23397434154498065 ) ) ;
#2988 = CARTESIAN_POINT ( 'NONE',  ( 5.989354543175825718, 6.595222586229462003, 10.50000000000000178 ) ) ;
#2989 = ADVANCED_FACE ( 'NONE', ( #8521 ), #3445, .T. ) ;
#2990 = B_SPLINE_CURVE_WITH_KNOTS ( 'NONE', 3,
 ( #5952, #1957, #4542, #7812 ),
 .UNSPECIFIED., .F., .F.,
 ( 4, 4 ),
 ( 0.000000000000000000, 0.1757726533233315291 ),
 .UNSPECIFIED. ) ;
#2991 = VERTEX_POINT ( 'NONE', #4730 ) ;
#2992 = CARTESIAN_POINT ( 'NONE',  ( 2.056410939691734274, -12.08756626970429693, 8.500000000000000000 ) ) ;
#2993 = ORIENTED_EDGE ( 'NONE', *, *, #3922, .T. ) ;
#2994 = CARTESIAN_POINT ( 'NONE',  ( 16.43938037167647437, -2.000000000000000444, 11.01864815001183118 ) ) ;
#2995 = CARTESIAN_POINT ( 'NONE',  ( -27.31656537368195004, 18.06674736805855730, 2.333685504339325867 ) ) ;
#2996 = CARTESIAN_POINT ( 'NONE',  ( -2.184364863409159696, 23.75873158673381980, 6.377946096336123638 ) ) ;
#2997 = FACE_OUTER_BOUND ( 'NONE', #6756, .T. ) ;
#2998 = CARTESIAN_POINT ( 'NONE',  ( -2.325783284408104112, 24.74868149971031173, 10.62205390366387370 ) ) ;
#2999 = CARTESIAN_POINT ( 'NONE',  ( 39.76845770884413156, 20.15656267538717827, 3.159099675979124111 ) ) ;
#3000 = EDGE_CURVE ( 'NONE', #714, #2596, #2712, .T. ) ;
#3001 = DIRECTION ( 'NONE',  ( 0.6427876096865408062, 0.7660444431189769032, 0.000000000000000000 ) ) ;
#3002 = VECTOR ( 'NONE', #2758, 1000.000000000000000 ) ;
#3003 = CARTESIAN_POINT ( 'NONE',  ( 1.624334470366552763, 18.19113980308874190, 9.610592451407530490 ) ) ;
#3004 = ORIENTED_EDGE ( 'NONE', *, *, #5135, .F. ) ;
#3005 = CARTESIAN_POINT ( 'NONE',  ( 38.30051488798554971, 4.646017323781497232, -11.77050996795178683 ) ) ;
#3006 = AXIS2_PLACEMENT_3D ( 'NONE', #2613, #1929, #5881 ) ;
#3007 = CARTESIAN_POINT ( 'NONE',  ( 17.18240557450090478, -1.520751825187437012, 6.785420052573959637 ) ) ;
#3008 = CARTESIAN_POINT ( 'NONE',  ( 0.000000000000000000, 21.19113980308874190, 0.000000000000000000 ) ) ;
#3009 = CARTESIAN_POINT ( 'NONE',  ( 33.40483542659831784, 19.95440738642258438, -3.884872736865373710 ) ) ;
#3010 = DIRECTION ( 'NONE',  ( 1.000000000000000000, 3.321706335932480921E-12, 0.000000000000000000 ) ) ;
#3011 = CARTESIAN_POINT ( 'NONE',  ( 4.667851322542441395, 8.589162862251889408, 10.50000000000000000 ) ) ;
#3012 = AXIS2_PLACEMENT_3D ( 'NONE', #6149, #4213, #2360 ) ;
#3013 = VECTOR ( 'NONE', #7734, 1000.000000000000000 ) ;
#3014 = CARTESIAN_POINT ( 'NONE',  ( 51.01182361785833308, 18.19715431807046357, 9.819512530087669333 ) ) ;
#3015 = ORIENTED_EDGE ( 'NONE', *, *, #3251, .F. ) ;
#3016 = DIRECTION ( 'NONE',  ( -0.6427876096865411393, -0.7660444431189763481, 0.000000000000000000 ) ) ;
#3017 = ORIENTED_EDGE ( 'NONE', *, *, #611, .T. ) ;
#3018 = CARTESIAN_POINT ( 'NONE',  ( 5.269881657126220809, 24.26167506206407154, 22.48671315625626832 ) ) ;
#3019 = ORIENTED_EDGE ( 'NONE', *, *, #4582, .T. ) ;
#3020 = DIRECTION ( 'NONE',  ( -0.000000000000000000, 0.000000000000000000, 1.000000000000000000 ) ) ;
#3021 = CARTESIAN_POINT ( 'NONE',  ( -26.40456643708022000, 19.57004064862751136, 14.24779095251050087 ) ) ;
#3022 = ORIENTED_EDGE ( 'NONE', *, *, #4305, .F. ) ;
#3023 = VERTEX_POINT ( 'NONE', #2665 ) ;
#3024 = ORIENTED_EDGE ( 'NONE', *, *, #6563, .T. ) ;
#3025 = ORIENTED_EDGE ( 'NONE', *, *, #7297, .T. ) ;
#3026 = CARTESIAN_POINT ( 'NONE',  ( 16.71408945216999697, -1.813500368211284020, 6.461289719612887339 ) ) ;
#3027 = EDGE_CURVE ( 'NONE', #6758, #5128, #7229, .T. ) ;
#3028 = ADVANCED_FACE ( 'NONE', ( #5980 ), #6669, .F. ) ;
#3029 = CARTESIAN_POINT ( 'NONE',  ( 42.76014589090794971, 18.08668803554820315, 2.742740322000733588 ) ) ;
#3030 = FACE_OUTER_BOUND ( 'NONE', #2765, .T. ) ;
#3031 = CARTESIAN_POINT ( 'NONE',  ( 4.114130157769927187, 7.302144996027885249, 9.500000000000001776 ) ) ;
#3032 = ORIENTED_EDGE ( 'NONE', *, *, #1752, .T. ) ;
#3033 = FACE_OUTER_BOUND ( 'NONE', #7060, .T. ) ;
#3034 = ORIENTED_EDGE ( 'NONE', *, *, #6610, .T. ) ;
#3035 = DIRECTION ( 'NONE',  ( -1.000000000000000000, -0.000000000000000000, -0.000000000000000000 ) ) ;
#3036 = EDGE_CURVE ( 'NONE', #4746, #1267, #884, .T. ) ;
#3037 = CARTESIAN_POINT ( 'NONE',  ( 3.792064526508438949, 24.86502716106336663, 0.8515894354418399592 ) ) ;
#3038 = CARTESIAN_POINT ( 'NONE',  ( -1.077131932995763153, 24.16944239883201462, 11.41735642877861778 ) ) ;
#3039 = DIRECTION ( 'NONE',  ( 0.000000000000000000, 0.000000000000000000, 1.000000000000000000 ) ) ;
#3040 = DIRECTION ( 'NONE',  ( 0.000000000000000000, 1.000000000000000000, 0.000000000000000000 ) ) ;
#3041 = CARTESIAN_POINT ( 'NONE',  ( 43.89390058237517422, 18.17530189050365763, 11.59067520723261246 ) ) ;
#3042 = CARTESIAN_POINT ( 'NONE',  ( 3.467932343692218033, 9.999999999999998224, 7.500000000000000888 ) ) ;
#3043 = ORIENTED_EDGE ( 'NONE', *, *, #7955, .T. ) ;
#3044 = DIRECTION ( 'NONE',  ( -0.5149888309844115053, 0.4321269381394394204, -0.7403058917066258626 ) ) ;
#3045 = EDGE_CURVE ( 'NONE', #5918, #5512, #5597, .T. ) ;
#3046 = CARTESIAN_POINT ( 'NONE',  ( 18.82063203007979624, -0.4302329000560557448, 7.179660676844644485 ) ) ;
#3047 = DIRECTION ( 'NONE',  ( -1.000000000000000000, -0.000000000000000000, -0.000000000000000000 ) ) ;
#3048 = CARTESIAN_POINT ( 'NONE',  ( 32.74143353297743886, 19.20480553196296825, 9.558351597048035941 ) ) ;
#3049 = CARTESIAN_POINT ( 'NONE',  ( 16.80780243044918620, -1.657221743747008258, 10.79379701381404999 ) ) ;
#3050 = DIRECTION ( 'NONE',  ( 0.000000000000000000, 0.000000000000000000, 1.000000000000000000 ) ) ;
#3051 = VECTOR ( 'NONE', #214, 1000.000000000000227 ) ;
#3052 = CARTESIAN_POINT ( 'NONE',  ( 51.93719114490451716, 18.19530031365521339, 10.23859393023964159 ) ) ;
#3053 = ORIENTED_EDGE ( 'NONE', *, *, #7769, .T. ) ;
#3054 = DIRECTION ( 'NONE',  ( -0.000000000000000000, 0.000000000000000000, -1.000000000000000000 ) ) ;
#3055 = VERTEX_POINT ( 'NONE', #1372 ) ;
#3056 = CARTESIAN_POINT ( 'NONE',  ( -1.032284702174481650, 24.17584901040675405, 11.82154364644706135 ) ) ;
#3057 = ORIENTED_EDGE ( 'NONE', *, *, #3137, .F. ) ;
#3058 = CARTESIAN_POINT ( 'NONE',  ( 16.18254579313375885, 1.214306433183764966E-14, 13.09549893459752212 ) ) ;
#3059 = DIRECTION ( 'NONE',  ( -6.280355868556601885E-17, 4.710295997565060091E-17, 1.000000000000000000 ) ) ;
#3060 = ORIENTED_EDGE ( 'NONE', *, *, #2895, .F. ) ;
#3061 = ORIENTED_EDGE ( 'NONE', *, *, #4842, .F. ) ;
#3062 = EDGE_CURVE ( 'NONE', #7796, #33, #2623, .T. ) ;
#3063 = ORIENTED_EDGE ( 'NONE', *, *, #3000, .F. ) ;
#3064 = CARTESIAN_POINT ( 'NONE',  ( -28.06256458244927998, 18.19113980308874190, -5.590280349210904554 ) ) ;
#3065 = EDGE_LOOP ( 'NONE', ( #3337, #2622, #5939, #218 ) ) ;
#3066 = DIRECTION ( 'NONE',  ( -0.6427876096865406952, -0.7660444431189769032, 0.000000000000000000 ) ) ;
#3067 = DIRECTION ( 'NONE',  ( 9.930073858567530350E-34, 1.418551935884519445E-34, 1.000000000000000000 ) ) ;
#3068 = CARTESIAN_POINT ( 'NONE',  ( -7.606860733319267709, 23.23664375479290101, 11.82154364644705957 ) ) ;
#3069 = CARTESIAN_POINT ( 'NONE',  ( 3.657790176609131638, 8.429186455747334605, 9.500000000000001776 ) ) ;
#3070 = EDGE_CURVE ( 'NONE', #2538, #2253, #3962, .T. ) ;
#3071 = ORIENTED_EDGE ( 'NONE', *, *, #7944, .F. ) ;
#3072 = DIRECTION ( 'NONE',  ( 0.000000000000000000, 0.000000000000000000, 1.000000000000000000 ) ) ;
#3073 = ORIENTED_EDGE ( 'NONE', *, *, #623, .F. ) ;
#3074 = CARTESIAN_POINT ( 'NONE',  ( 39.83735386529524902, 18.18968056057326521, 10.32499681875938613 ) ) ;
#3075 = CARTESIAN_POINT ( 'NONE',  ( 5.965091860868762197, 25.17545306280297979, 17.56057621929588564 ) ) ;
#3076 = CARTESIAN_POINT ( 'NONE',  ( 47.40483542659831784, 18.48586006325911413, 18.44853742007729380 ) ) ;
#3077 = DIRECTION ( 'NONE',  ( -0.6427876096865399180, -0.7660444431189776804, -2.470638806179243385E-15 ) ) ;
#3078 = CARTESIAN_POINT ( 'NONE',  ( 4.970318414639762317, 17.48682151368597459, -4.360787980758498605 ) ) ;
#3079 = FACE_OUTER_BOUND ( 'NONE', #8134, .T. ) ;
#3080 = DIRECTION ( 'NONE',  ( -0.8324328464100201330, -0.5541259389504444854, 0.000000000000000000 ) ) ;
#3081 = EDGE_CURVE ( 'NONE', #7518, #5432, #4647, .T. ) ;
#3082 = EDGE_CURVE ( 'NONE', #3055, #8014, #1753, .T. ) ;
#3083 = CARTESIAN_POINT ( 'NONE',  ( 38.30051488798554971, 3.588001709406294371, 28.10485017516100470 ) ) ;
#3084 = ORIENTED_EDGE ( 'NONE', *, *, #6444, .F. ) ;
#3085 = B_SPLINE_CURVE_WITH_KNOTS ( 'NONE', 3,
 ( #6636, #8012, #7883, #1333 ),
 .UNSPECIFIED., .F., .F.,
 ( 4, 4 ),
 ( 0.000000000000000000, 0.001768027047808820411 ),
 .UNSPECIFIED. ) ;
#3086 = CARTESIAN_POINT ( 'NONE',  ( 40.35691214037392882, 19.96819115591995342, 26.60159461592904506 ) ) ;
#3087 = CONICAL_SURFACE ( 'NONE', #4314, 1.750000000000008438, 0.6747409422235504106 ) ;
#3088 = DIRECTION ( 'NONE',  ( -1.000000000000000000, -0.000000000000000000, 0.000000000000000000 ) ) ;
#3089 = DIRECTION ( 'NONE',  ( 0.000000000000000000, 0.5024009905058386405, -0.8646347464327075460 ) ) ;
#3090 = CARTESIAN_POINT ( 'NONE',  ( -18.57278700767428248, 17.93546518049030425, 16.77218567418837836 ) ) ;
#3091 = CARTESIAN_POINT ( 'NONE',  ( -1.805458567846396356, 24.28906805379067180, 5.435154743349178474 ) ) ;
#3092 = CARTESIAN_POINT ( 'NONE',  ( -2.098576763403987133, 24.31939150415113104, 11.49337424722352097 ) ) ;
#3093 = CARTESIAN_POINT ( 'NONE',  ( 43.71975238086685778, 18.10675239056509511, 3.192660245063368318 ) ) ;
#3094 = VECTOR ( 'NONE', #7543, 1000.000000000000000 ) ;
#3095 = EDGE_CURVE ( 'NONE', #5887, #1669, #4692, .T. ) ;
#3096 = LINE ( 'NONE', #410, #4530 ) ;
#3097 = ORIENTED_EDGE ( 'NONE', *, *, #3561, .F. ) ;
#3098 = LINE ( 'NONE', #1757, #6539 ) ;
#3099 = EDGE_LOOP ( 'NONE', ( #6289, #5890, #2303, #208, #1201 ) ) ;
#3100 = AXIS2_PLACEMENT_3D ( 'NONE', #933, #6195, #286 ) ;
#3101 = CARTESIAN_POINT ( 'NONE',  ( 16.48669283677332231, -1.971117408356241718, 11.33836885642319459 ) ) ;
#3102 = EDGE_LOOP ( 'NONE', ( #3398, #7252, #1291, #216 ) ) ;
#3103 = FACE_OUTER_BOUND ( 'NONE', #8426, .T. ) ;
#3104 = CARTESIAN_POINT ( 'NONE',  ( 5.074901367908571714, 13.83224085954806881, 10.50000000000000000 ) ) ;
#3105 = ORIENTED_EDGE ( 'NONE', *, *, #6988, .T. ) ;
#3106 = EDGE_CURVE ( 'NONE', #661, #5172, #6024, .T. ) ;
#3107 = AXIS2_PLACEMENT_3D ( 'NONE', #3551, #2906, #1520 ) ;
#3108 = ORIENTED_EDGE ( 'NONE', *, *, #2042, .F. ) ;
#3109 = ORIENTED_EDGE ( 'NONE', *, *, #7887, .F. ) ;
#3110 = CARTESIAN_POINT ( 'NONE',  ( 26.61971420916217212, 7.091646153580795087, 6.500000000000000888 ) ) ;
#3111 = ORIENTED_EDGE ( 'NONE', *, *, #1943, .T. ) ;
#3112 = CARTESIAN_POINT ( 'NONE',  ( 30.41226074914688127, 9.859693848007646366, 9.896446609406723383 ) ) ;
#3113 = AXIS2_PLACEMENT_3D ( 'NONE', #6344, #429, #3072 ) ;
#3114 = FACE_OUTER_BOUND ( 'NONE', #3151, .T. ) ;
#3115 = CARTESIAN_POINT ( 'NONE',  ( 5.927294209427728333, 6.649477592886950283, 10.50000000000000178 ) ) ;
#3116 = AXIS2_PLACEMENT_3D ( 'NONE', #2141, #4120, #4198 ) ;
#3117 =( BOUNDED_CURVE ( )  B_SPLINE_CURVE ( 3, ( #7353, #5930, #2656, #629 ),
 .UNSPECIFIED., .F., .T. ) 
 B_SPLINE_CURVE_WITH_KNOTS ( ( 4, 4 ),
 ( 7.205308100438512666E-15, 1.570796326794903441 ),
 .UNSPECIFIED. ) 
 CURVE ( )  GEOMETRIC_REPRESENTATION_ITEM ( )  RATIONAL_B_SPLINE_CURVE ( ( 1.000000000000000000, 0.8047378541243650485, 0.8047378541243650485, 1.000000000000000000 ) ) 
 REPRESENTATION_ITEM ( '' )  );
#3118 = CIRCLE ( 'NONE', #7929, 1.853553390593266847 ) ;
#3119 = ORIENTED_EDGE ( 'NONE', *, *, #5601, .F. ) ;
#3120 = LINE ( 'NONE', #5647, #6128 ) ;
#3121 = ORIENTED_EDGE ( 'NONE', *, *, #6496, .F. ) ;
#3122 = DIRECTION ( 'NONE',  ( -1.000000000000000000, 0.000000000000000000, 0.000000000000000000 ) ) ;
#3123 = CARTESIAN_POINT ( 'NONE',  ( 4.230570933999176830, 24.92766960684004829, 17.34366771601379398 ) ) ;
#3124 = LINE ( 'NONE', #7042, #2974 ) ;
#3125 = PLANE ( 'NONE',  #1647 ) ;
#3126 = CARTESIAN_POINT ( 'NONE',  ( 18.23527549049098440, 25.00434348092623793, 17.00020556183143938 ) ) ;
#3127 = DIRECTION ( 'NONE',  ( 0.000000000000000000, 0.000000000000000000, 1.000000000000000000 ) ) ;
#3128 = AXIS2_PLACEMENT_3D ( 'NONE', #2169, #1875, #47 ) ;
#3129 = PLANE ( 'NONE',  #4704 ) ;
#3130 = CARTESIAN_POINT ( 'NONE',  ( 3.467932343692218033, 9.999999999999998224, 9.500000000000001776 ) ) ;
#3131 = ORIENTED_EDGE ( 'NONE', *, *, #4188, .F. ) ;
#3132 = CARTESIAN_POINT ( 'NONE',  ( 47.92663402908126358, 20.59412753462319401, 60.15862110962245879 ) ) ;
#3133 = CARTESIAN_POINT ( 'NONE',  ( 41.19410619644717997, 20.45141556901077706, 2.261623606860935887 ) ) ;
#3134 = DIRECTION ( 'NONE',  ( 0.7660444431189770143, -0.6427876096865408062, 0.000000000000000000 ) ) ;
#3135 = CARTESIAN_POINT ( 'NONE',  ( -7.323409961642274091, 23.57300256952704842, 6.213732533963026050 ) ) ;
#3136 = EDGE_CURVE ( 'NONE', #6422, #3200, #5375, .T. ) ;
#3137 = EDGE_CURVE ( 'NONE', #5413, #8481, #163, .T. ) ;
#3138 = CARTESIAN_POINT ( 'NONE',  ( 39.86590912649730001, 18.18983455631162371, 6.703558422779204662 ) ) ;
#3139 = CARTESIAN_POINT ( 'NONE',  ( 17.03022231995242564, -1.447572143895840213, 10.72883865309033169 ) ) ;
#3140 = DIRECTION ( 'NONE',  ( 0.000000000000000000, 0.000000000000000000, 1.000000000000000000 ) ) ;
#3141 = VECTOR ( 'NONE', #762, 1000.000000000000000 ) ;
#3142 = CARTESIAN_POINT ( 'NONE',  ( 3.503950752020005499, 9.200083933735029973, 7.500000000000001776 ) ) ;
#3143 = ORIENTED_EDGE ( 'NONE', *, *, #6120, .T. ) ;
#3144 = CARTESIAN_POINT ( 'NONE',  ( -3.188199142275465636, 24.62548184358089998, 8.500000000000000000 ) ) ;
#3145 = ORIENTED_EDGE ( 'NONE', *, *, #7248, .F. ) ;
#3146 = DIRECTION ( 'NONE',  ( 1.000000000000000000, 0.000000000000000000, 0.000000000000000000 ) ) ;
#3147 = VERTEX_POINT ( 'NONE', #3611 ) ;
#3148 = ADVANCED_FACE ( 'NONE', ( #6790 ), #4940, .T. ) ;
#3149 = CARTESIAN_POINT ( 'NONE',  ( 33.09219519722909553, 19.66896672278674885, 9.765860867137105217 ) ) ;
#3150 = DIRECTION ( 'NONE',  ( -1.000000000000000000, 8.163404592832036924E-16, 0.000000000000000000 ) ) ;
#3151 = EDGE_LOOP ( 'NONE', ( #4989, #922, #3878, #1989 ) ) ;
#3152 = VECTOR ( 'NONE', #6055, 1000.000000000000114 ) ;
#3153 = VECTOR ( 'NONE', #3201, 1000.000000000000000 ) ;
#3154 = VECTOR ( 'NONE', #5017, 1000.000000000000000 ) ;
#3155 = ORIENTED_EDGE ( 'NONE', *, *, #5600, .F. ) ;
#3156 = CIRCLE ( 'NONE', #664, 20.14644660940673049 ) ;
#3157 = VERTEX_POINT ( 'NONE', #8250 ) ;
#3158 = AXIS2_PLACEMENT_3D ( 'NONE', #3645, #3685, #8244 ) ;
#3159 = DIRECTION ( 'NONE',  ( -0.000000000000000000, 0.000000000000000000, 1.000000000000000000 ) ) ;
#3160 = ORIENTED_EDGE ( 'NONE', *, *, #5723, .T. ) ;
#3161 = CARTESIAN_POINT ( 'NONE',  ( -1.585970576876341465, 24.28211907070324926, 11.53813980487015733 ) ) ;
#3162 = ADVANCED_FACE ( 'NONE', ( #2321 ), #318, .F. ) ;
#3163 = CARTESIAN_POINT ( 'NONE',  ( 5.079269078855883635, 6.053237172479166261, 0.000000000000000000 ) ) ;
#3164 = CARTESIAN_POINT ( 'NONE',  ( -2.057156266878089390, 24.02944188767534328, 12.20048102841007065 ) ) ;
#3165 = ORIENTED_EDGE ( 'NONE', *, *, #137, .T. ) ;
#3166 = DIRECTION ( 'NONE',  ( 0.000000000000000000, 0.000000000000000000, 1.000000000000000000 ) ) ;
#3167 = EDGE_LOOP ( 'NONE', ( #7058, #2637, #1867 ) ) ;
#3168 = CARTESIAN_POINT ( 'NONE',  ( -1.032284702174481650, 24.17584901040675405, 11.82154364644706135 ) ) ;
#3169 = CARTESIAN_POINT ( 'NONE',  ( 19.76677259285689203, 1.015152412929229309, 6.584355140771888770 ) ) ;
#3170 = CARTESIAN_POINT ( 'NONE',  ( 43.33750808644019514, 21.11060185564241820, 8.500000000000000000 ) ) ;
#3171 = DIRECTION ( 'NONE',  ( -0.6427876096865403621, -0.7660444431189771253, 0.000000000000000000 ) ) ;
#3172 = FACE_OUTER_BOUND ( 'NONE', #373, .T. ) ;
#3173 = CARTESIAN_POINT ( 'NONE',  ( 3.792064526508403421, 24.86502716106337374, 16.14841056455816215 ) ) ;
#3174 = B_SPLINE_CURVE_WITH_KNOTS ( 'NONE', 3,
 ( #8428, #3740, #3052, #5119, #5161, #7612, #6322, #2363, #3014, #1892, #4520, #2445, #1847, #7144, #1803, #1238 ),
 .UNSPECIFIED., .F., .F.,
 ( 4, 2, 2, 2, 2, 2, 2, 4 ),
 ( 0.002736295002900359340, 0.003078036497893826568, 0.003419777992887294230, 0.003761519487880761459, 0.004103260982874229121, 0.004445002477867696783, 0.004786743972861163578, 0.005470226962848101504 ),
 .UNSPECIFIED. ) ;
#3175 = CARTESIAN_POINT ( 'NONE',  ( 1.768233119953291244, 18.19113980308874190, 9.709562246976421562 ) ) ;
#3176 = EDGE_LOOP ( 'NONE', ( #2315, #5670, #547, #8347 ) ) ;
#3177 = CARTESIAN_POINT ( 'NONE',  ( 1.897318340913355161, 18.19113980307486500, 7.203090613293326783 ) ) ;
#3178 = CARTESIAN_POINT ( 'NONE',  ( 35.64005297390885829, 20.09856402680668808, 1.806856197855221779 ) ) ;
#3179 = CARTESIAN_POINT ( 'NONE',  ( 20.81110904849341026, 0.8947688121474501877, 7.249980442307254691 ) ) ;
#3180 = CARTESIAN_POINT ( 'NONE',  ( -6.073057236233268874, 17.70256591947347502, 19.43339206217350323 ) ) ;
#3181 = CARTESIAN_POINT ( 'NONE',  ( 4.667851322542441395, 8.589162862251891184, 6.500000000000000888 ) ) ;
#3182 = LINE ( 'NONE', #5839, #1486 ) ;
#3183 = DIRECTION ( 'NONE',  ( 0.6427876096865404731, 0.7660444431189770143, -0.000000000000000000 ) ) ;
#3184 = EDGE_CURVE ( 'NONE', #1637, #8142, #1008, .T. ) ;
#3185 = DIRECTION ( 'NONE',  ( 0.1584825665006271977, 0.5257976280181182460, -0.8357153405830810566 ) ) ;
#3186 = VERTEX_POINT ( 'NONE', #3009 ) ;
#3187 = CARTESIAN_POINT ( 'NONE',  ( 39.52586350529009707, 16.70816958244430595, 9.896446609406726935 ) ) ;
#3188 = VERTEX_POINT ( 'NONE', #3651 ) ;
#3189 = CARTESIAN_POINT ( 'NONE',  ( 39.58570021431161479, 18.18854554773242782, 6.500000000000182077 ) ) ;
#3190 = ORIENTED_EDGE ( 'NONE', *, *, #6028, .F. ) ;
#3191 = CARTESIAN_POINT ( 'NONE',  ( 4.074901368506290922, 22.88512733511038277, 16.14841056455815504 ) ) ;
#3192 = DIRECTION ( 'NONE',  ( 0.000000000000000000, 0.000000000000000000, 1.000000000000000000 ) ) ;
#3193 = ORIENTED_EDGE ( 'NONE', *, *, #6967, .T. ) ;
#3194 = VECTOR ( 'NONE', #3755, 1000.000000000000000 ) ;
#3195 = EDGE_CURVE ( 'NONE', #7518, #7665, #1650, .T. ) ;
#3196 = EDGE_CURVE ( 'NONE', #3365, #4392, #5499, .T. ) ;
#3197 = EDGE_CURVE ( 'NONE', #6226, #1241, #6837, .T. ) ;
#3198 = EDGE_LOOP ( 'NONE', ( #6842, #3873, #4005, #4498, #3646 ) ) ;
#3199 = CONICAL_SURFACE ( 'NONE', #2914, 1.249999999999987121, 0.7853981633974548293 ) ;
#3200 = VERTEX_POINT ( 'NONE', #6148 ) ;
#3201 = DIRECTION ( 'NONE',  ( -2.040851148208008245E-16, 0.000000000000000000, -1.000000000000000000 ) ) ;
#3202 = ORIENTED_EDGE ( 'NONE', *, *, #501, .F. ) ;
#3203 = CARTESIAN_POINT ( 'NONE',  ( 40.88714256079069287, 20.62475254714998840, 8.499979711634978230 ) ) ;
#3204 = CARTESIAN_POINT ( 'NONE',  ( 41.39493856415493411, 18.17027851805893590, 5.196403677982005753 ) ) ;
#3205 = CARTESIAN_POINT ( 'NONE',  ( 3.722969601189913824, 17.39568461285458056, 21.61507736157379611 ) ) ;
#3206 = ADVANCED_FACE ( 'NONE', ( #6279 ), #4897, .T. ) ;
#3207 = ORIENTED_EDGE ( 'NONE', *, *, #6258, .T. ) ;
#3208 = CARTESIAN_POINT ( 'NONE',  ( 19.37575553063724954, 0.08144903503081442342, 7.096190783481674202 ) ) ;
#3209 = EDGE_LOOP ( 'NONE', ( #1770, #8130, #4207, #4601 ) ) ;
#3210 = CARTESIAN_POINT ( 'NONE',  ( 39.52586350529009707, 16.70816958244430595, 9.896446609406725159 ) ) ;
#3211 = DIRECTION ( 'NONE',  ( 0.6427876096865403621, 0.7660444431189771253, -0.000000000000000000 ) ) ;
#3212 = CARTESIAN_POINT ( 'NONE',  ( 52.16712193127420960, 18.61110936274822691, 10.25000000000000888 ) ) ;
#3213 = CARTESIAN_POINT ( 'NONE',  ( 20.59348650137740577, 1.911139019901630709, 10.50001173461567561 ) ) ;
#3214 = FACE_OUTER_BOUND ( 'NONE', #567, .T. ) ;
#3215 = LINE ( 'NONE', #2644, #217 ) ;
#3216 = ORIENTED_EDGE ( 'NONE', *, *, #3547, .F. ) ;
#3217 = CARTESIAN_POINT ( 'NONE',  ( 41.46806881799867739, 19.54286102719845530, 52.16728700348640047 ) ) ;
#3218 = CARTESIAN_POINT ( 'NONE',  ( 86.10117280021606234, -79.68479775699100287, 9.603378468198377149 ) ) ;
#3219 = CARTESIAN_POINT ( 'NONE',  ( 19.06648606968383675, -0.2732335172620938835, 7.213178825263831584 ) ) ;
#3220 = CARTESIAN_POINT ( 'NONE',  ( 22.01653361753182736, 1.697184315131277765, 9.542893218813446765 ) ) ;
#3221 =( BOUNDED_SURFACE ( )  B_SPLINE_SURFACE ( 2, 3, ( 
 ( #2790, #5407, #26, #7906, #622, #8512, #2614, #5449, #1485, #918, #4887, #2957, #1566, #8118, #2144, #7558 ),
 ( #1609, #7471, #5490, #6782, #4162, #4804, #4202, #6828, #191, #2999, #5569, #8203, #2231, #6870, #2312, #3557 ),
 ( #4849, #6181, #2190, #4930, #272, #6223, #3601, #2912, #5528, #4762, #4243, #999, #4285, #7434, #231, #358 ) ),
 .UNSPECIFIED., .F., .F., .T. ) 
 B_SPLINE_SURFACE_WITH_KNOTS ( ( 3, 3 ),
 ( 4, 2, 2, 2, 2, 2, 2, 4 ),
 ( 0.000000000000000000, 1.000000000000000000 ),
 ( 0.000000000000000000, 0.02568575604388961819, 0.05137151208777923639, 0.06421439010972404549, 0.07705726813166885458, 0.08990014615361366368, 0.09632158516458606823, 0.1027430241755584728 ),
 .UNSPECIFIED. ) 
 GEOMETRIC_REPRESENTATION_ITEM ( )  RATIONAL_B_SPLINE_SURFACE ( (
 ( 1.000000000000000000, 1.000000000000000000, 1.000000000000000000, 1.000000000000000000, 1.000000000000000000, 1.000000000000000000, 1.000000000000000000, 1.000000000000000000, 1.000000000000000000, 1.000000000000000000, 1.000000000000000000, 1.000000000000000000, 1.000000000000000000, 1.000000000000000000, 1.000000000000000000, 1.000000000000000000),
 ( 0.9819781187170270043, 0.9836262394902020034, 0.9851729559509990741, 0.9880658143499757573, 0.9894119890640690196, 0.9912818058412564692, 0.9918801613994083777, 0.9930270109960404046, 0.9935755100279470842, 0.9946223865071186498, 0.9951206767881518589, 0.9958289464107843436, 0.9960585400314794224, 0.9965045193422445990, 0.9967209047315660486, 0.9969305204651853769),
 ( 1.000000000000000000, 1.000000000000000000, 1.000000000000000000, 1.000000000000000000, 1.000000000000000000, 1.000000000000000000, 1.000000000000000000, 1.000000000000000000, 1.000000000000000000, 1.000000000000000000, 1.000000000000000000, 1.000000000000000000, 1.000000000000000000, 1.000000000000000000, 1.000000000000000000, 1.000000000000000000) ) ) 
 REPRESENTATION_ITEM ( '' )  SURFACE ( )  );
#3222 = CARTESIAN_POINT ( 'NONE',  ( 39.80879731312482761, 18.18997571433710192, 6.646446609406730488 ) ) ;
#3223 = CARTESIAN_POINT ( 'NONE',  ( 16.53171576436017887, -1.917461172655493762, 11.00000000000000178 ) ) ;
#3224 = CARTESIAN_POINT ( 'NONE',  ( 16.06644172404391213, 11.06284411194225292, 1.000000000000000888 ) ) ;
#3225 = VECTOR ( 'NONE', #8138, 1000.000000000000000 ) ;
#3226 = CARTESIAN_POINT ( 'NONE',  ( -0.2699076278439912491, 0.2605786254456552986, 17.00000000000000000 ) ) ;
#3227 = VERTEX_POINT ( 'NONE', #5625 ) ;
#3228 = LINE ( 'NONE', #3785, #4066 ) ;
#3229 = VERTEX_POINT ( 'NONE', #4294 ) ;
#3230 = CARTESIAN_POINT ( 'NONE',  ( 5.047797587760372906, 9.288119313090346552, 10.50000000000000000 ) ) ;
#3231 = ORIENTED_EDGE ( 'NONE', *, *, #4971, .T. ) ;
#3232 = CARTESIAN_POINT ( 'NONE',  ( -26.40456643708022355, 19.57004064862751136, 2.752209047489498239 ) ) ;
#3233 = DIRECTION ( 'NONE',  ( 0.000000000000000000, 0.000000000000000000, -1.000000000000000000 ) ) ;
#3234 = VERTEX_POINT ( 'NONE', #1704 ) ;
#3235 = ORIENTED_EDGE ( 'NONE', *, *, #1440, .T. ) ;
#3236 = ORIENTED_EDGE ( 'NONE', *, *, #1385, .T. ) ;
#3237 = CARTESIAN_POINT ( 'NONE',  ( 13.00000000000000000, 14.00554976279612873, 17.00000000000000000 ) ) ;
#3238 = ORIENTED_EDGE ( 'NONE', *, *, #652, .F. ) ;
#3239 = CARTESIAN_POINT ( 'NONE',  ( 39.52390306145890975, 20.42320921187925009, 8.499999997892986769 ) ) ;
#3240 = CARTESIAN_POINT ( 'NONE',  ( 41.79258072810218749, 18.19080407725829929, 6.937644044157208256 ) ) ;
#3241 = ADVANCED_FACE ( 'NONE', ( #7478 ), #1577, .T. ) ;
#3242 = EDGE_CURVE ( 'NONE', #3460, #3227, #4977, .T. ) ;
#3243 = AXIS2_PLACEMENT_3D ( 'NONE', #1152, #587, #7104 ) ;
#3244 = CARTESIAN_POINT ( 'NONE',  ( 47.40483542659831784, 6.731691887883567205, -9.622136175432402183 ) ) ;
#3245 = ORIENTED_EDGE ( 'NONE', *, *, #541, .F. ) ;
#3246 = TOROIDAL_SURFACE ( 'NONE', #213, 1.499999999999994005, 0.5000000000000000000 ) ;
#3247 = ORIENTED_EDGE ( 'NONE', *, *, #6921, .T. ) ;
#3248 = DIRECTION ( 'NONE',  ( 0.5671072145501000472, -0.4758594545669649345, -0.6722701738917602476 ) ) ;
#3249 = CARTESIAN_POINT ( 'NONE',  ( 5.386955036386313012, 25.09286383705738999, -0.4879711823309475505 ) ) ;
#3250 = CIRCLE ( 'NONE', #2704, 1.000000000000001332 ) ;
#3251 = EDGE_CURVE ( 'NONE', #7625, #4392, #7607, .T. ) ;
#3252 = CARTESIAN_POINT ( 'NONE',  ( 6.074901368506302468, 21.58931443349258217, 16.90134926390884473 ) ) ;
#3253 = CARTESIAN_POINT ( 'NONE',  ( 19.96693245951591678, 1.320552830990093574, 10.50000391153855972 ) ) ;
#3254 = DIRECTION ( 'NONE',  ( -0.1414184209989445273, 0.9899499129764927075, -5.551115123125781470E-17 ) ) ;
#3255 = VECTOR ( 'NONE', #5123, 1000.000000000000000 ) ;
#3256 = DIRECTION ( 'NONE',  ( -1.000000000000000000, 0.000000000000000000, 1.084202172485504434E-16 ) ) ;
#3257 = ORIENTED_EDGE ( 'NONE', *, *, #1014, .T. ) ;
#3258 = LINE ( 'NONE', #6010, #4749 ) ;
#3259 = CARTESIAN_POINT ( 'NONE',  ( 4.114130157769927187, 7.302144996027885249, 7.500000000000000888 ) ) ;
#3260 = CARTESIAN_POINT ( 'NONE',  ( 18.13409706106371999, -0.8917200104589597665, 7.074653168875594034 ) ) ;
#3261 = CARTESIAN_POINT ( 'NONE',  ( 33.40483542659831784, 18.19113980308874190, 9.500000000000001776 ) ) ;
#3262 = ADVANCED_FACE ( 'NONE', ( #6751 ), #3269, .F. ) ;
#3263 = DIRECTION ( 'NONE',  ( 0.000000000000000000, -0.6622670053323818085, 0.7492679184698081141 ) ) ;
#3264 = CARTESIAN_POINT ( 'NONE',  ( 17.84297640483253744, -0.6814742968043783211, 10.59264871657202001 ) ) ;
#3265 = CARTESIAN_POINT ( 'NONE',  ( 43.01095474467521740, 18.19089442589003980, 6.976564615256291901 ) ) ;
#3266 = FACE_OUTER_BOUND ( 'NONE', #8161, .T. ) ;
#3267 = ORIENTED_EDGE ( 'NONE', *, *, #1659, .F. ) ;
#3268 = CARTESIAN_POINT ( 'NONE',  ( 17.57045966987866237, -1.262435684861991092, 7.048758257880300526 ) ) ;
#3269 =( BOUNDED_SURFACE ( )  B_SPLINE_SURFACE ( 3, 2, ( 
 ( #6104, #201, #7522 ),
 ( #5459, #2203, #4816 ),
 ( #1620, #6881, #5199 ),
 ( #6963, #6319, #7741 ) ),
 .UNSPECIFIED., .F., .F., .F. ) 
 B_SPLINE_SURFACE_WITH_KNOTS ( ( 4, 4 ),
 ( 3, 3 ),
 ( 5.759586531581280866, 6.283185307179586232 ),
 ( 0.000000000000000000, 1.000000000000000000 ),
 .UNSPECIFIED. ) 
 GEOMETRIC_REPRESENTATION_ITEM ( )  RATIONAL_B_SPLINE_SURFACE ( (
 ( 1.000000000000000000, 0.9238795325112854062, 1.000000000000000000),
 ( 1.000000000000000000, 0.9431762688450388010, 1.000000000000000000),
 ( 1.000000000000000000, 0.9530363760089642922, 1.000000000000000000),
 ( 1.000000000000000000, 0.9530206138714216735, 1.000000000000000000) ) ) 
 REPRESENTATION_ITEM ( '' )  SURFACE ( )  );
#3270 = EDGE_LOOP ( 'NONE', ( #1216, #2413, #5216, #3019, #597 ) ) ;
#3271 = CARTESIAN_POINT ( 'NONE',  ( 16.53257109136271552, -1.916441833627380964, 11.03599968244697571 ) ) ;
#3272 = ORIENTED_EDGE ( 'NONE', *, *, #2298, .F. ) ;
#3273 = CARTESIAN_POINT ( 'NONE',  ( 8.255950988253053069, 9.999999999999998224, 0.000000000000000000 ) ) ;
#3274 = CARTESIAN_POINT ( 'NONE',  ( -7.981989761608822675, 23.18305502857939615, 5.785440239532487539 ) ) ;
#3275 = ORIENTED_EDGE ( 'NONE', *, *, #3654, .T. ) ;
#3276 = VECTOR ( 'NONE', #1191, 1000.000000000000114 ) ;
#3277 = ORIENTED_EDGE ( 'NONE', *, *, #324, .T. ) ;
#3278 = ORIENTED_EDGE ( 'NONE', *, *, #8395, .F. ) ;
#3279 = DIRECTION ( 'NONE',  ( -0.9095037383516637597, -0.4156957420089220645, 0.000000000000000000 ) ) ;
#3280 = DIRECTION ( 'NONE',  ( 0.000000000000000000, 0.000000000000000000, 1.000000000000000000 ) ) ;
#3281 = ORIENTED_EDGE ( 'NONE', *, *, #4089, .T. ) ;
#3282 = CARTESIAN_POINT ( 'NONE',  ( 6.074901368446460559, 18.01474142455878180, 0.7292288699801089402 ) ) ;
#3283 = AXIS2_PLACEMENT_3D ( 'NONE', #5309, #609, #5827 ) ;
#3284 = AXIS2_PLACEMENT_3D ( 'NONE', #6407, #5159, #5067 ) ;
#3285 = CARTESIAN_POINT ( 'NONE',  ( 30.50023780723907407, 9.742618459235409034, 7.457106781186561228 ) ) ;
#3286 = CARTESIAN_POINT ( 'NONE',  ( 20.25265618491629738, 1.589862748477696153, 10.50000000000000355 ) ) ;
#3287 = VECTOR ( 'NONE', #6229, 1000.000000000000000 ) ;
#3288 = CYLINDRICAL_SURFACE ( 'NONE', #6074, 0.5000000000000004441 ) ;
#3289 = VECTOR ( 'NONE', #4153, 1000.000000000000000 ) ;
#3290 = ORIENTED_EDGE ( 'NONE', *, *, #2716, .F. ) ;
#3291 = AXIS2_PLACEMENT_3D ( 'NONE', #3083, #3730, #2392 ) ;
#3292 = ADVANCED_FACE ( 'NONE', ( #1843 ), #5623, .F. ) ;
#3293 = EDGE_CURVE ( 'NONE', #7796, #4496, #7711, .T. ) ;
#3294 = EDGE_LOOP ( 'NONE', ( #3071, #8064, #7280, #5170, #4870, #7037 ) ) ;
#3295 = DIRECTION ( 'NONE',  ( 0.1414184209989443053, -0.9899499129764927075, 0.000000000000000000 ) ) ;
#3296 = CARTESIAN_POINT ( 'NONE',  ( 5.097875309203814709, 25.05156760779865266, -0.4517592342400426619 ) ) ;
#3297 = CARTESIAN_POINT ( 'NONE',  ( 5.647969447575403201, 17.56818995137939510, -3.675195328168518571 ) ) ;
#3298 = CARTESIAN_POINT ( 'NONE',  ( 16.49356649695874211, -1.979291636867091420, 10.67162442957302204 ) ) ;
#3299 = CARTESIAN_POINT ( 'NONE',  ( 46.95698046219976618, 21.27250084865836399, 8.500000000000000000 ) ) ;
#3300 = EDGE_CURVE ( 'NONE', #1116, #1241, #1235, .T. ) ;
#3301 = EDGE_CURVE ( 'NONE', #2210, #53, #5022, .T. ) ;
#3302 = DIRECTION ( 'NONE',  ( -0.4898998853091098837, -0.6531958121733408840, -0.5773502691896232886 ) ) ;
#3303 = EDGE_CURVE ( 'NONE', #1023, #8418, #1540, .T. ) ;
#3304 = ORIENTED_EDGE ( 'NONE', *, *, #2873, .T. ) ;
#3305 = CARTESIAN_POINT ( 'NONE',  ( 13.30700288725297931, -0.8506512315716902028, 14.20595777215746125 ) ) ;
#3306 = CARTESIAN_POINT ( 'NONE',  ( 3.501537245895951500, 9.218888006091864540, 7.500000000000000888 ) ) ;
#3307 = CYLINDRICAL_SURFACE ( 'NONE', #5031, 100.0000000000000142 ) ;
#3308 = CARTESIAN_POINT ( 'NONE',  ( 16.06644172404391213, 11.06284411194225292, 0.000000000000000000 ) ) ;
#3309 = CARTESIAN_POINT ( 'NONE',  ( -17.91251996877103281, 17.92519746521870161, 0.08889169226639756505 ) ) ;
#3310 = CARTESIAN_POINT ( 'NONE',  ( 20.06630492020251921, 0.3989747205240840033, 9.674876721824876569 ) ) ;
#3311 = CARTESIAN_POINT ( 'NONE',  ( 41.39377972218697010, 18.19113980308874545, 11.61683995179817330 ) ) ;
#3312 = AXIS2_PLACEMENT_3D ( 'NONE', #133, #3490, #7291 ) ;
#3313 = EDGE_CURVE ( 'NONE', #5506, #7885, #4370, .T. ) ;
#3314 = DIRECTION ( 'NONE',  ( -3.321695084007204281E-12, 1.000000000000000000, 0.000000000000000000 ) ) ;
#3315 = ORIENTED_EDGE ( 'NONE', *, *, #4078, .T. ) ;
#3316 = CARTESIAN_POINT ( 'NONE',  ( 18.80657797957658062, -0.4395882660351143612, 7.361295418925061895 ) ) ;
#3317 = ORIENTED_EDGE ( 'NONE', *, *, #7579, .T. ) ;
#3318 = CARTESIAN_POINT ( 'NONE',  ( 30.41226074914688127, 9.859693848007637484, 7.103553390593288164 ) ) ;
#3319 = VERTEX_POINT ( 'NONE', #4515 ) ;
#3320 = CARTESIAN_POINT ( 'NONE',  ( 39.03886351727654613, 17.35624436654326175, 10.50000000000000000 ) ) ;
#3321 = DIRECTION ( 'NONE',  ( -1.000000000000000000, 0.000000000000000000, 0.000000000000000000 ) ) ;
#3322 = ORIENTED_EDGE ( 'NONE', *, *, #4681, .T. ) ;
#3323 = EDGE_CURVE ( 'NONE', #6038, #7240, #2487, .T. ) ;
#3324 = ORIENTED_EDGE ( 'NONE', *, *, #3496, .F. ) ;
#3325 = VERTEX_POINT ( 'NONE', #2527 ) ;
#3326 = DIRECTION ( 'NONE',  ( -0.6945643812950940132, -0.7194305527541650092, -0.000000000000000000 ) ) ;
#3327 = CARTESIAN_POINT ( 'NONE',  ( 3.467932343692218922, 16.19113980308874190, 7.500000000000000888 ) ) ;
#3328 = VERTEX_POINT ( 'NONE', #3048 ) ;
#3329 = CARTESIAN_POINT ( 'NONE',  ( 44.01750267280096551, 17.60161021156724814, 20.37939903029793598 ) ) ;
#3330 = AXIS2_PLACEMENT_3D ( 'NONE', #2301, #8109, #4751 ) ;
#3331 = DIRECTION ( 'NONE',  ( 0.7994407603325167644, 0.6007449298320939324, 0.000000000000000000 ) ) ;
#3332 = DIRECTION ( 'NONE',  ( 0.1502325963552085253, 0.000000000000000000, 0.9886506799635416121 ) ) ;
#3333 = CARTESIAN_POINT ( 'NONE',  ( 42.05258341931266841, 18.19113980308873835, 7.164761411608989938 ) ) ;
#3334 = DIRECTION ( 'NONE',  ( -0.9871205706931482915, 0.1353134461481086959, -0.08534196040610014800 ) ) ;
#3335 = AXIS2_PLACEMENT_3D ( 'NONE', #2232, #1526, #3001 ) ;
#3336 = VERTEX_POINT ( 'NONE', #6452 ) ;
#3337 = ORIENTED_EDGE ( 'NONE', *, *, #1657, .T. ) ;
#3338 = CYLINDRICAL_SURFACE ( 'NONE', #77, 2.000000000000000000 ) ;
#3339 = CARTESIAN_POINT ( 'NONE',  ( -27.87863107424267284, 20.34073789643792907, 13.50347665755799476 ) ) ;
#3340 = CARTESIAN_POINT ( 'NONE',  ( -6.935540462608992485, 24.09015870700696027, 6.377946096336122750 ) ) ;
#3341 = CARTESIAN_POINT ( 'NONE',  ( 17.18240557450094030, -1.520751825187408590, 10.21457994742604392 ) ) ;
#3342 = CARTESIAN_POINT ( 'NONE',  ( 43.50937674341655281, 18.09498609296686666, 14.07715808114509848 ) ) ;
#3343 = B_SPLINE_CURVE_WITH_KNOTS ( 'NONE', 3,
 ( #7879, #5934, #1497, #6670, #4132, #763 ),
 .UNSPECIFIED., .F., .F.,
 ( 4, 2, 4 ),
 ( 0.000000000000000000, 0.01532804954315013235, 0.03065609908630026470 ),
 .UNSPECIFIED. ) ;
#3344 = LINE ( 'NONE', #19, #2421 ) ;
#3345 = LINE ( 'NONE', #5919, #5165 ) ;
#3346 = DIRECTION ( 'NONE',  ( -0.7194305527541651202, -0.6945643812950939022, 0.000000000000000000 ) ) ;
#3347 = DIRECTION ( 'NONE',  ( 0.000000000000000000, -0.5446390350150224213, -0.8386705679454269369 ) ) ;
#3348 = CARTESIAN_POINT ( 'NONE',  ( -16.99903707223352001, 18.19028614067553917, 6.799294076693160882 ) ) ;
#3349 = CARTESIAN_POINT ( 'NONE',  ( 41.79258072810218039, 18.19080407725829573, 10.06235595584279530 ) ) ;
#3350 = CARTESIAN_POINT ( 'NONE',  ( 19.16042027343227971, 0.5603420316747165231, 10.50615966645096044 ) ) ;
#3351 = EDGE_CURVE ( 'NONE', #4509, #6586, #4217, .T. ) ;
#3352 = DIRECTION ( 'NONE',  ( 1.000000000000000000, 0.000000000000000000, 0.000000000000000000 ) ) ;
#3353 = EDGE_CURVE ( 'NONE', #1267, #2151, #7392, .T. ) ;
#3354 = DIRECTION ( 'NONE',  ( 0.9899499129764927075, 0.1414184209989447216, -8.422632293792920086E-16 ) ) ;
#3355 = ORIENTED_EDGE ( 'NONE', *, *, #7412, .F. ) ;
#3356 = CARTESIAN_POINT ( 'NONE',  ( 5.197837949214180853, 6.215126939683798035, 6.918701416239744439 ) ) ;
#3357 = ORIENTED_EDGE ( 'NONE', *, *, #6409, .F. ) ;
#3358 = FACE_OUTER_BOUND ( 'NONE', #4022, .T. ) ;
#3359 = ORIENTED_EDGE ( 'NONE', *, *, #4811, .T. ) ;
#3360 = DIRECTION ( 'NONE',  ( -0.5541259389504447075, 0.8324328464100201330, 0.000000000000000000 ) ) ;
#3361 = CARTESIAN_POINT ( 'NONE',  ( 33.40483542659833205, 20.40496528942541943, 1.618758820789091279 ) ) ;
#3362 = ORIENTED_EDGE ( 'NONE', *, *, #1492, .T. ) ;
#3363 = EDGE_CURVE ( 'NONE', #6635, #4262, #5057, .T. ) ;
#3364 = VECTOR ( 'NONE', #4075, 1000.000000000000000 ) ;
#3365 = VERTEX_POINT ( 'NONE', #5966 ) ;
#3366 = CARTESIAN_POINT ( 'NONE',  ( -0.2699076278439912491, 0.2605786254456552986, 1.000000000000000888 ) ) ;
#3367 = ORIENTED_EDGE ( 'NONE', *, *, #1501, .T. ) ;
#3368 = DIRECTION ( 'NONE',  ( -0.000000000000000000, -0.000000000000000000, 1.000000000000000000 ) ) ;
#3369 = FACE_OUTER_BOUND ( 'NONE', #8220, .T. ) ;
#3370 = ORIENTED_EDGE ( 'NONE', *, *, #5821, .F. ) ;
#3371 = DIRECTION ( 'NONE',  ( 0.6427876096865411393, 0.7660444431189764591, 0.000000000000000000 ) ) ;
#3372 = VECTOR ( 'NONE', #6070, 1000.000000000000000 ) ;
#3373 = CARTESIAN_POINT ( 'NONE',  ( 1.467932343692218700, 16.19113980308874190, 9.500000000000001776 ) ) ;
#3374 = CARTESIAN_POINT ( 'NONE',  ( 16.46245746477759297, -2.000000000000000888, 0.000000000000000000 ) ) ;
#3375 = VECTOR ( 'NONE', #1415, 1000.000000000000114 ) ;
#3376 = CARTESIAN_POINT ( 'NONE',  ( -26.40456643708022000, 19.57004064862750425, 14.24779095251050798 ) ) ;
#3377 = ORIENTED_EDGE ( 'NONE', *, *, #4582, .F. ) ;
#3378 = ORIENTED_EDGE ( 'NONE', *, *, #6587, .T. ) ;
#3379 = CARTESIAN_POINT ( 'NONE',  ( 53.48490742860852265, 18.19737744864890772, 9.657144503007664582 ) ) ;
#3380 = VECTOR ( 'NONE', #8286, 1000.000000000000000 ) ;
#3381 = CARTESIAN_POINT ( 'NONE',  ( -16.30570697075634357, 21.99397775393212484, 14.86995151696679685 ) ) ;
#3382 = CARTESIAN_POINT ( 'NONE',  ( 39.80879731312482761, 18.18997571433710192, 10.35355339059326774 ) ) ;
#3383 = CARTESIAN_POINT ( 'NONE',  ( 16.37050300572437322, -2.061211365196954581, 10.92610357652493391 ) ) ;
#3384 = VECTOR ( 'NONE', #6866, 1000.000000000000000 ) ;
#3385 = CARTESIAN_POINT ( 'NONE',  ( 48.90483542659832494, 20.11110936274824113, 12.00000000000000000 ) ) ;
#3386 = CIRCLE ( 'NONE', #5442, 20.00000000000000000 ) ;
#3387 = CARTESIAN_POINT ( 'NONE',  ( 35.64005297390797011, 20.09856402680680532, -2.482049788205972884 ) ) ;
#3388 = CARTESIAN_POINT ( 'NONE',  ( 4.835792639454721709, 6.319016355689416997, 7.500000000000000888 ) ) ;
#3389 = DIRECTION ( 'NONE',  ( -0.9095037383516637597, -0.4156957420089222865, 0.000000000000000000 ) ) ;
#3390 = CARTESIAN_POINT ( 'NONE',  ( 5.280162357808649176, 9.148185919534606469, 16.00000000000000000 ) ) ;
#3391 = AXIS2_PLACEMENT_3D ( 'NONE', #6477, #6675, #8450 ) ;
#3392 = CARTESIAN_POINT ( 'NONE',  ( 6.074901368506302468, 18.16731108417225116, 13.38934543834037605 ) ) ;
#3393 = CARTESIAN_POINT ( 'NONE',  ( 18.78049299698224672, 0.2022368743136852276, 10.51988724650144924 ) ) ;
#3394 = LINE ( 'NONE', #7393, #571 ) ;
#3395 = AXIS2_PLACEMENT_3D ( 'NONE', #6327, #414, #7616 ) ;
#3396 = ADVANCED_FACE ( 'NONE', ( #4555 ), #5366, .T. ) ;
#3397 = DIRECTION ( 'NONE',  ( -1.000000000000000000, -3.469446951953614189E-15, 0.000000000000000000 ) ) ;
#3398 = ORIENTED_EDGE ( 'NONE', *, *, #3629, .T. ) ;
#3399 = EDGE_CURVE ( 'NONE', #33, #3365, #2044, .T. ) ;
#3401 = EDGE_LOOP ( 'NONE', ( #8493, #3539 ) ) ;
#3400 = EDGE_CURVE ( 'NONE', #7859, #3926, #5605, .T. ) ;
#3402 = PRODUCT_DEFINITION ( 'UNKNOWN', '', #332, #2707 ) ;
#3403 = DIRECTION ( 'NONE',  ( -0.7660444431189762371, 0.6427876096865414723, 0.000000000000000000 ) ) ;
#3404 = EDGE_LOOP ( 'NONE', ( #5099, #6325 ) ) ;
#3405 = DIRECTION ( 'NONE',  ( 1.000000000000000000, 0.000000000000000000, 0.000000000000000000 ) ) ;
#3406 = DIRECTION ( 'NONE',  ( 0.000000000000000000, 1.000000000000000000, 0.000000000000000000 ) ) ;
#3407 = ORIENTED_EDGE ( 'NONE', *, *, #5987, .T. ) ;
#3408 = DIRECTION ( 'NONE',  ( -0.6945643812950940132, -0.7194305527541650092, 0.000000000000000000 ) ) ;
#3409 = EDGE_CURVE ( 'NONE', #6905, #7713, #3997, .T. ) ;
#3410 = CARTESIAN_POINT ( 'NONE',  ( -2.198574687877033806, 25.01939180065183521, 12.20048102841007243 ) ) ;
#3411 = DIRECTION ( 'NONE',  ( 0.08231402710526196376, -0.01128351997175020861, -0.9965425646297109141 ) ) ;
#3412 = ORIENTED_EDGE ( 'NONE', *, *, #652, .T. ) ;
#3413 = CARTESIAN_POINT ( 'NONE',  ( 6.472731468739773675, 9.999999999999996447, 16.63397459621556251 ) ) ;
#3414 = CARTESIAN_POINT ( 'NONE',  ( 13.25235231370524147, 25.28882219081254235, 9.500000000000001776 ) ) ;
#3415 = CARTESIAN_POINT ( 'NONE',  ( 50.41712193127420250, 18.19113980308875611, 8.500000000000000000 ) ) ;
#3416 = VERTEX_POINT ( 'NONE', #6532 ) ;
#3417 = AXIS2_PLACEMENT_3D ( 'NONE', #7218, #66, #1273 ) ;
#3418 = CARTESIAN_POINT ( 'NONE',  ( 44.01750267280102236, 18.57129807319575221, -2.749676369924923591 ) ) ;
#3419 = B_SPLINE_CURVE_WITH_KNOTS ( 'NONE', 3,
 ( #6220, #7509, #6052, #5566, #2228, #307, #4846, #150 ),
 .UNSPECIFIED., .F., .F.,
 ( 4, 2, 2, 4 ),
 ( 0.000000000000000000, 0.0003633272327095499665, 0.0007266544654190999330, 0.001453308930838194662 ),
 .UNSPECIFIED. ) ;
#3420 = ORIENTED_EDGE ( 'NONE', *, *, #910, .T. ) ;
#3421 = ADVANCED_FACE ( 'NONE', ( #5406 ), #7345, .T. ) ;
#3422 = VECTOR ( 'NONE', #5955, 999.9999999999998863 ) ;
#3423 = ORIENTED_EDGE ( 'NONE', *, *, #2685, .F. ) ;
#3424 = CARTESIAN_POINT ( 'NONE',  ( 16.43929779825062454, -1.999999999999999556, 6.008190158340448228 ) ) ;
#3425 = CARTESIAN_POINT ( 'NONE',  ( -6.498077637449074295, 15.61895218964773413, 20.55736909161429082 ) ) ;
#3426 = DIRECTION ( 'NONE',  ( -0.9899499129764927075, -0.1414184209989443053, 7.486784261149235264E-17 ) ) ;
#3427 = CARTESIAN_POINT ( 'NONE',  ( -26.06256458244927998, 18.57986623873933851, 4.455907779493372800 ) ) ;
#3428 = CIRCLE ( 'NONE', #2053, 0.4999999999999985567 ) ;
#3429 = AXIS2_PLACEMENT_3D ( 'NONE', #684, #3411, #5293 ) ;
#3430 = EDGE_CURVE ( 'NONE', #6038, #7444, #6439, .T. ) ;
#3431 = CARTESIAN_POINT ( 'NONE',  ( -26.40456226702666953, 18.03224297094032380, 15.14154586952466985 ) ) ;
#3432 = PLANE ( 'NONE',  #620 ) ;
#3433 = CARTESIAN_POINT ( 'NONE',  ( 5.575592878247054962, 6.992788324589684024, 6.500000000000000888 ) ) ;
#3434 = DIRECTION ( 'NONE',  ( 0.000000000000000000, 0.000000000000000000, -1.000000000000000000 ) ) ;
#3435 = CARTESIAN_POINT ( 'NONE',  ( 13.41644172404391355, 11.06284411194225292, 1.000000000000000000 ) ) ;
#3436 = CARTESIAN_POINT ( 'NONE',  ( -18.36918797718451302, 17.93231294111018670, 0.1849867580343084739 ) ) ;
#3437 = DIRECTION ( 'NONE',  ( 0.000000000000000000, 0.000000000000000000, -1.000000000000000000 ) ) ;
#3438 = CARTESIAN_POINT ( 'NONE',  ( 0.000000000000000000, 9.999999999999998224, 16.00000000000000000 ) ) ;
#3439 = CARTESIAN_POINT ( 'NONE',  ( 5.977434298817991376, -8.979569981904298004, 7.250000000000013323 ) ) ;
#3440 = ORIENTED_EDGE ( 'NONE', *, *, #7657, .F. ) ;
#3441 = DIRECTION ( 'NONE',  ( -0.000000000000000000, -1.000000000000000000, -0.000000000000000000 ) ) ;
#3442 = VERTEX_POINT ( 'NONE', #5318 ) ;
#3443 = CARTESIAN_POINT ( 'NONE',  ( 16.53171148685851577, -1.917466270383472171, 11.00469265108683992 ) ) ;
#3444 = ORIENTED_EDGE ( 'NONE', *, *, #3769, .F. ) ;
#3445 = SPHERICAL_SURFACE ( 'NONE', #2728, 1.000000000000000000 ) ;
#3446 = CARTESIAN_POINT ( 'NONE',  ( -7.207285924192674109, 23.29372466144997134, 5.224314757125567255 ) ) ;
#3447 = EDGE_CURVE ( 'NONE', #3925, #7315, #1245, .T. ) ;
#3448 = EDGE_LOOP ( 'NONE', ( #6333, #5792, #8254, #3929 ) ) ;
#3449 = CARTESIAN_POINT ( 'NONE',  ( -27.77578324220414174, 18.09650837192513961, 14.04771962100918792 ) ) ;
#3450 = CARTESIAN_POINT ( 'NONE',  ( -0.2699076278439912491, 0.2605786254456552986, -0.2649197642569309230 ) ) ;
#3451 = DIRECTION ( 'NONE',  ( 1.000000000000000000, 0.000000000000000000, 0.000000000000000000 ) ) ;
#3452 = VERTEX_POINT ( 'NONE', #6015 ) ;
#3453 = CARTESIAN_POINT ( 'NONE',  ( 16.53171576436017887, -1.917461172655493762, 11.00000000000000178 ) ) ;
#3454 = DIRECTION ( 'NONE',  ( 0.000000000000000000, 0.8386705679454271589, 0.5446390350150223103 ) ) ;
#3455 = CARTESIAN_POINT ( 'NONE',  ( 32.74143353297743886, 19.20480553196296825, 6.500000000000000888 ) ) ;
#3456 = EDGE_LOOP ( 'NONE', ( #160, #4830, #92, #2125, #7021 ) ) ;
#3457 = DIRECTION ( 'NONE',  ( 0.6007449298320932662, -0.7994407603325173195, 0.000000000000000000 ) ) ;
#3458 = EDGE_CURVE ( 'NONE', #4097, #335, #717, .T. ) ;
#3459 = EDGE_CURVE ( 'NONE', #1669, #7518, #3642, .T. ) ;
#3460 = VERTEX_POINT ( 'NONE', #4122 ) ;
#3461 = ORIENTED_EDGE ( 'NONE', *, *, #2403, .F. ) ;
#3462 = ORIENTED_EDGE ( 'NONE', *, *, #1882, .T. ) ;
#3463 = CARTESIAN_POINT ( 'NONE',  ( 53.04721246467830298, 18.19646944113684128, 10.02968490764968124 ) ) ;
#3464 = CYLINDRICAL_SURFACE ( 'NONE', #5692, 4.249999999999998224 ) ;
#3465 = CARTESIAN_POINT ( 'NONE',  ( 6.074901368506302468, 18.99768536292868504, -1.407221039494993997 ) ) ;
#3466 = CARTESIAN_POINT ( 'NONE',  ( 16.53262371246102092, -1.916379122244427968, 5.961292547083322901 ) ) ;
#3467 = AXIS2_PLACEMENT_3D ( 'NONE', #2223, #3426, #2903 ) ;
#3468 = EDGE_CURVE ( 'NONE', #1379, #7458, #4161, .T. ) ;
#3469 = CARTESIAN_POINT ( 'NONE',  ( 39.86590912649730001, 18.18983455631162371, 10.29644157722079711 ) ) ;
#3470 = CARTESIAN_POINT ( 'NONE',  ( 29.92526076113333033, 10.50776863210660217, 10.00000000000000000 ) ) ;
#3471 = DIRECTION ( 'NONE',  ( 0.000000000000000000, 0.8646347464330960131, -0.5024009905051700642 ) ) ;
#3472 = CARTESIAN_POINT ( 'NONE',  ( -21.32139594941235217, 21.27746593218687821, 3.864505597643108636 ) ) ;
#3473 = CARTESIAN_POINT ( 'NONE',  ( -1.408791498243894047, 17.59456068527796901, -3.445542624990694414 ) ) ;
#3474 = DIRECTION ( 'NONE',  ( 9.930073858567528640E-34, 1.418551935884519445E-34, 1.000000000000000000 ) ) ;
#3475 = EDGE_CURVE ( 'NONE', #2855, #289, #7718, .T. ) ;
#3476 = CARTESIAN_POINT ( 'NONE',  ( 0.000000000000000000, 9.999999999999998224, 17.00000000000000000 ) ) ;
#3477 = CARTESIAN_POINT ( 'NONE',  ( 0.000000000000000000, -2.000000000000000000, 17.00000000000000000 ) ) ;
#3478 = VERTEX_POINT ( 'NONE', #4886 ) ;
#3479 = LINE ( 'NONE', #3005, #2000 ) ;
#3480 = CARTESIAN_POINT ( 'NONE',  ( 17.62909180761567995, -0.8830752738979293914, 6.380693866306674344 ) ) ;
#3481 = CARTESIAN_POINT ( 'NONE',  ( 0.000000000000000000, 9.999999999999998224, 1.000000000000000000 ) ) ;
#3482 = CARTESIAN_POINT ( 'NONE',  ( 6.074901368506302468, 22.88512733511037567, 0.8515894354418338530 ) ) ;
#3483 = ORIENTED_EDGE ( 'NONE', *, *, #6671, .F. ) ;
#3484 = CARTESIAN_POINT ( 'NONE',  ( 38.80328156419760433, 19.66495198972226532, 20.12555188363510084 ) ) ;
#3485 = VERTEX_POINT ( 'NONE', #2998 ) ;
#3486 = CARTESIAN_POINT ( 'NONE',  ( 3.728306296039347156, 27.19824188526684949, 5.000000000000000888 ) ) ;
#3487 = ORIENTED_EDGE ( 'NONE', *, *, #7249, .T. ) ;
#3488 = DIRECTION ( 'NONE',  ( 0.7660444431189739056, -0.6427876096865442479, 0.000000000000000000 ) ) ;
#3489 = CARTESIAN_POINT ( 'NONE',  ( 40.14209022140575200, 18.19095845798817024, 6.979739517687649553 ) ) ;
#3490 = DIRECTION ( 'NONE',  ( 0.5149888309844112833, -0.4321269381394393649, 0.7403058917066260847 ) ) ;
#3491 = ORIENTED_EDGE ( 'NONE', *, *, #5993, .T. ) ;
#3492 = CARTESIAN_POINT ( 'NONE',  ( 38.41235070371810423, 18.18997571433710192, 6.646446609406729600 ) ) ;
#3493 = ORIENTED_EDGE ( 'NONE', *, *, #2242, .T. ) ;
#3494 = VECTOR ( 'NONE', #2672, 999.9999999999998863 ) ;
#3495 = ORIENTED_EDGE ( 'NONE', *, *, #5183, .T. ) ;
#3496 = EDGE_CURVE ( 'NONE', #5857, #1281, #514, .T. ) ;
#3497 = ORIENTED_EDGE ( 'NONE', *, *, #4029, .T. ) ;
#3498 = CYLINDRICAL_SURFACE ( 'NONE', #8316, 0.4999999999999996114 ) ;
#3499 = EDGE_CURVE ( 'NONE', #3147, #6758, #7514, .T. ) ;
#3500 = ADVANCED_FACE ( 'NONE', ( #6742 ), #7405, .T. ) ;
#3501 = FACE_OUTER_BOUND ( 'NONE', #5291, .T. ) ;
#3502 = B_SPLINE_CURVE_WITH_KNOTS ( 'NONE', 3,
 ( #5033, #4482, #7798, #2581, #7109, #3149, #5673, #5209, #2453, #1898 ),
 .UNSPECIFIED., .F., .F.,
 ( 4, 2, 2, 2, 4 ),
 ( 0.000000000000000000, 0.0003701847397162225388, 0.0007403694794324450776, 0.001110554219148667671, 0.001480738958864890155 ),
 .UNSPECIFIED. ) ;
#3503 = LINE ( 'NONE', #6126, #2910 ) ;
#3504 = CARTESIAN_POINT ( 'NONE',  ( 16.53171171165739750, -1.917466002478595000, 6.000000000000000000 ) ) ;
#3505 = AXIS2_PLACEMENT_3D ( 'NONE', #6778, #268, #2907 ) ;
#3506 = AXIS2_PLACEMENT_3D ( 'NONE', #5076, #4560, #6625 ) ;
#3507 = DIRECTION ( 'NONE',  ( 0.000000000000000000, 0.000000000000000000, -1.000000000000000000 ) ) ;
#3508 = DIRECTION ( 'NONE',  ( -0.000000000000000000, -0.000000000000000000, -1.000000000000000000 ) ) ;
#3509 = EDGE_CURVE ( 'NONE', #6077, #1530, #958, .T. ) ;
#3510 = DIRECTION ( 'NONE',  ( 0.000000000000000000, -2.777029529349945354E-16, -1.000000000000000000 ) ) ;
#3511 = CARTESIAN_POINT ( 'NONE',  ( 7.492541914251463098, 7.291779049699288251, 2.794042227842539194 ) ) ;
#3512 = FACE_OUTER_BOUND ( 'NONE', #7675, .T. ) ;
#3513 = CARTESIAN_POINT ( 'NONE',  ( 3.077526822055606015, 18.18919387909602392, 10.42434878741761928 ) ) ;
#3514 = PLANE ( 'NONE',  #6308 ) ;
#3515 = CARTESIAN_POINT ( 'NONE',  ( 4.760878997294996751, 7.171152609699422698, 10.34600511888781504 ) ) ;
#3516 = AXIS2_PLACEMENT_3D ( 'NONE', #1480, #6738, #826 ) ;
#3517 = B_SPLINE_CURVE_WITH_KNOTS ( 'NONE', 3,
 ( #4455, #8277, #3639, #8239, #2348, #4964 ),
 .UNSPECIFIED., .F., .F.,
 ( 4, 2, 4 ),
 ( 0.000000000000000000, 0.0007164789392952215655, 0.001432957878590443131 ),
 .UNSPECIFIED. ) ;
#3518 = CARTESIAN_POINT ( 'NONE',  ( 1.467932343692218700, 18.19113980308874190, 7.500000000000000888 ) ) ;
#3519 = ORIENTED_EDGE ( 'NONE', *, *, #492, .T. ) ;
#3520 = CARTESIAN_POINT ( 'NONE',  ( 5.391624560436410363, 5.791139803088745097, 9.499999999999998224 ) ) ;
#3521 = EDGE_CURVE ( 'NONE', #6560, #6786, #2189, .T. ) ;
#3522 = CONICAL_SURFACE ( 'NONE', #6552, 1.750000000000008438, 0.6747409422235504106 ) ;
#3523 = CARTESIAN_POINT ( 'NONE',  ( 19.05152997806545656, 0.4576998121345108306, 6.490613589003447537 ) ) ;
#3524 = DIRECTION ( 'NONE',  ( 0.7994407603325167644, 0.6007449298320939324, 0.000000000000000000 ) ) ;
#3525 = DIRECTION ( 'NONE',  ( -0.000000000000000000, 1.000000000000000000, 0.000000000000000000 ) ) ;
#3526 = FACE_OUTER_BOUND ( 'NONE', #5638, .T. ) ;
#3527 = AXIS2_PLACEMENT_3D ( 'NONE', #6722, #811, #3454 ) ;
#3528 = ORIENTED_EDGE ( 'NONE', *, *, #8337, .F. ) ;
#3529 = ORIENTED_EDGE ( 'NONE', *, *, #4765, .F. ) ;
#3530 = PLANE ( 'NONE',  #1356 ) ;
#3531 = VERTEX_POINT ( 'NONE', #4201 ) ;
#3532 = FACE_OUTER_BOUND ( 'NONE', #4001, .T. ) ;
#3533 = CARTESIAN_POINT ( 'NONE',  ( 16.71400899550108576, -1.813557253829971572, 10.53876539228283349 ) ) ;
#3534 = CARTESIAN_POINT ( 'NONE',  ( 8.255950988253053069, 9.999999999999998224, 0.000000000000000000 ) ) ;
#3535 = ORIENTED_EDGE ( 'NONE', *, *, #74, .F. ) ;
#3536 = AXIS2_PLACEMENT_3D ( 'NONE', #2888, #6197, #8174 ) ;
#3537 = B_SPLINE_CURVE_WITH_KNOTS ( 'NONE', 3,
 ( #4985, #4218, #7529, #2284, #8258, #845 ),
 .UNSPECIFIED., .F., .F.,
 ( 4, 2, 4 ),
 ( 0.000000000000000000, 0.0001949555156377941201, 0.0003899110312755882401 ),
 .UNSPECIFIED. ) ;
#3538 = DIRECTION ( 'NONE',  ( 1.000000000000000000, 0.000000000000000000, 0.000000000000000000 ) ) ;
#3539 = ORIENTED_EDGE ( 'NONE', *, *, #1339, .T. ) ;
#3540 = ORIENTED_EDGE ( 'NONE', *, *, #4452, .F. ) ;
#3541 = ORIENTED_EDGE ( 'NONE', *, *, #6349, .T. ) ;
#3542 = LINE ( 'NONE', #5433, #4070 ) ;
#3543 =( BOUNDED_CURVE ( )  B_SPLINE_CURVE ( 3, ( #5275, #6701, #2015, #7268 ),
 .UNSPECIFIED., .F., .F. ) 
 B_SPLINE_CURVE_WITH_KNOTS ( ( 4, 4 ),
 ( 3.041143552515444881, 3.094440732562593777 ),
 .UNSPECIFIED. ) 
 CURVE ( )  GEOMETRIC_REPRESENTATION_ITEM ( )  RATIONAL_B_SPLINE_CURVE ( ( 1.000000000000000000, 0.9997632982248441103, 0.9997632982248441103, 1.000000000000000000 ) ) 
 REPRESENTATION_ITEM ( '' )  );
#3544 = CARTESIAN_POINT ( 'NONE',  ( 4.598210314119720366, 8.817875855685215924, 10.50000000000000000 ) ) ;
#3545 = CARTESIAN_POINT ( 'NONE',  ( 18.23527549049098440, 25.00434348092623793, 2.000000000000000000 ) ) ;
#3546 = LINE ( 'NONE', #6211, #7967 ) ;
#3547 = EDGE_CURVE ( 'NONE', #4733, #6635, #4284, .T. ) ;
#3548 = VECTOR ( 'NONE', #36, 1000.000000000000000 ) ;
#3549 = EDGE_CURVE ( 'NONE', #5327, #3789, #5657, .T. ) ;
#3550 = CARTESIAN_POINT ( 'NONE',  ( 33.23486917283828035, 27.91729010518405474, 2.500000000000000444 ) ) ;
#3551 = CARTESIAN_POINT ( 'NONE',  ( -1.173703123173425844, 25.16579892338324953, 11.82154364644706135 ) ) ;
#3552 = CARTESIAN_POINT ( 'NONE',  ( -0.000000000000000000, 18.19113980308874190, 7.500000000000000888 ) ) ;
#3553 = CARTESIAN_POINT ( 'NONE',  ( 23.00000000000000000, 5.013277889658526831, 10.50000000000000000 ) ) ;
#3554 = CARTESIAN_POINT ( 'NONE',  ( 25.79255497991287527, 5.878045690858527905, 6.646446609406726935 ) ) ;
#3555 = AXIS2_PLACEMENT_3D ( 'NONE', #7279, #1373, #5376 ) ;
#3556 = CARTESIAN_POINT ( 'NONE',  ( 42.51513640388095183, -6.246196747414927586, 6.500000000000000888 ) ) ;
#3557 = CARTESIAN_POINT ( 'NONE',  ( 38.69818167021853839, 20.41769496194935485, 24.32577137161030834 ) ) ;
#3558 =( GEOMETRIC_REPRESENTATION_CONTEXT ( 3 ) GLOBAL_UNCERTAINTY_ASSIGNED_CONTEXT ( ( #2794 ) ) GLOBAL_UNIT_ASSIGNED_CONTEXT ( ( #7989, #2005, #3989 ) ) REPRESENTATION_CONTEXT ( 'NONE', 'WORKASPACE' ) );
#3559 = CARTESIAN_POINT ( 'NONE',  ( 33.40483542659831784, 20.40496528942541232, 20.05429286038922143 ) ) ;
#3560 = AXIS2_PLACEMENT_3D ( 'NONE', #5837, #8464, #2571 ) ;
#3561 = EDGE_CURVE ( 'NONE', #7625, #4227, #7731, .T. ) ;
#3562 = EDGE_CURVE ( 'NONE', #7453, #8308, #6793, .T. ) ;
#3563 = EDGE_CURVE ( 'NONE', #4652, #4909, #572, .T. ) ;
#3564 = AXIS2_PLACEMENT_3D ( 'NONE', #1504, #6285, #372 ) ;
#3565 = CARTESIAN_POINT ( 'NONE',  ( 1.624361481267330154, 18.19113980308874190, 7.389388449097585188 ) ) ;
#3566 = ORIENTED_EDGE ( 'NONE', *, *, #7499, .F. ) ;
#3567 = AXIS2_PLACEMENT_3D ( 'NONE', #6017, #3354, #7270 ) ;
#3568 = CARTESIAN_POINT ( 'NONE',  ( 5.561839844605152017, -8.355245347096772690, 10.50000000000000000 ) ) ;
#3569 = CARTESIAN_POINT ( 'NONE',  ( 17.46464265235877988, -1.038089785099518769, 6.356521206546664082 ) ) ;
#3570 = CARTESIAN_POINT ( 'NONE',  ( 16.46245746477759297, -2.000000000000000888, 11.43413193807526262 ) ) ;
#3571 = CARTESIAN_POINT ( 'NONE',  ( 40.41235070371810423, 0.000000000000000000, 7.457106781186554123 ) ) ;
#3572 = DIRECTION ( 'NONE',  ( -0.000000000000000000, 1.000000000000000000, -0.000000000000000000 ) ) ;
#3573 = EDGE_CURVE ( 'NONE', #1331, #8296, #5787, .T. ) ;
#3574 = EDGE_CURVE ( 'NONE', #3893, #798, #1065, .T. ) ;
#3575 = VERTEX_POINT ( 'NONE', #6309 ) ;
#3576 = CARTESIAN_POINT ( 'NONE',  ( 5.074901367908572603, 9.320420340454845132, 17.00000000000000000 ) ) ;
#3577 = ORIENTED_EDGE ( 'NONE', *, *, #4608, .T. ) ;
#3578 = CARTESIAN_POINT ( 'NONE',  ( -1.611336735163671152, 1.352072060178245883, 6.500000000000000888 ) ) ;
#3579 = EDGE_LOOP ( 'NONE', ( #4548, #1906, #6643, #7583, #3109 ) ) ;
#3580 = CARTESIAN_POINT ( 'NONE',  ( 22.00113461188209740, -77.08536014839516781, 9.796909386706674994 ) ) ;
#3581 = CARTESIAN_POINT ( 'NONE',  ( 20.09349191057511419, 0.4170722963614373335, 9.750158676467075125 ) ) ;
#3582 = DIRECTION ( 'NONE',  ( 1.000000000000000000, 0.000000000000000000, 0.000000000000000000 ) ) ;
#3583 = ORIENTED_EDGE ( 'NONE', *, *, #74, .T. ) ;
#3584 = ORIENTED_EDGE ( 'NONE', *, *, #5279, .F. ) ;
#3585 = VERTEX_POINT ( 'NONE', #2518 ) ;
#3586 = VERTEX_POINT ( 'NONE', #4325 ) ;
#3587 = CARTESIAN_POINT ( 'NONE',  ( 4.467932343692218922, 9.999999999999998224, 7.500000000000000888 ) ) ;
#3588 = CARTESIAN_POINT ( 'NONE',  ( -37.13770990021072294, 19.01804036365452433, 4.583279361055494050 ) ) ;
#3589 = CARTESIAN_POINT ( 'NONE',  ( -26.40455886408846453, 18.04142508849550097, 15.13618763367214548 ) ) ;
#3590 = LINE ( 'NONE', #7462, #3844 ) ;
#3591 = VERTEX_POINT ( 'NONE', #3812 ) ;
#3592 =( BOUNDED_SURFACE ( )  B_SPLINE_SURFACE ( 3, 2, ( 
 ( #8270, #388, #424 ),
 ( #2377, #4358, #6986 ),
 ( #1078, #2729, #4665 ),
 ( #6601, #5345, #2592 ),
 ( #731, #647, #5947 ),
 ( #689, #5998, #3376 ) ),
 .UNSPECIFIED., .F., .F., .F. ) 
 B_SPLINE_SURFACE_WITH_KNOTS ( ( 4, 2, 4 ),
 ( 3, 3 ),
 ( 0.02106269161950684657, 0.03639082051988209304, 0.05171894942025734299 ),
 ( 0.000000000000000000, 1.000000000000000000 ),
 .UNSPECIFIED. ) 
 GEOMETRIC_REPRESENTATION_ITEM ( )  RATIONAL_B_SPLINE_SURFACE ( (
 ( 1.000000000000000000, 0.8701955005709135493, 1.000000000000000000),
 ( 1.000000000000000000, 0.8701670548139434080, 1.000000000000000000),
 ( 1.000000000000000000, 0.8701606939301483878, 1.000000000000000000),
 ( 1.000000000000000000, 0.8701483967482234183, 1.000000000000000000),
 ( 1.000000000000000000, 0.8701450268150995315, 1.000000000000000000),
 ( 1.000000000000000000, 0.8701420046694904320, 1.000000000000000000) ) ) 
 REPRESENTATION_ITEM ( '' )  SURFACE ( )  );
#3593 = CARTESIAN_POINT ( 'NONE',  ( -7.323409961642274091, 23.57300256952705197, 10.78626746603696596 ) ) ;
#3594 = ORIENTED_EDGE ( 'NONE', *, *, #2291, .T. ) ;
#3595 = CARTESIAN_POINT ( 'NONE',  ( -7.105076386163624136, 23.49369208197939685, 11.53813980487015378 ) ) ;
#3596 = DIRECTION ( 'NONE',  ( 0.000000000000000000, 1.000000000000000000, -2.777029529349945354E-16 ) ) ;
#3597 = CYLINDRICAL_SURFACE ( 'NONE', #898, 2.000000000000000000 ) ;
#3598 = DIRECTION ( 'NONE',  ( 0.000000000000000000, -1.000000000000000000, 0.000000000000000000 ) ) ;
#3599 = VECTOR ( 'NONE', #814, 1000.000000000000114 ) ;
#3600 = CARTESIAN_POINT ( 'NONE',  ( -0.1975196388856112761, 17.56393228260956008, -3.711253261704729578 ) ) ;
#3601 = CARTESIAN_POINT ( 'NONE',  ( 35.64005297390797011, 20.09856402683650956, -18.67491941981950276 ) ) ;
#3602 = CARTESIAN_POINT ( 'NONE',  ( 5.391624560436410363, 5.791139803088745097, 0.5950714406245914967 ) ) ;
#3603 = AXIS2_PLACEMENT_3D ( 'NONE', #1695, #3644, #6184 ) ;
#3604 = DIRECTION ( 'NONE',  ( 0.6427876096865403621, 0.7660444431189771253, 0.000000000000000000 ) ) ;
#3605 = EDGE_LOOP ( 'NONE', ( #7937, #735, #6516, #7631 ) ) ;
#3606 = DIRECTION ( 'NONE',  ( 9.930073858567526929E-34, 1.418551935884518590E-34, 1.000000000000000000 ) ) ;
#3607 = CARTESIAN_POINT ( 'NONE',  ( 4.074901368506335331, 22.88512733511037922, 0.8515894354418356293 ) ) ;
#3608 = CARTESIAN_POINT ( 'NONE',  ( 3.503933891223036667, 9.200271722909198147, 9.499999999999998224 ) ) ;
#3609 = ADVANCED_FACE ( 'NONE', ( #6436 ), #7066, .T. ) ;
#3610 = ADVANCED_FACE ( 'NONE', ( #7045 ), #528, .F. ) ;
#3611 = CARTESIAN_POINT ( 'NONE',  ( 47.40483542659832494, 21.21110936274823899, 14.23397434154498242 ) ) ;
#3612 = CARTESIAN_POINT ( 'NONE',  ( 19.37584120085010397, 0.08170811314125787927, 9.907217859955030903 ) ) ;
#3613 = APPLICATION_CONTEXT ( 'automotive_design' ) ;
#3614 = ORIENTED_EDGE ( 'NONE', *, *, #5096, .F. ) ;
#3615 = CARTESIAN_POINT ( 'NONE',  ( 40.52539124531738679, 18.97932967279833960, 20.26861205314524383 ) ) ;
#3616 = ORIENTED_EDGE ( 'NONE', *, *, #3399, .T. ) ;
#3617 = CARTESIAN_POINT ( 'NONE',  ( 61.54749996892420683, 5.174982415549195913, 24.22501380014638528 ) ) ;
#3618 = EDGE_LOOP ( 'NONE', ( #6894, #2655, #8439, #2335 ) ) ;
#3619 = CARTESIAN_POINT ( 'NONE',  ( -6.723407589614602387, 24.37300079050080726, 12.20048102841007065 ) ) ;
#3620 = EDGE_CURVE ( 'NONE', #5855, #5765, #284, .T. ) ;
#3621 = CARTESIAN_POINT ( 'NONE',  ( 17.80780557963594291, -1.104441528735770728, 9.878759747921447953 ) ) ;
#3622 = CYLINDRICAL_SURFACE ( 'NONE', #1601, 10.00000000000000178 ) ;
#3623 = ORIENTED_EDGE ( 'NONE', *, *, #1407, .F. ) ;
#3624 = VERTEX_POINT ( 'NONE', #399 ) ;
#3625 = ORIENTED_EDGE ( 'NONE', *, *, #29, .T. ) ;
#3626 = B_SPLINE_CURVE_WITH_KNOTS ( 'NONE', 3,
 ( #2102, #2747, #6490, #579, #1926, #2061, #4551, #7178, #788, #8200, #8156, #4239 ),
 .UNSPECIFIED., .F., .F.,
 ( 4, 2, 2, 2, 2, 4 ),
 ( 0.000000000000000000, 8.259759574222871002E-05, 0.0001651951914844574200, 0.0003303903829689204237, 0.0006607807659378395464, 0.001321561531875670853 ),
 .UNSPECIFIED. ) ;
#3627 = ORIENTED_EDGE ( 'NONE', *, *, #6095, .T. ) ;
#3628 = CARTESIAN_POINT ( 'NONE',  ( 17.82359209676417322, -1.027253180639486674, 6.897700748125147996 ) ) ;
#3629 = EDGE_CURVE ( 'NONE', #986, #5294, #943, .T. ) ;
#3630 = CARTESIAN_POINT ( 'NONE',  ( -27.31831371303652389, 12.64327510197302473, -1.089608586316598737 ) ) ;
#3631 = DIRECTION ( 'NONE',  ( 0.9855777770139453331, -0.1351019616186307226, 0.1019014495630356093 ) ) ;
#3632 = CARTESIAN_POINT ( 'NONE',  ( 3.467932343692218033, 9.999999999999998224, 9.500000000000001776 ) ) ;
#3633 = ORIENTED_EDGE ( 'NONE', *, *, #1615, .T. ) ;
#3634 = PLANE ( 'NONE',  #6818 ) ;
#3635 = VERTEX_POINT ( 'NONE', #7685 ) ;
#3636 = DIRECTION ( 'NONE',  ( -0.000000000000000000, -0.000000000000000000, 1.000000000000000000 ) ) ;
#3637 = EDGE_CURVE ( 'NONE', #1409, #1580, #5953, .T. ) ;
#3638 = CARTESIAN_POINT ( 'NONE',  ( -28.02698747702423887, 18.12663163433822078, 3.688968454064033509 ) ) ;
#3639 = CARTESIAN_POINT ( 'NONE',  ( 4.547942978104844158, 9.052355260147415095, 6.500000000000001776 ) ) ;
#3640 = FACE_OUTER_BOUND ( 'NONE', #8400, .T. ) ;
#3641 = AXIS2_PLACEMENT_3D ( 'NONE', #42, #7845, #4011 ) ;
#3642 = LINE ( 'NONE', #7470, #2317 ) ;
#3643 = CARTESIAN_POINT ( 'NONE',  ( 27.85244768616373179, 8.575461000274561485, -11.39160835204330269 ) ) ;
#3644 = DIRECTION ( 'NONE',  ( -0.000000000000000000, -0.000000000000000000, -1.000000000000000000 ) ) ;
#3645 = CARTESIAN_POINT ( 'NONE',  ( -0.2699076278439912491, 0.2605786254456552986, 17.26491976425693053 ) ) ;
#3646 = ORIENTED_EDGE ( 'NONE', *, *, #6658, .F. ) ;
#3647 = DIRECTION ( 'NONE',  ( -0.7994407603325167644, -0.6007449298320939324, 0.000000000000000000 ) ) ;
#3648 = CARTESIAN_POINT ( 'NONE',  ( 19.08423746536480436, 0.4885301551400197950, 6.491619116401781575 ) ) ;
#3649 = PLANE ( 'NONE',  #6302 ) ;
#3650 = VECTOR ( 'NONE', #6704, 1000.000000000000114 ) ;
#3651 = CARTESIAN_POINT ( 'NONE',  ( -28.06256458244927998, 18.14387903043152050, 4.202515937837594251 ) ) ;
#3652 = CARTESIAN_POINT ( 'NONE',  ( 86.10117280021606234, 7.681334932469229712E-16, 14.23397434154497709 ) ) ;
#3653 = EDGE_CURVE ( 'NONE', #335, #4173, #1434, .T. ) ;
#3654 = EDGE_CURVE ( 'NONE', #6634, #599, #4544, .T. ) ;
#3655 = VECTOR ( 'NONE', #4065, 1000.000000000000114 ) ;
#3656 = ORIENTED_EDGE ( 'NONE', *, *, #5402, .T. ) ;
#3657 = CARTESIAN_POINT ( 'NONE',  ( 47.40483542659831784, 18.19113980308874190, 7.203090613293320565 ) ) ;
#3658 = ORIENTED_EDGE ( 'NONE', *, *, #8348, .T. ) ;
#3659 = DIRECTION ( 'NONE',  ( 0.000000000000000000, -0.8386705679454272699, 0.5446390350150221993 ) ) ;
#3660 = EDGE_LOOP ( 'NONE', ( #3807, #3359, #4832, #6502 ) ) ;
#3661 = FACE_OUTER_BOUND ( 'NONE', #6590, .T. ) ;
#3662 = CARTESIAN_POINT ( 'NONE',  ( 22.01653361753182736, 1.697184315131277765, 7.457106781186557676 ) ) ;
#3663 = VERTEX_POINT ( 'NONE', #3382 ) ;
#3664 = VECTOR ( 'NONE', #3256, 1000.000000000000000 ) ;
#3665 = AXIS2_PLACEMENT_3D ( 'NONE', #4087, #1369, #6627 ) ;
#3666 = EDGE_CURVE ( 'NONE', #7049, #974, #7987, .T. ) ;
#3667 = ORIENTED_EDGE ( 'NONE', *, *, #8367, .F. ) ;
#3668 = VERTEX_POINT ( 'NONE', #5871 ) ;
#3669 = ORIENTED_EDGE ( 'NONE', *, *, #5085, .F. ) ;
#3670 = CYLINDRICAL_SURFACE ( 'NONE', #2152, 2.649999999999999467 ) ;
#3671 = LINE ( 'NONE', #6254, #6801 ) ;
#3672 = CARTESIAN_POINT ( 'NONE',  ( -7.384374567443249937, 23.26842681963270465, 11.59679877505547196 ) ) ;
#3673 = CARTESIAN_POINT ( 'NONE',  ( 3.501537241493279939, 9.218888005220737369, 10.50000000000000178 ) ) ;
#3674 = EDGE_CURVE ( 'NONE', #3789, #6038, #6989, .T. ) ;
#3675 = ORIENTED_EDGE ( 'NONE', *, *, #1371, .T. ) ;
#3676 = B_SPLINE_CURVE_WITH_KNOTS ( 'NONE', 3,
 ( #2795, #2754, #1974, #4044, #7224, #1410, #5242, #3356, #4727, #4600, #6582, #5411, #7960, #8044 ),
 .UNSPECIFIED., .F., .F.,
 ( 4, 2, 2, 2, 2, 2, 4 ),
 ( 0.000000000000000000, 0.0002342381432087031453, 0.0004684762864174062905, 0.0007027144296261094358, 0.0009369525728348125811, 0.001405428859252218872, 0.001873905145669625162 ),
 .UNSPECIFIED. ) ;
#3677 = CARTESIAN_POINT ( 'NONE',  ( 33.40483542659831784, 19.91608737267181439, 6.500000000000000888 ) ) ;
#3678 = ORIENTED_EDGE ( 'NONE', *, *, #322, .T. ) ;
#3679 = DIRECTION ( 'NONE',  ( -0.7660444431189770143, 0.6427876096865404731, 0.000000000000000000 ) ) ;
#3680 = DIRECTION ( 'NONE',  ( -0.1358089151073354484, -0.9907350496360611825, 0.000000000000000000 ) ) ;
#3681 = DIRECTION ( 'NONE',  ( 0.000000000000000000, -1.000000000000000000, 0.000000000000000000 ) ) ;
#3682 = DIRECTION ( 'NONE',  ( 0.7660444431189765702, -0.6427876096865410283, 0.000000000000000000 ) ) ;
#3683 = CARTESIAN_POINT ( 'NONE',  ( 16.86557408126637370, -1.602769504650092491, 10.77242138639239144 ) ) ;
#3684 = VECTOR ( 'NONE', #8349, 1000.000000000000114 ) ;
#3685 = DIRECTION ( 'NONE',  ( -0.7194305527541650092, 0.6945643812950940132, 0.000000000000000000 ) ) ;
#3686 = EDGE_LOOP ( 'NONE', ( #4355, #3959, #3627, #777 ) ) ;
#3687 = CARTESIAN_POINT ( 'NONE',  ( 49.33854442614303792, 20.40133828536832183, 77.22458450935215524 ) ) ;
#3688 = VECTOR ( 'NONE', #5489, 999.9999999999998863 ) ;
#3689 = VECTOR ( 'NONE', #8307, 1000.000000000000000 ) ;
#3690 = CARTESIAN_POINT ( 'NONE',  ( 16.43516998937389673, -2.018164465752247061, 6.244306084959722725 ) ) ;
#3691 = DIRECTION ( 'NONE',  ( 0.000000000000000000, 0.000000000000000000, 1.000000000000000000 ) ) ;
#3692 = CIRCLE ( 'NONE', #3977, 20.60355339059328728 ) ;
#3693 = CARTESIAN_POINT ( 'NONE',  ( -0.7879385135781278304, 24.21075486949664679, 5.425283173166237205 ) ) ;
#3694 = LINE ( 'NONE', #7786, #7824 ) ;
#3695 = LINE ( 'NONE', #4831, #5111 ) ;
#3696 = AXIS2_PLACEMENT_3D ( 'NONE', #7256, #57, #6648 ) ;
#3697 = VECTOR ( 'NONE', #8484, 1000.000000000000114 ) ;
#3698 = FACE_OUTER_BOUND ( 'NONE', #8023, .T. ) ;
#3699 = ORIENTED_EDGE ( 'NONE', *, *, #4040, .T. ) ;
#3700 = FACE_OUTER_BOUND ( 'NONE', #8148, .T. ) ;
#3701 = EDGE_LOOP ( 'NONE', ( #1427, #1038, #2458, #8431, #6083 ) ) ;
#3702 = LINE ( 'NONE', #6461, #1734 ) ;
#3703 = ORIENTED_EDGE ( 'NONE', *, *, #5508, .F. ) ;
#3704 = CARTESIAN_POINT ( 'NONE',  ( 20.01544098498437663, 0.5427260249647067880, 9.896767677370165828 ) ) ;
#3705 = DIRECTION ( 'NONE',  ( 0.000000000000000000, 0.000000000000000000, 1.000000000000000000 ) ) ;
#3706 = ORIENTED_EDGE ( 'NONE', *, *, #760, .T. ) ;
#3707 = ADVANCED_FACE ( 'NONE', ( #1390 ), #7940, .T. ) ;
#3708 = ORIENTED_EDGE ( 'NONE', *, *, #8247, .T. ) ;
#3709 = ORIENTED_EDGE ( 'NONE', *, *, #1457, .F. ) ;
#3710 = ORIENTED_EDGE ( 'NONE', *, *, #851, .T. ) ;
#3711 = CARTESIAN_POINT ( 'NONE',  ( 10.64537435473996929, -8.932529694806415677, 9.500000000000001776 ) ) ;
#3712 = CARTESIAN_POINT ( 'NONE',  ( 41.70968314084350936, 18.13348814084741889, 3.882185519259352180 ) ) ;
#3713 = EDGE_CURVE ( 'NONE', #8213, #504, #2736, .T. ) ;
#3714 = EDGE_CURVE ( 'NONE', #5423, #5644, #7943, .T. ) ;
#3715 = CARTESIAN_POINT ( 'NONE',  ( 19.12402157324911300, 14.01474273244640223, 16.00000000000000000 ) ) ;
#3716 = CARTESIAN_POINT ( 'NONE',  ( 5.747135591334609828, 6.817425510203693584, 10.50000000000000178 ) ) ;
#3717 = CIRCLE ( 'NONE', #5368, 1.750000000000000666 ) ;
#3718 =( BOUNDED_SURFACE ( )  B_SPLINE_SURFACE ( 3, 2, ( 
 ( #7363, #5253, #4095 ),
 ( #1987, #6595, #4612 ),
 ( #1016, #6239, #889 ),
 ( #2971, #2887, #975 ) ),
 .UNSPECIFIED., .F., .F., .T. ) 
 B_SPLINE_SURFACE_WITH_KNOTS ( ( 4, 4 ),
 ( 3, 3 ),
 ( 3.041143552515444881, 3.094440732562593777 ),
 ( 0.000000000000000000, 1.000000000000000000 ),
 .UNSPECIFIED. ) 
 GEOMETRIC_REPRESENTATION_ITEM ( )  RATIONAL_B_SPLINE_SURFACE ( (
 ( 1.000000000000000000, 0.8813672598878887765, 1.000000000000000000),
 ( 1.000000000000000000, 0.8816484421977203167, 1.000000000000000000),
 ( 1.000000000000000000, 0.8818551353984918073, 1.000000000000000000),
 ( 1.000000000000000000, 0.8819872032462753308, 1.000000000000000000) ) ) 
 REPRESENTATION_ITEM ( '' )  SURFACE ( )  );
#3719 = ORIENTED_EDGE ( 'NONE', *, *, #2938, .T. ) ;
#3720 = PLANE ( 'NONE',  #3113 ) ;
#3721 = EDGE_LOOP ( 'NONE', ( #6974, #1011, #4406 ) ) ;
#3722 = CARTESIAN_POINT ( 'NONE',  ( 33.40483542659831784, -77.08536014839516781, 9.796909386706674994 ) ) ;
#3723 = DIRECTION ( 'NONE',  ( -0.6427876096865402511, -0.7660444431189771253, 0.000000000000000000 ) ) ;
#3724 = CARTESIAN_POINT ( 'NONE',  ( 47.40483542659831784, 18.19113980308873835, 8.500000000000000000 ) ) ;
#3725 = CARTESIAN_POINT ( 'NONE',  ( 53.48490742860852265, 18.19737744864890772, 7.342855496992339859 ) ) ;
#3726 = EDGE_CURVE ( 'NONE', #4707, #7745, #7169, .T. ) ;
#3727 = CARTESIAN_POINT ( 'NONE',  ( 3.722964681832346301, 17.46002903365549130, -4.577703206926760693 ) ) ;
#3728 = CARTESIAN_POINT ( 'NONE',  ( 4.074901368506290034, 22.88512733511038633, 16.14841056455815504 ) ) ;
#3729 = CARTESIAN_POINT ( 'NONE',  ( -21.38224373094850250, 20.28752017888825421, 2.161016607976050885 ) ) ;
#3730 = DIRECTION ( 'NONE',  ( 0.1584825665006271700, 0.5257976280181181350, -0.8357153405830809456 ) ) ;
#3731 = ORIENTED_EDGE ( 'NONE', *, *, #3574, .F. ) ;
#3732 = CARTESIAN_POINT ( 'NONE',  ( 2.505909301976986026, 18.19044350891642736, 6.825700949663166206 ) ) ;
#3733 = CARTESIAN_POINT ( 'NONE',  ( 16.56337540039746514, -1.887620220317382858, 5.915962709680609777 ) ) ;
#3734 = CARTESIAN_POINT ( 'NONE',  ( -14.51995619410942240, 17.86950204105965767, 17.62717072609320468 ) ) ;
#3735 = EDGE_CURVE ( 'NONE', #6624, #2117, #56, .T. ) ;
#3736 = CARTESIAN_POINT ( 'NONE',  ( 41.41737049976099172, 18.16526821695732963, 12.02811048281066952 ) ) ;
#3737 = CARTESIAN_POINT ( 'NONE',  ( 16.55221373621207093, -1.898140467106908646, 10.93424827252737330 ) ) ;
#3738 = CARTESIAN_POINT ( 'NONE',  ( 42.82619276912443240, 18.19111976129525488, 7.111571488799739882 ) ) ;
#3739 = AXIS2_PLACEMENT_3D ( 'NONE', #3492, #6117, #2854 ) ;
#3740 = CARTESIAN_POINT ( 'NONE',  ( 52.05304950771342476, 18.19522307414350593, 10.25000000000000711 ) ) ;
#3741 = ORIENTED_EDGE ( 'NONE', *, *, #8283, .T. ) ;
#3742 = DIRECTION ( 'NONE',  ( -0.000000000000000000, 1.000000000000000000, -0.000000000000000000 ) ) ;
#3743 = ORIENTED_EDGE ( 'NONE', *, *, #7628, .F. ) ;
#3744 = CARTESIAN_POINT ( 'NONE',  ( 16.46740096560575850, -1.994108565128053012, 11.41535605521970353 ) ) ;
#3745 = EDGE_LOOP ( 'NONE', ( #4387, #3614, #6724, #6748 ) ) ;
#3746 = CARTESIAN_POINT ( 'NONE',  ( 33.46370190907585851, 18.19113980308873835, 7.203090613292810751 ) ) ;
#3747 = CARTESIAN_POINT ( 'NONE',  ( 3.722871427415677115, 21.25591043940056224, 19.37207384867293669 ) ) ;
#3748 = ORIENTED_EDGE ( 'NONE', *, *, #700, .F. ) ;
#3749 = EDGE_LOOP ( 'NONE', ( #4003, #1979, #5715, #1582 ) ) ;
#3750 = ORIENTED_EDGE ( 'NONE', *, *, #5876, .F. ) ;
#3751 = CARTESIAN_POINT ( 'NONE',  ( 40.34301970242690061, 18.19113980308874190, 9.796909386706674994 ) ) ;
#3752 = VERTEX_POINT ( 'NONE', #8455 ) ;
#3753 = DIRECTION ( 'NONE',  ( -0.000000000000000000, -0.000000000000000000, -1.000000000000000000 ) ) ;
#3754 = CARTESIAN_POINT ( 'NONE',  ( 32.40483542659831784, 18.59586620634634713, 7.500000000000000888 ) ) ;
#3755 = DIRECTION ( 'NONE',  ( 0.000000000000000000, 0.000000000000000000, 1.000000000000000000 ) ) ;
#3756 = CARTESIAN_POINT ( 'NONE',  ( 5.262781552277401076, 5.902153188577534237, 9.500000000000001776 ) ) ;
#3757 = ORIENTED_EDGE ( 'NONE', *, *, #3653, .T. ) ;
#3758 = EDGE_CURVE ( 'NONE', #5644, #964, #1263, .T. ) ;
#3759 = EDGE_CURVE ( 'NONE', #6067, #7838, #4068, .T. ) ;
#3760 = DIRECTION ( 'NONE',  ( 1.000000000000000000, 0.000000000000000000, 0.000000000000000000 ) ) ;
#3761 = EDGE_LOOP ( 'NONE', ( #2724, #5046, #5174, #7133, #134, #174, #1488, #8235, #6730, #7615, #7163, #5124, #7570, #1635, #712, #5805, #1057, #6707 ) ) ;
#3762 = DIRECTION ( 'NONE',  ( -1.000000000000000000, -0.000000000000000000, -0.000000000000000000 ) ) ;
#3763 = CARTESIAN_POINT ( 'NONE',  ( 52.05304950771341765, 18.19522307414350237, 6.749999999999997335 ) ) ;
#3764 = DIRECTION ( 'NONE',  ( 0.9907350496360611825, -0.1358089151073354484, 0.000000000000000000 ) ) ;
#3765 = CARTESIAN_POINT ( 'NONE',  ( 33.28044162356553670, 18.19099981516152553, 9.999768016069806364 ) ) ;
#3766 = CARTESIAN_POINT ( 'NONE',  ( -7.323409961642274091, 23.57300256952704842, 10.78626746603696951 ) ) ;
#3767 = DIRECTION ( 'NONE',  ( -0.9907350496360612935, 0.1358089151073353928, 0.000000000000000000 ) ) ;
#3768 = FACE_BOUND ( 'NONE', #7723, .T. ) ;
#3769 = EDGE_CURVE ( 'NONE', #632, #3925, #1636, .T. ) ;
#3770 = DIRECTION ( 'NONE',  ( -0.7994407603325169864, -0.6007449298320939324, -0.000000000000000000 ) ) ;
#3771 = ORIENTED_EDGE ( 'NONE', *, *, #4518, .F. ) ;
#3772 = DIRECTION ( 'NONE',  ( -0.9095037383516637597, -0.4156957420089220645, 0.000000000000000000 ) ) ;
#3773 = VECTOR ( 'NONE', #8056, 1000.000000000000000 ) ;
#3774 = FACE_OUTER_BOUND ( 'NONE', #7763, .T. ) ;
#3775 = DIRECTION ( 'NONE',  ( 0.7660444431189771253, -0.6427876096865402511, 3.421138828918010047E-49 ) ) ;
#3776 = CARTESIAN_POINT ( 'NONE',  ( 1.279128539798358277, 17.52799852397583891, 21.03295483402080279 ) ) ;
#3777 = AXIS2_PLACEMENT_3D ( 'NONE', #8436, #1899, #1203 ) ;
#3778 = CARTESIAN_POINT ( 'NONE',  ( -1.431859511300359156, 24.11876810374966595, 5.224314757124955300 ) ) ;
#3779 = DIRECTION ( 'NONE',  ( 0.7660444431189747938, -0.6427876096865432487, 0.000000000000000000 ) ) ;
#3780 = CARTESIAN_POINT ( 'NONE',  ( 6.074901367908570826, 18.19113980308874190, 8.932303128902226774 ) ) ;
#3781 = AXIS2_PLACEMENT_3D ( 'NONE', #2634, #6513, #602 ) ;
#3782 = EDGE_CURVE ( 'NONE', #2289, #421, #7895, .T. ) ;
#3783 = DIRECTION ( 'NONE',  ( 0.6945643812950940132, 0.7194305527541648981, 0.000000000000000000 ) ) ;
#3784 = VERTEX_POINT ( 'NONE', #6607 ) ;
#3785 = CARTESIAN_POINT ( 'NONE',  ( -1.584362491381492211, 24.55872980770757508, 11.03626746603696951 ) ) ;
#3786 = ORIENTED_EDGE ( 'NONE', *, *, #1014, .F. ) ;
#3787 = AXIS2_PLACEMENT_3D ( 'NONE', #412, #3054, #5669 ) ;
#3788 = CARTESIAN_POINT ( 'NONE',  ( 42.51513640388095183, -6.246196747414927586, 9.542893218813450318 ) ) ;
#3789 = VERTEX_POINT ( 'NONE', #5188 ) ;
#3790 = CARTESIAN_POINT ( 'NONE',  ( 26.25490370090247438, 5.490089049600866744, 7.457106781186560340 ) ) ;
#3791 = CARTESIAN_POINT ( 'NONE',  ( 34.08388000213501101, 25.35864053760572645, 15.38124117921091027 ) ) ;
#3792 = EDGE_LOOP ( 'NONE', ( #6899, #7474 ) ) ;
#3793 = AXIS2_PLACEMENT_3D ( 'NONE', #7384, #7507, #913 ) ;
#3794 = EDGE_CURVE ( 'NONE', #471, #2793, #694, .T. ) ;
#3795 = ORIENTED_EDGE ( 'NONE', *, *, #7442, .T. ) ;
#3796 = AXIS2_PLACEMENT_3D ( 'NONE', #2908, #5525, #2266 ) ;
#3797 = ORIENTED_EDGE ( 'NONE', *, *, #4256, .T. ) ;
#3798 = CARTESIAN_POINT ( 'NONE',  ( 47.43060450609215195, 21.20757696452465879, 2.766025658455018466 ) ) ;
#3799 = ORIENTED_EDGE ( 'NONE', *, *, #6193, .F. ) ;
#3800 = CARTESIAN_POINT ( 'NONE',  ( 17.80792465738017682, -1.104362262201385780, 7.121274545870433847 ) ) ;
#3801 = CIRCLE ( 'NONE', #4492, 2.000000000000001332 ) ;
#3802 = DIRECTION ( 'NONE',  ( -1.000000000000000000, 0.000000000000000000, 0.000000000000000000 ) ) ;
#3803 = CARTESIAN_POINT ( 'NONE',  ( -6.916946834907137465, 23.33520079577024831, 11.84432054981651028 ) ) ;
#3804 = CIRCLE ( 'NONE', #352, 95.27649995148391326 ) ;
#3805 = VERTEX_POINT ( 'NONE', #3589 ) ;
#3806 = FACE_BOUND ( 'NONE', #3721, .T. ) ;
#3807 = ORIENTED_EDGE ( 'NONE', *, *, #6587, .F. ) ;
#3808 = CARTESIAN_POINT ( 'NONE',  ( 29.92526076113333744, 10.50776863210659329, 7.000000000000000888 ) ) ;
#3809 = CARTESIAN_POINT ( 'NONE',  ( 50.46267814476001234, 18.19546258608766109, 8.041723838567934379 ) ) ;
#3810 = DIRECTION ( 'NONE',  ( 0.000000000000000000, 1.000000000000000000, 0.000000000000000000 ) ) ;
#3811 = CARTESIAN_POINT ( 'NONE',  ( 52.62584663695727727, 18.19555420560105929, 6.795867696428854465 ) ) ;
#3812 = CARTESIAN_POINT ( 'NONE',  ( 9.596287888644049247, 2.263008355165073038, 9.807136961252030716 ) ) ;
#3813 = DIRECTION ( 'NONE',  ( 0.9855777770139452221, -0.1351019616186305561, 0.1019014495630362477 ) ) ;
#3814 = AXIS2_PLACEMENT_3D ( 'NONE', #2727, #6115, #730 ) ;
#3815 = CARTESIAN_POINT ( 'NONE',  ( -26.40456643708022355, 19.57004064862751136, 2.752209047489498239 ) ) ;
#3816 = EDGE_CURVE ( 'NONE', #2345, #6634, #8020, .T. ) ;
#3817 = CARTESIAN_POINT ( 'NONE',  ( -3.405194883420261220, 23.83686902100999205, 12.20048102841007065 ) ) ;
#3818 = VERTEX_POINT ( 'NONE', #2259 ) ;
#3819 = CARTESIAN_POINT ( 'NONE',  ( 42.76347606555066960, 21.15611399442007112, 2.633516016244004998 ) ) ;
#3820 = DIRECTION ( 'NONE',  ( 0.000000000000000000, 0.000000000000000000, 1.000000000000000000 ) ) ;
#3821 = CARTESIAN_POINT ( 'NONE',  ( 16.52979453515964536, -1.919273348213943020, 6.029558568706121946 ) ) ;
#3822 = CARTESIAN_POINT ( 'NONE',  ( -18.33343261284428038, 17.93176030374163687, 16.82253383967005078 ) ) ;
#3823 =( BOUNDED_CURVE ( )  B_SPLINE_CURVE ( 3, ( #1405, #1364, #3999, #4039 ),
 .UNSPECIFIED., .F., .F. ) 
 B_SPLINE_CURVE_WITH_KNOTS ( ( 4, 4 ),
 ( 3.041143552515444881, 3.094440732562593777 ),
 .UNSPECIFIED. ) 
 CURVE ( )  GEOMETRIC_REPRESENTATION_ITEM ( )  RATIONAL_B_SPLINE_CURVE ( ( 1.000000000000000000, 0.9997632982248441103, 0.9997632982248441103, 1.000000000000000000 ) ) 
 REPRESENTATION_ITEM ( '' )  );
#3824 = AXIS2_PLACEMENT_3D ( 'NONE', #8048, #5328, #4604 ) ;
#3825 = CARTESIAN_POINT ( 'NONE',  ( 42.98912155903653343, 18.08537695462307227, 14.28492033514504200 ) ) ;
#3826 = CARTESIAN_POINT ( 'NONE',  ( 6.686238103072235539, 7.968348280276609685, 17.00000000000000000 ) ) ;
#3827 = ADVANCED_FACE ( 'NONE', ( #1556, #949 ), #8027, .T. ) ;
#3828 = CARTESIAN_POINT ( 'NONE',  ( 40.41235070371810423, 18.19113980308874190, 7.457106781186554123 ) ) ;
#3829 = EDGE_CURVE ( 'NONE', #2215, #5421, #790, .T. ) ;
#3830 = EDGE_CURVE ( 'NONE', #3188, #5985, #5513, .T. ) ;
#3831 = VECTOR ( 'NONE', #190, 1000.000000000000000 ) ;
#3832 = CARTESIAN_POINT ( 'NONE',  ( 4.110506817090633369, 7.310221981789649881, 7.500000000000001776 ) ) ;
#3833 = ORIENTED_EDGE ( 'NONE', *, *, #2662, .T. ) ;
#3834 = DIRECTION ( 'NONE',  ( 1.734723475976806700E-15, -0.5024884233809505663, 0.8645839371444086208 ) ) ;
#3835 = VERTEX_POINT ( 'NONE', #4917 ) ;
#3836 = EDGE_LOOP ( 'NONE', ( #8365, #5255, #4533 ) ) ;
#3837 = CARTESIAN_POINT ( 'NONE',  ( 0.8189735484711181401, -12.26433929595297734, 8.500000000000000000 ) ) ;
#3838 = LINE ( 'NONE', #5034, #60 ) ;
#3839 = ORIENTED_EDGE ( 'NONE', *, *, #279, .T. ) ;
#3840 = ADVANCED_FACE ( 'NONE', ( #7544 ), #7461, .T. ) ;
#3841 = EDGE_CURVE ( 'NONE', #463, #2538, #4283, .T. ) ;
#3842 = VECTOR ( 'NONE', #6914, 1000.000000000000000 ) ;
#3843 = ORIENTED_EDGE ( 'NONE', *, *, #2626, .T. ) ;
#3844 = VECTOR ( 'NONE', #6734, 1000.000000000000227 ) ;
#3845 = ORIENTED_EDGE ( 'NONE', *, *, #8193, .F. ) ;
#3846 = CARTESIAN_POINT ( 'NONE',  ( 13.00000690908576395, 14.00554313250357730, 16.66666666666666785 ) ) ;
#3847 = ORIENTED_EDGE ( 'NONE', *, *, #2626, .F. ) ;
#3848 = DIRECTION ( 'NONE',  ( 0.6427876096865403621, 0.7660444431189771253, 0.000000000000000000 ) ) ;
#3849 = B_SPLINE_CURVE_WITH_KNOTS ( 'NONE', 3,
 ( #6016, #4683, #2750, #7953, #5882, #4594, #67, #7346 ),
 .UNSPECIFIED., .F., .F.,
 ( 4, 2, 2, 4 ),
 ( 0.001281550135014899875, 0.001601760893719285459, 0.001921971652423671044, 0.002562393169832450236 ),
 .UNSPECIFIED. ) ;
#3850 = CARTESIAN_POINT ( 'NONE',  ( -2.284362787882208146, 24.45873188323452396, 11.32916068485042516 ) ) ;
#3851 = DIRECTION ( 'NONE',  ( 0.000000000000000000, 0.000000000000000000, -1.000000000000000000 ) ) ;
#3852 = ORIENTED_EDGE ( 'NONE', *, *, #3293, .F. ) ;
#3853 = FACE_OUTER_BOUND ( 'NONE', #5208, .T. ) ;
#3854 = ORIENTED_EDGE ( 'NONE', *, *, #4913, .F. ) ;
#3855 = FACE_OUTER_BOUND ( 'NONE', #5929, .T. ) ;
#3856 = CARTESIAN_POINT ( 'NONE',  ( 50.77596614335784153, 18.19739826946948824, 7.432213482118587677 ) ) ;
#3857 = DIRECTION ( 'NONE',  ( 0.1584825665006270312, 0.5257976280181172468, 0.8357153405830816117 ) ) ;
#3858 = CARTESIAN_POINT ( 'NONE',  ( -7.469553979265292298, 23.25625858994392203, 4.799518971589921357 ) ) ;
#3859 = DIRECTION ( 'NONE',  ( 0.000000000000000000, 0.000000000000000000, -1.000000000000000000 ) ) ;
#3860 = CARTESIAN_POINT ( 'NONE',  ( 11.97048248010578675, -10.04442743407089367, 10.50000000000000000 ) ) ;
#3861 = B_SPLINE_CURVE_WITH_KNOTS ( 'NONE', 3,
 ( #7452, #4906, #7533, #5635 ),
 .UNSPECIFIED., .F., .F.,
 ( 4, 4 ),
 ( 0.000000000000000000, 1.000000000000000000 ),
 .UNSPECIFIED. ) ;
#3862 = AXIS2_PLACEMENT_3D ( 'NONE', #7683, #5143, #7729 ) ;
#3863 = DIRECTION ( 'NONE',  ( -0.8324328464100202440, -0.5541259389504444854, -0.000000000000000000 ) ) ;
#3864 = ORIENTED_EDGE ( 'NONE', *, *, #6141, .F. ) ;
#3865 = CARTESIAN_POINT ( 'NONE',  ( 23.00000000000000000, 5.791139803088731774, 16.99999999999999289 ) ) ;
#3866 = CARTESIAN_POINT ( 'NONE',  ( 35.64005297390885829, 20.09856402680668808, 15.19314380214478000 ) ) ;
#3867 = LINE ( 'NONE', #5661, #6965 ) ;
#3868 = CARTESIAN_POINT ( 'NONE',  ( 9.496307690061508211, -7.968348280276609685, 17.00000000000000000 ) ) ;
#3869 = CARTESIAN_POINT ( 'NONE',  ( 10.85968678772822216, 1.202890804913758771, 8.690543505140523095 ) ) ;
#3870 = CARTESIAN_POINT ( 'NONE',  ( 43.82000062279845309, 18.11511884950587969, 3.396433295028646437 ) ) ;
#3871 = ADVANCED_FACE ( 'NONE', ( #4232 ), #2820, .F. ) ;
#3872 = DIRECTION ( 'NONE',  ( 0.000000000000000000, 0.000000000000000000, -1.000000000000000000 ) ) ;
#3873 = ORIENTED_EDGE ( 'NONE', *, *, #1768, .T. ) ;
#3874 = CARTESIAN_POINT ( 'NONE',  ( 33.40483542659831784, 19.91608737267181439, 6.500000000000000888 ) ) ;
#3875 = EDGE_CURVE ( 'NONE', #7885, #8330, #3503, .T. ) ;
#3876 =( BOUNDED_CURVE ( )  B_SPLINE_CURVE ( 3, ( #4156, #8031, #7990, #7506 ),
 .UNSPECIFIED., .F., .F. ) 
 B_SPLINE_CURVE_WITH_KNOTS ( ( 4, 4 ),
 ( 3.188744574616992455, 3.242041754664141351 ),
 .UNSPECIFIED. ) 
 CURVE ( )  GEOMETRIC_REPRESENTATION_ITEM ( )  RATIONAL_B_SPLINE_CURVE ( ( 1.000000000000000000, 0.9997632982248441103, 0.9997632982248441103, 1.000000000000000000 ) ) 
 REPRESENTATION_ITEM ( '' )  );
#3878 = ORIENTED_EDGE ( 'NONE', *, *, #3301, .T. ) ;
#3877 = EDGE_CURVE ( 'NONE', #5771, #5576, #6480, .T. ) ;
#3879 = FACE_OUTER_BOUND ( 'NONE', #3294, .T. ) ;
#3880 = ORIENTED_EDGE ( 'NONE', *, *, #1395, .F. ) ;
#3881 = CARTESIAN_POINT ( 'NONE',  ( 30.13765616795718572, 10.22512364071257984, 10.35355339059327662 ) ) ;
#3882 = DIRECTION ( 'NONE',  ( 1.000000000000000000, 0.000000000000000000, 0.000000000000000000 ) ) ;
#3883 = ORIENTED_EDGE ( 'NONE', *, *, #4765, .T. ) ;
#3884 = AXIS2_PLACEMENT_3D ( 'NONE', #3224, #4472, #8382 ) ;
#3885 = ORIENTED_EDGE ( 'NONE', *, *, #2310, .F. ) ;
#3886 = EDGE_CURVE ( 'NONE', #456, #44, #7502, .T. ) ;
#3887 = VERTEX_POINT ( 'NONE', #907 ) ;
#3888 = LINE ( 'NONE', #5856, #3697 ) ;
#3889 = ORIENTED_EDGE ( 'NONE', *, *, #8180, .F. ) ;
#3890 = CARTESIAN_POINT ( 'NONE',  ( 39.53497669677874171, 20.42466952116153323, 8.499999989568875591 ) ) ;
#3891 = CARTESIAN_POINT ( 'NONE',  ( 40.34301970242690061, 18.19113980308874190, 9.796909386706674994 ) ) ;
#3892 = CARTESIAN_POINT ( 'NONE',  ( 15.07490136790857171, 13.83224085954807059, 10.50000000000000000 ) ) ;
#3893 = VERTEX_POINT ( 'NONE', #2779 ) ;
#3894 = EDGE_CURVE ( 'NONE', #2816, #5512, #821, .T. ) ;
#3895 = CARTESIAN_POINT ( 'NONE',  ( -27.49187686990265433, 18.07639680738530430, 14.47638539976071748 ) ) ;
#3896 = ORIENTED_EDGE ( 'NONE', *, *, #2459, .T. ) ;
#3897 = CARTESIAN_POINT ( 'NONE',  ( 30.13765616795719637, 10.22512364071256563, 6.646446609406730488 ) ) ;
#3898 = CARTESIAN_POINT ( 'NONE',  ( -27.31831371303652389, 12.64327510197302473, 18.08960858631660074 ) ) ;
#3899 = CARTESIAN_POINT ( 'NONE',  ( -13.92509863149369842, 22.33405745689730537, -5.590280349210904554 ) ) ;
#3900 = CARTESIAN_POINT ( 'NONE',  ( 16.66002381964333878, -1.868485917672362495, 10.50930012152273996 ) ) ;
#3901 = CARTESIAN_POINT ( 'NONE',  ( -3.511258699169474973, 24.57933145574237699, -1.336645444138133734E-15 ) ) ;
#3902 = CARTESIAN_POINT ( 'NONE',  ( 52.16712193127420960, 18.61110936274822691, 8.500000000000000000 ) ) ;
#3903 = ORIENTED_EDGE ( 'NONE', *, *, #5395, .F. ) ;
#3904 = CARTESIAN_POINT ( 'NONE',  ( 35.64005297390797011, 20.09856402677709042, 27.16758084455734590 ) ) ;
#3905 = CARTESIAN_POINT ( 'NONE',  ( 4.624755555487821468, 8.694125132222561447, 6.500000000000000888 ) ) ;
#3906 = CARTESIAN_POINT ( 'NONE',  ( 16.43367758417018010, -2.019668183921587534, 6.245771921462641707 ) ) ;
#3907 = DIRECTION ( 'NONE',  ( 0.000000000000000000, 0.8464124915001601801, 0.5325278342326262848 ) ) ;
#3908 = CARTESIAN_POINT ( 'NONE',  ( -6.952503525913700244, 17.72168262952049389, -2.243782890933175178 ) ) ;
#3909 = CARTESIAN_POINT ( 'NONE',  ( 19.03074696873014560, 0.4381099341798282421, 10.51005243077350571 ) ) ;
#3910 = DIRECTION ( 'NONE',  ( 0.7660444431189747938, -0.6427876096865432487, 0.000000000000000000 ) ) ;
#3911 = AXIS2_PLACEMENT_3D ( 'NONE', #3619, #1839, #6242 ) ;
#3912 = LINE ( 'NONE', #752, #6861 ) ;
#3913 = VERTEX_POINT ( 'NONE', #5398 ) ;
#3914 = CARTESIAN_POINT ( 'NONE',  ( 31.68601776514253743, 7.866076367502472522, 28.11093710392567502 ) ) ;
#3915 = ORIENTED_EDGE ( 'NONE', *, *, #6555, .T. ) ;
#3916 = CARTESIAN_POINT ( 'NONE',  ( 9.496307690061508211, -7.968348280276609685, 1.000000000000000888 ) ) ;
#3917 = ORIENTED_EDGE ( 'NONE', *, *, #2065, .F. ) ;
#3918 = CARTESIAN_POINT ( 'NONE',  ( 39.45524294190503412, 18.18854554773242782, 10.50000000000000000 ) ) ;
#3919 = CARTESIAN_POINT ( 'NONE',  ( 33.40483542659831784, 18.19113980308874190, 9.500000000000001776 ) ) ;
#3920 = ORIENTED_EDGE ( 'NONE', *, *, #772, .T. ) ;
#3921 = AXIS2_PLACEMENT_3D ( 'NONE', #1516, #4794, #143 ) ;
#3922 = EDGE_CURVE ( 'NONE', #4097, #2877, #4723, .T. ) ;
#3923 = EDGE_CURVE ( 'NONE', #4173, #1239, #7807, .T. ) ;
#3924 = VECTOR ( 'NONE', #5577, 1000.000000000000114 ) ;
#3925 = VERTEX_POINT ( 'NONE', #1822 ) ;
#3926 = VERTEX_POINT ( 'NONE', #2987 ) ;
#3927 = FACE_OUTER_BOUND ( 'NONE', #5075, .T. ) ;
#3928 = LINE ( 'NONE', #1419, #7826 ) ;
#3929 = ORIENTED_EDGE ( 'NONE', *, *, #7666, .T. ) ;
#3930 = CARTESIAN_POINT ( 'NONE',  ( 6.074901368249748579, 18.18958319812110602, 6.500011466391145909 ) ) ;
#3931 = CARTESIAN_POINT ( 'NONE',  ( 11.97048248010579030, -10.04442743407089544, 7.000000000000000888 ) ) ;
#3932 = CIRCLE ( 'NONE', #613, 0.5000000000000004441 ) ;
#3933 = CARTESIAN_POINT ( 'NONE',  ( 3.722804632858734752, 23.87423583406181749, 17.85067149227997874 ) ) ;
#3934 = EDGE_CURVE ( 'NONE', #2305, #6727, #7672, .T. ) ;
#3935 = ADVANCED_FACE ( 'NONE', ( #345 ), #8403, .T. ) ;
#3936 = EDGE_CURVE ( 'NONE', #8375, #4297, #7034, .T. ) ;
#3937 = VERTEX_POINT ( 'NONE', #7761 ) ;
#3938 = VECTOR ( 'NONE', #11, 1000.000000000000227 ) ;
#3939 = ORIENTED_EDGE ( 'NONE', *, *, #3759, .F. ) ;
#3940 = FACE_OUTER_BOUND ( 'NONE', #1164, .T. ) ;
#3941 = CARTESIAN_POINT ( 'NONE',  ( -3.577481348627353785, 23.81225719009844255, 16.39015506129462807 ) ) ;
#3942 = CIRCLE ( 'NONE', #7788, 10.00000000000000178 ) ;
#3943 = DIRECTION ( 'NONE',  ( 0.000000000000000000, 0.000000000000000000, 1.000000000000000000 ) ) ;
#3944 = CARTESIAN_POINT ( 'NONE',  ( 19.65365543858517583, 1.025259736534325006, 10.50000000000000000 ) ) ;
#3945 = ADVANCED_FACE ( 'NONE', ( #6381 ), #2070, .F. ) ;
#3946 = CARTESIAN_POINT ( 'NONE',  ( 43.82000062279844599, 18.11511884950587969, 13.60356670497135667 ) ) ;
#3947 = SPHERICAL_SURFACE ( 'NONE', #7374, 1.000000000000000000 ) ;
#3948 = ORIENTED_EDGE ( 'NONE', *, *, #4189, .F. ) ;
#3949 = CARTESIAN_POINT ( 'NONE',  ( 5.391624560436410363, 5.791139803088745097, 12.17722873589911714 ) ) ;
#3950 = DIRECTION ( 'NONE',  ( -0.000000000000000000, -0.000000000000000000, 1.000000000000000000 ) ) ;
#3951 = CARTESIAN_POINT ( 'NONE',  ( 42.51513640388095183, -6.246196747414927586, 10.35355339059327306 ) ) ;
#3952 = CARTESIAN_POINT ( 'NONE',  ( -18.57342616086930676, 17.93547355959018930, 0.2279476132194449001 ) ) ;
#3953 = LINE ( 'NONE', #2105, #3152 ) ;
#3954 = EDGE_CURVE ( 'NONE', #5003, #5976, #1866, .T. ) ;
#3955 = CARTESIAN_POINT ( 'NONE',  ( 42.98912155903653343, 18.08537695462307227, 14.28492033514504200 ) ) ;
#3956 = LINE ( 'NONE', #6785, #2462 ) ;
#3957 = ORIENTED_EDGE ( 'NONE', *, *, #2353, .F. ) ;
#3958 = CARTESIAN_POINT ( 'NONE',  ( 25.52171736970302618, 6.105305429694551478, 7.000000000000000888 ) ) ;
#3959 = ORIENTED_EDGE ( 'NONE', *, *, #5259, .T. ) ;
#3960 = CARTESIAN_POINT ( 'NONE',  ( 23.00000000000000355, 5.146737894696179261, 10.50000000000000178 ) ) ;
#3961 = VERTEX_POINT ( 'NONE', #3715 ) ;
#3962 = LINE ( 'NONE', #7965, #3965 ) ;
#3963 = FACE_OUTER_BOUND ( 'NONE', #2113, .T. ) ;
#3964 = VERTEX_POINT ( 'NONE', #8312 ) ;
#3965 = VECTOR ( 'NONE', #6588, 1000.000000000000000 ) ;
#3966 = ORIENTED_EDGE ( 'NONE', *, *, #663, .T. ) ;
#3967 = ORIENTED_EDGE ( 'NONE', *, *, #3323, .T. ) ;
#3968 = CARTESIAN_POINT ( 'NONE',  ( 47.40483542659832494, 23.53261802527601887, 2.739739988090343470 ) ) ;
#3969 = FACE_OUTER_BOUND ( 'NONE', #8207, .T. ) ;
#3970 = ORIENTED_EDGE ( 'NONE', *, *, #7442, .F. ) ;
#3971 = DIRECTION ( 'NONE',  ( 0.000000000000000000, 0.000000000000000000, -1.000000000000000000 ) ) ;
#3972 = EDGE_CURVE ( 'NONE', #590, #2498, #5733, .T. ) ;
#3973 = AXIS2_PLACEMENT_3D ( 'NONE', #1009, #3010, #4170 ) ;
#3974 = PLANE ( 'NONE',  #7923 ) ;
#3975 = CARTESIAN_POINT ( 'NONE',  ( 41.49713381652423294, 18.15386985835748845, 4.529230099613803517 ) ) ;
#3976 = VECTOR ( 'NONE', #6549, 1000.000000000000000 ) ;
#3977 = AXIS2_PLACEMENT_3D ( 'NONE', #3951, #5272, #7307 ) ;
#3978 = FACE_OUTER_BOUND ( 'NONE', #7373, .T. ) ;
#3979 = CIRCLE ( 'NONE', #527, 2.649999999999999467 ) ;
#3980 = ORIENTED_EDGE ( 'NONE', *, *, #3829, .T. ) ;
#3981 = VECTOR ( 'NONE', #711, 1000.000000000000000 ) ;
#3982 = ORIENTED_EDGE ( 'NONE', *, *, #5697, .F. ) ;
#3983 = CARTESIAN_POINT ( 'NONE',  ( 53.55887060946738387, 18.19739842691229015, 9.567063276937897598 ) ) ;
#3984 = ADVANCED_FACE ( 'NONE', ( #3030 ), #8359, .T. ) ;
#3985 = EDGE_CURVE ( 'NONE', #7669, #456, #6488, .T. ) ;
#3986 = CARTESIAN_POINT ( 'NONE',  ( 9.144860619964838122, 25.62969612213220572, -0.9597742055460871669 ) ) ;
#3987 = CARTESIAN_POINT ( 'NONE',  ( 6.074901368506312238, 17.71566921718160614, -2.304948329661380413 ) ) ;
#3988 = CARTESIAN_POINT ( 'NONE',  ( 17.52728025649204469, -1.291178943960161085, 10.08841818874159557 ) ) ;
#3989 =( NAMED_UNIT ( * ) SI_UNIT ( $, .STERADIAN. ) SOLID_ANGLE_UNIT ( ) );
#3990 = CARTESIAN_POINT ( 'NONE',  ( -2.269026889613088294, 18.19113980308873835, 11.00000000000000178 ) ) ;
#3991 = CARTESIAN_POINT ( 'NONE',  ( 35.64005297390797011, 20.09856402680679821, 95.38120019294879626 ) ) ;
#3992 = EDGE_CURVE ( 'NONE', #3575, #6294, #7629, .T. ) ;
#3993 = CLOSED_SHELL ( 'NONE', ( #2548, #3945, #427, #2262, #2500, #1678, #5742, #5599, #5559, #6884, #7304, #962, #4691, #5346, #1205, #438, #8080, #8075, #7235, #2252, #6874, #4607, #5979, #2568, #4393, #2040, #6875, #8445, #5107, #7443, #780, #1548, #4442, #699, #6603, #2448, #7247, #4621, #3162, #901, #7820, #3610, #6705, #1119, #291, #5977, #3421, #5698, #2391, #8204, #75, #2501, #5032, #186, #1254, #7455, #4888, #5517, #7819, #8256, #5239, #4507, #17, #8394, #6397, #8133, #7601, #6822, #604, #8303, #6904, #2824, #3206, #6792, #5280, #4552, #5624, #8405, #6706, #4145, #7389, #1297, #2402, #2172, #7920, #4180, #1842, #5133, #2091, #6290, #1090, #7865, #2696, #1340, #1769, #545, #493, #6185, #6978, #2389, #6129, #5484, #7995, #6573, #1069, #6622, #1596, #3500, #2664, #6130, #3707, #555, #5438, #2273, #3396, #154, #5538, #2926, #4732, #4118, #8089, #1512, #8384, #4477, #2979, #5050, #27, #5965, #7140, #39, #7186, #2834, #4090, #6979, #1597, #2778, #7550, #6775, #2675, #7267, #2741, #5994, #5915, #8514, #280, #1593, #3827, #1443, #7877, #146, #5948, #640, #4235, #2187, #5645, #7656, #7142, #1397, #7338, #3148, #6271, #2342, #1853, #859, #732, #6472, #1141, #5712, #5042, #3871, #2520, #6766, #1118, #6716, #803, #7710, #2980, #7759, #506, #5812, #6660, #5359, #815, #7842, #7402, #6604, #1626, #5156, #2771, #6027, #225, #565, #852, #1233, #1491, #2929, #4821, #5018, #3984, #4713, #3935, #4030, #5840, #8465, #480, #6150, #653, #3609, #1445, #5781, #1130, #7089, #2661, #4246, #1931, #710, #3028, #3262, #2989, #5711, #3292, #3241, #4575, #6885, #4099, #5084, #5573, #861, #4091, #1475, #7143, #2799, #5452, #8124, #2649, #2605, #7934, #7463, #2201, #3840 ) ) ;
#3994 = CARTESIAN_POINT ( 'NONE',  ( 5.044760633808849093, 6.105394834755589528, 7.500000000000000888 ) ) ;
#3995 = DIRECTION ( 'NONE',  ( 1.000000000000000000, 0.000000000000000000, 0.000000000000000000 ) ) ;
#3996 = DIRECTION ( 'NONE',  ( 2.620744389031207233E-49, -2.199065650246018250E-49, 1.000000000000000000 ) ) ;
#3997 = LINE ( 'NONE', #7867, #5884 ) ;
#3998 = CARTESIAN_POINT ( 'NONE',  ( 19.32310613154346512, 0.7136862143474496101, 10.50280830849861502 ) ) ;
#3999 = CARTESIAN_POINT ( 'NONE',  ( 42.23105983466246016, 19.19507576165166540, -2.234729910395881536 ) ) ;
#4000 = CARTESIAN_POINT ( 'NONE',  ( 42.28052692726873829, 17.55116836987546591, 20.83072809652220414 ) ) ;
#4001 = EDGE_LOOP ( 'NONE', ( #1956, #2796, #2332, #5949, #1342, #1464 ) ) ;
#4002 = CARTESIAN_POINT ( 'NONE',  ( 47.40483542659831784, 0.000000000000000000, 17.00000000000000000 ) ) ;
#4003 = ORIENTED_EDGE ( 'NONE', *, *, #6496, .T. ) ;
#4004 = DIRECTION ( 'NONE',  ( -0.7660444431189764591, 0.6427876096865413613, 0.000000000000000000 ) ) ;
#4005 = ORIENTED_EDGE ( 'NONE', *, *, #1659, .T. ) ;
#4006 = CARTESIAN_POINT ( 'NONE',  ( 6.579886473998325158, 8.002544093717267160, 2.000000000000000000 ) ) ;
#4007 = CARTESIAN_POINT ( 'NONE',  ( -6.623409665141561042, 23.67300049400009954, 5.506625752776472815 ) ) ;
#4008 = ORIENTED_EDGE ( 'NONE', *, *, #4134, .F. ) ;
#4009 = ORIENTED_EDGE ( 'NONE', *, *, #7004, .F. ) ;
#4010 = ORIENTED_EDGE ( 'NONE', *, *, #6449, .F. ) ;
#4011 = DIRECTION ( 'NONE',  ( 0.9907350496360611825, -0.1358089151073354484, 0.000000000000000000 ) ) ;
#4012 = CARTESIAN_POINT ( 'NONE',  ( 11.02839657629946402, -9.253923499649687301, 11.00000000000000178 ) ) ;
#4013 = ORIENTED_EDGE ( 'NONE', *, *, #3735, .F. ) ;
#4014 = CARTESIAN_POINT ( 'NONE',  ( -1.775785809460705300, -11.28970132979734942, 9.807136961252030716 ) ) ;
#4015 = VECTOR ( 'NONE', #144, 1000.000000000000000 ) ;
#4016 = DIRECTION ( 'NONE',  ( 1.000000000000000000, 0.000000000000000000, 1.734723475976807094E-15 ) ) ;
#4017 = DIRECTION ( 'NONE',  ( -0.08231402710526236621, 0.01128351997175011494, 0.9965425646297106921 ) ) ;
#4018 = CARTESIAN_POINT ( 'NONE',  ( 41.95581390697400792, 18.19111671496470706, 7.098745319168477508 ) ) ;
#4019 = CARTESIAN_POINT ( 'NONE',  ( 6.074901368421810943, 19.76649933752599253, 20.72383957502189133 ) ) ;
#4020 = VECTOR ( 'NONE', #5056, 1000.000000000000000 ) ;
#4021 = VERTEX_POINT ( 'NONE', #3164 ) ;
#4022 = EDGE_LOOP ( 'NONE', ( #5251, #1613, #7872, #6458, #4570, #313 ) ) ;
#4023 = CARTESIAN_POINT ( 'NONE',  ( 12.32064658974575266, -10.33825000932131211, 9.542893218813444989 ) ) ;
#4024 = CARTESIAN_POINT ( 'NONE',  ( 7.645761879723697696, 17.64316968554785703, 22.28749645123856382 ) ) ;
#4025 = CARTESIAN_POINT ( 'NONE',  ( 6.074901368506302468, 20.29350044061105507, 17.65428608518264753 ) ) ;
#4026 = CARTESIAN_POINT ( 'NONE',  ( 20.06924989279801252, 0.4009351017267971939, 9.749999999999994671 ) ) ;
#4027 = FACE_OUTER_BOUND ( 'NONE', #1680, .T. ) ;
#4028 = B_SPLINE_CURVE_WITH_KNOTS ( 'NONE', 3,
 ( #1428, #4837, #779, #905, #5516, #1595, #1515, #3424, #4747, #4229, #6044 ),
 .UNSPECIFIED., .F., .F.,
 ( 4, 1, 2, 2, 2, 4 ),
 ( 0.000000000000000000, 0.4406726779347601153, 0.4957567626766086755, 0.5508408474184570691, 0.6610090169021538564, 0.8813453558695472090 ),
 .UNSPECIFIED. ) ;
#4029 = EDGE_CURVE ( 'NONE', #5855, #4746, #8404, .T. ) ;
#4030 = ADVANCED_FACE ( 'NONE', ( #6943 ), #3592, .T. ) ;
#4031 = EDGE_CURVE ( 'NONE', #1848, #3234, #419, .T. ) ;
#4032 = DIRECTION ( 'NONE',  ( -1.000000000000000000, 0.000000000000000000, 0.000000000000000000 ) ) ;
#4033 = DIRECTION ( 'NONE',  ( 0.9899499129764927075, 0.1414184209989445273, -1.478935619732596246E-16 ) ) ;
#4034 = CARTESIAN_POINT ( 'NONE',  ( 5.989354543175825718, 6.595222586229462003, 6.500000000000000888 ) ) ;
#4035 = CARTESIAN_POINT ( 'NONE',  ( 47.40483542659831784, -77.08536014839516781, 7.203090613293326783 ) ) ;
#4036 = DIRECTION ( 'NONE',  ( 0.9873096472328641848, -0.1353393645606426332, -0.08308379433583115703 ) ) ;
#4037 = DIRECTION ( 'NONE',  ( 0.8209086180667705124, 0.000000000000000000, 0.5710595772629201150 ) ) ;
#4038 = CARTESIAN_POINT ( 'NONE',  ( 19.25142471417609613, 0.6461210136556765349, 10.50413429483244698 ) ) ;
#4039 = CARTESIAN_POINT ( 'NONE',  ( 43.95521608925714929, 18.95873024172880861, -1.972731940941802042 ) ) ;
#4040 = EDGE_CURVE ( 'NONE', #974, #7315, #1528, .T. ) ;
#4041 = B_SPLINE_CURVE_WITH_KNOTS ( 'NONE', 3,
 ( #4388, #3744, #6370, #5078, #452, #3101, #7703, #2621, #4689, #7873, #2072, #5892, #5932, #1324, #7914, #161, #6063, #78, #5207, #6667, #7963, #715, #6709, #3271, #2756, #1452, #5244, #2659, #4046, #3443, #2710 ),
 .UNSPECIFIED., .F., .F.,
 ( 4, 1, 2, 2, 1, 2, 2, 1, 2, 2, 2, 2, 2, 2, 2, 2, 4 ),
 ( 0.000000000000000000, 0.1250000000000196509, 0.1875000000000290878, 0.2500000000000385247, 0.3750000000000475175, 0.4375000000000520139, 0.5000000000000565104, 0.6250000000000616174, 0.6875000000000583977, 0.7500000000000552891, 0.8750000000000598410, 0.8906250000000519584, 0.9062500000000440759, 0.9375000000000288658, 0.9531250000000216493, 0.9687500000000143219, 1.000000000000000000 ),
 .UNSPECIFIED. ) ;
#4042 = CARTESIAN_POINT ( 'NONE',  ( 3.722834452014857742, 22.72139218503837554, -1.520544090463201936 ) ) ;
#4043 = EDGE_LOOP ( 'NONE', ( #5531, #371, #6508, #5814 ) ) ;
#4044 = CARTESIAN_POINT ( 'NONE',  ( 5.350865130761265576, 5.880317655821789558, 7.206142326345234217 ) ) ;
#4045 = ORIENTED_EDGE ( 'NONE', *, *, #3036, .F. ) ;
#4046 = CARTESIAN_POINT ( 'NONE',  ( 16.53177405234166031, -1.917391707744161788, 11.00941012597956004 ) ) ;
#4047 = ORIENTED_EDGE ( 'NONE', *, *, #3653, .F. ) ;
#4048 = FACE_OUTER_BOUND ( 'NONE', #2417, .T. ) ;
#4049 = DIRECTION ( 'NONE',  ( -0.000000000000000000, -0.000000000000000000, 1.000000000000000000 ) ) ;
#4050 = AXIS2_PLACEMENT_3D ( 'NONE', #3580, #7093, #2933 ) ;
#4051 = EDGE_CURVE ( 'NONE', #7580, #4567, #7246, .T. ) ;
#4052 = ORIENTED_EDGE ( 'NONE', *, *, #5085, .T. ) ;
#4053 = CARTESIAN_POINT ( 'NONE',  ( -27.31351880412992372, 18.06659532051413208, 14.66927640185472725 ) ) ;
#4054 = DIRECTION ( 'NONE',  ( 0.8324328464100201330, 0.5541259389504444854, -1.962615573354656404E-17 ) ) ;
#4055 = EDGE_LOOP ( 'NONE', ( #1328, #2255, #1837, #3355 ) ) ;
#4056 = CARTESIAN_POINT ( 'NONE',  ( 42.45926832054175293, 18.19113980308863887, 9.758432048583232543 ) ) ;
#4057 = VECTOR ( 'NONE', #4320, 1000.000000000000114 ) ;
#4058 = PLANE ( 'NONE',  #4890 ) ;
#4059 = CARTESIAN_POINT ( 'NONE',  ( 0.000000000000000000, 9.999999999999998224, 16.00000000000000000 ) ) ;
#4060 = EDGE_LOOP ( 'NONE', ( #6948, #3231, #2452, #4535 ) ) ;
#4061 = AXIS2_PLACEMENT_3D ( 'NONE', #2412, #3192, #3150 ) ;
#4062 = CARTESIAN_POINT ( 'NONE',  ( 30.50023780723907407, 9.742618459235409034, 9.749999999999992895 ) ) ;
#4063 = ORIENTED_EDGE ( 'NONE', *, *, #3759, .T. ) ;
#4064 = ORIENTED_EDGE ( 'NONE', *, *, #5392, .T. ) ;
#4065 = DIRECTION ( 'NONE',  ( -0.3918262090632226857, 0.5886189105789489950, 0.7071067811865439090 ) ) ;
#4066 = VECTOR ( 'NONE', #4386, 1000.000000000000000 ) ;
#4067 = CARTESIAN_POINT ( 'NONE',  ( -37.13770990021072294, 19.01804036365452433, 12.41672063894450773 ) ) ;
#4068 = LINE ( 'NONE', #655, #1212 ) ;
#4069 = CARTESIAN_POINT ( 'NONE',  ( 47.40483542659831784, -77.08536014839516781, 7.203090613293326783 ) ) ;
#4070 = VECTOR ( 'NONE', #220, 999.9999999999998863 ) ;
#4071 = CARTESIAN_POINT ( 'NONE',  ( -7.351203079784386141, 23.45853187042486709, 11.28951440432124365 ) ) ;
#4072 = B_SPLINE_CURVE_WITH_KNOTS ( 'NONE', 3,
 ( #8210, #2237, #4855, #5458, #2319, #7477, #967, #3608, #1575, #926 ),
 .UNSPECIFIED., .F., .F.,
 ( 4, 2, 2, 2, 4 ),
 ( -5.999999999769033431E-08, 0.001205018424021142825, 0.002410096848042283559, 0.003615175272063421690, 0.004820253696084559822 ),
 .UNSPECIFIED. ) ;
#4073 = CIRCLE ( 'NONE', #764, 1.000000000000000000 ) ;
#4074 = CARTESIAN_POINT ( 'NONE',  ( 35.64005297390797011, 20.09856402680680532, -6.682538275729676513 ) ) ;
#4075 = DIRECTION ( 'NONE',  ( 0.000000000000000000, -1.000000000000000000, -2.777029529349945847E-16 ) ) ;
#4076 = PLANE ( 'NONE',  #6686 ) ;
#4077 = CARTESIAN_POINT ( 'NONE',  ( -26.40456643708022000, 19.57004064862750781, 2.752209047489496907 ) ) ;
#4078 = EDGE_CURVE ( 'NONE', #1986, #3416, #1214, .T. ) ;
#4079 = AXIS2_PLACEMENT_3D ( 'NONE', #723, #2553, #4540 ) ;
#4080 = CARTESIAN_POINT ( 'NONE',  ( -18.61072300503311894, 17.93604903361325142, 0.2357916031037378957 ) ) ;
#4081 = FACE_OUTER_BOUND ( 'NONE', #4055, .T. ) ;
#4082 = CARTESIAN_POINT ( 'NONE',  ( 41.40483542659832494, 18.19113980308873835, 11.79199602631261179 ) ) ;
#4083 = CARTESIAN_POINT ( 'NONE',  ( 3.722896266897179895, 20.27273295206200743, -2.943355797602166479 ) ) ;
#4084 = ORIENTED_EDGE ( 'NONE', *, *, #6041, .F. ) ;
#4085 = CARTESIAN_POINT ( 'NONE',  ( 20.06455229590671507, 0.3978080503382920297, 7.457106781186559452 ) ) ;
#4086 = EDGE_LOOP ( 'NONE', ( #5563, #6839, #461, #3529 ) ) ;
#4087 = CARTESIAN_POINT ( 'NONE',  ( 0.000000000000000000, 20.11110936274824113, 0.000000000000000000 ) ) ;
#4088 = DIRECTION ( 'NONE',  ( 0.000000000000000000, 0.000000000000000000, 1.000000000000000000 ) ) ;
#4089 = EDGE_CURVE ( 'NONE', #5464, #2816, #5260, .T. ) ;
#4090 = ADVANCED_FACE ( 'NONE', ( #2039 ), #3288, .T. ) ;
#4091 = ADVANCED_FACE ( 'NONE', ( #3978 ), #564, .T. ) ;
#4092 = CARTESIAN_POINT ( 'NONE',  ( 16.94752652298166140, -9.367937158056207636, 9.500000000000001776 ) ) ;
#4093 = VERTEX_POINT ( 'NONE', #5820 ) ;
#4094 = CARTESIAN_POINT ( 'NONE',  ( -26.40456643708022000, 19.57004064862751136, 14.24779095251050087 ) ) ;
#4095 = CARTESIAN_POINT ( 'NONE',  ( 38.76774932029735510, 19.21926480921703018, -3.421219563417610576 ) ) ;
#4096 = CARTESIAN_POINT ( 'NONE',  ( 4.074901368506302468, 22.88512733511037567, 0.8515894354418388490 ) ) ;
#4097 = VERTEX_POINT ( 'NONE', #8 ) ;
#4098 = CARTESIAN_POINT ( 'NONE',  ( 26.46106121030195979, 7.224771826409574160, 10.00000000000000000 ) ) ;
#4099 = ADVANCED_FACE ( 'NONE', ( #4538 ), #4620, .T. ) ;
#4100 = DIRECTION ( 'NONE',  ( -0.7660444431189771253, 0.6427876096865403621, 0.000000000000000000 ) ) ;
#4101 = LINE ( 'NONE', #3455, #4908 ) ;
#4102 = ORIENTED_EDGE ( 'NONE', *, *, #7491, .T. ) ;
#4103 =( BOUNDED_CURVE ( )  B_SPLINE_CURVE ( 3, ( #828, #867, #188, #5404 ),
 .UNSPECIFIED., .F., .F. ) 
 B_SPLINE_CURVE_WITH_KNOTS ( ( 4, 4 ),
 ( 6.271912549461911901, 6.330510836271556308 ),
 .UNSPECIFIED. ) 
 CURVE ( )  GEOMETRIC_REPRESENTATION_ITEM ( )  RATIONAL_B_SPLINE_CURVE ( ( 1.000000000000000000, 0.9997138738679647307, 0.9997138738679647307, 1.000000000000000000 ) ) 
 REPRESENTATION_ITEM ( '' )  );
#4104 = VECTOR ( 'NONE', #5535, 1000.000000000000227 ) ;
#4105 = LINE ( 'NONE', #1470, #3599 ) ;
#4106 = ORIENTED_EDGE ( 'NONE', *, *, #3458, .F. ) ;
#4107 = AXIS2_PLACEMENT_3D ( 'NONE', #3126, #3682, #5145 ) ;
#4108 = ORIENTED_EDGE ( 'NONE', *, *, #899, .T. ) ;
#4109 = ORIENTED_EDGE ( 'NONE', *, *, #7044, .T. ) ;
#4110 = CARTESIAN_POINT ( 'NONE',  ( 20.08798780000336492, 0.4134083726565863093, 7.458003006067182028 ) ) ;
#4111 = EDGE_CURVE ( 'NONE', #4392, #1409, #1111, .T. ) ;
#4112 = CARTESIAN_POINT ( 'NONE',  ( 39.16328186600821937, 17.19067476392146077, 6.500000000000000888 ) ) ;
#4113 = CARTESIAN_POINT ( 'NONE',  ( 6.074901368506302468, 18.57571226127394226, -1.652408764570769684 ) ) ;
#4114 = CARTESIAN_POINT ( 'NONE',  ( 16.52762952886565273, -1.922330958486287100, 5.872272421824576760 ) ) ;
#4115 = CIRCLE ( 'NONE', #2456, 2.649999999999999467 ) ;
#4116 = CARTESIAN_POINT ( 'NONE',  ( 4.760878997294996751, 7.171152609699422698, 10.34600511888781504 ) ) ;
#4117 = CARTESIAN_POINT ( 'NONE',  ( 16.18254579313375174, 0.000000000000000000, 17.00000000000000000 ) ) ;
#4118 = ADVANCED_FACE ( 'NONE', ( #6474 ), #8129, .T. ) ;
#4119 = DIRECTION ( 'NONE',  ( -0.000000000000000000, 0.000000000000000000, 1.000000000000000000 ) ) ;
#4120 = DIRECTION ( 'NONE',  ( -0.000000000000000000, 1.000000000000000000, -0.000000000000000000 ) ) ;
#4121 = FACE_OUTER_BOUND ( 'NONE', #6433, .T. ) ;
#4122 = CARTESIAN_POINT ( 'NONE',  ( 14.67674341117114345, -2.000000000000000444, 0.000000000000000000 ) ) ;
#4123 = CARTESIAN_POINT ( 'NONE',  ( 16.90125573301660111, 16.31708604308349919, 17.00000000000000000 ) ) ;
#4124 = CARTESIAN_POINT ( 'NONE',  ( 39.80879731312482761, 18.18997571433710192, 6.646446609406730488 ) ) ;
#4125 = CARTESIAN_POINT ( 'NONE',  ( 6.074901368490058573, 19.76630777971287500, -3.723950873209118217 ) ) ;
#4126 = ORIENTED_EDGE ( 'NONE', *, *, #5071, .F. ) ;
#4127 = CARTESIAN_POINT ( 'NONE',  ( 17.87907705332156993, -1.056998215504249217, 9.858816273123867546 ) ) ;
#4128 = ORIENTED_EDGE ( 'NONE', *, *, #761, .F. ) ;
#4129 = CARTESIAN_POINT ( 'NONE',  ( 18.68291759793781637, 0.1102627140073495354, 6.475282056103058181 ) ) ;
#4130 = DIRECTION ( 'NONE',  ( 0.000000000000000000, -1.000000000000000000, 0.000000000000000000 ) ) ;
#4131 = CARTESIAN_POINT ( 'NONE',  ( 86.10117280021606234, 18.19113980308874190, 8.500000000000000000 ) ) ;
#4132 = CARTESIAN_POINT ( 'NONE',  ( -1.228356141245936728, 24.14783939804858903, 15.52670962569657220 ) ) ;
#4133 = EDGE_CURVE ( 'NONE', #722, #3200, #1295, .T. ) ;
#4134 = EDGE_CURVE ( 'NONE', #722, #6593, #8263, .T. ) ;
#4135 = EDGE_CURVE ( 'NONE', #7026, #7752, #3695, .T. ) ;
#4136 = EDGE_LOOP ( 'NONE', ( #7660, #3235, #6206, #3119, #3236, #261 ) ) ;
#4137 = CARTESIAN_POINT ( 'NONE',  ( 16.46245746477759297, -2.000000000000001776, 10.65315397641930772 ) ) ;
#4138 = ORIENTED_EDGE ( 'NONE', *, *, #3136, .F. ) ;
#4139 = DIRECTION ( 'NONE',  ( 0.000000000000000000, 0.000000000000000000, 1.000000000000000000 ) ) ;
#4140 = ORIENTED_EDGE ( 'NONE', *, *, #4924, .F. ) ;
#4141 = CARTESIAN_POINT ( 'NONE',  ( 33.40483542659831784, 19.91608737267181439, 20.90975804476655853 ) ) ;
#4142 = LINE ( 'NONE', #6076, #7251 ) ;
#4143 = EDGE_LOOP ( 'NONE', ( #1299, #1025, #4165, #7361 ) ) ;
#4144 = FACE_OUTER_BOUND ( 'NONE', #1648, .T. ) ;
#4145 = ADVANCED_FACE ( 'NONE', ( #4786 ), #6080, .T. ) ;
#4146 = VERTEX_POINT ( 'NONE', #5627 ) ;
#4147 = VERTEX_POINT ( 'NONE', #3011 ) ;
#4148 = ORIENTED_EDGE ( 'NONE', *, *, #759, .T. ) ;
#4149 = DIRECTION ( 'NONE',  ( 0.000000000000000000, 0.000000000000000000, -1.000000000000000000 ) ) ;
#4150 =( BOUNDED_CURVE ( )  B_SPLINE_CURVE ( 3, ( #1569, #8205, #4163, #2313 ),
 .UNSPECIFIED., .F., .F. ) 
 B_SPLINE_CURVE_WITH_KNOTS ( ( 4, 4 ),
 ( 4.709797422883226226, 4.712388980384693227 ),
 .UNSPECIFIED. ) 
 CURVE ( )  GEOMETRIC_REPRESENTATION_ITEM ( )  RATIONAL_B_SPLINE_CURVE ( ( 1.000000000000000000, 0.9999994403192213888, 0.9999994403192213888, 1.000000000000000000 ) ) 
 REPRESENTATION_ITEM ( '' )  );
#4151 = LINE ( 'NONE', #4838, #3094 ) ;
#4152 = CARTESIAN_POINT ( 'NONE',  ( -16.25014074174950807, 18.19113980309264633, 9.796909386706674994 ) ) ;
#4153 = DIRECTION ( 'NONE',  ( 0.000000000000000000, 0.000000000000000000, 1.000000000000000000 ) ) ;
#4154 = AXIS2_PLACEMENT_3D ( 'NONE', #2423, #467, #4312 ) ;
#4155 = EDGE_CURVE ( 'NONE', #3887, #3055, #6321, .T. ) ;
#4156 = CARTESIAN_POINT ( 'NONE',  ( 44.01750267280102236, 18.50184096530445998, -2.794782343191069440 ) ) ;
#4157 = DIRECTION ( 'NONE',  ( 0.7660444431189771253, -0.6427876096865402511, -3.421138828918010047E-49 ) ) ;
#4158 = CARTESIAN_POINT ( 'NONE',  ( 25.52171736970302618, 6.105305429694552366, 6.500000000000000888 ) ) ;
#4159 = PLANE ( 'NONE',  #3796 ) ;
#4160 = CARTESIAN_POINT ( 'NONE',  ( 33.40483542659831784, 18.18854554773241716, 10.50000000000000178 ) ) ;
#4161 = LINE ( 'NONE', #2830, #5331 ) ;
#4162 = CARTESIAN_POINT ( 'NONE',  ( 41.46806881799867739, 19.54286102719845530, -35.16728700348639336 ) ) ;
#4163 = CARTESIAN_POINT ( 'NONE',  ( 47.42201632110309362, 21.20875422386007259, 14.23397434154498242 ) ) ;
#4164 = CARTESIAN_POINT ( 'NONE',  ( 4.074901368506290922, 22.88512733511038277, 16.14841056455815504 ) ) ;
#4165 = ORIENTED_EDGE ( 'NONE', *, *, #3547, .T. ) ;
#4166 = CARTESIAN_POINT ( 'NONE',  ( 16.70202856087600196, -1.840524603103508072, 10.40433032644157940 ) ) ;
#4167 = CARTESIAN_POINT ( 'NONE',  ( 16.61151252065745965, -1.842250634387481378, 6.130318210949469382 ) ) ;
#4168 = CARTESIAN_POINT ( 'NONE',  ( 7.028469661759873865, 24.02060967418080040, -7.584017203961006537 ) ) ;
#4169 = CARTESIAN_POINT ( 'NONE',  ( 6.892660746652538251, 23.02987462454473899, 24.58401720396100743 ) ) ;
#4170 = DIRECTION ( 'NONE',  ( -3.321695084007204281E-12, 1.000000000000000000, 0.000000000000000000 ) ) ;
#4171 = ORIENTED_EDGE ( 'NONE', *, *, #5772, .T. ) ;
#4172 = DIRECTION ( 'NONE',  ( 0.000000000000000000, -0.000000000000000000, 1.000000000000000000 ) ) ;
#4173 = VERTEX_POINT ( 'NONE', #4979 ) ;
#4174 = DIRECTION ( 'NONE',  ( -0.6427876096865398070, -0.7660444431189775694, -2.470638806179267445E-15 ) ) ;
#4175 = ORIENTED_EDGE ( 'NONE', *, *, #6337, .F. ) ;
#4176 = CARTESIAN_POINT ( 'NONE',  ( 35.64005297390840354, 20.09856402680674492, 6.268952065952295705 ) ) ;
#4177 = CARTESIAN_POINT ( 'NONE',  ( 16.87291315458012519, -1.726771780462218464, 10.27825733045706080 ) ) ;
#4178 = PLANE ( 'NONE',  #6424 ) ;
#4179 = ORIENTED_EDGE ( 'NONE', *, *, #5732, .T. ) ;
#4180 = ADVANCED_FACE ( 'NONE', ( #7329 ), #776, .F. ) ;
#4181 = DIRECTION ( 'NONE',  ( 4.710295997564994764E-17, 6.280355868556661050E-17, 1.000000000000000000 ) ) ;
#4182 = EDGE_CURVE ( 'NONE', #2506, #4308, #2126, .T. ) ;
#4183 = ORIENTED_EDGE ( 'NONE', *, *, #4980, .T. ) ;
#4184 = EDGE_LOOP ( 'NONE', ( #440, #4481, #3017, #4013 ) ) ;
#4185 = ORIENTED_EDGE ( 'NONE', *, *, #6930, .F. ) ;
#4186 = DIRECTION ( 'NONE',  ( -0.8324328464100201330, -0.5541259389504444854, -1.962615573354781513E-17 ) ) ;
#4187 = FACE_OUTER_BOUND ( 'NONE', #8343, .T. ) ;
#4188 = EDGE_CURVE ( 'NONE', #4579, #1105, #8427, .T. ) ;
#4189 = EDGE_CURVE ( 'NONE', #7458, #8215, #4105, .T. ) ;
#4190 = EDGE_CURVE ( 'NONE', #341, #7690, #6673, .T. ) ;
#4191 = DIRECTION ( 'NONE',  ( -1.000000000000000000, 0.000000000000000000, 0.000000000000000000 ) ) ;
#4192 = LINE ( 'NONE', #2260, #2058 ) ;
#4193 = CONICAL_SURFACE ( 'NONE', #874, 20.75000000000001776, 0.7853981633974540522 ) ;
#4194 = VECTOR ( 'NONE', #1049, 1000.000000000000000 ) ;
#4195 = CARTESIAN_POINT ( 'NONE',  ( -7.571939081592159226, 23.24163245652536602, 10.78626746603696596 ) ) ;
#4196 = FACE_OUTER_BOUND ( 'NONE', #162, .T. ) ;
#4197 = DIRECTION ( 'NONE',  ( 0.000000000000000000, 0.000000000000000000, 1.000000000000000000 ) ) ;
#4198 = DIRECTION ( 'NONE',  ( 0.000000000000000000, 0.000000000000000000, 1.000000000000000000 ) ) ;
#4199 = DIRECTION ( 'NONE',  ( 0.5541259389504479271, -0.8324328464100179126, 0.000000000000000000 ) ) ;
#4200 = EDGE_CURVE ( 'NONE', #2554, #2506, #5384, .T. ) ;
#4201 = CARTESIAN_POINT ( 'NONE',  ( 39.25125892410040507, 17.07359937514923587, 10.35355339059327839 ) ) ;
#4202 = CARTESIAN_POINT ( 'NONE',  ( 40.73495594022866584, 19.83273922365604847, -18.11652866589649946 ) ) ;
#4203 = CYLINDRICAL_SURFACE ( 'NONE', #8413, 1.000000000000000666 ) ;
#4204 = VECTOR ( 'NONE', #3636, 1000.000000000000000 ) ;
#4205 = B_SPLINE_CURVE_WITH_KNOTS ( 'NONE', 3,
 ( #3515, #5491, #4327, #6871, #6954, #4932, #6224, #4287, #961, #4806, #6268, #7472 ),
 .UNSPECIFIED., .F., .F.,
 ( 4, 2, 2, 2, 2, 4 ),
 ( 0.000000000000000000, 0.0004636623695833426016, 0.0009273247391666852033, 0.001390987108750027642, 0.001622818293541698157, 0.001854649478333368672 ),
 .UNSPECIFIED. ) ;
#4206 = CARTESIAN_POINT ( 'NONE',  ( 25.52171736970302618, 6.105305429694551478, 6.500000000000000888 ) ) ;
#4207 = ORIENTED_EDGE ( 'NONE', *, *, #4597, .F. ) ;
#4208 = LINE ( 'NONE', #2917, #5434 ) ;
#4209 = VECTOR ( 'NONE', #8459, 1000.000000000000114 ) ;
#4210 = CARTESIAN_POINT ( 'NONE',  ( 17.95949817642764401, -0.5716415415989736237, 6.419979788428348932 ) ) ;
#4211 = CARTESIAN_POINT ( 'NONE',  ( -28.06256458244927998, 18.50046414760277713, 12.59024000312695613 ) ) ;
#4212 = CARTESIAN_POINT ( 'NONE',  ( 14.67674341117114345, -2.000000000000000444, -0.0002055618314386609136 ) ) ;
#4213 = DIRECTION ( 'NONE',  ( -0.000000000000000000, -1.000000000000000000, -0.000000000000000000 ) ) ;
#4214 = VERTEX_POINT ( 'NONE', #4336 ) ;
#4215 = CARTESIAN_POINT ( 'NONE',  ( 44.03402589208899087, 18.94792707712253943, 19.50110891393881474 ) ) ;
#4216 = ORIENTED_EDGE ( 'NONE', *, *, #6291, .T. ) ;
#4217 = B_SPLINE_CURVE_WITH_KNOTS ( 'NONE', 3,
 ( #3825, #5663, #489, #5158, #2398, #6362, #4379, #8338, #7010, #6406, #5066, #3736, #7696, #1799, #707, #5235, #791, #4593, #3349, #7180, #2651, #7952 ),
 .UNSPECIFIED., .F., .F.,
 ( 4, 2, 2, 2, 2, 2, 2, 2, 2, 2, 4 ),
 ( 0.005699952539530071978, 0.006042236185896584892, 0.006384519832263098674, 0.007069087124996108890, 0.007753654417729119105, 0.008438221710462129321, 0.009122789003195139537, 0.009807356295928149753, 0.01049192358866116170, 0.01083420723502767288, 0.01117649088139418580 ),
 .UNSPECIFIED. ) ;
#4218 = CARTESIAN_POINT ( 'NONE',  ( 20.01341603534489622, 0.4834614419241051175, 7.150351435084677298 ) ) ;
#4219 = ORIENTED_EDGE ( 'NONE', *, *, #1269, .T. ) ;
#4220 = CARTESIAN_POINT ( 'NONE',  ( 52.16712193127420960, 20.11110936274824468, 8.500000000000000000 ) ) ;
#4221 = EDGE_CURVE ( 'NONE', #411, #6332, #4703, .T. ) ;
#4222 = PLANE ( 'NONE',  #2584 ) ;
#4223 = LINE ( 'NONE', #5510, #2715 ) ;
#4224 = ORIENTED_EDGE ( 'NONE', *, *, #5461, .F. ) ;
#4225 = AXIS2_PLACEMENT_3D ( 'NONE', #1634, #8141, #2370 ) ;
#4226 = ORIENTED_EDGE ( 'NONE', *, *, #2341, .T. ) ;
#4227 = VERTEX_POINT ( 'NONE', #1424 ) ;
#4228 = ORIENTED_EDGE ( 'NONE', *, *, #6765, .T. ) ;
#4229 = CARTESIAN_POINT ( 'NONE',  ( 16.44405421493080866, -2.000000000000000000, 6.135812340951734889 ) ) ;
#4230 = AXIS2_PLACEMENT_3D ( 'NONE', #939, #4828, #2369 ) ;
#4231 = CARTESIAN_POINT ( 'NONE',  ( -36.57535960924175811, 11.32057756918643676, -0.003091273575747438725 ) ) ;
#4232 = FACE_OUTER_BOUND ( 'NONE', #259, .T. ) ;
#4233 = CARTESIAN_POINT ( 'NONE',  ( 43.72214197132445435, 21.07726114113354754, 12.51285896999880798 ) ) ;
#4234 = EDGE_CURVE ( 'NONE', #7330, #2948, #2171, .T. ) ;
#4235 = ADVANCED_FACE ( 'NONE', ( #7418 ), #6685, .F. ) ;
#4236 = CARTESIAN_POINT ( 'NONE',  ( 30.75622152690925404, 15.61336031206748309, 7.500000000000000888 ) ) ;
#4237 = DIRECTION ( 'NONE',  ( -0.000000000000000000, -0.000000000000000000, 1.000000000000000000 ) ) ;
#4238 = CARTESIAN_POINT ( 'NONE',  ( 5.409737478318104920, 5.775941260374670705, 6.500000000000000888 ) ) ;
#4239 = CARTESIAN_POINT ( 'NONE',  ( 20.55215765794530469, 1.872163087572065621, 10.50000000000000000 ) ) ;
#4240 = CARTESIAN_POINT ( 'NONE',  ( -6.383371515049497624, 23.41142422712122340, 0.9492181666142986973 ) ) ;
#4241 = AXIS2_PLACEMENT_3D ( 'NONE', #831, #3474, #2831 ) ;
#4242 = CARTESIAN_POINT ( 'NONE',  ( -0.06861838469794971640, 17.56066734885345682, -3.739536362907557532 ) ) ;
#4243 = CARTESIAN_POINT ( 'NONE',  ( 35.64005297390797011, 20.09856402680679821, 6.816238958235965484 ) ) ;
#4244 = VECTOR ( 'NONE', #7028, 1000.000000000000000 ) ;
#4245 = PLANE ( 'NONE',  #3335 ) ;
#4246 = ADVANCED_FACE ( 'NONE', ( #4144 ), #6764, .T. ) ;
#4247 = AXIS2_PLACEMENT_3D ( 'NONE', #2931, #4174, #890 ) ;
#4248 = CARTESIAN_POINT ( 'NONE',  ( 3.203503070812647291, -15.46782079275986099, 13.09549893459752212 ) ) ;
#4249 = ORIENTED_EDGE ( 'NONE', *, *, #3758, .F. ) ;
#4250 = VECTOR ( 'NONE', #8284, 1000.000000000000114 ) ;
#4251 = CARTESIAN_POINT ( 'NONE',  ( 3.396390117831716626, 18.18869090258178645, 6.518933857646048047 ) ) ;
#4252 = CARTESIAN_POINT ( 'NONE',  ( 16.85107935279164693, -1.616426208582333546, 6.220900566507776119 ) ) ;
#4253 = CARTESIAN_POINT ( 'NONE',  ( 40.26590409431137374, 18.18997571433710192, 7.103553390593284611 ) ) ;
#4254 = CARTESIAN_POINT ( 'NONE',  ( 34.21146180536733539, 18.18904140917254253, 6.570127459618531951 ) ) ;
#4255 = CARTESIAN_POINT ( 'NONE',  ( 35.64005297390885829, 20.09856402680668808, 15.19314380214478000 ) ) ;
#4256 = EDGE_CURVE ( 'NONE', #3818, #4496, #7581, .T. ) ;
#4257 = EDGE_LOOP ( 'NONE', ( #1509, #6526, #795, #4216 ) ) ;
#4258 = CARTESIAN_POINT ( 'NONE',  ( 5.391624560436410363, 5.791139803088745985, 2.000000000000000000 ) ) ;
#4259 = ORIENTED_EDGE ( 'NONE', *, *, #970, .F. ) ;
#4260 = SHAPE_DEFINITION_REPRESENTATION ( #7469, #1329 ) ;
#4261 = LINE ( 'NONE', #7447, #6591 ) ;
#4262 = VERTEX_POINT ( 'NONE', #5470 ) ;
#4263 = CARTESIAN_POINT ( 'NONE',  ( 47.40483542659831784, 18.48586006325911413, -1.448537420077292026 ) ) ;
#4264 = DIRECTION ( 'NONE',  ( 1.000000000000000000, 0.000000000000000000, 0.000000000000000000 ) ) ;
#4265 = DIRECTION ( 'NONE',  ( 0.08231402710526235234, -0.01128351997175026239, 0.9965425646297108031 ) ) ;
#4266 = ORIENTED_EDGE ( 'NONE', *, *, #2414, .F. ) ;
#4267 = B_SPLINE_CURVE_WITH_KNOTS ( 'NONE', 3,
 ( #592, #8480, #2582, #7662, #3747, #7840, #6373, #4391, #1941, #7192 ),
 .UNSPECIFIED., .F., .F.,
 ( 4, 3, 3, 4 ),
 ( 0.000000000000000000, 0.004000000000005238081, 0.005170333522571389853, 0.007418360339439834458 ),
 .UNSPECIFIED. ) ;
#4268 = AXIS2_PLACEMENT_3D ( 'NONE', #5567, #3598, #7510 ) ;
#4269 = ORIENTED_EDGE ( 'NONE', *, *, #235, .F. ) ;
#4270 = ORIENTED_EDGE ( 'NONE', *, *, #1534, .T. ) ;
#4271 = VERTEX_POINT ( 'NONE', #8103 ) ;
#4272 = DIRECTION ( 'NONE',  ( 0.000000000000000000, 0.000000000000000000, -1.000000000000000000 ) ) ;
#4273 = CARTESIAN_POINT ( 'NONE',  ( -41.76744358971060933, 18.35666384406261287, 5.124970131545389940 ) ) ;
#4274 = DIRECTION ( 'NONE',  ( 0.1358089151073355039, 0.9907350496360611825, 1.526556658859589997E-16 ) ) ;
#4275 = CARTESIAN_POINT ( 'NONE',  ( 16.53172718042451805, -1.917447567519800611, 5.995817357719694485 ) ) ;
#4276 = VERTEX_POINT ( 'NONE', #6805 ) ;
#4277 = CARTESIAN_POINT ( 'NONE',  ( -0.7985740948755964963, 25.21938764959793389, 6.213732533963025162 ) ) ;
#4278 = ORIENTED_EDGE ( 'NONE', *, *, #1161, .F. ) ;
#4279 = DIRECTION ( 'NONE',  ( -0.5149888309844115053, 0.4321269381394394204, 0.7403058917066258626 ) ) ;
#4280 = CARTESIAN_POINT ( 'NONE',  ( 21.48617592373098972, 2.493911437312732904, 6.500000000000000888 ) ) ;
#4281 = CARTESIAN_POINT ( 'NONE',  ( -1.009736708665364802, 24.17907008411801684, 11.12462566163598510 ) ) ;
#4282 = CARTESIAN_POINT ( 'NONE',  ( 32.40483542659831784, 18.19113980308874190, 7.500000000000000888 ) ) ;
#4283 = CIRCLE ( 'NONE', #5249, 1.000000000000000888 ) ;
#4284 = LINE ( 'NONE', #1524, #3688 ) ;
#4285 = CARTESIAN_POINT ( 'NONE',  ( 35.64005297390797011, 20.09856402680680532, 15.26847860671523627 ) ) ;
#4286 = EDGE_CURVE ( 'NONE', #6198, #2596, #2216, .T. ) ;
#4287 = CARTESIAN_POINT ( 'NONE',  ( 5.329049644672728903, 5.928047916554307406, 9.854834382026021800 ) ) ;
#4288 = EDGE_CURVE ( 'NONE', #8018, #5808, #4933, .T. ) ;
#4289 = CIRCLE ( 'NONE', #5118, 0.4999999999999995004 ) ;
#4290 = CARTESIAN_POINT ( 'NONE',  ( 3.467932343692218478, 8.182826170408873168, 7.500000000000000888 ) ) ;
#4291 = ORIENTED_EDGE ( 'NONE', *, *, #5868, .F. ) ;
#4292 = LINE ( 'NONE', #4768, #4879 ) ;
#4293 = CARTESIAN_POINT ( 'NONE',  ( 18.53411873908784813, -0.03000539355873296093, 6.466770712217673633 ) ) ;
#4294 = CARTESIAN_POINT ( 'NONE',  ( 69.43571380615065891, 18.19113980308874190, 8.500000000000000000 ) ) ;
#4295 = CARTESIAN_POINT ( 'NONE',  ( 16.55425282562071487, -1.926475085841184987, 10.66917145775821041 ) ) ;
#4296 = EDGE_CURVE ( 'NONE', #418, #1197, #1845, .T. ) ;
#4297 = VERTEX_POINT ( 'NONE', #1890 ) ;
#4298 = CARTESIAN_POINT ( 'NONE',  ( -26.06256458244927998, 18.57986623873934207, -5.590280349210904554 ) ) ;
#4299 = ORIENTED_EDGE ( 'NONE', *, *, #8386, .F. ) ;
#4300 = FACE_OUTER_BOUND ( 'NONE', #1572, .T. ) ;
#4301 = ORIENTED_EDGE ( 'NONE', *, *, #3886, .F. ) ;
#4302 = CARTESIAN_POINT ( 'NONE',  ( 0.000000000000000000, 0.000000000000000000, 6.500000000000000888 ) ) ;
#4303 = DIRECTION ( 'NONE',  ( 1.000000000000000000, 0.000000000000000000, 0.000000000000000000 ) ) ;
#4304 = ORIENTED_EDGE ( 'NONE', *, *, #3934, .T. ) ;
#4305 = EDGE_CURVE ( 'NONE', #7580, #167, #4966, .T. ) ;
#4306 = EDGE_LOOP ( 'NONE', ( #770, #816, #2668, #3519 ) ) ;
#4307 = ORIENTED_EDGE ( 'NONE', *, *, #4784, .T. ) ;
#4308 = VERTEX_POINT ( 'NONE', #540 ) ;
#4309 = LINE ( 'NONE', #4994, #3494 ) ;
#4310 = PLANE ( 'NONE',  #1160 ) ;
#4311 = EDGE_CURVE ( 'NONE', #1688, #5595, #7652, .T. ) ;
#4312 = DIRECTION ( 'NONE',  ( -0.9899499129764925964, -0.1414184209989443330, 0.000000000000000000 ) ) ;
#4313 = CARTESIAN_POINT ( 'NONE',  ( 5.225820116433489204, 5.935298195697310319, 10.50000000000000178 ) ) ;
#4314 = AXIS2_PLACEMENT_3D ( 'NONE', #1143, #7781, #5153 ) ;
#4315 =( BOUNDED_CURVE ( )  B_SPLINE_CURVE ( 3, ( #4363, #524, #1084, #5784 ),
 .UNSPECIFIED., .F., .F. ) 
 B_SPLINE_CURVE_WITH_KNOTS ( ( 4, 4 ),
 ( 2.248795664526121119, 2.258055987340002346 ),
 .UNSPECIFIED. ) 
 CURVE ( )  GEOMETRIC_REPRESENTATION_ITEM ( )  RATIONAL_B_SPLINE_CURVE ( ( 1.000000000000000000, 0.9999928538812152823, 0.9999928538812152823, 1.000000000000000000 ) ) 
 REPRESENTATION_ITEM ( '' )  );
#4316 = ORIENTED_EDGE ( 'NONE', *, *, #1182, .F. ) ;
#4317 = FACE_BOUND ( 'NONE', #1806, .T. ) ;
#4318 = VERTEX_POINT ( 'NONE', #5160 ) ;
#4319 = CARTESIAN_POINT ( 'NONE',  ( 3.722964681832331646, 17.46002903365550551, 21.57770320692674204 ) ) ;
#4320 = DIRECTION ( 'NONE',  ( 0.5416752204196965126, -0.4545194776720417607, 0.7071067811865527908 ) ) ;
#4321 = FACE_OUTER_BOUND ( 'NONE', #120, .T. ) ;
#4322 = DIRECTION ( 'NONE',  ( 0.7660444431189739056, -0.6427876096865442479, 0.000000000000000000 ) ) ;
#4323 = VECTOR ( 'NONE', #4916, 1000.000000000000114 ) ;
#4324 = B_SPLINE_CURVE_WITH_KNOTS ( 'NONE', 3,
 ( #6346, #431, #2734, #6645, #1388, #692, #1300, #6003, #568, #607, #7893, #5867, #7938, #7253 ),
 .UNSPECIFIED., .F., .F.,
 ( 4, 2, 2, 2, 2, 2, 4 ),
 ( 0.000000000000000000, 0.0009654749013980620060, 0.001930949802796124012, 0.002413687253495150516, 0.002896424704194177236, 0.003379162154893203956, 0.003861899605592230677 ),
 .UNSPECIFIED. ) ;
#4325 = CARTESIAN_POINT ( 'NONE',  ( 52.16712193127420960, 18.19522307414349171, 10.25000000000000355 ) ) ;
#4326 = DIRECTION ( 'NONE',  ( -0.000000000000000000, -0.000000000000000000, -1.000000000000000000 ) ) ;
#4327 = CARTESIAN_POINT ( 'NONE',  ( 4.889132591155718188, 6.890545638577600052, 10.30729387275597908 ) ) ;
#4328 = CARTESIAN_POINT ( 'NONE',  ( 5.391624560436410363, 5.791139803088745097, 9.500000000000001776 ) ) ;
#4329 = ORIENTED_EDGE ( 'NONE', *, *, #3137, .T. ) ;
#4330 = DIRECTION ( 'NONE',  ( 1.000000000000000000, 0.000000000000000000, 0.000000000000000000 ) ) ;
#4331 = CARTESIAN_POINT ( 'NONE',  ( 16.58541608413753110, -1.866844800255655246, 5.871154967225141519 ) ) ;
#4332 = CARTESIAN_POINT ( 'NONE',  ( -12.63017267605009586, 17.83526053382592735, 18.02859555185365537 ) ) ;
#4333 = TOROIDAL_SURFACE ( 'NONE', #3100, 3.000000000000000000, 1.000000000000000000 ) ;
#4334 = CARTESIAN_POINT ( 'NONE',  ( 4.568200737645335963, 8.112143727931739434, 6.526819306598672377 ) ) ;
#4335 = CARTESIAN_POINT ( 'NONE',  ( -21.92509863149369664, 21.19113980308874190, 5.000000000000002665 ) ) ;
#4336 = CARTESIAN_POINT ( 'NONE',  ( 47.40483542659831784, 18.08776577269485841, 2.766025658455019354 ) ) ;
#4337 = AXIS2_PLACEMENT_3D ( 'NONE', #4844, #4279, #5443 ) ;
#4338 = DIRECTION ( 'NONE',  ( -0.7994407603325167644, -0.6007449298320939324, 1.962615573354637607E-17 ) ) ;
#4339 = ORIENTED_EDGE ( 'NONE', *, *, #5182, .F. ) ;
#4340 = CARTESIAN_POINT ( 'NONE',  ( 5.391624560436410363, 5.791139803088745097, -0.0002055618314386609136 ) ) ;
#4341 = EDGE_CURVE ( 'NONE', #7026, #6568, #1835, .T. ) ;
#4343 = ORIENTED_EDGE ( 'NONE', *, *, #1755, .T. ) ;
#4342 = EDGE_CURVE ( 'NONE', #5737, #1284, #1801, .T. ) ;
#4344 = DIRECTION ( 'NONE',  ( 0.7660444431189771253, -0.6427876096865405842, 0.000000000000000000 ) ) ;
#4345 = EDGE_LOOP ( 'NONE', ( #1719, #117, #6583, #294 ) ) ;
#4346 = AXIS2_PLACEMENT_3D ( 'NONE', #7094, #4467, #5704 ) ;
#4347 = CARTESIAN_POINT ( 'NONE',  ( -4.425636533496081881, 24.44870881733221069, 8.500000000000000000 ) ) ;
#4348 = CARTESIAN_POINT ( 'NONE',  ( 47.40483542659831784, 0.000000000000000000, 17.00000000000000000 ) ) ;
#4349 = ORIENTED_EDGE ( 'NONE', *, *, #1714, .F. ) ;
#4350 = VECTOR ( 'NONE', #4416, 1000.000000000000000 ) ;
#4351 = VECTOR ( 'NONE', #1807, 1000.000000000000114 ) ;
#4352 = ORIENTED_EDGE ( 'NONE', *, *, #7599, .F. ) ;
#4353 = EDGE_CURVE ( 'NONE', #1105, #6938, #5024, .T. ) ;
#4354 = EDGE_LOOP ( 'NONE', ( #5176, #6644, #1775, #850, #204, #5193, #5059, #7800, #6804, #8397, #8353, #8184, #5594, #8285, #2373, #5305, #6237, #6441 ) ) ;
#4355 = ORIENTED_EDGE ( 'NONE', *, *, #3301, .F. ) ;
#4356 = CARTESIAN_POINT ( 'NONE',  ( 16.50463475098236543, -1.971923827342965119, 6.336965555463592636 ) ) ;
#4357 = LINE ( 'NONE', #3163, #740 ) ;
#4358 = CARTESIAN_POINT ( 'NONE',  ( -1.361431637903754099, 24.12882901546197090, 16.65128417643946079 ) ) ;
#4359 = CARTESIAN_POINT ( 'NONE',  ( 4.703540461227259328, 6.469451147505277611, 9.500000000000001776 ) ) ;
#4360 = ORIENTED_EDGE ( 'NONE', *, *, #4353, .F. ) ;
#4361 = DIRECTION ( 'NONE',  ( -1.000000000000000000, 0.000000000000000000, 0.000000000000000000 ) ) ;
#4362 = ORIENTED_EDGE ( 'NONE', *, *, #4182, .F. ) ;
#4363 = CARTESIAN_POINT ( 'NONE',  ( 47.40483542659831784, 17.69554623697859341, 19.50212591041863419 ) ) ;
#4364 = CARTESIAN_POINT ( 'NONE',  ( 7.121372270018058614, 25.34063248001435298, 17.70573224445202953 ) ) ;
#4365 = LINE ( 'NONE', #2633, #83 ) ;
#4366 = CARTESIAN_POINT ( 'NONE',  ( 53.55887060946738387, 18.19739842691229370, 7.432936723062106843 ) ) ;
#4367 = DIRECTION ( 'NONE',  ( -0.8324328464100210212, -0.5541259389504432642, 2.994713704459708897E-16 ) ) ;
#4368 = CARTESIAN_POINT ( 'NONE',  ( 33.40483542659831784, 19.91608737267181439, 1.624294222821301314 ) ) ;
#4369 = FACE_OUTER_BOUND ( 'NONE', #6544, .T. ) ;
#4370 = CIRCLE ( 'NONE', #7122, 19.04289321881344321 ) ;
#4371 = FACE_OUTER_BOUND ( 'NONE', #4440, .T. ) ;
#4372 = ORIENTED_EDGE ( 'NONE', *, *, #2065, .T. ) ;
#4373 = LINE ( 'NONE', #5660, #5288 ) ;
#4374 = VECTOR ( 'NONE', #573, 999.9999999999998863 ) ;
#4375 = AXIS2_PLACEMENT_3D ( 'NONE', #2806, #5337, #7884 ) ;
#4376 = CARTESIAN_POINT ( 'NONE',  ( 21.18792414759075626, 1.133991133832350062, 7.257470487441643137 ) ) ;
#4377 = CARTESIAN_POINT ( 'NONE',  ( -4.448724123621358828, 17.66632845892081249, 19.78450173851591032 ) ) ;
#4378 = VECTOR ( 'NONE', #242, 1000.000000000000000 ) ;
#4379 = CARTESIAN_POINT ( 'NONE',  ( 42.04437928755369569, 18.11105321644263810, 13.70732018977025390 ) ) ;
#4380 = CARTESIAN_POINT ( 'NONE',  ( -7.606860733319267709, 23.23664375479290101, 11.82154364644705957 ) ) ;
#4381 = CARTESIAN_POINT ( 'NONE',  ( 43.44859598630632291, 18.18839257083476113, 6.452343947356045106 ) ) ;
#4382 = CIRCLE ( 'NONE', #6455, 0.5000000000000002220 ) ;
#4383 = VECTOR ( 'NONE', #5492, 1000.000000000000000 ) ;
#4384 = DIRECTION ( 'NONE',  ( 1.000000000000000000, 0.000000000000000000, 0.000000000000000000 ) ) ;
#4385 = ORIENTED_EDGE ( 'NONE', *, *, #4051, .F. ) ;
#4386 = DIRECTION ( 'NONE',  ( -6.280355868556601885E-17, 4.710295997565059475E-17, 1.000000000000000000 ) ) ;
#4387 = ORIENTED_EDGE ( 'NONE', *, *, #6348, .T. ) ;
#4388 = CARTESIAN_POINT ( 'NONE',  ( 16.46245746477759297, -2.000000000000000888, 11.43413193807526262 ) ) ;
#4389 = ORIENTED_EDGE ( 'NONE', *, *, #3430, .F. ) ;
#4390 = DIRECTION ( 'NONE',  ( -0.000000000000000000, 0.000000000000000000, 1.000000000000000000 ) ) ;
#4391 = CARTESIAN_POINT ( 'NONE',  ( 3.722837915647779550, 22.57842372987389723, 18.60361661225739027 ) ) ;
#4392 = VERTEX_POINT ( 'NONE', #3828 ) ;
#4393 = ADVANCED_FACE ( 'NONE', ( #4426 ), #624, .T. ) ;
#4394 = EDGE_CURVE ( 'NONE', #7284, #3887, #391, .T. ) ;
#4395 = EDGE_CURVE ( 'NONE', #8308, #8196, #4812, .T. ) ;
#4396 = ORIENTED_EDGE ( 'NONE', *, *, #7793, .F. ) ;
#4397 = ORIENTED_EDGE ( 'NONE', *, *, #1394, .F. ) ;
#4398 = CARTESIAN_POINT ( 'NONE',  ( 16.53171171165739750, -1.917466002478595000, 6.000000000000000000 ) ) ;
#4399 = ORIENTED_EDGE ( 'NONE', *, *, #3794, .T. ) ;
#4400 = CARTESIAN_POINT ( 'NONE',  ( 16.41913608251076440, -2.028837763585096265, 6.292270364102160229 ) ) ;
#4401 = LINE ( 'NONE', #2986, #2404 ) ;
#4402 = CARTESIAN_POINT ( 'NONE',  ( -6.581989168615656638, 23.38305087752430822, 11.78626746603697839 ) ) ;
#4403 = CARTESIAN_POINT ( 'NONE',  ( 16.46245746477759297, -2.000000000000000888, 5.565868061924165389 ) ) ;
#4404 = CIRCLE ( 'NONE', #5501, 0.9999999999999993339 ) ;
#4405 = EDGE_CURVE ( 'NONE', #6343, #1513, #4419, .T. ) ;
#4406 = ORIENTED_EDGE ( 'NONE', *, *, #3300, .T. ) ;
#4407 = DIRECTION ( 'NONE',  ( 0.6945643812950939022, -0.7194305527541651202, 0.000000000000000000 ) ) ;
#4408 = ORIENTED_EDGE ( 'NONE', *, *, #2100, .T. ) ;
#4409 = DIRECTION ( 'NONE',  ( 0.6622670053323840289, 0.000000000000000000, 0.7492679184698062267 ) ) ;
#4410 = CARTESIAN_POINT ( 'NONE',  ( 4.519681300120625522, 24.96897021299739450, 17.37962395226661982 ) ) ;
#4411 = CARTESIAN_POINT ( 'NONE',  ( 3.361622225249539575, 24.52325725124947908, -0.0002055618314386609136 ) ) ;
#4412 = CARTESIAN_POINT ( 'NONE',  ( 33.40483542659831784, 19.91608737267181439, 6.500000000000000888 ) ) ;
#4413 = CARTESIAN_POINT ( 'NONE',  ( 47.40483542659831784, 5.895240321938990391, 26.37003613355707543 ) ) ;
#4414 = EDGE_CURVE ( 'NONE', #4227, #6067, #6212, .T. ) ;
#4415 = DIRECTION ( 'NONE',  ( -0.9899499129764925964, -0.1414184209989443330, 0.000000000000000000 ) ) ;
#4416 = DIRECTION ( 'NONE',  ( -0.000000000000000000, 1.000000000000000000, -0.000000000000000000 ) ) ;
#4417 = ORIENTED_EDGE ( 'NONE', *, *, #6809, .F. ) ;
#4418 = CARTESIAN_POINT ( 'NONE',  ( 22.00113461188209740, 18.19113980308874190, 9.796909386706674994 ) ) ;
#4419 = CIRCLE ( 'NONE', #8139, 0.4999999999999985567 ) ;
#4420 = CARTESIAN_POINT ( 'NONE',  ( 38.42211861469480283, 20.12940160711396231, 2.036304570886790621 ) ) ;
#4421 = CARTESIAN_POINT ( 'NONE',  ( 20.06924989279797700, 0.4009351017267733241, 7.250000000000013323 ) ) ;
#4422 = CARTESIAN_POINT ( 'NONE',  ( 13.00000000000000355, 14.00554976279612873, 1.000000000000000000 ) ) ;
#4423 =( BOUNDED_CURVE ( )  B_SPLINE_CURVE ( 3, ( #1402, #2648, #1927, #7217 ),
 .UNSPECIFIED., .F., .F. ) 
 B_SPLINE_CURVE_WITH_KNOTS ( ( 4, 4 ),
 ( 2.617993877991490415, 3.665191429188095373 ),
 .UNSPECIFIED. ) 
 CURVE ( )  GEOMETRIC_REPRESENTATION_ITEM ( )  RATIONAL_B_SPLINE_CURVE ( ( 1.000000000000000000, 0.9106836025229578802, 0.9106836025229578802, 1.000000000000000000 ) ) 
 REPRESENTATION_ITEM ( '' )  );
#4424 = CARTESIAN_POINT ( 'NONE',  ( -1.722530331834543293, 24.07724458025400338, 5.155736944078739725 ) ) ;
#4425 = DIRECTION ( 'NONE',  ( 0.000000000000000000, 1.000000000000000000, 0.000000000000000000 ) ) ;
#4426 = FACE_OUTER_BOUND ( 'NONE', #6462, .T. ) ;
#4427 = AXIS2_PLACEMENT_3D ( 'NONE', #8039, #4595, #3352 ) ;
#4428 = LINE ( 'NONE', #6969, #2740 ) ;
#4429 = ORIENTED_EDGE ( 'NONE', *, *, #4394, .F. ) ;
#4430 = DIRECTION ( 'NONE',  ( 0.000000000000000000, 0.000000000000000000, -1.000000000000000000 ) ) ;
#4431 = ORIENTED_EDGE ( 'NONE', *, *, #8228, .F. ) ;
#4432 = DIRECTION ( 'NONE',  ( 0.6427876096865404731, 0.7660444431189770143, 0.000000000000000000 ) ) ;
#4433 = ORIENTED_EDGE ( 'NONE', *, *, #5392, .F. ) ;
#4434 = CARTESIAN_POINT ( 'NONE',  ( 33.40483542659831784, 18.19113980308874190, 7.500000000000000888 ) ) ;
#4435 = DIRECTION ( 'NONE',  ( 1.000000000000000000, 0.000000000000000000, 0.000000000000000000 ) ) ;
#4436 = ORIENTED_EDGE ( 'NONE', *, *, #8292, .F. ) ;
#4437 = ORIENTED_EDGE ( 'NONE', *, *, #1394, .T. ) ;
#4438 = ORIENTED_EDGE ( 'NONE', *, *, #5074, .T. ) ;
#4439 = CARTESIAN_POINT ( 'NONE',  ( 47.40483542659831784, 21.21107546788135423, 2.766025658455018021 ) ) ;
#4440 = EDGE_LOOP ( 'NONE', ( #2618, #1158, #3108, #3584 ) ) ;
#4441 = CARTESIAN_POINT ( 'NONE',  ( 16.62684540014264556, -1.890571810773068018, 6.459844128013833675 ) ) ;
#4442 = ADVANCED_FACE ( 'NONE', ( #155 ), #8513, .F. ) ;
#4443 = EDGE_CURVE ( 'NONE', #1592, #7961, #2943, .T. ) ;
#4444 = CARTESIAN_POINT ( 'NONE',  ( 16.06644172404391213, 11.06284411194225292, 17.26491976425693053 ) ) ;
#4445 = CARTESIAN_POINT ( 'NONE',  ( 23.00000000000000000, 0.000000000000000000, 10.50000000000000000 ) ) ;
#4446 = CARTESIAN_POINT ( 'NONE',  ( 4.496535265609603371, 9.342149822382921798, 10.50000000000000178 ) ) ;
#4447 = ORIENTED_EDGE ( 'NONE', *, *, #4200, .T. ) ;
#4448 = DIRECTION ( 'NONE',  ( -0.6427876096865403621, -0.7660444431189771253, 0.000000000000000000 ) ) ;
#4449 = ORIENTED_EDGE ( 'NONE', *, *, #5395, .T. ) ;
#4450 = CARTESIAN_POINT ( 'NONE',  ( 20.06455229590677192, 0.3978080503383308875, 9.542893218813446765 ) ) ;
#4451 = EDGE_CURVE ( 'NONE', #6786, #5701, #7954, .T. ) ;
#4452 = EDGE_CURVE ( 'NONE', #6682, #596, #1498, .T. ) ;
#4453 = EDGE_CURVE ( 'NONE', #3835, #3752, #4722, .T. ) ;
#4454 = CARTESIAN_POINT ( 'NONE',  ( 19.73273492373016325, 0.9461541387910747947, 6.612773790826840248 ) ) ;
#4455 = CARTESIAN_POINT ( 'NONE',  ( 4.667851322542441395, 8.589162862251891184, 6.500000000000000888 ) ) ;
#4456 = CARTESIAN_POINT ( 'NONE',  ( 53.04721246467829587, 18.19646944113683062, 6.970315092350319652 ) ) ;
#4457 = CARTESIAN_POINT ( 'NONE',  ( -3.145446071789002485, 25.10454833546186038, 10.56806170581051241 ) ) ;
#4458 = FACE_OUTER_BOUND ( 'NONE', #2733, .T. ) ;
#4459 = CARTESIAN_POINT ( 'NONE',  ( 43.44859598630633002, 18.18839257083476468, 10.54765605264396200 ) ) ;
#4460 = CARTESIAN_POINT ( 'NONE',  ( -26.34540142444716793, 20.55976606469232593, 12.54409222050663075 ) ) ;
#4461 = ORIENTED_EDGE ( 'NONE', *, *, #180, .T. ) ;
#4462 = CARTESIAN_POINT ( 'NONE',  ( 41.40483542659832494, 18.19113980308873835, 11.79199602631261179 ) ) ;
#4463 = VECTOR ( 'NONE', #4735, 1000.000000000000000 ) ;
#4464 = EDGE_CURVE ( 'NONE', #3234, #7284, #2615, .T. ) ;
#4465 = EDGE_CURVE ( 'NONE', #1848, #483, #3394, .T. ) ;
#4466 = DIRECTION ( 'NONE',  ( -1.000000000000000000, 0.000000000000000000, 0.000000000000000000 ) ) ;
#4467 = DIRECTION ( 'NONE',  ( 0.000000000000000000, 1.000000000000000000, 0.000000000000000000 ) ) ;
#4468 = CARTESIAN_POINT ( 'NONE',  ( -7.450205382153814782, 23.40394305315538048, 5.616015552517653830 ) ) ;
#4469 = CIRCLE ( 'NONE', #6253, 1.000000000000000666 ) ;
#4470 = CARTESIAN_POINT ( 'NONE',  ( -1.584553919863270544, 24.28232144599042641, 5.463291234210301717 ) ) ;
#4471 = CARTESIAN_POINT ( 'NONE',  ( 17.76881927614352463, -0.7513714566323133059, 10.60125749279273499 ) ) ;
#4472 = DIRECTION ( 'NONE',  ( -0.000000000000000000, -0.000000000000000000, 1.000000000000000000 ) ) ;
#4473 = DIRECTION ( 'NONE',  ( 0.000000000000000000, 0.000000000000000000, 1.000000000000000000 ) ) ;
#4474 = EDGE_LOOP ( 'NONE', ( #275, #1923, #6546, #1591, #7924 ) ) ;
#4475 = CARTESIAN_POINT ( 'NONE',  ( -17.42509863149369664, 18.19113980308874190, 8.500000000000000000 ) ) ;
#4476 =( BOUNDED_CURVE ( )  B_SPLINE_CURVE ( 3, ( #2478, #1091, #7817, #1920 ),
 .UNSPECIFIED., .F., .F. ) 
 B_SPLINE_CURVE_WITH_KNOTS ( ( 4, 4 ),
 ( 2.584738868008305435, 3.568834475111657412 ),
 .UNSPECIFIED. ) 
 CURVE ( )  GEOMETRIC_REPRESENTATION_ITEM ( )  RATIONAL_B_SPLINE_CURVE ( ( 1.000000000000000000, 0.9209115065919268872, 0.9209115065919268872, 1.000000000000000000 ) ) 
 REPRESENTATION_ITEM ( '' )  );
#4477 = ADVANCED_FACE ( 'NONE', ( #832 ), #2503, .T. ) ;
#4478 = VERTEX_POINT ( 'NONE', #7347 ) ;
#4479 = AXIS2_PLACEMENT_3D ( 'NONE', #1614, #923, #5456 ) ;
#4480 = CARTESIAN_POINT ( 'NONE',  ( 47.40483542659831784, 5.895240321938990391, -9.370036133557071878 ) ) ;
#4481 = ORIENTED_EDGE ( 'NONE', *, *, #920, .F. ) ;
#4482 = CARTESIAN_POINT ( 'NONE',  ( 33.40483542659831073, 19.91608737267181084, 10.37479248043262992 ) ) ;
#4483 = CARTESIAN_POINT ( 'NONE',  ( 33.40483542659831784, 18.19113980308874190, -2.499999999999998668 ) ) ;
#4484 = ORIENTED_EDGE ( 'NONE', *, *, #8146, .F. ) ;
#4485 = AXIS2_PLACEMENT_3D ( 'NONE', #4799, #1873, #4409 ) ;
#4486 = EDGE_LOOP ( 'NONE', ( #4901, #4362, #2578, #5138 ) ) ;
#4487 = CIRCLE ( 'NONE', #6820, 1.250000000000002220 ) ;
#4488 = EDGE_LOOP ( 'NONE', ( #3357, #6416, #5475, #5631, #3097 ) ) ;
#4489 = CARTESIAN_POINT ( 'NONE',  ( 13.30700288725298108, -0.8506512315716926453, 2.794042227842540527 ) ) ;
#4490 = ORIENTED_EDGE ( 'NONE', *, *, #3972, .T. ) ;
#4491 = CARTESIAN_POINT ( 'NONE',  ( 43.33750808644019514, 21.11060185564241820, 8.500000000000000000 ) ) ;
#4492 = AXIS2_PLACEMENT_3D ( 'NONE', #1836, #1696, #8417 ) ;
#4493 = LINE ( 'NONE', #465, #7901 ) ;
#4494 = CARTESIAN_POINT ( 'NONE',  ( 6.074901368506307797, 20.72561291130628902, 17.40320883629912174 ) ) ;
#4495 = VECTOR ( 'NONE', #6585, 1000.000000000000227 ) ;
#4496 = VERTEX_POINT ( 'NONE', #4124 ) ;
#4497 = CARTESIAN_POINT ( 'NONE',  ( 17.54771135532761406, -1.223155921717954842, 6.831748229110135462 ) ) ;
#4498 = ORIENTED_EDGE ( 'NONE', *, *, #4822, .F. ) ;
#4499 = CARTESIAN_POINT ( 'NONE',  ( 16.44191185972138669, -2.000000000000000000, 11.09331367010440417 ) ) ;
#4500 = CARTESIAN_POINT ( 'NONE',  ( 51.28970554934161896, 18.19649942656722175, 6.981569596819525714 ) ) ;
#4501 = CARTESIAN_POINT ( 'NONE',  ( 27.85244768616373179, 8.575461000274561485, 28.39160835204330269 ) ) ;
#4502 = CARTESIAN_POINT ( 'NONE',  ( 4.526400444570587212, 17.46219397773978343, -4.560200331246863747 ) ) ;
#4503 = CARTESIAN_POINT ( 'NONE',  ( 42.51513640388095183, -6.246196747414927586, 7.000000000000000888 ) ) ;
#4504 = CARTESIAN_POINT ( 'NONE',  ( 86.10117280021606234, 18.19113980308874190, 8.500000000000000000 ) ) ;
#4505 = EDGE_CURVE ( 'NONE', #3531, #2968, #4289, .T. ) ;
#4506 = EDGE_CURVE ( 'NONE', #6593, #8217, #1970, .T. ) ;
#4507 = ADVANCED_FACE ( 'NONE', ( #7220, #6744 ), #4640, .F. ) ;
#4508 = CARTESIAN_POINT ( 'NONE',  ( 34.08388000213501101, 25.35864053760572645, 15.38124117921091027 ) ) ;
#4509 = VERTEX_POINT ( 'NONE', #3955 ) ;
#4510 = CARTESIAN_POINT ( 'NONE',  ( 43.39104993268180266, 21.10777316484729127, 9.007122647869628906 ) ) ;
#4511 = CARTESIAN_POINT ( 'NONE',  ( -17.42509863149369664, 21.19113980308874190, 5.549999999999998934 ) ) ;
#4512 = CYLINDRICAL_SURFACE ( 'NONE', #1729, 1.000000000000000888 ) ;
#4513 = CARTESIAN_POINT ( 'NONE',  ( -6.935843946829877815, 17.72131686637290215, 19.24737923364108383 ) ) ;
#4514 = VECTOR ( 'NONE', #2249, 1000.000000000000000 ) ;
#4515 = CARTESIAN_POINT ( 'NONE',  ( -18.60005652123788522, 18.19113980308484102, 7.203090613293326783 ) ) ;
#4516 = CARTESIAN_POINT ( 'NONE',  ( 32.63314442776290747, 19.00889981101189008, 7.480357020353577191 ) ) ;
#4517 = DIRECTION ( 'NONE',  ( 0.000000000000000000, -0.000000000000000000, -1.000000000000000000 ) ) ;
#4518 = EDGE_CURVE ( 'NONE', #563, #170, #3543, .T. ) ;
#4519 = AXIS2_PLACEMENT_3D ( 'NONE', #1476, #4274, #2133 ) ;
#4520 = CARTESIAN_POINT ( 'NONE',  ( 50.77596614335782732, 18.19739826946948824, 9.567786517881410546 ) ) ;
#4521 = ORIENTED_EDGE ( 'NONE', *, *, #3300, .F. ) ;
#4522 = CARTESIAN_POINT ( 'NONE',  ( 33.38081778738637695, 19.90115289933913800, 6.749133007544402929 ) ) ;
#4523 = ORIENTED_EDGE ( 'NONE', *, *, #1755, .F. ) ;
#4524 = CARTESIAN_POINT ( 'NONE',  ( -0.7851051995519926496, 24.21115962007091227, 11.57185474867313957 ) ) ;
#4525 = ORIENTED_EDGE ( 'NONE', *, *, #6812, .F. ) ;
#4526 = DIRECTION ( 'NONE',  ( -0.9825940967228560252, -0.1403676123609396975, -0.1216789812805973425 ) ) ;
#4527 = DIRECTION ( 'NONE',  ( 1.000000000000000000, 8.943511721036145664E-16, 0.000000000000000000 ) ) ;
#4528 = ORIENTED_EDGE ( 'NONE', *, *, #1802, .F. ) ;
#4529 = AXIS2_PLACEMENT_3D ( 'NONE', #8424, #2528, #6363 ) ;
#4530 = VECTOR ( 'NONE', #3872, 1000.000000000000000 ) ;
#4531 = EDGE_CURVE ( 'NONE', #1848, #8014, #3823, .T. ) ;
#4532 = ORIENTED_EDGE ( 'NONE', *, *, #7232, .F. ) ;
#4533 = ORIENTED_EDGE ( 'NONE', *, *, #2241, .F. ) ;
#4534 = DIRECTION ( 'NONE',  ( -1.000000000000000000, -0.000000000000000000, 0.000000000000000000 ) ) ;
#4535 = ORIENTED_EDGE ( 'NONE', *, *, #6347, .F. ) ;
#4536 = DIRECTION ( 'NONE',  ( -0.6622670053323853612, 0.000000000000000000, 0.7492679184698050054 ) ) ;
#4537 = CARTESIAN_POINT ( 'NONE',  ( 23.00000000000000000, 5.791139803088734439, 10.70710678118654968 ) ) ;
#4538 = FACE_OUTER_BOUND ( 'NONE', #4823, .T. ) ;
#4539 = ORIENTED_EDGE ( 'NONE', *, *, #7298, .F. ) ;
#4540 = DIRECTION ( 'NONE',  ( -1.000000000000000000, 0.000000000000000000, 0.000000000000000000 ) ) ;
#4541 = ORIENTED_EDGE ( 'NONE', *, *, #4452, .T. ) ;
#4542 = CARTESIAN_POINT ( 'NONE',  ( 6.074901367908570826, 18.19113980308873835, 6.968727075528884818 ) ) ;
#4543 = CARTESIAN_POINT ( 'NONE',  ( 7.988581562852369089, 25.46451689806486840, -0.8146073706351917298 ) ) ;
#4544 = LINE ( 'NONE', #103, #6299 ) ;
#4545 = CARTESIAN_POINT ( 'NONE',  ( 6.074901368506302468, 0.000000000000000000, -5.590280349210904554 ) ) ;
#4546 = LINE ( 'NONE', #7641, #3013 ) ;
#4547 = DIRECTION ( 'NONE',  ( 0.000000000000000000, 0.000000000000000000, 1.000000000000000000 ) ) ;
#4548 = ORIENTED_EDGE ( 'NONE', *, *, #279, .F. ) ;
#4549 = DIRECTION ( 'NONE',  ( 0.5671072145501000472, -0.4758594545669649345, 0.6722701738917600256 ) ) ;
#4550 = CARTESIAN_POINT ( 'NONE',  ( 33.46370190907585851, 18.19113980308873835, 7.203090613292810751 ) ) ;
#4551 = CARTESIAN_POINT ( 'NONE',  ( 19.84285589676805373, 1.125073845393259386, 10.44491534720154924 ) ) ;
#4552 = ADVANCED_FACE ( 'NONE', ( #6659 ), #5925, .T. ) ;
#4553 = EDGE_CURVE ( 'NONE', #3913, #3336, #2717, .T. ) ;
#4554 = PRODUCT_RELATED_PRODUCT_CATEGORY ( 'part', '', ( #1551 ) ) ;
#4555 = FACE_OUTER_BOUND ( 'NONE', #7068, .T. ) ;
#4556 = CARTESIAN_POINT ( 'NONE',  ( 19.34060444387097277, 0.7301798835982415969, 10.50251977959528560 ) ) ;
#4557 = DIRECTION ( 'NONE',  ( -0.6427876096865422495, -0.7660444431189755710, -6.738105835034397403E-16 ) ) ;
#4558 = CARTESIAN_POINT ( 'NONE',  ( 3.722903494812365377, 19.98679619376335381, -3.109501057952737124 ) ) ;
#4559 = ORIENTED_EDGE ( 'NONE', *, *, #5666, .T. ) ;
#4560 = DIRECTION ( 'NONE',  ( 0.000000000000000000, 0.8645839371444071775, -0.5024884233809528977 ) ) ;
#4561 = ORIENTED_EDGE ( 'NONE', *, *, #983, .F. ) ;
#4562 = CARTESIAN_POINT ( 'NONE',  ( 5.753400353945016477, -7.656332205318352457, 10.50000000000000000 ) ) ;
#4563 = ORIENTED_EDGE ( 'NONE', *, *, #7195, .T. ) ;
#4564 = EDGE_CURVE ( 'NONE', #8043, #4690, #5389, .T. ) ;
#4565 = CARTESIAN_POINT ( 'NONE',  ( 10.93401483852293588, 18.34584124333168376, 10.00000000000000000 ) ) ;
#4566 = CARTESIAN_POINT ( 'NONE',  ( 5.391624560436410363, 5.791139803088745097, 7.500000000000000888 ) ) ;
#4567 = VERTEX_POINT ( 'NONE', #2832 ) ;
#4568 = VECTOR ( 'NONE', #7698, 1000.000000000000000 ) ;
#4569 = ORIENTED_EDGE ( 'NONE', *, *, #7233, .T. ) ;
#4570 = ORIENTED_EDGE ( 'NONE', *, *, #3841, .F. ) ;
#4571 = DIRECTION ( 'NONE',  ( -1.000000000000000000, 0.000000000000000000, 0.000000000000000000 ) ) ;
#4572 = CARTESIAN_POINT ( 'NONE',  ( 35.64005297390885829, 20.09856402680668808, 1.806856197855221779 ) ) ;
#4573 = ORIENTED_EDGE ( 'NONE', *, *, #6556, .T. ) ;
#4574 = CARTESIAN_POINT ( 'NONE',  ( 6.074901368476851360, 17.73170615800637862, -2.142817984172785906 ) ) ;
#4575 = ADVANCED_FACE ( 'NONE', ( #2192 ), #4203, .T. ) ;
#4576 = FACE_OUTER_BOUND ( 'NONE', #2481, .T. ) ;
#4577 = B_SPLINE_CURVE_WITH_KNOTS ( 'NONE', 3,
 ( #774, #570, #2768, #95 ),
 .UNSPECIFIED., .F., .F.,
 ( 4, 4 ),
 ( 0.000000000000000000, 0.6718753256430578524 ),
 .UNSPECIFIED. ) ;
#4578 = DIRECTION ( 'NONE',  ( -0.000000000000000000, 0.000000000000000000, 1.000000000000000000 ) ) ;
#4579 = VERTEX_POINT ( 'NONE', #8159 ) ;
#4580 = ORIENTED_EDGE ( 'NONE', *, *, #4531, .T. ) ;
#4581 = CARTESIAN_POINT ( 'NONE',  ( 53.91712193127420250, 18.19244351221930245, 8.615646405232451954 ) ) ;
#4582 = EDGE_CURVE ( 'NONE', #5824, #6560, #4205, .T. ) ;
#4583 = CARTESIAN_POINT ( 'NONE',  ( 5.965091860868762197, 25.17545306280297979, -0.5605762192958853030 ) ) ;
#4584 = CARTESIAN_POINT ( 'NONE',  ( 6.074901368476851360, 17.73170615800637862, -2.142817984172785906 ) ) ;
#4585 = DIRECTION ( 'NONE',  ( -0.000000000000000000, -0.000000000000000000, 1.000000000000000000 ) ) ;
#4586 = DIRECTION ( 'NONE',  ( -0.000000000000000000, 1.000000000000000000, -0.000000000000000000 ) ) ;
#4587 = B_SPLINE_CURVE_WITH_KNOTS ( 'NONE', 3,
 ( #1533, #6190, #4771, #199, #7400, #4211, #1619 ),
 .UNSPECIFIED., .F., .F.,
 ( 4, 3, 4 ),
 ( 3.878959614448864246E-18, 0.0002287585068032964536, 0.0005042740041145809399 ),
 .UNSPECIFIED. ) ;
#4588 = ORIENTED_EDGE ( 'NONE', *, *, #8180, .T. ) ;
#4589 = FACE_OUTER_BOUND ( 'NONE', #4777, .T. ) ;
#4590 = CARTESIAN_POINT ( 'NONE',  ( 5.116185398174578403, 6.036190331204653425, 7.500000000000000888 ) ) ;
#4591 = CARTESIAN_POINT ( 'NONE',  ( 48.90483542659832494, 20.11110936274824113, 5.000000000000000888 ) ) ;
#4592 = FACE_OUTER_BOUND ( 'NONE', #72, .T. ) ;
#4593 = CARTESIAN_POINT ( 'NONE',  ( 41.72644124135572952, 18.19051850483974420, 10.15522643295784988 ) ) ;
#4594 = CARTESIAN_POINT ( 'NONE',  ( -18.25394055300539264, 18.19081840835692532, 10.05607306321793182 ) ) ;
#4595 = DIRECTION ( 'NONE',  ( -0.000000000000000000, 0.000000000000000000, 1.000000000000000000 ) ) ;
#4596 = CIRCLE ( 'NONE', #5684, 0.4999999999999991118 ) ;
#4597 = EDGE_CURVE ( 'NONE', #7376, #6850, #7559, .T. ) ;
#4598 = DIRECTION ( 'NONE',  ( 9.777805978894819040E-17, -1.000000000000000000, 0.000000000000000000 ) ) ;
#4599 = ORIENTED_EDGE ( 'NONE', *, *, #5709, .T. ) ;
#4600 = CARTESIAN_POINT ( 'NONE',  ( 5.078440830339919110, 6.476356764747123407, 6.798470534089075201 ) ) ;
#4601 = ORIENTED_EDGE ( 'NONE', *, *, #1286, .T. ) ;
#4602 = CYLINDRICAL_SURFACE ( 'NONE', #1184, 1.999999999999999556 ) ;
#4603 = ORIENTED_EDGE ( 'NONE', *, *, #2449, .T. ) ;
#4604 = DIRECTION ( 'NONE',  ( 0.000000000000000000, 0.8464124915001604021, -0.5325278342326258407 ) ) ;
#4605 = CARTESIAN_POINT ( 'NONE',  ( -6.581989168615662855, 23.38305087752430822, 5.213732533963017168 ) ) ;
#4606 = ORIENTED_EDGE ( 'NONE', *, *, #224, .T. ) ;
#4607 = ADVANCED_FACE ( 'NONE', ( #232 ), #3199, .T. ) ;
#4608 = EDGE_CURVE ( 'NONE', #1127, #6245, #6915, .T. ) ;
#4609 = AXIS2_PLACEMENT_3D ( 'NONE', #5278, #73, #6664 ) ;
#4610 = ORIENTED_EDGE ( 'NONE', *, *, #7423, .T. ) ;
#4611 = ORIENTED_EDGE ( 'NONE', *, *, #7018, .T. ) ;
#4612 = CARTESIAN_POINT ( 'NONE',  ( 40.52539124531732995, 18.97932967279781735, -3.268612053145590668 ) ) ;
#4613 = FACE_OUTER_BOUND ( 'NONE', #1083, .T. ) ;
#4614 = VERTEX_POINT ( 'NONE', #5571 ) ;
#4615 = CARTESIAN_POINT ( 'NONE',  ( 42.38319928916349966, 18.19113980308870993, 7.241567951416654658 ) ) ;
#4616 = DIRECTION ( 'NONE',  ( -1.000000000000000000, 0.000000000000000000, -0.000000000000000000 ) ) ;
#4617 = CARTESIAN_POINT ( 'NONE',  ( 86.10117280021606234, 18.08776577269485841, 2.766025658455019354 ) ) ;
#4618 = VECTOR ( 'NONE', #4186, 1000.000000000000000 ) ;
#4619 = B_SPLINE_CURVE_WITH_KNOTS ( 'NONE', 3,
 ( #1046, #6313, #1834, #1791, #1879, #401, #4459, #7088, #3041, #1741, #2436, #1180, #7688, #7047, #3946, #4711, #4675, #3342, #6566, #7898, #7942, #6008 ),
 .UNSPECIFIED., .F., .F.,
 ( 4, 2, 2, 2, 2, 2, 2, 2, 2, 2, 4 ),
 ( 0.0002366234748175422052, 0.0005780815413620715281, 0.0009195396079066007426, 0.001602455740995662858, 0.002968288007173791859, 0.003651204140262858527, 0.004334120273351925630, 0.004675578339896462217, 0.005017036406440998804, 0.005358494472985535391, 0.005699952539530071978 ),
 .UNSPECIFIED. ) ;
#4620 = CYLINDRICAL_SURFACE ( 'NONE', #6620, 0.9999999999999998890 ) ;
#4621 = ADVANCED_FACE ( 'NONE', ( #359 ), #4245, .T. ) ;
#4622 = EDGE_LOOP ( 'NONE', ( #3281, #6062, #5553, #8433 ) ) ;
#4623 = CIRCLE ( 'NONE', #7646, 1.000000000000000000 ) ;
#4624 = ORIENTED_EDGE ( 'NONE', *, *, #3459, .T. ) ;
#4625 = CARTESIAN_POINT ( 'NONE',  ( 45.99773753572131341, 11.31047693272227050, 3.671330409549713458 ) ) ;
#4626 = CARTESIAN_POINT ( 'NONE',  ( 6.489407892875916239, 17.47799026836112546, 22.14233113123657049 ) ) ;
#4627 = DIRECTION ( 'NONE',  ( -2.081520287236462374E-15, -0.8386705679454270479, 0.5446390350150225323 ) ) ;
#4628 = CARTESIAN_POINT ( 'NONE',  ( 21.18203862634108958, 1.141685667357741796, 9.750029336539151714 ) ) ;
#4629 = DIRECTION ( 'NONE',  ( -0.000000000000000000, -0.000000000000000000, -1.000000000000000000 ) ) ;
#4630 = VECTOR ( 'NONE', #205, 1000.000000000000114 ) ;
#4631 = EDGE_CURVE ( 'NONE', #7295, #4945, #6098, .T. ) ;
#4632 = CARTESIAN_POINT ( 'NONE',  ( 23.00000000000000355, 28.39641197979021214, 9.629649721936179265E-32 ) ) ;
#4633 = DIRECTION ( 'NONE',  ( 2.040851148208008491E-16, 2.432191687826905317E-16, -1.000000000000000000 ) ) ;
#4634 = B_SPLINE_CURVE_WITH_KNOTS ( 'NONE', 3,
 ( #7082, #6996, #5100, #2472, #2994, #5141, #1689, #4499, #2346, #8410, #8275 ),
 .UNSPECIFIED., .F., .F.,
 ( 4, 2, 2, 2, 1, 4 ),
 ( 0.1211905067142757114, 0.3408928800357084454, 0.4507440666964249165, 0.5056696600267868158, 0.5605952533571486596, 1.000000000000000000 ),
 .UNSPECIFIED. ) ;
#4635 = CARTESIAN_POINT ( 'NONE',  ( 47.40483542659831784, 7.681334932469229712E-16, 14.23397434154497709 ) ) ;
#4636 = LINE ( 'NONE', #4718, #5720 ) ;
#4637 = CARTESIAN_POINT ( 'NONE',  ( -16.25014074174950807, 18.19113980309264633, 7.203090613293326783 ) ) ;
#4638 = DIRECTION ( 'NONE',  ( 0.7994407603325167644, 0.6007449298320939324, 0.000000000000000000 ) ) ;
#4639 = CARTESIAN_POINT ( 'NONE',  ( 18.08385306198962894, -0.4544177373504299511, 10.56750064373766840 ) ) ;
#4640 = PLANE ( 'NONE',  #7320 ) ;
#4641 = DIRECTION ( 'NONE',  ( -1.000000000000000000, -9.777805978894819040E-17, 0.000000000000000000 ) ) ;
#4642 = VERTEX_POINT ( 'NONE', #5617 ) ;
#4643 = LINE ( 'NONE', #2020, #1576 ) ;
#4644 = ORIENTED_EDGE ( 'NONE', *, *, #3574, .T. ) ;
#4645 = CARTESIAN_POINT ( 'NONE',  ( 12.46665581194457495, 3.118001912711204859, 8.690543505140523095 ) ) ;
#4646 = ORIENTED_EDGE ( 'NONE', *, *, #7549, .F. ) ;
#4647 = LINE ( 'NONE', #2074, #4915 ) ;
#4648 = DIRECTION ( 'NONE',  ( 1.000000000000000000, 0.000000000000000000, 0.000000000000000000 ) ) ;
#4649 = ORIENTED_EDGE ( 'NONE', *, *, #5071, .T. ) ;
#4650 = AXIS2_PLACEMENT_3D ( 'NONE', #4006, #4772, #2024 ) ;
#4651 = ORIENTED_EDGE ( 'NONE', *, *, #3936, .T. ) ;
#4652 = VERTEX_POINT ( 'NONE', #4850 ) ;
#4653 = DIRECTION ( 'NONE',  ( -7.359837496195280421E-16, -9.813056044619775033E-16, -1.000000000000000000 ) ) ;
#4654 = FACE_OUTER_BOUND ( 'NONE', #6936, .T. ) ;
#4655 = EDGE_LOOP ( 'NONE', ( #1335, #7317, #4899, #3833, #6559 ) ) ;
#4656 = CARTESIAN_POINT ( 'NONE',  ( 36.49455989676305734, 20.12919107651124051, 8.500000000000012434 ) ) ;
#4657 = EDGE_CURVE ( 'NONE', #3200, #985, #6829, .T. ) ;
#4658 = DIRECTION ( 'NONE',  ( 1.000000000000000000, 0.000000000000000000, 0.000000000000000000 ) ) ;
#4659 = FACE_OUTER_BOUND ( 'NONE', #6980, .T. ) ;
#4660 = CARTESIAN_POINT ( 'NONE',  ( 41.72644124135574373, 18.19051850483974064, 6.844773567042150120 ) ) ;
#4661 = CIRCLE ( 'NONE', #6853, 19.85355339059327306 ) ;
#4662 = EDGE_CURVE ( 'NONE', #2991, #1637, #4150, .T. ) ;
#4663 = EDGE_CURVE ( 'NONE', #1159, #964, #703, .T. ) ;
#4664 = TOROIDAL_SURFACE ( 'NONE', #931, 20.95710678118656034, 0.5000000000000000000 ) ;
#4665 = CARTESIAN_POINT ( 'NONE',  ( -6.313900521372892705, 22.44020641461176169, 16.62929037344359173 ) ) ;
#4666 = AXIS2_PLACEMENT_3D ( 'NONE', #2861, #950, #8028 ) ;
#4667 = EDGE_LOOP ( 'NONE', ( #944, #4588 ) ) ;
#4668 = AXIS2_PLACEMENT_3D ( 'NONE', #3439, #1660, #1612 ) ;
#4669 = EDGE_LOOP ( 'NONE', ( #4447, #7578, #141, #6678 ) ) ;
#4670 = CARTESIAN_POINT ( 'NONE',  ( 21.93538375258821205, 1.819091283046815777, 9.896446609406721606 ) ) ;
#4671 = CARTESIAN_POINT ( 'NONE',  ( -3.030860574647769923, 16.11479439563204608, 20.97465564725057163 ) ) ;
#4672 = EDGE_CURVE ( 'NONE', #1982, #2502, #2352, .T. ) ;
#4673 = CARTESIAN_POINT ( 'NONE',  ( 6.061936056639697590, 17.69944518624572893, -2.465288232158910464 ) ) ;
#4674 = FACE_OUTER_BOUND ( 'NONE', #8137, .T. ) ;
#4675 = CARTESIAN_POINT ( 'NONE',  ( 43.65828151011525193, 18.10255825736649271, 13.90531894392746182 ) ) ;
#4676 = DIRECTION ( 'NONE',  ( 0.5149888309844112833, -0.4321269381394393649, 0.7403058917066260847 ) ) ;
#4677 = CARTESIAN_POINT ( 'NONE',  ( 3.704000336847659280, 18.18984268086227729, 10.49999925276935464 ) ) ;
#4678 = CARTESIAN_POINT ( 'NONE',  ( 3.657790181011804087, 8.429186456618461776, 6.500000000000000888 ) ) ;
#4679 = DIRECTION ( 'NONE',  ( -0.000000000000000000, 1.000000000000000000, -0.000000000000000000 ) ) ;
#4680 = DIRECTION ( 'NONE',  ( 0.9907350496360611825, -0.1358089151073354484, -6.018531076210110330E-34 ) ) ;
#4681 = EDGE_CURVE ( 'NONE', #6422, #8096, #1656, .T. ) ;
#4682 = CARTESIAN_POINT ( 'NONE',  ( -6.384071361585120563, 23.15878622197761771, 6.377946096336125414 ) ) ;
#4683 = CARTESIAN_POINT ( 'NONE',  ( -17.53245316451245017, 18.19006245294496793, 10.25000000000000711 ) ) ;
#4684 = CARTESIAN_POINT ( 'NONE',  ( 34.76343828451251738, 20.21872944336059419, 1.733087573422449124 ) ) ;
#4685 = FACE_OUTER_BOUND ( 'NONE', #1048, .T. ) ;
#4686 = ORIENTED_EDGE ( 'NONE', *, *, #4051, .T. ) ;
#4687 = CARTESIAN_POINT ( 'NONE',  ( 19.43298104519217517, -0.02261026187223237269, 7.432895448253127313 ) ) ;
#4688 = VERTEX_POINT ( 'NONE', #5789 ) ;
#4689 = CARTESIAN_POINT ( 'NONE',  ( 16.50552372832297721, -1.948675625700188929, 11.25540364996175668 ) ) ;
#4690 = VERTEX_POINT ( 'NONE', #6438 ) ;
#4691 = ADVANCED_FACE ( 'NONE', ( #3768, #4369, #437 ), #3129, .T. ) ;
#4692 = LINE ( 'NONE', #7318, #3141 ) ;
#4693 = CARTESIAN_POINT ( 'NONE',  ( -6.896313226098728322, 23.56181850523598342, 5.435154743350432582 ) ) ;
#4694 = VERTEX_POINT ( 'NONE', #3173 ) ;
#4695 = CYLINDRICAL_SURFACE ( 'NONE', #3391, 1.000000000000000888 ) ;
#4696 = CARTESIAN_POINT ( 'NONE',  ( 22.00113461188209740, 18.19113980308874190, 9.796909386706674994 ) ) ;
#4697 = DIRECTION ( 'NONE',  ( -4.710295997564994147E-17, -6.280355868556661050E-17, -1.000000000000000000 ) ) ;
#4698 = ORIENTED_EDGE ( 'NONE', *, *, #234, .F. ) ;
#4699 = CARTESIAN_POINT ( 'NONE',  ( 8.255950988253054845, 9.999999999999998224, 17.00000000000000000 ) ) ;
#4700 = AXIS2_PLACEMENT_3D ( 'NONE', #1510, #2361, #7610 ) ;
#4701 = FACE_OUTER_BOUND ( 'NONE', #3176, .T. ) ;
#4702 = CARTESIAN_POINT ( 'NONE',  ( 6.074901368506302468, 22.88512733511037567, 16.14841056455815504 ) ) ;
#4703 = LINE ( 'NONE', #8060, #971 ) ;
#4704 = AXIS2_PLACEMENT_3D ( 'NONE', #1225, #8281, #4415 ) ;
#4705 = ORIENTED_EDGE ( 'NONE', *, *, #1339, .F. ) ;
#4706 = EDGE_CURVE ( 'NONE', #2877, #5504, #7695, .T. ) ;
#4707 = VERTEX_POINT ( 'NONE', #8416 ) ;
#4708 = CARTESIAN_POINT ( 'NONE',  ( 4.467932343692218922, 9.999999999999998224, 10.50000000000000000 ) ) ;
#4709 = CARTESIAN_POINT ( 'NONE',  ( -0.1068339964264009984, 24.30805345408992579, 16.81058378052631141 ) ) ;
#4710 = CARTESIAN_POINT ( 'NONE',  ( 17.08617433076430459, -1.394832994916858082, 10.71347586941438834 ) ) ;
#4711 = CARTESIAN_POINT ( 'NONE',  ( 43.71975238086687199, 18.10675239056509866, 13.80733975493663301 ) ) ;
#4712 = EDGE_CURVE ( 'NONE', #3229, #954, #6396, .T. ) ;
#4713 = ADVANCED_FACE ( 'NONE', ( #478 ), #7130, .F. ) ;
#4714 = CARTESIAN_POINT ( 'NONE',  ( -7.384094402458103445, 23.49209048158082069, 11.07233553253059988 ) ) ;
#4715 = EDGE_CURVE ( 'NONE', #2021, #1331, #2562, .T. ) ;
#4716 = FACE_OUTER_BOUND ( 'NONE', #1, .T. ) ;
#4717 = CARTESIAN_POINT ( 'NONE',  ( 4.703540461227259328, 6.469451147505277611, 7.500000000000000888 ) ) ;
#4718 = CARTESIAN_POINT ( 'NONE',  ( 39.61384056338228987, 16.59109419367207039, 10.50000000000000000 ) ) ;
#4719 = DIRECTION ( 'NONE',  ( -1.000000000000000000, 0.000000000000000000, 0.000000000000000000 ) ) ;
#4720 = DIRECTION ( 'NONE',  ( 0.000000000000000000, 0.000000000000000000, 1.000000000000000000 ) ) ;
#4721 = DIRECTION ( 'NONE',  ( 0.000000000000000000, 0.000000000000000000, -1.000000000000000000 ) ) ;
#4722 = LINE ( 'NONE', #7907, #8009 ) ;
#4723 = B_SPLINE_CURVE_WITH_KNOTS ( 'NONE', 3,
 ( #1599, #6171, #8151, #5557 ),
 .UNSPECIFIED., .F., .F.,
 ( 4, 4 ),
 ( 0.000000000000000000, 0.001768027047808819110 ),
 .UNSPECIFIED. ) ;
#4724 = EDGE_CURVE ( 'NONE', #8106, #2683, #6485, .T. ) ;
#4725 = PLANE ( 'NONE',  #6592 ) ;
#4726 = EDGE_LOOP ( 'NONE', ( #1288, #6476 ) ) ;
#4727 = CARTESIAN_POINT ( 'NONE',  ( 5.168614341658249067, 6.279065483272899151, 6.885650468465775553 ) ) ;
#4728 = ORIENTED_EDGE ( 'NONE', *, *, #4724, .T. ) ;
#4729 = ORIENTED_EDGE ( 'NONE', *, *, #4553, .F. ) ;
#4730 = CARTESIAN_POINT ( 'NONE',  ( 47.40483542659831784, 21.21107546788135423, 14.23397434154498242 ) ) ;
#4731 = AXIS2_PLACEMENT_3D ( 'NONE', #7430, #4197, #2227 ) ;
#4732 = ADVANCED_FACE ( 'NONE', ( #3214 ), #5830, .T. ) ;
#4733 = VERTEX_POINT ( 'NONE', #8373 ) ;
#4734 = CARTESIAN_POINT ( 'NONE',  ( 17.85204577024330064, -1.007018233869658497, 6.903777149254517909 ) ) ;
#4735 = DIRECTION ( 'NONE',  ( 0.9907350496360611825, -0.1358089151073355039, -3.771453676020505678E-17 ) ) ;
#4736 = LINE ( 'NONE', #7699, #8225 ) ;
#4737 = ORIENTED_EDGE ( 'NONE', *, *, #8029, .F. ) ;
#4738 = FACE_OUTER_BOUND ( 'NONE', #7821, .T. ) ;
#4739 = CIRCLE ( 'NONE', #5551, 20.00000000000000000 ) ;
#4740 = FACE_OUTER_BOUND ( 'NONE', #4257, .T. ) ;
#4741 = CARTESIAN_POINT ( 'NONE',  ( 48.90483542659832494, 20.11110936274824113, 5.000000000000000888 ) ) ;
#4742 = ORIENTED_EDGE ( 'NONE', *, *, #3447, .F. ) ;
#4743 = CARTESIAN_POINT ( 'NONE',  ( 19.98807505064053558, 0.5228795915335373579, 7.103508315616501534 ) ) ;
#4744 = ORIENTED_EDGE ( 'NONE', *, *, #6249, .F. ) ;
#4745 = ORIENTED_EDGE ( 'NONE', *, *, #910, .F. ) ;
#4746 = VERTEX_POINT ( 'NONE', #7003 ) ;
#4747 = CARTESIAN_POINT ( 'NONE',  ( 16.44082564613881203, -2.000000000000000444, 6.085956734030889770 ) ) ;
#4748 =( BOUNDED_CURVE ( )  B_SPLINE_CURVE ( 3, ( #3056, #4524, #549, #5671 ),
 .UNSPECIFIED., .F., .F. ) 
 B_SPLINE_CURVE_WITH_KNOTS ( ( 4, 4 ),
 ( 0.000000000000000000, 0.5235987755983019243 ),
 .UNSPECIFIED. ) 
 CURVE ( )  GEOMETRIC_REPRESENTATION_ITEM ( )  RATIONAL_B_SPLINE_CURVE ( ( 1.000000000000000000, 0.9772838841927118381, 0.9772838841927118381, 1.000000000000000000 ) ) 
 REPRESENTATION_ITEM ( '' )  );
#4749 = VECTOR ( 'NONE', #4633, 1000.000000000000000 ) ;
#4750 = DIRECTION ( 'NONE',  ( -0.4837730939372529848, -0.8751934606602004285, 0.000000000000000000 ) ) ;
#4751 = DIRECTION ( 'NONE',  ( 0.000000000000000000, 0.000000000000000000, 1.000000000000000000 ) ) ;
#4752 = CARTESIAN_POINT ( 'NONE',  ( 16.53205705860951014, -1.917054434007724684, 5.922270705921240719 ) ) ;
#4753 = VECTOR ( 'NONE', #3762, 1000.000000000000000 ) ;
#4754 = CARTESIAN_POINT ( 'NONE',  ( -28.06256458244311602, 18.91284689851362444, 14.29691956891568516 ) ) ;
#4755 = CONICAL_SURFACE ( 'NONE', #4346, 1.750000000000001554, 0.6747409422235520760 ) ;
#4756 = PLANE ( 'NONE',  #3516 ) ;
#4757 = CARTESIAN_POINT ( 'NONE',  ( 3.467932343692218033, 9.999999999999998224, 6.500000000000000888 ) ) ;
#4758 = FACE_OUTER_BOUND ( 'NONE', #1584, .T. ) ;
#4759 = CARTESIAN_POINT ( 'NONE',  ( 23.00000000000000000, 5.146737894696193472, 6.500000000000007994 ) ) ;
#4760 = VECTOR ( 'NONE', #392, 1000.000000000000000 ) ;
#4761 = CARTESIAN_POINT ( 'NONE',  ( 2.522908178846914762, 18.19040441336260017, 10.17355899125868035 ) ) ;
#4762 = CARTESIAN_POINT ( 'NONE',  ( 35.64005297390797011, 20.09856402679194431, 2.575166950868662763 ) ) ;
#4763 = EDGE_CURVE ( 'NONE', #8387, #844, #5106, .T. ) ;
#4764 = DIRECTION ( 'NONE',  ( 0.000000000000000000, -1.000000000000000000, 0.000000000000000000 ) ) ;
#4765 = EDGE_CURVE ( 'NONE', #483, #3186, #4476, .T. ) ;
#4766 = VECTOR ( 'NONE', #7189, 1000.000000000000000 ) ;
#4767 = EDGE_LOOP ( 'NONE', ( #1035, #3024, #1468, #1998, #1537, #2334, #4045, #6864, #5030, #720 ) ) ;
#4768 = CARTESIAN_POINT ( 'NONE',  ( 26.25490370090247438, 5.490089049600866744, 6.500000000000000888 ) ) ;
#4769 = ORIENTED_EDGE ( 'NONE', *, *, #4681, .F. ) ;
#4770 = CARTESIAN_POINT ( 'NONE',  ( 18.12886326262776393, -0.4119913891743575141, 6.436380276022145352 ) ) ;
#4771 = CARTESIAN_POINT ( 'NONE',  ( -28.06256458244927998, 18.27573298645134159, 12.72085173196975028 ) ) ;
#4772 = DIRECTION ( 'NONE',  ( -0.000000000000000000, 0.000000000000000000, -1.000000000000000000 ) ) ;
#4773 = CARTESIAN_POINT ( 'NONE',  ( -7.561463210693853298, 23.24312897781543441, 5.582087692763514575 ) ) ;
#4774 = EDGE_CURVE ( 'NONE', #5737, #5261, #4546, .T. ) ;
#4775 = ORIENTED_EDGE ( 'NONE', *, *, #6671, .T. ) ;
#4776 = LINE ( 'NONE', #7408, #2563 ) ;
#4777 = EDGE_LOOP ( 'NONE', ( #3407, #3304, #5619, #1103 ) ) ;
#4778 = CARTESIAN_POINT ( 'NONE',  ( 19.73480530352878759, 0.9033527686187838857, 10.35355339059327484 ) ) ;
#4779 = ORIENTED_EDGE ( 'NONE', *, *, #5601, .T. ) ;
#4780 = DIRECTION ( 'NONE',  ( 0.000000000000000000, 0.000000000000000000, -1.000000000000000000 ) ) ;
#4781 = CARTESIAN_POINT ( 'NONE',  ( 5.977434298817991376, -8.979569981904298004, 7.457106781186559452 ) ) ;
#4782 = DIRECTION ( 'NONE',  ( 1.000000000000000000, 0.000000000000000000, 0.000000000000000000 ) ) ;
#4783 = ORIENTED_EDGE ( 'NONE', *, *, #6556, .F. ) ;
#4784 = EDGE_CURVE ( 'NONE', #6666, #4509, #4619, .T. ) ;
#4785 = AXIS2_PLACEMENT_3D ( 'NONE', #7403, #801, #3360 ) ;
#4786 = FACE_OUTER_BOUND ( 'NONE', #5988, .T. ) ;
#4787 = VERTEX_POINT ( 'NONE', #5957 ) ;
#4788 = AXIS2_PLACEMENT_3D ( 'NONE', #5448, #2143, #2869 ) ;
#4789 = ORIENTED_EDGE ( 'NONE', *, *, #7077, .T. ) ;
#4790 = PRESENTATION_LAYER_ASSIGNMENT (  '', '', ( #8091 ) ) ;
#4791 = ORIENTED_EDGE ( 'NONE', *, *, #1194, .F. ) ;
#4792 = PLANE ( 'NONE',  #343 ) ;
#4793 = VECTOR ( 'NONE', #4036, 1000.000000000000114 ) ;
#4794 = DIRECTION ( 'NONE',  ( -0.7994407603325167644, -0.6007449298320939324, 0.000000000000000000 ) ) ;
#4795 = CARTESIAN_POINT ( 'NONE',  ( 33.40483542659831784, 18.18951264095243658, 6.631048184261527645 ) ) ;
#4796 = CARTESIAN_POINT ( 'NONE',  ( 16.51434236721700088, -1.938165981116457548, 5.788801972371238058 ) ) ;
#4797 = VECTOR ( 'NONE', #4721, 1000.000000000000000 ) ;
#4798 = CARTESIAN_POINT ( 'NONE',  ( 23.00000000000000000, 5.013277889658524167, 6.500000000000000888 ) ) ;
#4799 = CARTESIAN_POINT ( 'NONE',  ( -2.184364863409160140, 23.75873158673381980, 6.377946096336126303 ) ) ;
#4800 = DIRECTION ( 'NONE',  ( -0.7994407603325182077, -0.6007449298320922670, 0.000000000000000000 ) ) ;
#4801 = DIRECTION ( 'NONE',  ( -0.1584825665006271977, -0.5257976280181182460, -0.8357153405830810566 ) ) ;
#4802 = DIRECTION ( 'NONE',  ( -0.1414184209989443608, 0.9899499129764925964, -0.000000000000000000 ) ) ;
#4803 = CARTESIAN_POINT ( 'NONE',  ( 2.706855356938596024, 18.19000435180408104, 10.26207622783610773 ) ) ;
#4804 = CARTESIAN_POINT ( 'NONE',  ( 40.92026427840045244, 19.76221477807176186, -22.37625387491992868 ) ) ;
#4805 = MANIFOLD_SOLID_BREP ( 'Fillet34', #3993 ) ;
#4806 = CARTESIAN_POINT ( 'NONE',  ( 5.382138091922577416, 5.811895316569334113, 9.656848202602187570 ) ) ;
#4807 = CARTESIAN_POINT ( 'NONE',  ( 47.40483542659831784, 7.681334932469229712E-16, 2.766025658455024239 ) ) ;
#4808 = ORIENTED_EDGE ( 'NONE', *, *, #5537, .F. ) ;
#4809 = CARTESIAN_POINT ( 'NONE',  ( 12.12913547896599376, -10.17755310689966741, 10.50000000000000000 ) ) ;
#4810 = EDGE_CURVE ( 'NONE', #593, #2464, #1314, .T. ) ;
#4811 = EDGE_CURVE ( 'NONE', #2127, #325, #1489, .T. ) ;
#4812 = B_SPLINE_CURVE_WITH_KNOTS ( 'NONE', 3,
 ( #7182, #8425, #3738, #3265, #8469, #2574, #4381, #7056, #6364, #2530, #7141, #1237, #8340, #1101, #3870, #3093, #6494, #1148, #5201, #7831, #583, #1932 ),
 .UNSPECIFIED., .F., .F.,
 ( 4, 2, 2, 2, 2, 2, 2, 2, 2, 2, 4 ),
 ( 0.0002366234748175422052, 0.0005780815413620739134, 0.0009195396079066056215, 0.001602455740995670664, 0.002968288007173801833, 0.003651204140262866767, 0.004334120273351932569, 0.004675578339896467421, 0.005017036406441001406, 0.005358494472985536258, 0.005699952539530071111 ),
 .UNSPECIFIED. ) ;
#4813 = EDGE_CURVE ( 'NONE', #8142, #496, #6230, .T. ) ;
#4814 = CARTESIAN_POINT ( 'NONE',  ( 19.35630130971568974, 0.7449757403714899473, 6.497726969102556538 ) ) ;
#4815 = CARTESIAN_POINT ( 'NONE',  ( 33.76296481622318879, 18.19033847197163212, 10.19765854929516991 ) ) ;
#4816 = CARTESIAN_POINT ( 'NONE',  ( -1.632722032992416139, 24.09007406551304697, 12.20048102840226534 ) ) ;
#4817 = CYLINDRICAL_SURFACE ( 'NONE', #3973, 95.27649995148391326 ) ;
#4818 = AXIS2_PLACEMENT_3D ( 'NONE', #2909, #2309, #4199 ) ;
#4819 = EDGE_LOOP ( 'NONE', ( #6261, #4611, #6925, #638 ) ) ;
#4820 = CARTESIAN_POINT ( 'NONE',  ( 9.132883448087818934, 9.999999999999998224, 1.000000000000000888 ) ) ;
#4821 = ADVANCED_FACE ( 'NONE', ( #4027, #1265 ), #741, .T. ) ;
#4823 = EDGE_LOOP ( 'NONE', ( #176, #8449, #5378, #1550 ) ) ;
#4822 = EDGE_CURVE ( 'NONE', #941, #690, #8498, .T. ) ;
#4824 = EDGE_CURVE ( 'NONE', #8375, #5595, #1913, .T. ) ;
#4825 = FACE_OUTER_BOUND ( 'NONE', #7958, .T. ) ;
#4826 = EDGE_LOOP ( 'NONE', ( #4140, #4343, #2129, #5815 ) ) ;
#4827 = CARTESIAN_POINT ( 'NONE',  ( 35.64005297390797011, 20.09856402680679821, 8.500000000000000000 ) ) ;
#4828 = DIRECTION ( 'NONE',  ( -0.000000000000000000, -0.000000000000000000, 1.000000000000000000 ) ) ;
#4829 = CARTESIAN_POINT ( 'NONE',  ( -6.317172536853473908, 22.43973895908006710, 16.62889877414044548 ) ) ;
#4830 = ORIENTED_EDGE ( 'NONE', *, *, #3475, .T. ) ;
#4831 = CARTESIAN_POINT ( 'NONE',  ( 3.436222162733167718, 24.51303117054258962, 17.90315120806913285 ) ) ;
#4832 = ORIENTED_EDGE ( 'NONE', *, *, #181, .F. ) ;
#4833 = AXIS2_PLACEMENT_3D ( 'NONE', #6726, #3050, #3538 ) ;
#4834 = EDGE_CURVE ( 'NONE', #5771, #5327, #16, .T. ) ;
#4835 = ORIENTED_EDGE ( 'NONE', *, *, #3954, .F. ) ;
#4836 = ORIENTED_EDGE ( 'NONE', *, *, #4133, .F. ) ;
#4837 = CARTESIAN_POINT ( 'NONE',  ( 16.45376147242222586, -1.999999999999999556, 5.692218050199437052 ) ) ;
#4838 = CARTESIAN_POINT ( 'NONE',  ( 16.90125573301660111, 16.31708604308349919, 1.000000000000000888 ) ) ;
#4839 = CARTESIAN_POINT ( 'NONE',  ( 33.37918897292833265, 18.19018501926561271, 6.759910400243909656 ) ) ;
#4840 = DIRECTION ( 'NONE',  ( 0.1584825665006271422, 0.5257976280181181350, -0.8357153405830809456 ) ) ;
#4841 = VECTOR ( 'NONE', #2272, 1000.000000000000000 ) ;
#4842 = EDGE_CURVE ( 'NONE', #6194, #3624, #7115, .T. ) ;
#4843 = CARTESIAN_POINT ( 'NONE',  ( -28.06256458244928709, 19.42544576544232626, 13.99900031858100391 ) ) ;
#4844 = CARTESIAN_POINT ( 'NONE',  ( -7.990314441371448417, -6.075092646820382747, 2.440201509118269385 ) ) ;
#4845 = CARTESIAN_POINT ( 'NONE',  ( -27.87567371419503104, 18.10691113460442736, 3.196003751048781094 ) ) ;
#4846 = CARTESIAN_POINT ( 'NONE',  ( 4.659422966789648513, 7.393128996989330126, 10.37174278041563724 ) ) ;
#4847 = CARTESIAN_POINT ( 'NONE',  ( 0.8189735484711181401, -12.26433929595297734, 8.500000000000000000 ) ) ;
#4848 = CARTESIAN_POINT ( 'NONE',  ( 47.40483542659831073, 29.50718770743505459, 14.32790807705407587 ) ) ;
#4849 = CARTESIAN_POINT ( 'NONE',  ( 35.64005297390797011, 20.09856402680679821, -78.38120019294879626 ) ) ;
#4850 = CARTESIAN_POINT ( 'NONE',  ( 14.91397191146933388, 1.064459876225749779, 2.794042227842539639 ) ) ;
#4851 = CARTESIAN_POINT ( 'NONE',  ( 3.722804632858811136, 23.87423583406182814, -0.8506714922799917256 ) ) ;
#4852 = ORIENTED_EDGE ( 'NONE', *, *, #1319, .T. ) ;
#4853 = DIRECTION ( 'NONE',  ( 0.1584825665006271422, 0.5257976280181181350, 0.8357153405830809456 ) ) ;
#4854 = CARTESIAN_POINT ( 'NONE',  ( 17.93922923597729024, -0.5907476261085984337, 6.417864975040757258 ) ) ;
#4855 = CARTESIAN_POINT ( 'NONE',  ( 4.806444275531644550, 6.334700719076849396, 9.500000000000000000 ) ) ;
#4856 = CARTESIAN_POINT ( 'NONE',  ( 34.58123575092667323, 18.18854554773242782, 6.500000000000000000 ) ) ;
#4857 = LINE ( 'NONE', #366, #7269 ) ;
#4858 = B_SPLINE_SURFACE_WITH_KNOTS ( 'NONE', 3, 1, ( 
 ( #3042, #3130 ),
 ( #4290, #7048 ),
 ( #5747, #6916 ),
 ( #8374, #4328 ) ),
 .UNSPECIFIED., .F., .F., .F.,
 ( 4, 4 ),
 ( 2, 2 ),
 ( 0.000000000000000000, 1.000000000000000000 ),
 ( 0.000000000000000000, 1.000000000000000000 ),
 .UNSPECIFIED. ) ;
#4859 = EDGE_LOOP ( 'NONE', ( #3616, #4952, #3709, #8389 ) ) ;
#4860 = DIRECTION ( 'NONE',  ( 0.000000000000000000, 0.000000000000000000, -1.000000000000000000 ) ) ;
#4861 = ORIENTED_EDGE ( 'NONE', *, *, #2029, .T. ) ;
#4862 = DIRECTION ( 'NONE',  ( -1.000000000000000000, -6.938893903907222067E-15, 0.000000000000000000 ) ) ;
#4863 = ORIENTED_EDGE ( 'NONE', *, *, #8337, .T. ) ;
#4864 = CARTESIAN_POINT ( 'NONE',  ( 16.59629116299002760, -1.910910863254614567, 10.49396704678349224 ) ) ;
#4865 = DIRECTION ( 'NONE',  ( -1.000000000000000000, -0.000000000000000000, -0.000000000000000000 ) ) ;
#4866 = EDGE_LOOP ( 'NONE', ( #1279, #5241, #7203, #1671, #5333, #7196, #6119, #3267, #3487, #1915 ) ) ;
#4867 = VECTOR ( 'NONE', #2167, 1000.000000000000000 ) ;
#4868 = EDGE_CURVE ( 'NONE', #8460, #3319, #1527, .T. ) ;
#4869 = EDGE_CURVE ( 'NONE', #6850, #1784, #6377, .T. ) ;
#4870 = ORIENTED_EDGE ( 'NONE', *, *, #4040, .F. ) ;
#4871 = EDGE_LOOP ( 'NONE', ( #3852, #8294, #3207, #7154, #3797 ) ) ;
#4872 = ORIENTED_EDGE ( 'NONE', *, *, #7832, .T. ) ;
#4873 = LINE ( 'NONE', #8065, #1451 ) ;
#4874 = CIRCLE ( 'NONE', #1858, 3.000000000000000000 ) ;
#4875 = CARTESIAN_POINT ( 'NONE',  ( 0.4347604216980475167, 16.61059065962344405, -4.394475528634443684 ) ) ;
#4876 = DIRECTION ( 'NONE',  ( 0.000000000000000000, 0.000000000000000000, -1.000000000000000000 ) ) ;
#4877 = CARTESIAN_POINT ( 'NONE',  ( -6.484069286058166348, 23.85878651847832188, 11.32916068485042516 ) ) ;
#4878 = EDGE_CURVE ( 'NONE', #6795, #8043, #7585, .T. ) ;
#4879 = VECTOR ( 'NONE', #5532, 1000.000000000000000 ) ;
#4880 = LINE ( 'NONE', #4236, #1320 ) ;
#4881 = DIRECTION ( 'NONE',  ( 0.000000000000000000, -3.558692266018389763E-14, -1.000000000000000000 ) ) ;
#4882 = AXIS2_PLACEMENT_3D ( 'NONE', #8173, #4946, #2930 ) ;
#4883 = CARTESIAN_POINT ( 'NONE',  ( 6.020890159304896017, 6.568530560497854331, 6.500000000000000888 ) ) ;
#4884 = CARTESIAN_POINT ( 'NONE',  ( 5.047797587760372906, 9.288119313090348328, 15.00000000000000178 ) ) ;
#4885 = CARTESIAN_POINT ( 'NONE',  ( -21.38109888217447718, 20.28768372983361346, 2.160881844453095280 ) ) ;
#4886 = CARTESIAN_POINT ( 'NONE',  ( -1.584362491381492211, 24.55872980770757508, 6.377946096336126303 ) ) ;
#4887 = CARTESIAN_POINT ( 'NONE',  ( 43.39104993268180266, 21.10777316484729127, 7.992877352130371982 ) ) ;
#4888 = ADVANCED_FACE ( 'NONE', ( #8399 ), #2505, .F. ) ;
#4889 = CARTESIAN_POINT ( 'NONE',  ( -21.92509863149369664, 21.19113980308874190, 0.000000000000000000 ) ) ;
#4890 = AXIS2_PLACEMENT_3D ( 'NONE', #2809, #773, #4616 ) ;
#4891 = FACE_OUTER_BOUND ( 'NONE', #2585, .T. ) ;
#4892 = VERTEX_POINT ( 'NONE', #4398 ) ;
#4893 = PLANE ( 'NONE',  #7492 ) ;
#4894 = AXIS2_PLACEMENT_3D ( 'NONE', #7322, #5379, #566 ) ;
#4895 = CARTESIAN_POINT ( 'NONE',  ( 19.12518092543108850, 0.5271241539059605685, 6.492810352606392499 ) ) ;
#4896 = LINE ( 'NONE', #4168, #8364 ) ;
#4897 = PLANE ( 'NONE',  #368 ) ;
#4898 = CARTESIAN_POINT ( 'NONE',  ( 17.10456598064011757, -1.537221040210572820, 10.32989499561477942 ) ) ;
#4899 = ORIENTED_EDGE ( 'NONE', *, *, #1036, .T. ) ;
#4900 = FACE_OUTER_BOUND ( 'NONE', #7658, .T. ) ;
#4901 = ORIENTED_EDGE ( 'NONE', *, *, #1457, .T. ) ;
#4902 = CARTESIAN_POINT ( 'NONE',  ( -21.92509863149369664, 21.19122451842073218, 11.99999999999999822 ) ) ;
#4903 = ORIENTED_EDGE ( 'NONE', *, *, #1668, .F. ) ;
#4904 = LINE ( 'NONE', #7825, #5418 ) ;
#4905 = FACE_OUTER_BOUND ( 'NONE', #7116, .T. ) ;
#4906 = CARTESIAN_POINT ( 'NONE',  ( 43.71573874135155080, 21.07785242971915807, 4.555314901128230787 ) ) ;
#4907 = ORIENTED_EDGE ( 'NONE', *, *, #8237, .F. ) ;
#4908 = VECTOR ( 'NONE', #1381, 1000.000000000000000 ) ;
#4909 = VERTEX_POINT ( 'NONE', #4489 ) ;
#4910 = ORIENTED_EDGE ( 'NONE', *, *, #197, .F. ) ;
#4911 = EDGE_LOOP ( 'NONE', ( #1258, #685, #1826, #8520 ) ) ;
#4912 = LINE ( 'NONE', #7541, #5853 ) ;
#4913 = EDGE_CURVE ( 'NONE', #6422, #7617, #5816, .T. ) ;
#4914 = EDGE_CURVE ( 'NONE', #53, #7444, #5728, .T. ) ;
#4915 = VECTOR ( 'NONE', #7278, 1000.000000000000000 ) ;
#4916 = DIRECTION ( 'NONE',  ( 0.4247908136477069330, -0.5652899827880495387, 0.7071067811865515695 ) ) ;
#4917 = CARTESIAN_POINT ( 'NONE',  ( -13.92509863149369842, 21.19113980308874190, 5.000000000000001776 ) ) ;
#4918 = CARTESIAN_POINT ( 'NONE',  ( 43.53119402991293185, 21.09433733574656955, 10.50566502498290689 ) ) ;
#4919 = VECTOR ( 'NONE', #1918, 1000.000000000000114 ) ;
#4920 = ORIENTED_EDGE ( 'NONE', *, *, #7793, .T. ) ;
#4921 = DIRECTION ( 'NONE',  ( 0.000000000000000000, 0.000000000000000000, -1.000000000000000000 ) ) ;
#4922 = ORIENTED_EDGE ( 'NONE', *, *, #6683, .F. ) ;
#4923 = CARTESIAN_POINT ( 'NONE',  ( -3.369840278170531445, 23.58938154276588506, 6.377946096336123638 ) ) ;
#4924 = EDGE_CURVE ( 'NONE', #7017, #800, #3888, .T. ) ;
#4925 = CARTESIAN_POINT ( 'NONE',  ( -27.92067731450839219, 18.11200889698760363, 3.318812365730622549 ) ) ;
#4926 = CARTESIAN_POINT ( 'NONE',  ( 18.23527549049098440, 25.00434348092623793, 17.00020556183143938 ) ) ;
#4927 = DIRECTION ( 'NONE',  ( 0.000000000000000000, 1.000000000000000000, 0.000000000000000000 ) ) ;
#4928 = AXIS2_PLACEMENT_3D ( 'NONE', #3652, #969, #5536 ) ;
#4929 = CARTESIAN_POINT ( 'NONE',  ( -5.287846864460589380, 17.68529976522122737, -2.602870038465381786 ) ) ;
#4930 = CARTESIAN_POINT ( 'NONE',  ( 35.64005297390797011, 20.09856402677708331, -44.23632935999681592 ) ) ;
#4931 = AXIS2_PLACEMENT_3D ( 'NONE', #7755, #1861, #6510 ) ;
#4932 = CARTESIAN_POINT ( 'NONE',  ( 5.197518339229001860, 6.215826216695699458, 10.08669363867874225 ) ) ;
#4933 = B_SPLINE_CURVE_WITH_KNOTS ( 'NONE', 3,
 ( #7099, #5757, #3780, #1193 ),
 .UNSPECIFIED., .F., .F.,
 ( 4, 4 ),
 ( 0.1757726533233315291, 0.8242273466766691925 ),
 .UNSPECIFIED. ) ;
#4934 = LINE ( 'NONE', #312, #7283 ) ;
#4935 = VERTEX_POINT ( 'NONE', #6469 ) ;
#4936 = CARTESIAN_POINT ( 'NONE',  ( 16.97864804553876183, -1.656387189098533108, 10.21812466703160283 ) ) ;
#4937 = EDGE_CURVE ( 'NONE', #4318, #3926, #5175, .T. ) ;
#4938 = CARTESIAN_POINT ( 'NONE',  ( 16.80882527990177522, -1.656257099721389903, 6.206597678339895729 ) ) ;
#4939 = CARTESIAN_POINT ( 'NONE',  ( 40.01827683586912343, 18.19058775935334182, 10.14407386784897724 ) ) ;
#4940 = CYLINDRICAL_SURFACE ( 'NONE', #1478, 0.9999999999999992228 ) ;
#4941 = CARTESIAN_POINT ( 'NONE',  ( 19.98807505064056400, 0.5228795915335634481, 9.896491684383509124 ) ) ;
#4942 = ORIENTED_EDGE ( 'NONE', *, *, #1080, .F. ) ;
#4943 = CARTESIAN_POINT ( 'NONE',  ( 43.95521608925719192, 18.95873024172880150, 18.97273194094180226 ) ) ;
#4944 = EDGE_CURVE ( 'NONE', #835, #7295, #612, .T. ) ;
#4945 = VERTEX_POINT ( 'NONE', #2587 ) ;
#4946 = DIRECTION ( 'NONE',  ( 0.000000000000000000, 0.000000000000000000, 1.000000000000000000 ) ) ;
#4947 = CARTESIAN_POINT ( 'NONE',  ( 41.40483542659832494, 18.19113980308873835, 2.500000000000000444 ) ) ;
#4948 = EDGE_LOOP ( 'NONE', ( #4599, #576, #4360, #7534, #3843, #4992 ) ) ;
#4949 = DIRECTION ( 'NONE',  ( 0.000000000000000000, 1.000000000000000000, 0.000000000000000000 ) ) ;
#4950 = DIRECTION ( 'NONE',  ( 0.000000000000000000, 0.000000000000000000, -1.000000000000000000 ) ) ;
#4951 = VERTEX_POINT ( 'NONE', #4572 ) ;
#4952 = ORIENTED_EDGE ( 'NONE', *, *, #1821, .F. ) ;
#4953 = ORIENTED_EDGE ( 'NONE', *, *, #5259, .F. ) ;
#4954 = ORIENTED_EDGE ( 'NONE', *, *, #2110, .F. ) ;
#4955 = DIRECTION ( 'NONE',  ( 0.1358089151073353928, 0.9907350496360612935, -1.387778780781445676E-17 ) ) ;
#4956 = CARTESIAN_POINT ( 'NONE',  ( 42.87384890056448228, 18.08537695462305450, 2.715079664854984198 ) ) ;
#4957 = DIRECTION ( 'NONE',  ( 0.000000000000000000, 0.000000000000000000, -1.000000000000000000 ) ) ;
#4958 = CARTESIAN_POINT ( 'NONE',  ( 4.624755555487821468, 8.694125132222561447, 10.50000000000000178 ) ) ;
#4959 = EDGE_CURVE ( 'NONE', #44, #6343, #5039, .T. ) ;
#4960 = ORIENTED_EDGE ( 'NONE', *, *, #1558, .T. ) ;
#4961 = ORIENTED_EDGE ( 'NONE', *, *, #4914, .F. ) ;
#4962 = DIRECTION ( 'NONE',  ( -0.08231402710526197763, 0.01128351997175021035, -0.9965425646297109141 ) ) ;
#4963 = CARTESIAN_POINT ( 'NONE',  ( 20.39370702522051104, 1.722812679056372920, 6.500000000000004441 ) ) ;
#4964 = CARTESIAN_POINT ( 'NONE',  ( 4.467932343692218922, 9.999999999999998224, 6.500000000000000888 ) ) ;
#4965 = CARTESIAN_POINT ( 'NONE',  ( 10.93401483852293588, 18.34584124333168376, 6.500000000000000888 ) ) ;
#4966 = CIRCLE ( 'NONE', #3884, 4.249999999999998224 ) ;
#4967 = CARTESIAN_POINT ( 'NONE',  ( 7.242926055384887540, -8.077536581717787101, 2.794042227842540971 ) ) ;
#4968 =( BOUNDED_SURFACE ( )  B_SPLINE_SURFACE ( 3, 2, ( 
 ( #1176, #1042, #6391 ),
 ( #7637, #3038, #6306 ),
 ( #6351, #4281, #5052 ),
 ( #1652, #8321, #5257 ) ),
 .UNSPECIFIED., .F., .F., .F. ) 
 B_SPLINE_SURFACE_WITH_KNOTS ( ( 4, 4 ),
 ( 3, 3 ),
 ( 0.000000000000000000, 0.5235987755983011471 ),
 ( 0.000000000000000000, 1.000000000000000000 ),
 .UNSPECIFIED. ) 
 GEOMETRIC_REPRESENTATION_ITEM ( )  RATIONAL_B_SPLINE_SURFACE ( (
 ( 1.000000000000000000, 0.9530206138714218955, 1.000000000000000000),
 ( 1.000000000000000000, 0.9530363760089659575, 1.000000000000000000),
 ( 1.000000000000000000, 0.9431762688450382459, 1.000000000000000000),
 ( 1.000000000000000000, 0.9238795325112860723, 1.000000000000000000) ) ) 
 REPRESENTATION_ITEM ( '' )  SURFACE ( )  );
#4969 = DIRECTION ( 'NONE',  ( 0.9907350496360611825, -0.1358089151073355039, 3.771453676020505678E-17 ) ) ;
#4970 = EDGE_CURVE ( 'NONE', #8352, #257, #1617, .T. ) ;
#4971 = EDGE_CURVE ( 'NONE', #6315, #5985, #1948, .T. ) ;
#4972 = FACE_OUTER_BOUND ( 'NONE', #5735, .T. ) ;
#4973 = EDGE_LOOP ( 'NONE', ( #122, #1459, #8147, #4580 ) ) ;
#4974 = CARTESIAN_POINT ( 'NONE',  ( 43.79583904631475377, 21.07139053898325898, 13.26508024829699828 ) ) ;
#4975 = CARTESIAN_POINT ( 'NONE',  ( 17.50677710221679817, -0.9983752734092918857, 6.364632724484144966 ) ) ;
#4976 = DIRECTION ( 'NONE',  ( 1.000000000000000000, 0.000000000000000000, 0.000000000000000000 ) ) ;
#4977 = LINE ( 'NONE', #4212, #1206 ) ;
#4978 = CARTESIAN_POINT ( 'NONE',  ( 18.45981036244305074, -0.5741876816325514055, 9.986633539517894675 ) ) ;
#4979 = CARTESIAN_POINT ( 'NONE',  ( 6.074901368476851360, 17.73170615800637862, -2.142817984172785906 ) ) ;
#4980 = EDGE_CURVE ( 'NONE', #7910, #1250, #2418, .T. ) ;
#4981 = CARTESIAN_POINT ( 'NONE',  ( 23.00000000000000355, 8.124725543379341275, 1.000000000000000000 ) ) ;
#4982 = ORIENTED_EDGE ( 'NONE', *, *, #6895, .F. ) ;
#4983 = DIRECTION ( 'NONE',  ( 0.000000000000000000, 0.000000000000000000, 1.000000000000000000 ) ) ;
#4984 = ORIENTED_EDGE ( 'NONE', *, *, #4944, .T. ) ;
#4985 = CARTESIAN_POINT ( 'NONE',  ( 19.98807505064053558, 0.5228795915335373579, 7.103508315616501534 ) ) ;
#4986 = EDGE_LOOP ( 'NONE', ( #7918, #4961, #2294, #6033 ) ) ;
#4987 = CARTESIAN_POINT ( 'NONE',  ( 17.48582178731874492, -1.318776621367025559, 9.979023257119967738 ) ) ;
#4988 = FACE_OUTER_BOUND ( 'NONE', #2625, .T. ) ;
#4989 = ORIENTED_EDGE ( 'NONE', *, *, #8078, .T. ) ;
#4990 = EDGE_CURVE ( 'NONE', #289, #6933, #2463, .T. ) ;
#4991 = ORIENTED_EDGE ( 'NONE', *, *, #3972, .F. ) ;
#4992 = ORIENTED_EDGE ( 'NONE', *, *, #181, .T. ) ;
#4993 = EDGE_LOOP ( 'NONE', ( #936, #5817, #6401, #5726 ) ) ;
#4994 = CARTESIAN_POINT ( 'NONE',  ( 33.40483542659831784, 18.23805294338426819, 1.643294048486737102 ) ) ;
#4995 = B_SPLINE_CURVE_WITH_KNOTS ( 'NONE', 3,
 ( #5323, #7871, #119, #2069, #6061, #5371, #8002, #3268, #5889, #3316, #4687, #4085 ),
 .UNSPECIFIED., .F., .F.,
 ( 4, 2, 2, 2, 2, 4 ),
 ( 5.654626469702341864E-16, 0.0002883101475823304262, 0.0005766202951640953325, 0.001153240590327634253, 0.002306481180654711659, 0.004612962361308868206 ),
 .UNSPECIFIED. ) ;
#4996 = LINE ( 'NONE', #5681, #2542 ) ;
#4997 = DIRECTION ( 'NONE',  ( 9.930073858567528640E-34, 1.418551935884518590E-34, 1.000000000000000000 ) ) ;
#4998 = CARTESIAN_POINT ( 'NONE',  ( 4.467932343692218033, 9.999999999999998224, 10.50000000000000178 ) ) ;
#4999 = AXIS2_PLACEMENT_3D ( 'NONE', #1270, #3346, #1311 ) ;
#5000 = B_SPLINE_CURVE_WITH_KNOTS ( 'NONE', 3,
 ( #627, #5369, #4000, #2575 ),
 .UNSPECIFIED., .F., .F.,
 ( 4, 4 ),
 ( 0.000000000000000000, 0.005383222916532039506 ),
 .UNSPECIFIED. ) ;
#5001 = EDGE_LOOP ( 'NONE', ( #6366, #6111, #5935 ) ) ;
#5002 = DIRECTION ( 'NONE',  ( 0.1584825665006271700, 0.5257976280181181350, -0.8357153405830809456 ) ) ;
#5003 = VERTEX_POINT ( 'NONE', #1163 ) ;
#5004 = DIRECTION ( 'NONE',  ( -0.7994407603325169864, -0.6007449298320939324, -0.000000000000000000 ) ) ;
#5005 = CARTESIAN_POINT ( 'NONE',  ( 7.988581562852369089, 25.46451689806486840, 17.81460737063519062 ) ) ;
#5006 = CARTESIAN_POINT ( 'NONE',  ( -1.229516950531598152, 24.29259400811263703, 5.616015552517653830 ) ) ;
#5007 = DIRECTION ( 'NONE',  ( 0.000000000000000000, -0.000000000000000000, -1.000000000000000000 ) ) ;
#5008 = CARTESIAN_POINT ( 'NONE',  ( 42.38319928916349966, 18.19113980308870993, 7.241567951416654658 ) ) ;
#5009 = DIRECTION ( 'NONE',  ( -0.000000000000000000, 0.000000000000000000, 1.000000000000000000 ) ) ;
#5010 = DIRECTION ( 'NONE',  ( 0.6427876096865406952, 0.7660444431189769032, -0.000000000000000000 ) ) ;
#5011 = VECTOR ( 'NONE', #6413, 1000.000000000000000 ) ;
#5012 = CYLINDRICAL_SURFACE ( 'NONE', #5304, 1.750000000000003331 ) ;
#5013 = ORIENTED_EDGE ( 'NONE', *, *, #8022, .F. ) ;
#5014 = DIRECTION ( 'NONE',  ( -0.000000000000000000, 0.000000000000000000, 1.000000000000000000 ) ) ;
#5015 = EDGE_CURVE ( 'NONE', #5211, #8106, #5888, .T. ) ;
#5016 = CARTESIAN_POINT ( 'NONE',  ( 16.43636062086966376, -2.017371897560845007, 5.677887418062836034 ) ) ;
#5017 = DIRECTION ( 'NONE',  ( -9.930073858567528640E-34, -1.418551935884518804E-34, -1.000000000000000000 ) ) ;
#5018 = ADVANCED_FACE ( 'NONE', ( #91 ), #169, .F. ) ;
#5019 =( BOUNDED_SURFACE ( )  B_SPLINE_SURFACE ( 3, 2, ( 
 ( #308, #957, #8201 ),
 ( #6053, #5526, #229 ),
 ( #2867, #4240, #5488 ),
 ( #2229, #2954, #8116 ),
 ( #4885, #7556, #3472 ),
 ( #4077, #151, #7432 ) ),
 .UNSPECIFIED., .F., .F., .F. ) 
 B_SPLINE_SURFACE_WITH_KNOTS ( ( 4, 2, 4 ),
 ( 3, 3 ),
 ( 0.007947461998446156764, 0.02327545069599396346, 0.03860343939354177190 ),
 ( 0.000000000000000000, 1.000000000000000000 ),
 .UNSPECIFIED. ) 
 GEOMETRIC_REPRESENTATION_ITEM ( )  RATIONAL_B_SPLINE_SURFACE ( (
 ( 1.000000000000000000, 0.8701955005709129942, 1.000000000000000000),
 ( 1.000000000000000000, 0.8701670548757050039, 1.000000000000000000),
 ( 1.000000000000000000, 0.8701606939239027172, 1.000000000000000000),
 ( 1.000000000000000000, 0.8701483967561013388, 1.000000000000000000),
 ( 1.000000000000000000, 0.8701450268114030440, 1.000000000000000000),
 ( 1.000000000000000000, 0.8701420046694906540, 1.000000000000000000) ) ) 
 REPRESENTATION_ITEM ( '' )  SURFACE ( )  );
#5020 = EDGE_CURVE ( 'NONE', #158, #1239, #7676, .T. ) ;
#5021 = AXIS2_PLACEMENT_3D ( 'NONE', #4023, #6479, #6519 ) ;
#5022 = LINE ( 'NONE', #407, #8084 ) ;
#5023 = CARTESIAN_POINT ( 'NONE',  ( 17.42875964950728118, -1.071913425603649772, 10.64922534982285462 ) ) ;
#5024 = LINE ( 'NONE', #7787, #4568 ) ;
#5025 = DIRECTION ( 'NONE',  ( -0.000000000000000000, -0.000000000000000000, -1.000000000000000000 ) ) ;
#5026 = ORIENTED_EDGE ( 'NONE', *, *, #6235, .T. ) ;
#5027 = CARTESIAN_POINT ( 'NONE',  ( 39.91235070371810423, 18.19113980308874190, 9.542893218813443212 ) ) ;
#5028 = ORIENTED_EDGE ( 'NONE', *, *, #5498, .F. ) ;
#5029 = CARTESIAN_POINT ( 'NONE',  ( 12.59148419995559998, -10.56550974815733390, 9.896446609406721606 ) ) ;
#5030 = ORIENTED_EDGE ( 'NONE', *, *, #3629, .F. ) ;
#5031 = AXIS2_PLACEMENT_3D ( 'NONE', #7863, #6013, #3347 ) ;
#5032 = ADVANCED_FACE ( 'NONE', ( #3969 ), #6637, .T. ) ;
#5033 = CARTESIAN_POINT ( 'NONE',  ( 33.40483542659831784, 19.91608737267181439, 10.50000000000000178 ) ) ;
#5034 = CARTESIAN_POINT ( 'NONE',  ( 31.68601776514253743, 7.866076367502472522, -11.11093710392567324 ) ) ;
#5035 = ORIENTED_EDGE ( 'NONE', *, *, #1644, .T. ) ;
#5036 = VECTOR ( 'NONE', #5562, 1000.000000000000227 ) ;
#5037 = ORIENTED_EDGE ( 'NONE', *, *, #2510, .F. ) ;
#5038 = VERTEX_POINT ( 'NONE', #5941 ) ;
#5039 = LINE ( 'NONE', #3110, #4244 ) ;
#5040 = ORIENTED_EDGE ( 'NONE', *, *, #3106, .T. ) ;
#5041 = DIRECTION ( 'NONE',  ( -1.000000000000000000, 0.000000000000000000, 0.000000000000000000 ) ) ;
#5042 = ADVANCED_FACE ( 'NONE', ( #3369 ), #4, .F. ) ;
#5043 = DIRECTION ( 'NONE',  ( 0.9899499129764925964, 0.1414184209989443330, 1.387778780781445367E-17 ) ) ;
#5044 = CARTESIAN_POINT ( 'NONE',  ( -7.006423402502291786, 23.32241869968647308, 12.20048102840077853 ) ) ;
#5045 = CARTESIAN_POINT ( 'NONE',  ( 16.50128353441209583, -1.953728892026769026, 5.721001079538932110 ) ) ;
#5046 = ORIENTED_EDGE ( 'NONE', *, *, #8406, .T. ) ;
#5047 = DIRECTION ( 'NONE',  ( 0.000000000000000000, -0.5446390350150226434, 0.8386705679454270479 ) ) ;
#5048 = ORIENTED_EDGE ( 'NONE', *, *, #5330, .F. ) ;
#5049 = CARTESIAN_POINT ( 'NONE',  ( -2.057156266878089390, 24.02944188767534328, 12.20048102841007065 ) ) ;
#5050 = ADVANCED_FACE ( 'NONE', ( #5990 ), #7959, .T. ) ;
#5051 = CARTESIAN_POINT ( 'NONE',  ( 8.566721091408597388, 25.54710651009852640, 17.88719078809064200 ) ) ;
#5052 = CARTESIAN_POINT ( 'NONE',  ( -0.6571556738847511570, 24.22943773662028022, 11.21501060578816578 ) ) ;
#5053 = DIRECTION ( 'NONE',  ( 0.5671072145501000472, -0.4758594545669649345, -0.6722701738917600256 ) ) ;
#5054 = CARTESIAN_POINT ( 'NONE',  ( 5.229409452036997585, 17.51014753729202766, -4.168398214072276176 ) ) ;
#5055 = DIRECTION ( 'NONE',  ( -0.6427876096865402511, -0.7660444431189772363, -1.510444087774116641E-16 ) ) ;
#5056 = DIRECTION ( 'NONE',  ( -1.000000000000000000, -0.000000000000000000, 0.000000000000000000 ) ) ;
#5057 = CIRCLE ( 'NONE', #924, 0.9999999999999994449 ) ;
#5058 = DIRECTION ( 'NONE',  ( -0.000000000000000000, 1.000000000000000000, -0.000000000000000000 ) ) ;
#5059 = ORIENTED_EDGE ( 'NONE', *, *, #2051, .T. ) ;
#5060 = CYLINDRICAL_SURFACE ( 'NONE', #8183, 2.000000000000000444 ) ;
#5061 = AXIS2_PLACEMENT_3D ( 'NONE', #2351, #5788, #8415 ) ;
#5063 = AXIS2_PLACEMENT_3D ( 'NONE', #8253, #3185, #5760 ) ;
#5062 = DIRECTION ( 'NONE',  ( -0.000000000000000000, -0.000000000000000000, 1.000000000000000000 ) ) ;
#5064 = CARTESIAN_POINT ( 'NONE',  ( 16.58441050974539266, -1.867792648818150436, 6.097722434667792513 ) ) ;
#5065 = CARTESIAN_POINT ( 'NONE',  ( -21.42296975152907024, 17.97896378564487208, 16.17312152111361812 ) ) ;
#5066 = CARTESIAN_POINT ( 'NONE',  ( 41.49713381652422584, 18.15386985835748490, 12.47076990038620004 ) ) ;
#5067 = DIRECTION ( 'NONE',  ( 0.7660444431189762371, -0.6427876096865414723, 0.000000000000000000 ) ) ;
#5068 = CARTESIAN_POINT ( 'NONE',  ( 33.40483542659831784, 18.19113980308875256, 9.500000000000001776 ) ) ;
#5069 = CIRCLE ( 'NONE', #4247, 0.5000000000000006661 ) ;
#5070 = VECTOR ( 'NONE', #2835, 1000.000000000000000 ) ;
#5071 = EDGE_CURVE ( 'NONE', #3635, #4567, #5422, .T. ) ;
#5072 = EDGE_CURVE ( 'NONE', #691, #4262, #1988, .T. ) ;
#5073 = CARTESIAN_POINT ( 'NONE',  ( 16.46245746477759297, -2.000000000000000888, 17.00020556183143938 ) ) ;
#5074 = EDGE_CURVE ( 'NONE', #6315, #5390, #7926, .T. ) ;
#5075 = EDGE_LOOP ( 'NONE', ( #5942, #4226, #1061, #4008 ) ) ;
#5076 = CARTESIAN_POINT ( 'NONE',  ( -26.06256458244927998, 18.57986623873934207, 12.54409222050663253 ) ) ;
#5077 = ORIENTED_EDGE ( 'NONE', *, *, #1269, .F. ) ;
#5078 = CARTESIAN_POINT ( 'NONE',  ( 16.48086175431960143, -1.978066621819174475, 11.36220888915115346 ) ) ;
#5079 = ORIENTED_EDGE ( 'NONE', *, *, #4182, .T. ) ;
#5080 = CARTESIAN_POINT ( 'NONE',  ( 39.71538764267965860, 18.18896797111786512, 10.44696353227653240 ) ) ;
#5081 = CARTESIAN_POINT ( 'NONE',  ( 5.047797587760372906, 9.288119313090348328, 6.500000000000000888 ) ) ;
#5082 = ORIENTED_EDGE ( 'NONE', *, *, #8145, .T. ) ;
#5083 = EDGE_CURVE ( 'NONE', #5222, #3023, #1096, .T. ) ;
#5084 = ADVANCED_FACE ( 'NONE', ( #6596 ), #7973, .T. ) ;
#5085 = EDGE_CURVE ( 'NONE', #1239, #632, #3928, .T. ) ;
#5086 = ORIENTED_EDGE ( 'NONE', *, *, #6203, .F. ) ;
#5087 = ORIENTED_EDGE ( 'NONE', *, *, #6141, .T. ) ;
#5088 = VECTOR ( 'NONE', #8510, 1000.000000000000000 ) ;
#5089 = CARTESIAN_POINT ( 'NONE',  ( -1.398576466903264315, 24.41938942862417861, -1.336645444138133734E-15 ) ) ;
#5090 = EDGE_LOOP ( 'NONE', ( #165, #6929 ) ) ;
#5091 = CARTESIAN_POINT ( 'NONE',  ( 16.91806894562543562, -1.669240567282461063, 6.587635663600400093 ) ) ;
#5092 = DIRECTION ( 'NONE',  ( 0.000000000000000000, 0.000000000000000000, -1.000000000000000000 ) ) ;
#5093 = CARTESIAN_POINT ( 'NONE',  ( -7.571939081592159226, 23.24163245652536602, -5.590280349210904554 ) ) ;
#5094 = CARTESIAN_POINT ( 'NONE',  ( 5.377747213122443526, 5.802784280101613845, 9.500000000000001776 ) ) ;
#5095 = EDGE_CURVE ( 'NONE', #341, #7669, #6032, .T. ) ;
#5096 = EDGE_CURVE ( 'NONE', #5421, #4733, #2630, .T. ) ;
#5097 = ORIENTED_EDGE ( 'NONE', *, *, #3875, .F. ) ;
#5098 = CARTESIAN_POINT ( 'NONE',  ( 22.00113461188209740, 18.19113980308874190, 7.203090613293326783 ) ) ;
#5099 = ORIENTED_EDGE ( 'NONE', *, *, #1657, .F. ) ;
#5100 = CARTESIAN_POINT ( 'NONE',  ( 16.44081128076867415, -2.000000000000000000, 10.91260090741127620 ) ) ;
#5101 = CARTESIAN_POINT ( 'NONE',  ( 3.363203887127745872, 24.80376265297584482, 17.23610036078512664 ) ) ;
#5102 = CARTESIAN_POINT ( 'NONE',  ( 16.18254579313375174, 1.734723475976807094E-15, 1.000000000000000888 ) ) ;
#5103 = DIRECTION ( 'NONE',  ( -0.6007449298320939324, 0.7994407603325167644, 0.000000000000000000 ) ) ;
#5104 = CARTESIAN_POINT ( 'NONE',  ( 21.73947064805660290, 2.113400738336290274, 7.457106781186557676 ) ) ;
#5105 = SPHERICAL_SURFACE ( 'NONE', #6035, 2.000000000000000000 ) ;
#5106 = LINE ( 'NONE', #5190, #6311 ) ;
#5107 = ADVANCED_FACE ( 'NONE', ( #4613 ), #726, .F. ) ;
#5108 = CARTESIAN_POINT ( 'NONE',  ( 52.16712193127420960, -2.354426227855074938, 8.500000000000000000 ) ) ;
#5109 = VERTEX_POINT ( 'NONE', #3327 ) ;
#5110 = CARTESIAN_POINT ( 'NONE',  ( -7.990314441371448417, -6.075092646820382747, 14.55979849088173239 ) ) ;
#5111 = VECTOR ( 'NONE', #7371, 1000.000000000000114 ) ;
#5112 = FACE_OUTER_BOUND ( 'NONE', #8351, .T. ) ;
#5113 = CARTESIAN_POINT ( 'NONE',  ( 16.86557408126633106, -1.602769504650132681, 6.227578613607608560 ) ) ;
#5114 = CARTESIAN_POINT ( 'NONE',  ( 22.01653361753182736, 1.697184315131277765, 6.500000000000000888 ) ) ;
#5115 = CARTESIAN_POINT ( 'NONE',  ( 4.600365666733130077, 7.627858952204874754, 6.591106957764712782 ) ) ;
#5116 = CARTESIAN_POINT ( 'NONE',  ( 17.62670176623994323, -0.8853253680383176283, 10.61910258849938948 ) ) ;
#5117 = CARTESIAN_POINT ( 'NONE',  ( 13.41644172404391355, 11.06284411194225292, 8.495331880577403183 ) ) ;
#5118 = AXIS2_PLACEMENT_3D ( 'NONE', #2145, #1444, #69 ) ;
#5119 = CARTESIAN_POINT ( 'NONE',  ( 51.71289360545092251, 18.19558023834093419, 10.19388714169701160 ) ) ;
#5120 = ORIENTED_EDGE ( 'NONE', *, *, #3769, .T. ) ;
#5121 = CARTESIAN_POINT ( 'NONE',  ( 19.95315544514356532, 1.307561631446226613, 6.500000000000000888 ) ) ;
#5122 = ORIENTED_EDGE ( 'NONE', *, *, #505, .F. ) ;
#5123 = DIRECTION ( 'NONE',  ( 7.650307904307270863E-17, 0.7808688094430317195, -0.6246950475544225112 ) ) ;
#5124 = ORIENTED_EDGE ( 'NONE', *, *, #7768, .T. ) ;
#5125 = CARTESIAN_POINT ( 'NONE',  ( 16.41914033573829457, -2.028834932337253427, 10.70758572263672370 ) ) ;
#5126 = DIRECTION ( 'NONE',  ( 1.000000000000000000, -0.000000000000000000, 0.000000000000000000 ) ) ;
#5127 = ORIENTED_EDGE ( 'NONE', *, *, #4712, .T. ) ;
#5128 = VERTEX_POINT ( 'NONE', #2033 ) ;
#5129 = EDGE_LOOP ( 'NONE', ( #1817, #6250, #3423, #7193, #2175, #2853, #1366, #2163 ) ) ;
#5130 = CARTESIAN_POINT ( 'NONE',  ( -18.60005652123788522, 18.19113980308484102, 7.203090613293326783 ) ) ;
#5131 = ORIENTED_EDGE ( 'NONE', *, *, #1985, .T. ) ;
#5132 = CARTESIAN_POINT ( 'NONE',  ( 40.38177384417779336, 20.54510937787365776, 8.499988929394401538 ) ) ;
#5133 = ADVANCED_FACE ( 'NONE', ( #4654 ), #7287, .F. ) ;
#5134 = CARTESIAN_POINT ( 'NONE',  ( 41.80533618141308949, 18.12606411932740968, 3.677027782101429221 ) ) ;
#5135 = EDGE_CURVE ( 'NONE', #1530, #8477, #4736, .T. ) ;
#5136 = EDGE_CURVE ( 'NONE', #6710, #4614, #1622, .T. ) ;
#5137 = CARTESIAN_POINT ( 'NONE',  ( -6.581989168615654862, 23.38305087752431177, 12.20048102841007598 ) ) ;
#5138 = ORIENTED_EDGE ( 'NONE', *, *, #2180, .F. ) ;
#5139 = CARTESIAN_POINT ( 'NONE',  ( -27.88366417359075200, 18.10696710190612535, 13.80853570535704655 ) ) ;
#5140 = ORIENTED_EDGE ( 'NONE', *, *, #4878, .T. ) ;
#5141 = CARTESIAN_POINT ( 'NONE',  ( 16.44039075547789963, -2.000000000000000000, 11.05777266202185594 ) ) ;
#5142 = CARTESIAN_POINT ( 'NONE',  ( 6.074901367908570826, 18.19113980308874190, 7.203090613293326783 ) ) ;
#5143 = DIRECTION ( 'NONE',  ( -0.000000000000000000, 1.000000000000000000, -0.000000000000000000 ) ) ;
#5144 = EDGE_CURVE ( 'NONE', #1116, #6331, #5714, .T. ) ;
#5145 = DIRECTION ( 'NONE',  ( 0.6427876096865410283, 0.7660444431189765702, 0.000000000000000000 ) ) ;
#5146 = CARTESIAN_POINT ( 'NONE',  ( 16.58541608413749202, -1.866844800255687442, 11.12884503277470927 ) ) ;
#5147 = CIRCLE ( 'NONE', #1426, 1.250000000000002220 ) ;
#5148 = CARTESIAN_POINT ( 'NONE',  ( -3.446615379946162516, 24.12681863748577982, 11.49337424722352097 ) ) ;
#5149 = CARTESIAN_POINT ( 'NONE',  ( 16.45018002593488049, -2.000000006390404650, 10.81209730328478180 ) ) ;
#5150 = ORIENTED_EDGE ( 'NONE', *, *, #29, .F. ) ;
#5151 = CARTESIAN_POINT ( 'NONE',  ( 42.61671328683472382, 18.19113980308874190, 9.796909386706674994 ) ) ;
#5152 = AXIS2_PLACEMENT_3D ( 'NONE', #7118, #1121, #1213 ) ;
#5153 = DIRECTION ( 'NONE',  ( 0.000000000000000000, 0.000000000000000000, 1.000000000000000000 ) ) ;
#5154 = CARTESIAN_POINT ( 'NONE',  ( 18.35514929123657879, -0.7400909995281134135, 7.110809215948218132 ) ) ;
#5155 = FACE_BOUND ( 'NONE', #7231, .T. ) ;
#5156 = ADVANCED_FACE ( 'NONE', ( #3698 ), #6497, .F. ) ;
#5157 = VECTOR ( 'NONE', #7151, 1000.000000000000000 ) ;
#5158 = CARTESIAN_POINT ( 'NONE',  ( 42.55097685141603847, 18.09087136594484946, 14.16708500979358121 ) ) ;
#5159 = DIRECTION ( 'NONE',  ( -0.6427876096865410283, -0.7660444431189765702, 0.000000000000000000 ) ) ;
#5160 = CARTESIAN_POINT ( 'NONE',  ( 70.18983421902937891, 18.08776577269485841, 14.23397434154498242 ) ) ;
#5161 = CARTESIAN_POINT ( 'NONE',  ( 51.60387416482848266, 18.19578129949375267, 10.16083715356798578 ) ) ;
#5162 = VERTEX_POINT ( 'NONE', #7790 ) ;
#5163 = CARTESIAN_POINT ( 'NONE',  ( 16.90125573301660111, 16.31708604308349919, -0.2649197642569309230 ) ) ;
#5164 = ORIENTED_EDGE ( 'NONE', *, *, #6841, .T. ) ;
#5165 = VECTOR ( 'NONE', #4033, 999.9999999999998863 ) ;
#5166 = DIRECTION ( 'NONE',  ( 0.6427876096865406952, 0.7660444431189769032, -4.619120537100131789E-17 ) ) ;
#5167 = ORIENTED_EDGE ( 'NONE', *, *, #6312, .F. ) ;
#5168 = CARTESIAN_POINT ( 'NONE',  ( 16.47425122591040747, -1.992149241840158513, 10.62978137111501731 ) ) ;
#5169 = CARTESIAN_POINT ( 'NONE',  ( 1.467932343692218700, 16.19113980308874190, 6.500000000000000888 ) ) ;
#5170 = ORIENTED_EDGE ( 'NONE', *, *, #2556, .T. ) ;
#5171 = CIRCLE ( 'NONE', #3107, 1.000000000000000444 ) ;
#5172 = VERTEX_POINT ( 'NONE', #4981 ) ;
#5173 = AXIS2_PLACEMENT_3D ( 'NONE', #1507, #5426, #46 ) ;
#5174 = ORIENTED_EDGE ( 'NONE', *, *, #759, .F. ) ;
#5175 = LINE ( 'NONE', #1905, #2871 ) ;
#5176 = ORIENTED_EDGE ( 'NONE', *, *, #4395, .T. ) ;
#5177 = LINE ( 'NONE', #728, #6794 ) ;
#5178 = CARTESIAN_POINT ( 'NONE',  ( 10.64537435473997640, -8.932529694806417453, 17.00020556183143938 ) ) ;
#5179 = CARTESIAN_POINT ( 'NONE',  ( 5.074901367908572603, 9.320420340454845132, 17.00000000000000000 ) ) ;
#5180 = AXIS2_PLACEMENT_3D ( 'NONE', #8297, #4344, #4432 ) ;
#5181 = ORIENTED_EDGE ( 'NONE', *, *, #3549, .T. ) ;
#5182 = EDGE_CURVE ( 'NONE', #3586, #714, #3174, .T. ) ;
#5183 = EDGE_CURVE ( 'NONE', #3668, #3893, #4661, .T. ) ;
#5184 = CARTESIAN_POINT ( 'NONE',  ( 16.68142907209617576, -1.836590278165175727, 6.439302368405809496 ) ) ;
#5185 = ORIENTED_EDGE ( 'NONE', *, *, #7866, .F. ) ;
#5186 = CARTESIAN_POINT ( 'NONE',  ( -3.546613304419205637, 24.82681893398648754, 12.20048102841007065 ) ) ;
#5187 = CARTESIAN_POINT ( 'NONE',  ( 2.784913247173425255, 24.72115145405675563, 17.16477108515865524 ) ) ;
#5188 = CARTESIAN_POINT ( 'NONE',  ( 3.704000336847659280, 18.18984268086227729, 10.49999925276935464 ) ) ;
#5189 = CYLINDRICAL_SURFACE ( 'NONE', #3696, 0.5000000000000002220 ) ;
#5190 = CARTESIAN_POINT ( 'NONE',  ( 3.728306296039347156, 27.19824188526684949, 12.00000000000000000 ) ) ;
#5191 = EDGE_CURVE ( 'NONE', #6187, #7766, #3096, .T. ) ;
#5192 = CARTESIAN_POINT ( 'NONE',  ( -16.25014074174950807, 18.19113980309264633, 9.796909386706674994 ) ) ;
#5193 = ORIENTED_EDGE ( 'NONE', *, *, #3293, .T. ) ;
#5194 = CARTESIAN_POINT ( 'NONE',  ( 39.14313610104832719, 20.32257346097318518, 1.116857224324226516 ) ) ;
#5195 = CARTESIAN_POINT ( 'NONE',  ( 35.64005297390885829, 20.09856402680668808, 1.806856197855221779 ) ) ;
#5196 = CARTESIAN_POINT ( 'NONE',  ( 18.35664105668880453, -0.7440987341854180537, 7.117474071243869993 ) ) ;
#5197 = CARTESIAN_POINT ( 'NONE',  ( 43.68485771299055642, 21.45163648221143049, -0.2880386906141501058 ) ) ;
#5198 = VECTOR ( 'NONE', #454, 1000.000000000000000 ) ;
#5199 = CARTESIAN_POINT ( 'NONE',  ( -1.277225142697964833, 24.14085825998235535, 12.06897075087622717 ) ) ;
#5200 = CARTESIAN_POINT ( 'NONE',  ( 32.74143353297743886, 19.20480553196296825, 7.441648402951967611 ) ) ;
#5201 = CARTESIAN_POINT ( 'NONE',  ( 43.42032952653804756, 18.09155406884121930, 2.847728322826603264 ) ) ;
#5202 = EDGE_CURVE ( 'NONE', #5899, #100, #1708, .T. ) ;
#5203 = CYLINDRICAL_SURFACE ( 'NONE', #7002, 95.27649995148391326 ) ;
#5204 = ORIENTED_EDGE ( 'NONE', *, *, #747, .F. ) ;
#5205 = CARTESIAN_POINT ( 'NONE',  ( 33.40483542659831784, 19.91608737267181795, 6.625736520179982492 ) ) ;
#5206 = VERTEX_POINT ( 'NONE', #448 ) ;
#5207 = CARTESIAN_POINT ( 'NONE',  ( 16.53271159324613748, -1.916274390003036565, 11.05468132869979314 ) ) ;
#5208 = EDGE_LOOP ( 'NONE', ( #7794, #5933, #6977, #1416, #417, #727 ) ) ;
#5209 = CARTESIAN_POINT ( 'NONE',  ( 32.86942440206696858, 19.41246145197657214, 9.610272705600081622 ) ) ;
#5210 = DIRECTION ( 'NONE',  ( -0.000000000000000000, 0.000000000000000000, 1.000000000000000000 ) ) ;
#5211 = VERTEX_POINT ( 'NONE', #1754 ) ;
#5212 = AXIS2_PLACEMENT_3D ( 'NONE', #2519, #6437, #3767 ) ;
#5213 = AXIS2_PLACEMENT_3D ( 'NONE', #2405, #5025, #7653 ) ;
#5214 = EDGE_CURVE ( 'NONE', #3531, #2948, #4428, .T. ) ;
#5215 = ORIENTED_EDGE ( 'NONE', *, *, #4706, .T. ) ;
#5216 = ORIENTED_EDGE ( 'NONE', *, *, #5330, .T. ) ;
#5217 = CARTESIAN_POINT ( 'NONE',  ( 47.41342662313099510, 21.20992039229832571, 2.766025658455018466 ) ) ;
#5218 = ORIENTED_EDGE ( 'NONE', *, *, #4078, .F. ) ;
#5219 = CARTESIAN_POINT ( 'NONE',  ( 39.59027852300405215, 20.43199798915652465, 8.499999885321823712 ) ) ;
#5220 = DIRECTION ( 'NONE',  ( 0.000000000000000000, 0.000000000000000000, 1.000000000000000000 ) ) ;
#5221 = DIRECTION ( 'NONE',  ( 0.6622670053323861383, 0.000000000000000000, 0.7492679184698043393 ) ) ;
#5222 = VERTEX_POINT ( 'NONE', #5667 ) ;
#5223 = ORIENTED_EDGE ( 'NONE', *, *, #4774, .T. ) ;
#5224 = DIRECTION ( 'NONE',  ( 0.08231402710526235234, -0.01128351997175026239, -0.9965425646297108031 ) ) ;
#5225 = CARTESIAN_POINT ( 'NONE',  ( 4.519681300120625522, 24.96897021299739450, -0.3796239522666182142 ) ) ;
#5226 = CARTESIAN_POINT ( 'NONE',  ( 5.074901367908571714, 13.83224085954806881, 6.500000000000000888 ) ) ;
#5227 = DIRECTION ( 'NONE',  ( 1.000000000000000000, -0.000000000000000000, 0.000000000000000000 ) ) ;
#5228 = DIRECTION ( 'NONE',  ( -0.6427876096865405842, -0.7660444431189771253, 0.000000000000000000 ) ) ;
#5229 = DIRECTION ( 'NONE',  ( 0.000000000000000000, 1.000000000000000000, 0.000000000000000000 ) ) ;
#5230 = ORIENTED_EDGE ( 'NONE', *, *, #3713, .T. ) ;
#5231 = CARTESIAN_POINT ( 'NONE',  ( 38.92452401857825350, 20.37219528739279184, -3.109555289151919144 ) ) ;
#5232 = CARTESIAN_POINT ( 'NONE',  ( 4.331040936988625134, 6.946007959283698519, 7.500000000000000888 ) ) ;
#5233 = CARTESIAN_POINT ( 'NONE',  ( 16.38259525521775117, -2.053552893205607077, 5.901337687122232722 ) ) ;
#5234 = CARTESIAN_POINT ( 'NONE',  ( -16.41071074069926183, 18.19113980289669641, 7.057619396062560391 ) ) ;
#5235 = CARTESIAN_POINT ( 'NONE',  ( 41.49110017936049388, 18.18734951562635516, 10.67551712735450842 ) ) ;
#5236 = CARTESIAN_POINT ( 'NONE',  ( 18.99640200393475453, 0.4057374973495896375, 10.51119713096732156 ) ) ;
#5237 = EDGE_CURVE ( 'NONE', #5294, #351, #7539, .T. ) ;
#5238 = CARTESIAN_POINT ( 'NONE',  ( 33.40483542659831784, 19.91608737267181439, 1.624294222821301314 ) ) ;
#5239 = ADVANCED_FACE ( 'NONE', ( #8385 ), #8293, .F. ) ;
#5240 = LINE ( 'NONE', #71, #5759 ) ;
#5241 = ORIENTED_EDGE ( 'NONE', *, *, #6078, .T. ) ;
#5242 = CARTESIAN_POINT ( 'NONE',  ( 5.253889750180668727, 6.092490796542187503, 6.996263017509557258 ) ) ;
#5243 = ORIENTED_EDGE ( 'NONE', *, *, #7621, .T. ) ;
#5244 = CARTESIAN_POINT ( 'NONE',  ( 16.53197165771974753, -1.917156210824905394, 11.01670753275185888 ) ) ;
#5245 = VERTEX_POINT ( 'NONE', #7014 ) ;
#5246 = CYLINDRICAL_SURFACE ( 'NONE', #3824, 1.250000000000002220 ) ;
#5247 = CARTESIAN_POINT ( 'NONE',  ( 32.63314442776290747, 19.00889981101189363, 9.519642979646427250 ) ) ;
#5248 = ORIENTED_EDGE ( 'NONE', *, *, #595, .F. ) ;
#5249 = AXIS2_PLACEMENT_3D ( 'NONE', #6772, #7425, #6816 ) ;
#5250 = EDGE_CURVE ( 'NONE', #7766, #6412, #1150, .T. ) ;
#5251 = ORIENTED_EDGE ( 'NONE', *, *, #6349, .F. ) ;
#5252 = ORIENTED_EDGE ( 'NONE', *, *, #1971, .F. ) ;
#5253 = CARTESIAN_POINT ( 'NONE',  ( 38.80328156419760433, 19.66495198972226532, -3.125551883635097283 ) ) ;
#5254 = DIRECTION ( 'NONE',  ( -0.9899499129764925964, -0.1414184209989443330, -9.813077866773534703E-18 ) ) ;
#5255 = ORIENTED_EDGE ( 'NONE', *, *, #5020, .T. ) ;
#5256 = DIRECTION ( 'NONE',  ( -0.6531958121733358880, 0.4898998853091174888, -0.5773502691896227335 ) ) ;
#5257 = CARTESIAN_POINT ( 'NONE',  ( -0.6571556738766554107, 24.22943773662143840, 10.78626746603697484 ) ) ;
#5258 = CARTESIAN_POINT ( 'NONE',  ( 23.00000000000000000, 5.013277889658526831, 10.50000000000000000 ) ) ;
#5259 = EDGE_CURVE ( 'NONE', #2210, #985, #8090, .T. ) ;
#5260 = LINE ( 'NONE', #5179, #21 ) ;
#5261 = VERTEX_POINT ( 'NONE', #5970 ) ;
#5262 = ORIENTED_EDGE ( 'NONE', *, *, #3062, .F. ) ;
#5263 = FACE_OUTER_BOUND ( 'NONE', #8485, .T. ) ;
#5264 = CARTESIAN_POINT ( 'NONE',  ( -7.048450301587360300, 23.31641498411442370, 15.97241671594136569 ) ) ;
#5265 = CARTESIAN_POINT ( 'NONE',  ( 5.391624560436410363, 5.791139803088745097, 15.00000000000000178 ) ) ;
#5266 = CARTESIAN_POINT ( 'NONE',  ( 16.36421604205989411, -2.065396411064318372, 11.01243569933484778 ) ) ;
#5267 = DIRECTION ( 'NONE',  ( 1.000000000000000000, 3.321706335932480517E-12, 0.000000000000000000 ) ) ;
#5268 = DIRECTION ( 'NONE',  ( -0.6427876096865403621, -0.7660444431189770143, -0.000000000000000000 ) ) ;
#5269 = CARTESIAN_POINT ( 'NONE',  ( 35.64005297390797011, 20.09856402683650245, 78.30156835636006463 ) ) ;
#5270 = CARTESIAN_POINT ( 'NONE',  ( 6.649431718303977945, 3.039174371165989985, -0.0002055618314386609136 ) ) ;
#5271 = CARTESIAN_POINT ( 'NONE',  ( 20.81641804417387220, 0.8875580410144661148, 7.257480324961099960 ) ) ;
#5272 = DIRECTION ( 'NONE',  ( -0.000000000000000000, 0.000000000000000000, 1.000000000000000000 ) ) ;
#5273 = DIRECTION ( 'NONE',  ( -0.5149888309844115053, 0.4321269381394394204, 0.7403058917066258626 ) ) ;
#5274 = CARTESIAN_POINT ( 'NONE',  ( 20.06455229590677192, 0.3978080503383308875, 9.542893218813446765 ) ) ;
#5275 = CARTESIAN_POINT ( 'NONE',  ( 38.75796027027852375, 19.67116458486631814, 19.59148600373796256 ) ) ;
#5276 = CARTESIAN_POINT ( 'NONE',  ( 5.391624560436410363, 5.791139803088745097, 7.500000000000000888 ) ) ;
#5277 = ORIENTED_EDGE ( 'NONE', *, *, #911, .T. ) ;
#5278 = CARTESIAN_POINT ( 'NONE',  ( 21.73947064805660290, 2.113400738336286278, 9.542893218813446765 ) ) ;
#5279 = EDGE_CURVE ( 'NONE', #2523, #6769, #3912, .T. ) ;
#5281 = ORIENTED_EDGE ( 'NONE', *, *, #5813, .F. ) ;
#5280 = ADVANCED_FACE ( 'NONE', ( #3266 ), #7869, .F. ) ;
#5282 = DIRECTION ( 'NONE',  ( -0.7994407603325167644, -0.6007449298320939324, -1.962615573354753471E-17 ) ) ;
#5283 = ORIENTED_EDGE ( 'NONE', *, *, #1975, .F. ) ;
#5284 = DIRECTION ( 'NONE',  ( 0.000000000000000000, 0.000000000000000000, 1.000000000000000000 ) ) ;
#5285 = CARTESIAN_POINT ( 'NONE',  ( 16.46245746477759297, -2.000000000000001776, 6.346846023579763241 ) ) ;
#5286 = ORIENTED_EDGE ( 'NONE', *, *, #2110, .T. ) ;
#5287 = VECTOR ( 'NONE', #1166, 1000.000000000000000 ) ;
#5288 = VECTOR ( 'NONE', #1795, 1000.000000000000114 ) ;
#5289 = VERTEX_POINT ( 'NONE', #2705 ) ;
#5290 = EDGE_CURVE ( 'NONE', #798, #2848, #6456, .T. ) ;
#5291 = EDGE_LOOP ( 'NONE', ( #2174, #3966, #900, #1021, #1207, #5493 ) ) ;
#5292 = CARTESIAN_POINT ( 'NONE',  ( 16.18254579313375174, 0.000000000000000000, 17.00000000000000000 ) ) ;
#5293 = DIRECTION ( 'NONE',  ( -0.9966060095029267707, 0.000000000000000000, -0.08231926762704090683 ) ) ;
#5294 = VERTEX_POINT ( 'NONE', #6579 ) ;
#5295 = CARTESIAN_POINT ( 'NONE',  ( -0.5123869103765311683, -12.34981888004866413, 8.690543505140523095 ) ) ;
#5296 = FACE_OUTER_BOUND ( 'NONE', #7704, .T. ) ;
#5297 = CARTESIAN_POINT ( 'NONE',  ( 47.10117051585724823, 21.25273542826299433, 6.754349459999416716 ) ) ;
#5298 = FACE_OUTER_BOUND ( 'NONE', #6668, .T. ) ;
#5299 =( BOUNDED_SURFACE ( )  B_SPLINE_SURFACE ( 3, 2, ( 
 ( #3704, #3581, #5634 ),
 ( #8260, #6892, #7576 ),
 ( #6200, #980, #5545 ),
 ( #2975, #6802, #3621 ),
 ( #1675, #5590, #4987 ),
 ( #7618, #1715, #8099 ),
 ( #2213, #1544, #4177 ),
 ( #3533, #8140, #6157 ),
 ( #255, #2891, #4864 ),
 ( #5509, #2496, #5168 ),
 ( #7661, #1940, #5125 ),
 ( #1809, #6503, #6372 ) ),
 .UNSPECIFIED., .F., .F., .F. ) 
 B_SPLINE_SURFACE_WITH_KNOTS ( ( 4, 2, 2, 2, 2, 4 ),
 ( 3, 3 ),
 ( 0.01230805902884508224, 0.01468380669128861206, 0.01587168052251037784, 0.01646561743812125986, 0.01676258589592670087, 0.01705955435373214188 ),
 ( 0.000000000000000000, 1.000000000000000000 ),
 .UNSPECIFIED. ) 
 GEOMETRIC_REPRESENTATION_ITEM ( )  RATIONAL_B_SPLINE_SURFACE ( (
 ( 1.000000000000000000, 0.9231206132504202744, 1.000000000000000000),
 ( 1.000000000000000000, 0.9393694474192316735, 1.000000000000000000),
 ( 1.000000000000000000, 0.9531910702889254683, 1.000000000000000000),
 ( 1.000000000000000000, 0.9718727893821283992, 1.000000000000000000),
 ( 1.000000000000000000, 0.9777689894867626075, 1.000000000000000000),
 ( 1.000000000000000000, 0.9858849845865351735, 1.000000000000000000),
 ( 1.000000000000000000, 0.9885037050991550833, 1.000000000000000000),
 ( 1.000000000000000000, 0.9920642990997281530, 1.000000000000000000),
 ( 1.000000000000000000, 0.9931903166407135553, 1.000000000000000000),
 ( 1.000000000000000000, 0.9952379515456405423, 1.000000000000000000),
 ( 1.000000000000000000, 0.9961568864721778160, 1.000000000000000000),
 ( 1.000000000000000000, 0.9967752482682357140, 1.000000000000000000) ) ) 
 REPRESENTATION_ITEM ( '' )  SURFACE ( )  );
#5300 = VECTOR ( 'NONE', #1220, 1000.000000000000000 ) ;
#5301 = DIRECTION ( 'NONE',  ( 0.000000000000000000, 0.8386705679454272699, 0.5446390350150221993 ) ) ;
#5302 = ORIENTED_EDGE ( 'NONE', *, *, #4451, .F. ) ;
#5303 = EDGE_CURVE ( 'NONE', #6635, #2793, #1074, .T. ) ;
#5304 = AXIS2_PLACEMENT_3D ( 'NONE', #6356, #5058, #1047 ) ;
#5305 = ORIENTED_EDGE ( 'NONE', *, *, #1604, .T. ) ;
#5306 = CARTESIAN_POINT ( 'NONE',  ( 9.132883448087818934, 9.999999999999998224, -0.2649197642569309230 ) ) ;
#5307 = CARTESIAN_POINT ( 'NONE',  ( 3.467932343692218922, 16.19113980308874190, 6.500000000000000888 ) ) ;
#5308 = AXIS2_PLACEMENT_3D ( 'NONE', #4411, #3680, #3764 ) ;
#5309 = CARTESIAN_POINT ( 'NONE',  ( 1.467932343692218700, 16.19113980308874190, 10.50000000000000000 ) ) ;
#5310 = CARTESIAN_POINT ( 'NONE',  ( 20.28020948044666127, 1.615845925445862141, 10.50000782307711766 ) ) ;
#5311 = CARTESIAN_POINT ( 'NONE',  ( 45.74708234349125036, 21.43835240599710090, 8.500000000000001776 ) ) ;
#5312 = FACE_OUTER_BOUND ( 'NONE', #8262, .T. ) ;
#5313 = CARTESIAN_POINT ( 'NONE',  ( 35.64005297390797011, 20.09856402680679821, 10.18376104176403629 ) ) ;
#5314 = CARTESIAN_POINT ( 'NONE',  ( 47.40483542659831784, 17.69554623697859341, 19.50212591041863419 ) ) ;
#5315 = CIRCLE ( 'NONE', #6144, 95.27649995148391326 ) ;
#5316 = CARTESIAN_POINT ( 'NONE',  ( 3.381759256733302799, 7.477617038142040151, 2.440201509118269385 ) ) ;
#5317 = CARTESIAN_POINT ( 'NONE',  ( -17.31768483249977564, 18.19006245294568558, 6.750000000000000000 ) ) ;
#5318 = CARTESIAN_POINT ( 'NONE',  ( 39.45524294190503412, 18.18854554773242782, 10.50000000000000000 ) ) ;
#5319 = CARTESIAN_POINT ( 'NONE',  ( 18.85621086702589366, 0.2736041051407177016, 10.51645287327087708 ) ) ;
#5320 = CARTESIAN_POINT ( 'NONE',  ( 38.76774932029734799, 17.73443457341106111, -4.385479593159281819 ) ) ;
#5321 = CARTESIAN_POINT ( 'NONE',  ( 10.93401483852293588, 18.34584124333168376, 7.457106781186557676 ) ) ;
#5322 = ORIENTED_EDGE ( 'NONE', *, *, #4135, .F. ) ;
#5323 = CARTESIAN_POINT ( 'NONE',  ( 16.46245746477759297, -2.000000000000001776, 6.346846023579763241 ) ) ;
#5324 = EDGE_LOOP ( 'NONE', ( #2419, #3362, #2709, #5552 ) ) ;
#5325 = CIRCLE ( 'NONE', #8492, 97.88215668500930633 ) ;
#5326 = CYLINDRICAL_SURFACE ( 'NONE', #2292, 1.000000000000000888 ) ;
#5327 = VERTEX_POINT ( 'NONE', #6535 ) ;
#5328 = DIRECTION ( 'NONE',  ( 0.1584825665006271700, 0.5257976280181181350, 0.8357153405830809456 ) ) ;
#5329 = CARTESIAN_POINT ( 'NONE',  ( -6.581989168615664632, 23.38305087752431177, 4.799518971589921357 ) ) ;
#5330 = EDGE_CURVE ( 'NONE', #964, #5824, #1321, .T. ) ;
#5331 = VECTOR ( 'NONE', #1565, 1000.000000000000114 ) ;
#5332 = EDGE_CURVE ( 'NONE', #2117, #7365, #5000, .T. ) ;
#5333 = ORIENTED_EDGE ( 'NONE', *, *, #5439, .F. ) ;
#5334 = CARTESIAN_POINT ( 'NONE',  ( 4.467932343692218922, 16.19113980308874190, 10.50000000000000000 ) ) ;
#5335 = ORIENTED_EDGE ( 'NONE', *, *, #8396, .F. ) ;
#5336 = DIRECTION ( 'NONE',  ( 2.602085213965212614E-15, 9.027796614315166660E-30, 1.000000000000000000 ) ) ;
#5337 = DIRECTION ( 'NONE',  ( 0.08231402710526196376, -0.01128351997175020861, 0.9965425646297109141 ) ) ;
#5338 = ORIENTED_EDGE ( 'NONE', *, *, #4443, .T. ) ;
#5339 = DIRECTION ( 'NONE',  ( -0.6427876096865436928, -0.7660444431189745718, 0.000000000000000000 ) ) ;
#5340 = VECTOR ( 'NONE', #7966, 1000.000000000000000 ) ;
#5341 = CARTESIAN_POINT ( 'NONE',  ( -6.384071361585119675, 23.15878622197761771, 10.62205390366387370 ) ) ;
#5342 = CARTESIAN_POINT ( 'NONE',  ( -26.06256458244928353, 18.57986623873933851, 4.455907779493373688 ) ) ;
#5343 = AXIS2_PLACEMENT_3D ( 'NONE', #1334, #8054, #3451 ) ;
#5344 = AXIS2_PLACEMENT_3D ( 'NONE', #6491, #3996, #7994 ) ;
#5345 = CARTESIAN_POINT ( 'NONE',  ( -16.42830262545211539, 21.97646445999644271, 14.85407682949358588 ) ) ;
#5346 = ADVANCED_FACE ( 'NONE', ( #116 ), #5203, .F. ) ;
#5347 = EDGE_CURVE ( 'NONE', #6245, #8043, #2752, .T. ) ;
#5348 = EDGE_CURVE ( 'NONE', #2968, #3442, #2060, .T. ) ;
#5349 = VECTOR ( 'NONE', #8152, 1000.000000000000114 ) ;
#5350 = ORIENTED_EDGE ( 'NONE', *, *, #3468, .F. ) ;
#5351 = AXIS2_PLACEMENT_3D ( 'NONE', #672, #4641, #4598 ) ;
#5352 = ORIENTED_EDGE ( 'NONE', *, *, #1285, .T. ) ;
#5353 = CYLINDRICAL_SURFACE ( 'NONE', #6269, 1.000000000000000666 ) ;
#5354 =( BOUNDED_CURVE ( )  B_SPLINE_CURVE ( 3, ( #5200, #4516, #7055, #582 ),
 .UNSPECIFIED., .F., .F. ) 
 B_SPLINE_CURVE_WITH_KNOTS ( ( 4, 4 ),
 ( 1.227494473317870760, 1.570796326794898112 ),
 .UNSPECIFIED. ) 
 CURVE ( )  GEOMETRIC_REPRESENTATION_ITEM ( )  RATIONAL_B_SPLINE_CURVE ( ( 1.000000000000000000, 0.9902027441588143741, 0.9902027441588143741, 1.000000000000000000 ) ) 
 REPRESENTATION_ITEM ( '' )  );
#5355 = CARTESIAN_POINT ( 'NONE',  ( 3.319993203488394329, 17.02368865960622912, 21.74786508705577504 ) ) ;
#5356 = CARTESIAN_POINT ( 'NONE',  ( 5.391624560436413027, 5.791139803088743321, 16.17157287525381193 ) ) ;
#5357 = CARTESIAN_POINT ( 'NONE',  ( 45.14235910211822755, 17.63427608504274957, -3.087120682033170027 ) ) ;
#5358 = EDGE_CURVE ( 'NONE', #553, #3023, #5240, .T. ) ;
#5359 = ADVANCED_FACE ( 'NONE', ( #4685 ), #4725, .T. ) ;
#5360 = CARTESIAN_POINT ( 'NONE',  ( 5.284601019003049238, 18.19113980308874190, 6.500000000000000888 ) ) ;
#5361 = DIRECTION ( 'NONE',  ( -0.000000000000000000, -1.000000000000000000, -0.000000000000000000 ) ) ;
#5362 = CARTESIAN_POINT ( 'NONE',  ( 35.64005297390797011, 20.09856402680680532, 1.731521393284765509 ) ) ;
#5363 = CARTESIAN_POINT ( 'NONE',  ( 4.992310732485194080, 7.787067309526430670, 6.500000000000000888 ) ) ;
#5364 = CARTESIAN_POINT ( 'NONE',  ( 20.07340583734010764, 0.3946918553786981088, 7.257500000000013607 ) ) ;
#5365 = CARTESIAN_POINT ( 'NONE',  ( 48.90483542659832494, 21.00549094565899466, 2.824423793281912578E-15 ) ) ;
#5366 = CYLINDRICAL_SURFACE ( 'NONE', #5746, 0.4999999999999995004 ) ;
#5367 = CARTESIAN_POINT ( 'NONE',  ( 19.29888590570327978, 0.6908567158628812210, 10.50323022470494294 ) ) ;
#5368 = AXIS2_PLACEMENT_3D ( 'NONE', #1177, #6307, #475 ) ;
#5369 = CARTESIAN_POINT ( 'NONE',  ( 40.53081369211351870, 17.50377634536206983, 21.22589608110050108 ) ) ;
#5370 = VERTEX_POINT ( 'NONE', #7311 ) ;
#5371 = CARTESIAN_POINT ( 'NONE',  ( 16.97863786180885981, -1.656393968106500081, 6.781855073972852033 ) ) ;
#5372 = ORIENTED_EDGE ( 'NONE', *, *, #5646, .T. ) ;
#5373 = FACE_OUTER_BOUND ( 'NONE', #5, .T. ) ;
#5374 = ORIENTED_EDGE ( 'NONE', *, *, #5348, .T. ) ;
#5375 = LINE ( 'NONE', #8007, #2862 ) ;
#5376 = DIRECTION ( 'NONE',  ( -1.000000000000000000, 0.000000000000000000, 0.000000000000000000 ) ) ;
#5377 = B_SPLINE_CURVE_WITH_KNOTS ( 'NONE', 3,
 ( #301, #4233, #4918, #2302 ),
 .UNSPECIFIED., .F., .F.,
 ( 4, 4 ),
 ( 0.000000000000000000, 1.000000000000000000 ),
 .UNSPECIFIED. ) ;
#5378 = ORIENTED_EDGE ( 'NONE', *, *, #6922, .F. ) ;
#5379 = DIRECTION ( 'NONE',  ( 0.9899499129764927075, 0.1414184209989447494, -3.556222524045886904E-16 ) ) ;
#5380 = DIRECTION ( 'NONE',  ( 0.6427876096865403621, 0.7660444431189770143, 0.000000000000000000 ) ) ;
#5381 = DIRECTION ( 'NONE',  ( 1.000000000000000000, 0.000000000000000000, 0.000000000000000000 ) ) ;
#5382 = ORIENTED_EDGE ( 'NONE', *, *, #3521, .F. ) ;
#5383 = CARTESIAN_POINT ( 'NONE',  ( 42.38319928916349966, 18.19113980308870993, 9.758432048583346230 ) ) ;
#5384 = CIRCLE ( 'NONE', #1667, 0.5000000000000002220 ) ;
#5385 = CARTESIAN_POINT ( 'NONE',  ( 9.496307690061508211, -7.968348280276609685, 16.00000000000000000 ) ) ;
#5386 = PLANE ( 'NONE',  #3312 ) ;
#5387 = ORIENTED_EDGE ( 'NONE', *, *, #1921, .T. ) ;
#5388 = CARTESIAN_POINT ( 'NONE',  ( 30.19986534232302589, 10.14233883940166692, 7.457106781186558564 ) ) ;
#5389 = CIRCLE ( 'NONE', #3603, 4.249999999999998224 ) ;
#5390 = VERTEX_POINT ( 'NONE', #7222 ) ;
#5391 = ORIENTED_EDGE ( 'NONE', *, *, #7401, .T. ) ;
#5392 = EDGE_CURVE ( 'NONE', #5504, #335, #385, .T. ) ;
#5393 = EDGE_LOOP ( 'NONE', ( #891, #7228, #8092 ) ) ;
#5394 = DIRECTION ( 'NONE',  ( -0.000000000000000000, -1.000000000000000000, -0.000000000000000000 ) ) ;
#5395 = EDGE_CURVE ( 'NONE', #4707, #369, #3956, .T. ) ;
#5396 = EDGE_CURVE ( 'NONE', #1241, #2846, #8081, .T. ) ;
#5397 = CARTESIAN_POINT ( 'NONE',  ( -22.69028855513046850, 13.30459972777264710, -1.634317277388999123 ) ) ;
#5398 = CARTESIAN_POINT ( 'NONE',  ( 33.40483542659831784, 20.40496528942541232, 20.05429286038922143 ) ) ;
#5399 = CARTESIAN_POINT ( 'NONE',  ( 16.53257159106433605, -1.916441238106172618, 5.935303907033004478 ) ) ;
#5400 = DIRECTION ( 'NONE',  ( 1.000000000000000000, 0.000000000000000000, 0.000000000000000000 ) ) ;
#5401 = CYLINDRICAL_SURFACE ( 'NONE', #2415, 1.000000000000000666 ) ;
#5402 = EDGE_CURVE ( 'NONE', #8185, #835, #963, .T. ) ;
#5403 = FACE_OUTER_BOUND ( 'NONE', #7592, .T. ) ;
#5404 = CARTESIAN_POINT ( 'NONE',  ( 70.18983421902937891, 18.08776577269485841, 2.766025658455018910 ) ) ;
#5405 = CYLINDRICAL_SURFACE ( 'NONE', #2479, 1.250000000000000444 ) ;
#5406 = FACE_OUTER_BOUND ( 'NONE', #2034, .T. ) ;
#5407 = CARTESIAN_POINT ( 'NONE',  ( 50.03307272961185959, 20.30267660432770427, -68.75931544176417276 ) ) ;
#5408 = DIRECTION ( 'NONE',  ( -0.9871205706931481805, 0.1353134461481060313, -0.08534196040610472767 ) ) ;
#5409 = LINE ( 'NONE', #8042, #942 ) ;
#5410 = ORIENTED_EDGE ( 'NONE', *, *, #3499, .F. ) ;
#5411 = CARTESIAN_POINT ( 'NONE',  ( 4.889316125383587952, 6.890144082705135453, 6.692752830169180100 ) ) ;
#5412 = EDGE_CURVE ( 'NONE', #6226, #7238, #2148, .T. ) ;
#5413 = VERTEX_POINT ( 'NONE', #8206 ) ;
#5414 = CARTESIAN_POINT ( 'NONE',  ( 18.26379894571973495, -0.2848022491789223287, 6.448014360675664136 ) ) ;
#5415 = DIRECTION ( 'NONE',  ( 0.000000000000000000, 0.000000000000000000, 1.000000000000000000 ) ) ;
#5416 = FACE_BOUND ( 'NONE', #35, .T. ) ;
#5417 = CARTESIAN_POINT ( 'NONE',  ( -7.851206921915536263, 23.20173789570302247, 5.425283173166085326 ) ) ;
#5418 = VECTOR ( 'NONE', #8176, 1000.000000000000000 ) ;
#5419 = ORIENTED_EDGE ( 'NONE', *, *, #2604, .T. ) ;
#5420 = CARTESIAN_POINT ( 'NONE',  ( -26.88791330842890659, 18.05096455510928166, 14.96353029508291144 ) ) ;
#5421 = VERTEX_POINT ( 'NONE', #5454 ) ;
#5422 = LINE ( 'NONE', #43, #8500 ) ;
#5423 = VERTEX_POINT ( 'NONE', #2274 ) ;
#5424 = CARTESIAN_POINT ( 'NONE',  ( 32.40483542659831784, 18.19113980308874190, 6.500000000000000888 ) ) ;
#5425 = CIRCLE ( 'NONE', #3505, 2.950000000000001066 ) ;
#5426 = DIRECTION ( 'NONE',  ( 0.8324328464100202440, 0.5541259389504444854, 0.000000000000000000 ) ) ;
#5427 = FACE_OUTER_BOUND ( 'NONE', #3745, .T. ) ;
#5428 = ORIENTED_EDGE ( 'NONE', *, *, #6809, .T. ) ;
#5429 = CARTESIAN_POINT ( 'NONE',  ( 1.467932343692218700, 16.19113980308874190, 6.500000000000000888 ) ) ;
#5430 = ORIENTED_EDGE ( 'NONE', *, *, #4834, .T. ) ;
#5431 = ORIENTED_EDGE ( 'NONE', *, *, #6193, .T. ) ;
#5432 = VERTEX_POINT ( 'NONE', #6186 ) ;
#5433 = CARTESIAN_POINT ( 'NONE',  ( -1.874312107857274201, 24.51730931118167689, 5.670839315149573956 ) ) ;
#5434 = VECTOR ( 'NONE', #3606, 1000.000000000000000 ) ;
#5435 = CARTESIAN_POINT ( 'NONE',  ( -15.74965344558196989, 14.29651495946561468, -2.455580013066974043 ) ) ;
#5436 = CARTESIAN_POINT ( 'NONE',  ( 33.40483542659831784, 18.18854554773241716, 6.500000000000000888 ) ) ;
#5437 = CARTESIAN_POINT ( 'NONE',  ( 16.52958041286606061, -1.920005985470060628, 5.891581670997806164 ) ) ;
#5438 = ADVANCED_FACE ( 'NONE', ( #834 ), #1487, .T. ) ;
#5439 = EDGE_CURVE ( 'NONE', #3227, #5899, #194, .T. ) ;
#5440 = VECTOR ( 'NONE', #5649, 1000.000000000000000 ) ;
#5441 = CARTESIAN_POINT ( 'NONE',  ( -28.06256458244927998, 18.34165996400607312, 4.317464433909723454 ) ) ;
#5442 = AXIS2_PLACEMENT_3D ( 'NONE', #3414, #687, #132 ) ;
#5443 = DIRECTION ( 'NONE',  ( 0.8209086180667705124, 0.000000000000000000, 0.5710595772629201150 ) ) ;
#5444 = DIRECTION ( 'NONE',  ( 1.000000000000000000, 0.000000000000000000, 0.000000000000000000 ) ) ;
#5445 = DIRECTION ( 'NONE',  ( 0.1414184209989413354, -0.9899499129764931515, 0.000000000000000000 ) ) ;
#5446 = PLANE ( 'NONE',  #6883 ) ;
#5447 = VECTOR ( 'NONE', #2606, 1000.000000000000000 ) ;
#5448 = CARTESIAN_POINT ( 'NONE',  ( 38.41235070371810423, 18.18997571433710192, 6.499999999999999112 ) ) ;
#5449 = CARTESIAN_POINT ( 'NONE',  ( 44.97303107648767906, 20.95286818142009722, -9.046500200693369464 ) ) ;
#5450 = DIRECTION ( 'NONE',  ( -0.9899499129764925964, -0.1414184209989444718, 1.478935619732595507E-16 ) ) ;
#5451 = CIRCLE ( 'NONE', #5583, 1.750000000000008438 ) ;
#5452 = ADVANCED_FACE ( 'NONE', ( #4891 ), #7119, .T. ) ;
#5453 = EDGE_CURVE ( 'NONE', #7458, #5370, #4934, .T. ) ;
#5454 = CARTESIAN_POINT ( 'NONE',  ( -2.098576763403981804, 24.31939150415113104, 5.506625752776476368 ) ) ;
#5455 = ORIENTED_EDGE ( 'NONE', *, *, #2202, .T. ) ;
#5456 = DIRECTION ( 'NONE',  ( 0.000000000000000000, -0.000000000000000000, -1.000000000000000000 ) ) ;
#5457 = DIRECTION ( 'NONE',  ( 0.000000000000000000, -1.000000000000000000, 0.000000000000000000 ) ) ;
#5458 = CARTESIAN_POINT ( 'NONE',  ( 4.320159325192030941, 6.963241081058606952, 9.499999999999998224 ) ) ;
#5459 = CARTESIAN_POINT ( 'NONE',  ( -1.805269882307509954, 24.28904853403376762, 11.56489126384344246 ) ) ;
#5460 = CARTESIAN_POINT ( 'NONE',  ( 29.92526076113333744, 10.50776863210659329, 6.500000000000000888 ) ) ;
#5461 = EDGE_CURVE ( 'NONE', #1186, #2305, #2760, .T. ) ;
#5462 = ORIENTED_EDGE ( 'NONE', *, *, #8135, .F. ) ;
#5463 = FACE_OUTER_BOUND ( 'NONE', #4345, .T. ) ;
#5464 = VERTEX_POINT ( 'NONE', #794 ) ;
#5465 = LINE ( 'NONE', #3018, #254 ) ;
#5466 = ORIENTED_EDGE ( 'NONE', *, *, #1869, .T. ) ;
#5467 = CARTESIAN_POINT ( 'NONE',  ( 40.41235070371810423, 18.19113980308874190, 9.542893218813443212 ) ) ;
#5468 = DIRECTION ( 'NONE',  ( -0.5149888309844115053, 0.4321269381394394204, -0.7403058917066258626 ) ) ;
#5469 = ORIENTED_EDGE ( 'NONE', *, *, #970, .T. ) ;
#5470 = CARTESIAN_POINT ( 'NONE',  ( -7.184069582558881173, 23.75878859400527432, 6.377946096336123638 ) ) ;
#5471 = EDGE_CURVE ( 'NONE', #3964, #7453, #1944, .T. ) ;
#5472 = ORIENTED_EDGE ( 'NONE', *, *, #2663, .F. ) ;
#5473 =( BOUNDED_CURVE ( )  B_SPLINE_CURVE ( 3, ( #7206, #2639, #2597, #8494 ),
 .UNSPECIFIED., .F., .F. ) 
 B_SPLINE_CURVE_WITH_KNOTS ( ( 4, 4 ),
 ( 4.001747266931142910, 4.012625704988581177 ),
 .UNSPECIFIED. ) 
 CURVE ( )  GEOMETRIC_REPRESENTATION_ITEM ( )  RATIONAL_B_SPLINE_CURVE ( ( 1.000000000000000000, 0.9999901383230991314, 0.9999901383230991314, 1.000000000000000000 ) ) 
 REPRESENTATION_ITEM ( '' )  );
#5474 = VECTOR ( 'NONE', #6752, 1000.000000000000000 ) ;
#5475 = ORIENTED_EDGE ( 'NONE', *, *, #2770, .F. ) ;
#5476 = ORIENTED_EDGE ( 'NONE', *, *, #870, .T. ) ;
#5477 = FACE_OUTER_BOUND ( 'NONE', #5854, .T. ) ;
#5478 = CARTESIAN_POINT ( 'NONE',  ( 4.467932343692218033, 9.761115907348115073, 10.49999999999999822 ) ) ;
#5479 = CARTESIAN_POINT ( 'NONE',  ( -17.42509863149369309, 18.19006245294532675, 10.25000000000004263 ) ) ;
#5480 = DIRECTION ( 'NONE',  ( -0.000000000000000000, -3.352098605208054602E-15, -1.000000000000000000 ) ) ;
#5481 = VECTOR ( 'NONE', #329, 1000.000000000000114 ) ;
#5482 = AXIS2_PLACEMENT_3D ( 'NONE', #8227, #4955, #7584 ) ;
#5483 = CARTESIAN_POINT ( 'NONE',  ( -28.06256458244927643, 17.88764957073988882, 14.89275771704213547 ) ) ;
#5484 = ADVANCED_FACE ( 'NONE', ( #2915 ), #5530, .T. ) ;
#5485 = PLANE ( 'NONE',  #8188 ) ;
#5486 = DIRECTION ( 'NONE',  ( 0.8324328464100201330, 0.5541259389504444854, -0.000000000000000000 ) ) ;
#5487 = DIRECTION ( 'NONE',  ( 0.000000000000000000, 0.8464124915001604021, -0.5325278342326258407 ) ) ;
#5488 = CARTESIAN_POINT ( 'NONE',  ( -6.251283319070091160, 23.43029356975025124, 2.073922360808522658 ) ) ;
#5489 = DIRECTION ( 'NONE',  ( 0.4898998853091099392, 0.6531958121733411060, 0.5773502691896232886 ) ) ;
#5490 = CARTESIAN_POINT ( 'NONE',  ( 42.51543424428979989, 19.05505244119075314, -60.75927414043674446 ) ) ;
#5491 = CARTESIAN_POINT ( 'NONE',  ( 4.825303751435981781, 7.030197221389592244, 10.32966165948146653 ) ) ;
#5492 = DIRECTION ( 'NONE',  ( 0.000000000000000000, -1.000000000000000000, 2.777029529349945847E-16 ) ) ;
#5493 = ORIENTED_EDGE ( 'NONE', *, *, #1036, .F. ) ;
#5494 = CARTESIAN_POINT ( 'NONE',  ( 38.76774932029734799, 19.21926480921703373, 20.42121956341764744 ) ) ;
#5495 = CARTESIAN_POINT ( 'NONE',  ( 19.21097038107964750, 0.6079904443519573709, 6.495063761148683668 ) ) ;
#5496 = CARTESIAN_POINT ( 'NONE',  ( 23.00000000000000355, 28.39641197979021214, 17.00000000000000000 ) ) ;
#5497 = EDGE_CURVE ( 'NONE', #2813, #5677, #5409, .T. ) ;
#5498 = EDGE_CURVE ( 'NONE', #4694, #632, #8372, .T. ) ;
#5499 = LINE ( 'NONE', #3571, #6708 ) ;
#5500 = CARTESIAN_POINT ( 'NONE',  ( 16.74884095904408454, -1.788928570249128658, 10.51550713386204272 ) ) ;
#5501 = AXIS2_PLACEMENT_3D ( 'NONE', #173, #8017, #3332 ) ;
#5502 = ORIENTED_EDGE ( 'NONE', *, *, #7385, .T. ) ;
#5503 = CARTESIAN_POINT ( 'NONE',  ( 14.57557676891739895, -1.915111107797440759, 3.904501065402479654 ) ) ;
#5504 = VERTEX_POINT ( 'NONE', #4851 ) ;
#5505 = DIRECTION ( 'NONE',  ( 0.7994407603325167644, 0.6007449298320939324, 1.962615573354753471E-17 ) ) ;
#5506 = VERTEX_POINT ( 'NONE', #4206 ) ;
#5507 = CARTESIAN_POINT ( 'NONE',  ( 12.32064658974575266, -10.33825000932131211, 7.457106781186560340 ) ) ;
#5508 = EDGE_CURVE ( 'NONE', #2848, #1513, #6830, .T. ) ;
#5509 = CARTESIAN_POINT ( 'NONE',  ( 16.52967539631549698, -1.943839705525855388, 10.69512681312812497 ) ) ;
#5510 = CARTESIAN_POINT ( 'NONE',  ( -6.525489782584064535, 24.14873613495410964, 11.03626746603696951 ) ) ;
#5511 = VERTEX_POINT ( 'NONE', #5149 ) ;
#5512 = VERTEX_POINT ( 'NONE', #1138 ) ;
#5513 = CIRCLE ( 'NONE', #3330, 95.27649995148391326 ) ;
#5514 = EDGE_LOOP ( 'NONE', ( #2850, #628, #4490, #3160, #8304, #7572, #1594, #4728, #2711, #8172, #5374 ) ) ;
#5515 = ORIENTED_EDGE ( 'NONE', *, *, #4868, .T. ) ;
#5516 = CARTESIAN_POINT ( 'NONE',  ( 16.44095412048756089, -2.000000000000000000, 5.927653093756465097 ) ) ;
#5517 = ADVANCED_FACE ( 'NONE', ( #7602 ), #1185, .T. ) ;
#5518 = CARTESIAN_POINT ( 'NONE',  ( 5.911418223790432691, 17.39540104256625241, -5.069744683963335774 ) ) ;
#5519 = CARTESIAN_POINT ( 'NONE',  ( 34.08388000213500391, 25.35864053760572645, 17.00000000000000000 ) ) ;
#5520 = CARTESIAN_POINT ( 'NONE',  ( -0.1785039418329786853, -1.850217408244253514, 2.794042227842540971 ) ) ;
#5521 = VECTOR ( 'NONE', #192, 1000.000000000000000 ) ;
#5522 = CARTESIAN_POINT ( 'NONE',  ( -7.384374567443251713, 23.26842681963270820, 11.59679877505546663 ) ) ;
#5523 = DIRECTION ( 'NONE',  ( 0.000000000000000000, -1.000000000000000000, 0.000000000000000000 ) ) ;
#5524 = CARTESIAN_POINT ( 'NONE',  ( 10.64537435473997817, -8.932529694806417453, 17.00000000000000000 ) ) ;
#5525 = DIRECTION ( 'NONE',  ( 0.000000000000000000, -1.000000000000000000, 0.000000000000000000 ) ) ;
#5526 = CARTESIAN_POINT ( 'NONE',  ( -1.361411911730662005, 24.12883183331464210, 0.3487133814293526535 ) ) ;
#5527 = CARTESIAN_POINT ( 'NONE',  ( 34.08388000213500391, 25.35864053760572645, 3.435111744702123757E-16 ) ) ;
#5528 = CARTESIAN_POINT ( 'NONE',  ( 35.64005297390797011, 20.09856402682166987, -5.917027704278086553 ) ) ;
#5529 = DIRECTION ( 'NONE',  ( 0.000000000000000000, 0.000000000000000000, -1.000000000000000000 ) ) ;
#5530 = PLANE ( 'NONE',  #1358 ) ;
#5531 = ORIENTED_EDGE ( 'NONE', *, *, #899, .F. ) ;
#5532 = DIRECTION ( 'NONE',  ( -0.000000000000000000, -0.000000000000000000, -1.000000000000000000 ) ) ;
#5533 = CARTESIAN_POINT ( 'NONE',  ( 18.93362768492479375, 0.3465656236226826170, 6.486857584523329834 ) ) ;
#5534 = LINE ( 'NONE', #5496, #7678 ) ;
#5535 = DIRECTION ( 'NONE',  ( -0.1414184209989443608, 0.9899499129764925964, -0.000000000000000000 ) ) ;
#5536 = DIRECTION ( 'NONE',  ( 0.000000000000000000, 1.000000000000000000, 2.777029529349945354E-16 ) ) ;
#5537 = EDGE_CURVE ( 'NONE', #991, #3818, #666, .T. ) ;
#5538 = ADVANCED_FACE ( 'NONE', ( #4371 ), #5791, .T. ) ;
#5539 = ORIENTED_EDGE ( 'NONE', *, *, #5250, .F. ) ;
#5540 = CARTESIAN_POINT ( 'NONE',  ( 9.132883448087818934, 9.999999999999998224, 17.00000000000000000 ) ) ;
#5541 = ORIENTED_EDGE ( 'NONE', *, *, #5876, .T. ) ;
#5542 = DIRECTION ( 'NONE',  ( 0.000000000000000000, 0.000000000000000000, 1.000000000000000000 ) ) ;
#5543 = ORIENTED_EDGE ( 'NONE', *, *, #5347, .T. ) ;
#5544 = CARTESIAN_POINT ( 'NONE',  ( 9.132883448087818934, 9.999999999999998224, 0.000000000000000000 ) ) ;
#5545 = CARTESIAN_POINT ( 'NONE',  ( 18.77533295763099019, -0.4603871535343241894, 9.640793227177230307 ) ) ;
#5546 = CARTESIAN_POINT ( 'NONE',  ( -2.184364863409159252, 23.75873158673381980, -1.214659106468510589E-15 ) ) ;
#5547 = EDGE_LOOP ( 'NONE', ( #3193, #775, #3378, #7103 ) ) ;
#5548 = B_SPLINE_CURVE_WITH_KNOTS ( 'NONE', 3,
 ( #8368, #4963, #2516, #1690, #5739, #5826, #1085, #3169, #1874, #4454, #1736, #2473 ),
 .UNSPECIFIED., .F., .F.,
 ( 4, 2, 2, 2, 2, 4 ),
 ( 0.000000000000000000, 0.0006514561112903586746, 0.0009771841669355377409, 0.001140048194758127220, 0.001221480208669419899, 0.001302912222580712145 ),
 .UNSPECIFIED. ) ;
#5549 = EDGE_CURVE ( 'NONE', #4021, #2151, #1743, .T. ) ;
#5550 = VERTEX_POINT ( 'NONE', #6314 ) ;
#5551 = AXIS2_PLACEMENT_3D ( 'NONE', #7925, #3368, #2669 ) ;
#5552 = ORIENTED_EDGE ( 'NONE', *, *, #7281, .T. ) ;
#5553 = ORIENTED_EDGE ( 'NONE', *, *, #1024, .T. ) ;
#5554 = FACE_OUTER_BOUND ( 'NONE', #2089, .T. ) ;
#5555 = CIRCLE ( 'NONE', #4061, 4.249999999999998224 ) ;
#5556 = CYLINDRICAL_SURFACE ( 'NONE', #3921, 0.4999999999999995004 ) ;
#5557 = CARTESIAN_POINT ( 'NONE',  ( -26.40456643708022355, 19.57004064862751136, 2.752209047489498239 ) ) ;
#5558 = CARTESIAN_POINT ( 'NONE',  ( 16.53192174265401704, -1.917215697283822351, 5.984878833781331231 ) ) ;
#5559 = ADVANCED_FACE ( 'NONE', ( #7005 ), #1093, .F. ) ;
#5560 = ORIENTED_EDGE ( 'NONE', *, *, #960, .T. ) ;
#5561 = TOROIDAL_SURFACE ( 'NONE', #7776, 19.50000000000000000, 0.5000000000000000000 ) ;
#5562 = DIRECTION ( 'NONE',  ( -0.1414184209989443608, 0.9899499129764925964, -0.000000000000000000 ) ) ;
#5563 = ORIENTED_EDGE ( 'NONE', *, *, #4465, .F. ) ;
#5564 = CARTESIAN_POINT ( 'NONE',  ( 40.41235070371810423, 0.000000000000000000, 9.749999999999994671 ) ) ;
#5565 = CARTESIAN_POINT ( 'NONE',  ( -27.70700927813679471, 18.09165523035859380, 2.848941832119899598 ) ) ;
#5566 = CARTESIAN_POINT ( 'NONE',  ( 4.579309073645770667, 8.113261083752401959, 10.47177008734712622 ) ) ;
#5567 = CARTESIAN_POINT ( 'NONE',  ( 0.000000000000000000, 18.19113980308874190, -5.590280349210904554 ) ) ;
#5568 = CARTESIAN_POINT ( 'NONE',  ( 5.391624560436410363, 5.791139803088745097, 0.5950714406245914967 ) ) ;
#5569 = CARTESIAN_POINT ( 'NONE',  ( 39.56551485071835828, 20.21505913051358405, 7.408340631940133036 ) ) ;
#5570 =( BOUNDED_CURVE ( )  B_SPLINE_CURVE ( 3, ( #719, #5981, #5247, #679 ),
 .UNSPECIFIED., .F., .F. ) 
 B_SPLINE_CURVE_WITH_KNOTS ( ( 4, 4 ),
 ( 1.570796326794895226, 1.914098180271920802 ),
 .UNSPECIFIED. ) 
 CURVE ( )  GEOMETRIC_REPRESENTATION_ITEM ( )  RATIONAL_B_SPLINE_CURVE ( ( 1.000000000000000000, 0.9902027441588145962, 0.9902027441588145962, 1.000000000000000000 ) ) 
 REPRESENTATION_ITEM ( '' )  );
#5571 = CARTESIAN_POINT ( 'NONE',  ( 43.68485771299055642, 22.50965209658663113, 0.3776211021766333609 ) ) ;
#5572 = AXIS2_PLACEMENT_3D ( 'NONE', #5688, #4962, #994 ) ;
#5573 = ADVANCED_FACE ( 'NONE', ( #8329 ), #532, .T. ) ;
#5574 = AXIS2_PLACEMENT_3D ( 'NONE', #996, #3810, #5651 ) ;
#5575 = CARTESIAN_POINT ( 'NONE',  ( 1.768253528538686226, 18.19113980308874190, 7.290418653528679904 ) ) ;
#5576 = VERTEX_POINT ( 'NONE', #6400 ) ;
#5577 = DIRECTION ( 'NONE',  ( -0.9796948150902463626, 0.1342955314062657945, 0.1488716881398090552 ) ) ;
#5578 = VECTOR ( 'NONE', #3760, 1000.000000000000000 ) ;
#5579 = CARTESIAN_POINT ( 'NONE',  ( 17.93023179865295447, -0.5992288023777977424, 6.416915556926110042 ) ) ;
#5580 = CARTESIAN_POINT ( 'NONE',  ( 6.028004935134714692, -8.021761998023290374, 9.542893218813446765 ) ) ;
#5581 = CARTESIAN_POINT ( 'NONE',  ( 33.46370190907585851, 18.19113980308873835, 7.203090613292810751 ) ) ;
#5582 = CARTESIAN_POINT ( 'NONE',  ( 19.91000610687054007, 0.4665063093391759730, 9.895898403897373186 ) ) ;
#5583 = AXIS2_PLACEMENT_3D ( 'NONE', #7148, #2537, #2579 ) ;
#5584 = ORIENTED_EDGE ( 'NONE', *, *, #851, .F. ) ;
#5585 = DIRECTION ( 'NONE',  ( -0.000000000000000000, -0.000000000000000000, 1.000000000000000000 ) ) ;
#5586 = ORIENTED_EDGE ( 'NONE', *, *, #6895, .T. ) ;
#5587 =( LENGTH_UNIT ( ) NAMED_UNIT ( * ) SI_UNIT ( .MILLI., .METRE. ) );
#5588 = DIRECTION ( 'NONE',  ( -1.000000000000000000, 0.000000000000000000, 0.000000000000000000 ) ) ;
#5589 = ORIENTED_EDGE ( 'NONE', *, *, #2028, .F. ) ;
#5590 = CARTESIAN_POINT ( 'NONE',  ( 17.51401844516141537, -1.300006939740354417, 10.08204505014898267 ) ) ;
#5591 = FACE_OUTER_BOUND ( 'NONE', #1114, .T. ) ;
#5592 = ORIENTED_EDGE ( 'NONE', *, *, #5643, .F. ) ;
#5593 = EDGE_LOOP ( 'NONE', ( #1721, #8504, #543, #3541, #1859, #6958, #4729, #6116 ) ) ;
#5594 = ORIENTED_EDGE ( 'NONE', *, *, #7079, .T. ) ;
#5595 = VERTEX_POINT ( 'NONE', #4460 ) ;
#5596 = PLANE ( 'NONE',  #5482 ) ;
#5597 = CIRCLE ( 'NONE', #4650, 2.000000000000000000 ) ;
#5598 = CARTESIAN_POINT ( 'NONE',  ( 47.40483542659832494, 21.21110936274823899, 2.766025658455018021 ) ) ;
#5599 = ADVANCED_FACE ( 'NONE', ( #360 ), #5012, .F. ) ;
#5600 = EDGE_CURVE ( 'NONE', #6727, #5327, #7382, .T. ) ;
#5601 = EDGE_CURVE ( 'NONE', #5576, #4642, #6440, .T. ) ;
#5602 = B_SPLINE_CURVE_WITH_KNOTS ( 'NONE', 3,
 ( #1664, #1007, #2798, #8047, #2154, #839, #4815, #6103, #7439, #879 ),
 .UNSPECIFIED., .F., .F.,
 ( 4, 2, 2, 2, 4 ),
 ( 0.000000000000000000, 0.0003761243093461204756, 0.0007522486186922409512, 0.001128372928038361318, 0.001504497237384481902 ),
 .UNSPECIFIED. ) ;
#5603 = CARTESIAN_POINT ( 'NONE',  ( 10.93401483852293588, 18.34584124333168376, 6.646446609406730488 ) ) ;
#5604 = CARTESIAN_POINT ( 'NONE',  ( 6.020890159304896017, 6.568530560497854331, 10.50000000000000178 ) ) ;
#5605 = CIRCLE ( 'NONE', #377, 95.27649995148391326 ) ;
#5606 = ORIENTED_EDGE ( 'NONE', *, *, #5937, .T. ) ;
#5607 = CARTESIAN_POINT ( 'NONE',  ( 42.51513640388095183, -6.246196747414927586, 9.542893218813450318 ) ) ;
#5608 = ORIENTED_EDGE ( 'NONE', *, *, #6873, .T. ) ;
#5609 = CARTESIAN_POINT ( 'NONE',  ( 10.93401483852293588, 18.34584124333168376, 6.500000000000000888 ) ) ;
#5610 = CARTESIAN_POINT ( 'NONE',  ( 5.409737478318104920, 5.775941260374671593, 7.500000000000000888 ) ) ;
#5611 = FACE_OUTER_BOUND ( 'NONE', #4488, .T. ) ;
#5612 = CARTESIAN_POINT ( 'NONE',  ( 33.11593569343754240, 18.19113980308874190, 9.796909386706674994 ) ) ;
#5613 = EDGE_CURVE ( 'NONE', #158, #5504, #3801, .T. ) ;
#5614 = CARTESIAN_POINT ( 'NONE',  ( -26.40456505033448309, 19.05744144019400466, 2.454290710488443938 ) ) ;
#5615 = CARTESIAN_POINT ( 'NONE',  ( -28.06256458244927998, 0.000000000000000000, 0.000000000000000000 ) ) ;
#5616 = AXIS2_PLACEMENT_3D ( 'NONE', #3901, #3254, #2690 ) ;
#5617 = CARTESIAN_POINT ( 'NONE',  ( -17.42509863149369664, 19.69113980308874190, 10.25000000000000000 ) ) ;
#5618 = DIRECTION ( 'NONE',  ( 1.000000000000000000, 6.938893903907228378E-15, 0.000000000000000000 ) ) ;
#5619 = ORIENTED_EDGE ( 'NONE', *, *, #7955, .F. ) ;
#5620 = CARTESIAN_POINT ( 'NONE',  ( 16.51406188724066837, -1.965648461404820191, 10.57929596770020453 ) ) ;
#5621 = CARTESIAN_POINT ( 'NONE',  ( 11.41141879785895163, -9.575317304492957149, 9.500000000000001776 ) ) ;
#5622 = CARTESIAN_POINT ( 'NONE',  ( -7.981989761617090728, 23.18305502857821310, -5.590280349210904554 ) ) ;
#5623 =( BOUNDED_SURFACE ( )  B_SPLINE_SURFACE ( 3, 2, ( 
 ( #7054, #5755, #1052 ),
 ( #5838, #581, #1099 ),
 ( #7829, #8467, #3693 ),
 ( #4470, #3778, #1889 ),
 ( #3091, #4424, #8380 ),
 ( #444, #2572, #5798 ) ),
 .UNSPECIFIED., .F., .F., .F. ) 
 B_SPLINE_SURFACE_WITH_KNOTS ( ( 4, 2, 4 ),
 ( 3, 3 ),
 ( 2.617993877991491747, 3.141592653589794004, 3.665191429188095817 ),
 ( 0.000000000000000000, 1.000000000000000000 ),
 .UNSPECIFIED. ) 
 GEOMETRIC_REPRESENTATION_ITEM ( )  RATIONAL_B_SPLINE_SURFACE ( (
 ( 1.000000000000000000, 0.9238795325112858503, 1.000000000000000000),
 ( 1.000000000000000000, 0.9431881070349593665, 1.000000000000000000),
 ( 1.000000000000000000, 0.9530206138713828157, 1.000000000000000000),
 ( 1.000000000000000000, 0.9530206138714603092, 1.000000000000000000),
 ( 1.000000000000000000, 0.9431881070349021901, 1.000000000000000000),
 ( 1.000000000000000000, 0.9238795325112854062, 1.000000000000000000) ) ) 
 REPRESENTATION_ITEM ( '' )  SURFACE ( )  );
#5624 = ADVANCED_FACE ( 'NONE', ( #482 ), #4858, .T. ) ;
#5625 = CARTESIAN_POINT ( 'NONE',  ( 14.67674341117114345, -2.000000000000000000, 17.00000000000000000 ) ) ;
#5626 = LINE ( 'NONE', #8251, #5474 ) ;
#5627 = CARTESIAN_POINT ( 'NONE',  ( 52.16712193127420960, 20.11110936274824468, 5.549999999999985612 ) ) ;
#5628 = DIRECTION ( 'NONE',  ( -0.000000000000000000, -0.000000000000000000, -1.000000000000000000 ) ) ;
#5629 = ORIENTED_EDGE ( 'NONE', *, *, #348, .F. ) ;
#5630 = LINE ( 'NONE', #2244, #5724 ) ;
#5631 = ORIENTED_EDGE ( 'NONE', *, *, #4414, .F. ) ;
#5632 = DIRECTION ( 'NONE',  ( 0.000000000000000000, 0.000000000000000000, 1.000000000000000000 ) ) ;
#5633 = ORIENTED_EDGE ( 'NONE', *, *, #4913, .T. ) ;
#5634 = CARTESIAN_POINT ( 'NONE',  ( 20.08798906714149624, 0.4134092161529860920, 9.541996945592240209 ) ) ;
#5635 = CARTESIAN_POINT ( 'NONE',  ( 43.33750808644019514, 21.11060185564241820, 8.500000000000000000 ) ) ;
#5636 = ORIENTED_EDGE ( 'NONE', *, *, #2299, .F. ) ;
#5637 = EDGE_LOOP ( 'NONE', ( #8301, #8051, #4863, #4563 ) ) ;
#5638 = EDGE_LOOP ( 'NONE', ( #2566, #1939, #2245, #2804 ) ) ;
#5639 = ORIENTED_EDGE ( 'NONE', *, *, #4631, .T. ) ;
#5640 = DIRECTION ( 'NONE',  ( -0.6531958121733353329, 0.4898998853091171002, 0.5773502691896235106 ) ) ;
#5641 = CARTESIAN_POINT ( 'NONE',  ( 46.95698046219976618, 21.27250084865836399, 8.500000000000000000 ) ) ;
#5642 = CARTESIAN_POINT ( 'NONE',  ( 13.41644172404391355, 11.06284411194225292, 8.504668119422598593 ) ) ;
#5643 = EDGE_CURVE ( 'NONE', #3485, #5245, #8062, .T. ) ;
#5644 = VERTEX_POINT ( 'NONE', #5658 ) ;
#5645 = ADVANCED_FACE ( 'NONE', ( #4972 ), #7643, .F. ) ;
#5646 = EDGE_CURVE ( 'NONE', #2079, #5413, #7998, .T. ) ;
#5647 = CARTESIAN_POINT ( 'NONE',  ( 16.90125573301660111, 16.31708604308349919, 16.00000000000000000 ) ) ;
#5648 = ORIENTED_EDGE ( 'NONE', *, *, #5303, .T. ) ;
#5649 = DIRECTION ( 'NONE',  ( 0.000000000000000000, 0.000000000000000000, 1.000000000000000000 ) ) ;
#5650 = CARTESIAN_POINT ( 'NONE',  ( -1.228350239046732462, 24.14784024120204009, 1.473289643407924565 ) ) ;
#5651 = DIRECTION ( 'NONE',  ( 0.000000000000000000, 0.000000000000000000, 1.000000000000000000 ) ) ;
#5652 = CARTESIAN_POINT ( 'NONE',  ( 53.90577113709173318, 18.19352061072007132, 8.270638100930911563 ) ) ;
#5653 = AXIS2_PLACEMENT_3D ( 'NONE', #7293, #3334, #7202 ) ;
#5654 = CARTESIAN_POINT ( 'NONE',  ( -7.981989761617088952, 23.18305502857821310, 6.213732533963026050 ) ) ;
#5655 = CARTESIAN_POINT ( 'NONE',  ( -16.36018150595812060, 21.00496732820304047, 1.567589777500167036 ) ) ;
#5656 = EDGE_CURVE ( 'NONE', #4262, #351, #6567, .T. ) ;
#5657 = B_SPLINE_CURVE_WITH_KNOTS ( 'NONE', 3,
 ( #6913, #6827, #6781, #7390, #4761, #6096, #917, #4803, #7433, #871, #8157, #3513, #8117, #6138 ),
 .UNSPECIFIED., .F., .F.,
 ( 4, 2, 1, 1, 1, 1, 2, 2, 4 ),
 ( 0.000000000000000000, 0.2500000000000122680, 0.3750000000000190958, 0.4375000000000217604, 0.4687500000000241474, 0.4843750000000257572, 0.4921875000000261458, 0.5000000000000265343, 1.000000000000000000 ),
 .UNSPECIFIED. ) ;
#5658 = CARTESIAN_POINT ( 'NONE',  ( 5.391624560436410363, 5.791139803088745097, 15.00000000000000178 ) ) ;
#5659 = ORIENTED_EDGE ( 'NONE', *, *, #2088, .T. ) ;
#5660 = CARTESIAN_POINT ( 'NONE',  ( 61.95008048736348627, 16.04366212226440780, -0.06979789820706593095 ) ) ;
#5661 = CARTESIAN_POINT ( 'NONE',  ( 5.079269078855884523, 6.053237172479168038, 14.20595777215746125 ) ) ;
#5662 = FACE_OUTER_BOUND ( 'NONE', #6754, .T. ) ;
#5663 = CARTESIAN_POINT ( 'NONE',  ( 42.87384890056448228, 18.08537695462305450, 14.28492033514501713 ) ) ;
#5664 = FACE_OUTER_BOUND ( 'NONE', #2368, .T. ) ;
#5665 = DIRECTION ( 'NONE',  ( 1.000000000000000000, 0.000000000000000000, 0.000000000000000000 ) ) ;
#5666 = EDGE_CURVE ( 'NONE', #3624, #7870, #8503, .T. ) ;
#5667 = CARTESIAN_POINT ( 'NONE',  ( 19.98807505064056400, 0.5228795915335634481, 9.896491684383509124 ) ) ;
#5668 = ORIENTED_EDGE ( 'NONE', *, *, #6236, .T. ) ;
#5669 = DIRECTION ( 'NONE',  ( 1.000000000000000000, 0.000000000000000000, 0.000000000000000000 ) ) ;
#5670 = ORIENTED_EDGE ( 'NONE', *, *, #1891, .T. ) ;
#5671 = CARTESIAN_POINT ( 'NONE',  ( -0.6571556738766500816, 24.22943773662144196, 10.78626746603697484 ) ) ;
#5672 = ORIENTED_EDGE ( 'NONE', *, *, #7314, .F. ) ;
#5673 = CARTESIAN_POINT ( 'NONE',  ( 33.01507757262896092, 19.59095776180168258, 9.703092164842681555 ) ) ;
#5674 = FACE_OUTER_BOUND ( 'NONE', #8170, .T. ) ;
#5675 = ORIENTED_EDGE ( 'NONE', *, *, #6812, .T. ) ;
#5676 = ORIENTED_EDGE ( 'NONE', *, *, #1976, .F. ) ;
#5677 = VERTEX_POINT ( 'NONE', #4508 ) ;
#5678 = CARTESIAN_POINT ( 'NONE',  ( -21.92509863149369664, 21.19113980308874190, 11.99999999999999822 ) ) ;
#5679 = ORIENTED_EDGE ( 'NONE', *, *, #136, .T. ) ;
#5680 = LINE ( 'NONE', #3711, #5997 ) ;
#5681 = CARTESIAN_POINT ( 'NONE',  ( 1.934929189148230311, -14.40336091653411721, 14.20595777215745947 ) ) ;
#5682 = CARTESIAN_POINT ( 'NONE',  ( 6.074901368506302468, 22.88512733511037567, 0.8515894354418338530 ) ) ;
#5683 = CARTESIAN_POINT ( 'NONE',  ( 3.779238945488447854, 8.042101690843411532, 9.500000000000001776 ) ) ;
#5684 = AXIS2_PLACEMENT_3D ( 'NONE', #4098, #5339, #3488 ) ;
#5685 = ORIENTED_EDGE ( 'NONE', *, *, #1658, .F. ) ;
#5686 = CARTESIAN_POINT ( 'NONE',  ( 24.20795280767999813, -46.61976482363315455, 71.78814247318899788 ) ) ;
#5687 = EDGE_LOOP ( 'NONE', ( #4429, #2731, #6877, #677 ) ) ;
#5688 = CARTESIAN_POINT ( 'NONE',  ( 46.07233747320494643, 11.30025085201537571, 14.23182079851944160 ) ) ;
#5689 = LINE ( 'NONE', #7041, #4057 ) ;
#5690 = DIRECTION ( 'NONE',  ( 0.000000000000000000, -0.9999359047647260468, -0.01132194163334638431 ) ) ;
#5691 = CARTESIAN_POINT ( 'NONE',  ( 41.40483542659832494, 18.19113980308873835, 11.28000660330971527 ) ) ;
#5692 = AXIS2_PLACEMENT_3D ( 'NONE', #8066, #221, #2177 ) ;
#5693 = DIRECTION ( 'NONE',  ( 0.5541259389504413768, -0.8324328464100222424, 0.000000000000000000 ) ) ;
#5694 = CARTESIAN_POINT ( 'NONE',  ( 27.19424754150141155, 6.609555446315888538, 7.457106781186561228 ) ) ;
#5695 = EDGE_CURVE ( 'NONE', #8352, #6586, #2692, .T. ) ;
#5696 = DIRECTION ( 'NONE',  ( -0.6000023720276675965, -0.7999982209737546146, 7.092906894616941445E-34 ) ) ;
#5697 = EDGE_CURVE ( 'NONE', #5109, #2210, #3215, .T. ) ;
#5698 = ADVANCED_FACE ( 'NONE', ( #5312 ), #1354, .T. ) ;
#5699 = CIRCLE ( 'NONE', #2686, 1.000000000000000000 ) ;
#5700 = DIRECTION ( 'NONE',  ( 0.7660444431189770143, -0.6427876096865405842, 0.000000000000000000 ) ) ;
#5701 = VERTEX_POINT ( 'NONE', #1962 ) ;
#5702 = CARTESIAN_POINT ( 'NONE',  ( 40.16418912262144403, 20.03314232529983485, 22.34593882031448331 ) ) ;
#5703 = CARTESIAN_POINT ( 'NONE',  ( 35.64005297390885829, 20.09856402680668808, 15.19314380214478000 ) ) ;
#5704 = DIRECTION ( 'NONE',  ( 0.000000000000000000, 0.000000000000000000, 1.000000000000000000 ) ) ;
#5705 = DIRECTION ( 'NONE',  ( 0.000000000000000000, 0.000000000000000000, 1.000000000000000000 ) ) ;
#5706 = AXIS2_PLACEMENT_3D ( 'NONE', #2776, #7422, #7377 ) ;
#5707 = CARTESIAN_POINT ( 'NONE',  ( 10.93401483852293588, 18.34584124333168376, 6.500000000000000888 ) ) ;
#5708 = CARTESIAN_POINT ( 'NONE',  ( 16.63613238491030089, -1.819034313877106790, 10.87073913405741266 ) ) ;
#5709 = EDGE_CURVE ( 'NONE', #325, #7029, #7212, .T. ) ;
#5710 = CARTESIAN_POINT ( 'NONE',  ( 34.76343828451251738, 20.21872944336059419, 15.26691242657755154 ) ) ;
#5711 = ADVANCED_FACE ( 'NONE', ( #7132 ), #3947, .T. ) ;
#5712 = ADVANCED_FACE ( 'NONE', ( #5917 ), #6650, .F. ) ;
#5713 = TOROIDAL_SURFACE ( 'NONE', #6688, 1.042893218813438994, 0.5000000000000000000 ) ;
#5714 = LINE ( 'NONE', #2490, #1353 ) ;
#5715 = ORIENTED_EDGE ( 'NONE', *, *, #8357, .F. ) ;
#5716 = DIRECTION ( 'NONE',  ( 2.775557561562888827E-14, 0.000000000000000000, -1.000000000000000000 ) ) ;
#5717 = VERTEX_POINT ( 'NONE', #742 ) ;
#5718 = CARTESIAN_POINT ( 'NONE',  ( -6.623409665141556601, 23.67300049400009954, 11.49337424722352097 ) ) ;
#5719 = ORIENTED_EDGE ( 'NONE', *, *, #5549, .F. ) ;
#5720 = VECTOR ( 'NONE', #3950, 1000.000000000000000 ) ;
#5721 = CARTESIAN_POINT ( 'NONE',  ( 4.760878997294996751, 7.171152609699422698, 6.653994881112188509 ) ) ;
#5722 = ORIENTED_EDGE ( 'NONE', *, *, #5993, .F. ) ;
#5723 = EDGE_CURVE ( 'NONE', #2498, #5717, #3344, .T. ) ;
#5724 = VECTOR ( 'NONE', #6840, 1000.000000000000114 ) ;
#5725 = ORIENTED_EDGE ( 'NONE', *, *, #2400, .F. ) ;
#5726 = ORIENTED_EDGE ( 'NONE', *, *, #4662, .F. ) ;
#5727 = AXIS2_PLACEMENT_3D ( 'NONE', #2037, #812, #8058 ) ;
#5728 = LINE ( 'NONE', #2545, #6581 ) ;
#5729 = ORIENTED_EDGE ( 'NONE', *, *, #2202, .F. ) ;
#5730 = CARTESIAN_POINT ( 'NONE',  ( 18.75749330776442747, -0.3622419712395391067, 7.068832949464366244 ) ) ;
#5731 = CARTESIAN_POINT ( 'NONE',  ( 11.20325691286040026, 4.178119462962518682, 9.807136961252030716 ) ) ;
#5732 = EDGE_CURVE ( 'NONE', #8387, #8451, #614, .T. ) ;
#5733 = LINE ( 'NONE', #4445, #1257 ) ;
#5734 = CARTESIAN_POINT ( 'NONE',  ( 5.896662400835127826, 6.676947925628469171, 10.50000000000000178 ) ) ;
#5735 = EDGE_LOOP ( 'NONE', ( #3566, #7076, #40, #6292, #330 ) ) ;
#5736 = CARTESIAN_POINT ( 'NONE',  ( 4.760878997294996751, 7.171152609699422698, 2.000000000000000000 ) ) ;
#5737 = VERTEX_POINT ( 'NONE', #6009 ) ;
#5738 = CARTESIAN_POINT ( 'NONE',  ( 48.90483542659832494, 20.11110936274824113, 5.000000000000000888 ) ) ;
#5739 = CARTESIAN_POINT ( 'NONE',  ( 19.94468494851179230, 1.251908211728827158, 6.532010732863307467 ) ) ;
#5740 = PLANE ( 'NONE',  #5308 ) ;
#5741 = CARTESIAN_POINT ( 'NONE',  ( 21.68208902826259887, 2.199601982023266178, 10.35355339059327662 ) ) ;
#5742 = ADVANCED_FACE ( 'NONE', ( #7173 ), #3522, .F. ) ;
#5743 = CARTESIAN_POINT ( 'NONE',  ( 4.827533469460759008, 17.47685734396918278, -4.441737767034477535 ) ) ;
#5744 = LINE ( 'NONE', #7087, #7135 ) ;
#5745 = CARTESIAN_POINT ( 'NONE',  ( -1.295917481843943397, 23.15706634250703289, -0.2293112664777679499 ) ) ;
#5746 = AXIS2_PLACEMENT_3D ( 'NONE', #7996, #4638, #748 ) ;
#5747 = CARTESIAN_POINT ( 'NONE',  ( 4.209964046116871472, 6.782670704831026853, 7.500000000000000888 ) ) ;
#5748 = ORIENTED_EDGE ( 'NONE', *, *, #6633, .F. ) ;
#5749 = CARTESIAN_POINT ( 'NONE',  ( 44.58690420028448642, 20.99395883821835795, 21.78506903134190509 ) ) ;
#5751 = VECTOR ( 'NONE', #598, 1000.000000000000000 ) ;
#5750 = CARTESIAN_POINT ( 'NONE',  ( 19.12402157324911300, 14.01474273244640223, -0.2649197642569309230 ) ) ;
#5752 = CARTESIAN_POINT ( 'NONE',  ( 19.65365543858514741, 1.025259736534293475, 6.500000000000000888 ) ) ;
#5753 = CARTESIAN_POINT ( 'NONE',  ( -18.87982459638718780, 17.94018218507223139, 16.70762745623185808 ) ) ;
#5754 = AXIS2_PLACEMENT_3D ( 'NONE', #3868, #1051, #7694 ) ;
#5755 = CARTESIAN_POINT ( 'NONE',  ( -1.067206353901586358, 24.17086030867428192, 6.213732533963026050 ) ) ;
#5756 = CARTESIAN_POINT ( 'NONE',  ( 17.40933432241421031, -1.090223409252061071, 10.65241135514016690 ) ) ;
#5757 = CARTESIAN_POINT ( 'NONE',  ( 6.074901367908571714, 18.19113980308873835, 8.067696871097776778 ) ) ;
#5758 = AXIS2_PLACEMENT_3D ( 'NONE', #6757, #5632, #5588 ) ;
#5759 = VECTOR ( 'NONE', #2067, 1000.000000000000000 ) ;
#5760 = DIRECTION ( 'NONE',  ( 0.000000000000000000, 0.8464124915001601801, 0.5325278342326262848 ) ) ;
#5761 = ORIENTED_EDGE ( 'NONE', *, *, #7780, .T. ) ;
#5762 = CARTESIAN_POINT ( 'NONE',  ( 13.41644172404391355, 11.06284411194225292, 17.00000000000000000 ) ) ;
#5763 = EDGE_CURVE ( 'NONE', #3635, #941, #2007, .T. ) ;
#5765 = VERTEX_POINT ( 'NONE', #2565 ) ;
#5764 = EDGE_CURVE ( 'NONE', #1159, #5423, #6486, .T. ) ;
#5766 = LINE ( 'NONE', #5807, #6558 ) ;
#5767 = VERTEX_POINT ( 'NONE', #6612 ) ;
#5768 = CARTESIAN_POINT ( 'NONE',  ( 33.42460703254413090, 18.19113980308874190, 7.299409255389675444 ) ) ;
#5769 = DIRECTION ( 'NONE',  ( -0.1414184209989443053, 0.9899499129764927075, 0.000000000000000000 ) ) ;
#5770 = ORIENTED_EDGE ( 'NONE', *, *, #8454, .T. ) ;
#5771 = VERTEX_POINT ( 'NONE', #5192 ) ;
#5772 = EDGE_CURVE ( 'NONE', #3835, #7376, #701, .T. ) ;
#5773 = ORIENTED_EDGE ( 'NONE', *, *, #8135, .T. ) ;
#5774 = CARTESIAN_POINT ( 'NONE',  ( -17.95424385381023313, 18.19041113486244043, 6.828483948347641608 ) ) ;
#5775 = ORIENTED_EDGE ( 'NONE', *, *, #4706, .F. ) ;
#5776 = CARTESIAN_POINT ( 'NONE',  ( 16.87299645752179345, -1.726716328156399305, 6.721792459903022987 ) ) ;
#5777 = CARTESIAN_POINT ( 'NONE',  ( 42.98912155903653343, 18.08537695462307227, 2.715079664854961994 ) ) ;
#5778 = CARTESIAN_POINT ( 'NONE',  ( 6.074901368506302468, 21.58931443349391444, 0.09865073609192925863 ) ) ;
#5779 = AXIS2_PLACEMENT_3D ( 'NONE', #829, #4927, #7468 ) ;
#5780 = ORIENTED_EDGE ( 'NONE', *, *, #1752, .F. ) ;
#5781 = ADVANCED_FACE ( 'NONE', ( #952 ), #2116, .F. ) ;
#5782 = CARTESIAN_POINT ( 'NONE',  ( -27.00082827614835423, 18.05456083903727560, 14.89717057594731386 ) ) ;
#5783 = ORIENTED_EDGE ( 'NONE', *, *, #7248, .T. ) ;
#5784 = CARTESIAN_POINT ( 'NONE',  ( 44.01750267280096551, 17.60161021156724814, 20.37939903029793598 ) ) ;
#5785 = DIRECTION ( 'NONE',  ( -0.6427876096865403621, -0.7660444431189770143, 0.000000000000000000 ) ) ;
#5786 = DIRECTION ( 'NONE',  ( 1.000000000000000000, 0.000000000000000000, 0.000000000000000000 ) ) ;
#5787 = LINE ( 'NONE', #4457, #8221 ) ;
#5788 = DIRECTION ( 'NONE',  ( 0.9871205706931482915, -0.1353134461481059758, 0.08534196040610472767 ) ) ;
#5789 = CARTESIAN_POINT ( 'NONE',  ( 43.68485771299055642, 20.39362086783622630, 17.95369848340493490 ) ) ;
#5790 = B_SPLINE_CURVE_WITH_KNOTS ( 'NONE', 3,
 ( #5274, #3310, #6700, #1930 ),
 .UNSPECIFIED., .F., .F.,
 ( 4, 4 ),
 ( -2.504891680303009770E-05, 0.0003708277768412670465 ),
 .UNSPECIFIED. ) ;
#5791 = CYLINDRICAL_SURFACE ( 'NONE', #530, 0.4999999999999993339 ) ;
#5792 = ORIENTED_EDGE ( 'NONE', *, *, #2028, .T. ) ;
#5793 = DIRECTION ( 'NONE',  ( -0.4156957420089222310, 0.9095037383516638707, 0.000000000000000000 ) ) ;
#5794 = VECTOR ( 'NONE', #2489, 1000.000000000000000 ) ;
#5795 = DIRECTION ( 'NONE',  ( 0.000000000000000000, 0.000000000000000000, -1.000000000000000000 ) ) ;
#5796 = CARTESIAN_POINT ( 'NONE',  ( 18.01830982639740952, -0.5162075083114546770, 6.427297482646051385 ) ) ;
#5797 = DIRECTION ( 'NONE',  ( 0.6007449298321010378, -0.7994407603325114353, 0.000000000000000000 ) ) ;
#5798 = CARTESIAN_POINT ( 'NONE',  ( -2.057156266878083617, 24.02944188767534328, 4.799518971589924021 ) ) ;
#5799 = CARTESIAN_POINT ( 'NONE',  ( 41.40483542659832494, 18.19113980308873835, 11.28000660330971527 ) ) ;
#5800 = CARTESIAN_POINT ( 'NONE',  ( 0.000000000000000000, 18.19113980308874190, 2.500000000000000444 ) ) ;
#5801 = VECTOR ( 'NONE', #2106, 1000.000000000000000 ) ;
#5802 = DIRECTION ( 'NONE',  ( -1.084202172485504434E-16, 0.000000000000000000, -1.000000000000000000 ) ) ;
#5803 = EDGE_LOOP ( 'NONE', ( #3278, #5455, #7804, #6122 ) ) ;
#5804 = LINE ( 'NONE', #8430, #8050 ) ;
#5805 = ORIENTED_EDGE ( 'NONE', *, *, #4970, .F. ) ;
#5806 = B_SPLINE_CURVE_WITH_KNOTS ( 'NONE', 3,
 ( #4160, #2385, #1692, #3765, #1653, #5612 ),
 .UNSPECIFIED., .F., .F.,
 ( 4, 2, 4 ),
 ( 0.000000000000000000, 0.0003875750491522826418, 0.0007751500983045652837 ),
 .UNSPECIFIED. ) ;
#5807 = CARTESIAN_POINT ( 'NONE',  ( 5.079269078855884523, 6.053237172479167150, 17.00000000000000000 ) ) ;
#5808 = VERTEX_POINT ( 'NONE', #6175 ) ;
#5809 = LINE ( 'NONE', #1202, #3684 ) ;
#5810 = CARTESIAN_POINT ( 'NONE',  ( 4.760878997294996751, 7.171152609699421809, 15.00000000000000178 ) ) ;
#5811 = ORIENTED_EDGE ( 'NONE', *, *, #6765, .F. ) ;
#5812 = ADVANCED_FACE ( 'NONE', ( #2225 ), #912, .T. ) ;
#5813 = EDGE_CURVE ( 'NONE', #5432, #991, #479, .T. ) ;
#5814 = ORIENTED_EDGE ( 'NONE', *, *, #4505, .F. ) ;
#5815 = ORIENTED_EDGE ( 'NONE', *, *, #2718, .F. ) ;
#5816 = LINE ( 'NONE', #462, #6725 ) ;
#5817 = ORIENTED_EDGE ( 'NONE', *, *, #4937, .F. ) ;
#5818 = CARTESIAN_POINT ( 'NONE',  ( 42.77308739215604305, 20.98100229698476227, 8.500000000003694822 ) ) ;
#5819 = CARTESIAN_POINT ( 'NONE',  ( 21.60093916331899067, 2.321508949938795752, 6.500000000000000888 ) ) ;
#5820 = CARTESIAN_POINT ( 'NONE',  ( -2.284362787882205481, 24.45873188323452396, 5.670839315149573956 ) ) ;
#5821 = EDGE_CURVE ( 'NONE', #5765, #1267, #6137, .T. ) ;
#5822 = ORIENTED_EDGE ( 'NONE', *, *, #2092, .F. ) ;
#5823 = CARTESIAN_POINT ( 'NONE',  ( 34.08388000213501101, 25.35864053760572645, 0.3493863398754084582 ) ) ;
#5824 = VERTEX_POINT ( 'NONE', #4116 ) ;
#5825 = CYLINDRICAL_SURFACE ( 'NONE', #7497, 10.00000000000000178 ) ;
#5826 = CARTESIAN_POINT ( 'NONE',  ( 19.84295480577171489, 1.125204959337278598, 6.555055897676910881 ) ) ;
#5827 = DIRECTION ( 'NONE',  ( 1.000000000000000000, -2.312964634635742661E-15, 0.000000000000000000 ) ) ;
#5828 = VECTOR ( 'NONE', #5444, 1000.000000000000000 ) ;
#5829 = EDGE_CURVE ( 'NONE', #3055, #3234, #3876, .T. ) ;
#5830 = CYLINDRICAL_SURFACE ( 'NONE', #6039, 0.4999999999999996114 ) ;
#5831 = CARTESIAN_POINT ( 'NONE',  ( 23.00000000000000355, 9.999999999999998224, 16.00000000000000000 ) ) ;
#5832 = ORIENTED_EDGE ( 'NONE', *, *, #3735, .T. ) ;
#5833 = CARTESIAN_POINT ( 'NONE',  ( 35.64005297390797011, 20.09856402689592159, 52.70904673693584641 ) ) ;
#5834 = CIRCLE ( 'NONE', #6937, 1.000000000000000888 ) ;
#5835 = DIRECTION ( 'NONE',  ( -0.000000000000000000, 0.000000000000000000, 1.000000000000000000 ) ) ;
#5836 = CARTESIAN_POINT ( 'NONE',  ( 27.19424754150141510, 6.609555446315885874, 9.749999999999994671 ) ) ;
#5837 = CARTESIAN_POINT ( 'NONE',  ( 42.51513640388095183, -6.246196747414927586, 10.50000000000000000 ) ) ;
#5838 = CARTESIAN_POINT ( 'NONE',  ( -1.317716430043217368, 24.35874402636412839, 5.927848496246856946 ) ) ;
#5839 = CARTESIAN_POINT ( 'NONE',  ( 48.90483542659832494, 20.11110936274824113, 12.00000000000000000 ) ) ;
#5840 = ADVANCED_FACE ( 'NONE', ( #8070 ), #1350, .T. ) ;
#5841 = CARTESIAN_POINT ( 'NONE',  ( -26.34540142444717148, 20.55976606469232593, -5.590280349210904554 ) ) ;
#5842 = CARTESIAN_POINT ( 'NONE',  ( 3.722863528679585698, 21.56854731367500477, -2.190414585052079754 ) ) ;
#5843 = ORIENTED_EDGE ( 'NONE', *, *, #2788, .F. ) ;
#5844 = DIRECTION ( 'NONE',  ( 0.000000000000000000, 0.8386705679454271589, 0.5446390350150223103 ) ) ;
#5845 = ORIENTED_EDGE ( 'NONE', *, *, #960, .F. ) ;
#5846 = CIRCLE ( 'NONE', #2146, 1.750000000000000666 ) ;
#5847 = CARTESIAN_POINT ( 'NONE',  ( 47.40483542659831784, 17.69554623697859341, -2.502125910418634636 ) ) ;
#5848 = ORIENTED_EDGE ( 'NONE', *, *, #8193, .T. ) ;
#5849 = LINE ( 'NONE', #1854, #7264 ) ;
#5850 = CARTESIAN_POINT ( 'NONE',  ( -2.184364863409159696, 23.75873158673381980, 10.62205390366387370 ) ) ;
#5851 = EDGE_LOOP ( 'NONE', ( #2043, #260, #4249, #2628 ) ) ;
#5852 =( BOUNDED_CURVE ( )  B_SPLINE_CURVE ( 3, ( #1133, #2474, #7728, #3076 ),
 .UNSPECIFIED., .F., .F. ) 
 B_SPLINE_CURVE_WITH_KNOTS ( ( 4, 4 ),
 ( 6.128332693342741777, 7.109800601302302958 ),
 .UNSPECIFIED. ) 
 CURVE ( )  GEOMETRIC_REPRESENTATION_ITEM ( )  RATIONAL_B_SPLINE_CURVE ( ( 1.000000000000000000, 0.9213248021641837759, 0.9213248021641837759, 1.000000000000000000 ) ) 
 REPRESENTATION_ITEM ( '' )  );
#5853 = VECTOR ( 'NONE', #4272, 1000.000000000000000 ) ;
#5854 = EDGE_LOOP ( 'NONE', ( #7536, #984, #5262 ) ) ;
#5855 = VERTEX_POINT ( 'NONE', #6090 ) ;
#5856 = CARTESIAN_POINT ( 'NONE',  ( 10.85968678772822216, 1.202890804913758771, 8.690543505140523095 ) ) ;
#5857 = VERTEX_POINT ( 'NONE', #864 ) ;
#5859 = B_SPLINE_CURVE_WITH_KNOTS ( 'NONE', 3,
 ( #4491, #5818, #45, #7117, #3203, #5132, #2507, #5943, #7928, #5219, #2035, #3890, #3239, #7757, #5858, #7848, #2547, #4656, #1950 ),
 .UNSPECIFIED., .F., .F.,
 ( 4, 2, 2, 1, 1, 1, 1, 1, 2, 2, 2, 4 ),
 ( 0.000000000000000000, 0.2500000000001315614, 0.3750000000001987854, 0.4375000000002337019, 0.4687500000002511324, 0.4843750000002599032, 0.4921875000002642331, 0.4960937500002664535, 0.4980468750002676193, 0.5000000000002688960, 0.7500000000001344480, 1.000000000000000000 ),
 .UNSPECIFIED. ) ;
#5858 = CARTESIAN_POINT ( 'NONE',  ( 39.07992697404587545, 20.36484463287597180, 8.499999999999994671 ) ) ;
#5860 = AXIS2_PLACEMENT_3D ( 'NONE', #2480, #1001, #5618 ) ;
#5861 = LINE ( 'NONE', #8487, #8040 ) ;
#5862 = DIRECTION ( 'NONE',  ( 1.000000000000000000, 0.000000000000000000, 0.000000000000000000 ) ) ;
#5863 = AXIS2_PLACEMENT_3D ( 'NONE', #589, #7659, #1759 ) ;
#5864 = B_SPLINE_CURVE_WITH_KNOTS ( 'NONE', 3,
 ( #7191, #5080, #591, #3918 ),
 .UNSPECIFIED., .F., .F.,
 ( 4, 4 ),
 ( 2.770943173265471274E-07, 0.0003910031981898038256 ),
 .UNSPECIFIED. ) ;
#5865 = EDGE_LOOP ( 'NONE', ( #5770, #2087 ) ) ;
#5866 = ORIENTED_EDGE ( 'NONE', *, *, #4453, .T. ) ;
#5867 = CARTESIAN_POINT ( 'NONE',  ( 4.045186821572798408, 17.45413223039168926, 21.62467383216028338 ) ) ;
#5868 = EDGE_CURVE ( 'NONE', #6412, #4567, #765, .T. ) ;
#5869 = EDGE_CURVE ( 'NONE', #5162, #426, #4880, .T. ) ;
#5870 = CARTESIAN_POINT ( 'NONE',  ( 3.363203887127745872, 24.80376265297584482, -0.2361003607851267783 ) ) ;
#5871 = CARTESIAN_POINT ( 'NONE',  ( 26.14271908955283763, 5.584223115608113019, 7.103553390593289052 ) ) ;
#5872 = CARTESIAN_POINT ( 'NONE',  ( 19.06389272394425660, -0.2683014469920487755, 9.794056833733760570 ) ) ;
#5873 = CARTESIAN_POINT ( 'NONE',  ( -4.794407181312115185, 18.19113980308873835, 11.00000000000000178 ) ) ;
#5874 = VERTEX_POINT ( 'NONE', #6131 ) ;
#5875 = CARTESIAN_POINT ( 'NONE',  ( 35.64005297390797011, 20.09856402683650956, 35.67491941981950276 ) ) ;
#5876 = EDGE_CURVE ( 'NONE', #4297, #3188, #1928, .T. ) ;
#5877 = CARTESIAN_POINT ( 'NONE',  ( 4.703540460033249992, 6.469451146571982392, 6.500000000000072831 ) ) ;
#5878 = CARTESIAN_POINT ( 'NONE',  ( 52.16712193127420960, 18.61110936274822691, 10.25000000000000888 ) ) ;
#5879 = CARTESIAN_POINT ( 'NONE',  ( 38.41235070371810423, 18.18997571433710192, 9.896446609406726935 ) ) ;
#5880 = VECTOR ( 'NONE', #6191, 1000.000000000000000 ) ;
#5881 = DIRECTION ( 'NONE',  ( 0.000000000000000000, 0.000000000000000000, -1.000000000000000000 ) ) ;
#5882 = CARTESIAN_POINT ( 'NONE',  ( -17.95424385381023669, 18.19041113486244399, 10.17151605165236283 ) ) ;
#5883 = DIRECTION ( 'NONE',  ( 0.000000000000000000, 0.000000000000000000, -1.000000000000000000 ) ) ;
#5884 = VECTOR ( 'NONE', #621, 1000.000000000000000 ) ;
#5885 = AXIS2_PLACEMENT_3D ( 'NONE', #3826, #7011, #6453 ) ;
#5886 = CARTESIAN_POINT ( 'NONE',  ( 3.722899879707575632, 20.12976458149588055, -3.026428442549232933 ) ) ;
#5887 = VERTEX_POINT ( 'NONE', #4798 ) ;
#5888 = CIRCLE ( 'NONE', #8362, 19.04289321881343611 ) ;
#5889 = CARTESIAN_POINT ( 'NONE',  ( 17.87926013522781687, -1.056876343291212939, 7.141234305840000296 ) ) ;
#5890 = ORIENTED_EDGE ( 'NONE', *, *, #3954, .T. ) ;
#5891 = VECTOR ( 'NONE', #6654, 1000.000000000000000 ) ;
#5892 = CARTESIAN_POINT ( 'NONE',  ( 16.51627096521568205, -1.935867567522847832, 11.20146002735611113 ) ) ;
#5893 = EDGE_LOOP ( 'NONE', ( #4183, #7811, #3412, #5283, #5845, #1448, #4559, #2461 ) ) ;
#5894 = CARTESIAN_POINT ( 'NONE',  ( -7.981989761617092505, 23.18305502857821665, 11.21874132306727034 ) ) ;
#5895 = CARTESIAN_POINT ( 'NONE',  ( -7.323409961642275867, 23.57300256952705197, 6.213732533963024274 ) ) ;
#5896 = ORIENTED_EDGE ( 'NONE', *, *, #1013, .F. ) ;
#5897 = AXIS2_PLACEMENT_3D ( 'NONE', #4545, #5227, #7170 ) ;
#5898 = ORIENTED_EDGE ( 'NONE', *, *, #6834, .F. ) ;
#5899 = VERTEX_POINT ( 'NONE', #1519 ) ;
#5900 = FACE_OUTER_BOUND ( 'NONE', #5001, .T. ) ;
#5901 = CARTESIAN_POINT ( 'NONE',  ( -7.184069582558881173, 23.75878859400527432, 5.963732533963026050 ) ) ;
#5902 = ORIENTED_EDGE ( 'NONE', *, *, #7569, .F. ) ;
#5903 = CARTESIAN_POINT ( 'NONE',  ( 3.467932343692218922, 16.19113980308874190, 9.500000000000001776 ) ) ;
#5904 = DIRECTION ( 'NONE',  ( -3.642920842591502230E-15, -5.204062413970506699E-16, 1.000000000000000000 ) ) ;
#5905 = CARTESIAN_POINT ( 'NONE',  ( 20.55215765794530469, 1.872163087572065621, 10.50000000000000000 ) ) ;
#5906 =( BOUNDED_SURFACE ( )  B_SPLINE_SURFACE ( 3, 2, ( 
 ( #3632, #7630, #4998 ),
 ( #1779, #6297, #1728 ),
 ( #389, #3673, #4446 ),
 ( #3069, #6987, #4958 ),
 ( #5683, #8313, #2424 ),
 ( #3031, #7588, #7075 ),
 ( #6256, #8360, #6944 ),
 ( #4359, #7035, #1079 ),
 ( #1123, #8271, #2378 ),
 ( #346, #1032, #3716 ),
 ( #6342, #468, #1169 ),
 ( #425, #4313, #5734 ),
 ( #3756, #6382, #3115 ),
 ( #6903, #2468, #2988 ),
 ( #5094, #7720, #5604 ),
 ( #8232, #1685, #2339 ) ),
 .UNSPECIFIED., .F., .F., .F. ) 
 B_SPLINE_SURFACE_WITH_KNOTS ( ( 4, 2, 2, 2, 2, 2, 2, 4 ),
 ( 3, 3 ),
 ( 0.000000000000000000, 0.0009862214921130142004, 0.001972442984226028401, 0.002958664476339042601, 0.003451775222395549701, 0.003698330595423803251, 0.003821608281937930243, 0.003944885968452056801 ),
 ( 0.000000000000000000, 1.000000000000000000 ),
 .UNSPECIFIED. ) 
 GEOMETRIC_REPRESENTATION_ITEM ( )  RATIONAL_B_SPLINE_SURFACE ( (
 ( 1.000000000000000000, 0.7071067811865475727, 1.000000000000000000),
 ( 1.000000000000000000, 0.7071067811865475727, 1.000000000000000000),
 ( 1.000000000000000000, 0.7071067811865475727, 1.000000000000000000),
 ( 1.000000000000000000, 0.7071067811865475727, 1.000000000000000000),
 ( 1.000000000000000000, 0.7071067811865475727, 1.000000000000000000),
 ( 1.000000000000000000, 0.7071067811865475727, 1.000000000000000000),
 ( 1.000000000000000000, 0.7071067811865477948, 1.000000000000000000),
 ( 1.000000000000000000, 0.7071067811865477948, 1.000000000000000000),
 ( 1.000000000000000000, 0.7071067811865473507, 1.000000000000000000),
 ( 1.000000000000000000, 0.7071067811865473507, 1.000000000000000000),
 ( 1.000000000000000000, 0.7071067811865473507, 1.000000000000000000),
 ( 1.000000000000000000, 0.7071067811865473507, 1.000000000000000000),
 ( 1.000000000000000000, 0.7071067811865476838, 1.000000000000000000),
 ( 1.000000000000000000, 0.7071067811865476838, 1.000000000000000000),
 ( 1.000000000000000000, 0.7071067811865475727, 1.000000000000000000),
 ( 1.000000000000000000, 0.7071067811865475727, 1.000000000000000000) ) ) 
 REPRESENTATION_ITEM ( '' )  SURFACE ( )  );
#5907 = CARTESIAN_POINT ( 'NONE',  ( 6.074901368506307797, 22.88512733511038277, 16.14841056455815504 ) ) ;
#5908 = ORIENTED_EDGE ( 'NONE', *, *, #6728, .T. ) ;
#5909 = ORIENTED_EDGE ( 'NONE', *, *, #7187, .F. ) ;
#5910 = LINE ( 'NONE', #3210, #3938 ) ;
#5911 = CARTESIAN_POINT ( 'NONE',  ( 5.048652922367745433, 17.27150741838984160, 21.96196106926580427 ) ) ;
#5912 = CARTESIAN_POINT ( 'NONE',  ( 6.074901368506302468, 22.23722106614301097, 16.52488022718338456 ) ) ;
#5913 = CARTESIAN_POINT ( 'NONE',  ( 17.02927370637273796, -1.622687183187424553, 10.28368967340589712 ) ) ;
#5914 = SURFACE_STYLE_FILL_AREA ( #2052 ) ;
#5915 = ADVANCED_FACE ( 'NONE', ( #1126 ), #6301, .T. ) ;
#5916 = EDGE_CURVE ( 'NONE', #6933, #8245, #4623, .T. ) ;
#5917 = FACE_OUTER_BOUND ( 'NONE', #2081, .T. ) ;
#5918 = VERTEX_POINT ( 'NONE', #5736 ) ;
#5919 = CARTESIAN_POINT ( 'NONE',  ( -1.915732604383171278, 24.80725892765746465, 10.62205390366387370 ) ) ;
#5920 = CARTESIAN_POINT ( 'NONE',  ( 4.835792640407257537, 6.319016356621344421, 6.500000000000142109 ) ) ;
#5921 = CARTESIAN_POINT ( 'NONE',  ( 17.18207457687525164, -1.523230080019390309, 6.790132572889210572 ) ) ;
#5922 = DIRECTION ( 'NONE',  ( 1.000000000000000000, 0.000000000000000000, 0.000000000000000000 ) ) ;
#5923 = CARTESIAN_POINT ( 'NONE',  ( -11.37197078796602945, 17.81245400583377858, -1.295822920670514522 ) ) ;
#5924 = CARTESIAN_POINT ( 'NONE',  ( 18.45367554250675113, -0.1058341946218837037, 10.53840943668326346 ) ) ;
#5925 = PLANE ( 'NONE',  #2099 ) ;
#5926 = EDGE_CURVE ( 'NONE', #3752, #7745, #1825, .T. ) ;
#5927 = VECTOR ( 'NONE', #1122, 1000.000000000000000 ) ;
#5928 = DIRECTION ( 'NONE',  ( 2.620744389031207233E-49, -2.199065650246018250E-49, -1.000000000000000000 ) ) ;
#5929 = EDGE_LOOP ( 'NONE', ( #6972, #5077, #1955, #3669 ) ) ;
#5930 = CARTESIAN_POINT ( 'NONE',  ( 23.00000000000000355, 5.791139803088729998, 6.292893218813454759 ) ) ;
#5931 = EDGE_LOOP ( 'NONE', ( #7700, #7495, #1413, #3025, #1860, #2355 ) ) ;
#5932 = CARTESIAN_POINT ( 'NONE',  ( 16.52130755460462197, -1.929865194024149799, 11.17270655709092608 ) ) ;
#5933 = ORIENTED_EDGE ( 'NONE', *, *, #3459, .F. ) ;
#5934 = CARTESIAN_POINT ( 'NONE',  ( -21.32139732776873231, 21.27746573528299479, 13.13549424012795974 ) ) ;
#5935 = ORIENTED_EDGE ( 'NONE', *, *, #4824, .F. ) ;
#5936 = VECTOR ( 'NONE', #792, 1000.000000000000114 ) ;
#5937 = EDGE_CURVE ( 'NONE', #2079, #6335, #1732, .T. ) ;
#5938 = ORIENTED_EDGE ( 'NONE', *, *, #6611, .T. ) ;
#5939 = ORIENTED_EDGE ( 'NONE', *, *, #245, .T. ) ;
#5940 = LINE ( 'NONE', #4696, #3372 ) ;
#5941 = CARTESIAN_POINT ( 'NONE',  ( 33.40483542659831784, 19.91608737267181439, 10.50000000000000178 ) ) ;
#5942 = ORIENTED_EDGE ( 'NONE', *, *, #6236, .F. ) ;
#5943 = CARTESIAN_POINT ( 'NONE',  ( 39.82120459598576900, 20.46331399319814182, 8.499998319585031936 ) ) ;
#5944 = DIRECTION ( 'NONE',  ( 0.08231402710526197763, -0.01128351997175021035, -0.9965425646297109141 ) ) ;
#5945 = CARTESIAN_POINT ( 'NONE',  ( -7.184069582558881173, 23.75878859400527432, 10.62205390366387192 ) ) ;
#5946 = CARTESIAN_POINT ( 'NONE',  ( 23.00000000000000000, 5.791139803088735327, 11.00000000000000178 ) ) ;
#5947 = CARTESIAN_POINT ( 'NONE',  ( -21.38110009606641171, 20.28768355649360089, 14.83911801261292318 ) ) ;
#5948 = ADVANCED_FACE ( 'NONE', ( #3033 ), #1687, .F. ) ;
#5949 = ORIENTED_EDGE ( 'NONE', *, *, #3816, .F. ) ;
#5950 = B_SPLINE_SURFACE_WITH_KNOTS ( 'NONE', 1, 3, ( 
 ( #1189, #487, #1097, #5752, #8378, #2485, #7008, #6317, #7137, #5796, #7605, #4975, #363, #2441, #5113, #7739, #1840, #5064, #3821, #6447, #7647, #3733, #4331, #8248 ),
 ( #1797, #3179, #8421, #4421, #2526, #6360, #7052, #3046, #5154, #1144, #7782, #1887, #3007, #2357, #1700, #6961, #1050, #3690, #8287, #442, #405, #2396, #5016, #1746 ),
 ( #4376, #5271, #1271, #5364, #618, #7903, #3219, #7216, #5196, #3260, #7342, #1359, #5921, #64, #1966, #2010, #8463, #3906, #2698, #109, #5233, #1401, #6530, #7993 ) ),
 .UNSPECIFIED., .F., .F., .F.,
 ( 2, 1, 2 ),
 ( 4, 3, 2, 2, 2, 2, 2, 2, 2, 3, 4 ),
 ( 0.000000000000000000, 1.000000000000000000, 1.010000000000000009 ),
 ( 1.269758099402558349, 1.570796326794899667, 1.776963344686729451, 1.983130362578559236, 2.189297380470389243, 2.395464398362218805, 2.601631416254048368, 2.807798434145878375, 3.013965452037708381, 3.220132469929537944, 3.489810074129161777 ),
 .UNSPECIFIED. ) ;
#5951 = VERTEX_POINT ( 'NONE', #8195 ) ;
#5952 = CARTESIAN_POINT ( 'NONE',  ( 6.074901368249748579, 18.18958319812110602, 6.500011466391145909 ) ) ;
#5953 = B_SPLINE_CURVE_WITH_KNOTS ( 'NONE', 3,
 ( #6483, #8241, #7000, #1088 ),
 .UNSPECIFIED., .F., .F.,
 ( 4, 4 ),
 ( 0.0002652498491781474037, 0.0003903720941981436926 ),
 .UNSPECIFIED. ) ;
#5954 = CARTESIAN_POINT ( 'NONE',  ( 1.049943785842715860, 24.47330392309929792, 16.95160105311349952 ) ) ;
#5955 = DIRECTION ( 'NONE',  ( -0.9899499129764927075, -0.1414184209989445273, -1.478935619732596986E-16 ) ) ;
#5956 = CARTESIAN_POINT ( 'NONE',  ( 18.82063203007983887, -0.4302329000560294880, 9.820339323155362621 ) ) ;
#5957 = CARTESIAN_POINT ( 'NONE',  ( 43.91080635171569213, 21.05956626302953083, 14.52086390806383953 ) ) ;
#5958 = CARTESIAN_POINT ( 'NONE',  ( 22.00113461188209740, 18.19113980308874190, 9.796909386706674994 ) ) ;
#5959 = CARTESIAN_POINT ( 'NONE',  ( 5.079269078855884523, 6.053237172479168038, 2.794042227842540971 ) ) ;
#5960 = FACE_OUTER_BOUND ( 'NONE', #4826, .T. ) ;
#5961 = CARTESIAN_POINT ( 'NONE',  ( 33.11593569343754240, 18.19113980308874190, 7.203090613293326783 ) ) ;
#5962 = CARTESIAN_POINT ( 'NONE',  ( -17.20922387018159228, 18.19011186628983623, 6.760078399099938906 ) ) ;
#5963 = AXIS2_PLACEMENT_3D ( 'NONE', #5270, #6051, #7341 ) ;
#5964 = EDGE_CURVE ( 'NONE', #3961, #3624, #3120, .T. ) ;
#5965 = ADVANCED_FACE ( 'NONE', ( #2428 ), #7234, .T. ) ;
#5966 = CARTESIAN_POINT ( 'NONE',  ( 40.41235070371810423, 18.18997571433710192, 7.457106781186554123 ) ) ;
#5967 = CARTESIAN_POINT ( 'NONE',  ( 18.44644391352670354, -0.1126506618783793545, 10.53889300347454849 ) ) ;
#5968 = CARTESIAN_POINT ( 'NONE',  ( 6.649431718303977945, 3.039174371165989985, -0.0002055618314386609136 ) ) ;
#5969 = CIRCLE ( 'NONE', #1707, 2.000000000000000444 ) ;
#5970 = CARTESIAN_POINT ( 'NONE',  ( 23.00000000000000355, 5.791139803088734439, 7.500000000000003553 ) ) ;
#5971 = ORIENTED_EDGE ( 'NONE', *, *, #6463, .F. ) ;
#5972 = DIRECTION ( 'NONE',  ( 0.000000000000000000, 0.000000000000000000, -1.000000000000000000 ) ) ;
#5973 = VECTOR ( 'NONE', #1157, 1000.000000000000000 ) ;
#5974 = VERTEX_POINT ( 'NONE', #6993 ) ;
#5975 = LINE ( 'NONE', #4562, #4766 ) ;
#5976 = VERTEX_POINT ( 'NONE', #7677 ) ;
#5977 = ADVANCED_FACE ( 'NONE', ( #4317, #8363, #3806, #2470 ), #1783, .T. ) ;
#5978 = EDGE_CURVE ( 'NONE', #2813, #5128, #470, .T. ) ;
#5979 = ADVANCED_FACE ( 'NONE', ( #6947 ), #5713, .T. ) ;
#5980 = FACE_OUTER_BOUND ( 'NONE', #7892, .T. ) ;
#5981 = CARTESIAN_POINT ( 'NONE',  ( 32.51983493689862570, 18.80391171498517977, 9.500000000000001776 ) ) ;
#5982 = ORIENTED_EDGE ( 'NONE', *, *, #7921, .F. ) ;
#5983 = VECTOR ( 'NONE', #2047, 1000.000000000000000 ) ;
#5984 = AXIS2_PLACEMENT_3D ( 'NONE', #3958, #8517, #7911 ) ;
#5985 = VERTEX_POINT ( 'NONE', #1037 ) ;
#5986 = CARTESIAN_POINT ( 'NONE',  ( -28.02613965684864539, 18.12646656824214375, 13.31548386081858659 ) ) ;
#5987 = EDGE_CURVE ( 'NONE', #2345, #7665, #8234, .T. ) ;
#5988 = EDGE_LOOP ( 'NONE', ( #350, #4352, #1733, #4982, #7971 ) ) ;
#5989 = CARTESIAN_POINT ( 'NONE',  ( 48.90483542659832494, 20.11110936274824113, 12.00000000000000000 ) ) ;
#5990 = FACE_OUTER_BOUND ( 'NONE', #1977, .T. ) ;
#5991 = EDGE_LOOP ( 'NONE', ( #1514, #3980, #6746, #2026 ) ) ;
#5992 = CYLINDRICAL_SURFACE ( 'NONE', #8302, 2.649999999999999467 ) ;
#5993 = EDGE_CURVE ( 'NONE', #599, #1592, #992, .T. ) ;
#5994 = ADVANCED_FACE ( 'NONE', ( #1172 ), #3634, .T. ) ;
#5995 = DIRECTION ( 'NONE',  ( -0.000000000000000000, 0.000000000000000000, 1.000000000000000000 ) ) ;
#5996 = LINE ( 'NONE', #5297, #1330 ) ;
#5997 = VECTOR ( 'NONE', #3066, 1000.000000000000000 ) ;
#5998 = CARTESIAN_POINT ( 'NONE',  ( -26.47519159362536101, 20.54122500463891399, 13.66916997181120053 ) ) ;
#5999 = VECTOR ( 'NONE', #7949, 1000.000000000000000 ) ;
#6000 = ORIENTED_EDGE ( 'NONE', *, *, #5191, .T. ) ;
#6001 = CIRCLE ( 'NONE', #4894, 1.000000000000000666 ) ;
#6002 = ORIENTED_EDGE ( 'NONE', *, *, #1767, .F. ) ;
#6003 = CARTESIAN_POINT ( 'NONE',  ( 4.974090263589490135, 17.48710841401283389, 21.35844458952562519 ) ) ;
#6004 = CARTESIAN_POINT ( 'NONE',  ( 9.091110701114237358, 17.84964371563203755, 22.46895499487717629 ) ) ;
#6005 = CIRCLE ( 'NONE', #8478, 2.000000000000000000 ) ;
#6006 = CARTESIAN_POINT ( 'NONE',  ( 12.70366881130524206, -10.65964381416458195, 7.250000000000013323 ) ) ;
#6007 = CARTESIAN_POINT ( 'NONE',  ( 19.43910664277673916, 0.8230272917868466376, 10.49999732116998352 ) ) ;
#6008 = CARTESIAN_POINT ( 'NONE',  ( 42.98912155903653343, 18.08537695462307227, 14.28492033514504200 ) ) ;
#6009 = CARTESIAN_POINT ( 'NONE',  ( 23.00000000000000000, 5.791139803088733551, 9.500000000000003553 ) ) ;
#6010 = CARTESIAN_POINT ( 'NONE',  ( 23.00000000000000000, 5.791139803088731774, 16.99999999999999289 ) ) ;
#6011 = CARTESIAN_POINT ( 'NONE',  ( 5.896662400835127826, 6.676947925628469171, 6.500000000000000888 ) ) ;
#6012 = AXIS2_PLACEMENT_3D ( 'NONE', #6932, #3705, #3582 ) ;
#6013 = DIRECTION ( 'NONE',  ( 2.090904783000733446E-15, 0.8386705679454270479, -0.5446390350150224213 ) ) ;
#6014 = LINE ( 'NONE', #6572, #2457 ) ;
#6015 = CARTESIAN_POINT ( 'NONE',  ( -28.06256458244927998, 18.14387903043152050, 12.79748406216240220 ) ) ;
#6016 = CARTESIAN_POINT ( 'NONE',  ( -17.42509863149369309, 18.19006245294532675, 10.25000000000004263 ) ) ;
#6017 = CARTESIAN_POINT ( 'NONE',  ( -6.384071361585119675, 23.15878622197761771, 6.377946096336122750 ) ) ;
#6018 = EDGE_LOOP ( 'NONE', ( #3491, #2638, #5286, #4960, #3883, #6378, #3111, #3275 ) ) ;
#6019 = CARTESIAN_POINT ( 'NONE',  ( 42.27593069846297880, 18.74010346599222032, 20.05973220416129976 ) ) ;
#6020 = ORIENTED_EDGE ( 'NONE', *, *, #6048, .F. ) ;
#6021 = VECTOR ( 'NONE', #6492, 1000.000000000000000 ) ;
#6022 = FACE_BOUND ( 'NONE', #4667, .T. ) ;
#6023 = ORIENTED_EDGE ( 'NONE', *, *, #2414, .T. ) ;
#6024 = LINE ( 'NONE', #123, #3002 ) ;
#6025 = FACE_OUTER_BOUND ( 'NONE', #6151, .T. ) ;
#6026 = VECTOR ( 'NONE', #2560, 1000.000000000000000 ) ;
#6027 = ADVANCED_FACE ( 'NONE', ( #1646 ), #3720, .F. ) ;
#6028 = EDGE_CURVE ( 'NONE', #4935, #1760, #6001, .T. ) ;
#6029 = ORIENTED_EDGE ( 'NONE', *, *, #6312, .T. ) ;
#6030 = CARTESIAN_POINT ( 'NONE',  ( 16.74904745108218762, -1.788782549674934330, 6.484624935883906538 ) ) ;
#6031 = DIRECTION ( 'NONE',  ( -0.4156957420089222310, 0.9095037383516638707, 0.000000000000000000 ) ) ;
#6032 = LINE ( 'NONE', #6677, #247 ) ;
#6033 = ORIENTED_EDGE ( 'NONE', *, *, #3323, .F. ) ;
#6034 = CARTESIAN_POINT ( 'NONE',  ( 26.25490370090247438, 5.490089049600866744, 9.749999999999994671 ) ) ;
#6035 = AXIS2_PLACEMENT_3D ( 'NONE', #3728, #3040, #3859 ) ;
#6036 = LINE ( 'NONE', #5385, #1456 ) ;
#6037 = CARTESIAN_POINT ( 'NONE',  ( 5.391624560436410363, 5.791139803088745097, 2.000000000000000000 ) ) ;
#6038 = VERTEX_POINT ( 'NONE', #5334 ) ;
#6039 = AXIS2_PLACEMENT_3D ( 'NONE', #7775, #3080, #2390 ) ;
#6040 = CARTESIAN_POINT ( 'NONE',  ( 39.61384056338228987, 16.59109419367207394, 7.457106781186560340 ) ) ;
#6041 = EDGE_CURVE ( 'NONE', #7690, #4579, #883, .T. ) ;
#6042 = VERTEX_POINT ( 'NONE', #2118 ) ;
#6043 = ORIENTED_EDGE ( 'NONE', *, *, #5183, .F. ) ;
#6044 = CARTESIAN_POINT ( 'NONE',  ( 16.45017437907109326, -2.000000016196700425, 6.187903310409723190 ) ) ;
#6045 = CARTESIAN_POINT ( 'NONE',  ( -13.43632081749982632, 14.62714205522577160, 19.72999724362272289 ) ) ;
#6046 = DIRECTION ( 'NONE',  ( 0.6427876096865405842, 0.7660444431189769032, -0.000000000000000000 ) ) ;
#6047 = CARTESIAN_POINT ( 'NONE',  ( 16.53211282421917261, -1.916987975142062650, 5.978475513755733495 ) ) ;
#6048 = EDGE_CURVE ( 'NONE', #7365, #1153, #6715, .T. ) ;
#6049 = DIRECTION ( 'NONE',  ( -1.000000000000000000, 0.000000000000000000, 0.000000000000000000 ) ) ;
#6050 = FACE_OUTER_BOUND ( 'NONE', #1645, .T. ) ;
#6051 = DIRECTION ( 'NONE',  ( -0.9095037383516637597, -0.4156957420089222310, 0.000000000000000000 ) ) ;
#6052 = CARTESIAN_POINT ( 'NONE',  ( 4.607143493493467190, 8.353048472509643219, 10.49309654255700330 ) ) ;
#6053 = CARTESIAN_POINT ( 'NONE',  ( -1.292262720101568840, 23.15758860351763815, -0.2297637569639006394 ) ) ;
#6054 = CARTESIAN_POINT ( 'NONE',  ( -16.83863415239087402, 17.90813212658867570, -0.1373333977853449794 ) ) ;
#6055 = DIRECTION ( 'NONE',  ( 0.4898998853091101058, 0.6531958121733411060, -0.5773502691896228445 ) ) ;
#6056 = DIRECTION ( 'NONE',  ( 0.5671072145501000472, -0.4758594545669648790, -0.6722701738917602476 ) ) ;
#6057 = VECTOR ( 'NONE', #5053, 1000.000000000000114 ) ;
#6058 = B_SPLINE_CURVE_WITH_KNOTS ( 'NONE', 3,
 ( #560, #1255, #3286, #5905 ),
 .UNSPECIFIED., .F., .F.,
 ( 4, 4 ),
 ( 0.000000000000000000, 0.001234727307624655483 ),
 .UNSPECIFIED. ) ;
#6059 = CARTESIAN_POINT ( 'NONE',  ( 42.38319928916349966, 18.19113980308870993, 7.241567951416654658 ) ) ;
#6060 = ORIENTED_EDGE ( 'NONE', *, *, #5497, .T. ) ;
#6061 = CARTESIAN_POINT ( 'NONE',  ( 16.76961395734461391, -1.795535002514080603, 6.645375173445888350 ) ) ;
#6062 = ORIENTED_EDGE ( 'NONE', *, *, #3894, .T. ) ;
#6063 = CARTESIAN_POINT ( 'NONE',  ( 16.53118603116126906, -1.918092484098418149, 11.09312435293363031 ) ) ;
#6064 = PLANE ( 'NONE',  #1766 ) ;
#6065 = DIRECTION ( 'NONE',  ( -0.6427876096865402511, -0.7660444431189772363, 1.510444087774116641E-16 ) ) ;
#6066 = LINE ( 'NONE', #81, #5340 ) ;
#6067 = VERTEX_POINT ( 'NONE', #8408 ) ;
#6068 = CARTESIAN_POINT ( 'NONE',  ( 44.01750267280102236, 18.57129807319575221, 19.74967636992492359 ) ) ;
#6069 = EDGE_LOOP ( 'NONE', ( #8144, #1125, #5775, #876 ) ) ;
#6070 = DIRECTION ( 'NONE',  ( 1.000000000000000000, 0.000000000000000000, 0.000000000000000000 ) ) ;
#6071 = DIRECTION ( 'NONE',  ( -0.6945643812950939022, 0.7194305527541651202, 0.000000000000000000 ) ) ;
#6072 = VERTEX_POINT ( 'NONE', #4094 ) ;
#6073 = DIRECTION ( 'NONE',  ( 0.6427876096865406952, 0.7660444431189769032, 0.000000000000000000 ) ) ;
#6074 = AXIS2_PLACEMENT_3D ( 'NONE', #1383, #1341, #6514 ) ;
#6075 = LINE ( 'NONE', #172, #8328 ) ;
#6076 = CARTESIAN_POINT ( 'NONE',  ( 16.94752652298166140, -9.367937158056207636, 7.500000000000000888 ) ) ;
#6077 = VERTEX_POINT ( 'NONE', #5823 ) ;
#6078 = EDGE_CURVE ( 'NONE', #6938, #5511, #586, .T. ) ;
#6079 = EDGE_CURVE ( 'NONE', #3805, #3452, #7784, .T. ) ;
#6080 = CYLINDRICAL_SURFACE ( 'NONE', #4833, 2.000000000000000000 ) ;
#6081 = EDGE_LOOP ( 'NONE', ( #6550, #5086, #2455, #3060, #4836, #7754, #3741, #8257, #3917 ) ) ;
#6082 =( BOUNDED_SURFACE ( )  B_SPLINE_SURFACE ( 3, 2, ( 
 ( #4110, #6770, #6731 ),
 ( #819, #6085, #2818 ),
 ( #6295, #1028, #5730 ),
 ( #3800, #1076, #3628 ),
 ( #6252, #6940, #342 ),
 ( #6900, #1165, #6983 ),
 ( #5776, #8356, #5091 ),
 ( #1682, #2985, #3026 ),
 ( #422, #4441, #1722 ),
 ( #2296, #4356, #2336 ),
 ( #4400, #7626, #1776 ),
 ( #2375, #6336, #383 ) ),
 .UNSPECIFIED., .F., .F., .F. ) 
 B_SPLINE_SURFACE_WITH_KNOTS ( ( 4, 2, 2, 2, 2, 4 ),
 ( 3, 3 ),
 ( 0.01234017073878984454, 0.01471579014911101810, 0.01590359985427160575, 0.01649750470685189957, 0.01679445713314204475, 0.01709140955943219339 ),
 ( 0.000000000000000000, 1.000000000000000000 ),
 .UNSPECIFIED. ) 
 GEOMETRIC_REPRESENTATION_ITEM ( )  RATIONAL_B_SPLINE_SURFACE ( (
 ( 1.000000000000000000, 0.9231206451827820292, 1.000000000000000000),
 ( 1.000000000000000000, 0.9393686038689683659, 1.000000000000000000),
 ( 1.000000000000000000, 0.9531895997155382938, 1.000000000000000000),
 ( 1.000000000000000000, 0.9718705565876368802, 1.000000000000000000),
 ( 1.000000000000000000, 0.9777663321482823466, 1.000000000000000000),
 ( 1.000000000000000000, 0.9858842669139683546, 1.000000000000000000),
 ( 1.000000000000000000, 0.9885022776548411105, 1.000000000000000000),
 ( 1.000000000000000000, 0.9920629028827319118, 1.000000000000000000),
 ( 1.000000000000000000, 0.9931902110141314077, 1.000000000000000000),
 ( 1.000000000000000000, 0.9952432456618262036, 1.000000000000000000),
 ( 1.000000000000000000, 0.9961564166693390732, 1.000000000000000000),
 ( 1.000000000000000000, 0.9967732898120678087, 1.000000000000000000) ) ) 
 REPRESENTATION_ITEM ( '' )  SURFACE ( )  );
#6083 = ORIENTED_EDGE ( 'NONE', *, *, #6359, .F. ) ;
#6084 = ORIENTED_EDGE ( 'NONE', *, *, #3830, .T. ) ;
#6085 = CARTESIAN_POINT ( 'NONE',  ( 19.45318552068367168, -0.009160739781676918714, 7.250052388463014807 ) ) ;
#6086 = CARTESIAN_POINT ( 'NONE',  ( 4.760896236455348429, 17.23020681241399643, -4.926173423321890787 ) ) ;
#6087 = EDGE_CURVE ( 'NONE', #7240, #53, #1589, .T. ) ;
#6088 = CARTESIAN_POINT ( 'NONE',  ( 6.074901368506302468, 19.64559308037616603, -1.030753869722723204 ) ) ;
#6089 = CARTESIAN_POINT ( 'NONE',  ( 23.00000000000000355, 4.235415976228347645, 6.500000000000000888 ) ) ;
#6090 = CARTESIAN_POINT ( 'NONE',  ( -7.323409961642274091, 23.57300256952704842, 10.78626746603696951 ) ) ;
#6091 = CARTESIAN_POINT ( 'NONE',  ( 23.00000000000000000, 8.124725543379337722, 16.99999999999999645 ) ) ;
#6092 = LINE ( 'NONE', #3552, #5828 ) ;
#6093 = CARTESIAN_POINT ( 'NONE',  ( 33.40483542659831784, 18.19113980308874190, -2.499999999999998668 ) ) ;
#6094 = DIRECTION ( 'NONE',  ( 1.000000000000000000, 0.000000000000000000, 0.000000000000000000 ) ) ;
#6095 = EDGE_CURVE ( 'NONE', #985, #6560, #4776, .T. ) ;
#6096 = CARTESIAN_POINT ( 'NONE',  ( 2.630138369885060445, 18.19017267443732067, 10.22660031506969780 ) ) ;
#6097 = CARTESIAN_POINT ( 'NONE',  ( 40.34301970242690061, 18.19113980308874190, 7.203090613293326783 ) ) ;
#6098 = LINE ( 'NONE', #1000, #6495 ) ;
#6099 = DIRECTION ( 'NONE',  ( -1.884727306269088085E-18, -1.374921079261378052E-17, -1.000000000000000000 ) ) ;
#6100 = VERTEX_POINT ( 'NONE', #7765 ) ;
#6101 = CARTESIAN_POINT ( 'NONE',  ( 16.76942403771981205, -1.795661426394240534, 10.35475564636168500 ) ) ;
#6102 = CARTESIAN_POINT ( 'NONE',  ( 16.53171171165739750, -1.917466002478595000, 6.000000000000000000 ) ) ;
#6103 = CARTESIAN_POINT ( 'NONE',  ( 33.58534652183929126, 18.19092046295081744, 10.01984515848429425 ) ) ;
#6104 = CARTESIAN_POINT ( 'NONE',  ( -2.098576763403987577, 24.31939150415113104, 11.49337424722352274 ) ) ;
#6105 = PLANE ( 'NONE',  #4928 ) ;
#6106 = AXIS2_PLACEMENT_3D ( 'NONE', #5295, #1253, #8486 ) ;
#6107 = ORIENTED_EDGE ( 'NONE', *, *, #492, .F. ) ;
#6108 = FACE_OUTER_BOUND ( 'NONE', #7006, .T. ) ;
#6109 = EDGE_LOOP ( 'NONE', ( #3623, #5502, #2068, #5780 ) ) ;
#6110 = DIRECTION ( 'NONE',  ( -0.7660444431189770143, 0.6427876096865405842, 0.000000000000000000 ) ) ;
#6111 = ORIENTED_EDGE ( 'NONE', *, *, #2439, .T. ) ;
#6112 = CARTESIAN_POINT ( 'NONE',  ( 10.10059487322264182, 5.103362773735752533, 8.500000000000000000 ) ) ;
#6113 = AXIS2_PLACEMENT_3D ( 'NONE', #3410, #768, #1289 ) ;
#6114 = CARTESIAN_POINT ( 'NONE',  ( 6.328377400050761104, -8.421482378189548257, 7.250000000000013323 ) ) ;
#6115 = DIRECTION ( 'NONE',  ( 0.000000000000000000, -1.000000000000000000, 0.000000000000000000 ) ) ;
#6116 = ORIENTED_EDGE ( 'NONE', *, *, #7512, .F. ) ;
#6117 = DIRECTION ( 'NONE',  ( 0.000000000000000000, 0.000000000000000000, 1.000000000000000000 ) ) ;
#6118 = AXIS2_PLACEMENT_3D ( 'NONE', #5163, #7792, #2447 ) ;
#6119 = ORIENTED_EDGE ( 'NONE', *, *, #804, .T. ) ;
#6120 = EDGE_CURVE ( 'NONE', #7453, #4614, #2720, .T. ) ;
#6121 = VERTEX_POINT ( 'NONE', #6517 ) ;
#6122 = ORIENTED_EDGE ( 'NONE', *, *, #6507, .T. ) ;
#6123 = DIRECTION ( 'NONE',  ( -0.5541259389504447075, 0.8324328464100201330, 0.000000000000000000 ) ) ;
#6124 = AXIS2_PLACEMENT_3D ( 'NONE', #267, #8154, #6777 ) ;
#6125 = CARTESIAN_POINT ( 'NONE',  ( 16.94752652298166140, -9.367937158056207636, 7.500000000000000888 ) ) ;
#6126 = CARTESIAN_POINT ( 'NONE',  ( 19.53889219899714647, 1.197662223908230850, 6.500000000000000888 ) ) ;
#6127 = CARTESIAN_POINT ( 'NONE',  ( 16.53178963119466616, -1.917373141590117402, 5.991104496922694089 ) ) ;
#6128 = VECTOR ( 'NONE', #4407, 1000.000000000000000 ) ;
#6129 = ADVANCED_FACE ( 'NONE', ( #3853 ), #4695, .T. ) ;
#6130 = ADVANCED_FACE ( 'NONE', ( #767 ), #7789, .F. ) ;
#6131 = CARTESIAN_POINT ( 'NONE',  ( 39.52586350529009707, 16.70816958244430239, 7.103553390593281947 ) ) ;
#6132 = AXIS2_PLACEMENT_3D ( 'NONE', #6093, #1606, #3434 ) ;
#6133 = DIRECTION ( 'NONE',  ( -0.7071067811865434649, -0.000000000000000000, -0.7071067811865516806 ) ) ;
#6134 = CARTESIAN_POINT ( 'NONE',  ( -26.53262156014645612, 18.04290601513842063, 1.890357980432110674 ) ) ;
#6135 = FACE_OUTER_BOUND ( 'NONE', #585, .T. ) ;
#6136 = CARTESIAN_POINT ( 'NONE',  ( 52.16712193127420960, 20.11110936274824468, 11.45000000000001528 ) ) ;
#6137 = CIRCLE ( 'NONE', #1880, 0.9999999999999997780 ) ;
#6138 = CARTESIAN_POINT ( 'NONE',  ( 3.704000336847659280, 18.18984268086227729, 10.49999925276935464 ) ) ;
#6139 = DIRECTION ( 'NONE',  ( 0.000000000000000000, 0.8464124915001607352, 0.5325278342326253966 ) ) ;
#6140 = CARTESIAN_POINT ( 'NONE',  ( 33.40483542659831784, 20.40496528942541943, 20.39754815001537125 ) ) ;
#6141 = EDGE_CURVE ( 'NONE', #167, #6187, #7164, .T. ) ;
#6142 = CARTESIAN_POINT ( 'NONE',  ( 6.074901368506300692, 20.72551713256045502, -0.4032644891210245830 ) ) ;
#6143 = EDGE_LOOP ( 'NONE', ( #2340, #4148, #38 ) ) ;
#6144 = AXIS2_PLACEMENT_3D ( 'NONE', #1063, #4865, #981 ) ;
#6145 = LINE ( 'NONE', #8083, #203 ) ;
#6146 = CARTESIAN_POINT ( 'NONE',  ( 19.58558225242668271, 0.9610943479255993349, 6.500000000000000888 ) ) ;
#6147 = FACE_OUTER_BOUND ( 'NONE', #1542, .T. ) ;
#6148 = CARTESIAN_POINT ( 'NONE',  ( 5.391624560436410363, 5.791139803088745097, 4.822771264100883748 ) ) ;
#6149 = CARTESIAN_POINT ( 'NONE',  ( 52.16712193127420960, 18.61110936274822691, 8.500000000000000000 ) ) ;
#6150 = ADVANCED_FACE ( 'NONE', ( #5463 ), #370, .T. ) ;
#6151 = EDGE_LOOP ( 'NONE', ( #7421, #2580, #31, #4372, #2544, #6970, #3535, #7712, #2774, #6374 ) ) ;
#6152 = LINE ( 'NONE', #497, #6946 ) ;
#6153 = ORIENTED_EDGE ( 'NONE', *, *, #3782, .T. ) ;
#6154 = FACE_OUTER_BOUND ( 'NONE', #5803, .T. ) ;
#6155 = ORIENTED_EDGE ( 'NONE', *, *, #5072, .T. ) ;
#6156 = CARTESIAN_POINT ( 'NONE',  ( 7.300326527891058070, 9.999999999999996447, 17.00000000000000000 ) ) ;
#6157 = CARTESIAN_POINT ( 'NONE',  ( 16.66314087323568316, -1.866410987236758023, 10.43607745438834122 ) ) ;
#6158 = FACE_OUTER_BOUND ( 'NONE', #648, .T. ) ;
#6159 = EDGE_LOOP ( 'NONE', ( #8063, #1811, #3272 ) ) ;
#6160 = AXIS2_PLACEMENT_3D ( 'NONE', #4565, #4390, #7022 ) ;
#6161 = DIRECTION ( 'NONE',  ( -0.4247908136477140384, 0.5652899827880558670, 0.7071067811865421326 ) ) ;
#6162 = EDGE_LOOP ( 'NONE', ( #3238, #4102, #3577, #6286 ) ) ;
#6163 = B_SPLINE_SURFACE_WITH_KNOTS ( 'NONE', 1, 3, ( 
 ( #3986, #608, #4543, #7984, #2093, #7167, #4583, #3249, #3296, #5225, #1429, #5870, #2001, #12, #8495, #6606, #2598, #7854, #1302, #2640, #8150, #1641, #8189, #3588, #4273, #6901 ),
 ( #1598, #906, #7424, #948, #263, #858, #2901, #5518, #2258, #6771, #6086, #988, #6857, #182, #4875, #2819, #7498, #820, #7460, #299, #5435, #5397, #3630, #4231, #2944, #2132 ) ),
 .UNSPECIFIED., .F., .F., .F.,
 ( 2, 2 ),
 ( 4, 2, 2, 2, 2, 2, 2, 2, 2, 2, 2, 2, 4 ),
 ( 0.000000000000000000, 1.000000000000000000 ),
 ( 0.03468998650837873399, 0.03645548720431517065, 0.03733823755228338204, 0.03822098790025160037, 0.03910373824821981870, 0.03998648859618803009, 0.04175198929212446675, 0.04528299068399733313, 0.04881399207587019951, 0.05587599485961593226, 0.06293799764336166502, 0.07706200321085313054, 0.09118600877834458218 ),
 .UNSPECIFIED. ) ;
#6164 = VECTOR ( 'NONE', #6522, 1000.000000000000000 ) ;
#6165 = EDGE_LOOP ( 'NONE', ( #7841, #7801, #6907, #415, #5685 ) ) ;
#6166 = AXIS2_PLACEMENT_3D ( 'NONE', #1463, #1378, #6718 ) ;
#6167 = ORIENTED_EDGE ( 'NONE', *, *, #4342, .T. ) ;
#6168 = DIRECTION ( 'NONE',  ( 0.7660444431189771253, -0.6427876096865403621, -3.421138828918010427E-49 ) ) ;
#6169 = AXIS2_PLACEMENT_3D ( 'NONE', #6920, #5415, #1495 ) ;
#6170 = CARTESIAN_POINT ( 'NONE',  ( 4.667851322542441395, 8.589162862251889408, 10.50000000000000000 ) ) ;
#6171 = CARTESIAN_POINT ( 'NONE',  ( -26.40456367689816730, 18.55096901384888497, 2.159933248766908065 ) ) ;
#6172 = DIRECTION ( 'NONE',  ( 0.000000000000000000, 0.7808688094430306093, 0.6246950475544237324 ) ) ;
#6173 = VECTOR ( 'NONE', #4139, 1000.000000000000000 ) ;
#6174 = AXIS2_PLACEMENT_3D ( 'NONE', #2617, #7833, #30 ) ;
#6175 = CARTESIAN_POINT ( 'NONE',  ( 6.074901367908570826, 18.19113980308874190, 9.796909386706676770 ) ) ;
#6176 = CARTESIAN_POINT ( 'NONE',  ( -21.92509863149369664, 21.19113980308874190, 11.99999999999999822 ) ) ;
#6177 = CARTESIAN_POINT ( 'NONE',  ( 16.18254579313375174, 1.734723475976807094E-15, 16.00000000000000000 ) ) ;
#6178 = DIRECTION ( 'NONE',  ( 0.000000000000000000, 0.000000000000000000, 1.000000000000000000 ) ) ;
#6179 = CARTESIAN_POINT ( 'NONE',  ( -2.325783284408104112, 24.74868149971031173, 6.377946096336123638 ) ) ;
#6180 = CARTESIAN_POINT ( 'NONE',  ( -3.260619877966060010, 17.63947400750229733, -3.041614635473869566 ) ) ;
#6181 = CARTESIAN_POINT ( 'NONE',  ( 35.64005297390797011, 20.09856402677708687, -69.83966285152021669 ) ) ;
#6182 = EDGE_CURVE ( 'NONE', #3336, #6624, #5630, .T. ) ;
#6183 =( BOUNDED_CURVE ( )  B_SPLINE_CURVE ( 3, ( #2278, #6789, #4939, #2200 ),
 .UNSPECIFIED., .F., .F. ) 
 B_SPLINE_CURVE_WITH_KNOTS ( ( 4, 4 ),
 ( 1.571841046540660480, 1.575739611101500737 ),
 .UNSPECIFIED. ) 
 CURVE ( )  GEOMETRIC_REPRESENTATION_ITEM ( )  RATIONAL_B_SPLINE_CURVE ( ( 1.000000000000000000, 0.9999987334332647304, 0.9999987334332647304, 1.000000000000000000 ) ) 
 REPRESENTATION_ITEM ( '' )  );
#6184 = DIRECTION ( 'NONE',  ( -1.000000000000000000, 0.000000000000000000, 0.000000000000000000 ) ) ;
#6185 = ADVANCED_FACE ( 'NONE', ( #6108 ), #8131, .T. ) ;
#6186 = CARTESIAN_POINT ( 'NONE',  ( 39.45524294190503412, 18.18854554773242782, 6.500000000000000888 ) ) ;
#6187 = VERTEX_POINT ( 'NONE', #4820 ) ;
#6188 = CARTESIAN_POINT ( 'NONE',  ( 3.029703623238054089, 18.18930851950851491, 6.611143721460036815 ) ) ;
#6189 = CARTESIAN_POINT ( 'NONE',  ( 18.06329953787911080, -0.4737935382865299805, 6.430386179911343092 ) ) ;
#6190 = CARTESIAN_POINT ( 'NONE',  ( -28.06256458244927998, 18.20980600859293830, 12.75916789732676371 ) ) ;
#6191 = DIRECTION ( 'NONE',  ( 0.000000000000000000, 0.000000000000000000, -1.000000000000000000 ) ) ;
#6192 = FACE_OUTER_BOUND ( 'NONE', #4993, .T. ) ;
#6193 = EDGE_CURVE ( 'NONE', #3585, #5289, #1012, .T. ) ;
#6194 = VERTEX_POINT ( 'NONE', #7571 ) ;
#6195 = DIRECTION ( 'NONE',  ( -0.000000000000000000, 0.000000000000000000, 1.000000000000000000 ) ) ;
#6196 = VERTEX_POINT ( 'NONE', #249 ) ;
#6197 = DIRECTION ( 'NONE',  ( 1.000000000000000000, -0.000000000000000000, 0.000000000000000000 ) ) ;
#6198 = VERTEX_POINT ( 'NONE', #3657 ) ;
#6199 = CYLINDRICAL_SURFACE ( 'NONE', #1564, 97.88215668500930633 ) ;
#6200 = CARTESIAN_POINT ( 'NONE',  ( 18.75742669210255897, -0.3622896679196149772, 9.931170623375324524 ) ) ;
#6201 = CARTESIAN_POINT ( 'NONE',  ( 3.722804632858757401, 23.87423583406181393, 17.85067149227999295 ) ) ;
#6202 = ORIENTED_EDGE ( 'NONE', *, *, #1724, .F. ) ;
#6203 = EDGE_CURVE ( 'NONE', #6786, #5644, #1710, .T. ) ;
#6204 = ORIENTED_EDGE ( 'NONE', *, *, #1831, .F. ) ;
#6205 = AXIS2_PLACEMENT_3D ( 'NONE', #5429, #2772, #5665 ) ;
#6206 = ORIENTED_EDGE ( 'NONE', *, *, #1407, .T. ) ;
#6207 = VERTEX_POINT ( 'NONE', #8171 ) ;
#6208 = DIRECTION ( 'NONE',  ( 0.9871205706931481805, -0.1353134461481059758, 0.08534196040610474154 ) ) ;
#6209 = FACE_OUTER_BOUND ( 'NONE', #895, .T. ) ;
#6210 = DIRECTION ( 'NONE',  ( 0.1358089151073354484, 0.9907350496360611825, 0.000000000000000000 ) ) ;
#6211 = CARTESIAN_POINT ( 'NONE',  ( -17.42509863149369664, 19.69113980308874190, 10.25000000000000178 ) ) ;
#6212 = CIRCLE ( 'NONE', #1399, 0.5000000000000004441 ) ;
#6213 = ORIENTED_EDGE ( 'NONE', *, *, #3561, .T. ) ;
#6214 = CARTESIAN_POINT ( 'NONE',  ( 38.41235070371810423, 18.18997571433710192, 6.500000000000000888 ) ) ;
#6216 = B_SPLINE_CURVE_WITH_KNOTS ( 'NONE', 3,
 ( #1788, #397, #5652, #434, #7085, #7638, #1738, #4366, #3725, #1134, #4456, #3811, #1087, #6435 ),
 .UNSPECIFIED., .F., .F.,
 ( 4, 2, 2, 2, 2, 2, 4 ),
 ( 5.204170427930421283E-18, 0.0003420368753625526695, 0.0006840737507251001348, 0.001026110626087647654, 0.001368147501450195066, 0.002052221252175277094, 0.002736295002900359340 ),
 .UNSPECIFIED. ) ;
#6215 = AXIS2_PLACEMENT_3D ( 'NONE', #4741, #7328, #2810 ) ;
#6217 = ORIENTED_EDGE ( 'NONE', *, *, #7018, .F. ) ;
#6218 = CARTESIAN_POINT ( 'NONE',  ( -6.623409665141556601, 23.67300049400009954, 11.49337424722352097 ) ) ;
#6219 = CARTESIAN_POINT ( 'NONE',  ( 5.377747213122443526, 5.802784280101613845, 7.500000000000000888 ) ) ;
#6220 = CARTESIAN_POINT ( 'NONE',  ( 4.667851322542441395, 8.589162862251889408, 10.50000000000000000 ) ) ;
#6221 = CARTESIAN_POINT ( 'NONE',  ( 30.75622152690925759, 15.61336031206749020, 9.500000000000001776 ) ) ;
#6222 = DIRECTION ( 'NONE',  ( 0.000000000000000000, 0.000000000000000000, 1.000000000000000000 ) ) ;
#6223 = CARTESIAN_POINT ( 'NONE',  ( 35.64005297390797011, 20.09856402676224718, -22.93172567808044349 ) ) ;
#6224 = CARTESIAN_POINT ( 'NONE',  ( 5.256675664902386913, 6.086395473453508842, 10.01119660265801237 ) ) ;
#6225 = CARTESIAN_POINT ( 'NONE',  ( 6.074901368506306909, 17.60661433583152302, -4.978755272990902370 ) ) ;
#6226 = VERTEX_POINT ( 'NONE', #5503 ) ;
#6227 = CARTESIAN_POINT ( 'NONE',  ( 61.54749996892420683, 5.174982415549195913, -7.225013800146385279 ) ) ;
#6228 = CARTESIAN_POINT ( 'NONE',  ( 16.53173284415693445, -1.917440817746343118, 6.065269951770783763 ) ) ;
#6229 = DIRECTION ( 'NONE',  ( 0.000000000000000000, -1.000000000000000000, 2.777029529349945847E-16 ) ) ;
#6230 =( BOUNDED_CURVE ( )  B_SPLINE_CURVE ( 3, ( #3299, #5311, #6609, #6524 ),
 .UNSPECIFIED., .F., .F. ) 
 B_SPLINE_CURVE_WITH_KNOTS ( ( 4, 4 ),
 ( 1.570796326794896558, 1.933884615933310069 ),
 .UNSPECIFIED. ) 
 CURVE ( )  GEOMETRIC_REPRESENTATION_ITEM ( )  RATIONAL_B_SPLINE_CURVE ( ( 1.000000000000000000, 0.9890440482832422164, 0.9890440482832422164, 1.000000000000000000 ) ) 
 REPRESENTATION_ITEM ( '' )  );
#6231 = DIRECTION ( 'NONE',  ( -0.9796948150902463626, 0.1342955314062658223, 0.1488716881398090552 ) ) ;
#6232 = CARTESIAN_POINT ( 'NONE',  ( 16.68126083400974125, -1.836709192608398933, 10.56083498063361503 ) ) ;
#6233 = ORIENTED_EDGE ( 'NONE', *, *, #7499, .T. ) ;
#6234 = CARTESIAN_POINT ( 'NONE',  ( -1.611336735163671152, 1.352072060178245883, 10.50000000000000000 ) ) ;
#6235 = EDGE_CURVE ( 'NONE', #2208, #5261, #2282, .T. ) ;
#6237 = ORIENTED_EDGE ( 'NONE', *, *, #2298, .T. ) ;
#6236 = EDGE_CURVE ( 'NONE', #5918, #722, #1670, .T. ) ;
#6238 = EDGE_CURVE ( 'NONE', #3229, #4318, #239, .T. ) ;
#6239 = CARTESIAN_POINT ( 'NONE',  ( 42.29868488627309375, 19.18580579094188820, -2.765170852493686660 ) ) ;
#6240 = DIRECTION ( 'NONE',  ( -1.124047458631922961E-15, 0.000000000000000000, 1.000000000000000000 ) ) ;
#6241 = VERTEX_POINT ( 'NONE', #2207 ) ;
#6242 = DIRECTION ( 'NONE',  ( -0.1414184209989438890, 0.9899499129764927075, 5.204170427930418128E-15 ) ) ;
#6243 = SPHERICAL_SURFACE ( 'NONE', #7945, 2.000000000000000000 ) ;
#6244 = CARTESIAN_POINT ( 'NONE',  ( 47.40483542659831784, 21.21107546788135423, 2.766025658455018021 ) ) ;
#6245 = VERTEX_POINT ( 'NONE', #5540 ) ;
#6246 = AXIS2_PLACEMENT_3D ( 'NONE', #1481, #4119, #8155 ) ;
#6247 = ORIENTED_EDGE ( 'NONE', *, *, #5396, .F. ) ;
#6248 = CIRCLE ( 'NONE', #5152, 1.000000000000000000 ) ;
#6249 = EDGE_CURVE ( 'NONE', #5289, #1982, #2925, .T. ) ;
#6250 = ORIENTED_EDGE ( 'NONE', *, *, #8491, .F. ) ;
#6251 = ORIENTED_EDGE ( 'NONE', *, *, #1567, .T. ) ;
#6252 = CARTESIAN_POINT ( 'NONE',  ( 17.48597062090959753, -1.318677547245143744, 7.021037170698803287 ) ) ;
#6253 = AXIS2_PLACEMENT_3D ( 'NONE', #5850, #503, #5769 ) ;
#6254 = CARTESIAN_POINT ( 'NONE',  ( 3.381759256733302799, 7.477617038142040151, 14.55979849088173239 ) ) ;
#6255 = DIRECTION ( 'NONE',  ( 0.000000000000000000, 1.000000000000000000, -0.000000000000000000 ) ) ;
#6256 = CARTESIAN_POINT ( 'NONE',  ( 4.331040936988625134, 6.946007959283698519, 9.500000000000001776 ) ) ;
#6257 = ORIENTED_EDGE ( 'NONE', *, *, #6658, .T. ) ;
#6258 = EDGE_CURVE ( 'NONE', #33, #5874, #3118, .T. ) ;
#6259 = CIRCLE ( 'NONE', #70, 1.000000000000000000 ) ;
#6260 = DIRECTION ( 'NONE',  ( 0.000000000000000000, 0.000000000000000000, 1.000000000000000000 ) ) ;
#6261 = ORIENTED_EDGE ( 'NONE', *, *, #1780, .F. ) ;
#6262 = DIRECTION ( 'NONE',  ( 0.000000000000000000, 0.000000000000000000, 1.000000000000000000 ) ) ;
#6263 = DIRECTION ( 'NONE',  ( -0.1584825665006271977, -0.5257976280181182460, -0.8357153405830810566 ) ) ;
#6264 = DIRECTION ( 'NONE',  ( -1.000000000000000000, 1.040834085586084257E-14, -3.469446951953614189E-15 ) ) ;
#6265 = DIRECTION ( 'NONE',  ( 1.000000000000000000, 0.000000000000000000, 0.000000000000000000 ) ) ;
#6266 = CARTESIAN_POINT ( 'NONE',  ( -1.462380825565096076, 24.29977437553532837, 11.41329535598319467 ) ) ;
#6267 = DIRECTION ( 'NONE',  ( 0.1584825665006270312, 0.5257976280181172468, -0.8357153405830816117 ) ) ;
#6268 = CARTESIAN_POINT ( 'NONE',  ( 5.391624560436412139, 5.791139803088748650, 9.579453491289738665 ) ) ;
#6269 = AXIS2_PLACEMENT_3D ( 'NONE', #5186, #6561, #3295 ) ;
#6270 = AXIS2_PLACEMENT_3D ( 'NONE', #3373, #5995, #4658 ) ;
#6271 = ADVANCED_FACE ( 'NONE', ( #4900 ), #8444, .T. ) ;
#6272 = CARTESIAN_POINT ( 'NONE',  ( -2.184364863409159696, 23.75873158673381980, 6.377946096336126303 ) ) ;
#6273 = EDGE_LOOP ( 'NONE', ( #3864, #2775, #5539, #6371 ) ) ;
#6274 = B_SPLINE_CURVE_WITH_KNOTS ( 'NONE', 3,
 ( #3178, #4420, #3133, #1188 ),
 .UNSPECIFIED., .F., .F.,
 ( 4, 4 ),
 ( 0.000000000000000000, 1.000000000000000000 ),
 .UNSPECIFIED. ) ;
#6275 = LINE ( 'NONE', #238, #3924 ) ;
#6276 = VECTOR ( 'NONE', #4921, 1000.000000000000000 ) ;
#6277 = CARTESIAN_POINT ( 'NONE',  ( 18.46519638435848876, -0.09497466396784695619, 6.462354830656026117 ) ) ;
#6278 = CARTESIAN_POINT ( 'NONE',  ( 10.64537435473997640, -8.932529694806417453, 17.00020556183143938 ) ) ;
#6279 = FACE_OUTER_BOUND ( 'NONE', #5514, .T. ) ;
#6280 = DIRECTION ( 'NONE',  ( -1.000000000000000000, 0.000000000000000000, -1.084202172485504434E-16 ) ) ;
#6281 = VECTOR ( 'NONE', #5282, 1000.000000000000227 ) ;
#6282 = EDGE_LOOP ( 'NONE', ( #8121, #3493, #3957 ) ) ;
#6283 = DIRECTION ( 'NONE',  ( -0.6427876096865404731, -0.7660444431189770143, -0.000000000000000000 ) ) ;
#6284 = ORIENTED_EDGE ( 'NONE', *, *, #2320, .F. ) ;
#6285 = DIRECTION ( 'NONE',  ( -0.000000000000000000, -0.000000000000000000, -1.000000000000000000 ) ) ;
#6286 = ORIENTED_EDGE ( 'NONE', *, *, #7112, .F. ) ;
#6287 = DIRECTION ( 'NONE',  ( -0.6427876096865404731, -0.7660444431189770143, -0.000000000000000000 ) ) ;
#6288 = DIRECTION ( 'NONE',  ( 0.1414184209989445273, -0.9899499129764928185, 5.551115123125782702E-17 ) ) ;
#6289 = ORIENTED_EDGE ( 'NONE', *, *, #1558, .F. ) ;
#6290 = ADVANCED_FACE ( 'NONE', ( #887 ), #4333, .T. ) ;
#6291 = EDGE_CURVE ( 'NONE', #724, #3186, #6152, .T. ) ;
#6292 = ORIENTED_EDGE ( 'NONE', *, *, #1182, .T. ) ;
#6293 = EDGE_LOOP ( 'NONE', ( #615, #469, #2071, #5811, #7416 ) ) ;
#6294 = VERTEX_POINT ( 'NONE', #5762 ) ;
#6295 = CARTESIAN_POINT ( 'NONE',  ( 18.77540223471659786, -0.4603410378262682845, 7.359213796895813786 ) ) ;
#6296 = DIRECTION ( 'NONE',  ( -0.6427876096865410283, -0.7660444431189765702, -0.000000000000000000 ) ) ;
#6297 = CARTESIAN_POINT ( 'NONE',  ( 3.467932337585652114, 9.611569374448679426, 10.50000000000000178 ) ) ;
#6298 = EDGE_CURVE ( 'NONE', #4297, #2877, #6806, .T. ) ;
#6299 = VECTOR ( 'NONE', #1303, 1000.000000000000000 ) ;
#6300 = ORIENTED_EDGE ( 'NONE', *, *, #2100, .F. ) ;
#6301 = CYLINDRICAL_SURFACE ( 'NONE', #8327, 99.99999999999998579 ) ;
#6302 = AXIS2_PLACEMENT_3D ( 'NONE', #6278, #6836, #6750 ) ;
#6303 = ORIENTED_EDGE ( 'NONE', *, *, #1933, .F. ) ;
#6304 = CARTESIAN_POINT ( 'NONE',  ( 5.885572890035113858, 5.376667941901839498, 2.794042227842541415 ) ) ;
#6305 = LINE ( 'NONE', #1175, #8305 ) ;
#6306 = CARTESIAN_POINT ( 'NONE',  ( -0.7873442616767011293, 24.21083976082748279, 11.57411654199145090 ) ) ;
#6307 = DIRECTION ( 'NONE',  ( 0.000000000000000000, -1.000000000000000000, 0.000000000000000000 ) ) ;
#6308 = AXIS2_PLACEMENT_3D ( 'NONE', #3643, #6267, #6139 ) ;
#6309 = CARTESIAN_POINT ( 'NONE',  ( 13.41644172404391355, 11.06284411194225292, 16.00000000000000000 ) ) ;
#6310 = PLANE ( 'NONE',  #657 ) ;
#6311 = VECTOR ( 'NONE', #8326, 1000.000000000000000 ) ;
#6312 = EDGE_CURVE ( 'NONE', #4093, #471, #7221, .T. ) ;
#6313 = CARTESIAN_POINT ( 'NONE',  ( 42.72590628928697498, 18.19113980308873835, 9.832386424376011291 ) ) ;
#6314 = CARTESIAN_POINT ( 'NONE',  ( 33.40483542659831784, 18.18854554773241716, 10.50000000000000178 ) ) ;
#6315 = VERTEX_POINT ( 'NONE', #7016 ) ;
#6316 = CARTESIAN_POINT ( 'NONE',  ( 41.82197063643222634, 19.38648642810277423, 60.69687151949392501 ) ) ;
#6317 = CARTESIAN_POINT ( 'NONE',  ( 18.59910679190428340, 0.03124832705594422777, 6.471864270734090319 ) ) ;
#6318 = DIRECTION ( 'NONE',  ( -0.000000000000000000, 0.000000000000000000, 1.000000000000000000 ) ) ;
#6319 = CARTESIAN_POINT ( 'NONE',  ( -1.254770868050501198, 24.14406594556694330, 11.59679877505547552 ) ) ;
#6320 = CARTESIAN_POINT ( 'NONE',  ( 17.37344169953222561, -1.124054749080842797, 10.65845651651369153 ) ) ;
#6321 = LINE ( 'NONE', #3418, #3051 ) ;
#6322 = CARTESIAN_POINT ( 'NONE',  ( 51.28970554934163317, 18.19649942656722175, 10.01843040318047251 ) ) ;
#6323 = ORIENTED_EDGE ( 'NONE', *, *, #7501, .F. ) ;
#6324 = CARTESIAN_POINT ( 'NONE',  ( 32.86828130796594394, 19.41079442261658983, 7.390232495972464122 ) ) ;
#6325 = ORIENTED_EDGE ( 'NONE', *, *, #7770, .F. ) ;
#6326 = AXIS2_PLACEMENT_3D ( 'NONE', #997, #3681, #5007 ) ;
#6327 = CARTESIAN_POINT ( 'NONE',  ( 42.51513640388095183, -6.246196747414927586, 7.457106781186561228 ) ) ;
#6328 = EDGE_LOOP ( 'NONE', ( #2719, #2446, #4954, #1425 ) ) ;
#6329 = DIRECTION ( 'NONE',  ( -1.000000000000000000, 0.000000000000000000, 0.000000000000000000 ) ) ;
#6330 = DIRECTION ( 'NONE',  ( 0.000000000000000000, 0.000000000000000000, 1.000000000000000000 ) ) ;
#6331 = VERTEX_POINT ( 'NONE', #7701 ) ;
#6332 = VERTEX_POINT ( 'NONE', #7835 ) ;
#6333 = ORIENTED_EDGE ( 'NONE', *, *, #3934, .F. ) ;
#6334 = CARTESIAN_POINT ( 'NONE',  ( 23.00000000000000355, 9.999999999999998224, 16.99999999999999645 ) ) ;
#6335 = VERTEX_POINT ( 'NONE', #3144 ) ;
#6336 = CARTESIAN_POINT ( 'NONE',  ( 16.41327277296918652, -2.032740795426159153, 6.184367579480753108 ) ) ;
#6337 = EDGE_CURVE ( 'NONE', #2924, #599, #7172, .T. ) ;
#6338 = EDGE_CURVE ( 'NONE', #7111, #6905, #1849, .T. ) ;
#6339 = EDGE_CURVE ( 'NONE', #8330, #6207, #1306, .T. ) ;
#6340 = LINE ( 'NONE', #1726, #7350 ) ;
#6341 = CARTESIAN_POINT ( 'NONE',  ( -7.228666137474869302, 23.47603677714731063, 11.41329535598319289 ) ) ;
#6342 = CARTESIAN_POINT ( 'NONE',  ( 5.116185398174578403, 6.036190331204653425, 9.500000000000001776 ) ) ;
#6343 = VERTEX_POINT ( 'NONE', #7746 ) ;
#6344 = CARTESIAN_POINT ( 'NONE',  ( -21.92509863149369664, 21.19113980308874190, 0.000000000000000000 ) ) ;
#6345 = ORIENTED_EDGE ( 'NONE', *, *, #428, .T. ) ;
#6346 = CARTESIAN_POINT ( 'NONE',  ( 6.074901368476853136, 17.73170615800645322, 19.14281798417276903 ) ) ;
#6347 = EDGE_CURVE ( 'NONE', #5390, #3319, #5846, .T. ) ;
#6348 = EDGE_CURVE ( 'NONE', #986, #4733, #6399, .T. ) ;
#6349 = EDGE_CURVE ( 'NONE', #5038, #5550, #1058, .T. ) ;
#6350 = CARTESIAN_POINT ( 'NONE',  ( 6.832302505739978216, 25.29933767399753108, 17.66944053572430917 ) ) ;
#6351 = CARTESIAN_POINT ( 'NONE',  ( -1.317664378958741445, 24.35870498780962379, 11.07233553253134772 ) ) ;
#6352 = CARTESIAN_POINT ( 'NONE',  ( 25.87188147934298499, 5.811482854444136592, 9.542893218813444989 ) ) ;
#6353 = CARTESIAN_POINT ( 'NONE',  ( 3.882587648978277794, 17.45556215332220873, -4.613285252386657653 ) ) ;
#6354 = DIRECTION ( 'NONE',  ( 0.6007449298320854947, -0.7994407603325232037, 0.000000000000000000 ) ) ;
#6355 = DIRECTION ( 'NONE',  ( 0.9899499129764925964, 0.1414184209989443330, -3.147158857084118377E-17 ) ) ;
#6356 = CARTESIAN_POINT ( 'NONE',  ( 52.16712193127420960, -2.354426227855074938, 8.500000000000000000 ) ) ;
#6357 = ORIENTED_EDGE ( 'NONE', *, *, #2603, .T. ) ;
#6358 = CARTESIAN_POINT ( 'NONE',  ( 42.51543424428979989, 19.05505244119075314, 77.75927414043675867 ) ) ;
#6359 = EDGE_CURVE ( 'NONE', #1580, #33, #3098, .T. ) ;
#6360 = CARTESIAN_POINT ( 'NONE',  ( 19.56119798927567643, 0.06273996768206703545, 7.241113712106456823 ) ) ;
#6361 = CARTESIAN_POINT ( 'NONE',  ( -7.323304786480893114, 17.72958541440991098, 19.16398899561106006 ) ) ;
#6362 = CARTESIAN_POINT ( 'NONE',  ( 42.18874271794609854, 18.10335438451148704, 13.88846093557964956 ) ) ;
#6363 = DIRECTION ( 'NONE',  ( 0.000000000000000000, 0.000000000000000000, -1.000000000000000000 ) ) ;
#6364 = CARTESIAN_POINT ( 'NONE',  ( 43.89390058237518843, 18.17530189050366118, 5.409324792767389312 ) ) ;
#6365 = CARTESIAN_POINT ( 'NONE',  ( 10.93401483852293588, 18.34584124333168376, 7.103553390593287276 ) ) ;
#6366 = ORIENTED_EDGE ( 'NONE', *, *, #6421, .T. ) ;
#6367 = CARTESIAN_POINT ( 'NONE',  ( 33.01254728366100721, 19.58811641529999648, 7.298737929878986286 ) ) ;
#6368 = EDGE_CURVE ( 'NONE', #3478, #5245, #3228, .T. ) ;
#6369 = ORIENTED_EDGE ( 'NONE', *, *, #3794, .F. ) ;
#6370 = CARTESIAN_POINT ( 'NONE',  ( 16.47442487005639933, -1.985737801764960953, 11.38810094022154118 ) ) ;
#6371 = ORIENTED_EDGE ( 'NONE', *, *, #5191, .F. ) ;
#6372 = CARTESIAN_POINT ( 'NONE',  ( 16.38292933393635664, -2.052939525831336098, 10.79852743537454529 ) ) ;
#6373 = CARTESIAN_POINT ( 'NONE',  ( 3.722854345741053450, 21.93051711299394668, 18.98008820026126386 ) ) ;
#6374 = ORIENTED_EDGE ( 'NONE', *, *, #5347, .F. ) ;
#6375 = VERTEX_POINT ( 'NONE', #3187 ) ;
#6376 = EDGE_LOOP ( 'NONE', ( #7874, #3719, #6511, #2769 ) ) ;
#6377 = LINE ( 'NONE', #5678, #5751 ) ;
#6378 = ORIENTED_EDGE ( 'NONE', *, *, #6291, .F. ) ;
#6379 = CARTESIAN_POINT ( 'NONE',  ( 38.76774932685381003, 17.46189270196255094, -4.562470369755335931 ) ) ;
#6380 = LINE ( 'NONE', #1819, #5287 ) ;
#6381 = FACE_OUTER_BOUND ( 'NONE', #630, .T. ) ;
#6382 = CARTESIAN_POINT ( 'NONE',  ( 5.262781552463283496, 5.902153188790159710, 10.50000000000003908 ) ) ;
#6383 = EDGE_CURVE ( 'NONE', #8096, #7617, #5804, .T. ) ;
#6384 = VECTOR ( 'NONE', #978, 1000.000000000000000 ) ;
#6385 = ORIENTED_EDGE ( 'NONE', *, *, #2845, .F. ) ;
#6386 = AXIS2_PLACEMENT_3D ( 'NONE', #4348, #6976, #6330 ) ;
#6387 = DIRECTION ( 'NONE',  ( 1.000000000000000000, 0.000000000000000000, 0.000000000000000000 ) ) ;
#6388 = VERTEX_POINT ( 'NONE', #1104 ) ;
#6389 = LINE ( 'NONE', #5738, #4753 ) ;
#6390 = CARTESIAN_POINT ( 'NONE',  ( -6.251293252650151011, 23.43029215069744353, 2.073923549252512100 ) ) ;
#6391 = CARTESIAN_POINT ( 'NONE',  ( -1.032284702174481428, 24.17584901040675405, 11.82154364644706135 ) ) ;
#6392 = FACE_OUTER_BOUND ( 'NONE', #2111, .T. ) ;
#6393 = AXIS2_PLACEMENT_3D ( 'NONE', #4444, #1683, #3802 ) ;
#6394 = CARTESIAN_POINT ( 'NONE',  ( -7.352255888786113580, 23.45838147231523152, 11.28845090709623200 ) ) ;
#6395 = FACE_OUTER_BOUND ( 'NONE', #2667, .T. ) ;
#6396 = LINE ( 'NONE', #4504, #4020 ) ;
#6397 = ADVANCED_FACE ( 'NONE', ( #3700 ), #2407, .F. ) ;
#6398 = EDGE_CURVE ( 'NONE', #4227, #6196, #200, .T. ) ;
#6399 = CIRCLE ( 'NONE', #3243, 1.000000000000000666 ) ;
#6400 = CARTESIAN_POINT ( 'NONE',  ( -17.42509863149369309, 18.19006245294532675, 10.25000000000004263 ) ) ;
#6401 = ORIENTED_EDGE ( 'NONE', *, *, #8434, .F. ) ;
#6402 = CARTESIAN_POINT ( 'NONE',  ( 47.20946940909427525, 20.68832980107173825, 51.62734966006343740 ) ) ;
#6403 = DIRECTION ( 'NONE',  ( -0.6427876096865403621, -0.7660444431189770143, -0.000000000000000000 ) ) ;
#6404 = FACE_OUTER_BOUND ( 'NONE', #6109, .T. ) ;
#6405 = LINE ( 'NONE', #5114, #2055 ) ;
#6406 = CARTESIAN_POINT ( 'NONE',  ( 41.55445385172378536, 18.14747962450340424, 12.68891716034871031 ) ) ;
#6407 = CARTESIAN_POINT ( 'NONE',  ( 19.76736437672893487, 23.71876826155315499, 2.000000000000000000 ) ) ;
#6408 = CARTESIAN_POINT ( 'NONE',  ( 38.76774932685381003, 17.46189270196255094, -4.562470369755335931 ) ) ;
#6409 = EDGE_CURVE ( 'NONE', #8352, #7625, #3932, .T. ) ;
#6410 = AXIS2_PLACEMENT_3D ( 'NONE', #1417, #7123, #2162 ) ;
#6411 = CARTESIAN_POINT ( 'NONE',  ( 3.467932343692218033, 9.999999999999998224, 7.500000000000000888 ) ) ;
#6412 = VERTEX_POINT ( 'NONE', #8344 ) ;
#6413 = DIRECTION ( 'NONE',  ( -0.000000000000000000, -0.000000000000000000, 1.000000000000000000 ) ) ;
#6414 = ORIENTED_EDGE ( 'NONE', *, *, #4834, .F. ) ;
#6415 = DIRECTION ( 'NONE',  ( -0.000000000000000000, -0.000000000000000000, 1.000000000000000000 ) ) ;
#6416 = ORIENTED_EDGE ( 'NONE', *, *, #4970, .T. ) ;
#6417 = VECTOR ( 'NONE', #6653, 1000.000000000000000 ) ;
#6418 = DIRECTION ( 'NONE',  ( -0.1414184209989443608, 0.9899499129764925964, -0.000000000000000000 ) ) ;
#6419 = DIRECTION ( 'NONE',  ( 1.000000000000000000, 0.000000000000000000, 0.000000000000000000 ) ) ;
#6420 = EDGE_LOOP ( 'NONE', ( #8355, #3885, #4408, #7834, #4737, #296 ) ) ;
#6421 = EDGE_CURVE ( 'NONE', #8375, #6072, #2409, .T. ) ;
#6422 = VERTEX_POINT ( 'NONE', #6537 ) ;
#6423 = ORIENTED_EDGE ( 'NONE', *, *, #1183, .F. ) ;
#6424 = AXIS2_PLACEMENT_3D ( 'NONE', #1545, #5468, #6893 ) ;
#6425 = CARTESIAN_POINT ( 'NONE',  ( 10.93401483852293588, 18.34584124333168376, 10.50000000000000000 ) ) ;
#6426 = ORIENTED_EDGE ( 'NONE', *, *, #6338, .T. ) ;
#6427 = CARTESIAN_POINT ( 'NONE',  ( 47.43060450609215195, 21.20757696452465879, 2.766025658455018466 ) ) ;
#6428 = LINE ( 'NONE', #8230, #1570 ) ;
#6429 = CARTESIAN_POINT ( 'NONE',  ( 27.85244768616373179, 21.16608074159468345, -3.470109638563524612 ) ) ;
#6430 = ORIENTED_EDGE ( 'NONE', *, *, #1780, .T. ) ;
#6431 = CIRCLE ( 'NONE', #7525, 1.250000000000001110 ) ;
#6432 = CARTESIAN_POINT ( 'NONE',  ( 38.41235070371810423, 18.18997571433710192, 10.00000000000000000 ) ) ;
#6433 = EDGE_LOOP ( 'NONE', ( #3015, #6213, #554, #1139 ) ) ;
#6434 = CARTESIAN_POINT ( 'NONE',  ( 50.41712193127419539, 18.19374497084779208, 8.268906821850031008 ) ) ;
#6435 = CARTESIAN_POINT ( 'NONE',  ( 52.16712193127420960, 18.19522307414349171, 6.749999999999996447 ) ) ;
#6436 = FACE_OUTER_BOUND ( 'NONE', #8001, .T. ) ;
#6437 = DIRECTION ( 'NONE',  ( 0.1358089151073353928, 0.9907350496360612935, 1.387778780781445676E-17 ) ) ;
#6438 = CARTESIAN_POINT ( 'NONE',  ( 19.12402157324911300, 14.01474273244640223, 17.00000000000000000 ) ) ;
#6439 = CIRCLE ( 'NONE', #3006, 1.000000000000000888 ) ;
#6440 = LINE ( 'NONE', #1793, #4350 ) ;
#6441 = ORIENTED_EDGE ( 'NONE', *, *, #516, .F. ) ;
#6442 = CARTESIAN_POINT ( 'NONE',  ( 50.03307272961185959, 20.30267660432770427, 85.75931544176417276 ) ) ;
#6443 = CIRCLE ( 'NONE', #3555, 2.649999999999999467 ) ;
#6444 = EDGE_CURVE ( 'NONE', #985, #1023, #3676, .T. ) ;
#6446 = VECTOR ( 'NONE', #5628, 1000.000000000000000 ) ;
#6445 = CARTESIAN_POINT ( 'NONE',  ( 35.64005297390797011, 20.09856402680317444, 10.72820602794971379 ) ) ;
#6447 = CARTESIAN_POINT ( 'NONE',  ( 16.52448473739243795, -1.924278332648973189, 5.995025720266057512 ) ) ;
#6448 = CARTESIAN_POINT ( 'NONE',  ( -17.85500769948946953, 17.92429827027936184, 16.92321352725152650 ) ) ;
#6449 = EDGE_CURVE ( 'NONE', #1153, #6624, #7242, .T. ) ;
#6450 = EDGE_CURVE ( 'NONE', #504, #2345, #6259, .T. ) ;
#6451 = CIRCLE ( 'NONE', #2874, 2.649999999999999467 ) ;
#6452 = CARTESIAN_POINT ( 'NONE',  ( 33.40483542659831784, 19.95440738642258438, 20.88487273686537193 ) ) ;
#6453 = DIRECTION ( 'NONE',  ( -0.7660444431189771253, 0.6427876096865403621, 0.000000000000000000 ) ) ;
#6454 = DIRECTION ( 'NONE',  ( 0.000000000000000000, -1.000000000000000000, 0.000000000000000000 ) ) ;
#6455 = AXIS2_PLACEMENT_3D ( 'NONE', #2328, #6798, #8095 ) ;
#6456 = CIRCLE ( 'NONE', #7547, 20.00000000000000000 ) ;
#6457 = DIRECTION ( 'NONE',  ( 0.9873096472328641848, -0.1353393645606426332, 0.08308379433583115703 ) ) ;
#6458 = ORIENTED_EDGE ( 'NONE', *, *, #3070, .F. ) ;
#6459 = CARTESIAN_POINT ( 'NONE',  ( 32.74143353297743886, 19.20480553196296825, 7.441648402951967611 ) ) ;
#6460 = ORIENTED_EDGE ( 'NONE', *, *, #2459, .F. ) ;
#6461 = CARTESIAN_POINT ( 'NONE',  ( -0.2699076278439912491, 0.2605786254456552986, 16.00000000000000000 ) ) ;
#6462 = EDGE_LOOP ( 'NONE', ( #4539, #2807, #1673, #6509, #2757, #7562, #639, #2023, #6890, #7114, #5204, #7081, #6597 ) ) ;
#6463 = EDGE_CURVE ( 'NONE', #325, #7152, #8311, .T. ) ;
#6464 = CARTESIAN_POINT ( 'NONE',  ( 47.40483542659831784, -79.68479775699100287, 9.603378468198377149 ) ) ;
#6465 = CARTESIAN_POINT ( 'NONE',  ( 33.40483542659831073, 18.19113980308873835, 9.600867181242978887 ) ) ;
#6466 = EDGE_LOOP ( 'NONE', ( #5648, #6369, #5167, #5909 ) ) ;
#6467 = EDGE_LOOP ( 'NONE', ( #3483, #1411, #8266, #2030 ) ) ;
#6468 = ORIENTED_EDGE ( 'NONE', *, *, #8229, .T. ) ;
#6469 = CARTESIAN_POINT ( 'NONE',  ( -6.525489782584064535, 24.14873613495410964, 10.62205390366387370 ) ) ;
#6470 = ORIENTED_EDGE ( 'NONE', *, *, #7666, .F. ) ;
#6471 = CARTESIAN_POINT ( 'NONE',  ( 6.074901368445957850, 18.16724939973809327, 3.614138213423456314 ) ) ;
#6472 = ADVANCED_FACE ( 'NONE', ( #754 ), #2619, .T. ) ;
#6473 = LINE ( 'NONE', #5819, #2681 ) ;
#6474 = FACE_OUTER_BOUND ( 'NONE', #6536, .T. ) ;
#6475 = CIRCLE ( 'NONE', #8112, 0.4999999999999991118 ) ;
#6476 = ORIENTED_EDGE ( 'NONE', *, *, #5136, .F. ) ;
#6477 = CARTESIAN_POINT ( 'NONE',  ( 11.41141879785895163, -9.575317304492957149, 7.500000000000000888 ) ) ;
#6478 = EDGE_LOOP ( 'NONE', ( #4521, #382, #733, #6247 ) ) ;
#6479 = DIRECTION ( 'NONE',  ( 0.6427876096865406952, 0.7660444431189770143, 0.000000000000000000 ) ) ;
#6480 = B_SPLINE_CURVE_WITH_KNOTS ( 'NONE', 3,
 ( #4152, #1642, #222, #6858, #782, #300, #2860, #5479 ),
 .UNSPECIFIED., .F., .F.,
 ( 4, 2, 2, 4 ),
 ( 1.732293160697219442E-16, 0.0006407750675075355893, 0.0009611626012612176778, 0.001281550135014899875 ),
 .UNSPECIFIED. ) ;
#6481 = CARTESIAN_POINT ( 'NONE',  ( 52.16712193127420960, 18.19522307414349171, 6.749999999999996447 ) ) ;
#6482 = DIRECTION ( 'NONE',  ( 0.000000000000000000, 0.8464124915001607352, -0.5325278342326253966 ) ) ;
#6483 = CARTESIAN_POINT ( 'NONE',  ( 40.34301970242690061, 18.19113980308874190, 7.203090613293326783 ) ) ;
#6484 = CARTESIAN_POINT ( 'NONE',  ( 16.63373060968033101, -1.821303810009012203, 10.86864977167656754 ) ) ;
#6485 = LINE ( 'NONE', #3860, #979 ) ;
#6486 = LINE ( 'NONE', #7259, #4209 ) ;
#6487 = ORIENTED_EDGE ( 'NONE', *, *, #7599, .T. ) ;
#6488 = CIRCLE ( 'NONE', #696, 19.39644660940671628 ) ;
#6489 = CARTESIAN_POINT ( 'NONE',  ( 23.00000000000000000, 5.791139803088734439, 11.00000000000000178 ) ) ;
#6490 = CARTESIAN_POINT ( 'NONE',  ( 19.73284626319294688, 0.9464941425824381360, 10.38740630154257616 ) ) ;
#6491 = CARTESIAN_POINT ( 'NONE',  ( -0.9848077530122071321, -1.173648177666925640, 2.794042227842540971 ) ) ;
#6492 = DIRECTION ( 'NONE',  ( -0.000000000000000000, -1.000000000000000000, 0.000000000000000000 ) ) ;
#6493 = CARTESIAN_POINT ( 'NONE',  ( 41.40483542659832494, 18.19113980308873835, 11.79199602631261179 ) ) ;
#6494 = CARTESIAN_POINT ( 'NONE',  ( 43.65828151011524483, 18.10255825736649626, 3.094681056072538627 ) ) ;
#6495 = VECTOR ( 'NONE', #4969, 1000.000000000000000 ) ;
#6496 = EDGE_CURVE ( 'NONE', #5506, #456, #880, .T. ) ;
#6497 = PLANE ( 'NONE',  #7272 ) ;
#6498 = ORIENTED_EDGE ( 'NONE', *, *, #7501, .T. ) ;
#6499 = DIRECTION ( 'NONE',  ( 0.000000000000000000, -1.000000000000000000, 0.000000000000000000 ) ) ;
#6500 = ORIENTED_EDGE ( 'NONE', *, *, #5537, .T. ) ;
#6501 = CYLINDRICAL_SURFACE ( 'NONE', #5863, 10.00000000000000000 ) ;
#6502 = ORIENTED_EDGE ( 'NONE', *, *, #5290, .T. ) ;
#6503 = CARTESIAN_POINT ( 'NONE',  ( 16.41315628123059156, -2.032818340533016688, 10.81589632604470097 ) ) ;
#6504 = LINE ( 'NONE', #3791, #5973 ) ;
#6505 = ORIENTED_EDGE ( 'NONE', *, *, #637, .F. ) ;
#6506 = EDGE_CURVE ( 'NONE', #2813, #6905, #7185, .T. ) ;
#6507 = EDGE_CURVE ( 'NONE', #6388, #5887, #3117, .T. ) ;
#6508 = ORIENTED_EDGE ( 'NONE', *, *, #5348, .F. ) ;
#6509 = ORIENTED_EDGE ( 'NONE', *, *, #3251, .T. ) ;
#6510 = DIRECTION ( 'NONE',  ( 0.000000000000000000, -0.000000000000000000, -1.000000000000000000 ) ) ;
#6511 = ORIENTED_EDGE ( 'NONE', *, *, #1068, .F. ) ;
#6512 = CARTESIAN_POINT ( 'NONE',  ( -21.92509863149369664, 21.19113980308874190, 5.000000000000002665 ) ) ;
#6513 = DIRECTION ( 'NONE',  ( -0.8324328464100213543, -0.5541259389504427091, -0.000000000000000000 ) ) ;
#6514 = DIRECTION ( 'NONE',  ( 0.000000000000000000, 0.000000000000000000, 1.000000000000000000 ) ) ;
#6515 = EDGE_CURVE ( 'NONE', #1105, #8306, #4995, .T. ) ;
#6516 = ORIENTED_EDGE ( 'NONE', *, *, #7412, .T. ) ;
#6517 = CARTESIAN_POINT ( 'NONE',  ( 35.64005297390797011, 20.09856402680679821, 8.500000000000000000 ) ) ;
#6518 = ORIENTED_EDGE ( 'NONE', *, *, #2212, .T. ) ;
#6519 = DIRECTION ( 'NONE',  ( -0.7660444431189770143, 0.6427876096865405842, 0.000000000000000000 ) ) ;
#6520 = CARTESIAN_POINT ( 'NONE',  ( -36.57535960924175811, 11.32057756918643676, 17.00309127357575179 ) ) ;
#6521 = DIRECTION ( 'NONE',  ( -0.6427876096865408062, -0.7660444431189769032, 0.000000000000000000 ) ) ;
#6522 = DIRECTION ( 'NONE',  ( -1.399416440387491059E-15, 0.9999359047647259358, -0.01132194163334649881 ) ) ;
#6523 = AXIS2_PLACEMENT_3D ( 'NONE', #1990, #5256, #4536 ) ;
#6524 = CARTESIAN_POINT ( 'NONE',  ( 43.33750808644019514, 21.11060185564241820, 8.500000000000000000 ) ) ;
#6525 = CARTESIAN_POINT ( 'NONE',  ( 5.421010862427522170E-16, 21.19113980308874190, 5.000000000000000000 ) ) ;
#6526 = ORIENTED_EDGE ( 'NONE', *, *, #4464, .T. ) ;
#6527 = DIRECTION ( 'NONE',  ( 0.000000000000000000, -0.000000000000000000, -1.000000000000000000 ) ) ;
#6528 = CIRCLE ( 'NONE', #7623, 2.649999999999999467 ) ;
#6529 = CARTESIAN_POINT ( 'NONE',  ( 3.657790176609131638, 8.429186455747334605, 7.500000000000000888 ) ) ;
#6530 = CARTESIAN_POINT ( 'NONE',  ( 16.43487006623698576, -2.018877168533896871, 5.675954742571212464 ) ) ;
#6531 = CARTESIAN_POINT ( 'NONE',  ( -7.323409961642274091, 23.57300256952704842, 6.213732533963026050 ) ) ;
#6532 = CARTESIAN_POINT ( 'NONE',  ( 47.40483542659831784, 18.03750896597755826, -2.280052717616167346 ) ) ;
#6533 = CARTESIAN_POINT ( 'NONE',  ( 19.08913456848470958, 0.4931456902197329795, 10.50818843860723639 ) ) ;
#6534 = CARTESIAN_POINT ( 'NONE',  ( 39.91235070371810423, 18.18997571433710192, 9.542893218813443212 ) ) ;
#6535 = CARTESIAN_POINT ( 'NONE',  ( 1.898788498857842288, 18.19125501892943930, 9.797512039259736127 ) ) ;
#6536 = EDGE_LOOP ( 'NONE', ( #758, #7494, #4808, #5281 ) ) ;
#6537 = CARTESIAN_POINT ( 'NONE',  ( 6.998593584652764932, 7.706250910886190297, 4.822771264100883748 ) ) ;
#6538 = ORIENTED_EDGE ( 'NONE', *, *, #1068, .T. ) ;
#6539 = VECTOR ( 'NONE', #6971, 1000.000000000000000 ) ;
#6540 = CARTESIAN_POINT ( 'NONE',  ( 38.76774932685381003, 17.46189270196255094, 21.56247036975533860 ) ) ;
#6541 = ORIENTED_EDGE ( 'NONE', *, *, #491, .T. ) ;
#6542 = DIRECTION ( 'NONE',  ( -0.6427876096865405842, -0.7660444431189769032, -0.000000000000000000 ) ) ;
#6543 = CARTESIAN_POINT ( 'NONE',  ( 33.42460703254411669, 18.19113980308873835, 9.700590744610325444 ) ) ;
#6544 = EDGE_LOOP ( 'NONE', ( #6538, #4219, #8059, #378 ) ) ;
#6545 = VECTOR ( 'NONE', #3248, 999.9999999999998863 ) ;
#6546 = ORIENTED_EDGE ( 'NONE', *, *, #4518, .T. ) ;
#6547 = ORIENTED_EDGE ( 'NONE', *, *, #8123, .F. ) ;
#6548 = CARTESIAN_POINT ( 'NONE',  ( -6.384071361585119675, 23.15878622197761771, 10.62205390366387192 ) ) ;
#6549 = DIRECTION ( 'NONE',  ( 1.000000000000000000, 3.321706335932480517E-12, 0.000000000000000000 ) ) ;
#6550 = ORIENTED_EDGE ( 'NONE', *, *, #3714, .T. ) ;
#6551 = PLANE ( 'NONE',  #7480 ) ;
#6552 = AXIS2_PLACEMENT_3D ( 'NONE', #3902, #5229, #1883 ) ;
#6553 = EDGE_CURVE ( 'NONE', #1530, #1071, #4643, .T. ) ;
#6554 = DIRECTION ( 'NONE',  ( 0.7660444431189771253, -0.6427876096865404731, 0.000000000000000000 ) ) ;
#6555 = EDGE_CURVE ( 'NONE', #8296, #1760, #7273, .T. ) ;
#6556 = EDGE_CURVE ( 'NONE', #5109, #4271, #5699, .T. ) ;
#6557 = CARTESIAN_POINT ( 'NONE',  ( 5.391624560436410363, 5.791139803088745097, -0.0002055618314386609136 ) ) ;
#6558 = VECTOR ( 'NONE', #8432, 1000.000000000000000 ) ;
#6559 = ORIENTED_EDGE ( 'NONE', *, *, #7297, .F. ) ;
#6560 = VERTEX_POINT ( 'NONE', #3520 ) ;
#6561 = DIRECTION ( 'NONE',  ( -0.9899499129764925964, -0.1414184209989443608, 2.369086567458785895E-17 ) ) ;
#6562 = CARTESIAN_POINT ( 'NONE',  ( -22.69028855513046850, 13.30459972777264710, 18.63431727738900179 ) ) ;
#6563 = EDGE_CURVE ( 'NONE', #8245, #7851, #4208, .T. ) ;
#6564 = CARTESIAN_POINT ( 'NONE',  ( 6.869128731696032553, 4.551366597921900237, 17.00000000000000000 ) ) ;
#6565 = CARTESIAN_POINT ( 'NONE',  ( 16.46245746477756811, -2.000000000000023537, 11.43413193807525907 ) ) ;
#6566 = CARTESIAN_POINT ( 'NONE',  ( 43.42032952653803335, 18.09155406884121575, 14.15227167717339540 ) ) ;
#6567 = LINE ( 'NONE', #106, #2159 ) ;
#6568 = VERTEX_POINT ( 'NONE', #2198 ) ;
#6569 = CARTESIAN_POINT ( 'NONE',  ( 38.69818167021853839, 20.41769496194935485, -7.325771371610305671 ) ) ;
#6570 = CARTESIAN_POINT ( 'NONE',  ( 4.467932343692218033, 9.999999999999998224, 6.500000000000000888 ) ) ;
#6571 = DIRECTION ( 'NONE',  ( 0.000000000000000000, 0.000000000000000000, 1.000000000000000000 ) ) ;
#6572 = CARTESIAN_POINT ( 'NONE',  ( 39.61384056338228987, 16.59109419367207039, 9.749999999999994671 ) ) ;
#6573 = ADVANCED_FACE ( 'NONE', ( #6918 ), #4893, .F. ) ;
#6574 = AXIS2_PLACEMENT_3D ( 'NONE', #7440, #8166, #6923 ) ;
#6575 = B_SPLINE_SURFACE_WITH_KNOTS ( 'NONE', 1, 3, ( 
 ( #477, #5146, #7774, #1878, #7129, #6953, #1224, #6484, #1045, #3683, #4710, #1264, #739, #7988, #610, #656, #2049, #1431, #695, #6007, #3944, #3253, #5310, #3213 ),
 ( #6565, #6608, #2642, #7896, #5266, #3383, #1919, #3298, #3900, #6694, #5913, #3341, #3988, #7335, #8456, #104, #5956, #5872, #1304, #2004, #4026, #14, #8497, #4628 ) ),
 .UNSPECIFIED., .F., .F., .F.,
 ( 2, 2 ),
 ( 4, 3, 2, 2, 2, 2, 2, 2, 2, 3, 4 ),
 ( 0.000000000000000000, 1.000000000000000000 ),
 ( -0.3482174205388913757, -0.07853981633974485566, 0.1276272015520854008, 0.3337942194439156851, 0.5399612373357459694, 0.7461282552275761981, 0.9522952731194065379, 1.158462291011236767, 1.364629308903066995, 1.570796326794897224, 1.871834554187218114 ),
 .UNSPECIFIED. ) ;
#6576 = CARTESIAN_POINT ( 'NONE',  ( -18.49392457323683203, 17.93424492632994571, 0.2112259560849699125 ) ) ;
#6577 = CARTESIAN_POINT ( 'NONE',  ( 18.54316852003774940, -0.02147833226613560589, 10.53247264180567555 ) ) ;
#6578 = AXIS2_PLACEMENT_3D ( 'NONE', #2713, #6630, #4648 ) ;
#6579 = CARTESIAN_POINT ( 'NONE',  ( -7.981989761617088952, 23.18305502857821310, 6.213732533963026050 ) ) ;
#6580 = ORIENTED_EDGE ( 'NONE', *, *, #8396, .T. ) ;
#6581 = VECTOR ( 'NONE', #7803, 1000.000000000000000 ) ;
#6582 = CARTESIAN_POINT ( 'NONE',  ( 5.015590671336905615, 6.613867084898560122, 6.756752096230882465 ) ) ;
#6583 = ORIENTED_EDGE ( 'NONE', *, *, #6872, .F. ) ;
#6584 = VECTOR ( 'NONE', #24, 1000.000000000000114 ) ;
#6585 = DIRECTION ( 'NONE',  ( -0.6427876096865406952, -0.7660444431189769032, 0.000000000000000000 ) ) ;
#6586 = VERTEX_POINT ( 'NONE', #836 ) ;
#6587 = EDGE_CURVE ( 'NONE', #2127, #2848, #4292, .T. ) ;
#6588 = DIRECTION ( 'NONE',  ( -0.000000000000000000, 1.000000000000000000, 0.000000000000000000 ) ) ;
#6589 = CARTESIAN_POINT ( 'NONE',  ( 10.93401483852293588, 18.34584124333168376, 10.50000000000000000 ) ) ;
#6590 = EDGE_LOOP ( 'NONE', ( #8441, #6423, #1471, #1420 ) ) ;
#6591 = VECTOR ( 'NONE', #6240, 1000.000000000000000 ) ;
#6592 = AXIS2_PLACEMENT_3D ( 'NONE', #6662, #5928, #7351 ) ;
#6593 = VERTEX_POINT ( 'NONE', #877 ) ;
#6594 = ORIENTED_EDGE ( 'NONE', *, *, #637, .T. ) ;
#6595 = CARTESIAN_POINT ( 'NONE',  ( 40.55398619658021175, 19.42496724618017723, -2.973425170696928355 ) ) ;
#6596 = FACE_OUTER_BOUND ( 'NONE', #856, .T. ) ;
#6597 = ORIENTED_EDGE ( 'NONE', *, *, #7500, .F. ) ;
#6598 = DIRECTION ( 'NONE',  ( -1.000000000000000000, 0.000000000000000000, -0.000000000000000000 ) ) ;
#6599 = DIRECTION ( 'NONE',  ( -0.4247908136477128727, 0.5652899827880555339, 0.7071067811865432429 ) ) ;
#6600 = CARTESIAN_POINT ( 'NONE',  ( 41.41737049976098461, 18.16526821695732252, 4.971889517189334917 ) ) ;
#6601 = CARTESIAN_POINT ( 'NONE',  ( -16.29765224485421626, 21.99512840469105512, 13.72913495851739540 ) ) ;
#6602 = VERTEX_POINT ( 'NONE', #6833 ) ;
#6603 = ADVANCED_FACE ( 'NONE', ( #2235 ), #7396, .F. ) ;
#6604 = ADVANCED_FACE ( 'NONE', ( #362, #7437 ), #8162, .T. ) ;
#6605 = EDGE_LOOP ( 'NONE', ( #6982, #2195, #6687, #7634, #5243 ) ) ;
#6606 = CARTESIAN_POINT ( 'NONE',  ( -2.420544469007843258, 23.97753038681938165, 0.4701555486771857306 ) ) ;
#6607 = CARTESIAN_POINT ( 'NONE',  ( 18.71644172404391071, 11.06284411194225292, 17.00000000000000000 ) ) ;
#6608 = CARTESIAN_POINT ( 'NONE',  ( 16.43636062086965310, -2.017371897560863214, 11.32211258193677494 ) ) ;
#6609 = CARTESIAN_POINT ( 'NONE',  ( 44.52722687394562939, 21.38378827298503992, 8.500000000000001776 ) ) ;
#6610 = EDGE_CURVE ( 'NONE', #6196, #1697, #6145, .T. ) ;
#6611 = EDGE_CURVE ( 'NONE', #7713, #170, #6275, .T. ) ;
#6612 = CARTESIAN_POINT ( 'NONE',  ( -1.032284702174481650, 24.17584901040675405, 11.82154364644706135 ) ) ;
#6613 = EDGE_CURVE ( 'NONE', #6886, #3157, #3479, .T. ) ;
#6614 = CARTESIAN_POINT ( 'NONE',  ( 25.79255497991286816, 5.878045690858535011, 10.35355339059327662 ) ) ;
#6615 = CARTESIAN_POINT ( 'NONE',  ( -0.6571556738766500816, 24.22943773662144196, 10.78626746603697484 ) ) ;
#6616 = LINE ( 'NONE', #2570, #6417 ) ;
#6617 = LINE ( 'NONE', #1439, #4793 ) ;
#6618 = CARTESIAN_POINT ( 'NONE',  ( 18.94894030835023813, 0.3610029564876388042, 10.51287030004881906 ) ) ;
#6619 = DIRECTION ( 'NONE',  ( -0.9095037383516637597, -0.4156957420089222310, 0.000000000000000000 ) ) ;
#6620 = AXIS2_PLACEMENT_3D ( 'NONE', #6642, #7120, #5221 ) ;
#6621 = EDGE_CURVE ( 'NONE', #7029, #6938, #823, .T. ) ;
#6622 = ADVANCED_FACE ( 'NONE', ( #2837 ), #2150, .F. ) ;
#6623 = DIRECTION ( 'NONE',  ( 1.000000000000000000, 3.321706335932480921E-12, 0.000000000000000000 ) ) ;
#6624 = VERTEX_POINT ( 'NONE', #5494 ) ;
#6625 = DIRECTION ( 'NONE',  ( 0.000000000000000000, 0.5024884233809527867, 0.8645839371444072885 ) ) ;
#6626 = ORIENTED_EDGE ( 'NONE', *, *, #3562, .F. ) ;
#6627 = DIRECTION ( 'NONE',  ( 0.000000000000000000, -0.000000000000000000, 1.000000000000000000 ) ) ;
#6628 = ORIENTED_EDGE ( 'NONE', *, *, #398, .T. ) ;
#6629 = CARTESIAN_POINT ( 'NONE',  ( 43.81940717414980924, 17.96799519209274365, -1.972731940941842010 ) ) ;
#6630 = DIRECTION ( 'NONE',  ( 0.000000000000000000, 0.000000000000000000, -1.000000000000000000 ) ) ;
#6631 = EDGE_LOOP ( 'NONE', ( #5466, #1984, #2660, #7457 ) ) ;
#6632 = VECTOR ( 'NONE', #2959, 1000.000000000000000 ) ;
#6633 = EDGE_CURVE ( 'NONE', #593, #1186, #302, .T. ) ;
#6634 = VERTEX_POINT ( 'NONE', #1838 ) ;
#6635 = VERTEX_POINT ( 'NONE', #8246 ) ;
#6636 = CARTESIAN_POINT ( 'NONE',  ( -26.40456643708022000, 19.57004064862751136, 14.24779095251050087 ) ) ;
#6637 = PLANE ( 'NONE',  #2595 ) ;
#6638 = ORIENTED_EDGE ( 'NONE', *, *, #234, .T. ) ;
#6639 = DIRECTION ( 'NONE',  ( -2.428613895061002933E-15, -3.469374942647016957E-16, 1.000000000000000000 ) ) ;
#6640 = PLANE ( 'NONE',  #3814 ) ;
#6641 = CARTESIAN_POINT ( 'NONE',  ( 41.49110017936049388, 18.18734951562635160, 6.324482872645497800 ) ) ;
#6642 = CARTESIAN_POINT ( 'NONE',  ( -2.291202591332318850, 23.83886037764277432, 6.472378408709364983 ) ) ;
#6643 = ORIENTED_EDGE ( 'NONE', *, *, #7298, .T. ) ;
#6644 = ORIENTED_EDGE ( 'NONE', *, *, #8292, .T. ) ;
#6645 = CARTESIAN_POINT ( 'NONE',  ( 5.816809109838489533, 17.60005047357135410, 20.39784335950369965 ) ) ;
#6646 = CARTESIAN_POINT ( 'NONE',  ( -45.83354481897935528, 9.997809848797796661, 15.92076849537466998 ) ) ;
#6647 = DIRECTION ( 'NONE',  ( -0.7071067811865516806, 0.000000000000000000, 0.7071067811865434649 ) ) ;
#6648 = DIRECTION ( 'NONE',  ( -0.6007449298320932662, 0.7994407603325173195, 0.000000000000000000 ) ) ;
#6649 = FILL_AREA_STYLE_COLOUR ( '', #658 ) ;
#6650 = PLANE ( 'NONE',  #84 ) ;
#6651 = DIRECTION ( 'NONE',  ( -0.000000000000000000, -0.000000000000000000, -1.000000000000000000 ) ) ;
#6652 = CARTESIAN_POINT ( 'NONE',  ( 3.467932343692218033, 9.611569373792551829, 7.500000000000000888 ) ) ;
#6653 = DIRECTION ( 'NONE',  ( 0.6427876096865410283, 0.7660444431189765702, -0.000000000000000000 ) ) ;
#6654 = DIRECTION ( 'NONE',  ( 0.000000000000000000, 0.8386705679454272699, -0.5446390350150221993 ) ) ;
#6655 = AXIS2_PLACEMENT_3D ( 'NONE', #3470, #4800, #7554 ) ;
#6656 = CARTESIAN_POINT ( 'NONE',  ( 6.074901368476853136, 17.73170615800645322, 19.14281798417276903 ) ) ;
#6657 = CARTESIAN_POINT ( 'NONE',  ( 19.51747677969706629, 0.8968985261830706435, 10.49999999999999822 ) ) ;
#6658 = EDGE_CURVE ( 'NONE', #6388, #941, #1229, .T. ) ;
#6659 = FACE_OUTER_BOUND ( 'NONE', #3270, .T. ) ;
#6660 = ADVANCED_FACE ( 'NONE', ( #2356 ), #2394, .T. ) ;
#6661 = AXIS2_PLACEMENT_3D ( 'NONE', #1864, #2466, #5092 ) ;
#6662 = CARTESIAN_POINT ( 'NONE',  ( -0.9848077530122071321, -1.173648177666925640, 14.20595777215746125 ) ) ;
#6663 = ORIENTED_EDGE ( 'NONE', *, *, #8490, .F. ) ;
#6664 = DIRECTION ( 'NONE',  ( 0.5541259389504474830, -0.8324328464100182456, 0.000000000000000000 ) ) ;
#6665 = CONICAL_SURFACE ( 'NONE', #8169, 1.750000000000001554, 0.6747409422235520760 ) ;
#6666 = VERTEX_POINT ( 'NONE', #5151 ) ;
#6667 = CARTESIAN_POINT ( 'NONE',  ( 16.53273066716364070, -1.916251658593334906, 11.05251829116039453 ) ) ;
#6668 = EDGE_LOOP ( 'NONE', ( #8518, #1804, #5543, #85 ) ) ;
#6669 = CYLINDRICAL_SURFACE ( 'NONE', #105, 1.000000000000000000 ) ;
#6670 = CARTESIAN_POINT ( 'NONE',  ( -6.251284729737477619, 23.43029336823061470, 14.92607746967896531 ) ) ;
#6671 = EDGE_CURVE ( 'NONE', #3055, #3416, #4373, .T. ) ;
#6672 = AXIS2_PLACEMENT_3D ( 'NONE', #7655, #1936, #8295 ) ;
#6673 = B_SPLINE_CURVE_WITH_KNOTS ( 'NONE', 1,
 ( #2812, #4743 ),
 .UNSPECIFIED., .F., .F.,
 ( 2, 2 ),
 ( 0.1952621458756349793, 0.8046777541553215007 ),
 .UNSPECIFIED. ) ;
#6674 = ORIENTED_EDGE ( 'NONE', *, *, #6988, .F. ) ;
#6675 = DIRECTION ( 'NONE',  ( 0.6427876096865405842, 0.7660444431189771253, 0.000000000000000000 ) ) ;
#6676 = DIRECTION ( 'NONE',  ( 3.469446951953611033E-15, -1.000000000000000000, 0.000000000000000000 ) ) ;
#6677 = CARTESIAN_POINT ( 'NONE',  ( 21.68208902826260243, 2.199601982023258628, 6.646446609406728712 ) ) ;
#6678 = ORIENTED_EDGE ( 'NONE', *, *, #1567, .F. ) ;
#6679 = DIRECTION ( 'NONE',  ( -0.000000000000000000, 1.000000000000000000, -0.000000000000000000 ) ) ;
#6680 = CARTESIAN_POINT ( 'NONE',  ( 33.40483542659831784, 18.19113980308874190, 7.500000000000000888 ) ) ;
#6681 = CARTESIAN_POINT ( 'NONE',  ( 42.51513640388095183, -6.246196747414927586, 6.646446609406725159 ) ) ;
#6682 = VERTEX_POINT ( 'NONE', #4462 ) ;
#6683 = EDGE_CURVE ( 'NONE', #463, #1815, #484, .T. ) ;
#6684 = CIRCLE ( 'NONE', #1579, 0.5000000000000002220 ) ;
#6685 = PLANE ( 'NONE',  #4700 ) ;
#6686 = AXIS2_PLACEMENT_3D ( 'NONE', #4926, #7467, #6697 ) ;
#6687 = ORIENTED_EDGE ( 'NONE', *, *, #4135, .T. ) ;
#6688 = AXIS2_PLACEMENT_3D ( 'NONE', #6432, #7724, #2380 ) ;
#6689 = ORIENTED_EDGE ( 'NONE', *, *, #5937, .F. ) ;
#6690 = DIRECTION ( 'NONE',  ( 0.6427876096865401401, 0.7660444431189772363, 0.000000000000000000 ) ) ;
#6691 = CARTESIAN_POINT ( 'NONE',  ( 9.669250229670478092, 17.93223332766570977, 22.54153841233262767 ) ) ;
#6692 = VECTOR ( 'NONE', #966, 1000.000000000000000 ) ;
#6693 = CARTESIAN_POINT ( 'NONE',  ( 6.074901368506302468, 20.94140743705181862, 17.27781767454574791 ) ) ;
#6694 = CARTESIAN_POINT ( 'NONE',  ( 16.76807626099130744, -1.796558601521814680, 10.43105346611104345 ) ) ;
#6695 = CARTESIAN_POINT ( 'NONE',  ( -26.40456643708022355, 19.57004064862751136, 14.24779095251050620 ) ) ;
#6696 = CARTESIAN_POINT ( 'NONE',  ( 3.501537241493279939, 9.218888005220737369, 6.500000000000000888 ) ) ;
#6697 = DIRECTION ( 'NONE',  ( 0.6427876096865410283, 0.7660444431189765702, 0.000000000000000000 ) ) ;
#6698 = CARTESIAN_POINT ( 'NONE',  ( 5.994919238558778396, 9.999999999999998224, 1.000000000000000000 ) ) ;
#6699 = CARTESIAN_POINT ( 'NONE',  ( -18.55632466719231033, 17.93520948149182814, 0.2243507970660947315 ) ) ;
#6700 = CARTESIAN_POINT ( 'NONE',  ( 20.03856661668128325, 0.4443394666158240747, 9.803157414098834010 ) ) ;
#6701 = CARTESIAN_POINT ( 'NONE',  ( 40.49823106469034428, 19.43261010083057982, 19.44103009628145173 ) ) ;
#6702 = CARTESIAN_POINT ( 'NONE',  ( 5.877818702676679941, -7.821901807940146334, 10.50000000000000000 ) ) ;
#6703 = ORIENTED_EDGE ( 'NONE', *, *, #5763, .F. ) ;
#6704 = DIRECTION ( 'NONE',  ( -0.1139157729722579393, -0.8310231246660206850, 0.5444481269491671105 ) ) ;
#6705 = ADVANCED_FACE ( 'NONE', ( #1140, #2524 ), #8419, .F. ) ;
#6707 = ORIENTED_EDGE ( 'NONE', *, *, #3351, .F. ) ;
#6706 = ADVANCED_FACE ( 'NONE', ( #7645 ), #5060, .T. ) ;
#6708 = VECTOR ( 'NONE', #3525, 1000.000000000000000 ) ;
#6709 = CARTESIAN_POINT ( 'NONE',  ( 16.53265533261549791, -1.916341438811726139, 11.03961367673125338 ) ) ;
#6710 = VERTEX_POINT ( 'NONE', #2482 ) ;
#6711 = CYLINDRICAL_SURFACE ( 'NONE', #4785, 0.4999999999999996114 ) ;
#6712 = CARTESIAN_POINT ( 'NONE',  ( -7.005977088215654014, 23.32248245751993210, 4.799518971598280004 ) ) ;
#6713 = VECTOR ( 'NONE', #6222, 1000.000000000000000 ) ;
#6714 = VERTEX_POINT ( 'NONE', #577 ) ;
#6715 = LINE ( 'NONE', #6068, #1034 ) ;
#6716 = ADVANCED_FACE ( 'NONE', ( #7779 ), #2511, .F. ) ;
#6717 = CARTESIAN_POINT ( 'NONE',  ( -26.06256458244928353, 18.57986623873934917, 12.54409222050662720 ) ) ;
#6718 = DIRECTION ( 'NONE',  ( 0.9899499129764925964, 0.1414184209989443330, 0.000000000000000000 ) ) ;
#6719 = ORIENTED_EDGE ( 'NONE', *, *, #2050, .T. ) ;
#6720 = CARTESIAN_POINT ( 'NONE',  ( 42.53752011411569356, 18.19113980308874190, 9.771179357230307616 ) ) ;
#6721 = CIRCLE ( 'NONE', #1066, 20.14644660940672338 ) ;
#6722 = CARTESIAN_POINT ( 'NONE',  ( 2.742952667258249821, 10.15123838244610788, -15.63153632445877683 ) ) ;
#6723 = DIRECTION ( 'NONE',  ( -0.4837730939372529848, -0.8751934606602004285, 0.000000000000000000 ) ) ;
#6724 = ORIENTED_EDGE ( 'NONE', *, *, #3829, .F. ) ;
#6725 = VECTOR ( 'NONE', #510, 999.9999999999998863 ) ;
#6726 = CARTESIAN_POINT ( 'NONE',  ( 6.579886473998325158, 8.002544093717267160, -0.0002055618314386609136 ) ) ;
#6727 = VERTEX_POINT ( 'NONE', #1310 ) ;
#6728 = EDGE_CURVE ( 'NONE', #206, #7715, #2550, .T. ) ;
#6729 = ORIENTED_EDGE ( 'NONE', *, *, #8132, .F. ) ;
#6730 = ORIENTED_EDGE ( 'NONE', *, *, #494, .T. ) ;
#6731 = CARTESIAN_POINT ( 'NONE',  ( 20.01543975142931941, 0.5427251330012263786, 7.103232332843774088 ) ) ;
#6732 = DIRECTION ( 'NONE',  ( -0.000000000000000000, -0.000000000000000000, -1.000000000000000000 ) ) ;
#6733 = CARTESIAN_POINT ( 'NONE',  ( 26.73189882051180888, 6.997512087573546147, 6.646446609406726935 ) ) ;
#6734 = DIRECTION ( 'NONE',  ( -0.6427876096865406952, -0.7660444431189769032, -0.000000000000000000 ) ) ;
#6735 =( BOUNDED_CURVE ( )  B_SPLINE_CURVE ( 3, ( #3919, #6465, #6543, #552 ),
 .UNSPECIFIED., .F., .F. ) 
 B_SPLINE_CURVE_WITH_KNOTS ( ( 4, 4 ),
 ( 0.000000000000000000, 0.3014544541411552925 ),
 .UNSPECIFIED. ) 
 CURVE ( )  GEOMETRIC_REPRESENTATION_ITEM ( )  RATIONAL_B_SPLINE_CURVE ( ( 1.000000000000000000, 0.9924414273533164188, 0.9924414273533164188, 1.000000000000000000 ) ) 
 REPRESENTATION_ITEM ( '' )  );
#6736 = EDGE_CURVE ( 'NONE', #3789, #7315, #2483, .T. ) ;
#6737 = CARTESIAN_POINT ( 'NONE',  ( -28.06256458244927998, 18.20980600859293475, 4.240832102673229187 ) ) ;
#6738 = DIRECTION ( 'NONE',  ( 0.5541259389504444854, -0.8324328464100202440, 0.000000000000000000 ) ) ;
#6739 = CARTESIAN_POINT ( 'NONE',  ( 15.07490136790857171, 13.83224085954807059, 6.500000000000000888 ) ) ;
#6740 = FACE_OUTER_BOUND ( 'NONE', #7155, .T. ) ;
#6741 = CARTESIAN_POINT ( 'NONE',  ( 40.41235070371810423, 0.000000000000000000, 25.81271544900117121 ) ) ;
#6742 = FACE_OUTER_BOUND ( 'NONE', #4871, .T. ) ;
#6743 = FACE_BOUND ( 'NONE', #4726, .T. ) ;
#6744 = FACE_OUTER_BOUND ( 'NONE', #5893, .T. ) ;
#6745 = CARTESIAN_POINT ( 'NONE',  ( 3.722969608623181603, 17.39539727573669126, -4.615244319568792442 ) ) ;
#6746 = ORIENTED_EDGE ( 'NONE', *, *, #2616, .F. ) ;
#6747 = DIRECTION ( 'NONE',  ( -0.5416752204196971787, 0.4545194776720414831, -0.7071067811865525687 ) ) ;
#6748 = ORIENTED_EDGE ( 'NONE', *, *, #8181, .F. ) ;
#6749 = CARTESIAN_POINT ( 'NONE',  ( 19.52604211034805104, 0.9049780906060020946, 6.499648936521507103 ) ) ;
#6750 = DIRECTION ( 'NONE',  ( 0.6427876096865403621, 0.7660444431189770143, 0.000000000000000000 ) ) ;
#6751 = FACE_OUTER_BOUND ( 'NONE', #2588, .T. ) ;
#6752 = DIRECTION ( 'NONE',  ( 1.000000000000000000, 0.000000000000000000, 0.000000000000000000 ) ) ;
#6753 = EDGE_CURVE ( 'NONE', #3752, #6850, #616, .T. ) ;
#6754 = EDGE_LOOP ( 'NONE', ( #6854, #1252, #7145, #2721 ) ) ;
#6755 = CARTESIAN_POINT ( 'NONE',  ( 16.45636803778647561, -2.000000000000000000, 10.75927803859250886 ) ) ;
#6756 = EDGE_LOOP ( 'NONE', ( #7107, #4698, #2682, #8482, #4779, #1903 ) ) ;
#6757 = CARTESIAN_POINT ( 'NONE',  ( 16.06644172404391213, 11.06284411194225292, 16.00000000000000000 ) ) ;
#6758 = VERTEX_POINT ( 'NONE', #1398 ) ;
#6759 = CARTESIAN_POINT ( 'NONE',  ( 16.06644172404391213, 11.06284411194225292, 8.504668119422598593 ) ) ;
#6760 = VECTOR ( 'NONE', #3140, 1000.000000000000000 ) ;
#6761 = LINE ( 'NONE', #94, #7237 ) ;
#6762 = DIRECTION ( 'NONE',  ( -1.000000000000000000, 0.000000000000000000, 0.000000000000000000 ) ) ;
#6763 = EDGE_LOOP ( 'NONE', ( #7199, #8224, #1813, #4484 ) ) ;
#6764 = CYLINDRICAL_SURFACE ( 'NONE', #2781, 1.000000000000000888 ) ;
#6765 = EDGE_CURVE ( 'NONE', #5951, #8391, #3258, .T. ) ;
#6766 = ADVANCED_FACE ( 'NONE', ( #8505 ), #2008, .T. ) ;
#6767 = ORIENTED_EDGE ( 'NONE', *, *, #5732, .F. ) ;
#6768 = ORIENTED_EDGE ( 'NONE', *, *, #7569, .T. ) ;
#6769 = VERTEX_POINT ( 'NONE', #6614 ) ;
#6770 = CARTESIAN_POINT ( 'NONE',  ( 20.09349064359295411, 0.4170714529688661631, 7.249841323950565908 ) ) ;
#6771 = CARTESIAN_POINT ( 'NONE',  ( 5.048652922367745433, 17.27150741838984160, -4.961961069265803381 ) ) ;
#6772 = CARTESIAN_POINT ( 'NONE',  ( 32.40483542659831784, 18.19113980308874190, 10.50000000000000178 ) ) ;
#6773 = DIRECTION ( 'NONE',  ( 0.1414184209989449714, -0.9899499129764925964, 0.000000000000000000 ) ) ;
#6774 = B_SPLINE_CURVE_WITH_KNOTS ( 'NONE', 3,
 ( #7717, #7031, #7627, #7073 ),
 .UNSPECIFIED., .F., .F.,
 ( 4, 4 ),
 ( 0.9420790821124880310, 1.000000000000000000 ),
 .UNSPECIFIED. ) ;
#6775 = ADVANCED_FACE ( 'NONE', ( #4716 ), #5561, .T. ) ;
#6776 = CARTESIAN_POINT ( 'NONE',  ( -28.06256458244928709, 18.06726697952188943, 12.84201030863901138 ) ) ;
#6777 = DIRECTION ( 'NONE',  ( 1.000000000000000000, 0.000000000000000000, 0.000000000000000000 ) ) ;
#6778 = CARTESIAN_POINT ( 'NONE',  ( -17.42509863149369664, 21.19113980308874190, 8.500000000000000000 ) ) ;
#6779 = DIRECTION ( 'NONE',  ( -0.1358089151073380851, -0.9907350496360608494, 0.000000000000000000 ) ) ;
#6780 = PLANE ( 'NONE',  #4268 ) ;
#6781 = CARTESIAN_POINT ( 'NONE',  ( 2.215713136797052840, 18.19095508452978649, 10.00061751026879264 ) ) ;
#6782 = CARTESIAN_POINT ( 'NONE',  ( 41.82197063643222634, 19.38648642810277423, -43.69687151949392501 ) ) ;
#6783 = EDGE_CURVE ( 'NONE', #6331, #2846, #7822, .T. ) ;
#6784 = DIRECTION ( 'NONE',  ( 0.4156957420089222310, -0.9095037383516638707, -0.000000000000000000 ) ) ;
#6785 = CARTESIAN_POINT ( 'NONE',  ( -3.405194883420260332, 23.83686902100999205, 4.999999999999999112 ) ) ;
#6786 = VERTEX_POINT ( 'NONE', #3949 ) ;
#6787 = DIRECTION ( 'NONE',  ( -0.1980954986512100391, -0.5338457732117105614, 0.8220504022492292062 ) ) ;
#6788 = CARTESIAN_POINT ( 'NONE',  ( 17.11432492620640033, -1.368294831116161792, 6.290974502733711837 ) ) ;
#6789 = CARTESIAN_POINT ( 'NONE',  ( 40.14209022140575200, 18.19095845798817024, 10.02026048231235222 ) ) ;
#6790 = FACE_OUTER_BOUND ( 'NONE', #2950, .T. ) ;
#6791 = CARTESIAN_POINT ( 'NONE',  ( 19.68182634786053598, 0.3019139670276569931, 9.897947428467546160 ) ) ;
#6792 = ADVANCED_FACE ( 'NONE', ( #4589 ), #7175, .T. ) ;
#6793 = B_SPLINE_CURVE_WITH_KNOTS ( 'NONE', 3,
 ( #5008, #1832, #7086, #7639 ),
 .UNSPECIFIED., .F., .F.,
 ( 4, 4 ),
 ( 0.5000000000000000000, 1.000000000000000000 ),
 .UNSPECIFIED. ) ;
#6794 = VECTOR ( 'NONE', #2589, 1000.000000000000114 ) ;
#6795 = VERTEX_POINT ( 'NONE', #702 ) ;
#6796 = CARTESIAN_POINT ( 'NONE',  ( 40.49802578137659026, 19.43263824085059710, 19.44104784419311827 ) ) ;
#6797 = ORIENTED_EDGE ( 'NONE', *, *, #338, .T. ) ;
#6798 = DIRECTION ( 'NONE',  ( -0.7994407603325172085, -0.6007449298320933773, 1.647092537452824190E-15 ) ) ;
#6799 = VERTEX_POINT ( 'NONE', #3305 ) ;
#6800 = CARTESIAN_POINT ( 'NONE',  ( 35.64005297390860960, 20.09856402680671650, 4.037904131904597627 ) ) ;
#6801 = VECTOR ( 'NONE', #7586, 1000.000000000000000 ) ;
#6802 = CARTESIAN_POINT ( 'NONE',  ( 17.83446295513034130, -1.086696501868789300, 9.996516385939228755 ) ) ;
#6803 = DIRECTION ( 'NONE',  ( 4.710295997564994764E-17, 6.280355868556661050E-17, 1.000000000000000000 ) ) ;
#6804 = ORIENTED_EDGE ( 'NONE', *, *, #3195, .T. ) ;
#6805 = CARTESIAN_POINT ( 'NONE',  ( 43.91080635171569213, 21.05956626302953083, 2.479136091936162245 ) ) ;
#6806 = CIRCLE ( 'NONE', #1301, 2.000000000000000444 ) ;
#6807 = ORIENTED_EDGE ( 'NONE', *, *, #8006, .F. ) ;
#6808 = ORIENTED_EDGE ( 'NONE', *, *, #2147, .T. ) ;
#6809 = EDGE_CURVE ( 'NONE', #4935, #3485, #3345, .T. ) ;
#6810 = ORIENTED_EDGE ( 'NONE', *, *, #3468, .T. ) ;
#6811 = LINE ( 'NONE', #2942, #4618 ) ;
#6812 = EDGE_CURVE ( 'NONE', #7017, #4909, #20, .T. ) ;
#6813 = EDGE_CURVE ( 'NONE', #2596, #4214, #1022, .T. ) ;
#6814 = VECTOR ( 'NONE', #5640, 1000.000000000000000 ) ;
#6815 = CARTESIAN_POINT ( 'NONE',  ( 25.52171736970302263, 6.105305429694555031, 10.50000000000000000 ) ) ;
#6816 = DIRECTION ( 'NONE',  ( -1.387778780781444413E-14, 0.000000000000000000, -1.000000000000000000 ) ) ;
#6817 = LINE ( 'NONE', #2224, #2193 ) ;
#6818 = AXIS2_PLACEMENT_3D ( 'NONE', #7633, #6387, #1082 ) ;
#6819 = CARTESIAN_POINT ( 'NONE',  ( -7.981989761617092505, 23.18305502857821665, 10.78626746603696596 ) ) ;
#6820 = AXIS2_PLACEMENT_3D ( 'NONE', #2953, #4801, #5487 ) ;
#6821 = CARTESIAN_POINT ( 'NONE',  ( 47.40483542659831784, -79.68479775699100287, 7.396621531801624627 ) ) ;
#6822 = ADVANCED_FACE ( 'NONE', ( #4196 ), #305, .T. ) ;
#6823 = DIRECTION ( 'NONE',  ( -0.000000000000000000, 0.000000000000000000, 1.000000000000000000 ) ) ;
#6824 = FACE_OUTER_BOUND ( 'NONE', #4866, .T. ) ;
#6825 = CARTESIAN_POINT ( 'NONE',  ( -4.794407181312115185, 18.19113980308873835, 6.000000000000000888 ) ) ;
#6826 = VECTOR ( 'NONE', #6283, 1000.000000000000114 ) ;
#6827 = CARTESIAN_POINT ( 'NONE',  ( 2.064124102336455380, 18.19113980295806243, 9.906260729055837544 ) ) ;
#6828 = CARTESIAN_POINT ( 'NONE',  ( 40.35691214037392882, 19.96819115591995342, -9.601594615929043286 ) ) ;
#6829 = LINE ( 'NONE', #3602, #5521 ) ;
#6830 = LINE ( 'NONE', #921, #2746 ) ;
#6831 = ORIENTED_EDGE ( 'NONE', *, *, #7168, .F. ) ;
#6832 = VECTOR ( 'NONE', #4950, 1000.000000000000000 ) ;
#6833 = CARTESIAN_POINT ( 'NONE',  ( 11.20325691286040026, 4.178119462962518682, 7.192863038747971061 ) ) ;
#6834 = EDGE_CURVE ( 'NONE', #5765, #2021, #2290, .T. ) ;
#6835 = CARTESIAN_POINT ( 'NONE',  ( 19.05578176992820971, 0.4617075686029551984, 6.490746502779504823 ) ) ;
#6836 = DIRECTION ( 'NONE',  ( 0.7660444431189771253, -0.6427876096865404731, 0.000000000000000000 ) ) ;
#6837 = LINE ( 'NONE', #1665, #7951 ) ;
#6838 = CARTESIAN_POINT ( 'NONE',  ( 44.01750267280102236, 18.50184096530445998, 19.79478234319106988 ) ) ;
#6839 = ORIENTED_EDGE ( 'NONE', *, *, #4031, .T. ) ;
#6840 = DIRECTION ( 'NONE',  ( 0.9871205706931481805, -0.1353134461481059758, -0.08534196040610474154 ) ) ;
#6841 = EDGE_CURVE ( 'NONE', #7238, #2534, #2306, .T. ) ;
#6842 = ORIENTED_EDGE ( 'NONE', *, *, #7708, .T. ) ;
#6843 =( NAMED_UNIT ( * ) PLANE_ANGLE_UNIT ( ) SI_UNIT ( $, .RADIAN. ) );
#6844 = DIRECTION ( 'NONE',  ( -0.9871205706931481805, 0.1353134461481060313, 0.08534196040610472767 ) ) ;
#6845 = ORIENTED_EDGE ( 'NONE', *, *, #1131, .T. ) ;
#6846 = CARTESIAN_POINT ( 'NONE',  ( 19.12402157324911300, 14.01474273244640223, 1.000000000000000888 ) ) ;
#6847 = CARTESIAN_POINT ( 'NONE',  ( 5.994919238558778396, 9.999999999999998224, 1.000000000000000000 ) ) ;
#6848 = ORIENTED_EDGE ( 'NONE', *, *, #1361, .T. ) ;
#6849 = AXIS2_PLACEMENT_3D ( 'NONE', #4302, #3020, #4264 ) ;
#6850 = VERTEX_POINT ( 'NONE', #6176 ) ;
#6851 = AXIS2_PLACEMENT_3D ( 'NONE', #6589, #124, #3321 ) ;
#6852 = VERTEX_POINT ( 'NONE', #1603 ) ;
#6853 = AXIS2_PLACEMENT_3D ( 'NONE', #6365, #7057, #7744 ) ;
#6854 = ORIENTED_EDGE ( 'NONE', *, *, #7866, .T. ) ;
#6855 = CARTESIAN_POINT ( 'NONE',  ( 52.16712193127420960, 18.19522307414349171, 10.25000000000000355 ) ) ;
#6856 = AXIS2_PLACEMENT_3D ( 'NONE', #7009, #3047, #5705 ) ;
#6857 = CARTESIAN_POINT ( 'NONE',  ( 3.319993203488394329, 17.02368865960622912, -4.747865087055771482 ) ) ;
#6858 = CARTESIAN_POINT ( 'NONE',  ( -16.89616088288932616, 18.19041080709515867, 10.17163093299566867 ) ) ;
#6859 = CARTESIAN_POINT ( 'NONE',  ( 20.55215765794530469, 1.872163087572065621, 10.50000000000000000 ) ) ;
#6860 = AXIS2_PLACEMENT_3D ( 'NONE', #3427, #908, #6773 ) ;
#6861 = VECTOR ( 'NONE', #2018, 1000.000000000000000 ) ;
#6862 = EDGE_CURVE ( 'NONE', #5172, #7870, #7429, .T. ) ;
#6863 = EDGE_CURVE ( 'NONE', #5974, #4271, #2183, .T. ) ;
#6864 = ORIENTED_EDGE ( 'NONE', *, *, #233, .T. ) ;
#6865 = CARTESIAN_POINT ( 'NONE',  ( -26.40456505033026957, 19.05744144019435637, 14.54570928951220132 ) ) ;
#6866 = DIRECTION ( 'NONE',  ( -2.040851148208008245E-16, -2.432191687826903345E-16, 1.000000000000000000 ) ) ;
#6867 = CARTESIAN_POINT ( 'NONE',  ( 5.377747213125708470, 5.802784280098814307, 6.500000000000000888 ) ) ;
#6868 = CARTESIAN_POINT ( 'NONE',  ( 38.62215135517117659, 18.68042953523025673, 19.59148600373796256 ) ) ;
#6869 = CARTESIAN_POINT ( 'NONE',  ( 0.08402179229642407765, 17.55679014690555206, -3.773041624628278079 ) ) ;
#6870 = CARTESIAN_POINT ( 'NONE',  ( 38.92452401857825350, 20.37219528739279184, 20.10955528915192048 ) ) ;
#6871 = CARTESIAN_POINT ( 'NONE',  ( 5.014918380181803137, 6.615337995608089550, 10.24363464155531389 ) ) ;
#6872 = EDGE_CURVE ( 'NONE', #4297, #1688, #2967, .T. ) ;
#6873 = EDGE_CURVE ( 'NONE', #2855, #5767, #5171, .T. ) ;
#6874 = ADVANCED_FACE ( 'NONE', ( #6050 ), #3432, .F. ) ;
#6875 = ADVANCED_FACE ( 'NONE', ( #8113 ), #5485, .T. ) ;
#6876 = CARTESIAN_POINT ( 'NONE',  ( 6.074901368506300692, 22.88512733511170438, 0.8515894354426117863 ) ) ;
#6877 = ORIENTED_EDGE ( 'NONE', *, *, #5829, .F. ) ;
#6878 = CARTESIAN_POINT ( 'NONE',  ( 20.06455229590677192, 0.3978080503383308875, 9.542893218813446765 ) ) ;
#6879 = CARTESIAN_POINT ( 'NONE',  ( 28.57324117608479241, 12.43306999708174132, 7.500000000000000888 ) ) ;
#6880 = CARTESIAN_POINT ( 'NONE',  ( 27.19424754150141155, 6.609555446315888538, 9.542893218813450318 ) ) ;
#6881 = CARTESIAN_POINT ( 'NONE',  ( -1.432409803133189774, 24.11868949229635462, 11.77624112130531131 ) ) ;
#6882 = CARTESIAN_POINT ( 'NONE',  ( 19.22296697803889387, -0.02804822158203692725, 9.915418034079875653 ) ) ;
#6883 = AXIS2_PLACEMENT_3D ( 'NONE', #6741, #6094, #8074 ) ;
#6884 = ADVANCED_FACE ( 'NONE', ( #2783 ), #148, .F. ) ;
#6885 = ADVANCED_FACE ( 'NONE', ( #2226 ), #5401, .T. ) ;
#6886 = VERTEX_POINT ( 'NONE', #2139 ) ;
#6887 = CARTESIAN_POINT ( 'NONE',  ( 40.55398619657997727, 19.42496724617715387, 19.97342517068969059 ) ) ;
#6888 = ORIENTED_EDGE ( 'NONE', *, *, #6079, .F. ) ;
#6889 = CARTESIAN_POINT ( 'NONE',  ( 52.16712193127420960, 18.61110936274822691, 6.749999999999992006 ) ) ;
#6890 = ORIENTED_EDGE ( 'NONE', *, *, #516, .T. ) ;
#6891 = CARTESIAN_POINT ( 'NONE',  ( 22.00113461188209740, 18.18854554773241716, 10.50000000000000000 ) ) ;
#6892 = CARTESIAN_POINT ( 'NONE',  ( 19.45315282303547022, -0.009182505651828562140, 9.749947600842553186 ) ) ;
#6893 = DIRECTION ( 'NONE',  ( 0.8209086180667705124, 0.000000000000000000, -0.5710595772629201150 ) ) ;
#6894 = ORIENTED_EDGE ( 'NONE', *, *, #4234, .T. ) ;
#6895 = EDGE_CURVE ( 'NONE', #7540, #8418, #885, .T. ) ;
#6896 = ORIENTED_EDGE ( 'NONE', *, *, #6048, .T. ) ;
#6897 = VECTOR ( 'NONE', #3631, 1000.000000000000000 ) ;
#6898 = EDGE_LOOP ( 'NONE', ( #1661, #2706, #7654, #977 ) ) ;
#6899 = ORIENTED_EDGE ( 'NONE', *, *, #428, .F. ) ;
#6900 = CARTESIAN_POINT ( 'NONE',  ( 17.02494977078594829, -1.625565499291028670, 6.805380188069034553 ) ) ;
#6901 = CARTESIAN_POINT ( 'NONE',  ( -46.39728004983210496, 17.69527264326428906, 5.665763997747777836 ) ) ;
#6902 = CARTESIAN_POINT ( 'NONE',  ( 1.467932343692218700, 18.19113980308874190, 6.500000000000000888 ) ) ;
#6903 = CARTESIAN_POINT ( 'NONE',  ( 5.337514757498614593, 5.836819177731407571, 9.500000000000001776 ) ) ;
#6904 = ADVANCED_FACE ( 'NONE', ( #2826 ), #4756, .T. ) ;
#6905 = VERTEX_POINT ( 'NONE', #2264 ) ;
#6906 = CARTESIAN_POINT ( 'NONE',  ( 38.30051488798554971, 3.588001709406294371, 28.10485017516100470 ) ) ;
#6907 = ORIENTED_EDGE ( 'NONE', *, *, #3184, .T. ) ;
#6908 = DIRECTION ( 'NONE',  ( -1.000000000000000000, 0.000000000000000000, -0.000000000000000000 ) ) ;
#6909 = CARTESIAN_POINT ( 'NONE',  ( 43.68485771299055642, 21.45163648221143049, 17.28803869061415099 ) ) ;
#6910 = CARTESIAN_POINT ( 'NONE',  ( 6.074901368261381940, 18.18953060500902197, 10.49992181147148251 ) ) ;
#6911 = CARTESIAN_POINT ( 'NONE',  ( 5.074901367908572603, 9.320420340454845132, 6.500000000000000888 ) ) ;
#6912 =( BOUNDED_CURVE ( )  B_SPLINE_CURVE ( 3, ( #7030, #1117, #3161, #1818 ),
 .UNSPECIFIED., .F., .F. ) 
 B_SPLINE_CURVE_WITH_KNOTS ( ( 4, 4 ),
 ( 5.759586531581282642, 6.283185307179586232 ),
 .UNSPECIFIED. ) 
 CURVE ( )  GEOMETRIC_REPRESENTATION_ITEM ( )  RATIONAL_B_SPLINE_CURVE ( ( 1.000000000000000000, 0.9772838841927118381, 0.9772838841927118381, 1.000000000000000000 ) ) 
 REPRESENTATION_ITEM ( '' )  );
#6913 = CARTESIAN_POINT ( 'NONE',  ( 1.898788498857842288, 18.19125501892943930, 9.797512039259736127 ) ) ;
#6914 = DIRECTION ( 'NONE',  ( -0.000000000000000000, 1.000000000000000000, -0.000000000000000000 ) ) ;
#6915 = LINE ( 'NONE', #3476, #1674 ) ;
#6916 = CARTESIAN_POINT ( 'NONE',  ( 4.209964046116871472, 6.782670704831026853, 9.500000000000001776 ) ) ;
#6917 = ORIENTED_EDGE ( 'NONE', *, *, #2242, .F. ) ;
#6918 = FACE_OUTER_BOUND ( 'NONE', #2469, .T. ) ;
#6919 = CARTESIAN_POINT ( 'NONE',  ( 19.36296275516101062, 0.7512549636379749485, 6.497828676096592204 ) ) ;
#6920 = CARTESIAN_POINT ( 'NONE',  ( 10.93401483852293588, 18.34584124333168376, 9.542893218813446765 ) ) ;
#6921 = EDGE_CURVE ( 'NONE', #7838, #3663, #7823, .T. ) ;
#6922 = EDGE_CURVE ( 'NONE', #3478, #4093, #7913, .T. ) ;
#6923 = DIRECTION ( 'NONE',  ( 1.000000000000000000, 0.000000000000000000, 0.000000000000000000 ) ) ;
#6924 = CARTESIAN_POINT ( 'NONE',  ( -7.981989761617092505, 23.18305502857821665, 6.213732533963024274 ) ) ;
#6925 = ORIENTED_EDGE ( 'NONE', *, *, #8454, .F. ) ;
#6926 = CARTESIAN_POINT ( 'NONE',  ( 38.41235070371810423, 18.18997571433710192, 25.81271544900117121 ) ) ;
#6927 = ORIENTED_EDGE ( 'NONE', *, *, #1768, .F. ) ;
#6928 = CARTESIAN_POINT ( 'NONE',  ( 11.02839657629946579, -9.253923499649687301, 6.000000000000000000 ) ) ;
#6929 = ORIENTED_EDGE ( 'NONE', *, *, #2788, .T. ) ;
#6930 = EDGE_CURVE ( 'NONE', #5511, #100, #4634, .T. ) ;
#6931 = LINE ( 'NONE', #2934, #507 ) ;
#6932 = CARTESIAN_POINT ( 'NONE',  ( 10.93401483852293588, 18.34584124333168376, 9.896446609406723383 ) ) ;
#6933 = VERTEX_POINT ( 'NONE', #8319 ) ;
#6934 = VECTOR ( 'NONE', #171, 1000.000000000000000 ) ;
#6935 = B_SPLINE_CURVE_WITH_KNOTS ( 'NONE', 3,
 ( #4255, #2923, #319, #2239 ),
 .UNSPECIFIED., .F., .F.,
 ( 4, 4 ),
 ( 0.000000000000000000, 1.000000000000000000 ),
 .UNSPECIFIED. ) ;
#6936 = EDGE_LOOP ( 'NONE', ( #3440, #6848, #8104, #3658 ) ) ;
#6937 = AXIS2_PLACEMENT_3D ( 'NONE', #7239, #4653, #3 ) ;
#6938 = VERTEX_POINT ( 'NONE', #1785 ) ;
#6939 = ORIENTED_EDGE ( 'NONE', *, *, #7101, .T. ) ;
#6940 = CARTESIAN_POINT ( 'NONE',  ( 17.51416727288149389, -1.299907869529174143, 6.918008009177980533 ) ) ;
#6941 = EDGE_CURVE ( 'NONE', #4787, #2991, #2838, .T. ) ;
#6942 = CARTESIAN_POINT ( 'NONE',  ( 6.579886473998325158, 8.002544093717265383, 0.000000000000000000 ) ) ;
#6943 = FACE_OUTER_BOUND ( 'NONE', #6376, .T. ) ;
#6944 = CARTESIAN_POINT ( 'NONE',  ( 5.165999994093784409, 7.501606223921334582, 10.50000000000000178 ) ) ;
#6945 = ORIENTED_EDGE ( 'NONE', *, *, #3563, .F. ) ;
#6946 = VECTOR ( 'NONE', #5844, 1000.000000000000000 ) ;
#6947 = FACE_OUTER_BOUND ( 'NONE', #4043, .T. ) ;
#6948 = ORIENTED_EDGE ( 'NONE', *, *, #5074, .F. ) ;
#6949 = CARTESIAN_POINT ( 'NONE',  ( 50.64925309331180614, 18.19714614882336079, 7.621617017033447183 ) ) ;
#6950 = DIRECTION ( 'NONE',  ( 0.000000000000000000, 0.000000000000000000, -1.000000000000000000 ) ) ;
#6951 = LINE ( 'NONE', #2433, #6057 ) ;
#6952 = CARTESIAN_POINT ( 'NONE',  ( -28.06256458244928709, 17.55466770190748349, 3.860071634882423552 ) ) ;
#6953 = CARTESIAN_POINT ( 'NONE',  ( 16.52979453515968089, -1.919273348213899499, 10.97044143129387450 ) ) ;
#6954 = CARTESIAN_POINT ( 'NONE',  ( 5.076911871750183103, 6.479701984369598655, 10.20271261681493513 ) ) ;
#6955 = VECTOR ( 'NONE', #7465, 1000.000000000000000 ) ;
#6956 = VECTOR ( 'NONE', #1992, 1000.000000000000000 ) ;
#6957 = CARTESIAN_POINT ( 'NONE',  ( 1.467932343692218700, 18.19113980308874190, 9.500000000000001776 ) ) ;
#6958 = ORIENTED_EDGE ( 'NONE', *, *, #920, .T. ) ;
#6959 = CARTESIAN_POINT ( 'NONE',  ( 42.11667794606429283, 21.19838735085778936, -3.729235774815504278 ) ) ;
#6960 = VECTOR ( 'NONE', #575, 1000.000000000000000 ) ;
#6961 = CARTESIAN_POINT ( 'NONE',  ( 16.66002381964328904, -1.868485917672393359, 6.490699878477264484 ) ) ;
#6962 = CARTESIAN_POINT ( 'NONE',  ( 3.722964681832331646, 17.46002903365550551, 21.57770320692674204 ) ) ;
#6963 = CARTESIAN_POINT ( 'NONE',  ( -1.462380825565098519, 24.29977437553532837, 11.41329535598319822 ) ) ;
#6964 = CARTESIAN_POINT ( 'NONE',  ( 17.00133912018188198, -1.474796320007264017, 10.73613645200565969 ) ) ;
#6965 = VECTOR ( 'NONE', #3775, 1000.000000000000114 ) ;
#6966 = CARTESIAN_POINT ( 'NONE',  ( -6.384071361585120563, 23.15878622197761771, -1.112112168328582265E-15 ) ) ;
#6967 = EDGE_CURVE ( 'NONE', #1513, #97, #2430, .T. ) ;
#6968 = EDGE_CURVE ( 'NONE', #4021, #5767, #513, .T. ) ;
#6969 = CARTESIAN_POINT ( 'NONE',  ( 5.965795760768871858, -7.938977196712379225, 10.35355339059327662 ) ) ;
#6970 = ORIENTED_EDGE ( 'NONE', *, *, #7979, .F. ) ;
#6971 = DIRECTION ( 'NONE',  ( -0.000000000000000000, -1.000000000000000000, -0.000000000000000000 ) ) ;
#6972 = ORIENTED_EDGE ( 'NONE', *, *, #5020, .F. ) ;
#6973 = LINE ( 'NONE', #7795, #4351 ) ;
#6974 = ORIENTED_EDGE ( 'NONE', *, *, #3197, .F. ) ;
#6975 = LINE ( 'NONE', #8218, #4514 ) ;
#6976 = DIRECTION ( 'NONE',  ( 1.000000000000000000, 0.000000000000000000, -0.000000000000000000 ) ) ;
#6977 = ORIENTED_EDGE ( 'NONE', *, *, #491, .F. ) ;
#6978 = ADVANCED_FACE ( 'NONE', ( #2515 ), #7767, .T. ) ;
#6979 = ADVANCED_FACE ( 'NONE', ( #1735 ), #3246, .T. ) ;
#6980 = EDGE_LOOP ( 'NONE', ( #2899, #7165, #2576, #7410 ) ) ;
#6981 = ORIENTED_EDGE ( 'NONE', *, *, #5978, .F. ) ;
#6982 = ORIENTED_EDGE ( 'NONE', *, *, #2557, .F. ) ;
#6983 = CARTESIAN_POINT ( 'NONE',  ( 17.06545355003997244, -1.564919488691906446, 6.653723070025834296 ) ) ;
#6984 = VECTOR ( 'NONE', #1326, 1000.000000000000114 ) ;
#6985 = CYLINDRICAL_SURFACE ( 'NONE', #6393, 4.249999999999998224 ) ;
#6986 = CARTESIAN_POINT ( 'NONE',  ( -1.292282441426674255, 23.15758578543107760, 17.22976131525788546 ) ) ;
#6987 = CARTESIAN_POINT ( 'NONE',  ( 3.657790181011804087, 8.429186456618461776, 10.50000000000000178 ) ) ;
#6988 = EDGE_CURVE ( 'NONE', #6241, #7356, #6389, .T. ) ;
#6989 = CIRCLE ( 'NONE', #3283, 3.000000000000000000 ) ;
#6990 = CIRCLE ( 'NONE', #3012, 1.750000000000008438 ) ;
#6991 = VERTEX_POINT ( 'NONE', #4319 ) ;
#6992 = VECTOR ( 'NONE', #4697, 1000.000000000000000 ) ;
#6993 = CARTESIAN_POINT ( 'NONE',  ( 4.467932343692218922, 9.999999999999998224, 6.500000000000000888 ) ) ;
#6994 = AXIS2_PLACEMENT_3D ( 'NONE', #5879, #65, #5922 ) ;
#6995 = ORIENTED_EDGE ( 'NONE', *, *, #3363, .F. ) ;
#6996 = CARTESIAN_POINT ( 'NONE',  ( 16.44402492952742989, -2.000000000000000444, 10.86413820174535694 ) ) ;
#6997 = CARTESIAN_POINT ( 'NONE',  ( 50.59449080944352772, 18.19686950176288676, 7.723795922433734695 ) ) ;
#6998 = CARTESIAN_POINT ( 'NONE',  ( 6.074901367908570826, 18.19113980308874190, 10.03127292447111607 ) ) ;
#6999 = DIRECTION ( 'NONE',  ( -0.7994407603325167644, -0.6007449298320939324, 0.000000000000000000 ) ) ;
#7000 = CARTESIAN_POINT ( 'NONE',  ( 40.29582029731793114, 18.19111906289239400, 7.133469593599834013 ) ) ;
#7001 = FACE_OUTER_BOUND ( 'NONE', #4911, .T. ) ;
#7002 = AXIS2_PLACEMENT_3D ( 'NONE', #8000, #6623, #3314 ) ;
#7003 = CARTESIAN_POINT ( 'NONE',  ( -7.981989761617088952, 23.18305502857821310, 10.78626746603696951 ) ) ;
#7004 = EDGE_CURVE ( 'NONE', #369, #1784, #1174, .T. ) ;
#7005 = FACE_OUTER_BOUND ( 'NONE', #2932, .T. ) ;
#7006 = EDGE_LOOP ( 'NONE', ( #430, #10, #6284, #1059 ) ) ;
#7007 = CARTESIAN_POINT ( 'NONE',  ( 2.228555572759367998, 18.19113980295860955, 6.984398413667864958 ) ) ;
#7008 = CARTESIAN_POINT ( 'NONE',  ( 18.80455814998230224, 0.2249055800097615743, 6.482377266508010827 ) ) ;
#7009 = CARTESIAN_POINT ( 'NONE',  ( 86.10117280021606234, -79.68479775699100287, 7.396621531801624627 ) ) ;
#7010 = CARTESIAN_POINT ( 'NONE',  ( 41.70968314084352357, 18.13348814084742244, 13.11781448074064826 ) ) ;
#7011 = DIRECTION ( 'NONE',  ( 0.6427876096865403621, 0.7660444431189771253, -0.000000000000000000 ) ) ;
#7012 = CARTESIAN_POINT ( 'NONE',  ( 42.28052692726873829, 17.55116836987546591, -3.830728096522200588 ) ) ;
#7013 =( BOUNDED_CURVE ( )  B_SPLINE_CURVE ( 3, ( #2082, #3413, #6156, #4699 ),
 .UNSPECIFIED., .F., .F. ) 
 B_SPLINE_CURVE_WITH_KNOTS ( ( 4, 4 ),
 ( 3.665191429188091377, 4.712388980384690562 ),
 .UNSPECIFIED. ) 
 CURVE ( )  GEOMETRIC_REPRESENTATION_ITEM ( )  RATIONAL_B_SPLINE_CURVE ( ( 1.000000000000000000, 0.9106836025229588794, 0.9106836025229588794, 1.000000000000000000 ) ) 
 REPRESENTATION_ITEM ( '' )  );
#7014 = CARTESIAN_POINT ( 'NONE',  ( -1.584362491381492211, 24.55872980770757508, 10.62205390366387370 ) ) ;
#7015 = ORIENTED_EDGE ( 'NONE', *, *, #2938, .F. ) ;
#7016 = CARTESIAN_POINT ( 'NONE',  ( -28.06256458244927998, 18.19113980285799670, 9.796909386706674994 ) ) ;
#7017 = VERTEX_POINT ( 'NONE', #6304 ) ;
#7018 = EDGE_CURVE ( 'NONE', #8233, #3784, #394, .T. ) ;
#7019 = AXIS2_PLACEMENT_3D ( 'NONE', #6352, #3077, #8322 ) ;
#7020 = LINE ( 'NONE', #4480, #7108 ) ;
#7021 = ORIENTED_EDGE ( 'NONE', *, *, #3573, .F. ) ;
#7022 = DIRECTION ( 'NONE',  ( 1.000000000000000000, 0.000000000000000000, 0.000000000000000000 ) ) ;
#7023 = FACE_OUTER_BOUND ( 'NONE', #5593, .T. ) ;
#7024 = ORIENTED_EDGE ( 'NONE', *, *, #7978, .T. ) ;
#7025 = EDGE_CURVE ( 'NONE', #2437, #5550, #7370, .T. ) ;
#7026 = VERTEX_POINT ( 'NONE', #1827 ) ;
#7027 = ORIENTED_EDGE ( 'NONE', *, *, #1891, .F. ) ;
#7028 = DIRECTION ( 'NONE',  ( 0.5416752204196996212, -0.4545194776720409280, 0.7071067811865511255 ) ) ;
#7029 = VERTEX_POINT ( 'NONE', #4450 ) ;
#7030 = CARTESIAN_POINT ( 'NONE',  ( -2.098576763403987133, 24.31939150415113104, 11.49337424722352097 ) ) ;
#7031 = CARTESIAN_POINT ( 'NONE',  ( 12.99999308932007125, 14.00555643461749078, 0.6666666666666647423 ) ) ;
#7032 = EDGE_CURVE ( 'NONE', #5857, #7121, #6684, .T. ) ;
#7033 = EDGE_CURVE ( 'NONE', #7859, #7365, #4315, .T. ) ;
#7034 = LINE ( 'NONE', #7074, #5927 ) ;
#7035 = CARTESIAN_POINT ( 'NONE',  ( 4.703540460033178938, 6.469451146571982392, 10.50000000000000355 ) ) ;
#7036 = AXIS2_PLACEMENT_3D ( 'NONE', #5800, #6454, #4517 ) ;
#7037 = ORIENTED_EDGE ( 'NONE', *, *, #3666, .F. ) ;
#7038 = CARTESIAN_POINT ( 'NONE',  ( 4.317543184819735202, 29.43897857688687836, 19.72823263714327524 ) ) ;
#7039 = ORIENTED_EDGE ( 'NONE', *, *, #1976, .T. ) ;
#7040 = CARTESIAN_POINT ( 'NONE',  ( -1.279464204796970650, 24.14053840074259938, 12.07123254422098135 ) ) ;
#7041 = CARTESIAN_POINT ( 'NONE',  ( 25.68037036856323851, 5.972179756865774181, 6.500000000000000888 ) ) ;
#7042 = CARTESIAN_POINT ( 'NONE',  ( 3.436222162733167718, 24.51303117054258962, -0.9031512080691327382 ) ) ;
#7043 = CARTESIAN_POINT ( 'NONE',  ( 38.75796027027852375, 19.67116458486631814, 19.59148600373796256 ) ) ;
#7044 = EDGE_CURVE ( 'NONE', #3925, #6991, #4324, .T. ) ;
#7045 = FACE_OUTER_BOUND ( 'NONE', #4622, .T. ) ;
#7046 = DIRECTION ( 'NONE',  ( 1.000000000000000000, 0.000000000000000000, 0.000000000000000000 ) ) ;
#7047 = CARTESIAN_POINT ( 'NONE',  ( 43.85931828971882851, 18.11931670967925356, 13.49730706970844984 ) ) ;
#7048 = CARTESIAN_POINT ( 'NONE',  ( 3.467932343692218478, 8.182826170408873168, 9.500000000000001776 ) ) ;
#7049 = VERTEX_POINT ( 'NONE', #7983 ) ;
#7050 = DIRECTION ( 'NONE',  ( 0.8209086180667705124, 0.000000000000000000, -0.5710595772629201150 ) ) ;
#7051 = CARTESIAN_POINT ( 'NONE',  ( 19.98807505064053558, 0.5228795915335373579, 7.103508315616501534 ) ) ;
#7052 = CARTESIAN_POINT ( 'NONE',  ( 19.06389272394421752, -0.2683014469920755318, 7.205943166266249200 ) ) ;
#7053 = FACE_OUTER_BOUND ( 'NONE', #5129, .T. ) ;
#7054 = CARTESIAN_POINT ( 'NONE',  ( -1.398576466903265869, 24.41938942862417505, 6.213732533963024274 ) ) ;
#7055 = CARTESIAN_POINT ( 'NONE',  ( 32.51983493689862570, 18.80391171498517622, 7.500000000000000888 ) ) ;
#7056 = CARTESIAN_POINT ( 'NONE',  ( 43.76127809784079403, 18.18239314400471329, 5.851364069705590865 ) ) ;
#7057 = DIRECTION ( 'NONE',  ( -0.000000000000000000, -0.000000000000000000, -1.000000000000000000 ) ) ;
#7058 = ORIENTED_EDGE ( 'NONE', *, *, #2136, .F. ) ;
#7059 = CARTESIAN_POINT ( 'NONE',  ( 19.65365543858514741, 1.025259736534292365, 6.500000000000000888 ) ) ;
#7060 = EDGE_LOOP ( 'NONE', ( #4349, #361, #6626, #3143, #6628 ) ) ;
#7061 = DIRECTION ( 'NONE',  ( 0.000000000000000000, 0.8464124915001607352, 0.5325278342326253966 ) ) ;
#7062 = ORIENTED_EDGE ( 'NONE', *, *, #7579, .F. ) ;
#7063 = CARTESIAN_POINT ( 'NONE',  ( 33.40483542659831784, 18.19113980308874190, 7.399132818757019336 ) ) ;
#7064 = LINE ( 'NONE', #7751, #5157 ) ;
#7065 = ORIENTED_EDGE ( 'NONE', *, *, #5402, .F. ) ;
#7066 =( BOUNDED_SURFACE ( )  B_SPLINE_SURFACE ( 3, 2, ( 
 ( #8323, #2387, #2434 ),
 ( #6952, #7128, #1693 ),
 ( #1789, #1044, #5614 ),
 ( #8414, #1739, #476 ) ),
 .UNSPECIFIED., .F., .F., .F. ) 
 B_SPLINE_SURFACE_WITH_KNOTS ( ( 4, 4 ),
 ( 3, 3 ),
 ( 0.007488951116714498944, 0.009267607545056040855 ),
 ( 0.000000000000000000, 1.000000000000000000 ),
 .UNSPECIFIED. ) 
 GEOMETRIC_REPRESENTATION_ITEM ( )  RATIONAL_B_SPLINE_SURFACE ( (
 ( 1.000000000000000000, 0.7651793392037888886, 1.000000000000000000),
 ( 1.000000000000000000, 0.7651795668068311906, 1.000000000000000000),
 ( 1.000000000000000000, 0.7651797938858141412, 1.000000000000000000),
 ( 1.000000000000000000, 0.7651800204250860382, 1.000000000000000000) ) ) 
 REPRESENTATION_ITEM ( '' )  SURFACE ( )  );
#7067 = ORIENTED_EDGE ( 'NONE', *, *, #6120, .F. ) ;
#7068 = EDGE_LOOP ( 'NONE', ( #588, #403, #5185, #7603 ) ) ;
#7069 = CARTESIAN_POINT ( 'NONE',  ( -17.53245316451245372, 18.19006245294496793, 6.749999999999997335 ) ) ;
#7070 = EDGE_LOOP ( 'NONE', ( #4742, #4109, #7194, #304, #1546, #4438, #1162, #498, #5430, #5181, #1709 ) ) ;
#7071 = CARTESIAN_POINT ( 'NONE',  ( 6.074901368261381940, 18.18953060500902197, 10.49992181147148251 ) ) ;
#7072 = AXIS2_PLACEMENT_3D ( 'NONE', #7136, #5835, #1886 ) ;
#7073 = CARTESIAN_POINT ( 'NONE',  ( 13.00000000000000000, 14.00554976279612873, 0.000000000000000000 ) ) ;
#7074 = CARTESIAN_POINT ( 'NONE',  ( -28.06256458244927998, 18.57986623873934207, 0.000000000000000000 ) ) ;
#7075 = CARTESIAN_POINT ( 'NONE',  ( 4.992310732485194080, 7.787067309526430670, 10.50000000000000178 ) ) ;
#7076 = ORIENTED_EDGE ( 'NONE', *, *, #594, .F. ) ;
#7077 = EDGE_CURVE ( 'NONE', #6602, #4652, #7296, .T. ) ;
#7078 = CIRCLE ( 'NONE', #2679, 19.39644660940670917 ) ;
#7079 = EDGE_CURVE ( 'NONE', #724, #7284, #5473, .T. ) ;
#7080 = DIRECTION ( 'NONE',  ( 0.000000000000000000, 0.000000000000000000, -1.000000000000000000 ) ) ;
#7081 = ORIENTED_EDGE ( 'NONE', *, *, #8406, .F. ) ;
#7082 = CARTESIAN_POINT ( 'NONE',  ( 16.45018002593488049, -2.000000006390404650, 10.81209730328478180 ) ) ;
#7083 = CARTESIAN_POINT ( 'NONE',  ( 51.01182361785831176, 18.19715431807045647, 7.180487469912332443 ) ) ;
#7084 = DIRECTION ( 'NONE',  ( -1.000000000000000000, 0.000000000000000000, -0.000000000000000000 ) ) ;
#7085 = CARTESIAN_POINT ( 'NONE',  ( 53.82762715030077061, 18.19593161474387699, 7.935740948625536362 ) ) ;
#7086 = CARTESIAN_POINT ( 'NONE',  ( 42.53793698073215523, 18.19113980308874190, 7.228685201923450876 ) ) ;
#7087 = CARTESIAN_POINT ( 'NONE',  ( 0.3123554815805273388, -0.2620973693904219415, 12.17722873589911714 ) ) ;
#7088 = CARTESIAN_POINT ( 'NONE',  ( 43.76127809784079403, 18.18239314400471685, 11.14863593029441624 ) ) ;
#7089 = ADVANCED_FACE ( 'NONE', ( #3940 ), #5353, .F. ) ;
#7090 = DIRECTION ( 'NONE',  ( 0.6427876096865406952, 0.7660444431189769032, 0.000000000000000000 ) ) ;
#7091 = ORIENTED_EDGE ( 'NONE', *, *, #1406, .F. ) ;
#7092 = CARTESIAN_POINT ( 'NONE',  ( 8.468439195007306353, 3.870565855183834003, 15.00000000000000178 ) ) ;
#7093 = DIRECTION ( 'NONE',  ( 1.000000000000000000, 0.000000000000000000, 0.000000000000000000 ) ) ;
#7094 = CARTESIAN_POINT ( 'NONE',  ( -17.42509863149369664, 19.69113980308874190, 8.500000000000000000 ) ) ;
#7095 = CARTESIAN_POINT ( 'NONE',  ( 43.95521608925714929, 18.95873024172880861, 18.97273194094180226 ) ) ;
#7096 = VECTOR ( 'NONE', #3508, 1000.000000000000000 ) ;
#7097 = CARTESIAN_POINT ( 'NONE',  ( 39.89446440815520845, 18.18997571433710192, 6.732113704437118429 ) ) ;
#7098 = LINE ( 'NONE', #4335, #2739 ) ;
#7099 = CARTESIAN_POINT ( 'NONE',  ( 6.074901367908570826, 18.19113980308874190, 7.203090613293326783 ) ) ;
#7100 = AXIS2_PLACEMENT_3D ( 'NONE', #2767, #7327, #1466 ) ;
#7101 = EDGE_CURVE ( 'NONE', #7330, #6375, #5910, .T. ) ;
#7102 = CARTESIAN_POINT ( 'NONE',  ( 3.662492876354594085, 8.412331014807584495, 7.500000000000000888 ) ) ;
#7103 = ORIENTED_EDGE ( 'NONE', *, *, #5508, .T. ) ;
#7104 = DIRECTION ( 'NONE',  ( -0.1414184209989438890, 0.9899499129764927075, -5.204170427930418128E-15 ) ) ;
#7105 = ORIENTED_EDGE ( 'NONE', *, *, #6444, .T. ) ;
#7106 = DIRECTION ( 'NONE',  ( 1.000000000000000000, -0.000000000000000000, -0.000000000000000000 ) ) ;
#7107 = ORIENTED_EDGE ( 'NONE', *, *, #1440, .F. ) ;
#7108 = VECTOR ( 'NONE', #7061, 999.9999999999998863 ) ;
#7109 = CARTESIAN_POINT ( 'NONE',  ( 33.23182789456139830, 19.79326565122627457, 9.927717570936653857 ) ) ;
#7110 = DIRECTION ( 'NONE',  ( 1.000000000000000000, 0.000000000000000000, 6.280355868556599420E-17 ) ) ;
#7111 = VERTEX_POINT ( 'NONE', #2090 ) ;
#7112 = EDGE_CURVE ( 'NONE', #5206, #6245, #651, .T. ) ;
#7113 = ORIENTED_EDGE ( 'NONE', *, *, #4959, .T. ) ;
#7114 = ORIENTED_EDGE ( 'NONE', *, *, #4286, .T. ) ;
#7115 = LINE ( 'NONE', #6334, #3153 ) ;
#7116 = EDGE_LOOP ( 'NONE', ( #4624, #7157, #2416, #1945, #753, #1872, #7213, #7448, #778, #2936, #250 ) ) ;
#7117 = CARTESIAN_POINT ( 'NONE',  ( 41.21510344453187713, 20.68075129402295076, 8.499975357362011152 ) ) ;
#7118 = CARTESIAN_POINT ( 'NONE',  ( -0.7985740948755944979, 25.21938764959793389, 10.78626746603697484 ) ) ;
#7119 =( BOUNDED_SURFACE ( )  B_SPLINE_SURFACE ( 3, 2, ( 
 ( #6876, #7435, #1571 ),
 ( #6142, #274, #2194 ),
 ( #7394, #4125, #875 ),
 ( #1529, #6225, #6745 ) ),
 .UNSPECIFIED., .F., .F., .F. ) 
 B_SPLINE_SURFACE_WITH_KNOTS ( ( 4, 4 ),
 ( 3, 3 ),
 ( 0.000000000000000000, 0.007493141623548268612 ),
 ( 0.000000000000000000, 1.000000000000000000 ),
 .UNSPECIFIED. ) 
 GEOMETRIC_REPRESENTATION_ITEM ( )  RATIONAL_B_SPLINE_SURFACE ( (
 ( 1.000000000000000000, 0.6418534225881379340, 1.000000000000000000),
 ( 1.000000000000000000, 0.6418643016178982030, 1.000000000000000000),
 ( 1.000000000000000000, 0.6418746712137155530, 1.000000000000000000),
 ( 1.000000000000000000, 0.6418855505689612384, 1.000000000000000000) ) ) 
 REPRESENTATION_ITEM ( '' )  SURFACE ( )  );
#7120 = DIRECTION ( 'NONE',  ( -0.6531958121733354439, 0.4898998853091171557, 0.5773502691896236216 ) ) ;
#7121 = VERTEX_POINT ( 'NONE', #3897 ) ;
#7122 = AXIS2_PLACEMENT_3D ( 'NONE', #5707, #7785, #1748 ) ;
#7123 = DIRECTION ( 'NONE',  ( 0.000000000000000000, -1.000000000000000000, 0.000000000000000000 ) ) ;
#7124 = EDGE_LOOP ( 'NONE', ( #1744, #2551, #3290, #2671, #2941, #6547, #177, #5087 ) ) ;
#7125 = FACE_OUTER_BOUND ( 'NONE', #2897, .T. ) ;
#7126 = CARTESIAN_POINT ( 'NONE',  ( -16.29765489871893180, 21.99512802557553570, 3.270865353152101473 ) ) ;
#7127 = DIRECTION ( 'NONE',  ( -1.734723475976808475E-15, -1.000000000000000000, 0.000000000000000000 ) ) ;
#7128 = CARTESIAN_POINT ( 'NONE',  ( -28.06256458246162921, 18.40024816615461489, 2.405161297989911962 ) ) ;
#7129 = CARTESIAN_POINT ( 'NONE',  ( 16.52448473739247348, -1.924278332648931666, 11.00497427973393982 ) ) ;
#7130 = PLANE ( 'NONE',  #290 ) ;
#7131 = VECTOR ( 'NONE', #3171, 1000.000000000000114 ) ;
#7132 = FACE_OUTER_BOUND ( 'NONE', #420, .T. ) ;
#7133 = ORIENTED_EDGE ( 'NONE', *, *, #3400, .F. ) ;
#7134 = CARTESIAN_POINT ( 'NONE',  ( 41.89520390281865048, 21.21054822515825933, -5.846819391881305172 ) ) ;
#7135 = VECTOR ( 'NONE', #5055, 1000.000000000000000 ) ;
#7136 = CARTESIAN_POINT ( 'NONE',  ( 1.467932343692218700, 16.19113980308874190, 9.500000000000001776 ) ) ;
#7137 = CARTESIAN_POINT ( 'NONE',  ( 18.20597274601404436, -0.3393175337976463979, 6.444323686383047978 ) ) ;
#7138 = CARTESIAN_POINT ( 'NONE',  ( -6.317993836822490827, 17.70791718930573921, 19.38055796485455318 ) ) ;
#7139 = FACE_OUTER_BOUND ( 'NONE', #6420, .T. ) ;
#7140 = ADVANCED_FACE ( 'NONE', ( #5263 ), #2046, .T. ) ;
#7141 = CARTESIAN_POINT ( 'NONE',  ( 44.00137782266797615, 18.15337258473756421, 4.511098934633886337 ) ) ;
#7142 = ADVANCED_FACE ( 'NONE', ( #7125 ), #5825, .T. ) ;
#7143 = ADVANCED_FACE ( 'NONE', ( #3855 ), #3338, .T. ) ;
#7144 = CARTESIAN_POINT ( 'NONE',  ( 50.46267814475999813, 18.19546258608766109, 8.958276161432065621 ) ) ;
#7145 = ORIENTED_EDGE ( 'NONE', *, *, #7609, .F. ) ;
#7146 = CARTESIAN_POINT ( 'NONE',  ( -26.06256458244928709, 18.57986623873934562, 4.455907779493376353 ) ) ;
#7147 = ORIENTED_EDGE ( 'NONE', *, *, #3458, .T. ) ;
#7148 = CARTESIAN_POINT ( 'NONE',  ( 52.16712193127420960, 18.61110936274822691, 8.500000000000000000 ) ) ;
#7149 = ORIENTED_EDGE ( 'NONE', *, *, #1644, .F. ) ;
#7150 = DIRECTION ( 'NONE',  ( 0.1414184209989443053, -0.9899499129764927075, 0.000000000000000000 ) ) ;
#7151 = DIRECTION ( 'NONE',  ( 0.000000000000000000, 0.8386705679454271589, -0.5446390350150223103 ) ) ;
#7152 = VERTEX_POINT ( 'NONE', #4670 ) ;
#7153 = EDGE_CURVE ( 'NONE', #2464, #8018, #2990, .T. ) ;
#7154 = ORIENTED_EDGE ( 'NONE', *, *, #8102, .F. ) ;
#7155 = EDGE_LOOP ( 'NONE', ( #855, #89, #5431, #1973 ) ) ;
#7156 = CARTESIAN_POINT ( 'NONE',  ( 13.00000690908576395, 14.00554313250357730, 16.33333333333333570 ) ) ;
#7157 = ORIENTED_EDGE ( 'NONE', *, *, #3081, .T. ) ;
#7158 = CARTESIAN_POINT ( 'NONE',  ( 48.90483542659832494, 20.11110936274824113, 5.000000000000000888 ) ) ;
#7159 = DIRECTION ( 'NONE',  ( 0.6427876096865403621, 0.7660444431189770143, 0.000000000000000000 ) ) ;
#7160 = EDGE_CURVE ( 'NONE', #954, #3586, #1135, .T. ) ;
#7161 = CARTESIAN_POINT ( 'NONE',  ( 38.41235070371810423, 18.18997571433710192, 7.000000000000000888 ) ) ;
#7162 = AXIS2_PLACEMENT_3D ( 'NONE', #4965, #356, #6265 ) ;
#7163 = ORIENTED_EDGE ( 'NONE', *, *, #138, .F. ) ;
#7164 = LINE ( 'NONE', #3366, #2978 ) ;
#7165 = ORIENTED_EDGE ( 'NONE', *, *, #1285, .F. ) ;
#7166 = DIRECTION ( 'NONE',  ( 1.000000000000000000, 0.000000000000000000, 0.000000000000000000 ) ) ;
#7167 = CARTESIAN_POINT ( 'NONE',  ( 6.254162977183742811, 25.21674806196384822, -0.5968571182688604537 ) ) ;
#7168 = EDGE_CURVE ( 'NONE', #2381, #4652, #7459, .T. ) ;
#7169 = LINE ( 'NONE', #3899, #7535 ) ;
#7170 = DIRECTION ( 'NONE',  ( 0.000000000000000000, 0.000000000000000000, -1.000000000000000000 ) ) ;
#7171 = CARTESIAN_POINT ( 'NONE',  ( 4.494300670097526762, 18.19113980308874190, 6.500000000000000888 ) ) ;
#7172 = B_SPLINE_CURVE_WITH_KNOTS ( 'NONE', 3,
 ( #6459, #8388, #6324, #6367, #1805, #2577, #450, #4522, #5205, #3874 ),
 .UNSPECIFIED., .F., .F.,
 ( 4, 2, 2, 2, 4 ),
 ( 0.000000000000000000, 0.0003679935054640560803, 0.0007359870109281121606, 0.001103980516392168241, 0.001471974021856224321 ),
 .UNSPECIFIED. ) ;
#7173 = FACE_OUTER_BOUND ( 'NONE', #1094, .T. ) ;
#7174 = ORIENTED_EDGE ( 'NONE', *, *, #3620, .T. ) ;
#7175 = PLANE ( 'NONE',  #7360 ) ;
#7176 = VECTOR ( 'NONE', #6161, 1000.000000000000227 ) ;
#7177 = DIRECTION ( 'NONE',  ( 0.6427876096865403621, 0.7660444431189770143, -0.000000000000000000 ) ) ;
#7178 = CARTESIAN_POINT ( 'NONE',  ( 19.94442517568158380, 1.251600464189353668, 10.46794307546892888 ) ) ;
#7179 = DIRECTION ( 'NONE',  ( 0.1584825665006271977, 0.5257976280181182460, -0.8357153405830810566 ) ) ;
#7180 = CARTESIAN_POINT ( 'NONE',  ( 41.95581390697400792, 18.19111671496471061, 9.901254680831524269 ) ) ;
#7181 = CARTESIAN_POINT ( 'NONE',  ( 5.885572890035110305, 5.376667941901843051, 14.20595777215746303 ) ) ;
#7182 = CARTESIAN_POINT ( 'NONE',  ( 42.61671328683472382, 18.19113980308874190, 7.203090613293326783 ) ) ;
#7183 = CARTESIAN_POINT ( 'NONE',  ( 3.722952927083599928, 18.04307325282047358, -4.238910229009992037 ) ) ;
#7184 = ORIENTED_EDGE ( 'NONE', *, *, #197, .T. ) ;
#7185 = LINE ( 'NONE', #3914, #3650 ) ;
#7186 = ADVANCED_FACE ( 'NONE', ( #947 ), #3498, .T. ) ;
#7188 = EDGE_LOOP ( 'NONE', ( #2583, #2406, #6300 ) ) ;
#7187 = EDGE_CURVE ( 'NONE', #6635, #4093, #3542, .T. ) ;
#7189 = DIRECTION ( 'NONE',  ( 0.7994407603325167644, 0.6007449298320939324, 0.000000000000000000 ) ) ;
#7190 = EDGE_LOOP ( 'NONE', ( #2450, #7354, #4569, #2631, #2627, #4126, #2218, #1472, #7397, #643 ) ) ;
#7191 = CARTESIAN_POINT ( 'NONE',  ( 39.80879731312482761, 18.18997571433710192, 10.35355339059326774 ) ) ;
#7192 = CARTESIAN_POINT ( 'NONE',  ( 3.722804632858757401, 23.87423583406181393, 17.85067149227999295 ) ) ;
#7193 = ORIENTED_EDGE ( 'NONE', *, *, #6862, .F. ) ;
#7194 = ORIENTED_EDGE ( 'NONE', *, *, #180, .F. ) ;
#7195 = EDGE_CURVE ( 'NONE', #3893, #7690, #6811, .T. ) ;
#7196 = ORIENTED_EDGE ( 'NONE', *, *, #3242, .F. ) ;
#7197 = CARTESIAN_POINT ( 'NONE',  ( 11.02839657629946579, -9.253923499649687301, 6.500000000000000888 ) ) ;
#7198 = CARTESIAN_POINT ( 'NONE',  ( 40.32182334480039998, 18.19113980308874190, 9.832846524846305059 ) ) ;
#7199 = ORIENTED_EDGE ( 'NONE', *, *, #5237, .F. ) ;
#7200 = CARTESIAN_POINT ( 'NONE',  ( 6.579886473998325158, 8.002544093717267160, 2.000000000000000000 ) ) ;
#7201 = CYLINDRICAL_SURFACE ( 'NONE', #2268, 0.4999999999999993339 ) ;
#7202 = DIRECTION ( 'NONE',  ( -0.1358089151073380851, -0.9907350496360608494, 0.000000000000000000 ) ) ;
#7203 = ORIENTED_EDGE ( 'NONE', *, *, #6930, .T. ) ;
#7204 = EDGE_CURVE ( 'NONE', #3186, #3234, #7332, .T. ) ;
#7205 = ORIENTED_EDGE ( 'NONE', *, *, #2918, .F. ) ;
#7206 = CARTESIAN_POINT ( 'NONE',  ( 33.40483542659831784, 17.32830995514898831, -5.590280349210904554 ) ) ;
#7207 = CARTESIAN_POINT ( 'NONE',  ( 7.356692115445614633, 17.60187487953102803, 22.25120474251084346 ) ) ;
#7208 = CARTESIAN_POINT ( 'NONE',  ( 5.868156180117258813, 17.61659741679565627, -3.245555460865575004 ) ) ;
#7209 = DIRECTION ( 'NONE',  ( -1.000000000000000000, 0.000000000000000000, 0.000000000000000000 ) ) ;
#7210 = CIRCLE ( 'NONE', #6523, 1.000000000000000000 ) ;
#7211 = DIRECTION ( 'NONE',  ( 1.000000000000000000, 0.000000000000000000, 0.000000000000000000 ) ) ;
#7212 = LINE ( 'NONE', #1266, #2012 ) ;
#7213 = ORIENTED_EDGE ( 'NONE', *, *, #3313, .T. ) ;
#7214 = DIRECTION ( 'NONE',  ( 0.000000000000000000, -1.000000000000000000, 0.000000000000000000 ) ) ;
#7215 = DIRECTION ( 'NONE',  ( 0.5149888309844112833, -0.4321269381394393649, -0.7403058917066260847 ) ) ;
#7216 = CARTESIAN_POINT ( 'NONE',  ( 18.82284728246155225, -0.4348477123271757283, 7.186738640905749875 ) ) ;
#7217 = CARTESIAN_POINT ( 'NONE',  ( -2.057156266878084505, 24.02944188767534328, 4.799518971589924021 ) ) ;
#7218 = CARTESIAN_POINT ( 'NONE',  ( 39.91235070371810423, 18.18997571433710192, 7.457106781186556788 ) ) ;
#7219 = CARTESIAN_POINT ( 'NONE',  ( 16.06644172404391213, 11.06284411194225292, 0.000000000000000000 ) ) ;
#7220 = FACE_BOUND ( 'NONE', #1219, .T. ) ;
#7221 = CIRCLE ( 'NONE', #6672, 1.000000000000000888 ) ;
#7222 = CARTESIAN_POINT ( 'NONE',  ( -18.60005652123788522, 18.19113980308484102, 9.796909386706674994 ) ) ;
#7223 = ORIENTED_EDGE ( 'NONE', *, *, #824, .F. ) ;
#7224 = CARTESIAN_POINT ( 'NONE',  ( 5.329236055705989017, 5.927640066498402582, 7.145646548989740943 ) ) ;
#7225 = EDGE_LOOP ( 'NONE', ( #8259, #606, #8005, #6927, #5729, #2275, #2160 ) ) ;
#7226 = AXIS2_PLACEMENT_3D ( 'NONE', #3722, #3035, #2382 ) ;
#7227 = DIRECTION ( 'NONE',  ( 0.6427876096865410283, 0.7660444431189765702, 0.000000000000000000 ) ) ;
#7228 = ORIENTED_EDGE ( 'NONE', *, *, #1703, .T. ) ;
#7229 = LINE ( 'NONE', #2155, #1055 ) ;
#7230 = FACE_OUTER_BOUND ( 'NONE', #4184, .T. ) ;
#7231 = EDGE_LOOP ( 'NONE', ( #5908, #7024 ) ) ;
#7232 = EDGE_CURVE ( 'NONE', #7152, #553, #2257, .T. ) ;
#7233 = EDGE_CURVE ( 'NONE', #2983, #7766, #4873, .T. ) ;
#7234 = TOROIDAL_SURFACE ( 'NONE', #7505, 20.49999999999999645, 0.5000000000000000000 ) ;
#7235 = ADVANCED_FACE ( 'NONE', ( #5554 ), #4792, .T. ) ;
#7236 = ORIENTED_EDGE ( 'NONE', *, *, #2362, .T. ) ;
#7237 = VECTOR ( 'NONE', #2726, 999.9999999999998863 ) ;
#7238 = VERTEX_POINT ( 'NONE', #8187 ) ;
#7239 = CARTESIAN_POINT ( 'NONE',  ( -6.384071361585119675, 23.15878622197761771, 6.377946096336123638 ) ) ;
#7240 = VERTEX_POINT ( 'NONE', #4708 ) ;
#7241 = FACE_OUTER_BOUND ( 'NONE', #7124, .T. ) ;
#7242 =( BOUNDED_CURVE ( )  B_SPLINE_CURVE ( 3, ( #1278, #6019, #32, #797 ),
 .UNSPECIFIED., .F., .F. ) 
 B_SPLINE_CURVE_WITH_KNOTS ( ( 4, 4 ),
 ( 3.188744574616992455, 3.242041754664141351 ),
 .UNSPECIFIED. ) 
 CURVE ( )  GEOMETRIC_REPRESENTATION_ITEM ( )  RATIONAL_B_SPLINE_CURVE ( ( 1.000000000000000000, 0.9997632982248441103, 0.9997632982248441103, 1.000000000000000000 ) ) 
 REPRESENTATION_ITEM ( '' )  );
#7243 = VECTOR ( 'NONE', #3016, 1000.000000000000114 ) ;
#7244 = CARTESIAN_POINT ( 'NONE',  ( 40.01827683586912343, 18.19058775935334182, 6.855926132151028085 ) ) ;
#7245 = CARTESIAN_POINT ( 'NONE',  ( 20.55215765794534377, 1.872163087572090712, 6.500000000000000888 ) ) ;
#7246 = LINE ( 'NONE', #8488, #562 ) ;
#7247 = ADVANCED_FACE ( 'NONE', ( #5477 ), #142, .T. ) ;
#7248 = EDGE_CURVE ( 'NONE', #4147, #1982, #1171, .T. ) ;
#7249 = EDGE_CURVE ( 'NONE', #2170, #4579, #4028, .T. ) ;
#7250 = ORIENTED_EDGE ( 'NONE', *, *, #4657, .F. ) ;
#7251 = VECTOR ( 'NONE', #6723, 1000.000000000000114 ) ;
#7252 = ORIENTED_EDGE ( 'NONE', *, *, #5237, .T. ) ;
#7253 = CARTESIAN_POINT ( 'NONE',  ( 3.722964681832331646, 17.46002903365550551, 21.57770320692674204 ) ) ;
#7254 = CARTESIAN_POINT ( 'NONE',  ( -41.20391431128776105, 10.65920104959612047, 16.46153831456473782 ) ) ;
#7255 = CARTESIAN_POINT ( 'NONE',  ( 5.803950740061357472, 17.60023020504103641, -3.392693026253926103 ) ) ;
#7256 = CARTESIAN_POINT ( 'NONE',  ( 6.028004935134714692, -8.021761998023290374, 7.457106781186561228 ) ) ;
#7257 = EDGE_CURVE ( 'NONE', #2210, #5974, #2006, .T. ) ;
#7258 = CARTESIAN_POINT ( 'NONE',  ( 10.93401483852293588, 18.34584124333168376, 9.542893218813446765 ) ) ;
#7259 = CARTESIAN_POINT ( 'NONE',  ( 7.210632037139738770, 6.622531287106591336, 17.00000000000000000 ) ) ;
#7260 = CARTESIAN_POINT ( 'NONE',  ( 6.074901368261381940, 18.18953060500902197, 10.49992181147148251 ) ) ;
#7261 = CARTESIAN_POINT ( 'NONE',  ( 4.723136503885630333, 8.381819466616208913, 6.500000000000000888 ) ) ;
#7262 = LINE ( 'NONE', #5836, #1590 ) ;
#7263 = PLANE ( 'NONE',  #7962 ) ;
#7264 = VECTOR ( 'NONE', #8479, 1000.000000000000000 ) ;
#7265 = CARTESIAN_POINT ( 'NONE',  ( -6.318523186985634865, 17.70792703953286207, -2.380445443377543047 ) ) ;
#7266 = CARTESIAN_POINT ( 'NONE',  ( 18.21878864258138719, -0.3272285113471088969, 10.55586631053632019 ) ) ;
#7267 = ADVANCED_FACE ( 'NONE', ( #8025 ), #6082, .T. ) ;
#7268 = CARTESIAN_POINT ( 'NONE',  ( 43.95521608925714929, 18.95873024172880861, 18.97273194094180226 ) ) ;
#7269 = VECTOR ( 'NONE', #3572, 1000.000000000000000 ) ;
#7270 = DIRECTION ( 'NONE',  ( 0.1414184209989447494, -0.9899499129764927075, 6.938893903907223644E-15 ) ) ;
#7271 = ORIENTED_EDGE ( 'NONE', *, *, #1194, .T. ) ;
#7272 = AXIS2_PLACEMENT_3D ( 'NONE', #542, #5802, #8342 ) ;
#7273 = LINE ( 'NONE', #7313, #2833 ) ;
#7274 = EDGE_LOOP ( 'NONE', ( #6768, #1370, #4304, #7915, #6414, #3245 ) ) ;
#7275 = AXIS2_PLACEMENT_3D ( 'NONE', #5580, #3524, #2840 ) ;
#7276 = CARTESIAN_POINT ( 'NONE',  ( 33.40483542659831784, 20.40496528942541232, 17.00020556183143938 ) ) ;
#7277 = ORIENTED_EDGE ( 'NONE', *, *, #5926, .T. ) ;
#7278 = DIRECTION ( 'NONE',  ( 1.000000000000000000, 0.000000000000000000, 0.000000000000000000 ) ) ;
#7279 = CARTESIAN_POINT ( 'NONE',  ( 16.06644172404391213, 11.06284411194225292, 16.00000000000000000 ) ) ;
#7280 = ORIENTED_EDGE ( 'NONE', *, *, #4288, .T. ) ;
#7281 = EDGE_CURVE ( 'NONE', #6933, #3478, #1640, .T. ) ;
#7282 = CIRCLE ( 'NONE', #3564, 2.649999999999999467 ) ;
#7283 = VECTOR ( 'NONE', #7473, 1000.000000000000000 ) ;
#7284 = VERTEX_POINT ( 'NONE', #6379 ) ;
#7285 = EDGE_LOOP ( 'NONE', ( #126, #4270, #1112, #3202 ) ) ;
#7286 = PLANE ( 'NONE',  #3641 ) ;
#7287 = CYLINDRICAL_SURFACE ( 'NONE', #2054, 0.4999999999999993339 ) ;
#7288 = ORIENTED_EDGE ( 'NONE', *, *, #7513, .F. ) ;
#7289 = CARTESIAN_POINT ( 'NONE',  ( 0.000000000000000000, 18.19113980308874190, 9.500000000000001776 ) ) ;
#7290 = DIRECTION ( 'NONE',  ( 0.6427876096865403621, 0.7660444431189771253, 0.000000000000000000 ) ) ;
#7291 = DIRECTION ( 'NONE',  ( 0.8209086180667707344, 0.000000000000000000, -0.5710595772629198930 ) ) ;
#7292 = DIRECTION ( 'NONE',  ( 0.3918262090632197991, -0.5886189105789423337, 0.7071067811865512365 ) ) ;
#7293 = CARTESIAN_POINT ( 'NONE',  ( 38.62215135517117659, 18.68042953523025673, -2.591486003737963006 ) ) ;
#7294 = ORIENTED_EDGE ( 'NONE', *, *, #4774, .F. ) ;
#7295 = VERTEX_POINT ( 'NONE', #6427 ) ;
#7296 = LINE ( 'NONE', #1999, #6545 ) ;
#7297 = EDGE_CURVE ( 'NONE', #327, #1284, #5680, .T. ) ;
#7298 = EDGE_CURVE ( 'NONE', #6586, #6886, #2083, .T. ) ;
#7299 = CARTESIAN_POINT ( 'NONE',  ( -41.76744358971060933, 18.35666384406261287, 11.87502986845461272 ) ) ;
#7300 = CARTESIAN_POINT ( 'NONE',  ( 38.76774932029734799, 17.73443457341106111, 21.38547959315928537 ) ) ;
#7301 = PLANE ( 'NONE',  #5897 ) ;
#7302 = DIRECTION ( 'NONE',  ( -0.9899499129764924854, -0.1414184209989448326, 0.000000000000000000 ) ) ;
#7303 = CARTESIAN_POINT ( 'NONE',  ( 5.421010862427522170E-16, 21.19113980308874190, 12.00000000000000000 ) ) ;
#7304 = ADVANCED_FACE ( 'NONE', ( #8268 ), #3670, .F. ) ;
#7305 = CARTESIAN_POINT ( 'NONE',  ( 5.262781552463283496, 5.902153188790159710, 6.499999999999965361 ) ) ;
#7306 = DIRECTION ( 'NONE',  ( -0.5416752204197045062, 0.4545194776720485330, 0.7071067811865424657 ) ) ;
#7307 = DIRECTION ( 'NONE',  ( -1.000000000000000000, -7.998558651200273755E-15, 0.000000000000000000 ) ) ;
#7308 = DIRECTION ( 'NONE',  ( 0.4898998853091087735, 0.6531958121733419942, 0.5773502691896231775 ) ) ;
#7309 = CARTESIAN_POINT ( 'NONE',  ( 17.90922453584664709, -0.6190303167082811253, 10.58533241515182333 ) ) ;
#7310 = DIRECTION ( 'NONE',  ( 0.000000000000000000, 0.000000000000000000, 1.000000000000000000 ) ) ;
#7311 = CARTESIAN_POINT ( 'NONE',  ( 14.91397191146933388, 1.064459876225752444, 14.20595777215746125 ) ) ;
#7312 = EDGE_LOOP ( 'NONE', ( #7147, #3757, #3795, #2512, #1624, #5902, #6638, #5515, #993, #1897, #2364 ) ) ;
#7313 = CARTESIAN_POINT ( 'NONE',  ( -6.894119966083095186, 23.80020909053117251, 11.32916068485042516 ) ) ;
#7314 = EDGE_CURVE ( 'NONE', #1331, #2855, #6912, .T. ) ;
#7315 = VERTEX_POINT ( 'NONE', #7071 ) ;
#7316 = DIRECTION ( 'NONE',  ( 0.6427876096865410283, 0.7660444431189764591, -3.856729504124693100E-16 ) ) ;
#7317 = ORIENTED_EDGE ( 'NONE', *, *, #3070, .T. ) ;
#7318 = CARTESIAN_POINT ( 'NONE',  ( 23.00000000000000355, 28.39641197979021214, 6.500000000000000888 ) ) ;
#7319 = DIRECTION ( 'NONE',  ( 0.000000000000000000, 0.8386705679454271589, -0.5446390350150223103 ) ) ;
#7320 = AXIS2_PLACEMENT_3D ( 'NONE', #3438, #671, #1317 ) ;
#7321 = EDGE_LOOP ( 'NONE', ( #9, #5636, #6674 ) ) ;
#7322 = CARTESIAN_POINT ( 'NONE',  ( -6.384071361585119675, 23.15878622197761771, 10.62205390366387370 ) ) ;
#7323 = DIRECTION ( 'NONE',  ( -0.000000000000000000, -0.000000000000000000, -1.000000000000000000 ) ) ;
#7324 = DIRECTION ( 'NONE',  ( 0.000000000000000000, 0.000000000000000000, 1.000000000000000000 ) ) ;
#7325 = ORIENTED_EDGE ( 'NONE', *, *, #6941, .F. ) ;
#7326 = CARTESIAN_POINT ( 'NONE',  ( 23.00000000000000355, 9.999999999999998224, 4.693957640878419382E-15 ) ) ;
#7327 = DIRECTION ( 'NONE',  ( -0.4898998853091101058, -0.6531958121733412170, 0.5773502691896229555 ) ) ;
#7328 = DIRECTION ( 'NONE',  ( -1.000000000000000000, 0.000000000000000000, 0.000000000000000000 ) ) ;
#7329 = FACE_OUTER_BOUND ( 'NONE', #3448, .T. ) ;
#7330 = VERTEX_POINT ( 'NONE', #3112 ) ;
#7331 = EDGE_LOOP ( 'NONE', ( #5215, #4064, #4106, #2993 ) ) ;
#7332 = LINE ( 'NONE', #2858, #1029 ) ;
#7333 = CARTESIAN_POINT ( 'NONE',  ( 8.512971172558007282, 17.76705410359836534, 22.39637157742172846 ) ) ;
#7334 = CARTESIAN_POINT ( 'NONE',  ( 4.235669364826012639, 8.320262585761174279, 15.00000000000000178 ) ) ;
#7335 = CARTESIAN_POINT ( 'NONE',  ( 17.71900572781469663, -1.163552965149305063, 10.03137250031696404 ) ) ;
#7336 = EDGE_CURVE ( 'NONE', #1697, #2506, #4912, .T. ) ;
#7337 =( BOUNDED_CURVE ( )  B_SPLINE_CURVE ( 3, ( #1960, #7815, #5357, #7941 ),
 .UNSPECIFIED., .F., .F. ) 
 B_SPLINE_CURVE_WITH_KNOTS ( ( 4, 4 ),
 ( 2.248795664526121119, 2.258055987340002346 ),
 .UNSPECIFIED. ) 
 CURVE ( )  GEOMETRIC_REPRESENTATION_ITEM ( )  RATIONAL_B_SPLINE_CURVE ( ( 1.000000000000000000, 0.9999928538812152823, 0.9999928538812152823, 1.000000000000000000 ) ) 
 REPRESENTATION_ITEM ( '' )  );
#7338 = ADVANCED_FACE ( 'NONE', ( #987 ), #5596, .T. ) ;
#7339 = CARTESIAN_POINT ( 'NONE',  ( -7.851801173817699819, 23.20165300437207989, 11.57411654199071016 ) ) ;
#7340 = CARTESIAN_POINT ( 'NONE',  ( 35.64005297390797011, 20.09856402680679821, 3.842260888882509384 ) ) ;
#7341 = DIRECTION ( 'NONE',  ( 0.4156957420089222310, -0.9095037383516637597, 0.000000000000000000 ) ) ;
#7342 = CARTESIAN_POINT ( 'NONE',  ( 17.71950875294541561, -1.166731048167887419, 6.974439264681060457 ) ) ;
#7343 = CARTESIAN_POINT ( 'NONE',  ( 38.30051488798554971, 2.529986095031092397, -10.43919038237021901 ) ) ;
#7344 = VECTOR ( 'NONE', #2265, 1000.000000000000000 ) ;
#7345 = PLANE ( 'NONE',  #2590 ) ;
#7346 = CARTESIAN_POINT ( 'NONE',  ( -18.60005652123788522, 18.19113980308484102, 9.796909386706674994 ) ) ;
#7347 = CARTESIAN_POINT ( 'NONE',  ( -16.25014074174950807, 18.19113980309264633, 7.203090613293326783 ) ) ;
#7348 = B_SPLINE_CURVE_WITH_KNOTS ( 'NONE', 3,
 ( #6201, #7577, #4829, #8178, #2288, #3021 ),
 .UNSPECIFIED., .F., .F.,
 ( 4, 2, 4 ),
 ( 0.002394017004981171311, 0.01771691370272113902, 0.03303981040046109763 ),
 .UNSPECIFIED. ) ;
#7349 = EDGE_CURVE ( 'NONE', #1592, #1071, #4309, .T. ) ;
#7350 = VECTOR ( 'NONE', #3067, 1000.000000000000000 ) ;
#7351 = DIRECTION ( 'NONE',  ( 1.000000000000000000, 0.000000000000000000, 2.620744389031207233E-49 ) ) ;
#7352 = VERTEX_POINT ( 'NONE', #2632 ) ;
#7353 = CARTESIAN_POINT ( 'NONE',  ( 23.00000000000000355, 5.791139803088734439, 6.000000000000003553 ) ) ;
#7354 = ORIENTED_EDGE ( 'NONE', *, *, #2310, .T. ) ;
#7355 = FACE_OUTER_BOUND ( 'NONE', #2761, .T. ) ;
#7356 = VERTEX_POINT ( 'NONE', #7158 ) ;
#7357 = CARTESIAN_POINT ( 'NONE',  ( -7.854040235941755377, 23.20133314512874279, 11.57185474867313779 ) ) ;
#7358 = CARTESIAN_POINT ( 'NONE',  ( -6.916615103660153530, 23.33524818494482389, 5.155736944081351858 ) ) ;
#7359 = EDGE_CURVE ( 'NONE', #327, #2538, #7805, .T. ) ;
#7360 = AXIS2_PLACEMENT_3D ( 'NONE', #61, #7214, #6527 ) ;
#7361 = ORIENTED_EDGE ( 'NONE', *, *, #7187, .T. ) ;
#7362 = CARTESIAN_POINT ( 'NONE',  ( 16.95790531733688056, -1.641050608600877370, 6.607095851921940266 ) ) ;
#7363 = CARTESIAN_POINT ( 'NONE',  ( 38.75796027027852375, 19.67116458486631814, -2.591486003737930588 ) ) ;
#7364 = DIRECTION ( 'NONE',  ( 1.000000000000000000, 0.000000000000000000, 2.040851148208008245E-16 ) ) ;
#7365 = VERTEX_POINT ( 'NONE', #3329 ) ;
#7366 = FACE_OUTER_BOUND ( 'NONE', #2076, .T. ) ;
#7367 = PLANE ( 'NONE',  #3527 ) ;
#7368 = PLANE ( 'NONE',  #6215 ) ;
#7369 = ORIENTED_EDGE ( 'NONE', *, *, #1244, .F. ) ;
#7370 = CIRCLE ( 'NONE', #7226, 95.27649995148391326 ) ;
#7371 = DIRECTION ( 'NONE',  ( 0.9873096472328641848, -0.1353393645606426332, -0.08308379433583115703 ) ) ;
#7372 = AXIS2_PLACEMENT_3D ( 'NONE', #5341, #6639, #4016 ) ;
#7373 = EDGE_LOOP ( 'NONE', ( #4266, #3786, #8267, #3444 ) ) ;
#7374 = AXIS2_PLACEMENT_3D ( 'NONE', #1922, #2056, #7302 ) ;
#7375 = ORIENTED_EDGE ( 'NONE', *, *, #6967, .F. ) ;
#7376 = VERTEX_POINT ( 'NONE', #6512 ) ;
#7377 = DIRECTION ( 'NONE',  ( 1.000000000000000000, 0.000000000000000000, 0.000000000000000000 ) ) ;
#7378 = LINE ( 'NONE', #1474, #1010 ) ;
#7379 = AXIS2_PLACEMENT_3D ( 'NONE', #8476, #2494, #3146 ) ;
#7380 = CARTESIAN_POINT ( 'NONE',  ( 34.49182045429784438, 18.23725934408846072, 17.00020556183143938 ) ) ;
#7381 = CARTESIAN_POINT ( 'NONE',  ( 16.53018785466579743, -1.919282064522930931, 5.898035082754464753 ) ) ;
#7382 = B_SPLINE_CURVE_WITH_KNOTS ( 'NONE', 3,
 ( #6957, #3003, #3175, #7689 ),
 .UNSPECIFIED., .F., .F.,
 ( 4, 4 ),
 ( 0.000000000000000000, 0.1725755110926407709 ),
 .UNSPECIFIED. ) ;
#7383 = CARTESIAN_POINT ( 'NONE',  ( 16.06644172404391213, 11.06284411194225292, 0.000000000000000000 ) ) ;
#7384 = CARTESIAN_POINT ( 'NONE',  ( -26.06256458244927998, 18.57986623873934207, 4.455907779493373688 ) ) ;
#7385 = EDGE_CURVE ( 'NONE', #1505, #7715, #5177, .T. ) ;
#7386 = FACE_OUTER_BOUND ( 'NONE', #413, .T. ) ;
#7387 = DIRECTION ( 'NONE',  ( 0.000000000000000000, 0.000000000000000000, -1.000000000000000000 ) ) ;
#7388 = CARTESIAN_POINT ( 'NONE',  ( 5.896284433874379616, -8.857663013988757328, 9.896446609406721606 ) ) ;
#7389 = ADVANCED_FACE ( 'NONE', ( #1907 ), #1380, .T. ) ;
#7390 = CARTESIAN_POINT ( 'NONE',  ( 2.423736525352813143, 18.19060140165338879, 10.11966051351703655 ) ) ;
#7391 = CYLINDRICAL_SURFACE ( 'NONE', #4241, 1.000000000000000000 ) ;
#7392 =( BOUNDED_CURVE ( )  B_SPLINE_CURVE ( 3, ( #2701, #669, #2749, #2063 ),
 .UNSPECIFIED., .F., .F. ) 
 B_SPLINE_CURVE_WITH_KNOTS ( ( 4, 4 ),
 ( 2.168404344971008621E-16, 0.5235987755983039227 ),
 .UNSPECIFIED. ) 
 CURVE ( )  GEOMETRIC_REPRESENTATION_ITEM ( )  RATIONAL_B_SPLINE_CURVE ( ( 1.000000000000000000, 0.9772838841927118381, 0.9772838841927118381, 1.000000000000000000 ) ) 
 REPRESENTATION_ITEM ( '' )  );
#7393 = CARTESIAN_POINT ( 'NONE',  ( 5.269881657126220809, 24.26167506206407154, -5.486713156256265655 ) ) ;
#7394 = CARTESIAN_POINT ( 'NONE',  ( 6.074901368506307797, 18.56590282647412238, -1.658111351473016359 ) ) ;
#7395 = ORIENTED_EDGE ( 'NONE', *, *, #7832, .F. ) ;
#7396 = PLANE ( 'NONE',  #1718 ) ;
#7397 = ORIENTED_EDGE ( 'NONE', *, *, #804, .F. ) ;
#7398 = TOROIDAL_SURFACE ( 'NONE', #4230, 20.50000000000000000, 0.5000000000000000000 ) ;
#7399 = CARTESIAN_POINT ( 'NONE',  ( 17.00014631186204639, -1.475922600129480511, 6.263953341240098283 ) ) ;
#7400 = CARTESIAN_POINT ( 'NONE',  ( -28.06256458244927998, 18.42106205602466318, 12.63638778498754256 ) ) ;
#7401 = EDGE_CURVE ( 'NONE', #8296, #5245, #7210, .T. ) ;
#7402 = ADVANCED_FACE ( 'NONE', ( #1292 ), #8401, .T. ) ;
#7403 = CARTESIAN_POINT ( 'NONE',  ( 5.447076605017154627, -8.182842859722841311, 7.000000000000000888 ) ) ;
#7404 = LINE ( 'NONE', #4092, #3375 ) ;
#7405 = CONICAL_SURFACE ( 'NONE', #4788, 1.249999999999994227, 0.7853981633974426169 ) ;
#7406 = CIRCLE ( 'NONE', #1623, 0.4999999999999995004 ) ;
#7407 = ORIENTED_EDGE ( 'NONE', *, *, #2730, .T. ) ;
#7408 = CARTESIAN_POINT ( 'NONE',  ( 5.391624560436410363, 5.791139803088745097, 1.006360682064675105 ) ) ;
#7409 = EDGE_LOOP ( 'NONE', ( #4561, #3367, #5252, #4835 ) ) ;
#7410 = ORIENTED_EDGE ( 'NONE', *, *, #2299, .T. ) ;
#7411 = LINE ( 'NONE', #771, #3225 ) ;
#7412 = EDGE_CURVE ( 'NONE', #496, #6121, #5859, .T. ) ;
#7413 = VECTOR ( 'NONE', #4326, 1000.000000000000000 ) ;
#7414 = DIRECTION ( 'NONE',  ( -0.9966060095029266597, 0.000000000000000000, -0.08231926762704087908 ) ) ;
#7415 = CARTESIAN_POINT ( 'NONE',  ( 33.40483542659831784, 17.32830995514898831, -5.590280349210904554 ) ) ;
#7416 = ORIENTED_EDGE ( 'NONE', *, *, #7979, .T. ) ;
#7417 = AXIS2_PLACEMENT_3D ( 'NONE', #7857, #1305, #2643 ) ;
#7418 = FACE_OUTER_BOUND ( 'NONE', #7321, .T. ) ;
#7419 = ORIENTED_EDGE ( 'NONE', *, *, #6783, .F. ) ;
#7420 = ORIENTED_EDGE ( 'NONE', *, *, #2674, .T. ) ;
#7421 = ORIENTED_EDGE ( 'NONE', *, *, #4608, .F. ) ;
#7422 = DIRECTION ( 'NONE',  ( 0.000000000000000000, -0.000000000000000000, -1.000000000000000000 ) ) ;
#7423 = EDGE_CURVE ( 'NONE', #3591, #8215, #1211, .T. ) ;
#7424 = CARTESIAN_POINT ( 'NONE',  ( 8.512971172558007282, 17.76705410359836534, -5.396371577421730237 ) ) ;
#7425 = DIRECTION ( 'NONE',  ( -0.000000000000000000, 1.000000000000000000, -0.000000000000000000 ) ) ;
#7426 = DIRECTION ( 'NONE',  ( 0.000000000000000000, 0.000000000000000000, -1.000000000000000000 ) ) ;
#7427 = CARTESIAN_POINT ( 'NONE',  ( -28.06256458244927998, 18.50046414760277003, 4.409759996873048316 ) ) ;
#7428 = CIRCLE ( 'NONE', #7019, 0.5000000000000006661 ) ;
#7429 = LINE ( 'NONE', #6091, #3384 ) ;
#7430 = CARTESIAN_POINT ( 'NONE',  ( 13.25235231370524147, 25.28882219081254235, 7.500000000000000888 ) ) ;
#7431 = CARTESIAN_POINT ( 'NONE',  ( 42.51513640388095183, -6.246196747414927586, 25.81271544900117121 ) ) ;
#7432 = CARTESIAN_POINT ( 'NONE',  ( -26.34540142444717148, 20.55976606469232593, 4.455907779493373688 ) ) ;
#7433 = CARTESIAN_POINT ( 'NONE',  ( 2.717550236787313889, 18.18998090983923177, 10.26683671040999890 ) ) ;
#7434 = CARTESIAN_POINT ( 'NONE',  ( 35.64005297390797011, 20.09856402680680532, 19.48204978820597333 ) ) ;
#7435 = CARTESIAN_POINT ( 'NONE',  ( 6.074901368506299804, 24.08557219173394159, -1.214382475100034720 ) ) ;
#7436 = ORIENTED_EDGE ( 'NONE', *, *, #1702, .T. ) ;
#7437 = FACE_OUTER_BOUND ( 'NONE', #7274, .T. ) ;
#7438 = DIRECTION ( 'NONE',  ( -1.935665589074327501E-15, -0.8646347464327077681, -0.5024009905058381964 ) ) ;
#7439 = CARTESIAN_POINT ( 'NONE',  ( 33.51112321366305480, 18.19113980308873479, 9.913741976280993740 ) ) ;
#7440 = CARTESIAN_POINT ( 'NONE',  ( 0.000000000000000000, 0.000000000000000000, 6.500000000000000888 ) ) ;
#7441 = CARTESIAN_POINT ( 'NONE',  ( 5.280162357808650064, 9.148185919534606469, 16.00000000000000000 ) ) ;
#7442 = EDGE_CURVE ( 'NONE', #4173, #2464, #1742, .T. ) ;
#7443 = ADVANCED_FACE ( 'NONE', ( #559 ), #6551, .F. ) ;
#7444 = VERTEX_POINT ( 'NONE', #5903 ) ;
#7445 = CARTESIAN_POINT ( 'NONE',  ( 10.64537435473997462, -8.932529694806415677, 7.500000000000000888 ) ) ;
#7446 = ORIENTED_EDGE ( 'NONE', *, *, #6873, .F. ) ;
#7447 = CARTESIAN_POINT ( 'NONE',  ( 55.42940843595008715, 20.11110936274824113, 6.189311538800847120E-14 ) ) ;
#7448 = ORIENTED_EDGE ( 'NONE', *, *, #3875, .T. ) ;
#7449 = LINE ( 'NONE', #1506, #4867 ) ;
#7450 = VECTOR ( 'NONE', #1994, 1000.000000000000000 ) ;
#7451 = DIRECTION ( 'NONE',  ( 0.000000000000000000, 0.000000000000000000, -1.000000000000000000 ) ) ;
#7452 = CARTESIAN_POINT ( 'NONE',  ( 43.91080635171569213, 21.05956626302953083, 2.479136091936162245 ) ) ;
#7453 = VERTEX_POINT ( 'NONE', #4615 ) ;
#7454 = CARTESIAN_POINT ( 'NONE',  ( 16.46245746477759297, -2.000000000000001776, 6.346846023579763241 ) ) ;
#7455 = ADVANCED_FACE ( 'NONE', ( #1863, #7241 ), #8442, .F. ) ;
#7456 = ORIENTED_EDGE ( 'NONE', *, *, #3923, .F. ) ;
#7457 = ORIENTED_EDGE ( 'NONE', *, *, #1820, .F. ) ;
#7458 = VERTEX_POINT ( 'NONE', #253 ) ;
#7459 = LINE ( 'NONE', #857, #1307 ) ;
#7460 = CARTESIAN_POINT ( 'NONE',  ( -8.810573794136109527, 15.28836008512173272, -3.280923580679766971 ) ) ;
#7461 = CYLINDRICAL_SURFACE ( 'NONE', #2499, 2.000000000000001776 ) ;
#7462 = CARTESIAN_POINT ( 'NONE',  ( 12.70366881130524206, -10.65964381416458195, 9.542893218813444989 ) ) ;
#7463 = ADVANCED_FACE ( 'NONE', ( #3532 ), #1421, .F. ) ;
#7464 = CARTESIAN_POINT ( 'NONE',  ( -28.06256458244927288, 17.55466770191092962, 13.13992836512346685 ) ) ;
#7465 = DIRECTION ( 'NONE',  ( 0.000000000000000000, 1.000000000000000000, 0.000000000000000000 ) ) ;
#7466 = LINE ( 'NONE', #1651, #7758 ) ;
#7467 = DIRECTION ( 'NONE',  ( 0.7660444431189765702, -0.6427876096865410283, 0.000000000000000000 ) ) ;
#7468 = DIRECTION ( 'NONE',  ( 0.000000000000000000, 0.000000000000000000, 1.000000000000000000 ) ) ;
#7469 = PRODUCT_DEFINITION_SHAPE ( 'NONE', 'NONE',  #3402 ) ;
#7470 = CARTESIAN_POINT ( 'NONE',  ( 11.41141879785895163, -9.575317304492957149, 6.500000000000000888 ) ) ;
#7471 = CARTESIAN_POINT ( 'NONE',  ( 42.85498271126994041, 18.87982967464845174, -69.29567612788925146 ) ) ;
#7472 = CARTESIAN_POINT ( 'NONE',  ( 5.391624560436410363, 5.791139803088745097, 9.499999999999998224 ) ) ;
#7473 = DIRECTION ( 'NONE',  ( 0.7660444431189771253, -0.6427876096865403621, 3.421138828918010427E-49 ) ) ;
#7474 = ORIENTED_EDGE ( 'NONE', *, *, #5646, .F. ) ;
#7475 = DIRECTION ( 'NONE',  ( -0.3918262090632206873, 0.5886189105789428888, -0.7071067811865501263 ) ) ;
#7476 = CARTESIAN_POINT ( 'NONE',  ( 18.61221772388554996, 0.04361722090166478966, 6.471467695297166145 ) ) ;
#7477 = CARTESIAN_POINT ( 'NONE',  ( 3.783020377284595614, 8.033781369512112747, 9.499999999999996447 ) ) ;
#7478 = FACE_OUTER_BOUND ( 'NONE', #3456, .T. ) ;
#7479 = LINE ( 'NONE', #7523, #929 ) ;
#7480 = AXIS2_PLACEMENT_3D ( 'NONE', #686, #6, #644 ) ;
#7481 = CIRCLE ( 'NONE', #3777, 1.999999999999999556 ) ;
#7482 = ORIENTED_EDGE ( 'NONE', *, *, #4980, .F. ) ;
#7483 = ORIENTED_EDGE ( 'NONE', *, *, #8145, .F. ) ;
#7484 = CARTESIAN_POINT ( 'NONE',  ( 3.722804632858757401, 23.87423583406181393, 17.85067149227999295 ) ) ;
#7485 = ORIENTED_EDGE ( 'NONE', *, *, #8030, .F. ) ;
#7486 = LINE ( 'NONE', #7326, #8036 ) ;
#7487 = VECTOR ( 'NONE', #1338, 1000.000000000000000 ) ;
#7488 = CARTESIAN_POINT ( 'NONE',  ( -13.92509863149369842, 21.19113980308874190, 0.000000000000000000 ) ) ;
#7489 = CARTESIAN_POINT ( 'NONE',  ( 6.472731468739776339, 9.999999999999996447, 0.3660254037844382635 ) ) ;
#7490 = EDGE_LOOP ( 'NONE', ( #3155, #6470, #4389, #2817, #287 ) ) ;
#7491 = EDGE_CURVE ( 'NONE', #8483, #1127, #7013, .T. ) ;
#7492 = AXIS2_PLACEMENT_3D ( 'NONE', #4809, #6747, #1003 ) ;
#7493 = ORIENTED_EDGE ( 'NONE', *, *, #8502, .F. ) ;
#7494 = ORIENTED_EDGE ( 'NONE', *, *, #4256, .F. ) ;
#7495 = ORIENTED_EDGE ( 'NONE', *, *, #138, .T. ) ;
#7496 = CARTESIAN_POINT ( 'NONE',  ( 22.01653361753182736, 1.697184315131276433, 9.749999999999994671 ) ) ;
#7497 = AXIS2_PLACEMENT_3D ( 'NONE', #4625, #5224, #1345 ) ;
#7498 = CARTESIAN_POINT ( 'NONE',  ( -3.030860574647769923, 16.11479439563204608, -3.974655647250568968 ) ) ;
#7499 = EDGE_CURVE ( 'NONE', #3937, #6042, #7975, .T. ) ;
#7500 = EDGE_CURVE ( 'NONE', #6886, #6666, #7816, .T. ) ;
#7501 = EDGE_CURVE ( 'NONE', #6852, #6769, #2851, .T. ) ;
#7502 = LINE ( 'NONE', #6733, #15 ) ;
#7503 = CARTESIAN_POINT ( 'NONE',  ( 42.51513640388095183, -6.246196747414927586, 9.896446609406726935 ) ) ;
#7504 = CIRCLE ( 'NONE', #2559, 2.000000000000000444 ) ;
#7505 = AXIS2_PLACEMENT_3D ( 'NONE', #5607, #7080, #4361 ) ;
#7506 = CARTESIAN_POINT ( 'NONE',  ( 38.76774932029734799, 19.21926480921703373, -3.421219563417644327 ) ) ;
#7507 = DIRECTION ( 'NONE',  ( -0.000000000000000000, -4.380836477779452743E-16, -1.000000000000000000 ) ) ;
#7508 = LINE ( 'NONE', #5524, #62 ) ;
#7509 = CARTESIAN_POINT ( 'NONE',  ( 4.631804567525529492, 8.471671458319450565, 10.49999999999999822 ) ) ;
#7510 = DIRECTION ( 'NONE',  ( 0.000000000000000000, -0.000000000000000000, -1.000000000000000000 ) ) ;
#7511 =( BOUNDED_CURVE ( )  B_SPLINE_CURVE ( 3, ( #7692, #2484, #1631, #4263 ),
 .UNSPECIFIED., .F., .F. ) 
 B_SPLINE_CURVE_WITH_KNOTS ( ( 4, 4 ),
 ( 6.128332693342740001, 7.109800601302302070 ),
 .UNSPECIFIED. ) 
 CURVE ( )  GEOMETRIC_REPRESENTATION_ITEM ( )  RATIONAL_B_SPLINE_CURVE ( ( 1.000000000000000000, 0.9213248021641835539, 0.9213248021641835539, 1.000000000000000000 ) ) 
 REPRESENTATION_ITEM ( '' )  );
#7512 = EDGE_CURVE ( 'NONE', #6905, #3913, #2808, .T. ) ;
#7513 = EDGE_CURVE ( 'NONE', #421, #4146, #1293, .T. ) ;
#7514 = LINE ( 'NONE', #4848, #7818 ) ;
#7515 = CARTESIAN_POINT ( 'NONE',  ( -17.42509863149369664, 19.69113980308874190, 8.500000000000000000 ) ) ;
#7516 = DIRECTION ( 'NONE',  ( -1.000000000000000000, 0.000000000000000000, 0.000000000000000000 ) ) ;
#7517 = CARTESIAN_POINT ( 'NONE',  ( 42.23230605038804697, 18.19113980308874190, 7.228807786018432324 ) ) ;
#7518 = VERTEX_POINT ( 'NONE', #892 ) ;
#7519 = DIRECTION ( 'NONE',  ( 0.000000000000000000, -0.8386705679454272699, -0.5446390350150221993 ) ) ;
#7520 = CARTESIAN_POINT ( 'NONE',  ( 17.17432295343224169, -1.311739143854020240, 6.303955170494471183 ) ) ;
#7521 = LINE ( 'NONE', #3481, #4378 ) ;
#7522 = CARTESIAN_POINT ( 'NONE',  ( -2.057156266878092499, 24.02944188767534328, 12.20048102841007598 ) ) ;
#7523 = CARTESIAN_POINT ( 'NONE',  ( 10.85968678772822216, 1.202890804913758771, 8.309456494859478681 ) ) ;
#7524 = B_SPLINE_CURVE_WITH_KNOTS ( 'NONE', 3,
 ( #7748, #1851, #3189, #8346 ),
 .UNSPECIFIED., .F., .F.,
 ( 4, 4 ),
 ( 2.770943173327074921E-07, 0.0003910031981898036630 ),
 .UNSPECIFIED. ) ;
#7525 = AXIS2_PLACEMENT_3D ( 'NONE', #4347, #1633, #893 ) ;
#7526 = ORIENTED_EDGE ( 'NONE', *, *, #6555, .F. ) ;
#7527 = CARTESIAN_POINT ( 'NONE',  ( 38.76774932029735510, 19.21926480921703018, 20.42121956341761191 ) ) ;
#7528 = EDGE_LOOP ( 'NONE', ( #1677, #6002, #6303, #5676 ) ) ;
#7529 = CARTESIAN_POINT ( 'NONE',  ( 20.03271016218568690, 0.4529206311360352011, 7.204370582056779604 ) ) ;
#7530 = ORIENTED_EDGE ( 'NONE', *, *, #5015, .F. ) ;
#7531 = LINE ( 'NONE', #2569, #1699 ) ;
#7532 = CARTESIAN_POINT ( 'NONE',  ( 34.08388000213501101, 25.35864053760572645, 16.65061366012459132 ) ) ;
#7533 = CARTESIAN_POINT ( 'NONE',  ( 43.52463597766137582, 21.09487796451089636, 6.562270077671199964 ) ) ;
#7534 = ORIENTED_EDGE ( 'NONE', *, *, #6515, .T. ) ;
#7535 = VECTOR ( 'NONE', #1348, 1000.000000000000000 ) ;
#7536 = ORIENTED_EDGE ( 'NONE', *, *, #2650, .F. ) ;
#7537 = CIRCLE ( 'NONE', #7956, 1.749999999999999778 ) ;
#7538 = ORIENTED_EDGE ( 'NONE', *, *, #1469, .T. ) ;
#7539 = CIRCLE ( 'NONE', #796, 1.000000000000000000 ) ;
#7540 = VERTEX_POINT ( 'NONE', #810 ) ;
#7541 = CARTESIAN_POINT ( 'NONE',  ( 30.50023780723907407, 9.742618459235409034, 25.81271544900117121 ) ) ;
#7542 = CIRCLE ( 'NONE', #6994, 1.853553390593266847 ) ;
#7543 = DIRECTION ( 'NONE',  ( 0.6945643812950939022, -0.7194305527541651202, 0.000000000000000000 ) ) ;
#7544 = FACE_OUTER_BOUND ( 'NONE', #8061, .T. ) ;
#7545 = CARTESIAN_POINT ( 'NONE',  ( -26.34540142444716793, 20.55976606469232948, 4.455907779493372800 ) ) ;
#7546 = CIRCLE ( 'NONE', #3536, 95.27649995148391326 ) ;
#7547 = AXIS2_PLACEMENT_3D ( 'NONE', #5321, #7957, #3397 ) ;
#7548 = VERTEX_POINT ( 'NONE', #3453 ) ;
#7549 = EDGE_CURVE ( 'NONE', #7049, #5464, #2890, .T. ) ;
#7550 = ADVANCED_FACE ( 'NONE', ( #4738 ), #2248, .T. ) ;
#7551 = DIRECTION ( 'NONE',  ( 0.7660444431189771253, -0.6427876096865403621, 0.000000000000000000 ) ) ;
#7552 = ORIENTED_EDGE ( 'NONE', *, *, #6095, .F. ) ;
#7553 = CARTESIAN_POINT ( 'NONE',  ( 16.06644172404391213, 11.06284411194225292, 8.504668119422598593 ) ) ;
#7554 = DIRECTION ( 'NONE',  ( 0.6007449298320932662, -0.7994407603325173195, 0.000000000000000000 ) ) ;
#7555 = DIRECTION ( 'NONE',  ( -1.000000000000000000, 0.000000000000000000, 0.000000000000000000 ) ) ;
#7556 = CARTESIAN_POINT ( 'NONE',  ( -21.45155608743462494, 21.25887202063210069, 2.739486790229582081 ) ) ;
#7557 = CARTESIAN_POINT ( 'NONE',  ( -1.338791074253852020, 24.31742968036740749, 11.28845090709623378 ) ) ;
#7558 = CARTESIAN_POINT ( 'NONE',  ( 41.66792509647202536, 21.22062823083485128, 24.96111902489971257 ) ) ;
#7559 = LINE ( 'NONE', #4889, #4841 ) ;
#7560 = EDGE_CURVE ( 'NONE', #6568, #5038, #937, .T. ) ;
#7561 = CARTESIAN_POINT ( 'NONE',  ( 42.30629959681858310, 18.19113980308874190, 7.241624921535331438 ) ) ;
#7562 = ORIENTED_EDGE ( 'NONE', *, *, #1234, .T. ) ;
#7563 = CARTESIAN_POINT ( 'NONE',  ( 3.704000693788446874, 18.18984268085894485, 6.500000746770428606 ) ) ;
#7564 =( BOUNDED_CURVE ( )  B_SPLINE_CURVE ( 3, ( #5258, #7806, #4537, #2591 ),
 .UNSPECIFIED., .F., .T. ) 
 B_SPLINE_CURVE_WITH_KNOTS ( ( 4, 4 ),
 ( 1.570796326794893449, 3.141592653589793116 ),
 .UNSPECIFIED. ) 
 CURVE ( )  GEOMETRIC_REPRESENTATION_ITEM ( )  RATIONAL_B_SPLINE_CURVE ( ( 1.000000000000000000, 0.8047378541243643824, 0.8047378541243643824, 1.000000000000000000 ) ) 
 REPRESENTATION_ITEM ( '' )  );
#7565 = CARTESIAN_POINT ( 'NONE',  ( 18.49616441570876901, -0.06578334601644303392, 6.464370577058236478 ) ) ;
#7566 = FACE_OUTER_BOUND ( 'NONE', #1473, .T. ) ;
#7567 = CARTESIAN_POINT ( 'NONE',  ( 33.76296481622318879, 18.19033847197163212, 6.802341450704831871 ) ) ;
#7568 = CARTESIAN_POINT ( 'NONE',  ( 5.421010862427522170E-16, 21.19113980308874190, 12.00000000000000000 ) ) ;
#7569 = EDGE_CURVE ( 'NONE', #4478, #1186, #7411, .T. ) ;
#7570 = ORIENTED_EDGE ( 'NONE', *, *, #2872, .F. ) ;
#7571 = CARTESIAN_POINT ( 'NONE',  ( 23.00000000000000355, 9.999999999999998224, 17.00000000000000000 ) ) ;
#7572 = ORIENTED_EDGE ( 'NONE', *, *, #7876, .T. ) ;
#7573 = APPLICATION_PROTOCOL_DEFINITION ( 'draft international standard', 'automotive_design', 1998, #3613 ) ;
#7574 = CARTESIAN_POINT ( 'NONE',  ( 39.25125892410041217, 17.07359937514922521, 6.646446609406729600 ) ) ;
#7575 = ORIENTED_EDGE ( 'NONE', *, *, #7423, .F. ) ;
#7576 = CARTESIAN_POINT ( 'NONE',  ( 19.42923676168902958, -0.02510272071840053201, 9.567127958523212072 ) ) ;
#7577 = CARTESIAN_POINT ( 'NONE',  ( -1.295922802943812790, 23.15706558212811927, 17.22931060768059552 ) ) ;
#7578 = ORIENTED_EDGE ( 'NONE', *, *, #1997, .F. ) ;
#7579 = EDGE_CURVE ( 'NONE', #3635, #661, #7486, .T. ) ;
#7580 = VERTEX_POINT ( 'NONE', #6846 ) ;
#7581 = CIRCLE ( 'NONE', #3739, 1.396446609406722050 ) ;
#7582 = ORIENTED_EDGE ( 'NONE', *, *, #3620, .F. ) ;
#7583 = ORIENTED_EDGE ( 'NONE', *, *, #6613, .T. ) ;
#7584 = DIRECTION ( 'NONE',  ( -0.9907350496360612935, 0.1358089151073353928, 0.000000000000000000 ) ) ;
#7585 = B_SPLINE_CURVE_WITH_KNOTS ( 'NONE', 3,
 ( #557, #7156, #3846, #3237 ),
 .UNSPECIFIED., .F., .F.,
 ( 4, 4 ),
 ( 0.8822882950239687716, 1.000000000000000000 ),
 .UNSPECIFIED. ) ;
#7586 = DIRECTION ( 'NONE',  ( 0.5671072145501000472, -0.4758594545669648790, -0.6722701738917602476 ) ) ;
#7587 = DIRECTION ( 'NONE',  ( -1.000000000000000000, 0.000000000000000000, 0.000000000000000000 ) ) ;
#7588 = CARTESIAN_POINT ( 'NONE',  ( 4.114130159123090102, 7.302144996640302921, 10.50000000000000178 ) ) ;
#7589 = AXIS2_PLACEMENT_3D ( 'NONE', #750, #709, #5883 ) ;
#7590 = ORIENTED_EDGE ( 'NONE', *, *, #1802, .T. ) ;
#7591 = CARTESIAN_POINT ( 'NONE',  ( -13.92509863149369842, 21.19113980308874190, 12.00000000000000000 ) ) ;
#7592 = EDGE_LOOP ( 'NONE', ( #5668, #8298, #8489, #7105, #6487 ) ) ;
#7593 = DIRECTION ( 'NONE',  ( -0.000000000000000000, -0.000000000000000000, -1.000000000000000000 ) ) ;
#7594 = CARTESIAN_POINT ( 'NONE',  ( 13.00000000000000000, 14.00554976279612873, 17.00000000000000000 ) ) ;
#7595 = CARTESIAN_POINT ( 'NONE',  ( -1.398576466903264537, 24.41938942862417861, 6.213732533963025162 ) ) ;
#7596 = CARTESIAN_POINT ( 'NONE',  ( 3.704000693788446874, 18.18984268085894485, 6.500000746770428606 ) ) ;
#7597 = CARTESIAN_POINT ( 'NONE',  ( 4.043423027759357247, 17.45415055154095896, -4.624526948566318296 ) ) ;
#7598 = DIRECTION ( 'NONE',  ( -1.000000000000000000, -5.338552132580231841E-15, 0.000000000000000000 ) ) ;
#7599 = EDGE_CURVE ( 'NONE', #1023, #5918, #7449, .T. ) ;
#7600 = CARTESIAN_POINT ( 'NONE',  ( 6.998593584652762267, 7.706250910886192074, 1.006360682064675105 ) ) ;
#7601 = ADVANCED_FACE ( 'NONE', ( #7366 ), #5992, .F. ) ;
#7602 = FACE_OUTER_BOUND ( 'NONE', #6273, .T. ) ;
#7603 = ORIENTED_EDGE ( 'NONE', *, *, #5214, .F. ) ;
#7604 = CARTESIAN_POINT ( 'NONE',  ( 40.73495594022866584, 19.83273922365604847, 35.11652866589650301 ) ) ;
#7605 = CARTESIAN_POINT ( 'NONE',  ( 17.66870321473906458, -0.8457446632935706754, 6.387450999881434832 ) ) ;
#7606 = CARTESIAN_POINT ( 'NONE',  ( -26.40455886408846453, 18.04142508849550097, 15.13618763367214548 ) ) ;
#7607 = LINE ( 'NONE', #927, #5880 ) ;
#7608 = CARTESIAN_POINT ( 'NONE',  ( 6.579886473998326935, 8.002544093717267160, 17.00000000000000000 ) ) ;
#7609 = EDGE_CURVE ( 'NONE', #2523, #2683, #4596, .T. ) ;
#7610 = DIRECTION ( 'NONE',  ( -1.000000000000000000, 0.000000000000000000, -0.000000000000000000 ) ) ;
#7611 =( BOUNDED_CURVE ( )  B_SPLINE_CURVE ( 3, ( #7740, #1841, #4468, #3135 ),
 .UNSPECIFIED., .F., .F. ) 
 B_SPLINE_CURVE_WITH_KNOTS ( ( 4, 4 ),
 ( 2.617993877991490859, 3.665191429188095817 ),
 .UNSPECIFIED. ) 
 CURVE ( )  GEOMETRIC_REPRESENTATION_ITEM ( )  RATIONAL_B_SPLINE_CURVE ( ( 1.000000000000000000, 0.9106836025229578802, 0.9106836025229578802, 1.000000000000000000 ) ) 
 REPRESENTATION_ITEM ( '' )  );
#7612 = CARTESIAN_POINT ( 'NONE',  ( 51.39213054638369016, 18.19624109611205398, 10.07321850053429380 ) ) ;
#7613 = ORIENTED_EDGE ( 'NONE', *, *, #8490, .T. ) ;
#7614 = DIRECTION ( 'NONE',  ( 1.000000000000000000, 0.000000000000000000, 0.000000000000000000 ) ) ;
#7615 = ORIENTED_EDGE ( 'NONE', *, *, #6683, .T. ) ;
#7616 = DIRECTION ( 'NONE',  ( 1.000000000000000000, 7.112366251504907509E-15, 0.000000000000000000 ) ) ;
#7617 = VERTEX_POINT ( 'NONE', #6112 ) ;
#7618 = CARTESIAN_POINT ( 'NONE',  ( 17.06541298238673221, -1.564948197525725559, 10.34629607703944387 ) ) ;
#7619 = DIRECTION ( 'NONE',  ( 0.000000000000000000, 1.000000000000000000, 0.000000000000000000 ) ) ;
#7620 = ORIENTED_EDGE ( 'NONE', *, *, #1549, .F. ) ;
#7621 = EDGE_CURVE ( 'NONE', #6121, #4951, #8314, .T. ) ;
#7622 = ORIENTED_EDGE ( 'NONE', *, *, #546, .T. ) ;
#7623 = AXIS2_PLACEMENT_3D ( 'NONE', #1947, #7323, #4571 ) ;
#7624 = ORIENTED_EDGE ( 'NONE', *, *, #721, .F. ) ;
#7625 = VERTEX_POINT ( 'NONE', #5467 ) ;
#7626 = CARTESIAN_POINT ( 'NONE',  ( 16.44969171321760015, -2.008497783454218144, 6.266812020788870896 ) ) ;
#7627 = CARTESIAN_POINT ( 'NONE',  ( 12.99999308932007125, 14.00555643461749078, 0.3333333333333292625 ) ) ;
#7628 = EDGE_CURVE ( 'NONE', #3835, #4707, #4904, .T. ) ;
#7629 = LINE ( 'NONE', #5642, #7861 ) ;
#7630 = CARTESIAN_POINT ( 'NONE',  ( 3.467932343692218033, 9.999999999999998224, 10.50000000000000178 ) ) ;
#7631 = ORIENTED_EDGE ( 'NONE', *, *, #7733, .T. ) ;
#7632 = AXIS2_PLACEMENT_3D ( 'NONE', #4002, #713, #2708 ) ;
#7633 = CARTESIAN_POINT ( 'NONE',  ( 47.40483542659831784, 0.000000000000000000, 0.000000000000000000 ) ) ;
#7634 = ORIENTED_EDGE ( 'NONE', *, *, #7733, .F. ) ;
#7635 = DIRECTION ( 'NONE',  ( 0.6007449298320932662, -0.7994407603325173195, 0.000000000000000000 ) ) ;
#7636 = DIRECTION ( 'NONE',  ( -0.000000000000000000, -0.000000000000000000, 1.000000000000000000 ) ) ;
#7637 = CARTESIAN_POINT ( 'NONE',  ( -1.339843883256769841, 24.31727928227515534, 11.28951440432083331 ) ) ;
#7638 = CARTESIAN_POINT ( 'NONE',  ( 53.73973403865349496, 18.19686965874862139, 7.723754536762678313 ) ) ;
#7639 = CARTESIAN_POINT ( 'NONE',  ( 42.61671328683472382, 18.19113980308874190, 7.203090613293326783 ) ) ;
#7640 = CYLINDRICAL_SURFACE ( 'NONE', #5061, 1.000000000000000888 ) ;
#7641 = CARTESIAN_POINT ( 'NONE',  ( 23.00000000000000000, 5.791139803088731774, 16.99999999999999289 ) ) ;
#7642 = CIRCLE ( 'NONE', #2694, 95.27649995148391326 ) ;
#7643 = CYLINDRICAL_SURFACE ( 'NONE', #626, 1.750000000000003331 ) ;
#7644 = EDGE_LOOP ( 'NONE', ( #8003, #2889, #556, #2916, #1763, #904 ) ) ;
#7645 = FACE_OUTER_BOUND ( 'NONE', #5851, .T. ) ;
#7646 = AXIS2_PLACEMENT_3D ( 'NONE', #4277, #6260, #521 ) ;
#7647 = CARTESIAN_POINT ( 'NONE',  ( 16.54133471665739563, -1.908395640379110469, 5.960770452136077147 ) ) ;
#7648 = CARTESIAN_POINT ( 'NONE',  ( -16.74067031885458334, 17.90652090723994760, 17.15801570227616679 ) ) ;
#7649 = B_SPLINE_CURVE_WITH_KNOTS ( 'NONE', 3,
 ( #928, #8167, #4295, #6232, #5500, #2280, #4898, #1578, #2883, #4978, #2322, #6882, #3612, #1536, #6791, #2966, #5582, #4941 ),
 .UNSPECIFIED., .F., .F.,
 ( 4, 2, 2, 2, 2, 2, 2, 2, 4 ),
 ( 0.000000000000000000, 0.0002888962154128122285, 0.0005777924308256244569, 0.001155584861651251299, 0.002311169723302514308, 0.003466754584953777533, 0.004044547015779404592, 0.004333443231192214001, 0.004622339446605022543 ),
 .UNSPECIFIED. ) ;
#7650 = CARTESIAN_POINT ( 'NONE',  ( 39.83735386529524902, 18.18968056057326521, 6.675003181240614758 ) ) ;
#7651 = CARTESIAN_POINT ( 'NONE',  ( 16.73092302565667566, -1.729689869562150761, 10.82351941646234472 ) ) ;
#7652 = LINE ( 'NONE', #5841, #6760 ) ;
#7653 = DIRECTION ( 'NONE',  ( -1.000000000000000000, 0.000000000000000000, 0.000000000000000000 ) ) ;
#7654 = ORIENTED_EDGE ( 'NONE', *, *, #2529, .T. ) ;
#7655 = CARTESIAN_POINT ( 'NONE',  ( -2.184364863409158808, 23.75873158673381980, 6.377946096336125414 ) ) ;
#7656 = ADVANCED_FACE ( 'NONE', ( #3774 ), #3087, .F. ) ;
#7658 = EDGE_LOOP ( 'NONE', ( #2982, #3771, #7847, #4010 ) ) ;
#7657 = EDGE_CURVE ( 'NONE', #7548, #8391, #2440, .T. ) ;
#7659 = DIRECTION ( 'NONE',  ( 0.000000000000000000, 0.000000000000000000, 1.000000000000000000 ) ) ;
#7660 = ORIENTED_EDGE ( 'NONE', *, *, #4868, .F. ) ;
#7661 = CARTESIAN_POINT ( 'NONE',  ( 16.47549411309420719, -1.982115906145524464, 10.75826160656060004 ) ) ;
#7662 = CARTESIAN_POINT ( 'NONE',  ( 3.722879949897043961, 20.91860695387909885, 19.56806641692417870 ) ) ;
#7663 = EDGE_LOOP ( 'NONE', ( #3022, #4686, #4291, #4431 ) ) ;
#7664 = B_SPLINE_CURVE_WITH_KNOTS ( 'NONE', 3,
 ( #7606, #364, #5065, #5753, #8379, #2486, #3090, #3822, #6448, #7648, #3734, #4332, #1701, #8288, #6361, #4513, #2397, #537, #7138, #3180, #1747, #4377, #443, #3776, #6962 ),
 .UNSPECIFIED., .F., .F.,
 ( 4, 2, 2, 2, 1, 1, 1, 2, 2, 1, 2, 2, 1, 2, 4 ),
 ( 0.3373469092140178871, 0.4913485743915818604, 0.4961611264283808387, 0.5009736784651798169, 0.5105987825387777734, 0.5298489906859737975, 0.5683494069803656235, 0.6453502395691494975, 0.7223510721579334826, 0.7416012803051292845, 0.7464138323419283738, 0.7512263843787273521, 0.7608514884523254196, 0.7993519047467174676, 0.9533535699242861039 ),
 .UNSPECIFIED. ) ;
#7665 = VERTEX_POINT ( 'NONE', #4550 ) ;
#7666 = EDGE_CURVE ( 'NONE', #7444, #6727, #58, .T. ) ;
#7667 = ORIENTED_EDGE ( 'NONE', *, *, #324, .F. ) ;
#7668 = CARTESIAN_POINT ( 'NONE',  ( 6.686238103072235539, 7.968348280276609685, 16.00000000000000000 ) ) ;
#7669 = VERTEX_POINT ( 'NONE', #8377 ) ;
#7670 = AXIS2_PLACEMENT_3D ( 'NONE', #3837, #6418, #502 ) ;
#7671 = DIRECTION ( 'NONE',  ( 1.000000000000000000, -0.000000000000000000, 0.000000000000000000 ) ) ;
#7672 = LINE ( 'NONE', #6902, #3194 ) ;
#7673 = CARTESIAN_POINT ( 'NONE',  ( 16.48465072073415172, -1.973551107482416134, 5.650160143286528047 ) ) ;
#7674 = TOROIDAL_SURFACE ( 'NONE', #379, 20.95710678118655679, 0.5000000000000000000 ) ;
#7675 = EDGE_LOOP ( 'NONE', ( #6345, #5606, #4128, #3057 ) ) ;
#7676 = CIRCLE ( 'NONE', #2191, 2.000000000000000000 ) ;
#7677 = CARTESIAN_POINT ( 'NONE',  ( 47.40483542659831784, 18.48586006325911413, -1.448537420077292026 ) ) ;
#7678 = VECTOR ( 'NONE', #4130, 1000.000000000000000 ) ;
#7679 = ORIENTED_EDGE ( 'NONE', *, *, #1869, .F. ) ;
#7680 = DIRECTION ( 'NONE',  ( 1.000000000000000000, 0.000000000000000000, 0.000000000000000000 ) ) ;
#7681 = CARTESIAN_POINT ( 'NONE',  ( 50.84849726975816253, 18.19737862891230762, 7.343688401821697909 ) ) ;
#7682 = PLANE ( 'NONE',  #2157 ) ;
#7683 = CARTESIAN_POINT ( 'NONE',  ( -17.42509863149369664, -2.354426227855074938, 8.500000000000000000 ) ) ;
#7684 = VECTOR ( 'NONE', #1629, 1000.000000000000000 ) ;
#7685 = CARTESIAN_POINT ( 'NONE',  ( 23.00000000000000355, 9.999999999999998224, -1.167784393920613666E-21 ) ) ;
#7686 = FACE_OUTER_BOUND ( 'NONE', #4086, .T. ) ;
#7687 = VECTOR ( 'NONE', #2654, 1000.000000000000000 ) ;
#7688 = CARTESIAN_POINT ( 'NONE',  ( 43.95366690147357502, 18.13170059572880888, 13.16896645701235435 ) ) ;
#7689 = CARTESIAN_POINT ( 'NONE',  ( 1.898788498857842288, 18.19125501892943930, 9.797512039259736127 ) ) ;
#7690 = VERTEX_POINT ( 'NONE', #7051 ) ;
#7691 = CARTESIAN_POINT ( 'NONE',  ( 42.85498271126994041, 18.87982967464845174, 86.29567612788922304 ) ) ;
#7692 = CARTESIAN_POINT ( 'NONE',  ( 47.40483542659831784, 18.03750896597755826, -2.280052717616167346 ) ) ;
#7693 = FACE_OUTER_BOUND ( 'NONE', #5931, .T. ) ;
#7694 = DIRECTION ( 'NONE',  ( -0.6427876096865408062, -0.7660444431189769032, 0.000000000000000000 ) ) ;
#7695 = B_SPLINE_CURVE_WITH_KNOTS ( 'NONE', 3,
 ( #3815, #3729, #5655, #8457, #5745, #1137 ),
 .UNSPECIFIED., .F., .F.,
 ( 4, 2, 4 ),
 ( 0.000000000000000000, 0.01532292076288322737, 0.03064584152576644779 ),
 .UNSPECIFIED. ) ;
#7696 = CARTESIAN_POINT ( 'NONE',  ( 41.39493856415493411, 18.17027851805894301, 11.80359632201800046 ) ) ;
#7697 = DIRECTION ( 'NONE',  ( -0.000000000000000000, -0.000000000000000000, -1.000000000000000000 ) ) ;
#7698 = DIRECTION ( 'NONE',  ( 0.000000000000000000, 0.000000000000000000, 1.000000000000000000 ) ) ;
#7699 = CARTESIAN_POINT ( 'NONE',  ( 4.115266738269844460, 29.46670641872289664, -0.9031512080691327382 ) ) ;
#7700 = ORIENTED_EDGE ( 'NONE', *, *, #2927, .F. ) ;
#7701 = CARTESIAN_POINT ( 'NONE',  ( 12.30591895249816581, 3.252876152189283943, 8.500000000000000000 ) ) ;
#7702 = ORIENTED_EDGE ( 'NONE', *, *, #6563, .F. ) ;
#7703 = CARTESIAN_POINT ( 'NONE',  ( 16.49357741269428956, -1.962912690268943772, 11.30950123282363684 ) ) ;
#7704 = EDGE_LOOP ( 'NONE', ( #3748, #5230, #3043, #252, #1639 ) ) ;
#7705 = CARTESIAN_POINT ( 'NONE',  ( 30.04967910986500357, 10.34219902948479941, 6.500000000000000888 ) ) ;
#7706 = CARTESIAN_POINT ( 'NONE',  ( 10.93401483852293588, 18.34584124333168376, 10.35355339059327839 ) ) ;
#7707 = ORIENTED_EDGE ( 'NONE', *, *, #5772, .F. ) ;
#7708 = EDGE_CURVE ( 'NONE', #6388, #4892, #7531, .T. ) ;
#7709 = EDGE_CURVE ( 'NONE', #4093, #5421, #1925, .T. ) ;
#7710 = ADVANCED_FACE ( 'NONE', ( #5112 ), #6199, .F. ) ;
#7711 = B_SPLINE_CURVE_WITH_KNOTS ( 'NONE', 3,
 ( #7097, #3138, #7650, #3222 ),
 .UNSPECIFIED., .F., .F.,
 ( 4, 4 ),
 ( 0.0005902233477157490605, 0.0007113737725409477247 ),
 .UNSPECIFIED. ) ;
#7712 = ORIENTED_EDGE ( 'NONE', *, *, #1406, .T. ) ;
#7713 = VERTEX_POINT ( 'NONE', #1230 ) ;
#7714 = DIRECTION ( 'NONE',  ( -9.930073858567526929E-34, -1.418551935884519231E-34, -1.000000000000000000 ) ) ;
#7715 = VERTEX_POINT ( 'NONE', #4511 ) ;
#7716 = CARTESIAN_POINT ( 'NONE',  ( 42.30713025778524639, 18.19113980308871703, 9.758432048583356888 ) ) ;
#7717 = CARTESIAN_POINT ( 'NONE',  ( 13.00000000000000355, 14.00554976279612873, 1.000000000000000000 ) ) ;
#7718 =( BOUNDED_CURVE ( )  B_SPLINE_CURVE ( 3, ( #6266, #7557, #2956, #357 ),
 .UNSPECIFIED., .F., .F. ) 
 B_SPLINE_CURVE_WITH_KNOTS ( ( 4, 4 ),
 ( 1.084202172485504434E-15, 0.5235987755983030345 ),
 .UNSPECIFIED. ) 
 CURVE ( )  GEOMETRIC_REPRESENTATION_ITEM ( )  RATIONAL_B_SPLINE_CURVE ( ( 1.000000000000000000, 0.9772838841927118381, 0.9772838841927118381, 1.000000000000000000 ) ) 
 REPRESENTATION_ITEM ( '' )  );
#7719 = DIRECTION ( 'NONE',  ( -0.7999982209737612759, 0.6000023720276587147, 7.092906894616938024E-34 ) ) ;
#7720 = CARTESIAN_POINT ( 'NONE',  ( 5.377747213125707582, 5.802784280098815195, 10.50000000000000178 ) ) ;
#7721 = EDGE_CURVE ( 'NONE', #3416, #5976, #7511, .T. ) ;
#7722 = AXIS2_PLACEMENT_3D ( 'NONE', #5519, #2178, #6210 ) ;
#7723 = EDGE_LOOP ( 'NONE', ( #8264, #636, #4009, #3903 ) ) ;
#7724 = DIRECTION ( 'NONE',  ( -0.000000000000000000, 0.000000000000000000, 1.000000000000000000 ) ) ;
#7725 = EDGE_LOOP ( 'NONE', ( #8516, #4984, #5639, #8398 ) ) ;
#7726 = CARTESIAN_POINT ( 'NONE',  ( 27.19424754150141155, 6.609555446315888538, 6.500000000000000888 ) ) ;
#7727 = CARTESIAN_POINT ( 'NONE',  ( 42.51513640388095183, -6.246196747414927586, 10.50000000000000000 ) ) ;
#7728 = CARTESIAN_POINT ( 'NONE',  ( 47.40483542659831784, 18.48586006325911413, 18.79339166849695886 ) ) ;
#7729 = DIRECTION ( 'NONE',  ( 0.000000000000000000, 0.000000000000000000, 1.000000000000000000 ) ) ;
#7730 = VECTOR ( 'NONE', #574, 1000.000000000000000 ) ;
#7731 = LINE ( 'NONE', #1178, #1483 ) ;
#7732 = CARTESIAN_POINT ( 'NONE',  ( -17.42509863149369664, 19.69113980308874190, 6.750000000000000000 ) ) ;
#7733 = EDGE_CURVE ( 'NONE', #6121, #7752, #1027, .T. ) ;
#7734 = DIRECTION ( 'NONE',  ( 2.040851148208008491E-16, 2.432191687826905317E-16, -1.000000000000000000 ) ) ;
#7735 = DIRECTION ( 'NONE',  ( -0.6427876096865406952, -0.7660444431189769032, 0.000000000000000000 ) ) ;
#7736 = ORIENTED_EDGE ( 'NONE', *, *, #6862, .T. ) ;
#7737 = CARTESIAN_POINT ( 'NONE',  ( 46.10511599098041557, 20.82363384175857846, 38.83480835604257209 ) ) ;
#7738 = CARTESIAN_POINT ( 'NONE',  ( 35.64005297390797011, 20.09856402680679821, 8.500000000000000000 ) ) ;
#7739 = CARTESIAN_POINT ( 'NONE',  ( 16.77431593107779761, -1.688788905254182904, 6.196279951238267358 ) ) ;
#7740 = CARTESIAN_POINT ( 'NONE',  ( -6.623409665141560154, 23.67300049400009598, 5.506625752776475480 ) ) ;
#7741 = CARTESIAN_POINT ( 'NONE',  ( -1.032284702174486091, 24.17584901040675405, 11.82154364644706668 ) ) ;
#7742 = DIRECTION ( 'NONE',  ( -0.000000000000000000, 1.000000000000000000, -0.000000000000000000 ) ) ;
#7743 = CARTESIAN_POINT ( 'NONE',  ( 33.81122847272096266, 20.17921328490076505, 15.34511715727410497 ) ) ;
#7744 = DIRECTION ( 'NONE',  ( -1.000000000000000000, 0.000000000000000000, 0.000000000000000000 ) ) ;
#7745 = VERTEX_POINT ( 'NONE', #8462 ) ;
#7746 = CARTESIAN_POINT ( 'NONE',  ( 27.08206293015177479, 6.703689512323133037, 7.103553390593288164 ) ) ;
#7747 = ORIENTED_EDGE ( 'NONE', *, *, #1549, .T. ) ;
#7748 = CARTESIAN_POINT ( 'NONE',  ( 39.80879731312482761, 18.18997571433710192, 6.646446609406730488 ) ) ;
#7749 = EDGE_LOOP ( 'NONE', ( #8473, #7667, #650, #8194 ) ) ;
#7750 = CARTESIAN_POINT ( 'NONE',  ( 47.40483542659831784, 7.681334932469229712E-16, 14.23397434154497709 ) ) ;
#7751 = CARTESIAN_POINT ( 'NONE',  ( 33.40483542659831784, 17.32830995514898831, 22.59028034921090722 ) ) ;
#7752 = VERTEX_POINT ( 'NONE', #5703 ) ;
#7753 = ORIENTED_EDGE ( 'NONE', *, *, #3922, .F. ) ;
#7754 = ORIENTED_EDGE ( 'NONE', *, *, #4134, .T. ) ;
#7755 = CARTESIAN_POINT ( 'NONE',  ( 0.000000000000000000, 9.999999999999998224, 0.000000000000000000 ) ) ;
#7756 = EDGE_LOOP ( 'NONE', ( #4461, #3257, #3706, #6580 ) ) ;
#7757 = CARTESIAN_POINT ( 'NONE',  ( 39.51620500785346479, 20.42219610077490444, 8.499999999999996447 ) ) ;
#7758 = VECTOR ( 'NONE', #5486, 1000.000000000000227 ) ;
#7759 = ADVANCED_FACE ( 'NONE', ( #535 ), #8333, .F. ) ;
#7760 = DIRECTION ( 'NONE',  ( 0.5671072145501000472, -0.4758594545669649345, 0.6722701738917602476 ) ) ;
#7761 = CARTESIAN_POINT ( 'NONE',  ( 52.16712193127420960, 18.19522307414349171, 6.749999999999996447 ) ) ;
#7762 = CIRCLE ( 'NONE', #2822, 1.000000000000000000 ) ;
#7763 = EDGE_LOOP ( 'NONE', ( #8175, #4861, #6153, #3889 ) ) ;
#7764 = CIRCLE ( 'NONE', #1568, 1.396446609406708284 ) ;
#7765 = CARTESIAN_POINT ( 'NONE',  ( 48.90483542659833205, 21.00549094565899466, 5.000000000000000888 ) ) ;
#7766 = VERTEX_POINT ( 'NONE', #5544 ) ;
#7767 = CYLINDRICAL_SURFACE ( 'NONE', #1870, 19.99999999999999645 ) ;
#7768 = EDGE_CURVE ( 'NONE', #1630, #3442, #2286, .T. ) ;
#7769 = EDGE_CURVE ( 'NONE', #2021, #2151, #2947, .T. ) ;
#7770 = EDGE_CURVE ( 'NONE', #7352, #418, #2673, .T. ) ;
#7771 = CARTESIAN_POINT ( 'NONE',  ( 51.10016597783619829, 18.19695448478498179, 7.108204257080194211 ) ) ;
#7772 = CARTESIAN_POINT ( 'NONE',  ( 23.00000000000000355, 9.999999999999998224, 1.000000000000000000 ) ) ;
#7773 = CARTESIAN_POINT ( 'NONE',  ( -7.384571242833475324, 23.49145469834100197, 11.07458337072383792 ) ) ;
#7774 = CARTESIAN_POINT ( 'NONE',  ( 16.56337540039746159, -1.887620220317377973, 11.08403729031931739 ) ) ;
#7775 = CARTESIAN_POINT ( 'NONE',  ( 5.447076605017153739, -8.182842859722839535, 10.00000000000000000 ) ) ;
#7776 = AXIS2_PLACEMENT_3D ( 'NONE', #7860, #6651, #8461 ) ;
#7777 = CARTESIAN_POINT ( 'NONE',  ( 39.03886351727655324, 17.35624436654325464, 7.000000000000000888 ) ) ;
#7778 = EDGE_LOOP ( 'NONE', ( #519, #1018, #4171, #1376 ) ) ;
#7779 = FACE_OUTER_BOUND ( 'NONE', #3605, .T. ) ;
#7780 = EDGE_CURVE ( 'NONE', #4951, #4276, #6274, .T. ) ;
#7781 = DIRECTION ( 'NONE',  ( 0.000000000000000000, 1.000000000000000000, 0.000000000000000000 ) ) ;
#7782 = CARTESIAN_POINT ( 'NONE',  ( 17.71900572781465755, -1.163552965149329710, 6.968627499683044846 ) ) ;
#7783 = FACE_OUTER_BOUND ( 'NONE', #7778, .T. ) ;
#7784 = B_SPLINE_CURVE_WITH_KNOTS ( 'NONE', 3,
 ( #1914, #1461, #806, #5420, #5782, #4053, #3895, #3449, #5139, #5986, #87, #2803 ),
 .UNSPECIFIED., .F., .F.,
 ( 4, 2, 2, 2, 2, 4 ),
 ( 0.000000000000000000, 0.0003846921036751794532, 0.0007693842073503589065, 0.001538768414700717813, 0.002308152622051076828, 0.003077536829401435626 ),
 .UNSPECIFIED. ) ;
#7785 = DIRECTION ( 'NONE',  ( 0.000000000000000000, -0.000000000000000000, -1.000000000000000000 ) ) ;
#7786 = CARTESIAN_POINT ( 'NONE',  ( 3.792064526508415412, 24.86502716106336663, -5.590280349210904554 ) ) ;
#7787 = CARTESIAN_POINT ( 'NONE',  ( 16.46245746477759297, -2.000000000000001776, 6.500000000000000888 ) ) ;
#7788 = AXIS2_PLACEMENT_3D ( 'NONE', #729, #5944, #7414 ) ;
#7789 = CONICAL_SURFACE ( 'NONE', #4079, 20.75000000000000711, 0.7853981633974437271 ) ;
#7790 = CARTESIAN_POINT ( 'NONE',  ( 30.75622152690925759, 15.61336031206749020, 7.500000000000000888 ) ) ;
#7791 = ORIENTED_EDGE ( 'NONE', *, *, #7887, .T. ) ;
#7792 = DIRECTION ( 'NONE',  ( -0.7194305527541651202, -0.6945643812950939022, 0.000000000000000000 ) ) ;
#7793 = EDGE_CURVE ( 'NONE', #3961, #4690, #1796, .T. ) ;
#7794 = ORIENTED_EDGE ( 'NONE', *, *, #3195, .F. ) ;
#7795 = CARTESIAN_POINT ( 'NONE',  ( 61.95008048736348627, 16.04366212226440780, 17.06979789820706728 ) ) ;
#7796 = VERTEX_POINT ( 'NONE', #8420 ) ;
#7797 = VECTOR ( 'NONE', #5166, 1000.000000000000227 ) ;
#7798 = CARTESIAN_POINT ( 'NONE',  ( 33.38089757533133906, 19.90118433146882992, 10.25165101657252187 ) ) ;
#7799 = CARTESIAN_POINT ( 'NONE',  ( 0.000000000000000000, 0.000000000000000000, 10.50000000000000000 ) ) ;
#7800 = ORIENTED_EDGE ( 'NONE', *, *, #3081, .F. ) ;
#7801 = ORIENTED_EDGE ( 'NONE', *, *, #4662, .T. ) ;
#7802 = ORIENTED_EDGE ( 'NONE', *, *, #3726, .F. ) ;
#7803 = DIRECTION ( 'NONE',  ( 0.000000000000000000, 1.000000000000000000, -0.000000000000000000 ) ) ;
#7804 = ORIENTED_EDGE ( 'NONE', *, *, #7708, .F. ) ;
#7805 = LINE ( 'NONE', #7289, #2261 ) ;
#7806 = CARTESIAN_POINT ( 'NONE',  ( 23.00000000000000000, 5.468938848892455518, 10.49999999999999822 ) ) ;
#7807 = B_SPLINE_CURVE_WITH_KNOTS ( 'NONE', 3,
 ( #2945, #8190, #4113, #3465, #6088, #183, #1684, #5778, #1031, #5682 ),
 .UNSPECIFIED., .F., .F.,
 ( 4, 3, 3, 4 ),
 ( 0.000000000000000000, 0.001464105485076677010, 0.003712128497014475018, 0.005960151508952292974 ),
 .UNSPECIFIED. ) ;
#7808 = ORIENTED_EDGE ( 'NONE', *, *, #1952, .T. ) ;
#7809 = CIRCLE ( 'NONE', #1611, 2.000000000000001332 ) ;
#7810 = CARTESIAN_POINT ( 'NONE',  ( 16.49366404861459756, -1.969279297970396136, 6.267762699257271031 ) ) ;
#7811 = ORIENTED_EDGE ( 'NONE', *, *, #348, .T. ) ;
#7812 = CARTESIAN_POINT ( 'NONE',  ( 6.074901367908570826, 18.19113980308874190, 7.203090613293326783 ) ) ;
#7813 = CARTESIAN_POINT ( 'NONE',  ( -23.24926064897143618, 21.00206252223910397, 14.04834324928930300 ) ) ;
#7814 = DIRECTION ( 'NONE',  ( 0.5416752204197035070, -0.4545194776720467567, -0.7071067811865444641 ) ) ;
#7815 = CARTESIAN_POINT ( 'NONE',  ( 46.27147808886908109, 17.66558831727413192, -2.794694219025821713 ) ) ;
#7816 = B_SPLINE_CURVE_WITH_KNOTS ( 'NONE', 3,
 ( #5383, #4056, #6720, #131 ),
 .UNSPECIFIED., .F., .F.,
 ( 4, 4 ),
 ( 0.5000000000000000000, 1.000000000000000000 ),
 .UNSPECIFIED. ) ;
#7817 = CARTESIAN_POINT ( 'NONE',  ( 33.40483542659831784, 20.24188125084779344, -3.698185026461808356 ) ) ;
#7818 = VECTOR ( 'NONE', #830, 1000.000000000000000 ) ;
#7819 = ADVANCED_FACE ( 'NONE', ( #8507 ), #2009, .F. ) ;
#7820 = ADVANCED_FACE ( 'NONE', ( #5403 ), #2745, .T. ) ;
#7821 = EDGE_LOOP ( 'NONE', ( #293, #3703, #7880, #1686 ) ) ;
#7822 = LINE ( 'NONE', #1924, #337 ) ;
#7824 = VECTOR ( 'NONE', #7697, 1000.000000000000000 ) ;
#7823 = B_SPLINE_CURVE_WITH_KNOTS ( 'NONE', 3,
 ( #865, #3469, #3074, #1040 ),
 .UNSPECIFIED., .F., .F.,
 ( 4, 4 ),
 ( 0.0005902233477157490605, 0.0007113737725409458815 ),
 .UNSPECIFIED. ) ;
#7826 = VECTOR ( 'NONE', #3280, 1000.000000000000000 ) ;
#7825 = CARTESIAN_POINT ( 'NONE',  ( -13.92509863149369842, 21.19113980308874190, 5.000000000000001776 ) ) ;
#7827 = DIRECTION ( 'NONE',  ( 0.000000000000000000, 0.000000000000000000, -1.000000000000000000 ) ) ;
#7828 = CARTESIAN_POINT ( 'NONE',  ( 3.722964681832346301, 17.46002903365549130, -4.577703206926760693 ) ) ;
#7829 = CARTESIAN_POINT ( 'NONE',  ( -1.340207731266921387, 24.31722730508023034, 5.710118053823306283 ) ) ;
#7830 = CARTESIAN_POINT ( 'NONE',  ( 16.94843413914449926, -1.524662309913239699, 10.75029499717192039 ) ) ;
#7831 = CARTESIAN_POINT ( 'NONE',  ( 43.21717581154760524, 18.08671308687688750, 2.743196366071178005 ) ) ;
#7832 = EDGE_CURVE ( 'NONE', #3147, #2991, #1437, .T. ) ;
#7833 = DIRECTION ( 'NONE',  ( -0.000000000000000000, 0.000000000000000000, 1.000000000000000000 ) ) ;
#7834 = ORIENTED_EDGE ( 'NONE', *, *, #3894, .F. ) ;
#7835 = CARTESIAN_POINT ( 'NONE',  ( 5.280162357808649176, 9.148185919534606469, 1.000000000000000888 ) ) ;
#7836 = ORIENTED_EDGE ( 'NONE', *, *, #6863, .T. ) ;
#7837 = LINE ( 'NONE', #7276, #1460 ) ;
#7838 = VERTEX_POINT ( 'NONE', #8033 ) ;
#7839 = CARTESIAN_POINT ( 'NONE',  ( 32.74143353297743886, 19.20480553196296825, 7.441648402951967611 ) ) ;
#7840 = CARTESIAN_POINT ( 'NONE',  ( 3.722862899326265129, 21.59321382660183630, 19.17608111121264614 ) ) ;
#7841 = ORIENTED_EDGE ( 'NONE', *, *, #6941, .T. ) ;
#7842 = ADVANCED_FACE ( 'NONE', ( #5960 ), #2609, .T. ) ;
#7843 = ORIENTED_EDGE ( 'NONE', *, *, #1604, .F. ) ;
#7844 = ORIENTED_EDGE ( 'NONE', *, *, #6610, .F. ) ;
#7845 = DIRECTION ( 'NONE',  ( -0.1358089151073354484, -0.9907350496360611825, 0.000000000000000000 ) ) ;
#7846 = CARTESIAN_POINT ( 'NONE',  ( 47.42201632110309362, 21.20875422386007259, 2.766025658455018466 ) ) ;
#7847 = ORIENTED_EDGE ( 'NONE', *, *, #2400, .T. ) ;
#7848 = CARTESIAN_POINT ( 'NONE',  ( 38.53963372917603181, 20.30047899815158274, 8.499932294600096583 ) ) ;
#7849 = CARTESIAN_POINT ( 'NONE',  ( 41.55445385172378536, 18.14747962450340779, 4.311082839651292353 ) ) ;
#7850 = CARTESIAN_POINT ( 'NONE',  ( 6.074901368453232031, 21.92605534189414840, 19.46910250839501444 ) ) ;
#7851 = VERTEX_POINT ( 'NONE', #6615 ) ;
#7852 = ORIENTED_EDGE ( 'NONE', *, *, #7032, .T. ) ;
#7853 = DIRECTION ( 'NONE',  ( 0.000000000000000000, 0.000000000000000000, 1.000000000000000000 ) ) ;
#7854 = CARTESIAN_POINT ( 'NONE',  ( -7.048450301587360300, 23.31641498411442370, 1.027583284058634749 ) ) ;
#7855 = CARTESIAN_POINT ( 'NONE',  ( 5.971544839301995644, 17.64974990880115868, -2.940572133130920029 ) ) ;
#7856 = CARTESIAN_POINT ( 'NONE',  ( 34.70806587721793335, 18.18854554773242782, 10.50000000000000000 ) ) ;
#7857 = CARTESIAN_POINT ( 'NONE',  ( -26.06256458244927998, 18.57986623873934207, 12.54409222050662187 ) ) ;
#7858 = DIRECTION ( 'NONE',  ( 0.000000000000000000, 0.000000000000000000, 1.000000000000000000 ) ) ;
#7859 = VERTEX_POINT ( 'NONE', #5314 ) ;
#7860 = CARTESIAN_POINT ( 'NONE',  ( 10.93401483852293588, 18.34584124333168376, 7.457106781186557676 ) ) ;
#7861 = VECTOR ( 'NONE', #8231, 1000.000000000000000 ) ;
#7862 = CARTESIAN_POINT ( 'NONE',  ( 5.044760633332580291, 6.105394834289627148, 6.499999999999928058 ) ) ;
#7863 = CARTESIAN_POINT ( 'NONE',  ( 24.20795280767999813, -46.61976482363315455, -54.78814247318899788 ) ) ;
#7864 = LINE ( 'NONE', #5365, #1070 ) ;
#7865 = ADVANCED_FACE ( 'NONE', ( #7902 ), #2240, .T. ) ;
#7866 = EDGE_CURVE ( 'NONE', #2948, #2620, #1846, .T. ) ;
#7867 = CARTESIAN_POINT ( 'NONE',  ( 27.85244768616373179, 21.16608074159468345, 20.47010963856352461 ) ) ;
#7868 = CARTESIAN_POINT ( 'NONE',  ( 19.03902704662876033, 0.4459146090164894938, 10.50978471666522651 ) ) ;
#7869 = PLANE ( 'NONE',  #5351 ) ;
#7870 = VERTEX_POINT ( 'NONE', #955 ) ;
#7871 = CARTESIAN_POINT ( 'NONE',  ( 16.51396736941940446, -1.965711379124473357, 6.420568755171952802 ) ) ;
#7872 = ORIENTED_EDGE ( 'NONE', *, *, #1120, .F. ) ;
#7873 = CARTESIAN_POINT ( 'NONE',  ( 16.50907182491033609, -1.944447168845327756, 11.23823723289762100 ) ) ;
#7874 = ORIENTED_EDGE ( 'NONE', *, *, #760, .F. ) ;
#7875 = EDGE_CURVE ( 'NONE', #3188, #4097, #1751, .T. ) ;
#7876 = EDGE_CURVE ( 'NONE', #1711, #5211, #7466, .T. ) ;
#7877 = ADVANCED_FACE ( 'NONE', ( #1561 ), #995, .T. ) ;
#7878 = DIRECTION ( 'NONE',  ( -0.000000000000000000, -3.352098605208054602E-15, 1.000000000000000000 ) ) ;
#7879 = CARTESIAN_POINT ( 'NONE',  ( -26.34540142444716793, 20.55976606469232593, 12.54409222050663075 ) ) ;
#7880 = ORIENTED_EDGE ( 'NONE', *, *, #1319, .F. ) ;
#7881 = ORIENTED_EDGE ( 'NONE', *, *, #5290, .F. ) ;
#7882 = ORIENTED_EDGE ( 'NONE', *, *, #8446, .F. ) ;
#7883 = CARTESIAN_POINT ( 'NONE',  ( -26.40456367689816730, 18.55096901384888852, 14.84006675123309549 ) ) ;
#7884 = DIRECTION ( 'NONE',  ( -0.9966060095029267707, 0.000000000000000000, 0.08231926762704090683 ) ) ;
#7885 = VERTEX_POINT ( 'NONE', #4280 ) ;
#7886 = DIRECTION ( 'NONE',  ( -0.000000000000000000, 0.000000000000000000, 1.000000000000000000 ) ) ;
#7887 = EDGE_CURVE ( 'NONE', #4688, #3157, #5147, .T. ) ;
#7888 = CYLINDRICAL_SURFACE ( 'NONE', #7100, 0.9999999999999994449 ) ;
#7889 = DIRECTION ( 'NONE',  ( 0.6427876096865406952, 0.7660444431189769032, 0.000000000000000000 ) ) ;
#7890 = CARTESIAN_POINT ( 'NONE',  ( 3.722860490204736195, 21.71472278082566021, 19.10548052123437657 ) ) ;
#7891 = ORIENTED_EDGE ( 'NONE', *, *, #8123, .T. ) ;
#7892 = EDGE_LOOP ( 'NONE', ( #3845, #7702, #8082, #130 ) ) ;
#7893 = CARTESIAN_POINT ( 'NONE',  ( 4.371504883332845814, 17.45753290729237150, 21.59746037709974331 ) ) ;
#7894 = CARTESIAN_POINT ( 'NONE',  ( -1.875344138045390574, 16.28006759235287504, 21.11417377842102994 ) ) ;
#7895 = LINE ( 'NONE', #3212, #6026 ) ;
#7896 = CARTESIAN_POINT ( 'NONE',  ( 16.38416693305383021, -2.052115692682543013, 11.09807386965981024 ) ) ;
#7897 = AXIS2_PLACEMENT_3D ( 'NONE', #1336, #3971, #6598 ) ;
#7898 = CARTESIAN_POINT ( 'NONE',  ( 43.21717581154759813, 18.08671308687688750, 14.25680363392882732 ) ) ;
#7899 = DIRECTION ( 'NONE',  ( -1.000000000000000000, -0.000000000000000000, 0.000000000000000000 ) ) ;
#7900 = CARTESIAN_POINT ( 'NONE',  ( 35.64005297390797011, 20.09856402676224718, 39.93172567808043993 ) ) ;
#7901 = VECTOR ( 'NONE', #5043, 1000.000000000000114 ) ;
#7902 = FACE_OUTER_BOUND ( 'NONE', #7912, .T. ) ;
#7903 = CARTESIAN_POINT ( 'NONE',  ( 19.56456428281618543, 0.05715931719901674868, 7.248560394379110150 ) ) ;
#7904 = LINE ( 'NONE', #706, #5891 ) ;
#7905 = CARTESIAN_POINT ( 'NONE',  ( -8.605696969201733992, 17.75688687844760238, -1.888036190024306116 ) ) ;
#7906 = CARTESIAN_POINT ( 'NONE',  ( 47.92663402908126358, 20.59412753462319401, -43.15862110962245879 ) ) ;
#7907 = CARTESIAN_POINT ( 'NONE',  ( -13.92509863149369842, 21.19113980308874190, 0.000000000000000000 ) ) ;
#7908 = AXIS2_PLACEMENT_3D ( 'NONE', #3568, #7475, #2879 ) ;
#7909 = CARTESIAN_POINT ( 'NONE',  ( 4.806872843716698540, 6.334234871411826617, 7.500000000000001776 ) ) ;
#7910 = VERTEX_POINT ( 'NONE', #6177 ) ;
#7911 = DIRECTION ( 'NONE',  ( 0.7660444431189784575, -0.6427876096865388078, 0.000000000000000000 ) ) ;
#7912 = EDGE_LOOP ( 'NONE', ( #3084, #4953, #1322, #8315, #1081 ) ) ;
#7913 = CIRCLE ( 'NONE', #4485, 0.9999999999999995559 ) ;
#7914 = CARTESIAN_POINT ( 'NONE',  ( 16.52734854906685058, -1.922665817170944758, 11.12887037384547284 ) ) ;
#7915 = ORIENTED_EDGE ( 'NONE', *, *, #5600, .T. ) ;
#7916 = CARTESIAN_POINT ( 'NONE',  ( -7.981989761617088952, 23.18305502857821310, 10.78626746603696951 ) ) ;
#7917 = CARTESIAN_POINT ( 'NONE',  ( 4.467932343692218922, 0.000000000000000000, 7.500000000000000888 ) ) ;
#7918 = ORIENTED_EDGE ( 'NONE', *, *, #3430, .T. ) ;
#7919 = VECTOR ( 'NONE', #1227, 1000.000000000000000 ) ;
#7920 = ADVANCED_FACE ( 'NONE', ( #2184 ), #8114, .T. ) ;
#7921 = EDGE_CURVE ( 'NONE', #1281, #5506, #866, .T. ) ;
#7922 = ORIENTED_EDGE ( 'NONE', *, *, #4564, .T. ) ;
#7923 = AXIS2_PLACEMENT_3D ( 'NONE', #6114, #6599, #3331 ) ;
#7924 = ORIENTED_EDGE ( 'NONE', *, *, #3409, .F. ) ;
#7925 = CARTESIAN_POINT ( 'NONE',  ( 13.25235231370524147, 25.28882219081254235, 7.500000000000000888 ) ) ;
#7926 = LINE ( 'NONE', #8013, #3976 ) ;
#7927 = ORIENTED_EDGE ( 'NONE', *, *, #3095, .F. ) ;
#7928 = CARTESIAN_POINT ( 'NONE',  ( 39.66749416309131249, 20.44234122076088056, 8.499999554355943232 ) ) ;
#7929 = AXIS2_PLACEMENT_3D ( 'NONE', #1581, #2847, #8093 ) ;
#7930 = CARTESIAN_POINT ( 'NONE',  ( 26.46106121030195979, 7.224771826409574160, 10.50000000000000000 ) ) ;
#7931 = CYLINDRICAL_SURFACE ( 'NONE', #5727, 1.000000000000000666 ) ;
#7932 = PLANE ( 'NONE',  #1296 ) ;
#7933 = DIRECTION ( 'NONE',  ( 0.000000000000000000, 0.000000000000000000, -1.000000000000000000 ) ) ;
#7934 = ADVANCED_FACE ( 'NONE', ( #7386 ), #2827, .F. ) ;
#7935 = EDGE_LOOP ( 'NONE', ( #6729, #248, #509, #4437 ) ) ;
#7936 = AXIS2_PLACEMENT_3D ( 'NONE', #8219, #6288, #334 ) ;
#7937 = ORIENTED_EDGE ( 'NONE', *, *, #1161, .T. ) ;
#7938 = CARTESIAN_POINT ( 'NONE',  ( 3.883399137058749950, 17.45553961700413481, 21.61346611481994984 ) ) ;
#7939 = CARTESIAN_POINT ( 'NONE',  ( 6.778552586889381892, 17.51928526749735582, 22.17862132505539918 ) ) ;
#7940 = PLANE ( 'NONE',  #1616 ) ;
#7941 = CARTESIAN_POINT ( 'NONE',  ( 44.01750267280096551, 17.60161021156724814, -3.379399030297935980 ) ) ;
#7942 = CARTESIAN_POINT ( 'NONE',  ( 43.10411618266272882, 18.08537695462305450, 14.28492033514501358 ) ) ;
#7943 =( BOUNDED_CURVE ( )  B_SPLINE_CURVE ( 3, ( #2048, #6564, #5356, #5265 ),
 .UNSPECIFIED., .F., .F. ) 
 B_SPLINE_CURVE_WITH_KNOTS ( ( 4, 4 ),
 ( 4.712388980384689674, 6.283185307179586232 ),
 .UNSPECIFIED. ) 
 CURVE ( )  GEOMETRIC_REPRESENTATION_ITEM ( )  RATIONAL_B_SPLINE_CURVE ( ( 1.000000000000000000, 0.8047378541243649375, 0.8047378541243649375, 1.000000000000000000 ) ) 
 REPRESENTATION_ITEM ( '' )  );
#7944 = EDGE_CURVE ( 'NONE', #2464, #7049, #8443, .T. ) ;
#7945 = AXIS2_PLACEMENT_3D ( 'NONE', #292, #4949, #7451 ) ;
#7946 = DIRECTION ( 'NONE',  ( 0.8209086180667707344, 0.000000000000000000, -0.5710595772629198930 ) ) ;
#7947 = CARTESIAN_POINT ( 'NONE',  ( 35.64005297390797011, 20.09856402682166987, 22.91702770427808744 ) ) ;
#7948 = CARTESIAN_POINT ( 'NONE',  ( 5.225820116636828772, 5.935298195918269570, 7.500000000000000888 ) ) ;
#7949 = DIRECTION ( 'NONE',  ( 0.5671072145501000472, -0.4758594545669648790, 0.6722701738917602476 ) ) ;
#7950 = DIRECTION ( 'NONE',  ( 0.000000000000000000, 0.000000000000000000, -1.000000000000000000 ) ) ;
#7951 = VECTOR ( 'NONE', #2238, 1000.000000000000000 ) ;
#7952 = CARTESIAN_POINT ( 'NONE',  ( 42.16014024882986178, 18.19113980308874545, 9.796909386704113487 ) ) ;
#7953 = CARTESIAN_POINT ( 'NONE',  ( -17.84925829039615053, 18.19028406730795311, 10.20118996538807643 ) ) ;
#7954 = LINE ( 'NONE', #2751, #1113 ) ;
#7955 = EDGE_CURVE ( 'NONE', #504, #2658, #6092, .T. ) ;
#7956 = AXIS2_PLACEMENT_3D ( 'NONE', #7515, #1655, #2270 ) ;
#7957 = DIRECTION ( 'NONE',  ( 0.000000000000000000, 0.000000000000000000, 1.000000000000000000 ) ) ;
#7958 = EDGE_LOOP ( 'NONE', ( #4606, #1450, #6995, #3216 ) ) ;
#7959 = TOROIDAL_SURFACE ( 'NONE', #5343, 1.499999999999995559, 0.5000000000000000000 ) ;
#7960 = CARTESIAN_POINT ( 'NONE',  ( 4.825356486799408984, 7.030081841304265389, 6.670351718579238920 ) ) ;
#7961 = VERTEX_POINT ( 'NONE', #1521 ) ;
#7962 = AXIS2_PLACEMENT_3D ( 'NONE', #2062, #4680, #1967 ) ;
#7963 = CARTESIAN_POINT ( 'NONE',  ( 16.53273514676197209, -1.916246320015933868, 11.04781535667379977 ) ) ;
#7964 = DIRECTION ( 'NONE',  ( 0.000000000000000000, -1.000000000000000000, 0.000000000000000000 ) ) ;
#7965 = CARTESIAN_POINT ( 'NONE',  ( 32.40483542659831784, 20.40496528942541232, 9.500000000000001776 ) ) ;
#7966 = DIRECTION ( 'NONE',  ( 0.6427876096865410283, 0.7660444431189765702, 0.000000000000000000 ) ) ;
#7967 = VECTOR ( 'NONE', #6172, 1000.000000000000114 ) ;
#7968 = AXIS2_PLACEMENT_3D ( 'NONE', #7777, #3770, #2522 ) ;
#7969 = EDGE_LOOP ( 'NONE', ( #1588, #854, #5082 ) ) ;
#7970 = CARTESIAN_POINT ( 'NONE',  ( 18.45993872077137610, -0.5740960702815538497, 7.013383148636758158 ) ) ;
#7971 = ORIENTED_EDGE ( 'NONE', *, *, #1024, .F. ) ;
#7972 = FACE_OUTER_BOUND ( 'NONE', #4973, .T. ) ;
#7973 = SPHERICAL_SURFACE ( 'NONE', #1217, 1.000000000000000000 ) ;
#7974 = ORIENTED_EDGE ( 'NONE', *, *, #2212, .F. ) ;
#7975 = LINE ( 'NONE', #2725, #2814 ) ;
#7976 = CARTESIAN_POINT ( 'NONE',  ( 6.686238103072235539, 7.968348280276609685, 1.000000000000000888 ) ) ;
#7977 = FACE_OUTER_BOUND ( 'NONE', #2885, .T. ) ;
#7978 = EDGE_CURVE ( 'NONE', #7715, #206, #5425, .T. ) ;
#7979 = EDGE_CURVE ( 'NONE', #5951, #5899, #7508, .T. ) ;
#7980 = CARTESIAN_POINT ( 'NONE',  ( 6.074901368506300692, 16.40657204014291537, 19.91278468707352545 ) ) ;
#7981 = ORIENTED_EDGE ( 'NONE', *, *, #721, .T. ) ;
#7982 = ORIENTED_EDGE ( 'NONE', *, *, #8447, .F. ) ;
#7983 = CARTESIAN_POINT ( 'NONE',  ( 5.074901367908571714, 13.83224085954806881, 6.500000000000000888 ) ) ;
#7984 = CARTESIAN_POINT ( 'NONE',  ( 7.121372270018058614, 25.34063248001435298, -0.7057322444520268689 ) ) ;
#7985 = CIRCLE ( 'NONE', #1393, 1.250000000000002665 ) ;
#7986 = EDGE_CURVE ( 'NONE', #7617, #5701, #6305, .T. ) ;
#7987 = LINE ( 'NONE', #5226, #2188 ) ;
#7988 = CARTESIAN_POINT ( 'NONE',  ( 17.66870321473910366, -0.8457446632935317066, 10.61254900011856428 ) ) ;
#7989 =( LENGTH_UNIT ( ) NAMED_UNIT ( * ) SI_UNIT ( .MILLI., .METRE. ) );
#7990 = CARTESIAN_POINT ( 'NONE',  ( 40.52559860758207577, 18.97930136586392180, -3.268594048872885960 ) ) ;
#7991 = CARTESIAN_POINT ( 'NONE',  ( 35.64005297390797011, 20.09856402677708687, 86.83966285152021669 ) ) ;
#7992 = CARTESIAN_POINT ( 'NONE',  ( 3.467932343692218033, 9.999999999999998224, 7.500000000000000888 ) ) ;
#7993 = CARTESIAN_POINT ( 'NONE',  ( 16.46100747174660839, -2.001539306198041768, 5.563263270295702334 ) ) ;
#7994 = DIRECTION ( 'NONE',  ( 1.000000000000000000, 0.000000000000000000, -2.620744389031207233E-49 ) ) ;
#7995 = ADVANCED_FACE ( 'NONE', ( #2431 ), #4193, .F. ) ;
#7996 = CARTESIAN_POINT ( 'NONE',  ( 5.753400353945018253, -7.656332205318355122, 10.00000000000000000 ) ) ;
#7997 = CARTESIAN_POINT ( 'NONE',  ( 18.28816452800883852, -0.2618377510586177848, 10.55022586018852060 ) ) ;
#7998 =( BOUNDED_CURVE ( )  B_SPLINE_CURVE ( 3, ( #1308, #3990, #5873, #660 ),
 .UNSPECIFIED., .F., .F. ) 
 B_SPLINE_CURVE_WITH_KNOTS ( ( 4, 4 ),
 ( 3.141592653589793116, 6.283185307179586232 ),
 .UNSPECIFIED. ) 
 CURVE ( )  GEOMETRIC_REPRESENTATION_ITEM ( )  RATIONAL_B_SPLINE_CURVE ( ( 1.000000000000000000, 0.3333333333333333703, 0.3333333333333333703, 1.000000000000000000 ) ) 
 REPRESENTATION_ITEM ( '' )  );
#7999 = CARTESIAN_POINT ( 'NONE',  ( 41.39377972218697010, 18.19113980308874545, 11.44545190184535421 ) ) ;
#8000 = CARTESIAN_POINT ( 'NONE',  ( -23.92509863117721380, -77.08536014861216756, 7.203090613293326783 ) ) ;
#8001 = EDGE_LOOP ( 'NONE', ( #558, #3750, #2898, #7753 ) ) ;
#8002 = CARTESIAN_POINT ( 'NONE',  ( 17.12512953006514138, -1.558878794875404150, 6.855653549652753753 ) ) ;
#8003 = ORIENTED_EDGE ( 'NONE', *, *, #4631, .F. ) ;
#8004 = PLANE ( 'NONE',  #3665 ) ;
#8005 = ORIENTED_EDGE ( 'NONE', *, *, #7249, .F. ) ;
#8006 = EDGE_CURVE ( 'NONE', #456, #3668, #5689, .T. ) ;
#8007 = CARTESIAN_POINT ( 'NONE',  ( 0.3123554815805273388, -0.2620973693904219415, 4.822771264100883748 ) ) ;
#8008 = FACE_OUTER_BOUND ( 'NONE', #390, .T. ) ;
#8009 = VECTOR ( 'NONE', #7310, 1000.000000000000000 ) ;
#8010 = ORIENTED_EDGE ( 'NONE', *, *, #4842, .T. ) ;
#8011 = CARTESIAN_POINT ( 'NONE',  ( 16.55417423036015379, -1.926530643105834217, 6.330767653241923476 ) ) ;
#8012 = CARTESIAN_POINT ( 'NONE',  ( -26.40456505862112024, 19.06050484018762958, 14.54392886727022471 ) ) ;
#8013 = CARTESIAN_POINT ( 'NONE',  ( -23.92509863149369664, 18.19113980298909183, 9.796909386706674994 ) ) ;
#8014 = VERTEX_POINT ( 'NONE', #8411 ) ;
#8015 = DIRECTION ( 'NONE',  ( 9.777805978894819040E-17, -1.000000000000000000, 0.000000000000000000 ) ) ;
#8016 = DIRECTION ( 'NONE',  ( -0.6427876096865406952, -0.7660444431189769032, -0.000000000000000000 ) ) ;
#8017 = DIRECTION ( 'NONE',  ( -0.9796948150902459185, 0.1342955314062676264, 0.1488716881398110536 ) ) ;
#8018 = VERTEX_POINT ( 'NONE', #5142 ) ;
#8019 = CARTESIAN_POINT ( 'NONE',  ( 5.391624560436408586, 5.791139803088745097, 0.8284271247461896248 ) ) ;
#8020 = B_SPLINE_CURVE_WITH_KNOTS ( 'NONE', 3,
 ( #264, #8068, #862, #4839, #4795, #5436 ),
 .UNSPECIFIED., .F., .F.,
 ( 4, 2, 4 ),
 ( 0.000000000000000000, 0.0003875750661503639155, 0.0007751501323007278310 ),
 .UNSPECIFIED. ) ;
#8021 = ORIENTED_EDGE ( 'NONE', *, *, #3923, .T. ) ;
#8022 = EDGE_CURVE ( 'NONE', #3937, #714, #8325, .T. ) ;
#8023 = EDGE_LOOP ( 'NONE', ( #4449, #8105, #7707, #1002 ) ) ;
#8024 = ORIENTED_EDGE ( 'NONE', *, *, #1902, .F. ) ;
#8025 = FACE_OUTER_BOUND ( 'NONE', #340, .T. ) ;
#8026 = DIRECTION ( 'NONE',  ( -0.8751934606602004285, 0.4837730939372529848, 0.000000000000000000 ) ) ;
#8027 = PLANE ( 'NONE',  #4519 ) ;
#8028 = DIRECTION ( 'NONE',  ( 0.000000000000000000, 0.8464124915001604021, -0.5325278342326258407 ) ) ;
#8029 = EDGE_CURVE ( 'NONE', #6332, #2816, #5969, .T. ) ;
#8030 = EDGE_CURVE ( 'NONE', #8330, #341, #5548, .T. ) ;
#8031 = CARTESIAN_POINT ( 'NONE',  ( 42.27593069846297880, 18.74010346599222032, -3.059732204161293545 ) ) ;
#8032 = DIRECTION ( 'NONE',  ( -0.9899499129764927075, -0.1414184209989444996, -1.478935619732596739E-16 ) ) ;
#8033 = CARTESIAN_POINT ( 'NONE',  ( 39.89446440815520845, 18.18997571433710192, 10.26788629556288335 ) ) ;
#8034 = CARTESIAN_POINT ( 'NONE',  ( 6.074901368249748579, 18.18958319812110602, 6.500011466391145909 ) ) ;
#8035 = CARTESIAN_POINT ( 'NONE',  ( -2.269026889613088294, 18.19113980308874190, 8.500000000000000000 ) ) ;
#8036 = VECTOR ( 'NONE', #2122, 1000.000000000000000 ) ;
#8037 = DIRECTION ( 'NONE',  ( -0.000000000000000000, 0.000000000000000000, 1.000000000000000000 ) ) ;
#8038 = FACE_OUTER_BOUND ( 'NONE', #6763, .T. ) ;
#8039 = CARTESIAN_POINT ( 'NONE',  ( 10.93401483852293588, 18.34584124333168376, 7.000000000000000888 ) ) ;
#8040 = VECTOR ( 'NONE', #5220, 1000.000000000000000 ) ;
#8041 = EDGE_CURVE ( 'NONE', #158, #1688, #2894, .T. ) ;
#8042 = CARTESIAN_POINT ( 'NONE',  ( 34.08388000213500391, 25.35864053760572645, 17.00000000000000000 ) ) ;
#8043 = VERTEX_POINT ( 'NONE', #7594 ) ;
#8044 = CARTESIAN_POINT ( 'NONE',  ( 4.760878997294996751, 7.171152609699422698, 6.653994881112188509 ) ) ;
#8045 = ORIENTED_EDGE ( 'NONE', *, *, #1005, .F. ) ;
#8046 = CARTESIAN_POINT ( 'NONE',  ( 17.57172354050048924, -0.9371514671442351396, 6.372734351594787405 ) ) ;
#8047 = CARTESIAN_POINT ( 'NONE',  ( 34.21146180536733539, 18.18904140917254253, 10.42987254038147071 ) ) ;
#8048 = CARTESIAN_POINT ( 'NONE',  ( 38.30051488798554971, 3.588001709406294371, -11.10485017516100292 ) ) ;
#8049 = CARTESIAN_POINT ( 'NONE',  ( -7.384055363904449720, 23.49214253266416463, 5.927848496247721144 ) ) ;
#8050 = VECTOR ( 'NONE', #2535, 999.9999999999998863 ) ;
#8051 = ORIENTED_EDGE ( 'NONE', *, *, #5095, .T. ) ;
#8052 = CARTESIAN_POINT ( 'NONE',  ( 18.76486099740865399, -0.3563536242433659740, 7.049770604331382806 ) ) ;
#8053 = ORIENTED_EDGE ( 'NONE', *, *, #7876, .F. ) ;
#8054 = DIRECTION ( 'NONE',  ( 0.000000000000000000, -0.000000000000000000, 1.000000000000000000 ) ) ;
#8055 = ORIENTED_EDGE ( 'NONE', *, *, #5136, .T. ) ;
#8056 = DIRECTION ( 'NONE',  ( -0.5416752204197045062, 0.4545194776720485330, 0.7071067811865424657 ) ) ;
#8057 = LINE ( 'NONE', #7976, #1318 ) ;
#8058 = DIRECTION ( 'NONE',  ( 0.1414184209989443053, -0.9899499129764927075, 0.000000000000000000 ) ) ;
#8059 = ORIENTED_EDGE ( 'NONE', *, *, #8041, .T. ) ;
#8060 = CARTESIAN_POINT ( 'NONE',  ( 5.994919238558778396, 9.999999999999998224, 1.000000000000000000 ) ) ;
#8061 = EDGE_LOOP ( 'NONE', ( #4175, #1026, #7205, #934, #1946, #3667, #2755, #5722 ) ) ;
#8062 = CIRCLE ( 'NONE', #5860, 1.000000000000000000 ) ;
#8063 = ORIENTED_EDGE ( 'NONE', *, *, #6813, .F. ) ;
#8064 = ORIENTED_EDGE ( 'NONE', *, *, #7153, .T. ) ;
#8065 = CARTESIAN_POINT ( 'NONE',  ( 0.000000000000000000, 9.999999999999998224, 0.000000000000000000 ) ) ;
#8066 = CARTESIAN_POINT ( 'NONE',  ( 16.06644172404391213, 11.06284411194225292, -0.2649197642569309230 ) ) ;
#8067 = AXIS2_PLACEMENT_3D ( 'NONE', #3788, #6415, #499 ) ;
#8068 = CARTESIAN_POINT ( 'NONE',  ( 33.20807694356008710, 18.19113980308874190, 7.109899684115450924 ) ) ;
#8069 = CARTESIAN_POINT ( 'NONE',  ( 16.51890000034510564, -1.932734405462293026, 5.813919477524528645 ) ) ;
#8070 = FACE_OUTER_BOUND ( 'NONE', #2504, .T. ) ;
#8071 = CARTESIAN_POINT ( 'NONE',  ( -7.228666137474870190, 23.47603677714731063, 11.41329535598319467 ) ) ;
#8072 = CARTESIAN_POINT ( 'NONE',  ( -27.00484011546412688, 18.05469830399256281, 2.105392345233527696 ) ) ;
#8073 = DIRECTION ( 'NONE',  ( -0.9832959651636292708, -0.1404678771575105511, -0.1157489541196346783 ) ) ;
#8074 = DIRECTION ( 'NONE',  ( 0.000000000000000000, 0.000000000000000000, -1.000000000000000000 ) ) ;
#8075 = ADVANCED_FACE ( 'NONE', ( #8276 ), #2254, .F. ) ;
#8076 = CARTESIAN_POINT ( 'NONE',  ( 2.157126077555727051, 17.50291379158075955, -4.229653995400020072 ) ) ;
#8077 = CARTESIAN_POINT ( 'NONE',  ( 39.31346809846624524, 16.99081457383833538, 7.457106781186551459 ) ) ;
#8078 = EDGE_CURVE ( 'NONE', #7444, #5109, #1346, .T. ) ;
#8079 = CARTESIAN_POINT ( 'NONE',  ( 38.41235070371810423, 18.18997571433710192, 10.50000000000000000 ) ) ;
#8080 = ADVANCED_FACE ( 'NONE', ( #2735 ), #6163, .T. ) ;
#8081 = LINE ( 'NONE', #4248, #258 ) ;
#8082 = ORIENTED_EDGE ( 'NONE', *, *, #5916, .F. ) ;
#8083 = CARTESIAN_POINT ( 'NONE',  ( 30.50023780723907052, 9.742618459235405481, 9.542893218813446765 ) ) ;
#8084 = VECTOR ( 'NONE', #1146, 1000.000000000000000 ) ;
#8085 = CARTESIAN_POINT ( 'NONE',  ( 18.48013285367612113, -0.08089523502485417017, 6.463331944676168561 ) ) ;
#8086 = DIRECTION ( 'NONE',  ( -0.9796948150902463626, 0.1342955314062657945, -0.1488716881398090552 ) ) ;
#8087 = CARTESIAN_POINT ( 'NONE',  ( 34.09099089037890451, 18.18933008374844462, 6.613036778155874984 ) ) ;
#8088 = CARTESIAN_POINT ( 'NONE',  ( 1.897318340913355161, 18.19113980307486500, 7.203090613293326783 ) ) ;
#8089 = ADVANCED_FACE ( 'NONE', ( #6209 ), #5556, .T. ) ;
#8090 = B_SPLINE_CURVE_WITH_KNOTS ( 'NONE', 3,
 ( #6411, #495, #3142, #7102, #1196, #3832, #2107, #7909, #1934, #5276 ),
 .UNSPECIFIED., .F., .F.,
 ( 4, 2, 2, 2, 4 ),
 ( -5.999999999851490765E-08, 0.001199282599962725416, 0.002398625199925449609, 0.003597967799888176620, 0.004797310399850903198 ),
 .UNSPECIFIED. ) ;
#8091 = STYLED_ITEM ( 'NONE', ( #1351 ), #4805 ) ;
#8092 = ORIENTED_EDGE ( 'NONE', *, *, #6298, .F. ) ;
#8093 = DIRECTION ( 'NONE',  ( -1.000000000000000000, 0.000000000000000000, 0.000000000000000000 ) ) ;
#8094 = ORIENTED_EDGE ( 'NONE', *, *, #4663, .F. ) ;
#8095 = DIRECTION ( 'NONE',  ( 0.6007449298320932662, -0.7994407603325173195, 0.000000000000000000 ) ) ;
#8096 = VERTEX_POINT ( 'NONE', #2297 ) ;
#8097 = DIRECTION ( 'NONE',  ( 0.000000000000000000, 1.000000000000000000, 0.000000000000000000 ) ) ;
#8098 = CIRCLE ( 'NONE', #125, 2.000000000000001776 ) ;
#8099 = CARTESIAN_POINT ( 'NONE',  ( 17.02490797459575589, -1.625593321779339906, 10.19464396202869239 ) ) ;
#8100 = PLANE ( 'NONE',  #6386 ) ;
#8101 = ORIENTED_EDGE ( 'NONE', *, *, #6383, .F. ) ;
#8102 = EDGE_CURVE ( 'NONE', #3818, #5874, #1555, .T. ) ;
#8103 = CARTESIAN_POINT ( 'NONE',  ( 4.467932343692218922, 16.19113980308874190, 6.500000000000000888 ) ) ;
#8104 = ORIENTED_EDGE ( 'NONE', *, *, #5723, .F. ) ;
#8105 = ORIENTED_EDGE ( 'NONE', *, *, #1286, .F. ) ;
#8106 = VERTEX_POINT ( 'NONE', #6815 ) ;
#8107 = CARTESIAN_POINT ( 'NONE',  ( 39.66235070371809712, 0.000000000000000000, 6.500000000000000888 ) ) ;
#8108 = CARTESIAN_POINT ( 'NONE',  ( 4.482953750141914107, 9.523713410161546378, 10.50000000000000178 ) ) ;
#8109 = DIRECTION ( 'NONE',  ( 1.000000000000000000, -0.000000000000000000, -0.000000000000000000 ) ) ;
#8110 = CYLINDRICAL_SURFACE ( 'NONE', #4666, 1.250000000000002220 ) ;
#8111 = CARTESIAN_POINT ( 'NONE',  ( -28.06256458244927998, 18.27573298645132738, 4.279148268030247948 ) ) ;
#8112 = AXIS2_PLACEMENT_3D ( 'NONE', #2475, #8278, #4322 ) ;
#8113 = FACE_OUTER_BOUND ( 'NONE', #6159, .T. ) ;
#8114 = SPHERICAL_SURFACE ( 'NONE', #6246, 2.000000000000000000 ) ;
#8115 = CARTESIAN_POINT ( 'NONE',  ( -26.06256458244928709, 18.57986623873934207, 12.54409222050662365 ) ) ;
#8116 = CARTESIAN_POINT ( 'NONE',  ( -16.29764997949243721, 21.99512872830730714, 3.270864772005690480 ) ) ;
#8117 = CARTESIAN_POINT ( 'NONE',  ( 3.401619646894454618, 18.18854568887489620, 10.49998085679727922 ) ) ;
#8118 = CARTESIAN_POINT ( 'NONE',  ( 42.11667794606429283, 21.19838735085778936, 20.72923577481550694 ) ) ;
#8119 = CARTESIAN_POINT ( 'NONE',  ( 33.40483542659831784, 19.95440738642258438, 20.88487273686537193 ) ) ;
#8120 = DIRECTION ( 'NONE',  ( 0.000000000000000000, 1.000000000000000000, 5.204170427930416550E-15 ) ) ;
#8121 = ORIENTED_EDGE ( 'NONE', *, *, #1142, .F. ) ;
#8122 = CARTESIAN_POINT ( 'NONE',  ( 3.552945221620309457, 18.18854568887540069, 6.500019143202686145 ) ) ;
#8123 = EDGE_CURVE ( 'NONE', #7580, #661, #4151, .T. ) ;
#8124 = ADVANCED_FACE ( 'NONE', ( #3501 ), #2777, .T. ) ;
#8125 = CARTESIAN_POINT ( 'NONE',  ( 17.74736398904478207, -0.7715934773966300897, 6.396300581669909668 ) ) ;
#8126 = FACE_OUTER_BOUND ( 'NONE', #3198, .T. ) ;
#8127 = DIRECTION ( 'NONE',  ( 1.000000000000000000, 0.000000000000000000, 0.000000000000000000 ) ) ;
#8128 = CARTESIAN_POINT ( 'NONE',  ( 13.41644172404391355, 11.06284411194225292, 0.000000000000000000 ) ) ;
#8129 = TOROIDAL_SURFACE ( 'NONE', #2636, 1.042893218813446987, 0.5000000000000000000 ) ;
#8130 = ORIENTED_EDGE ( 'NONE', *, *, #4869, .F. ) ;
#8131 = CYLINDRICAL_SURFACE ( 'NONE', #2017, 2.000000000000001776 ) ;
#8132 = EDGE_CURVE ( 'NONE', #7352, #3325, #7378, .T. ) ;
#8134 = EDGE_LOOP ( 'NONE', ( #7852, #6505, #1731, #3324 ) ) ;
#8133 = ADVANCED_FACE ( 'NONE', ( #4187 ), #3464, .T. ) ;
#8135 = EDGE_CURVE ( 'NONE', #7240, #4147, #1124, .T. ) ;
#8136 = CARTESIAN_POINT ( 'NONE',  ( 38.41235070371810423, 18.18997571433710192, 7.457106781186551459 ) ) ;
#8137 = EDGE_LOOP ( 'NONE', ( #3970, #8021, #4052, #5120, #508, #2220, #1173, #1963 ) ) ;
#8138 = DIRECTION ( 'NONE',  ( 1.000000000000000000, 3.321706335932480517E-12, 0.000000000000000000 ) ) ;
#8139 = AXIS2_PLACEMENT_3D ( 'NONE', #1275, #4557, #3910 ) ;
#8140 = CARTESIAN_POINT ( 'NONE',  ( 16.69351813732740908, -1.846189740490250752, 10.48817672830835335 ) ) ;
#8141 = DIRECTION ( 'NONE',  ( -0.9796948150902463626, 0.1342955314062658223, -0.1488716881398090552 ) ) ;
#8142 = VERTEX_POINT ( 'NONE', #5641 ) ;
#8143 = VECTOR ( 'NONE', #4782, 1000.000000000000000 ) ;
#8144 = ORIENTED_EDGE ( 'NONE', *, *, #8041, .F. ) ;
#8145 = EDGE_CURVE ( 'NONE', #8215, #5370, #344, .T. ) ;
#8146 = EDGE_CURVE ( 'NONE', #351, #5855, #6340, .T. ) ;
#8147 = ORIENTED_EDGE ( 'NONE', *, *, #4031, .F. ) ;
#8148 = EDGE_LOOP ( 'NONE', ( #4920, #7091, #8010, #1949 ) ) ;
#8149 = CARTESIAN_POINT ( 'NONE',  ( 52.39546397279604406, 18.19522307414350593, 10.25000000000000178 ) ) ;
#8150 = CARTESIAN_POINT ( 'NONE',  ( -16.30570697075634357, 21.99397775393212484, 2.130048483033204043 ) ) ;
#8151 = CARTESIAN_POINT ( 'NONE',  ( -26.40456505862112024, 19.06050484018762958, 2.456071132729773066 ) ) ;
#8152 = DIRECTION ( 'NONE',  ( 0.6427876096865403621, 0.7660444431189771253, 3.056452145870024935E-17 ) ) ;
#8153 = DIRECTION ( 'NONE',  ( -0.7106689055291059987, 0.000000000000000000, 0.7035266211836354033 ) ) ;
#8154 = DIRECTION ( 'NONE',  ( -0.000000000000000000, 0.000000000000000000, 1.000000000000000000 ) ) ;
#8155 = DIRECTION ( 'NONE',  ( 0.6427876096865411393, 0.7660444431189764591, 0.000000000000000000 ) ) ;
#8156 = CARTESIAN_POINT ( 'NONE',  ( 20.39373324028385071, 1.722837388521720525, 10.50000000000000533 ) ) ;
#8157 = CARTESIAN_POINT ( 'NONE',  ( 2.726318643935160768, 18.18996170356977515, 10.27071796792494851 ) ) ;
#8158 = LINE ( 'NONE', #4123, #793 ) ;
#8159 = CARTESIAN_POINT ( 'NONE',  ( 16.45017437907109326, -2.000000016196700425, 6.187903310409723190 ) ) ;
#8160 = CARTESIAN_POINT ( 'NONE',  ( 42.16014024882986178, 18.19113980308874545, 7.203090613295889177 ) ) ;
#8161 = EDGE_LOOP ( 'NONE', ( #4646, #2594, #6518, #5122 ) ) ;
#8162 = PLANE ( 'NONE',  #4479 ) ;
#8163 = AXIS2_PLACEMENT_3D ( 'NONE', #63, #7215, #2140 ) ;
#8164 = CARTESIAN_POINT ( 'NONE',  ( 17.37198411201029913, -1.125430785034939873, 6.341682363149546475 ) ) ;
#8165 = CARTESIAN_POINT ( 'NONE',  ( 47.40483542659831784, 7.681334932469229712E-16, 2.766025658455024239 ) ) ;
#8166 = DIRECTION ( 'NONE',  ( -0.000000000000000000, 0.000000000000000000, 1.000000000000000000 ) ) ;
#8167 = CARTESIAN_POINT ( 'NONE',  ( 16.49380844737522978, -1.969177286487891143, 10.73197213988210486 ) ) ;
#8168 = AXIS2_PLACEMENT_3D ( 'NONE', #5178, #6554, #7159 ) ;
#8169 = AXIS2_PLACEMENT_3D ( 'NONE', #1020, #7619, #256 ) ;
#8170 = EDGE_LOOP ( 'NONE', ( #3967, #5773, #5783, #4744, #7974, #3699, #2295, #605 ) ) ;
#8171 = CARTESIAN_POINT ( 'NONE',  ( 19.65365543858514741, 1.025259736534292365, 6.500000000000000888 ) ) ;
#8172 = ORIENTED_EDGE ( 'NONE', *, *, #2137, .T. ) ;
#8173 = CARTESIAN_POINT ( 'NONE',  ( 0.000000000000000000, 0.000000000000000000, 0.000000000000000000 ) ) ;
#8174 = DIRECTION ( 'NONE',  ( 0.000000000000000000, 0.000000000000000000, -1.000000000000000000 ) ) ;
#8175 = ORIENTED_EDGE ( 'NONE', *, *, #1952, .F. ) ;
#8176 = DIRECTION ( 'NONE',  ( -0.000000000000000000, 1.000000000000000000, -0.000000000000000000 ) ) ;
#8177 = FACE_OUTER_BOUND ( 'NONE', #4669, .T. ) ;
#8178 = CARTESIAN_POINT ( 'NONE',  ( -16.36017824951703403, 21.00496779341116138, 15.43241060612541382 ) ) ;
#8179 = ORIENTED_EDGE ( 'NONE', *, *, #7500, .T. ) ;
#8180 = EDGE_CURVE ( 'NONE', #4146, #421, #193, .T. ) ;
#8181 = EDGE_CURVE ( 'NONE', #986, #2215, #4493, .T. ) ;
#8182 = EDGE_CURVE ( 'NONE', #5370, #6799, #4996, .T. ) ;
#8183 = AXIS2_PLACEMENT_3D ( 'NONE', #7092, #5793, #3772 ) ;
#8184 = ORIENTED_EDGE ( 'NONE', *, *, #1943, .F. ) ;
#8185 = VERTEX_POINT ( 'NONE', #5598 ) ;
#8186 = ORIENTED_EDGE ( 'NONE', *, *, #7233, .F. ) ;
#8187 = CARTESIAN_POINT ( 'NONE',  ( 16.18254579313375530, 5.204170427930421283E-15, 3.904501065402480098 ) ) ;
#8188 = AXIS2_PLACEMENT_3D ( 'NONE', #227, #185, #2864 ) ;
#8189 = CARTESIAN_POINT ( 'NONE',  ( -27.87863107424267284, 20.34073789643792907, 3.496523342442006133 ) ) ;
#8190 = CARTESIAN_POINT ( 'NONE',  ( 6.074901368506302468, 18.15373900823593090, -1.897596229113010846 ) ) ;
#8191 = CARTESIAN_POINT ( 'NONE',  ( 16.53224844148887129, -1.916826352773682407, 5.974209567107076069 ) ) ;
#8192 = AXIS2_PLACEMENT_3D ( 'NONE', #23, #6571, #8509 ) ;
#8193 = EDGE_CURVE ( 'NONE', #7851, #289, #6248, .T. ) ;
#8194 = ORIENTED_EDGE ( 'NONE', *, *, #5978, .T. ) ;
#8195 = CARTESIAN_POINT ( 'NONE',  ( 23.00000000000000711, 5.791139803088745097, 17.00000000000000000 ) ) ;
#8196 = VERTEX_POINT ( 'NONE', #2376 ) ;
#8197 = CIRCLE ( 'NONE', #7379, 2.000000000000000000 ) ;
#8198 = DIRECTION ( 'NONE',  ( -1.000000000000000000, 0.000000000000000000, 0.000000000000000000 ) ) ;
#8199 = CARTESIAN_POINT ( 'NONE',  ( 86.10117280021606234, 7.681334932469229712E-16, 2.766025658455024239 ) ) ;
#8200 = CARTESIAN_POINT ( 'NONE',  ( 20.23870421469215231, 1.570459394538362474, 10.49667502471577407 ) ) ;
#8201 = CARTESIAN_POINT ( 'NONE',  ( 3.792064526508458933, 24.86502716106337019, 0.8515894354418354073 ) ) ;
#8202 = CARTESIAN_POINT ( 'NONE',  ( 3.722964681832346301, 17.46002903365549130, -4.577703206926760693 ) ) ;
#8203 = CARTESIAN_POINT ( 'NONE',  ( 39.25010291981870125, 20.29649256180894668, 13.76668510813975921 ) ) ;
#8204 = ADVANCED_FACE ( 'NONE', ( #3114 ), #4310, .F. ) ;
#8205 = CARTESIAN_POINT ( 'NONE',  ( 47.41342662313099510, 21.20992039229832571, 14.23397434154498242 ) ) ;
#8206 = CARTESIAN_POINT ( 'NONE',  ( -4.794407181312116961, 18.19113980308874190, 8.500000000000000000 ) ) ;
#8207 = EDGE_LOOP ( 'NONE', ( #4228, #842, #4991, #6808, #5223, #6541, #7927, #2541, #6257, #6703, #3317, #5040, #7736, #2333, #3061, #3583 ) ) ;
#8208 = CARTESIAN_POINT ( 'NONE',  ( 16.46245746477759297, -2.000000000000001776, 10.65315397641930772 ) ) ;
#8209 = CARTESIAN_POINT ( 'NONE',  ( 5.074901367908573491, 4.962140093743794612E-16, 10.50000000000000000 ) ) ;
#8210 = CARTESIAN_POINT ( 'NONE',  ( 5.391624560436410363, 5.791139803088745097, 9.499999999999998224 ) ) ;
#8211 = CARTESIAN_POINT ( 'NONE',  ( 47.10117051585724823, 21.25273542826299433, 10.24565054000058417 ) ) ;
#8212 = DIRECTION ( 'NONE',  ( 6.280355868556601885E-17, -4.710295997565059475E-17, -1.000000000000000000 ) ) ;
#8213 = VERTEX_POINT ( 'NONE', #3754 ) ;
#8214 = CARTESIAN_POINT ( 'NONE',  ( 69.52991323925427025, 18.17822704420509083, 12.32393281392658757 ) ) ;
#8215 = VERTEX_POINT ( 'NONE', #5731 ) ;
#8216 = LINE ( 'NONE', #6889, #3255 ) ;
#8217 = VERTEX_POINT ( 'NONE', #6942 ) ;
#8218 = CARTESIAN_POINT ( 'NONE',  ( -23.92509863149369664, 18.19113980298909183, 7.203090613293326783 ) ) ;
#8219 = CARTESIAN_POINT ( 'NONE',  ( -4.425636533496081881, 24.44870881733221069, 8.500000000000000000 ) ) ;
#8220 = EDGE_LOOP ( 'NONE', ( #5322, #2206, #5037, #5896, #3277, #5410, #4872, #7325, #4278 ) ) ;
#8221 = VECTOR ( 'NONE', #8279, 999.9999999999998863 ) ;
#8222 = ORIENTED_EDGE ( 'NONE', *, *, #6087, .T. ) ;
#8223 = AXIS2_PLACEMENT_3D ( 'NONE', #37, #1327, #7319 ) ;
#8224 = ORIENTED_EDGE ( 'NONE', *, *, #233, .F. ) ;
#8225 = VECTOR ( 'NONE', #6457, 1000.000000000000114 ) ;
#8226 = ORIENTED_EDGE ( 'NONE', *, *, #594, .T. ) ;
#8227 = CARTESIAN_POINT ( 'NONE',  ( 4.040666800786214985, 29.47693249942978966, 17.00000000000000000 ) ) ;
#8228 = EDGE_CURVE ( 'NONE', #167, #6412, #6774, .T. ) ;
#8229 = EDGE_CURVE ( 'NONE', #800, #4909, #3671, .T. ) ;
#8230 = CARTESIAN_POINT ( 'NONE',  ( -3.405194883420260332, 23.83686902100999205, 12.00000000000000178 ) ) ;
#8231 = DIRECTION ( 'NONE',  ( -0.000000000000000000, -0.000000000000000000, 1.000000000000000000 ) ) ;
#8232 = CARTESIAN_POINT ( 'NONE',  ( 5.409737478318104920, 5.775941260374671593, 9.500000000000001776 ) ) ;
#8233 = VERTEX_POINT ( 'NONE', #423 ) ;
#8234 = LINE ( 'NONE', #5098, #5578 ) ;
#8235 = ORIENTED_EDGE ( 'NONE', *, *, #7025, .T. ) ;
#8236 = CARTESIAN_POINT ( 'NONE',  ( 18.71644172404391071, 11.06284411194225292, 8.504668119422598593 ) ) ;
#8237 = EDGE_CURVE ( 'NONE', #1127, #1159, #4401, .T. ) ;
#8238 = CARTESIAN_POINT ( 'NONE',  ( 6.052525088004644616, 6.541985703493648607, 6.500000000000000888 ) ) ;
#8239 = CARTESIAN_POINT ( 'NONE',  ( 4.482953750141914107, 9.523713410161544601, 6.500000000000001776 ) ) ;
#8240 = PLANE ( 'NONE',  #6326 ) ;
#8241 = CARTESIAN_POINT ( 'NONE',  ( 40.32182334480039998, 18.19113980308874190, 7.167153475153695830 ) ) ;
#8242 = DIRECTION ( 'NONE',  ( 0.5671072145501000472, -0.4758594545669649345, -0.6722701738917600256 ) ) ;
#8243 = CARTESIAN_POINT ( 'NONE',  ( 6.579886473998326935, 8.002544093717267160, 15.00000000000000178 ) ) ;
#8244 = DIRECTION ( 'NONE',  ( -0.6945643812950940132, -0.7194305527541650092, 0.000000000000000000 ) ) ;
#8245 = VERTEX_POINT ( 'NONE', #384 ) ;
#8246 = CARTESIAN_POINT ( 'NONE',  ( -6.484069286058167236, 23.85878651847832188, 5.670839315149573956 ) ) ;
#8247 = EDGE_CURVE ( 'NONE', #1284, #2208, #6380, .T. ) ;
#8248 = CARTESIAN_POINT ( 'NONE',  ( 16.60745676787760061, -1.846069380193927634, 5.826347224769674149 ) ) ;
#8249 = FACE_OUTER_BOUND ( 'NONE', #1772, .T. ) ;
#8250 = CARTESIAN_POINT ( 'NONE',  ( 43.68485771299055642, 22.50965209658663113, 16.62237889782336708 ) ) ;
#8251 = CARTESIAN_POINT ( 'NONE',  ( 22.00113461188209740, 18.19113980308874190, 7.203090613293326783 ) ) ;
#8252 = DIRECTION ( 'NONE',  ( -0.6427876096865410283, -0.7660444431189765702, 0.000000000000000000 ) ) ;
#8253 = CARTESIAN_POINT ( 'NONE',  ( 43.68485771299055642, 21.45163648221143049, -0.2880386906141501058 ) ) ;
#8254 = ORIENTED_EDGE ( 'NONE', *, *, #8078, .F. ) ;
#8255 = CARTESIAN_POINT ( 'NONE',  ( 44.01750267280106499, 18.50184096530444933, 19.79478234319103080 ) ) ;
#8256 = ADVANCED_FACE ( 'NONE', ( #8358 ), #6985, .T. ) ;
#8257 = ORIENTED_EDGE ( 'NONE', *, *, #3242, .T. ) ;
#8258 = CARTESIAN_POINT ( 'NONE',  ( 20.06541540247913957, 0.3983825948703704767, 7.392109492133028148 ) ) ;
#8259 = ORIENTED_EDGE ( 'NONE', *, *, #4190, .T. ) ;
#8260 = CARTESIAN_POINT ( 'NONE',  ( 19.38587350163749079, 0.08749608349627711890, 9.891554812874627345 ) ) ;
#8261 = CARTESIAN_POINT ( 'NONE',  ( 47.40483542659831784, 18.19113980308874190, 14.50000000000000000 ) ) ;
#8262 = EDGE_LOOP ( 'NONE', ( #5350, #1679, #4610, #3948 ) ) ;
#8263 =( BOUNDED_CURVE ( )  B_SPLINE_CURVE ( 3, ( #175, #8019, #409, #367 ),
 .UNSPECIFIED., .F., .F. ) 
 B_SPLINE_CURVE_WITH_KNOTS ( ( 4, 4 ),
 ( 0.000000000000000000, 1.570796326794897224 ),
 .UNSPECIFIED. ) 
 CURVE ( )  GEOMETRIC_REPRESENTATION_ITEM ( )  RATIONAL_B_SPLINE_CURVE ( ( 1.000000000000000000, 0.8047378541243649375, 0.8047378541243649375, 1.000000000000000000 ) ) 
 REPRESENTATION_ITEM ( '' )  );
#8264 = ORIENTED_EDGE ( 'NONE', *, *, #3726, .T. ) ;
#8265 = VECTOR ( 'NONE', #3183, 1000.000000000000114 ) ;
#8266 = ORIENTED_EDGE ( 'NONE', *, *, #49, .F. ) ;
#8267 = ORIENTED_EDGE ( 'NONE', *, *, #7044, .F. ) ;
#8268 = FACE_OUTER_BOUND ( 'NONE', #3065, .T. ) ;
#8269 = CARTESIAN_POINT ( 'NONE',  ( 42.45346213038158112, 18.09375486260647392, 2.895807234825022114 ) ) ;
#8270 = CARTESIAN_POINT ( 'NONE',  ( 3.792064526508406530, 24.86502716106334177, 16.14841056455815860 ) ) ;
#8271 = CARTESIAN_POINT ( 'NONE',  ( 4.835792640407257537, 6.319016356621344421, 10.50000000000000178 ) ) ;
#8272 = ORIENTED_EDGE ( 'NONE', *, *, #5709, .F. ) ;
#8273 = CARTESIAN_POINT ( 'NONE',  ( 5.079269078855884523, 6.053237172479167150, -0.0002055618314386609136 ) ) ;
#8274 = ORIENTED_EDGE ( 'NONE', *, *, #860, .T. ) ;
#8275 = CARTESIAN_POINT ( 'NONE',  ( 16.46245746477759297, -2.000000000000000888, 11.43413193807526262 ) ) ;
#8276 = FACE_OUTER_BOUND ( 'NONE', #7756, .T. ) ;
#8277 = CARTESIAN_POINT ( 'NONE',  ( 4.598210314119719477, 8.817875855685215924, 6.500000000000000000 ) ) ;
#8278 = DIRECTION ( 'NONE',  ( -0.6427876096865426936, -0.7660444431189752379, -0.000000000000000000 ) ) ;
#8279 = DIRECTION ( 'NONE',  ( -0.6531958121733354439, 0.4898998853091173222, -0.5773502691896232886 ) ) ;
#8280 = LINE ( 'NONE', #529, #2323 ) ;
#8281 = DIRECTION ( 'NONE',  ( -0.1414184209989443608, 0.9899499129764927075, 0.000000000000000000 ) ) ;
#8282 = EDGE_CURVE ( 'NONE', #7745, #1784, #6428, .T. ) ;
#8283 = EDGE_CURVE ( 'NONE', #6593, #3460, #4357, .T. ) ;
#8284 = DIRECTION ( 'NONE',  ( -0.9899499129764925964, -0.1414184209989443330, 2.369086567458785895E-17 ) ) ;
#8285 = ORIENTED_EDGE ( 'NONE', *, *, #4394, .T. ) ;
#8286 = DIRECTION ( 'NONE',  ( 1.000000000000000000, 0.000000000000000000, 0.000000000000000000 ) ) ;
#8287 = CARTESIAN_POINT ( 'NONE',  ( 16.37050300572432704, -2.061211365196983891, 6.073896423475064310 ) ) ;
#8288 = CARTESIAN_POINT ( 'NONE',  ( -8.875085917927320267, 17.76231007574234866, 18.83037244296011536 ) ) ;
#8289 = CARTESIAN_POINT ( 'NONE',  ( 4.760878997294996751, 7.171152609699422698, 6.653994881112188509 ) ) ;
#8290 = CARTESIAN_POINT ( 'NONE',  ( 16.69535117818149672, -1.763216228754230341, 10.83941894542338780 ) ) ;
#8291 = CARTESIAN_POINT ( 'NONE',  ( 33.40483542659831784, 19.91608737267181439, 15.37570577717870002 ) ) ;
#8292 = EDGE_CURVE ( 'NONE', #8196, #3964, #2166, .T. ) ;
#8293 = CYLINDRICAL_SURFACE ( 'NONE', #5213, 2.649999999999999467 ) ;
#8294 = ORIENTED_EDGE ( 'NONE', *, *, #3062, .T. ) ;
#8295 = DIRECTION ( 'NONE',  ( -0.1414184209989451380, 0.9899499129764924854, 0.000000000000000000 ) ) ;
#8296 = VERTEX_POINT ( 'NONE', #3850 ) ;
#8297 = CARTESIAN_POINT ( 'NONE',  ( 10.64537435473997462, -8.932529694806415677, 6.500000000000000888 ) ) ;
#8298 = ORIENTED_EDGE ( 'NONE', *, *, #4133, .T. ) ;
#8299 = DIRECTION ( 'NONE',  ( 0.4247908136477072105, -0.5652899827880484285, 0.7071067811865522357 ) ) ;
#8300 = CARTESIAN_POINT ( 'NONE',  ( 53.91712193127420960, 18.19113980308875611, 8.500000000000000000 ) ) ;
#8301 = ORIENTED_EDGE ( 'NONE', *, *, #4190, .F. ) ;
#8302 = AXIS2_PLACEMENT_3D ( 'NONE', #6759, #847, #93 ) ;
#8303 = ADVANCED_FACE ( 'NONE', ( #2678 ), #646, .T. ) ;
#8304 = ORIENTED_EDGE ( 'NONE', *, *, #8336, .T. ) ;
#8305 = VECTOR ( 'NONE', #3723, 1000.000000000000114 ) ;
#8306 = VERTEX_POINT ( 'NONE', #1294 ) ;
#8307 = DIRECTION ( 'NONE',  ( 0.000000000000000000, 0.000000000000000000, -1.000000000000000000 ) ) ;
#8308 = VERTEX_POINT ( 'NONE', #7 ) ;
#8309 = CARTESIAN_POINT ( 'NONE',  ( 42.16014024882986178, 18.19113980308874545, 9.796909386704113487 ) ) ;
#8310 = CARTESIAN_POINT ( 'NONE',  ( 3.467932343692218922, 0.000000000000000000, 6.500000000000000888 ) ) ;
#8311 = CIRCLE ( 'NONE', #4609, 0.5000000000000002220 ) ;
#8312 = CARTESIAN_POINT ( 'NONE',  ( 42.16014024882986178, 18.19113980308874545, 7.203090613295889177 ) ) ;
#8313 = CARTESIAN_POINT ( 'NONE',  ( 3.779238944135284939, 8.042101690230992972, 10.50000000000000178 ) ) ;
#8314 = B_SPLINE_CURVE_WITH_KNOTS ( 'NONE', 3,
 ( #4827, #4176, #6800, #5195 ),
 .UNSPECIFIED., .F., .F.,
 ( 4, 4 ),
 ( 0.000000000000000000, 1.000000000000000000 ),
 .UNSPECIFIED. ) ;
#8315 = ORIENTED_EDGE ( 'NONE', *, *, #2603, .F. ) ;
#8316 = AXIS2_PLACEMENT_3D ( 'NONE', #2176, #179, #6123 ) ;
#8317 = DIRECTION ( 'NONE',  ( 2.090904783000733446E-15, 0.8386705679454270479, 0.5446390350150224213 ) ) ;
#8318 = EDGE_LOOP ( 'NONE', ( #6167, #3708, #5026, #7294 ) ) ;
#8319 = CARTESIAN_POINT ( 'NONE',  ( -1.398576466903264537, 24.41938942862417861, 6.213732533963025162 ) ) ;
#8320 = CARTESIAN_POINT ( 'NONE',  ( 5.386955036386313012, 25.09286383705738999, 17.48797118233095205 ) ) ;
#8321 = CARTESIAN_POINT ( 'NONE',  ( -1.067206353901586580, 24.17086030867428548, 10.78626746603697661 ) ) ;
#8322 = DIRECTION ( 'NONE',  ( 0.7660444431189784575, -0.6427876096865388078, 0.000000000000000000 ) ) ;
#8323 = CARTESIAN_POINT ( 'NONE',  ( -28.06256458244928709, 17.04206840618255470, 3.562153609565011259 ) ) ;
#8324 = DIRECTION ( 'NONE',  ( -1.000000000000000000, 0.000000000000000000, 0.000000000000000000 ) ) ;
#8325 = B_SPLINE_CURVE_WITH_KNOTS ( 'NONE', 3,
 ( #6481, #3763, #395, #1132, #2383, #569, #4500, #7771, #7083, #7681, #3856, #6949, #6997, #3809, #6434, #1828 ),
 .UNSPECIFIED., .F., .F.,
 ( 4, 2, 2, 2, 2, 2, 2, 4 ),
 ( 0.002736295002900359340, 0.003078036497893826134, 0.003419777992887292496, 0.003761519487880758857, 0.004103260982874225651, 0.004445002477867692446, 0.004786743972861159241, 0.005470226962848099769 ),
 .UNSPECIFIED. ) ;
#8326 = DIRECTION ( 'NONE',  ( -0.9907350496360611825, 0.1358089151073355039, 0.000000000000000000 ) ) ;
#8327 = AXIS2_PLACEMENT_3D ( 'NONE', #5686, #8317, #5047 ) ;
#8328 = VECTOR ( 'NONE', #1019, 1000.000000000000000 ) ;
#8329 = FACE_OUTER_BOUND ( 'NONE', #550, .T. ) ;
#8330 = VERTEX_POINT ( 'NONE', #7245 ) ;
#8331 = CARTESIAN_POINT ( 'NONE',  ( 39.76845770884413156, 20.15656267538717827, 13.84090032402087544 ) ) ;
#8332 = VECTOR ( 'NONE', #5585, 1000.000000000000000 ) ;
#8333 = CYLINDRICAL_SURFACE ( 'NONE', #4050, 95.27649995148391326 ) ;
#8334 = CARTESIAN_POINT ( 'NONE',  ( 32.40483542659831784, 18.59586620634634713, 9.500000000000001776 ) ) ;
#8335 = DIRECTION ( 'NONE',  ( 0.000000000000000000, 0.000000000000000000, 1.000000000000000000 ) ) ;
#8336 = EDGE_CURVE ( 'NONE', #5717, #1711, #6058, .T. ) ;
#8337 = EDGE_CURVE ( 'NONE', #7669, #3893, #6473, .T. ) ;
#8338 = CARTESIAN_POINT ( 'NONE',  ( 41.80533618141311081, 18.12606411932741324, 13.32297221789857211 ) ) ;
#8339 = FACE_BOUND ( 'NONE', #3167, .T. ) ;
#8340 = CARTESIAN_POINT ( 'NONE',  ( 43.95366690147358213, 18.13170059572881598, 3.831033542987645202 ) ) ;
#8341 = VECTOR ( 'NONE', #4303, 1000.000000000000000 ) ;
#8342 = DIRECTION ( 'NONE',  ( -1.000000000000000000, 0.000000000000000000, 1.084202172485504434E-16 ) ) ;
#8343 = EDGE_LOOP ( 'NONE', ( #5560, #5140, #7922, #4396 ) ) ;
#8344 = CARTESIAN_POINT ( 'NONE',  ( 13.00000000000000000, 14.00554976279612873, 0.000000000000000000 ) ) ;
#8345 = ORIENTED_EDGE ( 'NONE', *, *, #4155, .T. ) ;
#8346 = CARTESIAN_POINT ( 'NONE',  ( 39.45524294190503412, 18.18854554773242782, 6.500000000000000888 ) ) ;
#8347 = ORIENTED_EDGE ( 'NONE', *, *, #2180, .T. ) ;
#8348 = EDGE_CURVE ( 'NONE', #2498, #8391, #7564, .T. ) ;
#8349 = DIRECTION ( 'NONE',  ( -0.6427876096865404731, -0.7660444431189770143, -0.000000000000000000 ) ) ;
#8350 = LINE ( 'NONE', #5081, #2271 ) ;
#8351 = EDGE_LOOP ( 'NONE', ( #453, #1384, #1638, #2281, #3063, #4339, #2429 ) ) ;
#8352 = VERTEX_POINT ( 'NONE', #3891 ) ;
#8353 = ORIENTED_EDGE ( 'NONE', *, *, #3816, .T. ) ;
#8354 = CARTESIAN_POINT ( 'NONE',  ( 40.26590409431137374, 18.19108780883302146, 9.896446609406716277 ) ) ;
#8355 = ORIENTED_EDGE ( 'NONE', *, *, #860, .F. ) ;
#8356 = CARTESIAN_POINT ( 'NONE',  ( 16.90288157433359828, -1.706822689306001672, 6.653423211742900634 ) ) ;
#8357 = EDGE_CURVE ( 'NONE', #7885, #7669, #8448, .T. ) ;
#8358 = FACE_OUTER_BOUND ( 'NONE', #7663, .T. ) ;
#8359 = PLANE ( 'NONE',  #1812 ) ;
#8360 = CARTESIAN_POINT ( 'NONE',  ( 4.331040939376784138, 6.946007961150285404, 10.50000000000000355 ) ) ;
#8361 = ORIENTED_EDGE ( 'NONE', *, *, #4944, .F. ) ;
#8362 = AXIS2_PLACEMENT_3D ( 'NONE', #6425, #3159, #5381 ) ;
#8363 = FACE_BOUND ( 'NONE', #6282, .T. ) ;
#8364 = VECTOR ( 'NONE', #8086, 1000.000000000000114 ) ;
#8365 = ORIENTED_EDGE ( 'NONE', *, *, #5613, .F. ) ;
#8366 = DIRECTION ( 'NONE',  ( -0.000000000000000000, -0.000000000000000000, 1.000000000000000000 ) ) ;
#8367 = EDGE_CURVE ( 'NONE', #7961, #7026, #5861, .T. ) ;
#8368 = CARTESIAN_POINT ( 'NONE',  ( 20.55215765794534377, 1.872163087572090712, 6.500000000000000888 ) ) ;
#8369 = FACE_OUTER_BOUND ( 'NONE', #1015, .T. ) ;
#8370 = CARTESIAN_POINT ( 'NONE',  ( 5.348081629244227031, 17.52371049755214827, -4.055260565188491206 ) ) ;
#8371 = CARTESIAN_POINT ( 'NONE',  ( 40.26590409431137374, 18.19108780883302146, 7.103553390593284611 ) ) ;
#8372 = CIRCLE ( 'NONE', #2878, 2.000000000000001776 ) ;
#8373 = CARTESIAN_POINT ( 'NONE',  ( -6.623409665141560154, 23.67300049400009598, 5.506625752776475480 ) ) ;
#8374 = CARTESIAN_POINT ( 'NONE',  ( 5.391624560436410363, 5.791139803088745097, 7.500000000000000888 ) ) ;
#8375 = VERTEX_POINT ( 'NONE', #1951 ) ;
#8376 = CARTESIAN_POINT ( 'NONE',  ( 41.66792509647202536, 21.22062823083485128, -7.961119024899709906 ) ) ;
#8377 = CARTESIAN_POINT ( 'NONE',  ( 21.68208902826260243, 2.199601982023258184, 6.646446609406728712 ) ) ;
#8378 = CARTESIAN_POINT ( 'NONE',  ( 19.43910664277670719, 0.8230272917868196592, 6.500002678830012925 ) ) ;
#8379 = CARTESIAN_POINT ( 'NONE',  ( -18.80277571695055272, 17.93900283582863153, 16.72382456197846778 ) ) ;
#8380 = CARTESIAN_POINT ( 'NONE',  ( -1.633168347278033172, 24.09001030767972651, 4.799518971597724892 ) ) ;
#8381 = CARTESIAN_POINT ( 'NONE',  ( 17.51551612341643605, -0.9901362230182700896, 10.63533141137240534 ) ) ;
#8382 = DIRECTION ( 'NONE',  ( -1.000000000000000000, 8.163404592832036924E-16, 0.000000000000000000 ) ) ;
#8383 = B_SPLINE_CURVE_WITH_KNOTS ( 'NONE', 3,
 ( #4637, #5234, #2699, #580, #3348, #5962, #5317, #668 ),
 .UNSPECIFIED., .F., .F.,
 ( 4, 2, 2, 4 ),
 ( 1.732293160697219195E-16, 0.0006407750675075365651, 0.0009611626012612182199, 0.001281550135014899875 ),
 .UNSPECIFIED. ) ;
#8384 = ADVANCED_FACE ( 'NONE', ( #4576 ), #7201, .T. ) ;
#8385 = FACE_OUTER_BOUND ( 'NONE', #7935, .T. ) ;
#8386 = EDGE_CURVE ( 'NONE', #4945, #4214, #2038, .T. ) ;
#8387 = VERTEX_POINT ( 'NONE', #688 ) ;
#8388 = CARTESIAN_POINT ( 'NONE',  ( 32.80092271098348533, 19.31242734934682659, 7.420383624501632802 ) ) ;
#8389 = ORIENTED_EDGE ( 'NONE', *, *, #6258, .F. ) ;
#8390 = CARTESIAN_POINT ( 'NONE',  ( -2.269026889613088294, 18.19113980308874190, 8.500000000000000000 ) ) ;
#8391 = VERTEX_POINT ( 'NONE', #5946 ) ;
#8392 = FACE_OUTER_BOUND ( 'NONE', #2970, .T. ) ;
#8393 = ORIENTED_EDGE ( 'NONE', *, *, #1361, .F. ) ;
#8394 = ADVANCED_FACE ( 'NONE', ( #5298 ), #7932, .T. ) ;
#8395 = EDGE_CURVE ( 'NONE', #6207, #5887, #2805, .T. ) ;
#8396 = EDGE_CURVE ( 'NONE', #6072, #3805, #3085, .T. ) ;
#8397 = ORIENTED_EDGE ( 'NONE', *, *, #5987, .F. ) ;
#8398 = ORIENTED_EDGE ( 'NONE', *, *, #8386, .T. ) ;
#8399 = FACE_OUTER_BOUND ( 'NONE', #237, .T. ) ;
#8400 = EDGE_LOOP ( 'NONE', ( #533, #3034, #2149, #5079 ) ) ;
#8401 = PLANE ( 'NONE',  #6106 ) ;
#8402 = CARTESIAN_POINT ( 'NONE',  ( 42.55097685141603137, 18.09087136594485301, 2.832914990206421901 ) ) ;
#8403 = PLANE ( 'NONE',  #4154 ) ;
#8404 = CIRCLE ( 'NONE', #156, 1.000000000000000888 ) ;
#8405 = ADVANCED_FACE ( 'NONE', ( #3927 ), #1377, .T. ) ;
#8406 = EDGE_CURVE ( 'NONE', #6666, #451, #5940, .T. ) ;
#8407 = ORIENTED_EDGE ( 'NONE', *, *, #4234, .F. ) ;
#8408 = CARTESIAN_POINT ( 'NONE',  ( 40.26590409431137374, 18.18997571433710192, 9.896446609406721606 ) ) ;
#8409 = ORIENTED_EDGE ( 'NONE', *, *, #2241, .T. ) ;
#8410 = CARTESIAN_POINT ( 'NONE',  ( 16.45365410319637078, -2.000000000000000000, 11.30622190928169601 ) ) ;
#8411 = CARTESIAN_POINT ( 'NONE',  ( 43.95521608925714929, 18.95873024172880861, -1.972731940941802042 ) ) ;
#8412 = CARTESIAN_POINT ( 'NONE',  ( 6.328377400050761104, -8.421482378189548257, 25.81271544900117121 ) ) ;
#8413 = AXIS2_PLACEMENT_3D ( 'NONE', #311, #5450, #2913 ) ;
#8414 = CARTESIAN_POINT ( 'NONE',  ( -28.06256458244926932, 18.57986623873934917, 4.455907779493375465 ) ) ;
#8415 = DIRECTION ( 'NONE',  ( 0.1358089151073355594, 0.9907350496360612935, 0.000000000000000000 ) ) ;
#8416 = CARTESIAN_POINT ( 'NONE',  ( -13.92509863149369842, 22.33405745689730537, 5.000000000000001776 ) ) ;
#8417 = DIRECTION ( 'NONE',  ( 0.1414184209989443053, -0.9899499129764927075, 0.000000000000000000 ) ) ;
#8418 = VERTEX_POINT ( 'NONE', #168 ) ;
#8419 = PLANE ( 'NONE',  #1167 ) ;
#8420 = CARTESIAN_POINT ( 'NONE',  ( 39.89446440815520845, 18.18997571433710192, 6.732113704437118429 ) ) ;
#8421 = CARTESIAN_POINT ( 'NONE',  ( 20.44017947064569540, 0.6478519569371117282, 7.249990221153634451 ) ) ;
#8422 = CARTESIAN_POINT ( 'NONE',  ( -17.42509863149369664, 21.19113980308874190, 11.45000000000000107 ) ) ;
#8423 = CARTESIAN_POINT ( 'NONE',  ( 4.659218881926582512, 7.393575515746055871, 6.628205446741469942 ) ) ;
#8424 = CARTESIAN_POINT ( 'NONE',  ( 4.467932343692218922, 0.000000000000000000, 9.500000000000001776 ) ) ;
#8425 = CARTESIAN_POINT ( 'NONE',  ( 42.72590628928698209, 18.19113980308874545, 7.167613575623985156 ) ) ;
#8426 = EDGE_LOOP ( 'NONE', ( #1884, #7530, #766, #4745 ) ) ;
#8427 = B_SPLINE_CURVE_WITH_KNOTS ( 'NONE', 3,
 ( #135, #1054, #1547, #7454 ),
 .UNSPECIFIED., .F., .F.,
 ( 4, 4 ),
 ( 0.000000000000000000, 0.0001594167889733776305 ),
 .UNSPECIFIED. ) ;
#8428 = CARTESIAN_POINT ( 'NONE',  ( 52.16712193127420960, 18.19522307414349171, 10.25000000000000355 ) ) ;
#8429 = ORIENTED_EDGE ( 'NONE', *, *, #458, .F. ) ;
#8430 = CARTESIAN_POINT ( 'NONE',  ( 4.988728280949656479, 9.392728145939486240, 14.55979849088173239 ) ) ;
#8431 = ORIENTED_EDGE ( 'NONE', *, *, #3399, .F. ) ;
#8432 = DIRECTION ( 'NONE',  ( 0.7660444431189771253, -0.6427876096865403621, 0.000000000000000000 ) ) ;
#8433 = ORIENTED_EDGE ( 'NONE', *, *, #1882, .F. ) ;
#8434 = EDGE_CURVE ( 'NONE', #1637, #4318, #2032, .T. ) ;
#8435 = CARTESIAN_POINT ( 'NONE',  ( -1.462380825565096076, 24.29977437553532837, 11.41329535598319467 ) ) ;
#8436 = CARTESIAN_POINT ( 'NONE',  ( 6.579886473998327823, 8.002544093717267160, 15.00000000000000178 ) ) ;
#8437 = ORIENTED_EDGE ( 'NONE', *, *, #595, .T. ) ;
#8438 = ORIENTED_EDGE ( 'NONE', *, *, #6863, .F. ) ;
#8439 = ORIENTED_EDGE ( 'NONE', *, *, #2291, .F. ) ;
#8440 = CARTESIAN_POINT ( 'NONE',  ( -18.25394055300539264, 18.19081840835692887, 6.943926936782070847 ) ) ;
#8441 = ORIENTED_EDGE ( 'NONE', *, *, #1395, .T. ) ;
#8442 = PLANE ( 'NONE',  #7897 ) ;
#8443 = CIRCLE ( 'NONE', #1004, 10.00000000000000000 ) ;
#8444 =( BOUNDED_SURFACE ( )  B_SPLINE_SURFACE ( 3, 2, ( 
 ( #7527, #3484, #326 ),
 ( #3615, #6887, #6796 ),
 ( #973, #2969, #1538 ),
 ( #8255, #4215, #4943 ) ),
 .UNSPECIFIED., .F., .F., .F. ) 
 B_SPLINE_SURFACE_WITH_KNOTS ( ( 4, 4 ),
 ( 3, 3 ),
 ( 3.041143552515444881, 3.094440732562593777 ),
 ( 0.000000000000000000, 1.000000000000000000 ),
 .UNSPECIFIED. ) 
 GEOMETRIC_REPRESENTATION_ITEM ( )  RATIONAL_B_SPLINE_SURFACE ( (
 ( 1.000000000000000000, 0.8813672598878887765, 1.000000000000000000),
 ( 1.000000000000000000, 0.8816484421977212049, 1.000000000000000000),
 ( 1.000000000000000000, 0.8818551353984905861, 1.000000000000000000),
 ( 1.000000000000000000, 0.8819872032462753308, 1.000000000000000000) ) ) 
 REPRESENTATION_ITEM ( '' )  SURFACE ( )  );
#8445 = ADVANCED_FACE ( 'NONE', ( #2722 ), #7286, .F. ) ;
#8446 = EDGE_CURVE ( 'NONE', #2208, #5162, #4739, .T. ) ;
#8447 = EDGE_CURVE ( 'NONE', #1331, #4021, #2135, .T. ) ;
#8448 = CIRCLE ( 'NONE', #3781, 0.4999999999999993894 ) ;
#8449 = ORIENTED_EDGE ( 'NONE', *, *, #7709, .F. ) ;
#8450 = DIRECTION ( 'NONE',  ( -0.7660444431189770143, 0.6427876096865408062, 0.000000000000000000 ) ) ;
#8451 = VERTEX_POINT ( 'NONE', #5989 ) ;
#8452 = CARTESIAN_POINT ( 'NONE',  ( 4.074901368506302468, 22.88512733511037567, -5.590280349210904554 ) ) ;
#8453 = CARTESIAN_POINT ( 'NONE',  ( -26.34540142444716793, 20.55976606469232948, 4.455907779493372800 ) ) ;
#8454 = EDGE_CURVE ( 'NONE', #6294, #3784, #6528, .T. ) ;
#8455 = CARTESIAN_POINT ( 'NONE',  ( -13.92509863149369842, 21.19113980308874190, 12.00000000000000000 ) ) ;
#8456 = CARTESIAN_POINT ( 'NONE',  ( 18.13295065279973528, -0.8880020648931150617, 9.931756293364307098 ) ) ;
#8457 = CARTESIAN_POINT ( 'NONE',  ( -6.317182357028261031, 22.43973755612722698, 0.3711024001357215440 ) ) ;
#8458 = VECTOR ( 'NONE', #8474, 1000.000000000000000 ) ;
#8459 = DIRECTION ( 'NONE',  ( 0.4156957420089222310, -0.9095037383516637597, 0.000000000000000000 ) ) ;
#8460 = VERTEX_POINT ( 'NONE', #725 ) ;
#8461 = DIRECTION ( 'NONE',  ( -1.000000000000000000, 0.000000000000000000, 0.000000000000000000 ) ) ;
#8462 = CARTESIAN_POINT ( 'NONE',  ( -13.92509863149369842, 22.33405745689730537, 12.00000000000000000 ) ) ;
#8463 = CARTESIAN_POINT ( 'NONE',  ( 16.49216485583148639, -1.980871515135701477, 6.330345823848015030 ) ) ;
#8464 = DIRECTION ( 'NONE',  ( 0.000000000000000000, -0.000000000000000000, -1.000000000000000000 ) ) ;
#8465 = ADVANCED_FACE ( 'NONE', ( #5900 ), #2629, .T. ) ;
#8466 = AXIS2_PLACEMENT_3D ( 'NONE', #3587, #5394, #4149 ) ;
#8467 = CARTESIAN_POINT ( 'NONE',  ( -1.077682224800621036, 24.16936378738421709, 5.582087692764113207 ) ) ;
#8468 = CARTESIAN_POINT ( 'NONE',  ( 28.57324117608477820, 12.43306999708173066, 9.500000000000001776 ) ) ;
#8469 = CARTESIAN_POINT ( 'NONE',  ( 43.09455399543326592, 18.19068859426834450, 6.898073073762090779 ) ) ;
#8470 = CIRCLE ( 'NONE', #2016, 2.000000000000000444 ) ;
#8471 = AXIS2_PLACEMENT_3D ( 'NONE', #3550, #1602, #2097 ) ;
#8472 = CARTESIAN_POINT ( 'NONE',  ( 3.722936307887790175, 18.69098123549753510, -3.862441083066955105 ) ) ;
#8473 = ORIENTED_EDGE ( 'NONE', *, *, #3027, .F. ) ;
#8474 = DIRECTION ( 'NONE',  ( -0.000000000000000000, -1.000000000000000000, 0.000000000000000000 ) ) ;
#8475 = ORIENTED_EDGE ( 'NONE', *, *, #4763, .F. ) ;
#8476 = CARTESIAN_POINT ( 'NONE',  ( 1.467932343692218700, 16.19113980308874190, 7.500000000000000888 ) ) ;
#8477 = VERTEX_POINT ( 'NONE', #3968 ) ;
#8478 = AXIS2_PLACEMENT_3D ( 'NONE', #2112, #7316, #4004 ) ;
#8479 = DIRECTION ( 'NONE',  ( 0.5671072145501000472, -0.4758594545669648790, 0.6722701738917602476 ) ) ;
#8480 = CARTESIAN_POINT ( 'NONE',  ( 3.722938140481620639, 18.61291444620151481, 20.90780264760430640 ) ) ;
#8481 = VERTEX_POINT ( 'NONE', #641 ) ;
#8482 = ORIENTED_EDGE ( 'NONE', *, *, #3877, .T. ) ;
#8483 = VERTEX_POINT ( 'NONE', #2763 ) ;
#8484 = DIRECTION ( 'NONE',  ( 0.5671072145501000472, -0.4758594545669649345, 0.6722701738917600256 ) ) ;
#8485 = EDGE_LOOP ( 'NONE', ( #1720, #1073, #5248, #6202 ) ) ;
#8486 = DIRECTION ( 'NONE',  ( 0.8209086180667707344, 0.000000000000000000, 0.5710595772629198930 ) ) ;
#8487 = CARTESIAN_POINT ( 'NONE',  ( 34.76343828451251028, 20.21872944336058708, 10.50000000000000178 ) ) ;
#8488 = CARTESIAN_POINT ( 'NONE',  ( 19.12402157324911300, 14.01474273244640223, 17.26491976425693053 ) ) ;
#8489 = ORIENTED_EDGE ( 'NONE', *, *, #4657, .T. ) ;
#8490 = EDGE_CURVE ( 'NONE', #691, #1760, #7762, .T. ) ;
#8491 = EDGE_CURVE ( 'NONE', #7910, #2846, #1462, .T. ) ;
#8492 = AXIS2_PLACEMENT_3D ( 'NONE', #6464, #551, #1246 ) ;
#8493 = ORIENTED_EDGE ( 'NONE', *, *, #1868, .F. ) ;
#8494 = CARTESIAN_POINT ( 'NONE',  ( 38.76774932685381003, 17.46189270196255094, -4.562470369755335931 ) ) ;
#8495 = CARTESIAN_POINT ( 'NONE',  ( -0.1068339964264009984, 24.30805345408992579, 0.1894162194736916660 ) ) ;
#8496 = CARTESIAN_POINT ( 'NONE',  ( 6.074901368506302468, 19.64559308037481244, 18.03075386972350458 ) ) ;
#8497 = CARTESIAN_POINT ( 'NONE',  ( 20.81110904849339960, 0.8947688121474269840, 9.750019557692764849 ) ) ;
#8498 = LINE ( 'NONE', #2601, #1067 ) ;
#8499 = AXIS2_PLACEMENT_3D ( 'NONE', #3556, #8037, #1654 ) ;
#8500 = VECTOR ( 'NONE', #6071, 1000.000000000000000 ) ;
#8501 = AXIS2_PLACEMENT_3D ( 'NONE', #3008, #1888, #3691 ) ;
#8502 = EDGE_CURVE ( 'NONE', #4262, #2793, #5834, .T. ) ;
#8503 = LINE ( 'NONE', #5831, #6960 ) ;
#8504 = ORIENTED_EDGE ( 'NONE', *, *, #2510, .T. ) ;
#8505 = FACE_OUTER_BOUND ( 'NONE', #2234, .T. ) ;
#8506 = AXIS2_PLACEMENT_3D ( 'NONE', #7568, #1666, #6280 ) ;
#8508 = VECTOR ( 'NONE', #5267, 1000.000000000000000 ) ;
#8507 = FACE_OUTER_BOUND ( 'NONE', #1552, .T. ) ;
#8509 = DIRECTION ( 'NONE',  ( 1.000000000000000000, 0.000000000000000000, 0.000000000000000000 ) ) ;
#8510 = DIRECTION ( 'NONE',  ( 0.6427876096865410283, 0.7660444431189765702, 0.000000000000000000 ) ) ;
#8511 = CARTESIAN_POINT ( 'NONE',  ( -6.486025890638793534, 17.71157830394763266, -2.344322187062229723 ) ) ;
#8512 = CARTESIAN_POINT ( 'NONE',  ( 46.10511599098041557, 20.82363384175857846, -21.83480835604256853 ) ) ;
#8513 = CYLINDRICAL_SURFACE ( 'NONE', #7589, 95.27649995148391326 ) ;
#8514 = ADVANCED_FACE ( 'NONE', ( #7972 ), #3718, .T. ) ;
#8515 = CARTESIAN_POINT ( 'NONE',  ( 3.722957911896485506, 17.84873773274527764, -4.351829546606314381 ) ) ;
#8516 = ORIENTED_EDGE ( 'NONE', *, *, #136, .F. ) ;
#8517 = DIRECTION ( 'NONE',  ( -0.6427876096865402511, -0.7660444431189772363, -0.000000000000000000 ) ) ;
#8518 = ORIENTED_EDGE ( 'NONE', *, *, #1975, .T. ) ;
#8519 = LINE ( 'NONE', #3318, #6281 ) ;
#8520 = ORIENTED_EDGE ( 'NONE', *, *, #5135, .T. ) ;
#8521 = FACE_OUTER_BOUND ( 'NONE', #1493, .T. ) ;
#8522 = CARTESIAN_POINT ( 'NONE',  ( -7.571939081592163667, 23.24163245652537313, 6.213732533963026938 ) ) ;
#8523 = EDGE_LOOP ( 'NONE', ( #8222, #178, #3377, #6460, #5462 ) ) ;
ENDSEC;
END-ISO-10303-21;
