ISO-10303-21;
HEADER;
FILE_DESCRIPTION (( 'STEP AP214' ),
    '1' );
FILE_NAME ('Fin_10_AoA.STEP',
    '2025-08-25T05:28:37',
    ( '' ),
    ( '' ),
    'SwSTEP 2.0',
    'SolidWorks 2025',
    '' );
FILE_SCHEMA (( 'AUTOMOTIVE_DESIGN' ));
ENDSEC;

DATA;
#1 = AXIS2_PLACEMENT_3D ( 'NONE', #706, #955, #245 ) ;
#2 = VERTEX_POINT ( 'NONE', #493 ) ;
#3 = DIRECTION ( 'NONE',  ( -0.9755149445343386239, 0.1736481776669053512, -0.1349700091988187967 ) ) ;
#4 = CARTESIAN_POINT ( 'NONE',  ( 731.1160858422692854, 902.6105148349703313, 1351.039380751456292 ) ) ;
#5 = VERTEX_POINT ( 'NONE', #1549 ) ;
#6 = LINE ( 'NONE', #265, #211 ) ;
#7 = ORIENTED_EDGE ( 'NONE', *, *, #621, .F. ) ;
#8 = CARTESIAN_POINT ( 'NONE',  ( 748.3455067411481423, 897.3194592881034168, 1365.172076189226345 ) ) ;
#9 = ORIENTED_EDGE ( 'NONE', *, *, #1340, .T. ) ;
#10 = DIRECTION ( 'NONE',  ( 0.9755149445343384018, -0.1736481776669307198, 0.1349700091987882100 ) ) ;
#11 = CARTESIAN_POINT ( 'NONE',  ( 749.8360869030479989, 897.3194592881034168, 1354.398695994682839 ) ) ;
#12 = EDGE_CURVE ( 'NONE', #26, #1196, #1381, .T. ) ;
#13 = ORIENTED_EDGE ( 'NONE', *, *, #301, .F. ) ;
#14 = LINE ( 'NONE', #1462, #1534 ) ;
#15 = ORIENTED_EDGE ( 'NONE', *, *, #370, .T. ) ;
#16 = DIRECTION ( 'NONE',  ( -0.9905638349724136260, 0.000000000000000000, -0.1370521391469141648 ) ) ;
#17 = ORIENTED_EDGE ( 'NONE', *, *, #549, .T. ) ;
#18 = PLANE ( 'NONE',  #754 ) ;
#19 = DIRECTION ( 'NONE',  ( -0.9755149445343384018, 0.1736481776669307198, -0.1349700091987882100 ) ) ;
#20 = APPLICATION_CONTEXT ( 'automotive_design' ) ;
#21 = EDGE_CURVE ( 'NONE', #1466, #1553, #180, .T. ) ;
#22 = DIRECTION ( 'NONE',  ( -0.000000000000000000, -1.000000000000000000, -0.000000000000000000 ) ) ;
#23 = FACE_OUTER_BOUND ( 'NONE', #1071, .T. ) ;
#24 = CIRCLE ( 'NONE', #450, 4.762500000000013500 ) ;
#25 = PRODUCT_DEFINITION ( 'UNKNOWN', '', #608, #1203 ) ;
#26 = VERTEX_POINT ( 'NONE', #605 ) ;
#27 = AXIS2_PLACEMENT_3D ( 'NONE', #546, #769, #430 ) ;
#28 = DIRECTION ( 'NONE',  ( -0.9755149445343391790, 0.1736481776669248633, -0.1349700091987885431 ) ) ;
#29 = AXIS2_PLACEMENT_3D ( 'NONE', #816, #1420, #1189 ) ;
#30 = ORIENTED_EDGE ( 'NONE', *, *, #972, .F. ) ;
#31 = DIRECTION ( 'NONE',  ( -0.1720096048057258575, -0.9848077530122080203, -0.02379885420821624062 ) ) ;
#32 = AXIS2_PLACEMENT_3D ( 'NONE', #1360, #19, #498 ) ;
#33 = DIRECTION ( 'NONE',  ( -0.1370521391469134154, -1.283695372222837250E-16, 0.9905638349724137370 ) ) ;
#34 = LINE ( 'NONE', #189, #156 ) ;
#35 = EDGE_LOOP ( 'NONE', ( #178, #1011 ) ) ;
#36 = EDGE_CURVE ( 'NONE', #1058, #1103, #1098, .T. ) ;
#37 = DIRECTION ( 'NONE',  ( -0.9691759639880593857, 0.2463695411933376767, 0.000000000000000000 ) ) ;
#38 = ORIENTED_EDGE ( 'NONE', *, *, #135, .T. ) ;
#39 = CARTESIAN_POINT ( 'NONE',  ( 731.8608910262806830, 897.3194592881034168, 1351.110377835372674 ) ) ;
#40 = CARTESIAN_POINT ( 'NONE',  ( 714.4504860836098032, 897.3194592881034168, 1398.170233801753966 ) ) ;
#41 = DIRECTION ( 'NONE',  ( 0.1370521391469133876, 1.249000902703301108E-16, -0.9905638349724137370 ) ) ;
#42 = VERTEX_POINT ( 'NONE', #246 ) ;
#43 = CARTESIAN_POINT ( 'NONE',  ( 738.4505419458904498, 897.8437919729061605, 1327.181456337955069 ) ) ;
#44 = EDGE_CURVE ( 'NONE', #543, #681, #894, .T. ) ;
#45 = EDGE_LOOP ( 'NONE', ( #749, #7, #1392, #627 ) ) ;
#46 = DIRECTION ( 'NONE',  ( 0.9755149445343382908, -0.1736481776669306920, 0.1349700091987881823 ) ) ;
#47 = ADVANCED_FACE ( 'NONE', ( #973 ), #947, .T. ) ;
#48 = FACE_OUTER_BOUND ( 'NONE', #1167, .T. ) ;
#49 = VERTEX_POINT ( 'NONE', #1091 ) ;
#50 = CARTESIAN_POINT ( 'NONE',  ( 734.7506825056873367, 901.1298603935647407, 1326.798345577974942 ) ) ;
#51 = ORIENTED_EDGE ( 'NONE', *, *, #1308, .T. ) ;
#52 = LINE ( 'NONE', #1014, #282 ) ;
#53 = VECTOR ( 'NONE', #834, 1000.000000000000114 ) ;
#54 = CARTESIAN_POINT ( 'NONE',  ( 731.1710180260128027, 901.1594992308222345, 1351.515944342628927 ) ) ;
#55 = VECTOR ( 'NONE', #913, 1000.000000000000114 ) ;
#56 = AXIS2_PLACEMENT_3D ( 'NONE', #1474, #1236, #841 ) ;
#57 = CARTESIAN_POINT ( 'NONE',  ( 734.3381850457072915, 906.8444592881033941, 1327.413791379643953 ) ) ;
#58 = ORIENTED_EDGE ( 'NONE', *, *, #549, .F. ) ;
#59 = CARTESIAN_POINT ( 'NONE',  ( 735.2332302251645615, 897.3194592881034168, 1326.736316471082546 ) ) ;
#60 = EDGE_LOOP ( 'NONE', ( #677, #519, #611, #1492, #152 ) ) ;
#61 = CARTESIAN_POINT ( 'NONE',  ( 748.3455067411481423, 897.3194592881034168, 1365.172076189226345 ) ) ;
#62 = EDGE_CURVE ( 'NONE', #1100, #1250, #377, .T. ) ;
#63 = DIRECTION ( 'NONE',  ( 0.000000000000000000, 0.000000000000000000, 1.000000000000000000 ) ) ;
#64 = EDGE_CURVE ( 'NONE', #143, #658, #1020, .T. ) ;
#65 = EDGE_LOOP ( 'NONE', ( #526, #1514, #666, #415, #249 ) ) ;
#66 = CARTESIAN_POINT ( 'NONE',  ( 734.9374487326664394, 901.1175347991294302, 1326.728826515092123 ) ) ;
#67 = ORIENTED_EDGE ( 'NONE', *, *, #868, .F. ) ;
#68 = DIRECTION ( 'NONE',  ( -0.9755149445343384018, 0.1736481776669307198, -0.1349700091987880435 ) ) ;
#69 = CARTESIAN_POINT ( 'NONE',  ( 731.3738604951383877, 901.1266462282482053, 1351.745541041874048 ) ) ;
#70 = CARTESIAN_POINT ( 'NONE',  ( 733.9809538458534917, 902.0819592881032349, 1352.205016167872145 ) ) ;
#71 = EDGE_CURVE ( 'NONE', #976, #381, #1336, .T. ) ;
#72 = ORIENTED_EDGE ( 'NONE', *, *, #320, .F. ) ;
#73 = CARTESIAN_POINT ( 'NONE',  ( 749.7273017676000109, 906.8444592881033941, 1355.184956038692235 ) ) ;
#74 = ORIENTED_EDGE ( 'NONE', *, *, #36, .T. ) ;
#75 = LINE ( 'NONE', #61, #632 ) ;
#76 = VECTOR ( 'NONE', #424, 1000.000000000000000 ) ;
#77 =( BOUNDED_CURVE ( )  B_SPLINE_CURVE ( 3, ( #842, #1201, #1083, #1138 ),
 .UNSPECIFIED., .F., .T. ) 
 B_SPLINE_CURVE_WITH_KNOTS ( ( 4, 4 ),
 ( 0.000000000000000000, 1.268008348124325835 ),
 .UNSPECIFIED. ) 
 CURVE ( )  GEOMETRIC_REPRESENTATION_ITEM ( )  RATIONAL_B_SPLINE_CURVE ( ( 1.000000000000000000, 0.8704413324986403078, 0.8704413324986403078, 1.000000000000000000 ) ) 
 REPRESENTATION_ITEM ( '' )  );
#78 =( NAMED_UNIT ( * ) PLANE_ANGLE_UNIT ( ) SI_UNIT ( $, .RADIAN. ) );
#79 = VECTOR ( 'NONE', #639, 1000.000000000000114 ) ;
#80 = VECTOR ( 'NONE', #198, 1000.000000000000114 ) ;
#81 = CYLINDRICAL_SURFACE ( 'NONE', #379, 4.762500000000013500 ) ;
#82 = AXIS2_PLACEMENT_3D ( 'NONE', #1352, #394, #1097 ) ;
#83 = VERTEX_POINT ( 'NONE', #1221 ) ;
#84 = LINE ( 'NONE', #1166, #1181 ) ;
#85 = EDGE_CURVE ( 'NONE', #1132, #489, #525, .T. ) ;
#86 = ORIENTED_EDGE ( 'NONE', *, *, #1351, .F. ) ;
#87 = CARTESIAN_POINT ( 'NONE',  ( 732.6509937129901573, 902.2556074657701402, 1354.631849186514955 ) ) ;
#88 = CARTESIAN_POINT ( 'NONE',  ( 735.2332302251645615, 902.4614487859669225, 1326.736316471082546 ) ) ;
#89 = DIRECTION ( 'NONE',  ( 9.130123557772679427E-17, -0.000000000000000000, 1.000000000000000000 ) ) ;
#90 = ORIENTED_EDGE ( 'NONE', *, *, #390, .T. ) ;
#91 = DIRECTION ( 'NONE',  ( 0.000000000000000000, -1.000000000000000000, 0.000000000000000000 ) ) ;
#92 = ORIENTED_EDGE ( 'NONE', *, *, #926, .F. ) ;
#93 = DIRECTION ( 'NONE',  ( 0.1370521391469139705, 2.775557561562891351E-17, -0.9905638349724135150 ) ) ;
#94 = EDGE_CURVE ( 'NONE', #237, #686, #601, .T. ) ;
#95 = ADVANCED_FACE ( 'NONE', ( #623 ), #271, .T. ) ;
#96 = CARTESIAN_POINT ( 'NONE',  ( 731.6509592871540235, 902.4579440412884423, 1351.882643467400158 ) ) ;
#97 = CYLINDRICAL_SURFACE ( 'NONE', #280, 2.000000000000023981 ) ;
#98 = ORIENTED_EDGE ( 'NONE', *, *, #830, .F. ) ;
#99 = PLANE ( 'NONE',  #1532 ) ;
#100 = ORIENTED_EDGE ( 'NONE', *, *, #1389, .T. ) ;
#101 = CARTESIAN_POINT ( 'NONE',  ( 735.2361188343061258, 902.4781949235881484, 1326.736716132415040 ) ) ;
#102 = CIRCLE ( 'NONE', #979, 0.9999999999999674705 ) ;
#103 = CARTESIAN_POINT ( 'NONE',  ( 696.6732415100237858, 902.0819592881034623, 1397.486217952826109 ) ) ;
#104 = CIRCLE ( 'NONE', #704, 4.000500000000008605 ) ;
#105 = AXIS2_PLACEMENT_3D ( 'NONE', #151, #16, #865 ) ;
#106 = EDGE_LOOP ( 'NONE', ( #72, #1050, #1444, #323, #672 ) ) ;
#107 = VECTOR ( 'NONE', #1471, 1000.000000000000000 ) ;
#108 = DIRECTION ( 'NONE',  ( 0.9905638349724136260, 0.000000000000000000, 0.1370521391469141648 ) ) ;
#109 = MECHANICAL_DESIGN_GEOMETRIC_PRESENTATION_REPRESENTATION (  '', ( #504 ), #606 ) ;
#110 = VERTEX_POINT ( 'NONE', #593 ) ;
#111 = CARTESIAN_POINT ( 'NONE',  ( 734.5398020896744811, 902.4007132202939374, 1326.977817147559335 ) ) ;
#112 = CARTESIAN_POINT ( 'NONE',  ( 731.5516736863650067, 902.4535458780077306, 1351.848604092270989 ) ) ;
#113 = EDGE_CURVE ( 'NONE', #1103, #1132, #1316, .T. ) ;
#114 = ORIENTED_EDGE ( 'NONE', *, *, #652, .T. ) ;
#115 = DIRECTION ( 'NONE',  ( 0.002062482626359825148, 0.02379885420827211259, -0.9997146396366262122 ) ) ;
#116 = EDGE_CURVE ( 'NONE', #461, #268, #77, .T. ) ;
#117 = EDGE_LOOP ( 'NONE', ( #1021, #51, #609, #226 ) ) ;
#118 = CARTESIAN_POINT ( 'NONE',  ( 734.4469701811551658, 897.3194592881034168, 1326.627531335634785 ) ) ;
#119 = SURFACE_SIDE_STYLE ('',( #814 ) ) ;
#120 = DIRECTION ( 'NONE',  ( 0.000000000000000000, -0.000000000000000000, 1.000000000000000000 ) ) ;
#121 = CARTESIAN_POINT ( 'NONE',  ( 750.2833362296438509, 903.2422404663406041, 1354.460576385202103 ) ) ;
#122 = ORIENTED_EDGE ( 'NONE', *, *, #1390, .F. ) ;
#123 = EDGE_CURVE ( 'NONE', #1494, #1086, #1528, .T. ) ;
#124 = CARTESIAN_POINT ( 'NONE',  ( 735.1244450897166871, 897.3194592881034168, 1327.522576515091941 ) ) ;
#125 = ORIENTED_EDGE ( 'NONE', *, *, #195, .F. ) ;
#126 = CARTESIAN_POINT ( 'NONE',  ( 737.0920374044884511, 902.0819592881032349, 1329.719217113998411 ) ) ;
#127 = CARTESIAN_POINT ( 'NONE',  ( 608.6455067411483242, 902.0819592881034623, 1276.272076189226254 ) ) ;
#128 = AXIS2_PLACEMENT_3D ( 'NONE', #586, #852, #748 ) ;
#129 = EDGE_LOOP ( 'NONE', ( #1085, #888, #921, #1223 ) ) ;
#130 = DIRECTION ( 'NONE',  ( 1.000000000000000000, 0.000000000000000000, 0.000000000000000000 ) ) ;
#131 = VECTOR ( 'NONE', #1124, 999.9999999999998863 ) ;
#132 = ORIENTED_EDGE ( 'NONE', *, *, #248, .F. ) ;
#133 = CARTESIAN_POINT ( 'NONE',  ( 735.0738513415888065, 897.8437919729061605, 1351.586968104005564 ) ) ;
#134 = CIRCLE ( 'NONE', #664, 0.7937499999999264588 ) ;
#135 = EDGE_CURVE ( 'NONE', #1076, #1540, #1491, .T. ) ;
#136 = ORIENTED_EDGE ( 'NONE', *, *, #113, .T. ) ;
#137 = DIRECTION ( 'NONE',  ( 0.002062482626325883549, 0.02379885420821621980, -0.9997146396366275445 ) ) ;
#138 = FACE_OUTER_BOUND ( 'NONE', #117, .T. ) ;
#139 = CARTESIAN_POINT ( 'NONE',  ( 752.6397363288181168, 897.3194592881034168, 1328.343329406926159 ) ) ;
#140 = DIRECTION ( 'NONE',  ( -1.000000000000000000, -0.000000000000000000, 9.130123557772679427E-17 ) ) ;
#141 = ORIENTED_EDGE ( 'NONE', *, *, #168, .T. ) ;
#142 = DIRECTION ( 'NONE',  ( -0.000000000000000000, -1.000000000000000000, -0.000000000000000000 ) ) ;
#143 = VERTEX_POINT ( 'NONE', #657 ) ;
#144 = CARTESIAN_POINT ( 'NONE',  ( 734.4469701811551658, 897.3194592881034168, 1326.627531335634785 ) ) ;
#145 = ADVANCED_FACE ( 'NONE', ( #518 ), #403, .T. ) ;
#146 = LINE ( 'NONE', #861, #1158 ) ;
#147 = EDGE_CURVE ( 'NONE', #388, #686, #901, .T. ) ;
#148 = DIRECTION ( 'NONE',  ( -0.9755149445343382908, 0.1736481776669313026, -0.1349700091987874884 ) ) ;
#149 = FACE_OUTER_BOUND ( 'NONE', #314, .T. ) ;
#150 = ORIENTED_EDGE ( 'NONE', *, *, #791, .F. ) ;
#151 = CARTESIAN_POINT ( 'NONE',  ( 734.4469701811551658, 897.3194592881034168, 1326.627531335634785 ) ) ;
#152 = ORIENTED_EDGE ( 'NONE', *, *, #228, .F. ) ;
#153 = DIRECTION ( 'NONE',  ( -0.1370521391469812500, 0.000000000000000000, 0.9905638349724041891 ) ) ;
#154 = PLANE ( 'NONE',  #853 ) ;
#155 = DIRECTION ( 'NONE',  ( 0.1370521391469139705, 2.428612866367529932E-17, -0.9905638349724136260 ) ) ;
#156 = VECTOR ( 'NONE', #511, 1000.000000000000114 ) ;
#157 = ORIENTED_EDGE ( 'NONE', *, *, #578, .F. ) ;
#158 = AXIS2_PLACEMENT_3D ( 'NONE', #409, #1135, #317 ) ;
#159 = DIRECTION ( 'NONE',  ( 0.9905638349724136260, 0.000000000000000000, 0.1370521391469134709 ) ) ;
#160 = AXIS2_PLACEMENT_3D ( 'NONE', #447, #1070, #1302 ) ;
#161 = ORIENTED_EDGE ( 'NONE', *, *, #71, .T. ) ;
#162 = DIRECTION ( 'NONE',  ( -0.9905638349724136260, 0.000000000000000000, -0.1370521391469141648 ) ) ;
#163 = CARTESIAN_POINT ( 'NONE',  ( 739.0430672935572147, 901.7346629327694245, 1329.989157132396031 ) ) ;
#164 = CARTESIAN_POINT ( 'NONE',  ( 735.2332302251645615, 897.3194592881034168, 1326.736316471082546 ) ) ;
#165 = EDGE_CURVE ( 'NONE', #662, #1413, #1496, .T. ) ;
#166 = VERTEX_POINT ( 'NONE', #770 ) ;
#167 = CARTESIAN_POINT ( 'NONE',  ( 752.6397363288181168, 906.8444592881033941, 1328.343329406926159 ) ) ;
#168 = EDGE_CURVE ( 'NONE', #464, #190, #24, .T. ) ;
#169 = ORIENTED_EDGE ( 'NONE', *, *, #738, .T. ) ;
#170 = DIRECTION ( 'NONE',  ( 0.2426410909116986647, -0.9545088733307246498, -0.1733150649369274432 ) ) ;
#171 = DIRECTION ( 'NONE',  ( 0.9755149445343382908, -0.1736481776669306920, 0.1349700091987881823 ) ) ;
#172 = ORIENTED_EDGE ( 'NONE', *, *, #1431, .T. ) ;
#173 = DIRECTION ( 'NONE',  ( -0.8137334712068550191, 0.000000000000000000, 0.5812381937189283754 ) ) ;
#174 = PRODUCT_RELATED_PRODUCT_CATEGORY ( 'part', '', ( #369 ) ) ;
#175 = ORIENTED_EDGE ( 'NONE', *, *, #1463, .F. ) ;
#176 = DIRECTION ( 'NONE',  ( 0.1370521391469133876, 1.249000902703301108E-16, -0.9905638349724137370 ) ) ;
#177 = CARTESIAN_POINT ( 'NONE',  ( 733.7002182925156148, 898.6707914190449173, 1327.293471311394796 ) ) ;
#178 = ORIENTED_EDGE ( 'NONE', *, *, #598, .T. ) ;
#179 = FACE_OUTER_BOUND ( 'NONE', #221, .T. ) ;
#180 = CIRCLE ( 'NONE', #1006, 0.7937499999999264588 ) ;
#181 = EDGE_LOOP ( 'NONE', ( #636, #808, #373, #1233, #1216, #1266 ) ) ;
#182 = FACE_OUTER_BOUND ( 'NONE', #847, .T. ) ;
#183 = VECTOR ( 'NONE', #597, 1000.000000000000000 ) ;
#184 = EDGE_CURVE ( 'NONE', #333, #1058, #902, .T. ) ;
#185 = CARTESIAN_POINT ( 'NONE',  ( 731.0615242765335324, 901.2432519621288520, 1351.129102448526282 ) ) ;
#186 = AXIS2_PLACEMENT_3D ( 'NONE', #324, #340, #818 ) ;
#187 = EDGE_CURVE ( 'NONE', #1540, #83, #776, .T. ) ;
#188 = AXIS2_PLACEMENT_3D ( 'NONE', #713, #1519, #1192 ) ;
#189 = CARTESIAN_POINT ( 'NONE',  ( 750.2833362296438509, 903.2422404663406041, 1354.460576385202103 ) ) ;
#190 = VERTEX_POINT ( 'NONE', #307 ) ;
#191 = DIRECTION ( 'NONE',  ( -0.9755149445343382908, 0.1736481776669306920, -0.1349700091987881823 ) ) ;
#192 = EDGE_LOOP ( 'NONE', ( #422, #914, #1268, #537, #331, #1372, #710 ) ) ;
#193 = CARTESIAN_POINT ( 'NONE',  ( 734.3381850457072915, 902.2815318095878183, 1327.413791379643953 ) ) ;
#194 = CARTESIAN_POINT ( 'NONE',  ( 731.2957374110619639, 901.1353005277214834, 1351.676955578945353 ) ) ;
#195 = EDGE_CURVE ( 'NONE', #273, #1159, #753, .T. ) ;
#196 = DIRECTION ( 'NONE',  ( 0.1370521391469134154, 1.214306433183765213E-16, -0.9905638349724137370 ) ) ;
#197 = EDGE_LOOP ( 'NONE', ( #708, #1406, #552, #959, #1456 ) ) ;
#198 = DIRECTION ( 'NONE',  ( -0.1370521391469141370, 0.000000000000000000, 0.9905638349724135150 ) ) ;
#199 = VERTEX_POINT ( 'NONE', #417 ) ;
#200 = CARTESIAN_POINT ( 'NONE',  ( 739.0342326398857722, 901.7835153888315745, 1328.031473296464128 ) ) ;
#201 = CARTESIAN_POINT ( 'NONE',  ( 731.0709088366904780, 901.2794939859747956, 1351.033130164661770 ) ) ;
#202 = DIRECTION ( 'NONE',  ( 0.9905638349724136260, -0.000000000000000000, 0.1370521391469134709 ) ) ;
#203 = EDGE_CURVE ( 'NONE', #793, #1421, #1258, .T. ) ;
#204 = ORIENTED_EDGE ( 'NONE', *, *, #946, .T. ) ;
#205 = CARTESIAN_POINT ( 'NONE',  ( 753.7644605639753763, 903.2422404663406041, 1329.300254976902806 ) ) ;
#206 = ORIENTED_EDGE ( 'NONE', *, *, #767, .F. ) ;
#207 = CARTESIAN_POINT ( 'NONE',  ( 777.7337082235957268, 899.7307194179027192, 1333.385843934030163 ) ) ;
#208 = VECTOR ( 'NONE', #957, 1000.000000000000114 ) ;
#209 = AXIS2_PLACEMENT_3D ( 'NONE', #124, #227, #470 ) ;
#210 = PLANE ( 'NONE',  #950 ) ;
#211 = VECTOR ( 'NONE', #488, 1000.000000000000114 ) ;
#212 = VERTEX_POINT ( 'NONE', #1108 ) ;
#213 = EDGE_CURVE ( 'NONE', #583, #699, #679, .T. ) ;
#214 = CYLINDRICAL_SURFACE ( 'NONE', #1429, 0.7937499999999264588 ) ;
#215 = ORIENTED_EDGE ( 'NONE', *, *, #714, .F. ) ;
#216 = ADVANCED_FACE ( 'NONE', ( #893 ), #1353, .T. ) ;
#217 = DIRECTION ( 'NONE',  ( 0.9755149445343385128, -0.1736481776669306920, 0.1349700091987876549 ) ) ;
#218 = DIRECTION ( 'NONE',  ( -0.1370521391469134986, -1.075528555105620275E-16, 0.9905638349724136260 ) ) ;
#219 = ORIENTED_EDGE ( 'NONE', *, *, #1187, .F. ) ;
#220 = CARTESIAN_POINT ( 'NONE',  ( 735.1244450897166871, 906.8444592881033941, 1327.522576515091941 ) ) ;
#221 = EDGE_LOOP ( 'NONE', ( #1370, #1501, #773, #258 ) ) ;
#222 = FACE_OUTER_BOUND ( 'NONE', #1437, .T. ) ;
#223 = DIRECTION ( 'NONE',  ( 0.000000000000000000, 1.000000000000000000, 0.000000000000000000 ) ) ;
#224 = ORIENTED_EDGE ( 'NONE', *, *, #1065, .F. ) ;
#225 = DIRECTION ( 'NONE',  ( 0.9755149445343382908, -0.1736481776669299981, 0.1349700091987899586 ) ) ;
#226 = ORIENTED_EDGE ( 'NONE', *, *, #411, .F. ) ;
#227 = DIRECTION ( 'NONE',  ( 0.000000000000000000, -1.000000000000000000, 0.000000000000000000 ) ) ;
#228 = EDGE_CURVE ( 'NONE', #1196, #1103, #34, .T. ) ;
#229 = AXIS2_PLACEMENT_3D ( 'NONE', #887, #402, #1016 ) ;
#230 = DIRECTION ( 'NONE',  ( 0.000000000000000000, -0.000000000000000000, 1.000000000000000000 ) ) ;
#231 = AXIS2_PLACEMENT_3D ( 'NONE', #392, #162, #252 ) ;
#232 = EDGE_CURVE ( 'NONE', #1421, #1188, #1363, .T. ) ;
#233 = VECTOR ( 'NONE', #506, 999.9999999999998863 ) ;
#234 = ORIENTED_EDGE ( 'NONE', *, *, #168, .F. ) ;
#235 = VECTOR ( 'NONE', #875, 1000.000000000000000 ) ;
#236 = DIRECTION ( 'NONE',  ( 0.1370521391469139427, 2.775557561562891351E-17, -0.9905638349724135150 ) ) ;
#237 = VERTEX_POINT ( 'NONE', #763 ) ;
#238 = LINE ( 'NONE', #719, #53 ) ;
#239 = DIRECTION ( 'NONE',  ( 0.000000000000000000, 0.000000000000000000, -1.000000000000000000 ) ) ;
#240 = CARTESIAN_POINT ( 'NONE',  ( 652.8444705303737692, 906.8444592881033941, 1398.775686282835977 ) ) ;
#241 = CARTESIAN_POINT ( 'NONE',  ( 696.9587877001713423, 901.6047048514381004, 1397.282256388435144 ) ) ;
#242 = EDGE_LOOP ( 'NONE', ( #455, #1366, #1364, #1544 ) ) ;
#243 = CARTESIAN_POINT ( 'NONE',  ( 748.3455067411481423, 906.8444592881033941, 1365.172076189226345 ) ) ;
#244 = LINE ( 'NONE', #557, #1180 ) ;
#245 = DIRECTION ( 'NONE',  ( 0.000000000000000000, 0.000000000000000000, 1.000000000000000000 ) ) ;
#246 = CARTESIAN_POINT ( 'NONE',  ( 760.6455067411483242, 897.3194592881034168, 1276.272076189226254 ) ) ;
#247 = DIRECTION ( 'NONE',  ( -0.5812381937190961301, 2.649294320951968228E-17, -0.8137334712067352260 ) ) ;
#248 = EDGE_CURVE ( 'NONE', #1327, #273, #395, .T. ) ;
#249 = ORIENTED_EDGE ( 'NONE', *, *, #1112, .F. ) ;
#250 = DIRECTION ( 'NONE',  ( 0.1370521391469134986, 1.075528555105620275E-16, -0.9905638349724136260 ) ) ;
#251 = EDGE_LOOP ( 'NONE', ( #1042, #1121, #125, #132, #1095 ) ) ;
#252 = DIRECTION ( 'NONE',  ( -0.1370521391469141648, 0.000000000000000000, 0.9905638349724136260 ) ) ;
#253 = DIRECTION ( 'NONE',  ( 0.000000000000000000, -1.000000000000000000, 0.000000000000000000 ) ) ;
#254 = DIRECTION ( 'NONE',  ( -0.1370521391469812500, 0.000000000000000000, 0.9905638349724041891 ) ) ;
#255 = DIRECTION ( 'NONE',  ( 0.000000000000000000, 1.000000000000000000, 0.000000000000000000 ) ) ;
#256 = CIRCLE ( 'NONE', #878, 0.9999999999999674705 ) ;
#257 = EDGE_CURVE ( 'NONE', #1139, #237, #1238, .T. ) ;
#258 = ORIENTED_EDGE ( 'NONE', *, *, #312, .F. ) ;
#259 = CARTESIAN_POINT ( 'NONE',  ( 741.3961206257541789, 897.3194592881034168, 1327.588999844842419 ) ) ;
#260 = AXIS2_PLACEMENT_3D ( 'NONE', #629, #721, #1459 ) ;
#261 = EDGE_CURVE ( 'NONE', #49, #1026, #1243, .T. ) ;
#262 = DIRECTION ( 'NONE',  ( 0.000000000000000000, 1.000000000000000000, 0.000000000000000000 ) ) ;
#263 = DIRECTION ( 'NONE',  ( -0.000000000000000000, -1.000000000000000000, -0.000000000000000000 ) ) ;
#264 = DIRECTION ( 'NONE',  ( 0.9755149445343382908, -0.1736481776669306920, 0.1349700091987882100 ) ) ;
#265 = CARTESIAN_POINT ( 'NONE',  ( 734.4469701811551658, 901.2854989680744211, 1326.627531335635013 ) ) ;
#266 = ORIENTED_EDGE ( 'NONE', *, *, #1432, .T. ) ;
#267 = FACE_OUTER_BOUND ( 'NONE', #616, .T. ) ;
#268 = VERTEX_POINT ( 'NONE', #649 ) ;
#269 = CARTESIAN_POINT ( 'NONE',  ( 734.9694176115589244, 897.8437919729061605, 1352.341777746254365 ) ) ;
#270 = DIRECTION ( 'NONE',  ( 0.000000000000000000, 0.000000000000000000, 1.000000000000000000 ) ) ;
#271 = PLANE ( 'NONE',  #824 ) ;
#272 = CARTESIAN_POINT ( 'NONE',  ( 739.5501602084008255, 901.7346629327694245, 1326.324070942997650 ) ) ;
#273 = VERTEX_POINT ( 'NONE', #1120 ) ;
#274 = CARTESIAN_POINT ( 'NONE',  ( 738.3194706270285224, 897.0933684651108706, 1327.163321611048559 ) ) ;
#275 = CARTESIAN_POINT ( 'NONE',  ( 748.9070873815932146, 895.3627936344898899, 1354.270161752682270 ) ) ;
#276 = DIRECTION ( 'NONE',  ( -0.9691759639880594968, -0.2463695411933372881, -0.000000000000000000 ) ) ;
#277 = ADVANCED_FACE ( 'NONE', ( #48 ), #97, .F. ) ;
#278 = EDGE_CURVE ( 'NONE', #859, #404, #102, .T. ) ;
#279 = CARTESIAN_POINT ( 'NONE',  ( 735.7619757656141246, 901.7835153888315745, 1351.682175420265366 ) ) ;
#280 = AXIS2_PLACEMENT_3D ( 'NONE', #1049, #329, #3 ) ;
#281 = ORIENTED_EDGE ( 'NONE', *, *, #1136, .T. ) ;
#282 = VECTOR ( 'NONE', #1388, 1000.000000000000000 ) ;
#283 = CARTESIAN_POINT ( 'NONE',  ( 753.4259963728275125, 906.8444592881033941, 1328.452114542373920 ) ) ;
#284 = VECTOR ( 'NONE', #743, 1000.000000000000000 ) ;
#285 = ORIENTED_EDGE ( 'NONE', *, *, #390, .F. ) ;
#286 = CYLINDRICAL_SURFACE ( 'NONE', #1033, 4.762500000000013500 ) ;
#287 = VECTOR ( 'NONE', #1061, 1000.000000000000000 ) ;
#288 = DIRECTION ( 'NONE',  ( 0.000000000000000000, 0.000000000000000000, 1.000000000000000000 ) ) ;
#289 = ORIENTED_EDGE ( 'NONE', *, *, #1227, .F. ) ;
#290 = DIRECTION ( 'NONE',  ( 0.9905638349724098513, 0.000000000000000000, 0.1370521391469405881 ) ) ;
#291 = ORIENTED_EDGE ( 'NONE', *, *, #1390, .T. ) ;
#292 = LINE ( 'NONE', #87, #131 ) ;
#293 = DIRECTION ( 'NONE',  ( 0.9755149445343384018, -0.1736481776669307198, 0.1349700091987882378 ) ) ;
#294 = ORIENTED_EDGE ( 'NONE', *, *, #147, .T. ) ;
#295 = CARTESIAN_POINT ( 'NONE',  ( 739.0342326398857722, 901.7835153888315745, 1328.031473296464128 ) ) ;
#296 = ORIENTED_EDGE ( 'NONE', *, *, #1431, .F. ) ;
#297 = PLANE ( 'NONE',  #1529 ) ;
#298 = ORIENTED_EDGE ( 'NONE', *, *, #257, .F. ) ;
#299 = LINE ( 'NONE', #1267, #80 ) ;
#300 = CIRCLE ( 'NONE', #427, 4.000499999999969525 ) ;
#301 = EDGE_CURVE ( 'NONE', #1039, #658, #300, .T. ) ;
#302 = AXIS2_PLACEMENT_3D ( 'NONE', #745, #1225, #153 ) ;
#303 = ORIENTED_EDGE ( 'NONE', *, *, #203, .F. ) ;
#304 = DIRECTION ( 'NONE',  ( 0.1370521391469133876, 1.249000902703301108E-16, -0.9905638349724137370 ) ) ;
#305 = AXIS2_PLACEMENT_3D ( 'NONE', #456, #942, #1533 ) ;
#306 = DIRECTION ( 'NONE',  ( 0.000000000000000000, 0.000000000000000000, 1.000000000000000000 ) ) ;
#307 = CARTESIAN_POINT ( 'NONE',  ( 731.0709088366904780, 901.2794939859747956, 1351.033130164661770 ) ) ;
#308 = EDGE_LOOP ( 'NONE', ( #736, #343, #508, #1435 ) ) ;
#309 = CARTESIAN_POINT ( 'NONE',  ( 749.0498268590386033, 906.8444592881033941, 1354.289910859234851 ) ) ;
#310 = ORIENTED_EDGE ( 'NONE', *, *, #1047, .F. ) ;
#311 = CARTESIAN_POINT ( 'NONE',  ( 735.1244450897165734, 902.4573381557296443, 1326.728826515092123 ) ) ;
#312 = EDGE_CURVE ( 'NONE', #681, #1442, #775, .T. ) ;
#313 = LINE ( 'NONE', #1271, #405 ) ;
#314 = EDGE_LOOP ( 'NONE', ( #285, #296, #1451, #838, #701 ) ) ;
#315 = LINE ( 'NONE', #794, #1482 ) ;
#316 = ORIENTED_EDGE ( 'NONE', *, *, #278, .T. ) ;
#317 = DIRECTION ( 'NONE',  ( 0.9755149445343391790, -0.1736481776669248633, 0.1349700091987885431 ) ) ;
#318 = EDGE_CURVE ( 'NONE', #1117, #2, #600, .T. ) ;
#319 = CARTESIAN_POINT ( 'NONE',  ( 752.2837779858948579, 895.3627936344898899, 1329.864649986631775 ) ) ;
#320 = EDGE_CURVE ( 'NONE', #1319, #436, #630, .T. ) ;
#321 = ORIENTED_EDGE ( 'NONE', *, *, #370, .F. ) ;
#322 = DIRECTION ( 'NONE',  ( 0.002062482626325883549, 0.02379885420821621980, -0.9997146396366275445 ) ) ;
#323 = ORIENTED_EDGE ( 'NONE', *, *, #1195, .F. ) ;
#324 = CARTESIAN_POINT ( 'NONE',  ( 753.6600268339454942, 903.2422404663406041, 1330.055064619151835 ) ) ;
#325 = VECTOR ( 'NONE', #264, 1000.000000000000114 ) ;
#326 = CIRCLE ( 'NONE', #1551, 2.000000000000023981 ) ;
#327 = CARTESIAN_POINT ( 'NONE',  ( 735.1606531815492644, 902.4588566359760762, 1326.728826515092123 ) ) ;
#328 = VECTOR ( 'NONE', #191, 1000.000000000000114 ) ;
#329 = DIRECTION ( 'NONE',  ( 0.1370521391469139705, 2.428612866367530548E-17, -0.9905638349724136260 ) ) ;
#330 = TOROIDAL_SURFACE ( 'NONE', #354, 4.000500000000000611, 0.7620000000000000107 ) ;
#331 = ORIENTED_EDGE ( 'NONE', *, *, #1227, .T. ) ;
#332 = CARTESIAN_POINT ( 'NONE',  ( 749.0498268590386033, 903.4618133755418512, 1354.289910859234851 ) ) ;
#333 = VERTEX_POINT ( 'NONE', #1403 ) ;
#334 = CARTESIAN_POINT ( 'NONE',  ( 734.3413851705008710, 901.2832840573339581, 1327.392353939454551 ) ) ;
#335 = LINE ( 'NONE', #103, #410 ) ;
#336 = ORIENTED_EDGE ( 'NONE', *, *, #917, .T. ) ;
#337 = DIRECTION ( 'NONE',  ( -0.1370521391469134986, -1.075528555105620275E-16, 0.9905638349724136260 ) ) ;
#338 = ADVANCED_FACE ( 'NONE', ( #1278 ), #210, .F. ) ;
#339 = ORIENTED_EDGE ( 'NONE', *, *, #1483, .T. ) ;
#340 = DIRECTION ( 'NONE',  ( 0.9755149445343384018, -0.1736481776669306920, 0.1349700091987880435 ) ) ;
#341 = ADVANCED_FACE ( 'NONE', ( #953 ), #358, .F. ) ;
#342 = DIRECTION ( 'NONE',  ( -0.9755149445343265224, 0.1736481776669686061, -0.1349700091988247919 ) ) ;
#343 = ORIENTED_EDGE ( 'NONE', *, *, #1272, .T. ) ;
#344 = CYLINDRICAL_SURFACE ( 'NONE', #160, 0.7937499999999264588 ) ;
#345 = ORIENTED_EDGE ( 'NONE', *, *, #717, .T. ) ;
#346 = DIRECTION ( 'NONE',  ( -0.9905638349724135150, 0.000000000000000000, -0.1370521391469142758 ) ) ;
#347 = EDGE_CURVE ( 'NONE', #388, #1470, #807, .T. ) ;
#348 = AXIS2_PLACEMENT_3D ( 'NONE', #685, #89, #547 ) ;
#349 = ORIENTED_CLOSED_SHELL ( 'NONE', *, #1255, .F. );
#350 = FILL_AREA_STYLE ('',( #460 ) ) ;
#351 = CIRCLE ( 'NONE', #1404, 0.7619999999999713669 ) ;
#352 = VECTOR ( 'NONE', #574, 999.9999999999998863 ) ;
#353 = DIRECTION ( 'NONE',  ( 0.000000000000000000, 0.000000000000000000, 1.000000000000000000 ) ) ;
#354 = AXIS2_PLACEMENT_3D ( 'NONE', #1346, #843, #1325 ) ;
#355 = DIRECTION ( 'NONE',  ( -0.1370521391469141648, 0.000000000000000000, 0.9905638349724136260 ) ) ;
#356 = ORIENTED_EDGE ( 'NONE', *, *, #1308, .F. ) ;
#357 = CARTESIAN_POINT ( 'NONE',  ( 752.6397363288181168, 906.8444592881033941, 1329.137079406926205 ) ) ;
#358 = PLANE ( 'NONE',  #348 ) ;
#359 = EDGE_CURVE ( 'NONE', #1553, #908, #692, .T. ) ;
#360 = CARTESIAN_POINT ( 'NONE',  ( 735.1809008705962469, 906.5502382508956316, 1326.729076301665827 ) ) ;
#361 = LINE ( 'NONE', #1317, #934 ) ;
#362 = EDGE_LOOP ( 'NONE', ( #1489, #1044, #505, #1178, #1331 ) ) ;
#363 = CARTESIAN_POINT ( 'NONE',  ( 673.5917116788810972, 902.0819592881034623, 1365.172076189226345 ) ) ;
#364 = DIRECTION ( 'NONE',  ( 0.1370521391469133599, 1.353084311261909534E-16, -0.9905638349724136260 ) ) ;
#365 = CARTESIAN_POINT ( 'NONE',  ( 610.5229447007366161, 902.5592137247688242, 1276.272076189226254 ) ) ;
#366 = ADVANCED_FACE ( 'NONE', ( #483 ), #911, .F. ) ;
#367 = ORIENTED_EDGE ( 'NONE', *, *, #301, .T. ) ;
#368 = CARTESIAN_POINT ( 'NONE',  ( 753.4259963728275125, 897.3194592881034168, 1328.452114542374147 ) ) ;
#369 = PRODUCT ( 'Fin_10_AoA', 'Fin_10_AoA', '', ( #1481 ) ) ;
#370 = EDGE_CURVE ( 'NONE', #724, #42, #591, .T. ) ;
#371 = ORIENTED_EDGE ( 'NONE', *, *, #764, .T. ) ;
#372 = LINE ( 'NONE', #1111, #577 ) ;
#373 = ORIENTED_EDGE ( 'NONE', *, *, #1090, .T. ) ;
#374 = DIRECTION ( 'NONE',  ( 0.000000000000000000, 0.000000000000000000, -1.000000000000000000 ) ) ;
#375 = DIRECTION ( 'NONE',  ( 0.9905638349724136260, 0.000000000000000000, 0.1370521391469134709 ) ) ;
#376 = AXIS2_PLACEMENT_3D ( 'NONE', #1074, #1440, #1461 ) ;
#377 = LINE ( 'NONE', #360, #325 ) ;
#378 = LINE ( 'NONE', #716, #1060 ) ;
#379 = AXIS2_PLACEMENT_3D ( 'NONE', #1041, #1513, #440 ) ;
#380 = AXIS2_PLACEMENT_3D ( 'NONE', #1488, #1542, #1172 ) ;
#381 = VERTEX_POINT ( 'NONE', #1080 ) ;
#382 = CYLINDRICAL_SURFACE ( 'NONE', #1407, 4.762500000000013500 ) ;
#383 = ORIENTED_EDGE ( 'NONE', *, *, #503, .F. ) ;
#384 = CARTESIAN_POINT ( 'NONE',  ( 734.9427800227268790, 897.0933684651108706, 1351.568833377098827 ) ) ;
#385 = CARTESIAN_POINT ( 'NONE',  ( 748.3455067411481423, 906.8444592881033941, 1365.172076189226345 ) ) ;
#386 = CARTESIAN_POINT ( 'NONE',  ( 749.0498268590386033, 897.3194592881034168, 1354.289910859234851 ) ) ;
#387 = CARTESIAN_POINT ( 'NONE',  ( 731.0746309822712874, 901.2854989680754443, 1351.001592699924686 ) ) ;
#388 = VERTEX_POINT ( 'NONE', #1313 ) ;
#389 = LINE ( 'NONE', #1231, #1303 ) ;
#390 = EDGE_CURVE ( 'NONE', #1349, #110, #244, .T. ) ;
#391 = VERTEX_POINT ( 'NONE', #962 ) ;
#392 = CARTESIAN_POINT ( 'NONE',  ( 734.4469701811551658, 897.3194592881034168, 1326.627531335634785 ) ) ;
#393 = EDGE_CURVE ( 'NONE', #570, #166, #778, .T. ) ;
#394 = DIRECTION ( 'NONE',  ( -0.000000000000000000, -1.000000000000000000, -0.000000000000000000 ) ) ;
#395 = LINE ( 'NONE', #870, #1151 ) ;
#396 = APPLICATION_CONTEXT ( 'automotive_design' ) ;
#397 = ORIENTED_EDGE ( 'NONE', *, *, #261, .F. ) ;
#398 = LINE ( 'NONE', #274, #984 ) ;
#399 = ORIENTED_EDGE ( 'NONE', *, *, #1125, .F. ) ;
#400 = LINE ( 'NONE', #1119, #659 ) ;
#401 = FACE_OUTER_BOUND ( 'NONE', #362, .T. ) ;
#402 = DIRECTION ( 'NONE',  ( -0.1720096048057258575, -0.9848077530122080203, -0.02379885420821624062 ) ) ;
#403 = TOROIDAL_SURFACE ( 'NONE', #1504, 4.000500000000000611, 0.7620000000000000107 ) ;
#404 = VERTEX_POINT ( 'NONE', #1507 ) ;
#405 = VECTOR ( 'NONE', #202, 1000.000000000000114 ) ;
#406 = CYLINDRICAL_SURFACE ( 'NONE', #380, 0.7937499999999264588 ) ;
#407 = VECTOR ( 'NONE', #709, 1000.000000000000000 ) ;
#408 = ORIENTED_EDGE ( 'NONE', *, *, #844, .T. ) ;
#409 = CARTESIAN_POINT ( 'NONE',  ( 739.0342326398857722, 901.7835153888315745, 1328.031473296464128 ) ) ;
#410 = VECTOR ( 'NONE', #466, 1000.000000000000000 ) ;
#411 = EDGE_CURVE ( 'NONE', #1117, #1327, #313, .T. ) ;
#412 = DIRECTION ( 'NONE',  ( 0.1370521391469142758, 0.000000000000000000, -0.9905638349724135150 ) ) ;
#413 = ORIENTED_EDGE ( 'NONE', *, *, #858, .F. ) ;
#414 = CARTESIAN_POINT ( 'NONE',  ( 752.5309511933702424, 897.3194592881034168, 1329.129589450935555 ) ) ;
#415 = ORIENTED_EDGE ( 'NONE', *, *, #1449, .F. ) ;
#416 = DIRECTION ( 'NONE',  ( 0.9755149445343382908, -0.1736481776669306920, 0.1349700091987881823 ) ) ;
#417 = CARTESIAN_POINT ( 'NONE',  ( 731.0746309822712874, 897.3194592881034168, 1351.001592699924686 ) ) ;
#418 = ADVANCED_FACE ( 'NONE', ( #676 ), #81, .T. ) ;
#419 = ORIENTED_EDGE ( 'NONE', *, *, #187, .T. ) ;
#420 = FACE_OUTER_BOUND ( 'NONE', #192, .T. ) ;
#421 = ADVANCED_FACE ( 'NONE', ( #1234 ), #509, .T. ) ;
#422 = ORIENTED_EDGE ( 'NONE', *, *, #135, .F. ) ;
#423 = CARTESIAN_POINT ( 'NONE',  ( 735.6575420355841288, 901.7835153888314608, 1352.436985062514395 ) ) ;
#424 = DIRECTION ( 'NONE',  ( 0.000000000000000000, 1.000000000000000000, 0.000000000000000000 ) ) ;
#425 = EDGE_LOOP ( 'NONE', ( #530, #1261 ) ) ;
#426 = DIRECTION ( 'NONE',  ( -0.1370521391469141648, 0.000000000000000000, 0.9905638349724135150 ) ) ;
#427 = AXIS2_PLACEMENT_3D ( 'NONE', #1396, #196, #918 ) ;
#428 = TOROIDAL_SURFACE ( 'NONE', #930, 4.000500000000000611, 0.7620000000000000107 ) ;
#429 = ORIENTED_EDGE ( 'NONE', *, *, #62, .F. ) ;
#430 = DIRECTION ( 'NONE',  ( -0.9755149445343391790, 0.1736481776669248633, -0.1349700091987885431 ) ) ;
#431 = AXIS2_PLACEMENT_3D ( 'NONE', #951, #93, #567 ) ;
#432 = AXIS2_PLACEMENT_3D ( 'NONE', #11, #492, #375 ) ;
#433 = DIRECTION ( 'NONE',  ( -0.9755149445343265224, 0.1736481776669686061, -0.1349700091988247919 ) ) ;
#434 = EDGE_LOOP ( 'NONE', ( #224, #1354, #367, #1113 ) ) ;
#435 = CARTESIAN_POINT ( 'NONE',  ( 748.3455067411481423, 897.3194592881034168, 1365.172076189226345 ) ) ;
#436 = VERTEX_POINT ( 'NONE', #980 ) ;
#437 = CARTESIAN_POINT ( 'NONE',  ( 734.7508651910870867, 902.4371802581351858, 1326.798282585881907 ) ) ;
#438 = ADVANCED_FACE ( 'NONE', ( #990 ), #1457, .F. ) ;
#439 = EDGE_CURVE ( 'NONE', #446, #1327, #1467, .T. ) ;
#440 = DIRECTION ( 'NONE',  ( -0.9755149445343391790, 0.1736481776669248633, -0.1349700091987885431 ) ) ;
#441 = VERTEX_POINT ( 'NONE', #619 ) ;
#442 = FACE_OUTER_BOUND ( 'NONE', #515, .T. ) ;
#443 = ORIENTED_EDGE ( 'NONE', *, *, #195, .T. ) ;
#444 = FACE_OUTER_BOUND ( 'NONE', #1498, .T. ) ;
#445 = FACE_OUTER_BOUND ( 'NONE', #1394, .T. ) ;
#446 = VERTEX_POINT ( 'NONE', #269 ) ;
#447 = CARTESIAN_POINT ( 'NONE',  ( 735.1244450897166871, 897.3194592881034168, 1327.522576515091941 ) ) ;
#448 = EDGE_LOOP ( 'NONE', ( #987, #408, #1397, #321 ) ) ;
#449 = CARTESIAN_POINT ( 'NONE',  ( 735.1410075154198012, 902.4292556434370454, 1329.449277095600792 ) ) ;
#450 = AXIS2_PLACEMENT_3D ( 'NONE', #279, #41, #1129 ) ;
#451 = AXIS2_PLACEMENT_3D ( 'NONE', #1428, #712, #1059 ) ;
#452 = CARTESIAN_POINT ( 'NONE',  ( 752.1527066670329305, 894.6123701266947137, 1329.846515259725265 ) ) ;
#453 = AXIS2_PLACEMENT_3D ( 'NONE', #1293, #223, #230 ) ;
#454 = ADVANCED_FACE ( 'NONE', ( #762 ), #648, .F. ) ;
#455 = ORIENTED_EDGE ( 'NONE', *, *, #64, .F. ) ;
#456 = CARTESIAN_POINT ( 'NONE',  ( 733.6265086575244823, 902.0819592881032349, 1354.766819195713879 ) ) ;
#457 = EDGE_CURVE ( 'NONE', #647, #1319, #1332, .T. ) ;
#458 = ORIENTED_EDGE ( 'NONE', *, *, #1038, .F. ) ;
#459 = CARTESIAN_POINT ( 'NONE',  ( 735.1410075154198012, 902.4292556434370454, 1329.449277095600792 ) ) ;
#460 = FILL_AREA_STYLE_COLOUR ( '', #783 ) ;
#461 = VERTEX_POINT ( 'NONE', #1114 ) ;
#462 = ADVANCED_FACE ( 'NONE', ( #1472 ), #860, .F. ) ;
#463 = CARTESIAN_POINT ( 'NONE',  ( 731.7521058908328087, 897.3194592881034168, 1351.896637879382070 ) ) ;
#464 = VERTEX_POINT ( 'NONE', #384 ) ;
#465 = CARTESIAN_POINT ( 'NONE',  ( 610.0917116788812109, 902.0819592881034623, 1276.272076189226254 ) ) ;
#466 = DIRECTION ( 'NONE',  ( -0.5812381937190961301, 0.000000000000000000, -0.8137334712067352260 ) ) ;
#467 = EDGE_LOOP ( 'NONE', ( #539, #9, #965, #1241 ) ) ;
#468 = FACE_OUTER_BOUND ( 'NONE', #1524, .T. ) ;
#469 = ORIENTED_EDGE ( 'NONE', *, *, #534, .F. ) ;
#470 = DIRECTION ( 'NONE',  ( 0.000000000000000000, 0.000000000000000000, -1.000000000000000000 ) ) ;
#471 = ADVANCED_FACE ( 'NONE', ( #1445 ), #286, .T. ) ;
#472 = CARTESIAN_POINT ( 'NONE',  ( 750.4144075485057783, 903.9926639741358940, 1354.478711112108840 ) ) ;
#473 = VECTOR ( 'NONE', #1170, 999.9999999999998863 ) ;
#474 =( NAMED_UNIT ( * ) SI_UNIT ( $, .STERADIAN. ) SOLID_ANGLE_UNIT ( ) );
#475 = CIRCLE ( 'NONE', #826, 4.000499999999969525 ) ;
#476 = CARTESIAN_POINT ( 'NONE',  ( 750.2833362296438509, 903.2422404663406041, 1354.460576385202103 ) ) ;
#477 = VECTOR ( 'NONE', #1334, 1000.000000000000114 ) ;
#478 = DIRECTION ( 'NONE',  ( 0.000000000000000000, 0.000000000000000000, -1.000000000000000000 ) ) ;
#479 = UNCERTAINTY_MEASURE_WITH_UNIT (LENGTH_MEASURE( 1.000000000000000082E-05 ), #562, 'distance_accuracy_value', 'NONE');
#480 = EDGE_LOOP ( 'NONE', ( #1182, #1284, #618, #13, #1141 ) ) ;
#481 = DIRECTION ( 'NONE',  ( 0.000000000000000000, 0.000000000000000000, 1.000000000000000000 ) ) ;
#482 = EDGE_LOOP ( 'NONE', ( #1247, #599, #759, #157 ) ) ;
#483 = FACE_OUTER_BOUND ( 'NONE', #308, .T. ) ;
#484 = EDGE_CURVE ( 'NONE', #1132, #653, #104, .T. ) ;
#485 = CYLINDRICAL_SURFACE ( 'NONE', #32, 0.7619999999999713669 ) ;
#486 = ADVANCED_FACE ( 'NONE', ( #628 ), #1211, .T. ) ;
#487 = CARTESIAN_POINT ( 'NONE',  ( 736.4501001896394428, 905.7232388047568747, 1351.777382736525396 ) ) ;
#488 = DIRECTION ( 'NONE',  ( 0.1370521391469134986, 1.075528555105620275E-16, -0.9905638349724136260 ) ) ;
#489 = VERTEX_POINT ( 'NONE', #1342 ) ;
#490 = LINE ( 'NONE', #988, #604 ) ;
#491 = CARTESIAN_POINT ( 'NONE',  ( 731.8608910262806830, 897.3194592881034168, 1351.110377835372674 ) ) ;
#492 = DIRECTION ( 'NONE',  ( -0.1370521391469134709, 0.000000000000000000, 0.9905638349724136260 ) ) ;
#493 = CARTESIAN_POINT ( 'NONE',  ( 731.7521058908328087, 901.1055819916966811, 1351.896637879382070 ) ) ;
#494 = CARTESIAN_POINT ( 'NONE',  ( 731.0718902430500066, 901.2832840573339581, 1351.023093699648371 ) ) ;
#495 = ORIENTED_EDGE ( 'NONE', *, *, #21, .T. ) ;
#496 = CARTESIAN_POINT ( 'NONE',  ( 752.5309511933702424, 897.3194592881034168, 1329.129589450935555 ) ) ;
#497 = CARTESIAN_POINT ( 'NONE',  ( 752.1527066670329305, 894.6123701266947137, 1329.846515259725265 ) ) ;
#498 = DIRECTION ( 'NONE',  ( -0.1370521391469812500, 0.000000000000000000, 0.9905638349724041891 ) ) ;
#499 = VECTOR ( 'NONE', #643, 1000.000000000000000 ) ;
#500 = AXIS2_PLACEMENT_3D ( 'NONE', #1350, #31, #137 ) ;
#501 = CARTESIAN_POINT ( 'NONE',  ( 610.5229447007366161, 901.6047048514381004, 1276.272076189226254 ) ) ;
#502 = CARTESIAN_POINT ( 'NONE',  ( 735.1244450897166871, 897.3194592881034168, 1327.522576515091941 ) ) ;
#503 = EDGE_CURVE ( 'NONE', #1004, #333, #400, .T. ) ;
#504 = STYLED_ITEM ( 'NONE', ( #592 ), #1376 ) ;
#505 = ORIENTED_EDGE ( 'NONE', *, *, #926, .T. ) ;
#506 = DIRECTION ( 'NONE',  ( -0.9905638349724136260, -0.000000000000000000, -0.1370521391469141648 ) ) ;
#507 = ADVANCED_FACE ( 'NONE', ( #874 ), #18, .F. ) ;
#508 = ORIENTED_EDGE ( 'NONE', *, *, #1473, .T. ) ;
#509 = PLANE ( 'NONE',  #500 ) ;
#510 = CARTESIAN_POINT ( 'NONE',  ( 752.6397363288181168, 897.3194592881034168, 1328.343329406926159 ) ) ;
#511 = DIRECTION ( 'NONE',  ( -0.9755149445343382908, 0.1736481776669306920, -0.1349700091987881823 ) ) ;
#512 = ADVANCED_FACE ( 'NONE', ( #522 ), #1005, .T. ) ;
#513 = ORIENTED_EDGE ( 'NONE', *, *, #631, .F. ) ;
#514 = CARTESIAN_POINT ( 'NONE',  ( 731.8608910262806830, 906.8444592881033941, 1351.110377835372674 ) ) ;
#515 = EDGE_LOOP ( 'NONE', ( #545, #17, #1280, #989 ) ) ;
#516 = CARTESIAN_POINT ( 'NONE',  ( 735.6575420355841288, 901.7835153888315745, 1352.436985062514395 ) ) ;
#517 = CARTESIAN_POINT ( 'NONE',  ( 672.1455067411482105, 906.8444592881033941, 1365.172076189226345 ) ) ;
#518 = FACE_OUTER_BOUND ( 'NONE', #467, .T. ) ;
#519 = ORIENTED_EDGE ( 'NONE', *, *, #595, .F. ) ;
#520 = DIRECTION ( 'NONE',  ( -0.9905638349724136260, -0.000000000000000000, -0.1370521391469141648 ) ) ;
#521 = ORIENTED_EDGE ( 'NONE', *, *, #1015, .T. ) ;
#522 = FACE_OUTER_BOUND ( 'NONE', #548, .T. ) ;
#523 = EDGE_CURVE ( 'NONE', #199, #1117, #903, .T. ) ;
#524 = DIRECTION ( 'NONE',  ( -0.1370521391469812500, 0.000000000000000000, 0.9905638349724041891 ) ) ;
#525 = CIRCLE ( 'NONE', #573, 0.7619999999999713669 ) ;
#526 = ORIENTED_EDGE ( 'NONE', *, *, #123, .F. ) ;
#527 = AXIS2_PLACEMENT_3D ( 'NONE', #1104, #840, #1087 ) ;
#528 = CARTESIAN_POINT ( 'NONE',  ( 734.3381850457072915, 902.2815318095878183, 1327.413791379643953 ) ) ;
#529 = AXIS2_PLACEMENT_3D ( 'NONE', #839, #1453, #159 ) ;
#530 = ORIENTED_EDGE ( 'NONE', *, *, #203, .T. ) ;
#531 = CARTESIAN_POINT ( 'NONE',  ( 774.4614513493240793, 899.7307194179027192, 1357.036546057831629 ) ) ;
#532 = VECTOR ( 'NONE', #837, 1000.000000000000114 ) ;
#533 = SHAPE_DEFINITION_REPRESENTATION ( #641, #642 ) ;
#534 = EDGE_CURVE ( 'NONE', #212, #1100, #680, .T. ) ;
#535 = EDGE_CURVE ( 'NONE', #1442, #1076, #891, .T. ) ;
#536 = CARTESIAN_POINT ( 'NONE',  ( 749.8360869030479989, 906.8444592881033941, 1354.398695994682839 ) ) ;
#537 = ORIENTED_EDGE ( 'NONE', *, *, #943, .F. ) ;
#538 = CARTESIAN_POINT ( 'NONE',  ( 672.1455067411482105, 906.8444592881033941, 1365.172076189226345 ) ) ;
#539 = ORIENTED_EDGE ( 'NONE', *, *, #717, .F. ) ;
#540 = DIRECTION ( 'NONE',  ( -0.9755149445343382908, 0.1736481776669306920, -0.1349700091987882100 ) ) ;
#541 =( NAMED_UNIT ( * ) SI_UNIT ( $, .STERADIAN. ) SOLID_ANGLE_UNIT ( ) );
#542 = CARTESIAN_POINT ( 'NONE',  ( 735.7619757656141246, 901.7835153888315745, 1351.682175420265366 ) ) ;
#543 = VERTEX_POINT ( 'NONE', #1373 ) ;
#544 = CARTESIAN_POINT ( 'NONE',  ( 731.7521058908326950, 902.4614487859665815, 1351.896637879382524 ) ) ;
#545 = ORIENTED_EDGE ( 'NONE', *, *, #1256, .T. ) ;
#546 = CARTESIAN_POINT ( 'NONE',  ( 735.7619757656141246, 901.7835153888315745, 1351.682175420265366 ) ) ;
#547 = DIRECTION ( 'NONE',  ( 1.000000000000000000, 0.000000000000000000, -9.130123557772679427E-17 ) ) ;
#548 = EDGE_LOOP ( 'NONE', ( #206, #92, #429, #469, #58 ) ) ;
#549 = EDGE_CURVE ( 'NONE', #1341, #212, #1161, .T. ) ;
#550 = CARTESIAN_POINT ( 'NONE',  ( 738.4505419458904498, 897.8437919729061605, 1327.181456337954842 ) ) ;
#551 = AXIS2_PLACEMENT_3D ( 'NONE', #70, #1032, #1391 ) ;
#552 = ORIENTED_EDGE ( 'NONE', *, *, #318, .F. ) ;
#553 = ADVANCED_FACE ( 'NONE', ( #1380 ), #297, .F. ) ;
#554 = DIRECTION ( 'NONE',  ( 0.9755149445343392900, -0.1736481776669248633, 0.1349700091987883765 ) ) ;
#555 = AXIS2_PLACEMENT_3D ( 'NONE', #559, #236, #920 ) ;
#556 = CARTESIAN_POINT ( 'NONE',  ( 731.7521058908328087, 901.1055819916966811, 1351.896637879382070 ) ) ;
#557 = CARTESIAN_POINT ( 'NONE',  ( 735.1244450897166871, 897.3194592881034168, 1326.728826515092123 ) ) ;
#558 = ORIENTED_EDGE ( 'NONE', *, *, #1145, .F. ) ;
#559 = CARTESIAN_POINT ( 'NONE',  ( 733.6265086575244823, 902.0819592881032349, 1354.766819195713879 ) ) ;
#560 = ORIENTED_EDGE ( 'NONE', *, *, #1518, .T. ) ;
#561 = CARTESIAN_POINT ( 'NONE',  ( 737.0920374044884511, 902.0819592881032349, 1329.719217113998411 ) ) ;
#562 =( LENGTH_UNIT ( ) NAMED_UNIT ( * ) SI_UNIT ( .MILLI., .METRE. ) );
#563 = CARTESIAN_POINT ( 'NONE',  ( 610.2568512870913082, 902.4915714031778862, 1276.272076189226482 ) ) ;
#564 = ORIENTED_EDGE ( 'NONE', *, *, #1340, .F. ) ;
#565 = DIRECTION ( 'NONE',  ( 0.000000000000000000, 0.000000000000000000, -1.000000000000000000 ) ) ;
#566 = ORIENTED_EDGE ( 'NONE', *, *, #1543, .T. ) ;
#567 = DIRECTION ( 'NONE',  ( -0.9755149445343381798, 0.1736481776669306643, -0.1349700091987887929 ) ) ;
#568 = EDGE_CURVE ( 'NONE', #212, #388, #603, .T. ) ;
#569 = CARTESIAN_POINT ( 'NONE',  ( 731.0615798508410990, 902.3235641943421115, 1351.128534111440331 ) ) ;
#570 = VERTEX_POINT ( 'NONE', #774 ) ;
#571 = CARTESIAN_POINT ( 'NONE',  ( 736.3456664596094470, 905.7232388047568747, 1352.532192378773971 ) ) ;
#572 = ORIENTED_EDGE ( 'NONE', *, *, #809, .T. ) ;
#573 = AXIS2_PLACEMENT_3D ( 'NONE', #487, #148, #254 ) ;
#574 = DIRECTION ( 'NONE',  ( 0.1370521391469139427, 2.775557561562891967E-17, -0.9905638349724136260 ) ) ;
#575 = AXIS2_PLACEMENT_3D ( 'NONE', #1486, #1008, #288 ) ;
#576 = CARTESIAN_POINT ( 'NONE',  ( 731.7521058908326950, 902.4614487859665815, 1351.896637879382524 ) ) ;
#577 = VECTOR ( 'NONE', #37, 1000.000000000000227 ) ;
#578 = EDGE_CURVE ( 'NONE', #166, #859, #292, .T. ) ;
#579 = VECTOR ( 'NONE', #140, 1000.000000000000000 ) ;
#580 = EDGE_CURVE ( 'NONE', #1379, #199, #1490, .T. ) ;
#581 = EDGE_LOOP ( 'NONE', ( #845, #266, #833, #1123, #823 ) ) ;
#582 = LINE ( 'NONE', #1043, #407 ) ;
#583 = VERTEX_POINT ( 'NONE', #1276 ) ;
#584 = DIRECTION ( 'NONE',  ( 0.1370521391469141648, 0.000000000000000000, -0.9905638349724136260 ) ) ;
#585 = DIRECTION ( 'NONE',  ( -0.1370521391469134986, -1.075528555105620275E-16, 0.9905638349724136260 ) ) ;
#586 = CARTESIAN_POINT ( 'NONE',  ( 750.3877699596737330, 903.2422404663406041, 1353.705766742953074 ) ) ;
#587 = CARTESIAN_POINT ( 'NONE',  ( 737.5991303193322892, 902.0819592881034623, 1326.054130924600031 ) ) ;
#588 = EDGE_CURVE ( 'NONE', #1421, #793, #326, .T. ) ;
#589 = ORIENTED_EDGE ( 'NONE', *, *, #655, .T. ) ;
#590 = CARTESIAN_POINT ( 'NONE',  ( 627.3803735032331588, 897.3194592881034168, 1276.272076189226254 ) ) ;
#591 = LINE ( 'NONE', #1152, #801 ) ;
#592 = PRESENTATION_STYLE_ASSIGNMENT (( #940 ) ) ;
#593 = CARTESIAN_POINT ( 'NONE',  ( 735.1244450897165734, 902.4573381557296443, 1326.728826515092123 ) ) ;
#594 = CARTESIAN_POINT ( 'NONE',  ( 731.0709088366904780, 901.2794939859747956, 1351.033130164661770 ) ) ;
#595 = EDGE_CURVE ( 'NONE', #489, #26, #1149, .T. ) ;
#596 = ORIENTED_EDGE ( 'NONE', *, *, #964, .F. ) ;
#597 = DIRECTION ( 'NONE',  ( -1.000000000000000000, -0.000000000000000000, 9.130123557772679427E-17 ) ) ;
#598 = EDGE_CURVE ( 'NONE', #166, #570, #256, .T. ) ;
#599 = ORIENTED_EDGE ( 'NONE', *, *, #791, .T. ) ;
#600 = LINE ( 'NONE', #670, #1300 ) ;
#601 = CIRCLE ( 'NONE', #376, 4.000499999999944656 ) ;
#602 = CARTESIAN_POINT ( 'NONE',  ( 731.0718902430500066, 902.2837467203290771, 1351.023093699648598 ) ) ;
#603 = CIRCLE ( 'NONE', #158, 4.762500000000013500 ) ;
#604 = VECTOR ( 'NONE', #1443, 1000.000000000000114 ) ;
#605 = CARTESIAN_POINT ( 'NONE',  ( 750.5188412785357741, 903.9926639741358940, 1353.723901469859811 ) ) ;
#606 =( GEOMETRIC_REPRESENTATION_CONTEXT ( 3 ) GLOBAL_UNCERTAINTY_ASSIGNED_CONTEXT ( ( #479 ) ) GLOBAL_UNIT_ASSIGNED_CONTEXT ( ( #562, #923, #474 ) ) REPRESENTATION_CONTEXT ( 'NONE', 'WORKASPACE' ) );
#607 = CARTESIAN_POINT ( 'NONE',  ( 608.6455067411483242, 906.8444592881033941, 1276.272076189226254 ) ) ;
#608 = PRODUCT_DEFINITION_FORMATION_WITH_SPECIFIED_SOURCE ( 'ANY', '', #369, .NOT_KNOWN. ) ;
#609 = ORIENTED_EDGE ( 'NONE', *, *, #439, .T. ) ;
#610 = DIRECTION ( 'NONE',  ( -0.1370521391469134154, -1.214306433183765213E-16, 0.9905638349724137370 ) ) ;
#611 = ORIENTED_EDGE ( 'NONE', *, *, #85, .F. ) ;
#612 = DIRECTION ( 'NONE',  ( -0.9905638349724136260, 0.000000000000000000, -0.1370521391469141648 ) ) ;
#613 = CARTESIAN_POINT ( 'NONE',  ( 735.1244450897166871, 897.3194592881034168, 1326.728826515092123 ) ) ;
#614 = CARTESIAN_POINT ( 'NONE',  ( 752.6397363288181168, 897.3194592881034168, 1328.343329406926159 ) ) ;
#615 = DIRECTION ( 'NONE',  ( 0.000000000000000000, 0.000000000000000000, 1.000000000000000000 ) ) ;
#616 = EDGE_LOOP ( 'NONE', ( #898, #625, #895, #1321 ) ) ;
#617 = CARTESIAN_POINT ( 'NONE',  ( 739.0342326398857722, 901.7835153888315745, 1328.031473296464128 ) ) ;
#618 = ORIENTED_EDGE ( 'NONE', *, *, #64, .T. ) ;
#619 = CARTESIAN_POINT ( 'NONE',  ( 734.3431657109699700, 902.2875367916881260, 1327.382428040804371 ) ) ;
#620 = FACE_OUTER_BOUND ( 'NONE', #251, .T. ) ;
#621 = EDGE_CURVE ( 'NONE', #1470, #489, #1480, .T. ) ;
#622 = ADVANCED_FACE ( 'NONE', ( #182 ), #428, .T. ) ;
#623 = FACE_OUTER_BOUND ( 'NONE', #1509, .T. ) ;
#624 = CARTESIAN_POINT ( 'NONE',  ( 735.1244450897166871, 897.3194592881034168, 1327.522576515091941 ) ) ;
#625 = ORIENTED_EDGE ( 'NONE', *, *, #1369, .T. ) ;
#626 = DIRECTION ( 'NONE',  ( -0.8137334712068550191, 0.000000000000000000, 0.5812381937189283754 ) ) ;
#627 = ORIENTED_EDGE ( 'NONE', *, *, #484, .F. ) ;
#628 = FACE_OUTER_BOUND ( 'NONE', #60, .T. ) ;
#629 = CARTESIAN_POINT ( 'NONE',  ( 737.0920374044884511, 902.0819592881032349, 1329.719217113998411 ) ) ;
#630 = CIRCLE ( 'NONE', #1031, 0.7619999999999713669 ) ;
#631 = EDGE_CURVE ( 'NONE', #919, #1086, #75, .T. ) ;
#632 = VECTOR ( 'NONE', #663, 1000.000000000000114 ) ;
#633 = CARTESIAN_POINT ( 'NONE',  ( 737.0920374044884511, 902.0819592881032349, 1329.719217113998411 ) ) ;
#634 = AXIS2_PLACEMENT_3D ( 'NONE', #1122, #426, #290 ) ;
#635 = AXIS2_PLACEMENT_3D ( 'NONE', #502, #1550, #478 ) ;
#636 = ORIENTED_EDGE ( 'NONE', *, *, #257, .T. ) ;
#637 = CARTESIAN_POINT ( 'NONE',  ( 673.5917116788810972, 902.3088080091589518, 1365.172076189226345 ) ) ;
#638 = ORIENTED_EDGE ( 'NONE', *, *, #1298, .T. ) ;
#639 = DIRECTION ( 'NONE',  ( 0.9755149445343382908, -0.1736481776669306920, 0.1349700091987882100 ) ) ;
#640 = CARTESIAN_POINT ( 'NONE',  ( 731.0731545138536376, 902.2815318095878183, 1351.012264085479273 ) ) ;
#641 = PRODUCT_DEFINITION_SHAPE ( 'NONE', 'NONE',  #25 ) ;
#642 = ADVANCED_BREP_SHAPE_REPRESENTATION ( 'Fin_10_AoA', ( #1376, #684 ), #1037 ) ;
#643 = DIRECTION ( 'NONE',  ( 0.000000000000000000, -1.000000000000000000, -0.000000000000000000 ) ) ;
#644 = ORIENTED_EDGE ( 'NONE', *, *, #767, .T. ) ;
#645 = EDGE_CURVE ( 'NONE', #49, #919, #52, .T. ) ;
#646 = CARTESIAN_POINT ( 'NONE',  ( 734.3431657109649677, 901.2794939859855958, 1327.382428040832110 ) ) ;
#647 = VERTEX_POINT ( 'NONE', #1022 ) ;
#648 = PLANE ( 'NONE',  #231 ) ;
#649 = CARTESIAN_POINT ( 'NONE',  ( 674.0229447007366161, 901.6047048514381004, 1365.172076189226345 ) ) ;
#650 = ORIENTED_EDGE ( 'NONE', *, *, #1145, .T. ) ;
#651 = DIRECTION ( 'NONE',  ( -1.000000000000000000, 0.000000000000000000, -0.000000000000000000 ) ) ;
#652 = EDGE_CURVE ( 'NONE', #391, #647, #1128, .T. ) ;
#653 = VERTEX_POINT ( 'NONE', #915 ) ;
#654 = CARTESIAN_POINT ( 'NONE',  ( 739.0342326398857722, 901.7835153888315745, 1328.031473296464128 ) ) ;
#655 = EDGE_CURVE ( 'NONE', #653, #1004, #475, .T. ) ;
#656 = CARTESIAN_POINT ( 'NONE',  ( 731.5519520623055314, 901.1134667161153402, 1351.848746140283311 ) ) ;
#657 = CARTESIAN_POINT ( 'NONE',  ( 735.1244450897168008, 901.1096926219336183, 1326.728826515092123 ) ) ;
#658 = VERTEX_POINT ( 'NONE', #1264 ) ;
#659 = VECTOR ( 'NONE', #969, 1000.000000000000000 ) ;
#660 = DIRECTION ( 'NONE',  ( -0.5812381937190961301, 0.000000000000000000, -0.8137334712067352260 ) ) ;
#661 = CIRCLE ( 'NONE', #29, 2.000000000000029310 ) ;
#662 = VERTEX_POINT ( 'NONE', #193 ) ;
#663 = DIRECTION ( 'NONE',  ( 0.1370521391469142758, 0.000000000000000000, -0.9905638349724135150 ) ) ;
#664 = AXIS2_PLACEMENT_3D ( 'NONE', #982, #1106, #270 ) ;
#665 = CARTESIAN_POINT ( 'NONE',  ( 739.0430672935572147, 901.7346629327694245, 1329.989157132396031 ) ) ;
#666 = ORIENTED_EDGE ( 'NONE', *, *, #36, .F. ) ;
#667 = LINE ( 'NONE', #414, #954 ) ;
#668 = EDGE_LOOP ( 'NONE', ( #1190, #572, #114, #67, #141, #718 ) ) ;
#669 = ADVANCED_FACE ( 'NONE', ( #1142 ), #1359, .T. ) ;
#670 = CARTESIAN_POINT ( 'NONE',  ( 731.7521058908328087, 906.8444592881033941, 1351.896637879382070 ) ) ;
#671 = EDGE_CURVE ( 'NONE', #110, #441, #1497, .T. ) ;
#672 = ORIENTED_EDGE ( 'NONE', *, *, #1025, .F. ) ;
#673 = DIRECTION ( 'NONE',  ( 0.000000000000000000, 1.000000000000000000, 0.000000000000000000 ) ) ;
#674 = ORIENTED_EDGE ( 'NONE', *, *, #1502, .F. ) ;
#675 = DIRECTION ( 'NONE',  ( -0.1370521391469134154, -1.214306433183765213E-16, 0.9905638349724137370 ) ) ;
#676 = FACE_OUTER_BOUND ( 'NONE', #668, .T. ) ;
#677 = ORIENTED_EDGE ( 'NONE', *, *, #12, .F. ) ;
#678 = FACE_OUTER_BOUND ( 'NONE', #482, .T. ) ;
#679 = CIRCLE ( 'NONE', #575, 0.7937499999999264588 ) ;
#680 = CIRCLE ( 'NONE', #302, 0.7619999999999713669 ) ;
#681 = VERTEX_POINT ( 'NONE', #465 ) ;
#682 = CARTESIAN_POINT ( 'NONE',  ( 753.8955318828373038, 903.9926639741358940, 1329.318389703809544 ) ) ;
#683 = AXIS2_PLACEMENT_3D ( 'NONE', #1398, #810, #322 ) ;
#684 = AXIS2_PLACEMENT_3D ( 'NONE', #1150, #306, #1257 ) ;
#685 = CARTESIAN_POINT ( 'NONE',  ( 608.6455067411483242, 906.8444592881033941, 1276.272076189226254 ) ) ;
#686 = VERTEX_POINT ( 'NONE', #101 ) ;
#687 = CARTESIAN_POINT ( 'NONE',  ( 731.8608910262806830, 897.3194592881034168, 1351.110377835372674 ) ) ;
#688 = ADVANCED_FACE ( 'NONE', ( #444 ), #825, .F. ) ;
#689 = ORIENTED_EDGE ( 'NONE', *, *, #312, .T. ) ;
#690 = PLANE ( 'NONE',  #451 ) ;
#691 = CARTESIAN_POINT ( 'NONE',  ( 737.0920374044884511, 902.0819592881032349, 1329.719217113998411 ) ) ;
#692 = LINE ( 'NONE', #835, #473 ) ;
#693 = ORIENTED_EDGE ( 'NONE', *, *, #484, .T. ) ;
#694 = DIRECTION ( 'NONE',  ( -0.000000000000000000, -1.000000000000000000, -0.000000000000000000 ) ) ;
#695 = EDGE_LOOP ( 'NONE', ( #399, #885, #1294, #336 ) ) ;
#696 = CARTESIAN_POINT ( 'NONE',  ( 734.3431657109649677, 901.2794939859855958, 1327.382428040832110 ) ) ;
#697 = EDGE_CURVE ( 'NONE', #647, #1039, #351, .T. ) ;
#698 = CARTESIAN_POINT ( 'NONE',  ( 731.1244370954975693, 902.3919701916963731, 1351.423108077774941 ) ) ;
#699 = VERTEX_POINT ( 'NONE', #357 ) ;
#700 = CARTESIAN_POINT ( 'NONE',  ( 739.8267907939410861, 905.7232388047568747, 1327.371870970474674 ) ) ;
#701 = ORIENTED_EDGE ( 'NONE', *, *, #671, .F. ) ;
#702 = AXIS2_PLACEMENT_3D ( 'NONE', #614, #1433, #353 ) ;
#703 = PLANE ( 'NONE',  #850 ) ;
#704 = AXIS2_PLACEMENT_3D ( 'NONE', #516, #727, #737 ) ;
#705 = AXIS2_PLACEMENT_3D ( 'NONE', #538, #1147, #651 ) ;
#706 = CARTESIAN_POINT ( 'NONE',  ( 735.1244450897166871, 897.3194592881034168, 1327.522576515091941 ) ) ;
#707 = CIRCLE ( 'NONE', #1460, 4.000499999999969525 ) ;
#708 = ORIENTED_EDGE ( 'NONE', *, *, #1209, .F. ) ;
#709 = DIRECTION ( 'NONE',  ( 0.000000000000000000, 1.000000000000000000, 0.000000000000000000 ) ) ;
#710 = ORIENTED_EDGE ( 'NONE', *, *, #1518, .F. ) ;
#711 = B_SPLINE_CURVE_WITH_KNOTS ( 'NONE', 3,
 ( #1547, #569, #1412, #698, #1537, #806, #1054, #112, #96, #576 ),
 .UNSPECIFIED., .F., .F.,
 ( 4, 2, 2, 2, 4 ),
 ( 0.0001803961326634057993, 0.0004868943553277567783, 0.0007933925779921077032, 0.001099890800656458736, 0.001406389023320809770 ),
 .UNSPECIFIED. ) ;
#712 = DIRECTION ( 'NONE',  ( -0.1370521391469134709, 0.000000000000000000, 0.9905638349724136260 ) ) ;
#713 = CARTESIAN_POINT ( 'NONE',  ( 739.0342326398857722, 901.7835153888315745, 1328.031473296464128 ) ) ;
#714 = EDGE_CURVE ( 'NONE', #793, #1464, #922, .T. ) ;
#715 = DIRECTION ( 'NONE',  ( 0.000000000000000000, 1.000000000000000000, 0.000000000000000000 ) ) ;
#716 = CARTESIAN_POINT ( 'NONE',  ( 748.3455067411481423, 906.8444592881033941, 1365.172076189226345 ) ) ;
#717 = EDGE_CURVE ( 'NONE', #1052, #1470, #1425, .T. ) ;
#718 = ORIENTED_EDGE ( 'NONE', *, *, #1209, .T. ) ;
#719 = CARTESIAN_POINT ( 'NONE',  ( 750.4144075485057783, 903.9926639741358940, 1354.478711112108840 ) ) ;
#720 = DIRECTION ( 'NONE',  ( 0.000000000000000000, -1.000000000000000000, 0.000000000000000000 ) ) ;
#721 = DIRECTION ( 'NONE',  ( 0.1370521391469139705, 2.428612866367530548E-17, -0.9905638349724136260 ) ) ;
#722 = CARTESIAN_POINT ( 'NONE',  ( 748.9410417235907289, 897.3194592881034168, 1355.076170903244247 ) ) ;
#723 = FACE_OUTER_BOUND ( 'NONE', #45, .T. ) ;
#724 = VERTEX_POINT ( 'NONE', #1422 ) ;
#725 = CARTESIAN_POINT ( 'NONE',  ( 739.1386663699157680, 901.7835153888315745, 1327.276663654215099 ) ) ;
#726 = ORIENTED_EDGE ( 'NONE', *, *, #1343, .F. ) ;
#727 = DIRECTION ( 'NONE',  ( -0.1370521391469133876, -1.249000902703301108E-16, 0.9905638349724137370 ) ) ;
#728 = AXIS2_PLACEMENT_3D ( 'NONE', #992, #1368, #524 ) ;
#729 = DIRECTION ( 'NONE',  ( 0.9755149445343382908, -0.1736481776669306920, 0.1349700091987882100 ) ) ;
#730 = AXIS2_PLACEMENT_3D ( 'NONE', #945, #1292, #1285 ) ;
#731 = VECTOR ( 'NONE', #1493, 1000.000000000000114 ) ;
#732 = EDGE_LOOP ( 'NONE', ( #150, #1154, #1134, #316 ) ) ;
#733 = CARTESIAN_POINT ( 'NONE',  ( 735.6575420355841288, 901.7835153888314608, 1352.436985062514395 ) ) ;
#734 = ORIENTED_EDGE ( 'NONE', *, *, #1473, .F. ) ;
#735 = CARTESIAN_POINT ( 'NONE',  ( 736.1165224599541261, 902.2556074657701402, 1329.584247104799715 ) ) ;
#736 = ORIENTED_EDGE ( 'NONE', *, *, #943, .T. ) ;
#737 = DIRECTION ( 'NONE',  ( -0.9755149445343287429, 0.1736481776669838162, -0.1349700091987886541 ) ) ;
#738 = EDGE_CURVE ( 'NONE', #1196, #273, #238, .T. ) ;
#739 = CARTESIAN_POINT ( 'NONE',  ( 735.6481004302634119, 902.4292556434370454, 1325.784190906202411 ) ) ;
#740 = CARTESIAN_POINT ( 'NONE',  ( 735.1607227564130653, 901.1081712238889168, 1326.728826515092123 ) ) ;
#741 = CARTESIAN_POINT ( 'NONE',  ( 752.6397363288181168, 897.3194592881034168, 1329.137079406926205 ) ) ;
#742 = ORIENTED_EDGE ( 'NONE', *, *, #187, .F. ) ;
#743 = DIRECTION ( 'NONE',  ( 0.000000000000000000, 1.000000000000000000, 0.000000000000000000 ) ) ;
#744 = ORIENTED_EDGE ( 'NONE', *, *, #946, .F. ) ;
#745 = CARTESIAN_POINT ( 'NONE',  ( 739.7223570639110903, 905.7232388047568747, 1328.126680612724158 ) ) ;
#746 = ADVANCED_FACE ( 'NONE', ( #939 ), #690, .F. ) ;
#747 = LINE ( 'NONE', #613, #906 ) ;
#748 = DIRECTION ( 'NONE',  ( -0.1370521391469812500, 0.000000000000000000, 0.9905638349724041891 ) ) ;
#749 = ORIENTED_EDGE ( 'NONE', *, *, #85, .T. ) ;
#750 = FACE_OUTER_BOUND ( 'NONE', #1173, .T. ) ;
#751 = DIRECTION ( 'NONE',  ( -0.1370521391469134986, -1.075528555105620399E-16, 0.9905638349724137370 ) ) ;
#752 = LINE ( 'NONE', #127, #477 ) ;
#753 = CIRCLE ( 'NONE', #728, 0.7619999999999713669 ) ;
#754 = AXIS2_PLACEMENT_3D ( 'NONE', #1242, #170, #848 ) ;
#755 = ADVANCED_FACE ( 'NONE', ( #1418 ), #703, .F. ) ;
#756 = CARTESIAN_POINT ( 'NONE',  ( 720.7798329626925806, 906.8444592881033941, 1407.031319432469445 ) ) ;
#757 = AXIS2_PLACEMENT_3D ( 'NONE', #617, #610, #1320 ) ;
#758 = VECTOR ( 'NONE', #1441, 1000.000000000000114 ) ;
#759 = ORIENTED_EDGE ( 'NONE', *, *, #1405, .T. ) ;
#760 = FACE_OUTER_BOUND ( 'NONE', #695, .T. ) ;
#761 = ORIENTED_EDGE ( 'NONE', *, *, #411, .T. ) ;
#762 = FACE_OUTER_BOUND ( 'NONE', #1304, .T. ) ;
#763 = CARTESIAN_POINT ( 'NONE',  ( 735.2332302251645615, 902.4614487859669225, 1326.736316471082546 ) ) ;
#764 = EDGE_CURVE ( 'NONE', #42, #768, #1168, .T. ) ;
#765 = ORIENTED_EDGE ( 'NONE', *, *, #1463, .T. ) ;
#766 = CARTESIAN_POINT ( 'NONE',  ( 734.5395478884281601, 901.1663723493439875, 1326.978079691708899 ) ) ;
#767 = EDGE_CURVE ( 'NONE', #1165, #1341, #1057, .T. ) ;
#768 = VERTEX_POINT ( 'NONE', #590 ) ;
#769 = DIRECTION ( 'NONE',  ( 0.1370521391469133876, 1.249000902703301108E-16, -0.9905638349724137370 ) ) ;
#770 = CARTESIAN_POINT ( 'NONE',  ( 733.0054389013191667, 902.2556074657701402, 1352.070046158673449 ) ) ;
#771 = EDGE_LOOP ( 'NONE', ( #175, #931, #744, #383, #564 ) ) ;
#772 = LINE ( 'NONE', #1386, #328 ) ;
#773 = ORIENTED_EDGE ( 'NONE', *, *, #535, .F. ) ;
#774 = CARTESIAN_POINT ( 'NONE',  ( 734.9564687903878166, 901.9083111104362160, 1352.339986177071069 ) ) ;
#775 =( BOUNDED_CURVE ( )  B_SPLINE_CURVE ( 3, ( #1164, #1198, #563, #1430 ),
 .UNSPECIFIED., .F., .F. ) 
 B_SPLINE_CURVE_WITH_KNOTS ( ( 4, 4 ),
 ( 0.000000000000000000, 1.268008348124147977 ),
 .UNSPECIFIED. ) 
 CURVE ( )  GEOMETRIC_REPRESENTATION_ITEM ( )  RATIONAL_B_SPLINE_CURVE ( ( 1.000000000000000000, 0.8704413324986755018, 0.8704413324986755018, 1.000000000000000000 ) ) 
 REPRESENTATION_ITEM ( '' )  );
#776 = LINE ( 'NONE', #756, #1077 ) ;
#777 = ORIENTED_EDGE ( 'NONE', *, *, #1065, .T. ) ;
#778 = CIRCLE ( 'NONE', #551, 0.9999999999999674705 ) ;
#779 = CARTESIAN_POINT ( 'NONE',  ( 734.3396615141234633, 902.2815318095906605, 1327.403119994090275 ) ) ;
#780 = VECTOR ( 'NONE', #1515, 1000.000000000000114 ) ;
#781 = ORIENTED_EDGE ( 'NONE', *, *, #347, .F. ) ;
#782 = DIRECTION ( 'NONE',  ( -0.9755149445343382908, 0.1736481776669299981, -0.1349700091987899586 ) ) ;
#783 = COLOUR_RGB ( '',0.7921568627450980005, 0.8196078431372548767, 0.9333333333333333481 ) ;
#784 = ADVANCED_FACE ( 'NONE', ( #1312, #1072 ), #1197, .T. ) ;
#785 = CARTESIAN_POINT ( 'NONE',  ( 731.6509451036561131, 901.1090872278358574, 1351.882641505003676 ) ) ;
#786 = DIRECTION ( 'NONE',  ( -0.000000000000000000, -1.000000000000000000, -0.000000000000000000 ) ) ;
#787 = EDGE_LOOP ( 'NONE', ( #1478, #949 ) ) ;
#788 = DIRECTION ( 'NONE',  ( 0.000000000000000000, 0.000000000000000000, 1.000000000000000000 ) ) ;
#789 = ORIENTED_EDGE ( 'NONE', *, *, #1298, .F. ) ;
#790 = DIRECTION ( 'NONE',  ( -0.9755149445343392900, 0.1736481776669248633, -0.1349700091987883210 ) ) ;
#791 = EDGE_CURVE ( 'NONE', #570, #404, #1053, .T. ) ;
#792 = DIRECTION ( 'NONE',  ( -0.9755149445343382908, 0.1736481776669306920, -0.1349700091987881823 ) ) ;
#793 = VERTEX_POINT ( 'NONE', #449 ) ;
#794 = CARTESIAN_POINT ( 'NONE',  ( 734.4469701811551658, 897.3194592881034168, 1326.627531335634785 ) ) ;
#795 = ORIENTED_EDGE ( 'NONE', *, *, #568, .T. ) ;
#796 = DIRECTION ( 'NONE',  ( 0.5812381937190960191, 1.655245454330673518E-17, 0.8137334712067352260 ) ) ;
#797 = DIRECTION ( 'NONE',  ( 0.000000000000000000, 1.000000000000000000, 0.000000000000000000 ) ) ;
#798 = ADVANCED_FACE ( 'NONE', ( #1545 ), #1297, .F. ) ;
#799 = EDGE_LOOP ( 'NONE', ( #1476, #638, #811, #30, #98 ) ) ;
#800 = CARTESIAN_POINT ( 'NONE',  ( 749.7273017676000109, 897.3194592881034168, 1355.184956038692235 ) ) ;
#801 = VECTOR ( 'NONE', #1073, 1000.000000000000000 ) ;
#802 = ORIENTED_EDGE ( 'NONE', *, *, #580, .T. ) ;
#803 = CARTESIAN_POINT ( 'NONE',  ( 734.3431657109699700, 902.2875367916881260, 1327.382428040804371 ) ) ;
#804 = CIRCLE ( 'NONE', #1552, 0.7937499999999264588 ) ;
#805 = VECTOR ( 'NONE', #1344, 1000.000000000000114 ) ;
#806 = CARTESIAN_POINT ( 'NONE',  ( 731.2961423489475692, 902.4318210807958849, 1351.677538433060363 ) ) ;
#807 = LINE ( 'NONE', #1287, #1232 ) ;
#808 = ORIENTED_EDGE ( 'NONE', *, *, #94, .T. ) ;
#809 = EDGE_CURVE ( 'NONE', #381, #391, #978, .T. ) ;
#810 = DIRECTION ( 'NONE',  ( -0.1720096048057258575, -0.9848077530122080203, -0.02379885420821624062 ) ) ;
#811 = ORIENTED_EDGE ( 'NONE', *, *, #213, .F. ) ;
#812 = ADVANCED_FACE ( 'NONE', ( #222 ), #1174, .F. ) ;
#813 = CARTESIAN_POINT ( 'NONE',  ( 734.3586477371771934, 902.3204919449739236, 1327.296121087564188 ) ) ;
#814 = SURFACE_STYLE_FILL_AREA ( #350 ) ;
#815 = ORIENTED_EDGE ( 'NONE', *, *, #588, .F. ) ;
#816 = CARTESIAN_POINT ( 'NONE',  ( 737.5991303193322892, 902.0819592881034623, 1326.054130924600031 ) ) ;
#817 = ORIENTED_EDGE ( 'NONE', *, *, #1062, .F. ) ;
#818 = DIRECTION ( 'NONE',  ( -0.1370521391468382810, 1.456985596621024066E-13, 0.9905638349724239511 ) ) ;
#819 = CARTESIAN_POINT ( 'NONE',  ( 737.9149962914226535, 897.3194592881034168, 1352.749321253142170 ) ) ;
#820 = B_SPLINE_CURVE_WITH_KNOTS ( 'NONE', 3,
 ( #1378, #1012, #779, #528 ),
 .UNSPECIFIED., .F., .F.,
 ( 4, 4 ),
 ( 2.927643590798362937E-14, 3.231912526302403385E-05 ),
 .UNSPECIFIED. ) ;
#821 = EDGE_LOOP ( 'NONE', ( #1288, #291, #1427, #726, #294 ) ) ;
#822 = CYLINDRICAL_SURFACE ( 'NONE', #555, 0.9999999999999674705 ) ;
#823 = ORIENTED_EDGE ( 'NONE', *, *, #738, .F. ) ;
#824 = AXIS2_PLACEMENT_3D ( 'NONE', #240, #715, #120 ) ;
#825 = PLANE ( 'NONE',  #1208 ) ;
#826 = AXIS2_PLACEMENT_3D ( 'NONE', #423, #900, #782 ) ;
#827 = ADVANCED_FACE ( 'NONE', ( #857 ), #933, .T. ) ;
#828 = LINE ( 'NONE', #1176, #287 ) ;
#829 = AXIS2_PLACEMENT_3D ( 'NONE', #510, #991, #1023 ) ;
#830 = EDGE_CURVE ( 'NONE', #1553, #1250, #1554, .T. ) ;
#831 = CARTESIAN_POINT ( 'NONE',  ( 735.2332302251645615, 901.1055819916963401, 1326.736316471082546 ) ) ;
#832 = CARTESIAN_POINT ( 'NONE',  ( 748.8804497927611692, 894.6123701266946000, 1353.497217383526504 ) ) ;
#833 = ORIENTED_EDGE ( 'NONE', *, *, #1160, .F. ) ;
#834 = DIRECTION ( 'NONE',  ( -0.1720096048057258575, -0.9848077530122080203, -0.02379885420821624062 ) ) ;
#835 = CARTESIAN_POINT ( 'NONE',  ( 734.4469701811551658, 897.3194592881034168, 1326.627531335634785 ) ) ;
#836 = CARTESIAN_POINT ( 'NONE',  ( 731.0746309822712874, 901.2854989680754443, 1351.001592699924686 ) ) ;
#837 = DIRECTION ( 'NONE',  ( -0.9755149445343382908, 0.1736481776669306920, -0.1349700091987882100 ) ) ;
#838 = ORIENTED_EDGE ( 'NONE', *, *, #1046, .F. ) ;
#839 = CARTESIAN_POINT ( 'NONE',  ( 749.8360869030479989, 897.3194592881034168, 1354.398695994682839 ) ) ;
#840 = DIRECTION ( 'NONE',  ( -0.9755149445343384018, 0.1736481776669307198, -0.1349700091987882378 ) ) ;
#841 = DIRECTION ( 'NONE',  ( 0.000000000000000000, 0.000000000000000000, 1.000000000000000000 ) ) ;
#842 = CARTESIAN_POINT ( 'NONE',  ( 673.5917116788810972, 902.0819592881034623, 1365.172076189226345 ) ) ;
#843 = DIRECTION ( 'NONE',  ( 0.1370521391469133876, 1.249000902703301108E-16, -0.9905638349724137370 ) ) ;
#844 = EDGE_CURVE ( 'NONE', #1516, #1296, #1348, .T. ) ;
#845 = ORIENTED_EDGE ( 'NONE', *, *, #228, .T. ) ;
#846 = CARTESIAN_POINT ( 'NONE',  ( 673.7568512870910808, 902.4915714031777725, 1365.172076189226345 ) ) ;
#847 = EDGE_LOOP ( 'NONE', ( #356, #566, #234, #904 ) ) ;
#848 = DIRECTION ( 'NONE',  ( 0.9691759639880594968, 0.2463695411933372881, 0.000000000000000000 ) ) ;
#849 = DIRECTION ( 'NONE',  ( -0.9905638349724135150, 0.000000000000000000, -0.1370521391469142758 ) ) ;
#850 = AXIS2_PLACEMENT_3D ( 'NONE', #118, #584, #1517 ) ;
#851 = VECTOR ( 'NONE', #1251, 1000.000000000000114 ) ;
#852 = DIRECTION ( 'NONE',  ( 0.9755149445343384018, -0.1736481776669306920, 0.1349700091987880435 ) ) ;
#853 = AXIS2_PLACEMENT_3D ( 'NONE', #1439, #33, #729 ) ;
#854 = DIRECTION ( 'NONE',  ( -0.1370521391469133876, -1.249000902703301108E-16, 0.9905638349724137370 ) ) ;
#855 = EDGE_CURVE ( 'NONE', #583, #1139, #1207, .T. ) ;
#856 = ORIENTED_EDGE ( 'NONE', *, *, #975, .F. ) ;
#857 = FACE_OUTER_BOUND ( 'NONE', #821, .T. ) ;
#858 = EDGE_CURVE ( 'NONE', #699, #1516, #804, .T. ) ;
#859 = VERTEX_POINT ( 'NONE', #735 ) ;
#860 = CYLINDRICAL_SURFACE ( 'NONE', #952, 0.7937499999999264588 ) ;
#861 = CARTESIAN_POINT ( 'NONE',  ( 608.6455067411483242, 902.0819592881034623, 1276.272076189226254 ) ) ;
#862 = CARTESIAN_POINT ( 'NONE',  ( 610.0917116788812109, 901.8551105670479728, 1276.272076189226482 ) ) ;
#863 = CYLINDRICAL_SURFACE ( 'NONE', #635, 0.7937499999999264588 ) ;
#864 = EDGE_LOOP ( 'NONE', ( #650, #1275, #310, #644, #941, #1148, #169, #443 ) ) ;
#865 = DIRECTION ( 'NONE',  ( -0.1370521391469141648, 0.000000000000000000, 0.9905638349724136260 ) ) ;
#866 = ORIENTED_EDGE ( 'NONE', *, *, #1454, .F. ) ;
#867 = CARTESIAN_POINT ( 'NONE',  ( 738.7683218353701022, 901.7835153888315745, 1329.953381468939597 ) ) ;
#868 = EDGE_CURVE ( 'NONE', #464, #647, #398, .T. ) ;
#869 = LINE ( 'NONE', #1212, #1185 ) ;
#870 = CARTESIAN_POINT ( 'NONE',  ( 748.9070873815932146, 895.3627936344898899, 1354.270161752682270 ) ) ;
#871 = EDGE_LOOP ( 'NONE', ( #674, #856, #1399, #1002, #997 ) ) ;
#872 = CARTESIAN_POINT ( 'NONE',  ( 752.6397363288181168, 897.3194592881034168, 1328.343329406926159 ) ) ;
#873 = ORIENTED_EDGE ( 'NONE', *, *, #1530, .F. ) ;
#874 = FACE_OUTER_BOUND ( 'NONE', #1028, .T. ) ;
#875 = DIRECTION ( 'NONE',  ( 1.000000000000000000, 0.000000000000000000, 0.000000000000000000 ) ) ;
#876 = ADVANCED_FACE ( 'NONE', ( #1101 ), #382, .T. ) ;
#877 = VECTOR ( 'NONE', #1447, 1000.000000000000000 ) ;
#878 = AXIS2_PLACEMENT_3D ( 'NONE', #886, #304, #1367 ) ;
#879 = EDGE_CURVE ( 'NONE', #446, #464, #1281, .T. ) ;
#880 = DIRECTION ( 'NONE',  ( 0.9905638349724136260, -0.000000000000000000, 0.1370521391469134709 ) ) ;
#881 = CIRCLE ( 'NONE', #1131, 0.7937499999999264588 ) ;
#882 = CIRCLE ( 'NONE', #986, 0.9999999999999674705 ) ;
#883 = ORIENTED_EDGE ( 'NONE', *, *, #1252, .F. ) ;
#884 = DIRECTION ( 'NONE',  ( -0.000000000000000000, -1.000000000000000000, -0.000000000000000000 ) ) ;
#885 = ORIENTED_EDGE ( 'NONE', *, *, #165, .T. ) ;
#886 = CARTESIAN_POINT ( 'NONE',  ( 733.9809538458534917, 902.0819592881032349, 1352.205016167872145 ) ) ;
#887 = CARTESIAN_POINT ( 'NONE',  ( 735.1316851042761300, 902.4781949235881484, 1327.491525774664524 ) ) ;
#888 = ORIENTED_EDGE ( 'NONE', *, *, #1090, .F. ) ;
#889 = FACE_OUTER_BOUND ( 'NONE', #480, .T. ) ;
#890 = ORIENTED_EDGE ( 'NONE', *, *, #535, .T. ) ;
#891 = LINE ( 'NONE', #1248, #1330 ) ;
#892 = APPLICATION_PROTOCOL_DEFINITION ( 'draft international standard', 'automotive_design', 1998, #396 ) ;
#893 = FACE_OUTER_BOUND ( 'NONE', #106, .T. ) ;
#894 =( BOUNDED_CURVE ( )  B_SPLINE_CURVE ( 3, ( #501, #1193, #862, #1068 ),
 .UNSPECIFIED., .F., .F. ) 
 B_SPLINE_CURVE_WITH_KNOTS ( ( 4, 4 ),
 ( 5.015176959055438033, 6.283185307179586232 ),
 .UNSPECIFIED. ) 
 CURVE ( )  GEOMETRIC_REPRESENTATION_ITEM ( )  RATIONAL_B_SPLINE_CURVE ( ( 1.000000000000000000, 0.8704413324986755018, 0.8704413324986755018, 1.000000000000000000 ) ) 
 REPRESENTATION_ITEM ( '' )  );
#895 = ORIENTED_EDGE ( 'NONE', *, *, #44, .F. ) ;
#896 = ADVANCED_FACE ( 'NONE', ( #750 ), #1436, .T. ) ;
#897 = LINE ( 'NONE', #435, #55 ) ;
#898 = ORIENTED_EDGE ( 'NONE', *, *, #116, .F. ) ;
#899 = EDGE_CURVE ( 'NONE', #1076, #461, #1199, .T. ) ;
#900 = DIRECTION ( 'NONE',  ( -0.1370521391469133876, -1.249000902703301108E-16, 0.9905638349724137370 ) ) ;
#901 = CIRCLE ( 'NONE', #229, 0.7620000000000474172 ) ;
#902 = LINE ( 'NONE', #536, #1277 ) ;
#903 = CIRCLE ( 'NONE', #981, 0.7937499999999264588 ) ;
#904 = ORIENTED_EDGE ( 'NONE', *, *, #879, .F. ) ;
#905 = CARTESIAN_POINT ( 'NONE',  ( 731.0709088366933202, 902.2875367916775531, 1351.033130164632894 ) ) ;
#906 = VECTOR ( 'NONE', #253, 1000.000000000000000 ) ;
#907 = ADVANCED_FACE ( 'NONE', ( #267 ), #1224, .T. ) ;
#908 = VERTEX_POINT ( 'NONE', #259 ) ;
#909 = CARTESIAN_POINT ( 'NONE',  ( 731.0746309822712874, 897.3194592881034168, 1351.001592699924686 ) ) ;
#910 = CARTESIAN_POINT ( 'NONE',  ( 731.1245032929958825, 901.1750815296177279, 1351.423089887079641 ) ) ;
#911 = PLANE ( 'NONE',  #1007 ) ;
#912 = ORIENTED_EDGE ( 'NONE', *, *, #347, .T. ) ;
#913 = DIRECTION ( 'NONE',  ( 0.1370521391469142758, 0.000000000000000000, -0.9905638349724135150 ) ) ;
#914 = ORIENTED_EDGE ( 'NONE', *, *, #899, .T. ) ;
#915 = CARTESIAN_POINT ( 'NONE',  ( 731.7549944999746003, 902.4781949235881484, 1351.897037540714109 ) ) ;
#916 = CARTESIAN_POINT ( 'NONE',  ( 731.0699266680194341, 901.2168723519353080, 1351.230507369525185 ) ) ;
#917 = EDGE_CURVE ( 'NONE', #1210, #5, #389, .T. ) ;
#918 = DIRECTION ( 'NONE',  ( 0.9755149445343382908, -0.1736481776669299981, 0.1349700091987899586 ) ) ;
#919 = VERTEX_POINT ( 'NONE', #8 ) ;
#920 = DIRECTION ( 'NONE',  ( -0.9755149445343265224, 0.1736481776669686061, -0.1349700091988247919 ) ) ;
#921 = ORIENTED_EDGE ( 'NONE', *, *, #147, .F. ) ;
#922 = LINE ( 'NONE', #459, #1235 ) ;
#923 =( NAMED_UNIT ( * ) PLANE_ANGLE_UNIT ( ) SI_UNIT ( $, .RADIAN. ) );
#924 = ADVANCED_FACE ( 'NONE', ( #760 ), #1240, .F. ) ;
#925 = DIRECTION ( 'NONE',  ( -0.1370521391469812500, 0.000000000000000000, 0.9905638349724041891 ) ) ;
#926 = EDGE_CURVE ( 'NONE', #1250, #1165, #490, .T. ) ;
#927 = ORIENTED_EDGE ( 'NONE', *, *, #184, .T. ) ;
#928 = DIRECTION ( 'NONE',  ( -0.1720096048057258575, -0.9848077530122080203, -0.02379885420821624062 ) ) ;
#929 = AXIS2_PLACEMENT_3D ( 'NONE', #633, #155, #1249 ) ;
#930 = AXIS2_PLACEMENT_3D ( 'NONE', #1254, #176, #790 ) ;
#931 = ORIENTED_EDGE ( 'NONE', *, *, #917, .F. ) ;
#932 = CARTESIAN_POINT ( 'NONE',  ( 734.3381850457072915, 901.2854989680754443, 1327.413791379643953 ) ) ;
#933 = TOROIDAL_SURFACE ( 'NONE', #757, 4.000500000000000611, 0.7620000000000000107 ) ;
#934 = VECTOR ( 'NONE', #130, 1000.000000000000000 ) ;
#935 = DIRECTION ( 'NONE',  ( 0.000000000000000000, -1.000000000000000000, 0.000000000000000000 ) ) ;
#936 = ORIENTED_EDGE ( 'NONE', *, *, #1343, .T. ) ;
#937 = DIRECTION ( 'NONE',  ( 0.1370521391469134154, 1.214306433183765213E-16, -0.9905638349724137370 ) ) ;
#938 = ORIENTED_EDGE ( 'NONE', *, *, #1204, .F. ) ;
#939 = FACE_OUTER_BOUND ( 'NONE', #35, .T. ) ;
#940 = SURFACE_STYLE_USAGE ( .BOTH. , #119 ) ;
#941 = ORIENTED_EDGE ( 'NONE', *, *, #1256, .F. ) ;
#942 = DIRECTION ( 'NONE',  ( 0.1370521391469139427, 2.775557561562891351E-17, -0.9905638349724135150 ) ) ;
#943 = EDGE_CURVE ( 'NONE', #1218, #268, #372, .T. ) ;
#944 = ORIENTED_EDGE ( 'NONE', *, *, #858, .T. ) ;
#945 = CARTESIAN_POINT ( 'NONE',  ( 735.7619757656141246, 901.7835153888315745, 1351.682175420265366 ) ) ;
#946 = EDGE_CURVE ( 'NONE', #333, #1210, #1155, .T. ) ;
#947 = CYLINDRICAL_SURFACE ( 'NONE', #702, 0.7937499999999264588 ) ;
#948 = CARTESIAN_POINT ( 'NONE',  ( 752.2571403970628126, 894.6123701266947137, 1329.091705617476237 ) ) ;
#949 = ORIENTED_EDGE ( 'NONE', *, *, #1405, .F. ) ;
#950 = AXIS2_PLACEMENT_3D ( 'NONE', #472, #364, #792 ) ;
#951 = CARTESIAN_POINT ( 'NONE',  ( 737.0920374044884511, 902.0819592881032349, 1329.719217113998411 ) ) ;
#952 = AXIS2_PLACEMENT_3D ( 'NONE', #39, #1479, #374 ) ;
#953 = FACE_OUTER_BOUND ( 'NONE', #1146, .T. ) ;
#954 = VECTOR ( 'NONE', #673, 1000.000000000000000 ) ;
#955 = DIRECTION ( 'NONE',  ( 0.000000000000000000, 1.000000000000000000, 0.000000000000000000 ) ) ;
#956 = CIRCLE ( 'NONE', #56, 0.7937499999999264588 ) ;
#957 = DIRECTION ( 'NONE',  ( -0.9755149445343382908, 0.1736481776669306920, -0.1349700091987881823 ) ) ;
#958 = DIRECTION ( 'NONE',  ( 0.1370521391469131933, 1.561251128379126138E-16, -0.9905638349724136260 ) ) ;
#959 = ORIENTED_EDGE ( 'NONE', *, *, #523, .F. ) ;
#960 = CARTESIAN_POINT ( 'NONE',  ( 734.4469701811551658, 906.8444592881033941, 1326.627531335634785 ) ) ;
#961 = ORIENTED_EDGE ( 'NONE', *, *, #714, .T. ) ;
#962 = CARTESIAN_POINT ( 'NONE',  ( 734.3431657109649677, 901.2794939859855958, 1327.382428040832110 ) ) ;
#963 = LINE ( 'NONE', #517, #235 ) ;
#964 = EDGE_CURVE ( 'NONE', #976, #199, #299, .T. ) ;
#965 = ORIENTED_EDGE ( 'NONE', *, *, #655, .F. ) ;
#966 = CARTESIAN_POINT ( 'NONE',  ( 731.0746309822712874, 906.8444592881033941, 1351.001592699924686 ) ) ;
#967 = ORIENTED_EDGE ( 'NONE', *, *, #964, .T. ) ;
#968 = DIRECTION ( 'NONE',  ( 0.1370521391469134986, 1.075528555105620399E-16, -0.9905638349724137370 ) ) ;
#969 = DIRECTION ( 'NONE',  ( 0.000000000000000000, 1.000000000000000000, 0.000000000000000000 ) ) ;
#970 = B_SPLINE_CURVE_WITH_KNOTS ( 'NONE', 3,
 ( #1000, #640, #602, #1323 ),
 .UNSPECIFIED., .F., .F.,
 ( 4, 4 ),
 ( 0.000000000000000000, 3.231912526408013486E-05 ),
 .UNSPECIFIED. ) ;
#971 = CYLINDRICAL_SURFACE ( 'NONE', #260, 2.000000000000023981 ) ;
#972 = EDGE_CURVE ( 'NONE', #1250, #583, #667, .T. ) ;
#973 = FACE_OUTER_BOUND ( 'NONE', #799, .T. ) ;
#974 = LINE ( 'NONE', #241, #1010 ) ;
#975 = EDGE_CURVE ( 'NONE', #391, #143, #1162, .T. ) ;
#976 = VERTEX_POINT ( 'NONE', #1371 ) ;
#977 = DIRECTION ( 'NONE',  ( 0.000000000000000000, 1.000000000000000000, 0.000000000000000000 ) ) ;
#978 = B_SPLINE_CURVE_WITH_KNOTS ( 'NONE', 3,
 ( #932, #1411, #334, #696 ),
 .UNSPECIFIED., .F., .F.,
 ( 4, 4 ),
 ( 0.000000000000000000, 3.231912526245188681E-05 ),
 .UNSPECIFIED. ) ;
#979 = AXIS2_PLACEMENT_3D ( 'NONE', #126, #1265, #433 ) ;
#980 = CARTESIAN_POINT ( 'NONE',  ( 752.3882117159248537, 895.3627936344900036, 1329.109840344382746 ) ) ;
#981 = AXIS2_PLACEMENT_3D ( 'NONE', #491, #262, #1219 ) ;
#982 = CARTESIAN_POINT ( 'NONE',  ( 735.1244450897166871, 897.3194592881034168, 1327.522576515091941 ) ) ;
#983 = CIRCLE ( 'NONE', #634, 2.000000000000029310 ) ;
#984 = VECTOR ( 'NONE', #250, 1000.000000000000114 ) ;
#985 = DIRECTION ( 'NONE',  ( 0.000000000000000000, 0.000000000000000000, 1.000000000000000000 ) ) ;
#986 = AXIS2_PLACEMENT_3D ( 'NONE', #691, #1169, #342 ) ;
#987 = ORIENTED_EDGE ( 'NONE', *, *, #1270, .F. ) ;
#988 = CARTESIAN_POINT ( 'NONE',  ( 735.1809008705962469, 906.5502382508956316, 1326.729076301665827 ) ) ;
#989 = ORIENTED_EDGE ( 'NONE', *, *, #595, .T. ) ;
#990 = FACE_OUTER_BOUND ( 'NONE', #434, .T. ) ;
#991 = DIRECTION ( 'NONE',  ( -0.000000000000000000, -1.000000000000000000, -0.000000000000000000 ) ) ;
#992 = CARTESIAN_POINT ( 'NONE',  ( 749.0115211116232103, 895.3627936344898899, 1353.515352110433241 ) ) ;
#993 = B_SPLINE_CURVE_WITH_KNOTS ( 'NONE', 3,
 ( #88, #1048, #327, #1286 ),
 .UNSPECIFIED., .F., .F.,
 ( 4, 4 ),
 ( -1.438846856715383937E-05, 9.420000289930723135E-05 ),
 .UNSPECIFIED. ) ;
#994 = VERTEX_POINT ( 'NONE', #59 ) ;
#995 = DIRECTION ( 'NONE',  ( 0.000000000000000000, 1.000000000000000000, 0.000000000000000000 ) ) ;
#996 = ADVANCED_FACE ( 'NONE', ( #179 ), #1274, .T. ) ;
#997 = ORIENTED_EDGE ( 'NONE', *, *, #1499, .F. ) ;
#998 = CARTESIAN_POINT ( 'NONE',  ( 774.3303800304620381, 898.9802959101074293, 1357.018411330924891 ) ) ;
#999 = ADVANCED_FACE ( 'NONE', ( #889 ), #1130, .T. ) ;
#1000 = CARTESIAN_POINT ( 'NONE',  ( 731.0746309822712874, 902.2815318095878183, 1351.001592699924686 ) ) ;
#1001 = CARTESIAN_POINT ( 'NONE',  ( 748.3455067411481423, 906.8444592881033941, 1365.172076189226345 ) ) ;
#1002 = ORIENTED_EDGE ( 'NONE', *, *, #71, .F. ) ;
#1003 = FACE_OUTER_BOUND ( 'NONE', #65, .T. ) ;
#1004 = VERTEX_POINT ( 'NONE', #544 ) ;
#1005 = CYLINDRICAL_SURFACE ( 'NONE', #527, 0.7619999999999713669 ) ;
#1006 = AXIS2_PLACEMENT_3D ( 'NONE', #139, #22, #985 ) ;
#1007 = AXIS2_PLACEMENT_3D ( 'NONE', #1144, #1546, #1438 ) ;
#1008 = DIRECTION ( 'NONE',  ( 0.000000000000000000, 1.000000000000000000, 0.000000000000000000 ) ) ;
#1009 = CIRCLE ( 'NONE', #1035, 4.000499999999969525 ) ;
#1010 = VECTOR ( 'NONE', #247, 1000.000000000000000 ) ;
#1011 = ORIENTED_EDGE ( 'NONE', *, *, #393, .T. ) ;
#1012 = CARTESIAN_POINT ( 'NONE',  ( 734.3413851705008710, 902.2837467203295319, 1327.392353939454779 ) ) ;
#1013 = ORIENTED_EDGE ( 'NONE', *, *, #1046, .T. ) ;
#1014 = CARTESIAN_POINT ( 'NONE',  ( 748.3455067411481423, 906.8444592881033941, 1365.172076189226345 ) ) ;
#1015 = EDGE_CURVE ( 'NONE', #1159, #464, #772, .T. ) ;
#1016 = DIRECTION ( 'NONE',  ( 0.002062482626359825148, 0.02379885420827211259, -0.9997146396366262122 ) ) ;
#1017 = ADVANCED_FACE ( 'NONE', ( #420 ), #1027, .F. ) ;
#1018 = ORIENTED_EDGE ( 'NONE', *, *, #184, .F. ) ;
#1019 = CARTESIAN_POINT ( 'NONE',  ( 697.0801082456271160, 902.0819592881034623, 1397.195598855966637 ) ) ;
#1020 = B_SPLINE_CURVE_WITH_KNOTS ( 'NONE', 3,
 ( #1324, #740, #1214, #831 ),
 .UNSPECIFIED., .F., .F.,
 ( 4, 4 ),
 ( 0.001188889260694852906, 0.001297312898081045629 ),
 .UNSPECIFIED. ) ;
#1021 = ORIENTED_EDGE ( 'NONE', *, *, #318, .T. ) ;
#1022 = CARTESIAN_POINT ( 'NONE',  ( 738.2150368969985266, 897.0933684651108706, 1327.918131253297588 ) ) ;
#1023 = DIRECTION ( 'NONE',  ( 0.000000000000000000, 0.000000000000000000, 1.000000000000000000 ) ) ;
#1024 = DIRECTION ( 'NONE',  ( 0.1370521391469133876, 1.249000902703301108E-16, -0.9905638349724137370 ) ) ;
#1025 = EDGE_CURVE ( 'NONE', #436, #908, #1500, .T. ) ;
#1026 = VERTEX_POINT ( 'NONE', #73 ) ;
#1027 = PLANE ( 'NONE',  #705 ) ;
#1028 = EDGE_LOOP ( 'NONE', ( #1291, #890, #38, #419 ) ) ;
#1029 = CARTESIAN_POINT ( 'NONE',  ( 752.5309511933702424, 897.3194592881034168, 1329.129589450935555 ) ) ;
#1030 = B_SPLINE_CURVE_WITH_KNOTS ( 'NONE', 3,
 ( #556, #785, #656, #69, #194, #54, #910, #916, #185, #201 ),
 .UNSPECIFIED., .F., .F.,
 ( 4, 2, 2, 2, 4 ),
 ( -1.438846856707926828E-05, 0.0002921527334639212759, 0.0005986939354949218388, 0.0009052351375259224016, 0.001211776339556923073 ),
 .UNSPECIFIED. ) ;
#1031 = AXIS2_PLACEMENT_3D ( 'NONE', #319, #1520, #925 ) ;
#1032 = DIRECTION ( 'NONE',  ( 0.1370521391469133876, 1.249000902703301108E-16, -0.9905638349724137370 ) ) ;
#1033 = AXIS2_PLACEMENT_3D ( 'NONE', #867, #751, #1358 ) ;
#1034 = ORIENTED_EDGE ( 'NONE', *, *, #1125, .T. ) ;
#1035 = AXIS2_PLACEMENT_3D ( 'NONE', #1289, #937, #225 ) ;
#1036 = LINE ( 'NONE', #1510, #731 ) ;
#1037 =( GEOMETRIC_REPRESENTATION_CONTEXT ( 3 ) GLOBAL_UNCERTAINTY_ASSIGNED_CONTEXT ( ( #1326 ) ) GLOBAL_UNIT_ASSIGNED_CONTEXT ( ( #1126, #78, #541 ) ) REPRESENTATION_CONTEXT ( 'NONE', 'WORKASPACE' ) );
#1038 = EDGE_CURVE ( 'NONE', #1188, #1464, #983, .T. ) ;
#1039 = VERTEX_POINT ( 'NONE', #550 ) ;
#1040 = DIRECTION ( 'NONE',  ( -0.1370521391469134154, -1.214306433183765213E-16, 0.9905638349724137370 ) ) ;
#1041 = CARTESIAN_POINT ( 'NONE',  ( 739.1386663699157680, 901.7835153888315745, 1327.276663654215099 ) ) ;
#1042 = ORIENTED_EDGE ( 'NONE', *, *, #879, .T. ) ;
#1043 = CARTESIAN_POINT ( 'NONE',  ( 749.7273017676000109, 906.8444592881033941, 1355.184956038692235 ) ) ;
#1044 = ORIENTED_EDGE ( 'NONE', *, *, #830, .T. ) ;
#1045 = DIRECTION ( 'NONE',  ( -0.9755149445343386239, 0.1736481776669053512, -0.1349700091988187967 ) ) ;
#1046 = EDGE_CURVE ( 'NONE', #441, #662, #820, .T. ) ;
#1047 = EDGE_CURVE ( 'NONE', #1165, #436, #1036, .T. ) ;
#1048 = CARTESIAN_POINT ( 'NONE',  ( 735.1973952536475281, 902.4602070981363795, 1326.731358426654879 ) ) ;
#1049 = CARTESIAN_POINT ( 'NONE',  ( 737.0920374044884511, 902.0819592881032349, 1329.719217113998411 ) ) ;
#1050 = ORIENTED_EDGE ( 'NONE', *, *, #457, .F. ) ;
#1051 = CARTESIAN_POINT ( 'NONE',  ( 734.4469701811551658, 902.2815318095888415, 1326.627531335635013 ) ) ;
#1052 = VERTEX_POINT ( 'NONE', #905 ) ;
#1053 = LINE ( 'NONE', #1525, #352 ) ;
#1054 = CARTESIAN_POINT ( 'NONE',  ( 731.3739158026935456, 902.4403862219373877, 1351.745553796261220 ) ) ;
#1055 = ORIENTED_EDGE ( 'NONE', *, *, #1187, .T. ) ;
#1056 = DIRECTION ( 'NONE',  ( 0.9905638349724136260, -0.000000000000000000, 0.1370521391469134709 ) ) ;
#1057 = CIRCLE ( 'NONE', #186, 0.7619999999999561568 ) ;
#1058 = VERTEX_POINT ( 'NONE', #309 ) ;
#1059 = DIRECTION ( 'NONE',  ( 0.9905638349724136260, 0.000000000000000000, 0.1370521391469134709 ) ) ;
#1060 = VECTOR ( 'NONE', #1084, 1000.000000000000114 ) ;
#1061 = DIRECTION ( 'NONE',  ( 0.000000000000000000, -1.000000000000000000, -0.000000000000000000 ) ) ;
#1062 = EDGE_CURVE ( 'NONE', #1296, #42, #897, .T. ) ;
#1063 = VERTEX_POINT ( 'NONE', #1393 ) ;
#1064 = LINE ( 'NONE', #948, #780 ) ;
#1065 = EDGE_CURVE ( 'NONE', #908, #994, #315, .T. ) ;
#1066 = ORIENTED_EDGE ( 'NONE', *, *, #261, .T. ) ;
#1067 = CARTESIAN_POINT ( 'NONE',  ( 734.3896186947582692, 902.3453823185182046, 1327.208972093101920 ) ) ;
#1068 = CARTESIAN_POINT ( 'NONE',  ( 610.0917116788812109, 902.0819592881034623, 1276.272076189226254 ) ) ;
#1069 = ADVANCED_FACE ( 'NONE', ( #1003 ), #406, .T. ) ;
#1070 = DIRECTION ( 'NONE',  ( 0.000000000000000000, -1.000000000000000000, 0.000000000000000000 ) ) ;
#1071 = EDGE_LOOP ( 'NONE', ( #219, #90, #122, #298 ) ) ;
#1072 = FACE_OUTER_BOUND ( 'NONE', #425, .T. ) ;
#1073 = DIRECTION ( 'NONE',  ( -0.000000000000000000, -1.000000000000000000, -0.000000000000000000 ) ) ;
#1074 = CARTESIAN_POINT ( 'NONE',  ( 739.1386663699157680, 901.7835153888315745, 1327.276663654215099 ) ) ;
#1075 = CARTESIAN_POINT ( 'NONE',  ( 738.4505419458904498, 897.8437919729061605, 1327.181456337955069 ) ) ;
#1076 = VERTEX_POINT ( 'NONE', #1157 ) ;
#1077 = VECTOR ( 'NONE', #1384, 1000.000000000000000 ) ;
#1078 = AXIS2_PLACEMENT_3D ( 'NONE', #200, #675, #554 ) ;
#1079 = ADVANCED_FACE ( 'NONE', ( #1523 ), #344, .F. ) ;
#1080 = CARTESIAN_POINT ( 'NONE',  ( 734.3381850457072915, 901.2854989680754443, 1327.413791379643953 ) ) ;
#1081 = CARTESIAN_POINT ( 'NONE',  ( 749.0498268590386033, 897.3194592881034168, 1354.289910859234851 ) ) ;
#1082 = CIRCLE ( 'NONE', #188, 4.762500000000013500 ) ;
#1083 = CARTESIAN_POINT ( 'NONE',  ( 673.7568512870910808, 901.6723471730292658, 1365.172076189226345 ) ) ;
#1084 = DIRECTION ( 'NONE',  ( 0.1370521391469142758, 0.000000000000000000, -0.9905638349724135150 ) ) ;
#1085 = ORIENTED_EDGE ( 'NONE', *, *, #534, .T. ) ;
#1086 = VERTEX_POINT ( 'NONE', #800 ) ;
#1087 = DIRECTION ( 'NONE',  ( -0.1370521391469812500, 0.000000000000000000, 0.9905638349724041891 ) ) ;
#1088 = ADVANCED_FACE ( 'NONE', ( #468 ), #99, .T. ) ;
#1089 = PLANE ( 'NONE',  #432 ) ;
#1090 = EDGE_CURVE ( 'NONE', #686, #1100, #1009, .T. ) ;
#1091 = CARTESIAN_POINT ( 'NONE',  ( 748.3455067411481423, 906.8444592881033941, 1365.172076189226345 ) ) ;
#1092 = CARTESIAN_POINT ( 'NONE',  ( 690.8803735032330451, 897.3194592881034168, 1365.172076189226345 ) ) ;
#1093 = ORIENTED_EDGE ( 'NONE', *, *, #232, .T. ) ;
#1094 = DIRECTION ( 'NONE',  ( 0.000000000000000000, 0.000000000000000000, 1.000000000000000000 ) ) ;
#1095 = ORIENTED_EDGE ( 'NONE', *, *, #439, .F. ) ;
#1096 = DIRECTION ( 'NONE',  ( 0.1370521391469812500, 0.000000000000000000, -0.9905638349724041891 ) ) ;
#1097 = DIRECTION ( 'NONE',  ( 0.000000000000000000, 0.000000000000000000, 1.000000000000000000 ) ) ;
#1098 = LINE ( 'NONE', #386, #877 ) ;
#1099 = LINE ( 'NONE', #1075, #532 ) ;
#1100 = VERTEX_POINT ( 'NONE', #700 ) ;
#1101 = FACE_OUTER_BOUND ( 'NONE', #1118, .T. ) ;
#1102 = AXIS2_PLACEMENT_3D ( 'NONE', #177, #293, #1259 ) ;
#1103 = VERTEX_POINT ( 'NONE', #332 ) ;
#1104 = CARTESIAN_POINT ( 'NONE',  ( 777.6026369047339131, 898.9802959101074293, 1333.367709207123653 ) ) ;
#1105 = VECTOR ( 'NONE', #1395, 1000.000000000000000 ) ;
#1106 = DIRECTION ( 'NONE',  ( 0.000000000000000000, 1.000000000000000000, 0.000000000000000000 ) ) ;
#1107 = AXIS2_PLACEMENT_3D ( 'NONE', #514, #884, #788 ) ;
#1108 = CARTESIAN_POINT ( 'NONE',  ( 739.8534283827730178, 906.4736623125521646, 1328.144815339630668 ) ) ;
#1109 = ADVANCED_FACE ( 'NONE', ( #678 ), #822, .F. ) ;
#1110 = EDGE_LOOP ( 'NONE', ( #1229, #303, #961, #458 ) ) ;
#1111 = CARTESIAN_POINT ( 'NONE',  ( 694.2849617871152077, 896.4539953428352419, 1365.172076189226345 ) ) ;
#1112 = EDGE_CURVE ( 'NONE', #1086, #1026, #582, .T. ) ;
#1113 = ORIENTED_EDGE ( 'NONE', *, *, #1362, .T. ) ;
#1114 = CARTESIAN_POINT ( 'NONE',  ( 673.5917116788810972, 902.0819592881034623, 1365.172076189226345 ) ) ;
#1115 = CARTESIAN_POINT ( 'NONE',  ( 752.6397363288181168, 897.3194592881034168, 1329.137079406926205 ) ) ;
#1116 = DIRECTION ( 'NONE',  ( -0.9755149445343392900, 0.1736481776669248633, -0.1349700091987883210 ) ) ;
#1117 = VERTEX_POINT ( 'NONE', #463 ) ;
#1118 = EDGE_LOOP ( 'NONE', ( #936, #1013, #1034, #765, #345, #781 ) ) ;
#1119 = CARTESIAN_POINT ( 'NONE',  ( 731.7521058908328087, 906.8444592881033941, 1351.896637879382070 ) ) ;
#1120 = CARTESIAN_POINT ( 'NONE',  ( 748.9070873815932146, 895.3627936344898899, 1354.270161752682270 ) ) ;
#1121 = ORIENTED_EDGE ( 'NONE', *, *, #1015, .F. ) ;
#1122 = CARTESIAN_POINT ( 'NONE',  ( 737.5991303193322892, 902.0819592881034623, 1326.054130924600031 ) ) ;
#1123 = ORIENTED_EDGE ( 'NONE', *, *, #248, .T. ) ;
#1124 = DIRECTION ( 'NONE',  ( 0.1370521391469139427, 2.775557561562891967E-17, -0.9905638349724136260 ) ) ;
#1125 = EDGE_CURVE ( 'NONE', #662, #5, #1415, .T. ) ;
#1126 =( LENGTH_UNIT ( ) NAMED_UNIT ( * ) SI_UNIT ( .MILLI., .METRE. ) );
#1127 = VECTOR ( 'NONE', #1469, 1000.000000000000000 ) ;
#1128 = CIRCLE ( 'NONE', #1505, 4.762500000000013500 ) ;
#1129 = DIRECTION ( 'NONE',  ( -0.9755149445343391790, 0.1736481776669248633, -0.1349700091987885431 ) ) ;
#1130 = TOROIDAL_SURFACE ( 'NONE', #1506, 4.000500000000000611, 0.7620000000000000107 ) ;
#1131 = AXIS2_PLACEMENT_3D ( 'NONE', #220, #694, #615 ) ;
#1132 = VERTEX_POINT ( 'NONE', #571 ) ;
#1133 = DIRECTION ( 'NONE',  ( -0.1370521391469134154, -1.214306433183765213E-16, 0.9905638349724137370 ) ) ;
#1134 = ORIENTED_EDGE ( 'NONE', *, *, #578, .T. ) ;
#1135 = DIRECTION ( 'NONE',  ( -0.1370521391469134154, -1.214306433183765213E-16, 0.9905638349724137370 ) ) ;
#1136 = EDGE_CURVE ( 'NONE', #1464, #1188, #661, .T. ) ;
#1137 = EDGE_CURVE ( 'NONE', #653, #1470, #1260, .T. ) ;
#1138 = CARTESIAN_POINT ( 'NONE',  ( 674.0229447007366161, 901.6047048514381004, 1365.172076189226345 ) ) ;
#1139 = VERTEX_POINT ( 'NONE', #1295 ) ;
#1140 = CARTESIAN_POINT ( 'NONE',  ( 734.3893960274608617, 901.2217754530335014, 1327.209443757951476 ) ) ;
#1141 = ORIENTED_EDGE ( 'NONE', *, *, #697, .F. ) ;
#1142 = FACE_OUTER_BOUND ( 'NONE', #129, .T. ) ;
#1143 = APPLICATION_PROTOCOL_DEFINITION ( 'draft international standard', 'automotive_design', 1998, #20 ) ;
#1144 = CARTESIAN_POINT ( 'NONE',  ( 695.7156193215250823, 902.0819592881034623, 1398.170233801753966 ) ) ;
#1145 = EDGE_CURVE ( 'NONE', #1159, #1319, #1064, .T. ) ;
#1146 = EDGE_LOOP ( 'NONE', ( #734, #1357, #689, #866, #883, #15, #371 ) ) ;
#1147 = DIRECTION ( 'NONE',  ( 0.000000000000000000, 0.000000000000000000, -1.000000000000000000 ) ) ;
#1148 = ORIENTED_EDGE ( 'NONE', *, *, #12, .T. ) ;
#1149 = LINE ( 'NONE', #531, #1382 ) ;
#1150 = CARTESIAN_POINT ( 'NONE',  ( 0.000000000000000000, 0.000000000000000000, 0.000000000000000000 ) ) ;
#1151 = VECTOR ( 'NONE', #171, 1000.000000000000114 ) ;
#1152 = CARTESIAN_POINT ( 'NONE',  ( 760.6455067411483242, 906.8444592881033941, 1276.272076189226254 ) ) ;
#1153 = VECTOR ( 'NONE', #540, 1000.000000000000114 ) ;
#1154 = ORIENTED_EDGE ( 'NONE', *, *, #598, .F. ) ;
#1155 = CIRCLE ( 'NONE', #1107, 0.7937499999999264588 ) ;
#1156 = ADVANCED_FACE ( 'NONE', ( #1424 ), #1539, .F. ) ;
#1157 = CARTESIAN_POINT ( 'NONE',  ( 674.0229447007366161, 902.5592137247688242, 1365.172076189226345 ) ) ;
#1158 = VECTOR ( 'NONE', #276, 1000.000000000000227 ) ;
#1159 = VERTEX_POINT ( 'NONE', #832 ) ;
#1160 = EDGE_CURVE ( 'NONE', #1327, #1494, #84, .T. ) ;
#1161 = LINE ( 'NONE', #207, #1153 ) ;
#1162 = B_SPLINE_CURVE_WITH_KNOTS ( 'NONE', 3,
 ( #646, #1365, #1140, #1246, #766, #50, #66, #1262 ),
 .UNSPECIFIED., .F., .F.,
 ( 4, 2, 2, 4 ),
 ( 7.113130901370314223E-05, 0.0003505707969341603455, 0.0006300102848546176165, 0.001188889260694852906 ),
 .UNSPECIFIED. ) ;
#1163 = LINE ( 'NONE', #1314, #1508 ) ;
#1164 = CARTESIAN_POINT ( 'NONE',  ( 610.0917116788812109, 902.0819592881034623, 1276.272076189226254 ) ) ;
#1165 = VERTEX_POINT ( 'NONE', #205 ) ;
#1166 = CARTESIAN_POINT ( 'NONE',  ( 749.8360869030479989, 897.3194592881034168, 1354.398695994682839 ) ) ;
#1167 = EDGE_LOOP ( 'NONE', ( #815, #1093, #1423, #215 ) ) ;
#1168 = LINE ( 'NONE', #1183, #183 ) ;
#1169 = DIRECTION ( 'NONE',  ( 0.1370521391469139427, 2.775557561562891351E-17, -0.9905638349724135150 ) ) ;
#1170 = DIRECTION ( 'NONE',  ( -0.9905638349724136260, -0.000000000000000000, -0.1370521391469141648 ) ) ;
#1171 = ORIENTED_EDGE ( 'NONE', *, *, #764, .F. ) ;
#1172 = DIRECTION ( 'NONE',  ( 0.000000000000000000, 0.000000000000000000, 1.000000000000000000 ) ) ;
#1173 = EDGE_LOOP ( 'NONE', ( #789, #873, #1311, #413 ) ) ;
#1174 = PLANE ( 'NONE',  #529 ) ;
#1175 = ADVANCED_FACE ( 'NONE', ( #442 ), #1408, .F. ) ;
#1176 = CARTESIAN_POINT ( 'NONE',  ( 735.2332302251645615, 897.3194592881034168, 1326.736316471082546 ) ) ;
#1177 = ADVANCED_FACE ( 'NONE', ( #1282 ), #214, .F. ) ;
#1178 = ORIENTED_EDGE ( 'NONE', *, *, #1047, .T. ) ;
#1179 = CARTESIAN_POINT ( 'NONE',  ( 731.8594282300044824, 902.4781949235881484, 1351.142227898465762 ) ) ;
#1180 = VECTOR ( 'NONE', #720, 1000.000000000000000 ) ;
#1181 = VECTOR ( 'NONE', #1056, 1000.000000000000114 ) ;
#1182 = ORIENTED_EDGE ( 'NONE', *, *, #652, .F. ) ;
#1183 = CARTESIAN_POINT ( 'NONE',  ( 608.6455067411483242, 897.3194592881034168, 1276.272076189226254 ) ) ;
#1184 = CIRCLE ( 'NONE', #1, 0.7937499999999264588 ) ;
#1185 = VECTOR ( 'NONE', #263, 1000.000000000000000 ) ;
#1186 = FACE_OUTER_BOUND ( 'NONE', #448, .T. ) ;
#1187 = EDGE_CURVE ( 'NONE', #1349, #1139, #881, .T. ) ;
#1188 = VERTEX_POINT ( 'NONE', #272 ) ;
#1189 = DIRECTION ( 'NONE',  ( 0.9905638349724098513, 0.000000000000000000, 0.1370521391469405881 ) ) ;
#1190 = ORIENTED_EDGE ( 'NONE', *, *, #1204, .T. ) ;
#1191 = DIRECTION ( 'NONE',  ( 0.1370521391469812500, 0.000000000000000000, -0.9905638349724041891 ) ) ;
#1192 = DIRECTION ( 'NONE',  ( 0.9755149445343391790, -0.1736481776669248633, 0.1349700091987885431 ) ) ;
#1193 = CARTESIAN_POINT ( 'NONE',  ( 610.2568512870913082, 901.6723471730292658, 1276.272076189226482 ) ) ;
#1194 = CARTESIAN_POINT ( 'NONE',  ( 734.4469701811551658, 906.8444592881033941, 1326.627531335634785 ) ) ;
#1195 = EDGE_CURVE ( 'NONE', #908, #1039, #1099, .T. ) ;
#1196 = VERTEX_POINT ( 'NONE', #121 ) ;
#1197 = PLANE ( 'NONE',  #431 ) ;
#1198 = CARTESIAN_POINT ( 'NONE',  ( 610.0917116788812109, 902.3088080091589518, 1276.272076189226482 ) ) ;
#1199 =( BOUNDED_CURVE ( )  B_SPLINE_CURVE ( 3, ( #1465, #846, #637, #363 ),
 .UNSPECIFIED., .F., .F. ) 
 B_SPLINE_CURVE_WITH_KNOTS ( ( 4, 4 ),
 ( 5.015176959055260397, 6.283185307179586232 ),
 .UNSPECIFIED. ) 
 CURVE ( )  GEOMETRIC_REPRESENTATION_ITEM ( )  RATIONAL_B_SPLINE_CURVE ( ( 1.000000000000000000, 0.8704413324986403078, 0.8704413324986403078, 1.000000000000000000 ) ) 
 REPRESENTATION_ITEM ( '' )  );
#1200 = DIRECTION ( 'NONE',  ( -0.1370521391469142758, 0.000000000000000000, 0.9905638349724135150 ) ) ;
#1201 = CARTESIAN_POINT ( 'NONE',  ( 673.5917116788810972, 901.8551105670480865, 1365.172076189226345 ) ) ;
#1202 = CARTESIAN_POINT ( 'NONE',  ( 752.5309511933702424, 903.4618133755418512, 1329.129589450935555 ) ) ;
#1203 = PRODUCT_DEFINITION_CONTEXT ( 'detailed design', #396, 'design' ) ;
#1204 = EDGE_CURVE ( 'NONE', #1379, #381, #6, .T. ) ;
#1205 = ORIENTED_EDGE ( 'NONE', *, *, #855, .F. ) ;
#1206 = VECTOR ( 'NONE', #1309, 1000.000000000000000 ) ;
#1207 = LINE ( 'NONE', #960, #233 ) ;
#1208 = AXIS2_PLACEMENT_3D ( 'NONE', #243, #346, #1536 ) ;
#1209 = EDGE_CURVE ( 'NONE', #190, #1379, #1548, .T. ) ;
#1210 = VERTEX_POINT ( 'NONE', #966 ) ;
#1211 = CYLINDRICAL_SURFACE ( 'NONE', #1455, 0.7619999999999713669 ) ;
#1212 = CARTESIAN_POINT ( 'NONE',  ( 749.0498268590386033, 897.3194592881034168, 1354.289910859234851 ) ) ;
#1213 = VECTOR ( 'NONE', #255, 1000.000000000000000 ) ;
#1214 = CARTESIAN_POINT ( 'NONE',  ( 735.1974496500718033, 901.1068217946813093, 1326.731365952819488 ) ) ;
#1215 = DIRECTION ( 'NONE',  ( -0.9755149445343382908, 0.1736481776669299981, -0.1349700091987899586 ) ) ;
#1216 = ORIENTED_EDGE ( 'NONE', *, *, #972, .T. ) ;
#1217 = CARTESIAN_POINT ( 'NONE',  ( 697.0801082456271160, 902.0819592881034623, 1397.195598855966637 ) ) ;
#1218 = VERTEX_POINT ( 'NONE', #1092 ) ;
#1219 = DIRECTION ( 'NONE',  ( 0.000000000000000000, 0.000000000000000000, 1.000000000000000000 ) ) ;
#1220 = LINE ( 'NONE', #40, #805 ) ;
#1221 = CARTESIAN_POINT ( 'NONE',  ( 627.3803735032331588, 906.8444592881033941, 1276.272076189226254 ) ) ;
#1222 = LINE ( 'NONE', #1194, #758 ) ;
#1223 = ORIENTED_EDGE ( 'NONE', *, *, #568, .F. ) ;
#1224 = CYLINDRICAL_SURFACE ( 'NONE', #1237, 0.4999999999999873990 ) ;
#1225 = DIRECTION ( 'NONE',  ( -0.9755149445343384018, 0.1736481776669306920, -0.1349700091987874884 ) ) ;
#1226 = CARTESIAN_POINT ( 'NONE',  ( 753.4259963728275125, 906.8444592881033941, 1328.452114542374147 ) ) ;
#1227 = EDGE_CURVE ( 'NONE', #1218, #919, #361, .T. ) ;
#1228 = ADVANCED_FACE ( 'NONE', ( #23 ), #863, .F. ) ;
#1229 = ORIENTED_EDGE ( 'NONE', *, *, #232, .F. ) ;
#1230 = ORIENTED_EDGE ( 'NONE', *, *, #123, .T. ) ;
#1231 = CARTESIAN_POINT ( 'NONE',  ( 731.0746309822712874, 897.3194592881034168, 1351.001592699924686 ) ) ;
#1232 = VECTOR ( 'NONE', #218, 1000.000000000000114 ) ;
#1233 = ORIENTED_EDGE ( 'NONE', *, *, #62, .T. ) ;
#1234 = FACE_OUTER_BOUND ( 'NONE', #1410, .T. ) ;
#1235 = VECTOR ( 'NONE', #1541, 1000.000000000000000 ) ;
#1236 = DIRECTION ( 'NONE',  ( 0.000000000000000000, 1.000000000000000000, 0.000000000000000000 ) ) ;
#1237 = AXIS2_PLACEMENT_3D ( 'NONE', #1217, #1355, #626 ) ;
#1238 = LINE ( 'NONE', #164, #499 ) ;
#1239 = ORIENTED_EDGE ( 'NONE', *, *, #1499, .T. ) ;
#1240 = PLANE ( 'NONE',  #105 ) ;
#1241 = ORIENTED_EDGE ( 'NONE', *, *, #1137, .T. ) ;
#1242 = CARTESIAN_POINT ( 'NONE',  ( 702.0449662006077460, 902.0819592881034623, 1407.031319432469445 ) ) ;
#1243 = LINE ( 'NONE', #1001, #1450 ) ;
#1244 = ORIENTED_EDGE ( 'NONE', *, *, #213, .T. ) ;
#1245 = EDGE_CURVE ( 'NONE', #1413, #1210, #1222, .T. ) ;
#1246 = CARTESIAN_POINT ( 'NONE',  ( 734.4795228220833678, 901.1817534878690594, 1327.050957477914835 ) ) ;
#1247 = ORIENTED_EDGE ( 'NONE', *, *, #393, .F. ) ;
#1248 = CARTESIAN_POINT ( 'NONE',  ( 703.2881345792541197, 902.5592137247688242, 1406.143342019150623 ) ) ;
#1249 = DIRECTION ( 'NONE',  ( -0.9755149445343386239, 0.1736481776669053512, -0.1349700091988187967 ) ) ;
#1250 = VERTEX_POINT ( 'NONE', #1202 ) ;
#1251 = DIRECTION ( 'NONE',  ( -0.9755149445343382908, 0.1736481776669306920, -0.1349700091987882100 ) ) ;
#1252 = EDGE_CURVE ( 'NONE', #724, #83, #1434, .T. ) ;
#1253 = ORIENTED_EDGE ( 'NONE', *, *, #1252, .T. ) ;
#1254 = CARTESIAN_POINT ( 'NONE',  ( 735.7619757656141246, 901.7835153888315745, 1351.682175420265366 ) ) ;
#1255 = CLOSED_SHELL ( 'NONE', ( #1109, #277, #746, #1417, #784, #1156, #1088 ) ) ;
#1256 = EDGE_CURVE ( 'NONE', #26, #1341, #14, .T. ) ;
#1257 = DIRECTION ( 'NONE',  ( 1.000000000000000000, 0.000000000000000000, 0.000000000000000000 ) ) ;
#1258 = CIRCLE ( 'NONE', #929, 2.000000000000023981 ) ;
#1259 = DIRECTION ( 'NONE',  ( 0.1370521391469812500, 0.000000000000000000, -0.9905638349724041891 ) ) ;
#1260 = CIRCLE ( 'NONE', #1426, 0.7620000000000474172 ) ;
#1261 = ORIENTED_EDGE ( 'NONE', *, *, #588, .T. ) ;
#1262 = CARTESIAN_POINT ( 'NONE',  ( 735.1244450897168008, 901.1096926219336183, 1326.728826515092123 ) ) ;
#1263 = ORIENTED_EDGE ( 'NONE', *, *, #457, .T. ) ;
#1264 = CARTESIAN_POINT ( 'NONE',  ( 735.2332302251645615, 901.1055819916963401, 1326.736316471082546 ) ) ;
#1265 = DIRECTION ( 'NONE',  ( 0.1370521391469139427, 2.775557561562891351E-17, -0.9905638349724135150 ) ) ;
#1266 = ORIENTED_EDGE ( 'NONE', *, *, #855, .T. ) ;
#1267 = CARTESIAN_POINT ( 'NONE',  ( 734.4469701811551658, 897.3194592881034168, 1326.627531335634785 ) ) ;
#1268 = ORIENTED_EDGE ( 'NONE', *, *, #116, .T. ) ;
#1269 = DIRECTION ( 'NONE',  ( -0.1370521391469131933, -1.561251128379126138E-16, 0.9905638349724136260 ) ) ;
#1270 = EDGE_CURVE ( 'NONE', #1516, #724, #378, .T. ) ;
#1271 = CARTESIAN_POINT ( 'NONE',  ( 749.8360869030479989, 897.3194592881034168, 1354.398695994682839 ) ) ;
#1272 = EDGE_CURVE ( 'NONE', #268, #543, #974, .T. ) ;
#1273 = ORIENTED_EDGE ( 'NONE', *, *, #868, .T. ) ;
#1274 = CYLINDRICAL_SURFACE ( 'NONE', #1361, 0.4999999999999873990 ) ;
#1275 = ORIENTED_EDGE ( 'NONE', *, *, #320, .T. ) ;
#1276 = CARTESIAN_POINT ( 'NONE',  ( 752.5309511933702424, 906.8444592881033941, 1329.129589450935555 ) ) ;
#1277 = VECTOR ( 'NONE', #880, 1000.000000000000114 ) ;
#1278 = FACE_OUTER_BOUND ( 'NONE', #581, .T. ) ;
#1279 = AXIS2_PLACEMENT_3D ( 'NONE', #144, #1322, #612 ) ;
#1280 = ORIENTED_EDGE ( 'NONE', *, *, #1351, .T. ) ;
#1281 = CIRCLE ( 'NONE', #1333, 0.7619999999999713669 ) ;
#1282 = FACE_OUTER_BOUND ( 'NONE', #197, .T. ) ;
#1283 = PRESENTATION_LAYER_ASSIGNMENT (  '', '', ( #504 ) ) ;
#1284 = ORIENTED_EDGE ( 'NONE', *, *, #975, .T. ) ;
#1285 = DIRECTION ( 'NONE',  ( -0.9755149445343391790, 0.1736481776669248633, -0.1349700091987885431 ) ) ;
#1286 = CARTESIAN_POINT ( 'NONE',  ( 735.1244450897165734, 902.4573381557296443, 1326.728826515092123 ) ) ;
#1287 = CARTESIAN_POINT ( 'NONE',  ( 731.0116521122394033, 902.6105148349703313, 1351.794190393705094 ) ) ;
#1288 = ORIENTED_EDGE ( 'NONE', *, *, #94, .F. ) ;
#1289 = CARTESIAN_POINT ( 'NONE',  ( 739.1386663699157680, 901.7835153888315745, 1327.276663654215099 ) ) ;
#1290 = ADVANCED_FACE ( 'NONE', ( #723 ), #330, .T. ) ;
#1291 = ORIENTED_EDGE ( 'NONE', *, *, #1454, .T. ) ;
#1292 = DIRECTION ( 'NONE',  ( 0.1370521391469133876, 1.249000902703301108E-16, -0.9905638349724137370 ) ) ;
#1293 = CARTESIAN_POINT ( 'NONE',  ( 652.8444705303737692, 897.3194592881034168, 1398.775686282835977 ) ) ;
#1294 = ORIENTED_EDGE ( 'NONE', *, *, #1245, .T. ) ;
#1295 = CARTESIAN_POINT ( 'NONE',  ( 735.2332302251645615, 906.8444592881033941, 1326.736316471082546 ) ) ;
#1296 = VERTEX_POINT ( 'NONE', #368 ) ;
#1297 = CYLINDRICAL_SURFACE ( 'NONE', #209, 0.7937499999999264588 ) ;
#1298 = EDGE_CURVE ( 'NONE', #1466, #699, #1448, .T. ) ;
#1299 = CARTESIAN_POINT ( 'NONE',  ( 735.1244450897166871, 906.8444592881033941, 1326.728826515092123 ) ) ;
#1300 = VECTOR ( 'NONE', #797, 1000.000000000000000 ) ;
#1301 = ORIENTED_EDGE ( 'NONE', *, *, #1160, .T. ) ;
#1302 = DIRECTION ( 'NONE',  ( 0.000000000000000000, 0.000000000000000000, -1.000000000000000000 ) ) ;
#1303 = VECTOR ( 'NONE', #142, 1000.000000000000000 ) ;
#1304 = EDGE_LOOP ( 'NONE', ( #938, #802, #596, #161 ) ) ;
#1305 = CARTESIAN_POINT ( 'NONE',  ( 738.3461082158604540, 897.8437919729061605, 1327.936265980204098 ) ) ;
#1306 = CIRCLE ( 'NONE', #829, 0.7937499999999264588 ) ;
#1307 = PLANE ( 'NONE',  #453 ) ;
#1308 = EDGE_CURVE ( 'NONE', #2, #446, #707, .T. ) ;
#1309 = DIRECTION ( 'NONE',  ( 0.000000000000000000, 1.000000000000000000, 0.000000000000000000 ) ) ;
#1310 = CARTESIAN_POINT ( 'NONE',  ( 731.0731545138526144, 901.2854989680729432, 1351.012264085478364 ) ) ;
#1311 = ORIENTED_EDGE ( 'NONE', *, *, #844, .F. ) ;
#1312 = FACE_BOUND ( 'NONE', #787, .T. ) ;
#1313 = CARTESIAN_POINT ( 'NONE',  ( 734.3883427165409330, 902.6105148349703313, 1327.388678627655054 ) ) ;
#1314 = CARTESIAN_POINT ( 'NONE',  ( 739.5875175782573479, 906.4736623125521646, 1330.066723512106137 ) ) ;
#1315 = ADVANCED_FACE ( 'NONE', ( #149 ), #1337, .F. ) ;
#1316 = LINE ( 'NONE', #476, #208 ) ;
#1317 = CARTESIAN_POINT ( 'NONE',  ( 672.1455067411482105, 897.3194592881034168, 1365.172076189226345 ) ) ;
#1318 = ADVANCED_FACE ( 'NONE', ( #445 ), #1307, .F. ) ;
#1319 = VERTEX_POINT ( 'NONE', #452 ) ;
#1320 = DIRECTION ( 'NONE',  ( 0.9755149445343392900, -0.1736481776669248633, 0.1349700091987883765 ) ) ;
#1321 = ORIENTED_EDGE ( 'NONE', *, *, #1272, .F. ) ;
#1322 = DIRECTION ( 'NONE',  ( 0.1370521391469141648, 0.000000000000000000, -0.9905638349724136260 ) ) ;
#1323 = CARTESIAN_POINT ( 'NONE',  ( 731.0709088366933202, 902.2875367916775531, 1351.033130164632894 ) ) ;
#1324 = CARTESIAN_POINT ( 'NONE',  ( 735.1244450897168008, 901.1096926219336183, 1326.728826515092123 ) ) ;
#1325 = DIRECTION ( 'NONE',  ( -0.9755149445343392900, 0.1736481776669248633, -0.1349700091987883210 ) ) ;
#1326 = UNCERTAINTY_MEASURE_WITH_UNIT (LENGTH_MEASURE( 1.000000000000000082E-05 ), #1126, 'distance_accuracy_value', 'NONE');
#1327 = VERTEX_POINT ( 'NONE', #819 ) ;
#1328 = CLOSED_SHELL ( 'NONE', ( #1228, #1079, #47, #907, #418, #876, #827, #999, #622, #145, #553, #1521, #338, #1175, #421, #471, #512, #669, #216, #486, #1290, #1485, #996, #462, #1069, #896, #798, #454, #507, #366, #1318, #1414, #1017, #341, #688, #95, #812, #1527, #1177, #755, #438, #1315, #924 ) ) ;
#1329 = DIRECTION ( 'NONE',  ( 0.1370521391469812500, 0.000000000000000000, -0.9905638349724041891 ) ) ;
#1330 = VECTOR ( 'NONE', #796, 1000.000000000000000 ) ;
#1331 = ORIENTED_EDGE ( 'NONE', *, *, #1025, .T. ) ;
#1332 = LINE ( 'NONE', #497, #79 ) ;
#1333 = AXIS2_PLACEMENT_3D ( 'NONE', #133, #1339, #1329 ) ;
#1334 = DIRECTION ( 'NONE',  ( 0.9691759639880593857, -0.2463695411933376767, 0.000000000000000000 ) ) ;
#1335 = CIRCLE ( 'NONE', #82, 0.7937499999999264588 ) ;
#1336 = LINE ( 'NONE', #1345, #1206 ) ;
#1337 = CYLINDRICAL_SURFACE ( 'NONE', #1409, 0.7937499999999264588 ) ;
#1338 = ORIENTED_EDGE ( 'NONE', *, *, #1112, .T. ) ;
#1339 = DIRECTION ( 'NONE',  ( 0.9755149445343382908, -0.1736481776669313026, 0.1349700091987874606 ) ) ;
#1340 = EDGE_CURVE ( 'NONE', #1052, #1004, #711, .T. ) ;
#1341 = VERTEX_POINT ( 'NONE', #1401 ) ;
#1342 = CARTESIAN_POINT ( 'NONE',  ( 736.5811715085013702, 906.4736623125521646, 1351.795517463432134 ) ) ;
#1343 = EDGE_CURVE ( 'NONE', #388, #441, #1082, .T. ) ;
#1344 = DIRECTION ( 'NONE',  ( -0.5812381937190960191, -0.000000000000000000, -0.8137334712067352260 ) ) ;
#1345 = CARTESIAN_POINT ( 'NONE',  ( 734.3381850457072915, 906.8444592881033941, 1327.413791379643953 ) ) ;
#1346 = CARTESIAN_POINT ( 'NONE',  ( 735.7619757656141246, 901.7835153888315745, 1351.682175420265366 ) ) ;
#1347 = ORIENTED_EDGE ( 'NONE', *, *, #1038, .T. ) ;
#1348 = LINE ( 'NONE', #283, #107 ) ;
#1349 = VERTEX_POINT ( 'NONE', #1299 ) ;
#1350 = CARTESIAN_POINT ( 'NONE',  ( 775.8294059333055657, 890.3504255704614252, 1335.081068020172324 ) ) ;
#1351 = EDGE_CURVE ( 'NONE', #212, #489, #1163, .T. ) ;
#1352 = CARTESIAN_POINT ( 'NONE',  ( 735.1244450897166871, 906.8444592881033941, 1327.522576515091941 ) ) ;
#1353 = CYLINDRICAL_SURFACE ( 'NONE', #1102, 0.7619999999999713669 ) ;
#1354 = ORIENTED_EDGE ( 'NONE', *, *, #1195, .T. ) ;
#1355 = DIRECTION ( 'NONE',  ( -0.5812381937190961301, 0.000000000000000000, -0.8137334712067352260 ) ) ;
#1356 = AXIS2_PLACEMENT_3D ( 'NONE', #722, #786, #63 ) ;
#1357 = ORIENTED_EDGE ( 'NONE', *, *, #44, .T. ) ;
#1358 = DIRECTION ( 'NONE',  ( 0.9755149445343391790, -0.1736481776669248633, 0.1349700091987885431 ) ) ;
#1359 = TOROIDAL_SURFACE ( 'NONE', #1078, 4.000500000000000611, 0.7620000000000000107 ) ;
#1360 = CARTESIAN_POINT ( 'NONE',  ( 749.0115211116232103, 895.3627936344898899, 1353.515352110433241 ) ) ;
#1361 = AXIS2_PLACEMENT_3D ( 'NONE', #1019, #660, #173 ) ;
#1362 = EDGE_CURVE ( 'NONE', #658, #994, #828, .T. ) ;
#1363 = LINE ( 'NONE', #665, #1127 ) ;
#1364 = ORIENTED_EDGE ( 'NONE', *, *, #1389, .F. ) ;
#1365 = CARTESIAN_POINT ( 'NONE',  ( 734.3586078793796332, 901.2466236742762931, 1327.296343281012241 ) ) ;
#1366 = ORIENTED_EDGE ( 'NONE', *, *, #1502, .T. ) ;
#1367 = DIRECTION ( 'NONE',  ( -0.9755149445343265224, 0.1736481776669686061, -0.1349700091988247919 ) ) ;
#1368 = DIRECTION ( 'NONE',  ( 0.9755149445343384018, -0.1736481776669306920, 0.1349700091987880435 ) ) ;
#1369 = EDGE_CURVE ( 'NONE', #461, #681, #335, .T. ) ;
#1370 = ORIENTED_EDGE ( 'NONE', *, *, #1369, .F. ) ;
#1371 = CARTESIAN_POINT ( 'NONE',  ( 734.3381850457072915, 897.3194592881034168, 1327.413791379643953 ) ) ;
#1372 = ORIENTED_EDGE ( 'NONE', *, *, #645, .F. ) ;
#1373 = CARTESIAN_POINT ( 'NONE',  ( 610.5229447007366161, 901.6047048514381004, 1276.272076189226254 ) ) ;
#1374 = CARTESIAN_POINT ( 'NONE',  ( 690.8803735032330451, 906.8444592881033941, 1365.172076189226345 ) ) ;
#1375 = DIRECTION ( 'NONE',  ( 0.9691759639880594968, 0.2463695411933372881, 0.000000000000000000 ) ) ;
#1376 = BREP_WITH_VOIDS ( 'NONE', #1328, ( #349 ) );
#1377 = ORIENTED_EDGE ( 'NONE', *, *, #523, .T. ) ;
#1378 = CARTESIAN_POINT ( 'NONE',  ( 734.3431657109699700, 902.2875367916881260, 1327.382428040804371 ) ) ;
#1379 = VERTEX_POINT ( 'NONE', #836 ) ;
#1380 = FACE_OUTER_BOUND ( 'NONE', #864, .T. ) ;
#1381 = CIRCLE ( 'NONE', #128, 0.7619999999999713669 ) ;
#1382 = VECTOR ( 'NONE', #416, 1000.000000000000114 ) ;
#1383 = VECTOR ( 'NONE', #337, 1000.000000000000114 ) ;
#1384 = DIRECTION ( 'NONE',  ( -0.5812381937190961301, -0.000000000000000000, -0.8137334712067352260 ) ) ;
#1385 = ORIENTED_EDGE ( 'NONE', *, *, #1449, .T. ) ;
#1386 = CARTESIAN_POINT ( 'NONE',  ( 734.9427800227268790, 897.0933684651108706, 1351.568833377098827 ) ) ;
#1387 = ORIENTED_EDGE ( 'NONE', *, *, #631, .T. ) ;
#1388 = DIRECTION ( 'NONE',  ( -0.000000000000000000, -1.000000000000000000, -0.000000000000000000 ) ) ;
#1389 = EDGE_CURVE ( 'NONE', #994, #1063, #1184, .T. ) ;
#1390 = EDGE_CURVE ( 'NONE', #237, #110, #993, .T. ) ;
#1391 = DIRECTION ( 'NONE',  ( -0.9755149445343265224, 0.1736481776669686061, -0.1349700091988247919 ) ) ;
#1392 = ORIENTED_EDGE ( 'NONE', *, *, #1137, .F. ) ;
#1393 = CARTESIAN_POINT ( 'NONE',  ( 735.1244450897166871, 897.3194592881034168, 1326.728826515092123 ) ) ;
#1394 = EDGE_LOOP ( 'NONE', ( #817, #1538, #495, #1419, #777, #100, #1239, #967, #1377, #761, #1301, #1230, #513, #289, #339, #1171 ) ) ;
#1395 = DIRECTION ( 'NONE',  ( -0.000000000000000000, -1.000000000000000000, -0.000000000000000000 ) ) ;
#1396 = CARTESIAN_POINT ( 'NONE',  ( 739.1386663699157680, 901.7835153888315745, 1327.276663654215099 ) ) ;
#1397 = ORIENTED_EDGE ( 'NONE', *, *, #1062, .T. ) ;
#1398 = CARTESIAN_POINT ( 'NONE',  ( 777.4677974190800569, 899.7307194179027192, 1335.307752106505632 ) ) ;
#1399 = ORIENTED_EDGE ( 'NONE', *, *, #809, .F. ) ;
#1400 = CARTESIAN_POINT ( 'NONE',  ( 734.4796424866937059, 902.3853022056322288, 1327.050827463842779 ) ) ;
#1401 = CARTESIAN_POINT ( 'NONE',  ( 753.7910981528074217, 903.9926639741358940, 1330.073199346058345 ) ) ;
#1402 = VECTOR ( 'NONE', #1375, 1000.000000000000227 ) ;
#1403 = CARTESIAN_POINT ( 'NONE',  ( 731.7521058908328087, 906.8444592881033941, 1351.896637879382070 ) ) ;
#1404 = AXIS2_PLACEMENT_3D ( 'NONE', #1305, #217, #1191 ) ;
#1405 = EDGE_CURVE ( 'NONE', #404, #859, #882, .T. ) ;
#1406 = ORIENTED_EDGE ( 'NONE', *, *, #1543, .F. ) ;
#1407 = AXIS2_PLACEMENT_3D ( 'NONE', #725, #968, #28 ) ;
#1408 = PLANE ( 'NONE',  #683 ) ;
#1409 = AXIS2_PLACEMENT_3D ( 'NONE', #624, #935, #239 ) ;
#1410 = EDGE_LOOP ( 'NONE', ( #1273, #1263, #558, #521 ) ) ;
#1411 = CARTESIAN_POINT ( 'NONE',  ( 734.3396615141248276, 901.2854989680754443, 1327.403119994089366 ) ) ;
#1412 = CARTESIAN_POINT ( 'NONE',  ( 731.0696971295036519, 902.3499106413313484, 1351.229444263812866 ) ) ;
#1413 = VERTEX_POINT ( 'NONE', #1526 ) ;
#1414 = ADVANCED_FACE ( 'NONE', ( #1186 ), #1446, .F. ) ;
#1415 = LINE ( 'NONE', #1051, #1383 ) ;
#1416 = ORIENTED_EDGE ( 'NONE', *, *, #645, .T. ) ;
#1417 = ADVANCED_FACE ( 'NONE', ( #1468 ), #971, .F. ) ;
#1418 = FACE_OUTER_BOUND ( 'NONE', #181, .T. ) ;
#1419 = ORIENTED_EDGE ( 'NONE', *, *, #359, .T. ) ;
#1420 = DIRECTION ( 'NONE',  ( -0.1370521391469141648, 0.000000000000000000, 0.9905638349724135150 ) ) ;
#1421 = VERTEX_POINT ( 'NONE', #163 ) ;
#1422 = CARTESIAN_POINT ( 'NONE',  ( 760.6455067411483242, 906.8444592881033941, 1276.272076189226254 ) ) ;
#1423 = ORIENTED_EDGE ( 'NONE', *, *, #1136, .F. ) ;
#1424 = FACE_OUTER_BOUND ( 'NONE', #732, .T. ) ;
#1425 = CIRCLE ( 'NONE', #730, 4.762500000000013500 ) ;
#1426 = AXIS2_PLACEMENT_3D ( 'NONE', #1179, #928, #115 ) ;
#1427 = ORIENTED_EDGE ( 'NONE', *, *, #671, .T. ) ;
#1428 = CARTESIAN_POINT ( 'NONE',  ( 749.8360869030479989, 897.3194592881034168, 1354.398695994682839 ) ) ;
#1429 = AXIS2_PLACEMENT_3D ( 'NONE', #687, #91, #565 ) ;
#1430 = CARTESIAN_POINT ( 'NONE',  ( 610.5229447007366161, 902.5592137247688242, 1276.272076189226254 ) ) ;
#1431 = EDGE_CURVE ( 'NONE', #1413, #1349, #1335, .T. ) ;
#1432 = EDGE_CURVE ( 'NONE', #1103, #1494, #869, .T. ) ;
#1433 = DIRECTION ( 'NONE',  ( 0.000000000000000000, 1.000000000000000000, 0.000000000000000000 ) ) ;
#1434 = LINE ( 'NONE', #607, #579 ) ;
#1435 = ORIENTED_EDGE ( 'NONE', *, *, #1483, .F. ) ;
#1436 = CYLINDRICAL_SURFACE ( 'NONE', #1458, 0.7937499999999264588 ) ;
#1437 = EDGE_LOOP ( 'NONE', ( #693, #589, #1511, #927, #74, #136 ) ) ;
#1438 = DIRECTION ( 'NONE',  ( -0.9691759639880593857, 0.2463695411933376767, 0.000000000000000000 ) ) ;
#1439 = CARTESIAN_POINT ( 'NONE',  ( 735.3119721894581744, 907.3006617586909215, 1326.747211028572565 ) ) ;
#1440 = DIRECTION ( 'NONE',  ( 0.1370521391469134154, 1.214306433183765213E-16, -0.9905638349724137370 ) ) ;
#1441 = DIRECTION ( 'NONE',  ( -0.1370521391469141370, 0.000000000000000000, 0.9905638349724135150 ) ) ;
#1442 = VERTEX_POINT ( 'NONE', #365 ) ;
#1443 = DIRECTION ( 'NONE',  ( 0.9755149445343382908, -0.1736481776669306920, 0.1349700091987882100 ) ) ;
#1444 = ORIENTED_EDGE ( 'NONE', *, *, #697, .T. ) ;
#1445 = FACE_OUTER_BOUND ( 'NONE', #1531, .T. ) ;
#1446 = PLANE ( 'NONE',  #1484 ) ;
#1447 = DIRECTION ( 'NONE',  ( -0.000000000000000000, -1.000000000000000000, -0.000000000000000000 ) ) ;
#1448 = LINE ( 'NONE', #741, #1213 ) ;
#1449 = EDGE_CURVE ( 'NONE', #1026, #1058, #956, .T. ) ;
#1450 = VECTOR ( 'NONE', #412, 1000.000000000000114 ) ;
#1451 = ORIENTED_EDGE ( 'NONE', *, *, #165, .F. ) ;
#1452 = VECTOR ( 'NONE', #46, 1000.000000000000114 ) ;
#1453 = DIRECTION ( 'NONE',  ( -0.1370521391469134709, 0.000000000000000000, 0.9905638349724136260 ) ) ;
#1454 = EDGE_CURVE ( 'NONE', #83, #1442, #146, .T. ) ;
#1455 = AXIS2_PLACEMENT_3D ( 'NONE', #998, #10, #1096 ) ;
#1456 = ORIENTED_EDGE ( 'NONE', *, *, #580, .F. ) ;
#1457 = PLANE ( 'NONE',  #1279 ) ;
#1458 = AXIS2_PLACEMENT_3D ( 'NONE', #872, #977, #1094 ) ;
#1459 = DIRECTION ( 'NONE',  ( -0.9755149445343386239, 0.1736481776669053512, -0.1349700091988187967 ) ) ;
#1460 = AXIS2_PLACEMENT_3D ( 'NONE', #733, #854, #1215 ) ;
#1461 = DIRECTION ( 'NONE',  ( 0.9755149445345109305, -0.1736481776659597742, 0.1349700091987907913 ) ) ;
#1462 = CARTESIAN_POINT ( 'NONE',  ( 753.8955318828373038, 903.9926639741358940, 1329.318389703809544 ) ) ;
#1463 = EDGE_CURVE ( 'NONE', #5, #1052, #970, .T. ) ;
#1464 = VERTEX_POINT ( 'NONE', #739 ) ;
#1465 = CARTESIAN_POINT ( 'NONE',  ( 674.0229447007366161, 902.5592137247688242, 1365.172076189226345 ) ) ;
#1466 = VERTEX_POINT ( 'NONE', #1115 ) ;
#1467 = LINE ( 'NONE', #275, #1452 ) ;
#1468 = FACE_OUTER_BOUND ( 'NONE', #1110, .T. ) ;
#1469 = DIRECTION ( 'NONE',  ( 0.1370521391469139705, 2.428612866367530548E-17, -0.9905638349724136260 ) ) ;
#1470 = VERTEX_POINT ( 'NONE', #4 ) ;
#1471 = DIRECTION ( 'NONE',  ( -0.000000000000000000, -1.000000000000000000, -0.000000000000000000 ) ) ;
#1472 = FACE_OUTER_BOUND ( 'NONE', #771, .T. ) ;
#1473 = EDGE_CURVE ( 'NONE', #543, #768, #752, .T. ) ;
#1474 = CARTESIAN_POINT ( 'NONE',  ( 748.9410417235907289, 906.8444592881033941, 1355.076170903244247 ) ) ;
#1475 = CARTESIAN_POINT ( 'NONE',  ( 700.2301302805591376, 909.2212158040414351, 1365.172076189226345 ) ) ;
#1476 = ORIENTED_EDGE ( 'NONE', *, *, #21, .F. ) ;
#1477 = DIRECTION ( 'NONE',  ( 0.9755149445343392900, -0.1736481776669248633, 0.1349700091987883765 ) ) ;
#1478 = ORIENTED_EDGE ( 'NONE', *, *, #278, .F. ) ;
#1479 = DIRECTION ( 'NONE',  ( 0.000000000000000000, -1.000000000000000000, 0.000000000000000000 ) ) ;
#1480 = CIRCLE ( 'NONE', #27, 4.762500000000013500 ) ;
#1481 = PRODUCT_CONTEXT ( 'NONE', #20, 'mechanical' ) ;
#1482 = VECTOR ( 'NONE', #520, 999.9999999999998863 ) ;
#1483 = EDGE_CURVE ( 'NONE', #1218, #768, #1220, .T. ) ;
#1484 = AXIS2_PLACEMENT_3D ( 'NONE', #385, #849, #1200 ) ;
#1485 = ADVANCED_FACE ( 'NONE', ( #620 ), #485, .T. ) ;
#1486 = CARTESIAN_POINT ( 'NONE',  ( 752.6397363288181168, 906.8444592881033941, 1328.343329406926159 ) ) ;
#1487 = ORIENTED_EDGE ( 'NONE', *, *, #621, .T. ) ;
#1488 = CARTESIAN_POINT ( 'NONE',  ( 748.9410417235907289, 906.8444592881033941, 1355.076170903244247 ) ) ;
#1489 = ORIENTED_EDGE ( 'NONE', *, *, #359, .F. ) ;
#1490 = LINE ( 'NONE', #909, #1105 ) ;
#1491 = LINE ( 'NONE', #1475, #1402 ) ;
#1492 = ORIENTED_EDGE ( 'NONE', *, *, #113, .F. ) ;
#1493 = DIRECTION ( 'NONE',  ( -0.1720096048057258575, -0.9848077530122080203, -0.02379885420821624062 ) ) ;
#1494 = VERTEX_POINT ( 'NONE', #1081 ) ;
#1495 = DIRECTION ( 'NONE',  ( 0.9755149445343391790, -0.1736481776669248633, 0.1349700091987885431 ) ) ;
#1496 = LINE ( 'NONE', #57, #76 ) ;
#1497 = B_SPLINE_CURVE_WITH_KNOTS ( 'NONE', 3,
 ( #311, #1512, #437, #111, #1400, #1067, #813, #803 ),
 .UNSPECIFIED., .F., .F.,
 ( 4, 2, 2, 4 ),
 ( 9.420000289930723135E-05, 0.0006530798869773933200, 0.0009325198290162889196, 0.001211959771055184628 ),
 .UNSPECIFIED. ) ;
#1498 = EDGE_LOOP ( 'NONE', ( #1387, #1338, #397, #1416 ) ) ;
#1499 = EDGE_CURVE ( 'NONE', #1063, #976, #134, .T. ) ;
#1500 = LINE ( 'NONE', #43, #851 ) ;
#1501 = ORIENTED_EDGE ( 'NONE', *, *, #899, .F. ) ;
#1502 = EDGE_CURVE ( 'NONE', #143, #1063, #747, .T. ) ;
#1503 = DIRECTION ( 'NONE',  ( 0.1370521391469139705, 2.428612866367529932E-17, -0.9905638349724136260 ) ) ;
#1504 = AXIS2_PLACEMENT_3D ( 'NONE', #542, #1024, #1116 ) ;
#1505 = AXIS2_PLACEMENT_3D ( 'NONE', #654, #1040, #1495 ) ;
#1506 = AXIS2_PLACEMENT_3D ( 'NONE', #295, #1133, #1477 ) ;
#1507 = CARTESIAN_POINT ( 'NONE',  ( 738.0675523490227761, 901.9083111104362160, 1329.854187123197335 ) ) ;
#1508 = VECTOR ( 'NONE', #585, 1000.000000000000114 ) ;
#1509 = EDGE_LOOP ( 'NONE', ( #1253, #742, #560, #1066, #1385, #1018, #204, #1535, #172, #1055, #1205, #1244, #944, #1522 ) ) ;
#1510 = CARTESIAN_POINT ( 'NONE',  ( 753.8955318828373038, 903.9926639741358940, 1329.318389703809544 ) ) ;
#1511 = ORIENTED_EDGE ( 'NONE', *, *, #503, .T. ) ;
#1512 = CARTESIAN_POINT ( 'NONE',  ( 734.9380903699826604, 902.4495228872568759, 1326.728826515091669 ) ) ;
#1513 = DIRECTION ( 'NONE',  ( 0.1370521391469134986, 1.075528555105620399E-16, -0.9905638349724137370 ) ) ;
#1514 = ORIENTED_EDGE ( 'NONE', *, *, #1432, .F. ) ;
#1515 = DIRECTION ( 'NONE',  ( 0.1370521391469131933, 1.561251128379126138E-16, -0.9905638349724136260 ) ) ;
#1516 = VERTEX_POINT ( 'NONE', #1226 ) ;
#1517 = DIRECTION ( 'NONE',  ( -0.9905638349724136260, 0.000000000000000000, -0.1370521391469141648 ) ) ;
#1518 = EDGE_CURVE ( 'NONE', #1540, #49, #963, .T. ) ;
#1519 = DIRECTION ( 'NONE',  ( -0.1370521391469134154, -1.214306433183765213E-16, 0.9905638349724137370 ) ) ;
#1520 = DIRECTION ( 'NONE',  ( 0.9755149445343384018, -0.1736481776669306920, 0.1349700091987880435 ) ) ;
#1521 = ADVANCED_FACE ( 'NONE', ( #401 ), #154, .F. ) ;
#1522 = ORIENTED_EDGE ( 'NONE', *, *, #1270, .T. ) ;
#1523 = FACE_OUTER_BOUND ( 'NONE', #242, .T. ) ;
#1524 = EDGE_LOOP ( 'NONE', ( #281, #1347 ) ) ;
#1525 = CARTESIAN_POINT ( 'NONE',  ( 734.6020236020586935, 901.9083111104362160, 1354.901789204912575 ) ) ;
#1526 = CARTESIAN_POINT ( 'NONE',  ( 734.3381850457072915, 906.8444592881033941, 1327.413791379643953 ) ) ;
#1527 = ADVANCED_FACE ( 'NONE', ( #138 ), #1089, .F. ) ;
#1528 = CIRCLE ( 'NONE', #1356, 0.7937499999999264588 ) ;
#1529 = AXIS2_PLACEMENT_3D ( 'NONE', #682, #68, #1269 ) ;
#1530 = EDGE_CURVE ( 'NONE', #1296, #1466, #1306, .T. ) ;
#1531 = EDGE_LOOP ( 'NONE', ( #912, #1487, #86, #795 ) ) ;
#1532 = AXIS2_PLACEMENT_3D ( 'NONE', #587, #355, #108 ) ;
#1533 = DIRECTION ( 'NONE',  ( -0.9755149445343265224, 0.1736481776669686061, -0.1349700091988247919 ) ) ;
#1534 = VECTOR ( 'NONE', #958, 1000.000000000000114 ) ;
#1535 = ORIENTED_EDGE ( 'NONE', *, *, #1245, .F. ) ;
#1536 = DIRECTION ( 'NONE',  ( -0.1370521391469142758, 0.000000000000000000, 0.9905638349724135150 ) ) ;
#1537 = CARTESIAN_POINT ( 'NONE',  ( 731.1702648262352113, 902.4073731104406306, 1351.514911720146301 ) ) ;
#1538 = ORIENTED_EDGE ( 'NONE', *, *, #1530, .T. ) ;
#1539 = CYLINDRICAL_SURFACE ( 'NONE', #305, 0.9999999999999674705 ) ;
#1540 = VERTEX_POINT ( 'NONE', #1374 ) ;
#1541 = DIRECTION ( 'NONE',  ( 0.1370521391469139705, 2.428612866367530548E-17, -0.9905638349724136260 ) ) ;
#1542 = DIRECTION ( 'NONE',  ( 0.000000000000000000, 1.000000000000000000, 0.000000000000000000 ) ) ;
#1543 = EDGE_CURVE ( 'NONE', #2, #190, #1030, .T. ) ;
#1544 = ORIENTED_EDGE ( 'NONE', *, *, #1362, .F. ) ;
#1545 = FACE_OUTER_BOUND ( 'NONE', #871, .T. ) ;
#1546 = DIRECTION ( 'NONE',  ( 0.2426410909116990533, 0.9545088733307245388, -0.1733150649369277763 ) ) ;
#1547 = CARTESIAN_POINT ( 'NONE',  ( 731.0709088366933202, 902.2875367916775531, 1351.033130164632894 ) ) ;
#1548 = B_SPLINE_CURVE_WITH_KNOTS ( 'NONE', 3,
 ( #594, #494, #1310, #387 ),
 .UNSPECIFIED., .F., .F.,
 ( 4, 4 ),
 ( 3.049558534598187451E-14, 3.231912526416910720E-05 ),
 .UNSPECIFIED. ) ;
#1549 = CARTESIAN_POINT ( 'NONE',  ( 731.0746309822712874, 902.2815318095878183, 1351.001592699924686 ) ) ;
#1550 = DIRECTION ( 'NONE',  ( 0.000000000000000000, -1.000000000000000000, 0.000000000000000000 ) ) ;
#1551 = AXIS2_PLACEMENT_3D ( 'NONE', #561, #1503, #1045 ) ;
#1552 = AXIS2_PLACEMENT_3D ( 'NONE', #167, #995, #481 ) ;
#1553 = VERTEX_POINT ( 'NONE', #1029 ) ;
#1554 = LINE ( 'NONE', #496, #284 ) ;
ENDSEC;
END-ISO-10303-21;
